directional_class,directional_p_noop,directional_p_pred,dot_safe,episode_id,feasible_direction_count,force_norm,force_perp_norm,force_risk_alignment,force_source,has_safe_alt,lam_hard,lam_soft,path_index,regime,safe_risk,scaffold_risk
0.0,nan,nan,2.6221652030944824,00000_001822_04,4.0,3.320943593978882,3.295142889022827,-0.04687213525176048,coef_energy_material_checkpoint_lambdas,0.0,2.184364080429077,1.4425337314605713,3,R2,2.451377034187317,0.3381277024745941
0.0,nan,nan,0.4399348497390747,00000_001822_04,5.0,2.158571720123291,2.113265037536621,0.6269291043281555,coef_energy_material_checkpoint_lambdas,0.0,2.172844409942627,1.439508318901062,6,R2,2.029312700033188,2.029312700033188
0.0,nan,nan,2.01944637298584,00000_001822_04,3.0,2.2322607040405273,2.231647491455078,0.9996255040168762,coef_energy_material_checkpoint_lambdas,0.0,2.1599791049957275,1.4343231916427612,9,R2,2.1005732715129852,2.0570045709609985
0.0,nan,nan,0.6886058449745178,00000_001822_04,2.0,0.7178045511245728,0.630210280418396,0.9404004216194153,coef_energy_material_checkpoint_lambdas,0.0,2.1488699913024902,1.4390029907226562,12,R2,2.0247632265090942,1.2957609593868256
0.0,nan,nan,-0.20495937764644623,00000_001822_04,1.0,0.5215916037559509,0.19422480463981628,0.6739090085029602,coef_energy_material_checkpoint_lambdas,0.0,2.1527538299560547,1.4360641241073608,15,R2,2.029312700033188,0.8878019452095032
0.0,nan,nan,2.0289950370788574,00000_001822_04,1.0,3.483447790145874,2.8315346240997314,-0.1445302516222,coef_energy_material_checkpoint_lambdas,0.0,2.1864891052246094,1.4293532371520996,30,R2,3.1665260195732117,3.1665260195732117
0.0,nan,nan,0.12095209956169128,00000_001822_04,2.0,2.327127456665039,2.3239822387695312,0.920328676700592,coef_energy_material_checkpoint_lambdas,0.0,2.215596914291382,1.4361869096755981,33,R2,3.1889272034168243,3.1889272034168243
0.0,nan,nan,-0.07488737255334854,00000_001822_04,2.0,0.07683982700109482,0.01721164397895336,0.9998815059661865,coef_energy_material_checkpoint_lambdas,0.0,2.222933292388916,1.449442982673645,36,R2,3.348447561264038,3.348447561264038
0.0,nan,nan,0.5402418971061707,00000_001822_04,1.0,1.2742565870285034,1.1540660858154297,-0.9487246870994568,coef_energy_material_checkpoint_lambdas,0.0,2.229520320892334,1.477825403213501,39,R2,3.1665260195732117,3.161460041999817
0.0,nan,nan,0.028985649347305298,00000_001822_04,2.0,0.24941915273666382,0.15467503666877747,-0.1831023246049881,coef_energy_material_checkpoint_lambdas,0.0,2.2093563079833984,1.5187619924545288,42,R2,3.1889272034168243,1.2306994795799255
0.0,nan,nan,4.077591419219971,00000_001822_04,2.0,4.328054428100586,3.90928053855896,0.9788588285446167,coef_energy_material_checkpoint_lambdas,0.0,2.4601223468780518,1.5453379154205322,54,R2,4.401374340057373,0.5592601299285889
0.0,nan,nan,0.17994990944862366,00000_001822_04,5.0,0.23253460228443146,0.14727652072906494,0.9964882135391235,coef_energy_material_checkpoint_lambdas,0.0,2.482733964920044,1.5480090379714966,57,R2,4.400000095367432,4.400000095367432
0.0,nan,nan,0.008236329071223736,00000_001822_04,8.0,0.008498904295265675,0.008236329071223736,0.9817869067192078,coef_energy_material_checkpoint_lambdas,0.0,2.497554302215576,1.5439226627349854,60,R2,4.400000095367432,2.758541524410248
0.0,nan,nan,0.13153092563152313,00000_001822_04,7.0,0.14655056595802307,0.047308046370744705,0.991215169429779,coef_energy_material_checkpoint_lambdas,0.0,2.4800469875335693,1.5554749965667725,63,R2,4.400000095367432,1.1085233688354492
0.0,nan,nan,4.640255451202393,00000_001822_04,1.0,4.640255928039551,4.640255451202393,0.999997615814209,coef_energy_material_checkpoint_lambdas,0.0,2.4758665561676025,1.558699607849121,66,R2,4.403094947338104,0.5682933330535889
0.0,nan,nan,4.182188510894775,00000_001822_04,5.0,4.779654026031494,4.5934672355651855,0.9994164109230042,coef_energy_material_checkpoint_lambdas,0.0,2.512033224105835,1.5655171871185303,69,R2,4.401238799095154,0.5579012632369995
0.0,nan,nan,1.2052669525146484,00000_001822_04,6.0,1.3412147760391235,1.2052669525146484,0.9957825541496277,coef_energy_material_checkpoint_lambdas,0.0,2.5712344646453857,1.556989073753357,72,R2,4.40012389421463,0.5563650727272034
0.0,nan,nan,3.37203311920166,00000_001822_04,5.0,3.580855369567871,3.37203311920166,0.9926669001579285,coef_energy_material_checkpoint_lambdas,0.0,2.6822187900543213,1.5247023105621338,75,R2,4.400637924671173,0.558726966381073
0.0,nan,nan,4.171412944793701,00000_001822_05,1.0,4.172765254974365,2.874526023864746,0.9722403883934021,coef_energy_material_checkpoint_lambdas,0.0,2.2130746841430664,1.4394845962524414,0,R2,2.260578840970993,0.27955785393714905
0.0,nan,nan,1.9123432636260986,00000_001822_05,4.0,3.582284927368164,3.0651259422302246,0.9990416765213013,coef_energy_material_checkpoint_lambdas,0.0,2.179774761199951,1.4253859519958496,3,R2,2.1097047924995422,0.2957347631454468
0.0,nan,nan,2.255619764328003,00000_001822_05,4.0,3.6812946796417236,3.6521599292755127,0.9998242855072021,coef_energy_material_checkpoint_lambdas,0.0,2.180795192718506,1.42184317111969,6,R2,2.008937418460846,0.29145145416259766
0.0,nan,nan,3.783015251159668,00000_001822_05,1.0,4.116311550140381,3.8223440647125244,0.9999642968177795,coef_energy_material_checkpoint_lambdas,0.0,2.1623873710632324,1.4169758558273315,9,R2,2.0534464716911316,0.2945456802845001
0.0,nan,nan,-0.010559111833572388,00000_001822_05,1.0,1.2997305393218994,1.2996876239776611,0.3835633099079132,coef_energy_material_checkpoint_lambdas,0.0,2.191333532333374,1.4377045631408691,30,R2,3.1943240761756897,3.1943240761756897
0.0,nan,nan,-0.023834429681301117,00000_001822_05,2.0,0.39536696672439575,0.39464789628982544,0.9500285387039185,coef_energy_material_checkpoint_lambdas,0.0,2.2285821437835693,1.4423118829727173,33,R2,3.2935602366924286,3.2935602366924286
0.0,nan,nan,-0.1838081330060959,00000_001822_05,1.0,0.3616017997264862,0.31140074133872986,0.9283303618431091,coef_energy_material_checkpoint_lambdas,0.0,2.2387442588806152,1.4586073160171509,36,R2,3.2091935873031616,3.2091935873031616
0.0,nan,nan,-0.6338691115379333,00000_001822_05,2.0,1.3276002407073975,1.1665043830871582,-0.7989489436149597,coef_energy_material_checkpoint_lambdas,0.0,2.2661426067352295,1.4708800315856934,39,R2,3.1943240761756897,2.390684813261032
0.0,nan,nan,-0.15425918996334076,00000_001822_05,2.0,0.15594157576560974,0.022844597697257996,0.7366474866867065,coef_energy_material_checkpoint_lambdas,0.0,2.2844860553741455,1.4833829402923584,42,R2,3.2935602366924286,1.1170957386493683
0.0,nan,nan,4.643146514892578,00000_001822_05,2.0,4.732240676879883,3.9294559955596924,0.8694023489952087,coef_energy_material_checkpoint_lambdas,0.0,2.309617519378662,1.5045316219329834,45,R2,3.2091935873031616,0.5574440956115723
0.0,nan,nan,0.26872995495796204,00000_001822_05,2.0,0.37781038880348206,0.26556527614593506,0.9957379102706909,coef_energy_material_checkpoint_lambdas,0.0,2.3461058139801025,1.560284972190857,54,R2,3.9431747496128082,3.9431747496128082
0.0,nan,nan,0.2674689292907715,00000_001822_05,6.0,0.2864542007446289,0.2674689292907715,0.9999184012413025,coef_energy_material_checkpoint_lambdas,0.0,2.3195838928222656,1.5893573760986328,57,R2,3.9574230313301086,1.5409712195396423
0.0,nan,nan,3.383636474609375,00000_001822_05,5.0,3.742823362350464,2.587813377380371,0.8324126601219177,coef_energy_material_checkpoint_lambdas,0.0,2.351355791091919,1.5803656578063965,60,R2,3.975868582725525,0.5758089423179626
0.0,nan,nan,-0.8628440499305725,00000_001822_05,2.0,0.8628453612327576,0.6111916303634644,0.9955403208732605,coef_energy_material_checkpoint_lambdas,0.0,2.4870615005493164,1.5418808460235596,63,R2,4.4001792669296265,4.414590656757355
0.0,nan,nan,4.171412944793701,00000_001822_06,1.0,4.172765254974365,2.874526023864746,0.9722403883934021,coef_energy_material_checkpoint_lambdas,0.0,2.2130746841430664,1.4394845962524414,0,R2,2.260578840970993,0.27955785393714905
0.0,nan,nan,1.9123432636260986,00000_001822_06,4.0,3.582284927368164,3.0651259422302246,0.9990416765213013,coef_energy_material_checkpoint_lambdas,0.0,2.179774761199951,1.4253859519958496,3,R2,2.1097047924995422,0.2957347631454468
0.0,nan,nan,2.255430221557617,00000_001822_06,4.0,3.680986166000366,3.6518537998199463,0.9998243451118469,coef_energy_material_checkpoint_lambdas,0.0,2.1806273460388184,1.421623945236206,6,R2,2.008937418460846,0.29145145416259766
0.0,nan,nan,3.786339521408081,00000_001822_06,1.0,4.119931221008301,3.82570743560791,0.9999644160270691,coef_energy_material_checkpoint_lambdas,0.0,2.164659023284912,1.416141390800476,9,R2,2.0534464716911316,0.2945456802845001
0.0,nan,nan,-0.010634936392307281,00000_001822_06,1.0,1.2995562553405762,1.2995127439498901,0.38350844383239746,coef_energy_material_checkpoint_lambdas,0.0,2.191093921661377,1.436614751815796,30,R2,3.1943240761756897,3.1943240761756897
0.0,nan,nan,-0.024062812328338623,00000_001822_06,2.0,0.3955181837081909,0.3947855234146118,0.950201690196991,coef_energy_material_checkpoint_lambdas,0.0,2.225665807723999,1.4442164897918701,33,R2,3.2935602366924286,3.2935602366924286
0.0,nan,nan,-0.1837293654680252,00000_001822_06,1.0,0.36137136816978455,0.31117966771125793,0.9283761978149414,coef_energy_material_checkpoint_lambdas,0.0,2.236629009246826,1.4585204124450684,36,R2,3.2091935873031616,3.2091935873031616
0.0,nan,nan,-0.6339202523231506,00000_001822_06,2.0,1.3277167081832886,1.1666090488433838,-0.7989511489868164,coef_energy_material_checkpoint_lambdas,0.0,2.2663300037384033,1.4709272384643555,39,R2,3.1943240761756897,2.390684813261032
0.0,nan,nan,-0.15409260988235474,00000_001822_06,2.0,0.15574893355369568,0.022653907537460327,0.7359340190887451,coef_energy_material_checkpoint_lambdas,0.0,2.284283399581909,1.4819215536117554,42,R2,3.2935602366924286,1.1170957386493683
0.0,nan,nan,4.648293495178223,00000_001822_06,2.0,4.737536907196045,3.933997392654419,0.8693755865097046,coef_energy_material_checkpoint_lambdas,0.0,2.3124232292175293,1.5052403211593628,45,R2,3.2091935873031616,0.5574440956115723
0.0,nan,nan,4.508514404296875,00000_001822_06,1.0,4.512871265411377,4.508514404296875,0.9507843255996704,coef_energy_material_checkpoint_lambdas,0.0,2.3335227966308594,1.5650341510772705,54,R2,4.077144175767899,0.5237516760826111
0.0,nan,nan,0.09207820892333984,00000_001822_06,1.0,0.20575395226478577,0.1952173262834549,-0.14187727868556976,coef_energy_material_checkpoint_lambdas,0.0,2.5218253135681152,1.5010697841644287,57,R2,4.087027281522751,3.8463666439056396
0.0,nan,nan,4.171412944793701,00000_001822_07,1.0,4.172765254974365,2.874526023864746,0.9722403883934021,coef_energy_material_checkpoint_lambdas,0.0,2.2130746841430664,1.4394845962524414,0,R2,2.260578840970993,0.27955785393714905
0.0,nan,nan,1.9123432636260986,00000_001822_07,4.0,3.582284927368164,3.0651259422302246,0.9990416765213013,coef_energy_material_checkpoint_lambdas,0.0,2.179774761199951,1.4253859519958496,3,R2,2.1097047924995422,0.2957347631454468
0.0,nan,nan,2.2566797733306885,00000_001822_07,4.0,3.6830313205718994,3.6538822650909424,0.9998242259025574,coef_energy_material_checkpoint_lambdas,0.0,2.1819779872894287,1.4214719533920288,6,R2,2.008937418460846,0.29145145416259766
0.0,nan,nan,3.783992290496826,00000_001822_07,1.0,4.117374897003174,3.823331356048584,0.9999644160270691,coef_energy_material_checkpoint_lambdas,0.0,2.16296124458313,1.4172556400299072,9,R2,2.0534464716911316,0.2945456802845001
0.0,nan,nan,-0.011244170367717743,00000_001822_07,1.0,1.3024288415908813,1.3023803234100342,0.383092999458313,coef_energy_material_checkpoint_lambdas,0.0,2.1963469982147217,1.4329861402511597,30,R2,3.1943240761756897,3.1943240761756897
0.0,nan,nan,-0.024127990007400513,00000_001822_07,2.0,0.39558687806129456,0.39485037326812744,0.950249969959259,coef_energy_material_checkpoint_lambdas,0.0,2.225003719329834,1.4448437690734863,33,R2,3.2935602366924286,3.2935602366924286
0.0,nan,nan,-0.18377643823623657,00000_001822_07,1.0,0.36146071553230286,0.31125563383102417,0.9283781051635742,coef_energy_material_checkpoint_lambdas,0.0,2.237152576446533,1.4589171409606934,36,R2,3.2091935873031616,3.2091935873031616
0.0,nan,nan,-0.6334509253501892,00000_001822_07,2.0,1.326432228088379,1.1654022932052612,-0.7988770008087158,coef_energy_material_checkpoint_lambdas,0.0,2.2645092010498047,1.4722039699554443,39,R2,3.1943240761756897,2.390684813261032
0.0,nan,nan,-0.1539885550737381,00000_001822_07,2.0,0.15561805665493011,0.022461161017417908,0.7351697087287903,coef_energy_material_checkpoint_lambdas,0.0,2.285161256790161,1.4810709953308105,42,R2,3.2935602366924286,1.1170957386493683
0.0,nan,nan,4.622072696685791,00000_001822_07,2.0,4.7099199295043945,3.9085285663604736,0.8698521256446838,coef_energy_material_checkpoint_lambdas,0.0,2.295036792755127,1.5137238502502441,45,R2,3.2091935873031616,0.5574440956115723
0.0,nan,nan,0.3112828731536865,00000_001822_07,3.0,2.3093385696411133,1.3979361057281494,0.9994949102401733,coef_energy_material_checkpoint_lambdas,0.0,2.313307285308838,1.567196249961853,51,R2,4.146731913089752,3.8607032895088196
0.0,nan,nan,0.007280123420059681,00000_001822_07,5.0,0.03429524973034859,0.007280123885720968,0.9994851350784302,coef_energy_material_checkpoint_lambdas,0.0,2.3321263790130615,1.5851157903671265,54,R2,4.0160859525203705,1.6606643795967102
0.0,nan,nan,4.222756385803223,00000_001822_07,1.0,4.222796440124512,4.222756385803223,0.993855893611908,coef_energy_material_checkpoint_lambdas,0.0,2.382507085800171,1.5923266410827637,57,R2,4.389934420585632,0.5693983435630798
0.0,nan,nan,3.426330327987671,00000_001822_07,4.0,3.8285021781921387,2.710345983505249,0.9993374943733215,coef_energy_material_checkpoint_lambdas,1.0,2.406142473220825,1.6661088466644287,63,R2,4.2411006689071655,4.400810897350311
0.0,nan,nan,-6.721353565808386e-05,00000_001822_07,11.0,0.0005653445259667933,0.00011374527093721554,-0.4850538671016693,coef_energy_material_checkpoint_lambdas,0.0,2.389906406402588,1.7145532369613647,66,R2,4.384245455265045,4.400000095367432
0.0,nan,nan,-1.7435402011045653e-09,00000_001822_07,14.0,1.8916170851923653e-09,1.446714553710038e-10,0.0,coef_energy_material_checkpoint_lambdas,0.0,2.4136993885040283,1.7389719486236572,69,R2,4.370986700057983,4.400000095367432
0.0,nan,nan,-5.9778909795339674e-15,00000_001822_07,16.0,9.33897056909494e-14,8.65251812798111e-14,0.0,coef_energy_material_checkpoint_lambdas,0.0,2.617645263671875,1.6250652074813843,72,R2,4.39999794960022,4.400000095367432
0.0,nan,nan,3.4623162746429443,00000_001823_00,3.0,4.282069206237793,4.229866981506348,0.6602480411529541,coef_energy_material_checkpoint_lambdas,0.0,2.2700581550598145,1.4891685247421265,0,R2,4.216098189353943,0.5541492700576782
0.0,nan,nan,2.1981451511383057,00000_001823_00,3.0,3.1196398735046387,3.1196205615997314,0.9718228578567505,coef_energy_material_checkpoint_lambdas,0.0,2.228327751159668,1.4679737091064453,3,R2,3.5579903721809387,0.526345431804657
0.0,nan,nan,2.649808406829834,00000_001823_00,5.0,3.347477912902832,3.3200936317443848,0.010362761095166206,coef_energy_material_checkpoint_lambdas,0.0,2.186854124069214,1.441907286643982,6,R2,2.411900609731674,0.33764371275901794
0.0,nan,nan,0.43751031160354614,00000_001823_00,5.0,2.166719913482666,2.122088670730591,0.6580958366394043,coef_energy_material_checkpoint_lambdas,0.0,2.177760362625122,1.4402797222137451,9,R2,2.037433922290802,2.037433922290802
0.0,nan,nan,2.014970064163208,00000_001823_00,3.0,2.226649284362793,2.226003885269165,0.9992724657058716,coef_energy_material_checkpoint_lambdas,0.0,2.1529319286346436,1.439671516418457,12,R2,2.079476684331894,2.0637172162532806
0.0,nan,nan,0.3842799961566925,00000_001823_00,2.0,0.3884597718715668,0.3842799961566925,0.8706746697425842,coef_energy_material_checkpoint_lambdas,0.0,2.1579930782318115,1.43706214427948,15,R2,2.020309954881668,0.27710115909576416
0.0,nan,nan,2.0843286514282227,00000_001823_00,1.0,3.6897330284118652,3.044618606567383,0.5647217631340027,coef_energy_material_checkpoint_lambdas,0.0,2.188453435897827,1.4224121570587158,33,R2,3.2146677672863007,3.2146677672863007
0.0,nan,nan,0.15157723426818848,00000_001823_00,1.0,1.296067237854004,1.2871731519699097,-0.5932217836380005,coef_energy_material_checkpoint_lambdas,0.0,2.1898646354675293,1.4321348667144775,36,R2,3.338151842355728,3.338151842355728
0.0,nan,nan,0.5062878727912903,00000_001823_00,1.0,1.382300615310669,1.286245584487915,0.9957257509231567,coef_energy_material_checkpoint_lambdas,0.0,2.2150471210479736,1.4473702907562256,39,R2,3.326844871044159,3.326844871044159
0.0,nan,nan,0.22523784637451172,00000_001823_00,2.0,0.244065523147583,0.09399940818548203,0.9590669870376587,coef_energy_material_checkpoint_lambdas,1.0,2.232408285140991,1.4602832794189453,42,R2,3.2146677672863007,3.3647356927394867
0.0,nan,nan,0.39941856265068054,00000_001823_00,2.0,0.9846721887588501,0.9000245332717896,-0.9992048740386963,coef_energy_material_checkpoint_lambdas,0.0,2.261826753616333,1.4729059934616089,45,R2,3.338151842355728,2.453604429960251
0.0,nan,nan,-0.04305345192551613,00000_001823_00,2.0,0.12726882100105286,0.11976541578769684,0.88169926404953,coef_energy_material_checkpoint_lambdas,0.0,2.275315284729004,1.4922144412994385,48,R2,3.326844871044159,1.3133510053157806
0.0,nan,nan,3.0541746616363525,00000_001823_00,2.0,3.707960605621338,3.6464006900787354,0.31107062101364136,coef_energy_material_checkpoint_lambdas,0.0,2.2583138942718506,1.534914255142212,51,R2,3.8018732368946075,0.5566036105155945
0.0,nan,nan,-0.10923480987548828,00000_001823_00,2.0,2.158749580383301,2.010802984237671,0.9804254770278931,coef_energy_material_checkpoint_lambdas,0.0,2.267271041870117,1.554478645324707,54,R2,3.9684351682662964,3.810908854007721
0.0,nan,nan,0.12167635560035706,00000_001823_00,3.0,0.15657825767993927,0.12167636305093765,0.994228720664978,coef_energy_material_checkpoint_lambdas,0.0,2.3178818225860596,1.565207839012146,57,R2,4.195374935865402,1.6695483922958374
0.0,nan,nan,0.0009450903162360191,00000_001823_01,4.0,0.0030974005348980427,0.0014174687676131725,-0.49540427327156067,coef_energy_material_checkpoint_lambdas,1.0,2.2790756225585938,1.4797229766845703,0,R2,3.8579846024513245,3.999901205301285
0.0,nan,nan,0.002606339519843459,00000_001823_01,4.0,0.002606890397146344,5.359473288990557e-05,0.9927454590797424,coef_energy_material_checkpoint_lambdas,0.0,2.240635633468628,1.4619940519332886,3,R2,3.1325910687446594,3.1325910687446594
0.0,nan,nan,0.1674451231956482,00000_001823_01,3.0,0.3408467471599579,0.016998017206788063,0.9995085597038269,coef_energy_material_checkpoint_lambdas,0.0,2.1956565380096436,1.4437998533248901,6,R2,2.6176693439483643,2.3096558451652527
0.0,nan,nan,-0.23176608979701996,00000_001823_01,2.0,0.2388913929462433,0.051852595061063766,0.9999985694885254,coef_energy_material_checkpoint_lambdas,0.0,2.1828341484069824,1.435739517211914,9,R2,3.8561133444309235,1.2747428119182587
0.0,nan,nan,0.142240971326828,00000_001823_01,3.0,0.19841690361499786,0.002761419862508774,0.9827719330787659,coef_energy_material_checkpoint_lambdas,0.0,2.1620547771453857,1.428116798400879,12,R2,2.195527106523514,0.5196752548217773
0.0,nan,nan,2.0798895359039307,00000_001823_01,1.0,3.68353533744812,3.040146589279175,0.5649764537811279,coef_energy_material_checkpoint_lambdas,0.0,2.1843161582946777,1.42585289478302,33,R2,3.2146677672863007,3.2146677672863007
0.0,nan,nan,0.15130716562271118,00000_001823_01,1.0,1.2945311069488525,1.2856581211090088,-0.5931650996208191,coef_energy_material_checkpoint_lambdas,0.0,2.187382459640503,1.4342273473739624,36,R2,3.338151842355728,3.338151842355728
0.0,nan,nan,0.5060411691665649,00000_001823_01,1.0,1.3818230628967285,1.2858294248580933,0.9957308769226074,coef_energy_material_checkpoint_lambdas,0.0,2.212949275970459,1.448873519897461,39,R2,3.326844871044159,3.326844871044159
0.0,nan,nan,0.22519752383232117,00000_001823_01,2.0,0.24406209588050842,0.09408707916736603,0.9589550495147705,coef_energy_material_checkpoint_lambdas,1.0,2.2353641986846924,1.4602185487747192,42,R2,3.2146677672863007,3.3647356927394867
0.0,nan,nan,0.3994075655937195,00000_001823_01,2.0,0.9846895933151245,0.9000484347343445,-0.9992040395736694,coef_energy_material_checkpoint_lambdas,0.0,2.263003349304199,1.475211501121521,45,R2,3.338151842355728,2.453604429960251
0.0,nan,nan,-0.043472081422805786,00000_001823_01,2.0,0.126072496175766,0.11834041774272919,0.8783996105194092,coef_energy_material_checkpoint_lambdas,0.0,2.283139705657959,1.4883167743682861,48,R2,3.326844871044159,1.3133510053157806
0.0,nan,nan,4.017495155334473,00000_001823_01,2.0,4.231513023376465,3.7803287506103516,0.7846390008926392,coef_energy_material_checkpoint_lambdas,0.0,2.3112704753875732,1.505433201789856,51,R2,3.3647356927394867,0.560863196849823
0.0,nan,nan,4.008031845092773,00000_001823_01,1.0,4.325320243835449,4.008031845092773,0.9978950023651123,coef_energy_material_checkpoint_lambdas,0.0,2.316800117492676,1.5190839767456055,54,R2,4.402320384979248,0.6018400192260742
0.0,nan,nan,0.0714944452047348,00000_001823_01,5.0,0.19358223676681519,0.17989614605903625,-0.10206180810928345,coef_energy_material_checkpoint_lambdas,0.0,2.353367805480957,1.5423364639282227,60,R2,3.986420691013336,3.986420691013336
0.0,nan,nan,-0.187074676156044,00000_001823_01,2.0,0.187610924243927,0.07098400592803955,0.9999982118606567,coef_energy_material_checkpoint_lambdas,0.0,2.3687891960144043,1.548494815826416,63,R2,4.3082743883132935,3.8436904847621918
0.0,nan,nan,0.08109799027442932,00000_001823_01,2.0,0.16377593576908112,0.08109799027442932,0.9980878233909607,coef_energy_material_checkpoint_lambdas,0.0,2.3885498046875,1.5520451068878174,66,R2,4.258896470069885,2.4837615191936493
0.0,nan,nan,0.09816773235797882,00000_001823_01,3.0,0.12113780528306961,0.07097509503364563,-0.14608773589134216,coef_energy_material_checkpoint_lambdas,0.0,2.401803970336914,1.561805009841919,69,R2,3.986420691013336,0.9875674545764923
0.0,nan,nan,4.390139579772949,00000_001823_01,1.0,4.392488479614258,4.390139102935791,0.9081244468688965,coef_energy_material_checkpoint_lambdas,0.0,2.4058971405029297,1.5735377073287964,72,R2,4.393233597278595,0.572006344795227
0.0,nan,nan,2.990051746368408,00000_001823_01,4.0,3.136352300643921,2.7837250232696533,0.9994222521781921,coef_energy_material_checkpoint_lambdas,0.0,2.4567840099334717,1.615870714187622,78,R2,4.376897573471069,0.5772935152053833
0.0,nan,nan,3.2543182373046875,00000_001823_07,4.0,3.6584150791168213,2.6146888732910156,0.9921003580093384,coef_energy_material_checkpoint_lambdas,0.0,2.186861991882324,1.4228699207305908,0,R2,2.0625895261764526,2.0570818185806274
0.0,nan,nan,0.9069422483444214,00000_001823_07,4.0,2.143174886703491,2.0143771171569824,0.9815645217895508,coef_energy_material_checkpoint_lambdas,0.0,2.190532684326172,1.4260444641113281,3,R2,2.006074398756027,0.264035165309906
0.0,nan,nan,3.800424337387085,00000_001823_07,1.0,4.135259628295898,3.8399431705474854,0.9999643564224243,coef_energy_material_checkpoint_lambdas,0.0,2.173222064971924,1.4185482263565063,6,R2,2.05157607793808,0.29454585909843445
0.0,nan,nan,-0.120878204703331,00000_001823_07,1.0,0.12220244854688644,0.017941545695066452,0.9955092072486877,coef_energy_material_checkpoint_lambdas,0.0,2.1901848316192627,1.4279829263687134,27,R2,3.1803967654705048,3.1803967654705048
0.0,nan,nan,0.12094376236200333,00000_001823_07,1.0,0.33675721287727356,0.22702157497406006,0.9719781875610352,coef_energy_material_checkpoint_lambdas,0.0,2.2025065422058105,1.4429038763046265,30,R2,3.459059864282608,2.6835455298423767
0.0,nan,nan,0.23005236685276031,00000_001823_07,1.0,2.085972785949707,2.0732481479644775,0.31473508477211,coef_energy_material_checkpoint_lambdas,0.0,2.2388548851013184,1.4584099054336548,33,R2,3.0604480504989624,1.6370117962360382
0.0,nan,nan,0.6361080408096313,00000_001823_07,1.0,1.6967753171920776,1.5730266571044922,-0.9748197197914124,coef_energy_material_checkpoint_lambdas,0.0,2.2380576133728027,1.4926447868347168,36,R2,3.1803967654705048,0.34714841842651367
0.0,nan,nan,4.354023456573486,00000_001823_07,1.0,4.356869697570801,4.354023456573486,0.9688740968704224,coef_energy_material_checkpoint_lambdas,0.0,2.2391324043273926,1.5293571949005127,39,R2,3.7383203208446503,0.39303889870643616
0.0,nan,nan,2.3235321044921875,00000_001823_07,2.0,3.3079123497009277,3.30784010887146,0.9873510003089905,coef_energy_material_checkpoint_lambdas,0.0,2.356046199798584,1.5821934938430786,48,R2,4.4020915031433105,0.5617870092391968
0.0,nan,nan,2.011955499649048,00000_001823_07,7.0,2.2491440773010254,1.589974045753479,0.9997627139091492,coef_energy_material_checkpoint_lambdas,0.0,2.3721930980682373,1.6006289720535278,51,R2,4.400024116039276,4.400029182434082
0.0,nan,nan,2.688277709239628e-05,00000_001823_07,10.0,5.212600080994889e-05,1.2569766113301739e-05,0.0,coef_energy_material_checkpoint_lambdas,0.0,2.5661253929138184,1.5322946310043335,54,R2,4.400000095367432,4.400000095367432
0.0,nan,nan,3.4275388717651367,00000_001824_01,1.0,3.6175267696380615,3.241705894470215,0.8372463583946228,coef_energy_material_checkpoint_lambdas,0.0,2.263925313949585,1.4912999868392944,0,R2,4.270744740962982,0.49298083782196045
0.0,nan,nan,3.5068111419677734,00000_001824_01,4.0,4.099761009216309,4.086357116699219,0.9990262389183044,coef_energy_material_checkpoint_lambdas,0.0,2.212543249130249,1.4724712371826172,3,R2,3.991858333349228,0.4557575583457947
0.0,nan,nan,2.1379077434539795,00000_001824_01,5.0,3.8446226119995117,3.7712061405181885,-0.14835017919540405,coef_energy_material_checkpoint_lambdas,0.0,2.1796514987945557,1.4449255466461182,6,R2,2.412261486053467,0.35315266251564026
0.0,nan,nan,0.9584032297134399,00000_001824_01,4.0,2.1301193237304688,1.9023330211639404,0.8796960711479187,coef_energy_material_checkpoint_lambdas,0.0,2.165055513381958,1.4424381256103516,9,R2,2.032036066055298,2.032036066055298
0.0,nan,nan,2.0143253803253174,00000_001824_01,3.0,2.2265830039978027,2.225970506668091,0.999626100063324,coef_energy_material_checkpoint_lambdas,0.0,2.1531803607940674,1.4459478855133057,12,R2,2.0555380284786224,2.056042432785034
0.0,nan,nan,0.7018916606903076,00000_001824_01,2.0,0.7305942177772522,0.7018917202949524,0.9645489454269409,coef_energy_material_checkpoint_lambdas,0.0,2.1525285243988037,1.444093108177185,15,R2,2.017636477947235,0.2785015106201172
0.0,nan,nan,1.7535440921783447,00000_001824_01,1.0,3.486891984939575,3.0138843059539795,0.5706292390823364,coef_energy_material_checkpoint_lambdas,0.0,2.1895651817321777,1.4350110292434692,33,R2,3.21189546585083,3.21189546585083
0.0,nan,nan,-0.1983759105205536,00000_001824_01,1.0,2.343303680419922,2.3348917961120605,0.8695676922798157,coef_energy_material_checkpoint_lambdas,0.0,2.207042694091797,1.435497760772705,36,R2,3.2706809639930725,3.2706809639930725
0.0,nan,nan,0.19913770258426666,00000_001824_01,1.0,0.7400097846984863,0.7127121686935425,-0.8434909582138062,coef_energy_material_checkpoint_lambdas,0.0,2.2182328701019287,1.4577445983886719,39,R2,3.4109268188476562,3.4109268188476562
0.0,nan,nan,-0.1882736086845398,00000_001824_01,1.0,0.30511459708213806,0.24009989202022552,0.9912810325622559,coef_energy_material_checkpoint_lambdas,0.0,2.2217588424682617,1.4786981344223022,42,R2,3.21189546585083,3.258298546075821
0.0,nan,nan,0.12923549115657806,00000_001824_01,1.0,0.1389559805393219,0.055279601365327835,0.6746411323547363,coef_energy_material_checkpoint_lambdas,0.0,2.201413154602051,1.5206815004348755,45,R2,3.2706809639930725,1.216610848903656
0.0,nan,nan,0.4529300332069397,00000_001824_01,3.0,0.5755805373191833,0.19371694326400757,0.9353992342948914,coef_energy_material_checkpoint_lambdas,0.0,2.3730852603912354,1.591037631034851,57,R2,4.401579022407532,4.403252303600311
0.0,nan,nan,0.19968055188655853,00000_001824_01,6.0,0.22325797379016876,0.15787900984287262,0.9999690651893616,coef_energy_material_checkpoint_lambdas,0.0,2.399386405944824,1.6068094968795776,60,R2,4.4000038504600525,4.402783572673798
0.0,nan,nan,0.0,00000_001824_01,6.0,0.23177777230739594,0.16389162838459015,1.0,coef_energy_material_checkpoint_lambdas,0.0,2.4928042888641357,1.5712624788284302,63,R2,4.40006023645401,4.402807593345642
0.0,nan,nan,1.4646424055099487,00000_001824_01,9.0,1.6432008743286133,0.7449373006820679,0.9979590177536011,coef_energy_material_checkpoint_lambdas,0.0,2.554708480834961,1.553851842880249,66,R2,4.400014638900757,4.400014638900757
0.0,nan,nan,-2.0473757103900425e-05,00000_001824_01,12.0,0.00039301137439906597,2.0473757103900425e-05,0.0,coef_energy_material_checkpoint_lambdas,0.0,2.615694046020508,1.5390151739120483,69,R2,4.400000095367432,4.400000095367432
0.0,nan,nan,2.5430170353502035e-05,00000_001824_01,13.0,2.578516250650864e-05,1.4966799426474608e-05,0.0,coef_energy_material_checkpoint_lambdas,0.0,2.7071499824523926,1.5212185382843018,72,R2,4.400000095367432,4.400000095367432
0.0,nan,nan,0.02884271740913391,00000_001824_06,5.0,0.030215557664632797,0.004845160525292158,0.9978806376457214,coef_energy_material_checkpoint_lambdas,0.0,2.211827039718628,1.4493132829666138,0,R2,2.8317004442214966,2.8321361243724823
0.0,nan,nan,-0.42188578844070435,00000_001824_06,2.0,0.47490257024765015,0.006354791112244129,0.9997437000274658,coef_energy_material_checkpoint_lambdas,0.0,2.1900267601013184,1.4404940605163574,3,R2,4.224268317222595,1.8984350860118866
0.0,nan,nan,-0.07906381785869598,00000_001824_06,2.0,0.0803128257393837,0.022738970816135406,0.9999973177909851,coef_energy_material_checkpoint_lambdas,0.0,2.1760458946228027,1.4278621673583984,6,R2,3.4394979178905487,1.0306951701641083
0.0,nan,nan,1.3257601261138916,00000_001824_06,4.0,2.192275285720825,0.2971373498439789,0.9990652799606323,coef_energy_material_checkpoint_lambdas,0.0,2.171168565750122,1.42804753780365,9,R2,2.054825395345688,0.27808311581611633
0.0,nan,nan,0.8176271915435791,00000_001824_06,1.0,1.9567126035690308,1.7776979207992554,-0.9240909218788147,coef_energy_material_checkpoint_lambdas,0.0,2.1967217922210693,1.4280937910079956,30,R2,3.249377280473709,3.249377280473709
0.0,nan,nan,-0.010109675116837025,00000_001824_06,1.0,2.3898544311523438,2.3898329734802246,0.9987384676933289,coef_energy_material_checkpoint_lambdas,0.0,2.2044005393981934,1.4474964141845703,33,R2,3.305520087480545,3.305520087480545
0.0,nan,nan,-0.06882797926664352,00000_001824_06,1.0,0.1253623068332672,0.10477794706821442,0.9536054134368896,coef_energy_material_checkpoint_lambdas,0.0,2.2279911041259766,1.4557958841323853,36,R2,3.3444840908050537,3.3444840908050537
0.0,nan,nan,-0.09848589450120926,00000_001824_06,1.0,0.2856789529323578,0.2681659758090973,0.9974974989891052,coef_energy_material_checkpoint_lambdas,0.0,2.2401187419891357,1.4747291803359985,39,R2,3.249377280473709,2.85396870970726
0.0,nan,nan,0.14358580112457275,00000_001824_06,2.0,0.1735796481370926,0.0975346714258194,0.3591809868812561,coef_energy_material_checkpoint_lambdas,0.0,2.2731847763061523,1.4732931852340698,42,R2,3.305520087480545,1.6315340101718903
0.0,nan,nan,1.9756819009780884,00000_001824_06,1.0,1.9758049249649048,0.02205568552017212,0.5441953539848328,coef_energy_material_checkpoint_lambdas,0.0,2.2773852348327637,1.5085901021957397,45,R2,3.3444840908050537,0.4412898123264313
0.0,nan,nan,2.7625420093536377,00000_001824_06,1.0,4.290531635284424,3.9390223026275635,0.9557331800460815,coef_energy_material_checkpoint_lambdas,0.0,2.305171012878418,1.5181829929351807,48,R2,4.095853686332703,0.6107539534568787
0.0,nan,nan,-0.024254925549030304,00000_001824_06,3.0,0.036696359515190125,0.031718406826257706,-0.25865042209625244,coef_energy_material_checkpoint_lambdas,0.0,2.37026309967041,1.550229787826538,54,R2,4.116069197654724,1.6675658822059631
0.0,nan,nan,2.0635600090026855,00000_001824_06,3.0,3.791921615600586,3.268404960632324,0.9049198031425476,coef_energy_material_checkpoint_lambdas,0.0,2.3412795066833496,1.5767477750778198,57,R2,4.0002782344818115,0.5555529594421387
0.0,nan,nan,2.6331236362457275,00000_001824_06,2.0,3.7217607498168945,2.6331236362457275,0.9998451471328735,coef_energy_material_checkpoint_lambdas,0.0,2.3418045043945312,1.6152511835098267,60,R2,4.33556592464447,4.390227913856506
0.0,nan,nan,-0.00970971118658781,00000_001824_06,6.0,0.029613761231303215,0.02961152046918869,-0.3729172348976135,coef_energy_material_checkpoint_lambdas,1.0,2.3747799396514893,1.6471182107925415,63,R2,4.266951143741608,4.388179361820221
0.0,nan,nan,0.06905746459960938,00000_001824_06,10.0,0.07168901711702347,0.06905746459960938,0.9996019601821899,coef_energy_material_checkpoint_lambdas,1.0,2.390468120574951,1.7098233699798584,66,R2,4.274292886257172,4.398897469043732
0.0,nan,nan,1.3971043699712027e-05,00000_001824_06,13.0,1.4199950783222448e-05,2.539394017730956e-06,0.02427046373486519,coef_energy_material_checkpoint_lambdas,0.0,2.41092586517334,1.731866478919983,69,R2,4.3847463726997375,4.400000095367432
0.0,nan,nan,-5.4313107830661345e-12,00000_001824_06,16.0,5.4313116504278725e-12,1.715098332452647e-12,0.0,coef_energy_material_checkpoint_lambdas,0.0,2.4853036403656006,1.7338417768478394,72,R2,4.377509713172913,4.400000095367432
0.0,nan,nan,-2.3663382430792302e-17,00000_001824_06,16.0,2.778872239713514e-17,1.4569056028280122e-17,0.0,coef_energy_material_checkpoint_lambdas,0.0,2.6607556343078613,1.6322903633117676,75,R2,4.400000095367432,4.400000095367432
0.0,nan,nan,-7.093382329784786e-21,00000_001824_06,16.0,1.366538948830313e-19,9.148284117652051e-20,0.0,coef_energy_material_checkpoint_lambdas,0.0,2.8292667865753174,1.603703498840332,78,R2,4.400000095367432,4.400000095367432
0.0,nan,nan,3.4275388717651367,00000_001824_07,1.0,3.6175267696380615,1.1569255590438843,0.8372463583946228,coef_energy_material_checkpoint_lambdas,0.0,2.263925313949585,1.4912999868392944,0,R2,4.270744740962982,4.270744740962982
0.0,nan,nan,0.8152554631233215,00000_001824_07,4.0,1.712781548500061,1.6415969133377075,-0.9940302968025208,coef_energy_material_checkpoint_lambdas,0.0,2.230515956878662,1.4626331329345703,3,R2,3.539017975330353,0.4777219593524933
0.0,nan,nan,2.1379077434539795,00000_001824_07,5.0,3.8446226119995117,3.7712061405181885,-0.14835017919540405,coef_energy_material_checkpoint_lambdas,0.0,2.1796514987945557,1.4449255466461182,6,R2,2.412261486053467,0.35315266251564026
0.0,nan,nan,0.9581787586212158,00000_001824_07,4.0,2.129554271697998,1.9018135070800781,0.8797035813331604,coef_energy_material_checkpoint_lambdas,0.0,2.1644186973571777,1.442562460899353,9,R2,2.032036066055298,2.032036066055298
0.0,nan,nan,2.0143253803253174,00000_001824_07,3.0,2.2265830039978027,2.225970506668091,0.999626100063324,coef_energy_material_checkpoint_lambdas,0.0,2.1531803607940674,1.4459478855133057,12,R2,2.0555380284786224,2.056042432785034
0.0,nan,nan,0.7021448612213135,00000_001824_07,2.0,0.7308425307273865,0.7021448016166687,0.9645301103591919,coef_energy_material_checkpoint_lambdas,0.0,2.1538243293762207,1.4416528940200806,15,R2,2.017636477947235,0.2785015106201172
0.0,nan,nan,1.7540647983551025,00000_001824_07,1.0,3.4878110885620117,3.0146446228027344,0.5706132650375366,coef_energy_material_checkpoint_lambdas,0.0,2.190171718597412,1.433929443359375,33,R2,3.21189546585083,3.21189546585083
0.0,nan,nan,-0.19919614493846893,00000_001824_07,1.0,2.347748279571533,2.339282512664795,0.8694737553596497,coef_energy_material_checkpoint_lambdas,0.0,2.211967706680298,1.4327397346496582,36,R2,3.2706809639930725,3.2706809639930725
0.0,nan,nan,0.199872225522995,00000_001824_07,1.0,0.7414626479148865,0.7140154242515564,-0.8437492847442627,coef_energy_material_checkpoint_lambdas,0.0,2.2209086418151855,1.4557199478149414,39,R2,3.4109268188476562,3.4109268188476562
0.0,nan,nan,-0.18844492733478546,00000_001824_07,1.0,0.30550417304039,0.24046063423156738,0.9913188815116882,coef_energy_material_checkpoint_lambdas,0.0,2.2197864055633545,1.4802696704864502,42,R2,3.21189546585083,3.258298546075821
0.0,nan,nan,0.12948225438594818,00000_001824_07,1.0,0.13904601335525513,0.055723853409290314,0.6770026087760925,coef_energy_material_checkpoint_lambdas,0.0,2.196377754211426,1.5235852003097534,45,R2,3.2706809639930725,1.216610848903656
0.0,nan,nan,0.46806299686431885,00000_001824_07,3.0,0.5942052006721497,0.1992565244436264,0.9349381327629089,coef_energy_material_checkpoint_lambdas,0.0,2.45831036567688,1.5351444482803345,57,R2,4.401579022407532,4.403252303600311
0.0,nan,nan,0.027554333209991455,00000_001824_07,6.0,0.02774658240377903,0.009406299330294132,0.9992988705635071,coef_energy_material_checkpoint_lambdas,0.0,2.501295804977417,1.5319377183914185,60,R2,4.400000631809235,4.40760201215744
0.0,nan,nan,0.002708402695134282,00000_001824_07,6.0,0.002877576043829322,0.0026025157421827316,0.9852526187896729,coef_energy_material_checkpoint_lambdas,0.0,2.59017014503479,1.4974582195281982,63,R2,4.400000810623169,2.7576016783714294
0.0,nan,nan,3.712280750274658,00000_001825_00,1.0,3.894253730773926,3.7122809886932373,0.9997249245643616,coef_energy_material_checkpoint_lambdas,0.0,2.200568675994873,1.473022222518921,0,R2,4.253796100616455,0.4428735375404358
0.0,nan,nan,1.8014132976531982,00000_001825_00,5.0,1.8448429107666016,1.7891968488693237,-0.2827197313308716,coef_energy_material_checkpoint_lambdas,0.0,2.192502498626709,1.4454258680343628,3,R2,2.33820378780365,2.056286484003067
0.0,nan,nan,0.19388628005981445,00000_001825_00,5.0,0.20222881436347961,0.19388628005981445,0.318080872297287,coef_energy_material_checkpoint_lambdas,0.0,2.174201250076294,1.4384673833847046,6,R2,2.0393746197223663,1.2642468810081482
0.0,nan,nan,0.1082887053489685,00000_001825_00,4.0,0.15762068331241608,0.045635588467121124,0.9881066679954529,coef_energy_material_checkpoint_lambdas,0.0,2.160958766937256,1.445413589477539,9,R2,2.023806005716324,0.5137324631214142
0.0,nan,nan,1.9744148254394531,00000_001825_00,1.0,3.7178194522857666,3.150217056274414,0.9833996891975403,coef_energy_material_checkpoint_lambdas,0.0,2.200173854827881,1.4248578548431396,30,R2,3.070921868085861,3.070921868085861
0.0,nan,nan,0.11591136455535889,00000_001825_00,1.0,2.185497522354126,2.1824216842651367,0.8490685224533081,coef_energy_material_checkpoint_lambdas,0.0,2.1973421573638916,1.44709050655365,33,R2,3.262023389339447,3.262023389339447
0.0,nan,nan,0.42271164059638977,00000_001825_00,1.0,0.7553004026412964,0.6259341239929199,0.5103422999382019,coef_energy_material_checkpoint_lambdas,0.0,2.2294979095458984,1.4489266872406006,36,R2,3.433288097381592,3.433288097381592
0.0,nan,nan,-0.09614451229572296,00000_001825_00,1.0,0.128583163022995,0.0853806734085083,0.8313765525817871,coef_energy_material_checkpoint_lambdas,0.0,2.238966464996338,1.4690130949020386,39,R2,3.070921868085861,3.1288128197193146
0.0,nan,nan,0.16523835062980652,00000_001825_00,2.0,0.2229006588459015,0.14960278570652008,0.6817784309387207,coef_energy_material_checkpoint_lambdas,0.0,2.2605247497558594,1.4724645614624023,42,R2,3.262023389339447,1.8531458675861359
0.0,nan,nan,1.1175546646118164,00000_001825_00,2.0,1.2200567722320557,0.4894998073577881,0.22986258566379547,coef_energy_material_checkpoint_lambdas,0.0,2.290255069732666,1.49840247631073,45,R2,3.433288097381592,0.5032744407653809
0.0,nan,nan,2.4703238010406494,00000_001825_00,1.0,3.970773935317993,3.108785390853882,0.9969398379325867,coef_energy_material_checkpoint_lambdas,0.0,2.3530468940734863,1.5360993146896362,54,R2,4.090335339307785,4.090335339307785
0.0,nan,nan,0.18262262642383575,00000_001825_00,1.0,0.19103187322616577,0.03153432905673981,0.9734996557235718,coef_energy_material_checkpoint_lambdas,0.0,2.4846837520599365,1.4907819032669067,57,R2,4.232813626527786,4.1177307069301605
0.0,nan,nan,0.018906811252236366,00000_001825_02,5.0,0.020866943523287773,0.0005579511635005474,0.9999012351036072,coef_energy_material_checkpoint_lambdas,0.0,2.216416358947754,1.4538500308990479,0,R2,2.7904206216335297,2.8625424206256866
0.0,nan,nan,-0.48282915353775024,00000_001825_02,2.0,0.545353353023529,0.010851837694644928,0.9998084902763367,coef_energy_material_checkpoint_lambdas,0.0,2.192638397216797,1.4444692134857178,3,R2,4.238647222518921,1.8765635788440704
0.0,nan,nan,-0.03586665540933609,00000_001825_02,3.0,0.04022563248872757,0.0002494444779586047,0.9999814629554749,coef_energy_material_checkpoint_lambdas,0.0,2.1718406677246094,1.4335322380065918,6,R2,3.3605747520923615,1.0281828939914703
0.0,nan,nan,1.3233131170272827,00000_001825_02,4.0,2.188015937805176,0.29639968276023865,0.9990202784538269,coef_energy_material_checkpoint_lambdas,0.0,2.172086477279663,1.4313327074050903,9,R2,2.0471159517765045,0.2759527862071991
0.0,nan,nan,1.970070719718933,00000_001825_02,1.0,3.70926570892334,3.1428449153900146,0.9834111928939819,coef_energy_material_checkpoint_lambdas,0.0,2.1943609714508057,1.428059458732605,30,R2,3.070921868085861,3.070921868085861
0.0,nan,nan,0.11602786183357239,00000_001825_02,1.0,2.1867620944976807,2.1836817264556885,0.8490565419197083,coef_energy_material_checkpoint_lambdas,0.0,2.19869327545166,1.4471664428710938,33,R2,3.262023389339447,3.262023389339447
0.0,nan,nan,0.42216747999191284,00000_001825_02,1.0,0.754513144493103,0.6253516674041748,0.5104848146438599,coef_energy_material_checkpoint_lambdas,0.0,2.2269551753997803,1.4486377239227295,36,R2,3.433288097381592,3.433288097381592
0.0,nan,nan,-0.09614796936511993,00000_001825_02,1.0,0.1285470426082611,0.08532239496707916,0.8311783671379089,coef_energy_material_checkpoint_lambdas,0.0,2.239532709121704,1.4687024354934692,39,R2,3.070921868085861,3.1288128197193146
0.0,nan,nan,0.16540753841400146,00000_001825_02,2.0,0.2228170931339264,0.1492909938097,0.6829092502593994,coef_energy_material_checkpoint_lambdas,0.0,2.2564163208007812,1.4747446775436401,42,R2,3.262023389339447,1.8531458675861359
0.0,nan,nan,1.1184536218643188,00000_001825_02,2.0,1.2215242385864258,0.4911036491394043,0.22897933423519135,coef_energy_material_checkpoint_lambdas,0.0,2.2935001850128174,1.494982123374939,45,R2,3.433288097381592,0.5032744407653809
0.0,nan,nan,3.343183994293213,00000_001825_02,3.0,3.988445520401001,3.8594322204589844,0.9342445731163025,coef_energy_material_checkpoint_lambdas,0.0,2.437577247619629,1.5128438472747803,57,R2,4.209052503108978,1.5196632742881775
0.0,nan,nan,0.0015314078191295266,00000_001825_04,4.0,0.0029323778580874205,0.0006854113307781518,-0.26174139976501465,coef_energy_material_checkpoint_lambdas,1.0,2.284578800201416,1.4760183095932007,0,R2,3.822021871805191,4.045201301574707
0.0,nan,nan,0.0023886109702289104,00000_001825_04,5.0,0.002580382628366351,0.00019510438141878694,0.9997584223747253,coef_energy_material_checkpoint_lambdas,0.0,2.236478328704834,1.458126425743103,3,R2,3.066024035215378,3.1621310710906982
0.0,nan,nan,0.14835846424102783,00000_001825_04,2.0,0.31684303283691406,0.007492595352232456,0.9997433423995972,coef_energy_material_checkpoint_lambdas,0.0,2.1926498413085938,1.4404852390289307,6,R2,2.4957995116710663,2.321725010871887
0.0,nan,nan,-0.015939615666866302,00000_001825_04,3.0,0.1931636929512024,0.015939615666866302,0.9842621684074402,coef_energy_material_checkpoint_lambdas,0.0,2.1841208934783936,1.4385814666748047,9,R2,2.1214277744293213,1.2639961242675781
0.0,nan,nan,0.04450642690062523,00000_001825_04,4.0,0.10163789242506027,0.0010565011762082577,0.9336012005805969,coef_energy_material_checkpoint_lambdas,0.0,2.1745707988739014,1.4298114776611328,12,R2,2.0478519797325134,0.512976199388504
0.0,nan,nan,0.13747669756412506,00000_001825_04,1.0,2.398665189743042,2.3947222232818604,0.9529809355735779,coef_energy_material_checkpoint_lambdas,0.0,2.206244945526123,1.433193564414978,36,R2,3.164988934993744,3.164988934993744
0.0,nan,nan,-0.5063417553901672,00000_001825_04,1.0,1.3217459917068481,1.2209137678146362,0.3179933726787567,coef_energy_material_checkpoint_lambdas,0.0,2.2184929847717285,1.453694224357605,39,R2,3.4604705572128296,3.4604705572128296
0.0,nan,nan,0.2561584413051605,00000_001825_04,2.0,0.3574742376804352,0.2493405044078827,0.9649767875671387,coef_energy_material_checkpoint_lambdas,0.0,2.2442097663879395,1.4808571338653564,45,R2,3.164988934993744,2.32823845744133
0.0,nan,nan,-0.13945984840393066,00000_001825_04,1.0,0.33178043365478516,0.24149703979492188,0.9852271676063538,coef_energy_material_checkpoint_lambdas,0.0,2.2305612564086914,1.515758991241455,48,R2,3.828421801328659,4.024765104055405
0.0,nan,nan,1.0717823505401611,00000_001825_04,2.0,1.5550243854522705,1.5545399188995361,0.9956182241439819,coef_energy_material_checkpoint_lambdas,0.0,2.2617568969726562,1.5405820608139038,51,R2,4.138121068477631,2.0858203172683716
0.0,nan,nan,2.601656436920166,00000_001825_04,1.0,3.7132182121276855,2.6494100093841553,0.9770365953445435,coef_energy_material_checkpoint_lambdas,0.0,2.312805414199829,1.5389881134033203,54,R2,3.9622389674186707,0.576877236366272
0.0,nan,nan,3.4075639247894287,00000_001825_04,2.0,3.583108901977539,3.583009719848633,0.9741804599761963,coef_energy_material_checkpoint_lambdas,0.0,2.384585380554199,1.5657399892807007,57,R2,4.272550880908966,0.5671029686927795
0.0,nan,nan,2.763873338699341,00000_001825_04,2.0,3.9520771503448486,3.9518418312072754,0.9635346531867981,coef_energy_material_checkpoint_lambdas,0.0,2.467302083969116,1.5410727262496948,60,R2,4.394187152385712,0.5507452487945557
0.0,nan,nan,0.250098317861557,00000_001825_04,6.0,0.2721084654331207,0.20336152613162994,0.8398458361625671,coef_energy_material_checkpoint_lambdas,0.0,2.6143264770507812,1.507420301437378,63,R2,4.375545382499695,4.400025844573975
0.0,nan,nan,0.0015314078191295266,00000_001825_06,4.0,0.0029323778580874205,0.0006854113307781518,-0.26174139976501465,coef_energy_material_checkpoint_lambdas,1.0,2.284578800201416,1.4760183095932007,0,R2,3.822021871805191,4.045201301574707
0.0,nan,nan,0.002397181000560522,00000_001825_06,5.0,0.002589697716757655,0.00019567034905776381,0.9997594356536865,coef_energy_material_checkpoint_lambdas,0.0,2.2390828132629395,1.4633656740188599,3,R2,3.066024035215378,3.1621310710906982
0.0,nan,nan,0.14887039363384247,00000_001825_06,2.0,0.3179692029953003,0.007501799147576094,0.9997447729110718,coef_energy_material_checkpoint_lambdas,0.0,2.1951189041137695,1.4455872774124146,6,R2,2.4957995116710663,2.321725010871887
0.0,nan,nan,-0.18826676905155182,00000_001825_06,3.0,0.21157622337341309,0.0021532524842768908,0.9999495148658752,coef_energy_material_checkpoint_lambdas,0.0,2.1799449920654297,1.4394841194152832,9,R2,3.8031830489635468,1.2793965339660645
0.0,nan,nan,0.07648356258869171,00000_001825_06,4.0,0.20873522758483887,0.018447987735271454,0.9969422817230225,coef_energy_material_checkpoint_lambdas,0.0,2.1679232120513916,1.4308613538742065,12,R2,2.0785345435142517,0.5280831158161163
0.0,nan,nan,0.13751879334449768,00000_001825_06,1.0,2.4002323150634766,2.396289587020874,0.9529750347137451,coef_energy_material_checkpoint_lambdas,0.0,2.207824945449829,1.4333242177963257,36,R2,3.164988934993744,3.164988934993744
0.0,nan,nan,-0.50609290599823,00000_001825_06,1.0,1.3184596300125122,1.217458724975586,0.3187797963619232,coef_energy_material_checkpoint_lambdas,0.0,2.2123606204986572,1.4557240009307861,39,R2,3.4604705572128296,3.4604705572128296
0.0,nan,nan,0.25625064969062805,00000_001825_06,2.0,0.35779905319213867,0.24971139430999756,0.9648289680480957,coef_energy_material_checkpoint_lambdas,0.0,2.250901460647583,1.4812431335449219,45,R2,3.164988934993744,2.32823845744133
0.0,nan,nan,-0.0014067590236663818,00000_001825_06,2.0,0.17523784935474396,0.1752322018146515,0.9740031957626343,coef_energy_material_checkpoint_lambdas,0.0,2.2699406147003174,1.4864630699157715,48,R2,3.4604705572128296,0.9483759701251984
0.0,nan,nan,2.9052608013153076,00000_001825_06,1.0,4.520842552185059,4.1475749015808105,0.9786115288734436,coef_energy_material_checkpoint_lambdas,0.0,2.321704387664795,1.5288569927215576,54,R2,4.358226895332336,0.6027705073356628
0.0,nan,nan,3.7281594276428223,00000_001825_06,2.0,4.071094036102295,3.7281596660614014,0.9868693947792053,coef_energy_material_checkpoint_lambdas,0.0,2.2870495319366455,1.5868737697601318,60,R2,4.249882161617279,0.534050464630127
0.0,nan,nan,1.6911636590957642,00000_001825_06,2.0,3.304137706756592,3.227665424346924,0.9577142596244812,coef_energy_material_checkpoint_lambdas,0.0,2.352661371231079,1.5748684406280518,63,R2,4.214456617832184,0.549189567565918
0.0,nan,nan,1.0781996250152588,00000_001825_06,3.0,1.0802465677261353,1.001850962638855,0.9948844313621521,coef_energy_material_checkpoint_lambdas,0.0,2.39932918548584,1.5755994319915771,66,R2,4.400180876255035,1.6866973042488098
0.0,nan,nan,3.516984224319458,00000_001825_06,2.0,3.9390463829040527,2.775531530380249,0.996464192867279,coef_energy_material_checkpoint_lambdas,0.0,2.453533172607422,1.5587459802627563,69,R2,4.400852978229523,0.5990763902664185
0.0,nan,nan,3.0062103271484375,00000_001827_00,4.0,4.244267463684082,4.244261264801025,-0.9739614129066467,coef_energy_material_checkpoint_lambdas,0.0,2.2440598011016846,1.4444607496261597,3,R2,3.8053443133831024,0.405303418636322
0.0,nan,nan,1.479119062423706,00000_001827_00,5.0,1.4812334775924683,0.3926830291748047,0.36258476972579956,coef_energy_material_checkpoint_lambdas,1.0,2.1889243125915527,1.4379138946533203,6,R2,2.0988064408302307,2.346051812171936
0.0,nan,nan,0.2589075565338135,00000_001827_00,3.0,0.4159531891345978,0.3907192349433899,0.9999998807907104,coef_energy_material_checkpoint_lambdas,0.0,2.1887006759643555,1.4233635663986206,9,R2,2.0198808014392853,1.80604887008667
0.0,nan,nan,0.005271123722195625,00000_001827_00,4.0,0.006546868477016687,0.00645111221820116,0.5480319261550903,coef_energy_material_checkpoint_lambdas,0.0,2.163547992706299,1.4405906200408936,12,R2,2.0444789230823517,1.013380080461502
0.0,nan,nan,0.2711663544178009,00000_001827_00,3.0,0.9265224933624268,0.43471983075141907,0.9699490070343018,coef_energy_material_checkpoint_lambdas,0.0,2.1532363891601562,1.4348279237747192,15,R2,2.0228112041950226,0.2606806457042694
0.0,nan,nan,1.8354291915893555,00000_001827_00,1.0,3.787994623184204,3.3136239051818848,0.9124306440353394,coef_energy_material_checkpoint_lambdas,0.0,2.2132925987243652,1.4460121393203735,39,R2,3.661234349012375,3.661234349012375
0.0,nan,nan,0.16774982213974,00000_001827_00,1.0,0.46297943592071533,0.4315205216407776,0.9855741858482361,coef_energy_material_checkpoint_lambdas,0.0,2.2451820373535156,1.4610642194747925,42,R2,3.6752063930034637,3.6752063930034637
0.0,nan,nan,-0.0960378646850586,00000_001827_00,2.0,0.33160072565078735,0.31738901138305664,0.9894410371780396,coef_energy_material_checkpoint_lambdas,0.0,2.278860092163086,1.4826078414916992,48,R2,3.661234349012375,2.454566091299057
0.0,nan,nan,0.32465192675590515,00000_001827_00,2.0,0.399122953414917,0.23216430842876434,0.976115882396698,coef_energy_material_checkpoint_lambdas,0.0,2.2661306858062744,1.5194003582000732,51,R2,3.6752063930034637,1.0875659584999084
0.0,nan,nan,-0.0574897825717926,00000_001827_00,3.0,1.1312888860702515,1.0536682605743408,0.9903799891471863,coef_energy_material_checkpoint_lambdas,1.0,2.283017873764038,1.5441097021102905,54,R2,3.7040909230709076,4.399022102355957
0.0,nan,nan,0.061055440455675125,00000_001827_00,5.0,0.06106952577829361,0.061055440455675125,0.990980327129364,coef_energy_material_checkpoint_lambdas,0.0,2.3263492584228516,1.552733063697815,57,R2,4.04717156291008,3.880935251712799
0.0,nan,nan,1.589523434638977,00000_001827_00,5.0,1.5912556648254395,1.5895235538482666,0.9976341128349304,coef_energy_material_checkpoint_lambdas,0.0,2.3946847915649414,1.5545343160629272,60,R2,4.381548166275024,1.6790074706077576
0.0,nan,nan,3.538867235183716,00000_001827_00,5.0,4.802968502044678,4.199742794036865,0.9998658895492554,coef_energy_material_checkpoint_lambdas,0.0,2.542278528213501,1.513217568397522,63,R2,4.255961716175079,0.5905562043190002
0.0,nan,nan,0.03170987218618393,00000_001827_01,5.0,0.03637824207544327,0.017828643321990967,0.999260663986206,coef_energy_material_checkpoint_lambdas,0.0,2.2159523963928223,1.445549726486206,0,R2,2.863491654396057,2.863491654396057
0.0,nan,nan,-0.4179166555404663,00000_001827_01,2.0,0.5215197205543518,0.09214099496603012,0.9255627989768982,coef_energy_material_checkpoint_lambdas,0.0,2.1905317306518555,1.4291636943817139,3,R2,4.249672532081604,1.8653636276721954
0.0,nan,nan,-0.04055221006274223,00000_001827_01,2.0,0.04516511783003807,0.0003499730955809355,0.997840940952301,coef_energy_material_checkpoint_lambdas,0.0,2.182168483734131,1.4262304306030273,6,R2,3.4794352650642395,1.013035625219345
0.0,nan,nan,0.15359868109226227,00000_001827_01,4.0,0.23362843692302704,0.01586763560771942,0.9508786797523499,coef_energy_material_checkpoint_lambdas,0.0,2.1482367515563965,1.447227120399475,9,R2,2.0348376035690308,0.5131192207336426
0.0,nan,nan,0.695116400718689,00000_001827_01,1.0,1.5923939943313599,1.4326660633087158,1.0,coef_energy_material_checkpoint_lambdas,0.0,2.2211053371429443,1.4595000743865967,36,R2,3.6324969232082367,3.6324969232082367
0.0,nan,nan,0.3193238377571106,00000_001827_01,2.0,0.31963905692100525,0.15549898147583008,0.9994950890541077,coef_energy_material_checkpoint_lambdas,1.0,2.2556769847869873,1.4680451154708862,39,R2,3.0662929117679596,3.8443152010440826
0.0,nan,nan,0.220236673951149,00000_001827_01,3.0,0.4578521251678467,0.4014030396938324,0.9988786578178406,coef_energy_material_checkpoint_lambdas,0.0,2.3083138465881348,1.4933629035949707,45,R2,3.6324969232082367,1.579138070344925
0.0,nan,nan,2.880570888519287,00000_001827_01,2.0,3.9753968715667725,2.739724636077881,0.9468923211097717,coef_energy_material_checkpoint_lambdas,0.0,2.317023754119873,1.513533115386963,48,R2,3.8443152010440826,0.6012175679206848
0.0,nan,nan,0.9228948354721069,00000_001827_01,5.0,2.330648899078369,2.1401379108428955,0.9851939082145691,coef_energy_material_checkpoint_lambdas,0.0,2.3557522296905518,1.538048267364502,54,R2,4.201535552740097,4.201535552740097
0.0,nan,nan,-0.07426193356513977,00000_001827_01,4.0,0.0806492492556572,0.07475370913743973,0.941038966178894,coef_energy_material_checkpoint_lambdas,0.0,2.306091785430908,1.5828745365142822,57,R2,4.326758623123169,4.400118291378021
0.0,nan,nan,0.0004067280679009855,00000_001827_01,3.0,0.00047414281289093196,0.0004599133972078562,0.9973760843276978,coef_energy_material_checkpoint_lambdas,0.0,2.339263916015625,1.5961295366287231,60,R2,4.269387125968933,2.7566676139831543
0.0,nan,nan,-1.116309642791748,00000_001827_01,6.0,1.9725228548049927,1.1897910833358765,0.987641453742981,coef_energy_material_checkpoint_lambdas,0.0,2.3467063903808594,1.624433994293213,63,R2,4.304360866546631,0.555840015411377
0.0,nan,nan,1.8722314834594727,00000_001827_01,5.0,2.1177635192871094,1.8722314834594727,0.9135385155677795,coef_energy_material_checkpoint_lambdas,0.0,2.3666045665740967,1.683208703994751,66,R2,4.312197387218475,1.6564768552780151
0.0,nan,nan,3.9120476245880127,00000_001827_01,6.0,3.9377565383911133,3.9120476245880127,0.9858198761940002,coef_energy_material_checkpoint_lambdas,0.0,2.3889405727386475,1.7090028524398804,69,R2,4.400215208530426,4.401605844497681
0.0,nan,nan,-0.0024139881134033203,00000_001827_01,13.0,0.00300942687317729,0.0009414410451427102,0.9924020171165466,coef_energy_material_checkpoint_lambdas,0.0,2.5078678131103516,1.661057472229004,72,R2,4.3818678855896,4.400000095367432
0.0,nan,nan,-8.075885737923727e-09,00000_001827_01,14.0,1.3884488225812675e-08,2.275695853981574e-09,0.0,coef_energy_material_checkpoint_lambdas,0.0,2.7821054458618164,1.5780794620513916,75,R2,4.400000095367432,4.400000095367432
0.0,nan,nan,4.155965805053711,00000_001827_05,4.0,4.691352844238281,3.37895131111145,0.9904881119728088,coef_energy_material_checkpoint_lambdas,0.0,2.1697614192962646,1.427536964416504,0,R2,2.085533946752548,2.161763608455658
0.0,nan,nan,1.1383336782455444,00000_001827_05,3.0,1.5434679985046387,1.5419750213623047,0.9354451894760132,coef_energy_material_checkpoint_lambdas,0.0,2.182644844055176,1.4202253818511963,3,R2,2.015131890773773,1.0406651496887207
0.0,nan,nan,4.140987396240234,00000_001827_05,2.0,4.219742774963379,4.0667033195495605,0.9945050477981567,coef_energy_material_checkpoint_lambdas,0.0,2.1928203105926514,1.4091427326202393,6,R2,2.0575152337551117,0.27595821022987366
0.0,nan,nan,0.6949185132980347,00000_001827_05,1.0,1.5919407606124878,1.4322582483291626,0.9999999403953552,coef_energy_material_checkpoint_lambdas,0.0,2.2205376625061035,1.458926796913147,33,R2,3.6324969232082367,3.6324969232082367
0.0,nan,nan,0.31900554895401,00000_001827_05,2.0,0.31932157278060913,0.1553674042224884,0.9994925260543823,coef_energy_material_checkpoint_lambdas,1.0,2.259242534637451,1.4667150974273682,36,R2,3.0662929117679596,3.8443152010440826
0.0,nan,nan,0.2203870266675949,00000_001827_05,3.0,0.4580618143081665,0.4015596807003021,0.9988843202590942,coef_energy_material_checkpoint_lambdas,0.0,2.303363800048828,1.4953312873840332,42,R2,3.6324969232082367,1.579138070344925
0.0,nan,nan,2.888956308364868,00000_001827_05,2.0,3.987428903579712,2.7483670711517334,0.9468533992767334,coef_energy_material_checkpoint_lambdas,0.0,2.3248660564422607,1.510770320892334,45,R2,3.8443152010440826,0.6012175679206848
0.0,nan,nan,0.923554539680481,00000_001827_05,5.0,2.3321237564086914,2.1414592266082764,0.985187828540802,coef_energy_material_checkpoint_lambdas,0.0,2.357722282409668,1.5354313850402832,51,R2,4.201535552740097,4.201535552740097
0.0,nan,nan,-0.0738314539194107,00000_001827_05,4.0,0.08027811348438263,0.07449451833963394,0.9400796294212341,coef_energy_material_checkpoint_lambdas,0.0,2.313507080078125,1.5773862600326538,54,R2,4.326758623123169,4.400118291378021
0.0,nan,nan,0.00040718322270549834,00000_001827_05,3.0,0.00047472931328229606,0.0004605049907695502,0.9973903298377991,coef_energy_material_checkpoint_lambdas,0.0,2.3358142375946045,1.5982340574264526,57,R2,4.269387125968933,2.7566676139831543
0.0,nan,nan,-1.138407826423645,00000_001827_05,6.0,2.0113327503204346,1.213070273399353,0.9876287579536438,coef_energy_material_checkpoint_lambdas,0.0,2.394102096557617,1.5936189889907837,60,R2,4.304360866546631,0.555840015411377
0.0,nan,nan,2.0631632804870605,00000_001827_05,5.0,2.3381776809692383,2.0631632804870605,0.9120756387710571,coef_energy_material_checkpoint_lambdas,0.0,2.6339221000671387,1.5276234149932861,63,R2,4.312197387218475,1.6564768552780151
0.0,nan,nan,0.005267253145575523,00000_001827_07,4.0,0.005267586093395948,0.0037663716357201338,0.7165035605430603,coef_energy_material_checkpoint_lambdas,1.0,2.280128240585327,1.4710532426834106,0,R2,3.755394399166107,4.044434756040573
0.0,nan,nan,0.002235138090327382,00000_001827_07,5.0,0.0070428624749183655,0.0031421275343745947,0.999317467212677,coef_energy_material_checkpoint_lambdas,0.0,2.238267660140991,1.4539884328842163,3,R2,3.1174957752227783,3.162315934896469
0.0,nan,nan,0.12022332102060318,00000_001827_07,2.0,0.24961760640144348,0.009699203073978424,0.9193207025527954,coef_energy_material_checkpoint_lambdas,0.0,2.1948068141937256,1.4353997707366943,6,R2,2.606577306985855,2.3131083548069
0.0,nan,nan,-0.2141036093235016,00000_001827_07,2.0,0.24374638497829437,0.008449552580714226,0.9921756982803345,coef_energy_material_checkpoint_lambdas,0.0,2.1845014095306396,1.4321229457855225,9,R2,3.888400673866272,1.2643193304538727
0.0,nan,nan,0.05713611841201782,00000_001827_07,4.0,0.1201530173420906,0.03433891385793686,0.988684892654419,coef_energy_material_checkpoint_lambdas,0.0,2.175755023956299,1.4237420558929443,12,R2,2.0630631744861603,0.5129682719707489
0.0,nan,nan,0.989263653755188,00000_001827_07,1.0,2.3690245151519775,2.152587890625,0.9952206015586853,coef_energy_material_checkpoint_lambdas,0.0,2.228173017501831,1.4516878128051758,39,R2,3.6381717920303345,3.6381717920303345
0.0,nan,nan,-0.09910064935684204,00000_001827_07,1.0,0.24417655169963837,0.22316193580627441,0.9675119519233704,coef_energy_material_checkpoint_lambdas,0.0,2.2340903282165527,1.467029094696045,42,R2,3.7672462463378906,3.7672462463378906
0.0,nan,nan,0.06525329500436783,00000_001827_07,2.0,0.4279285967350006,0.4229242205619812,0.9997069835662842,coef_energy_material_checkpoint_lambdas,0.0,2.2819089889526367,1.4906775951385498,48,R2,3.6381717920303345,2.0298995971679688
0.0,nan,nan,0.9940874576568604,00000_001827_07,2.0,1.203453779220581,0.6783002614974976,0.5147770643234253,coef_energy_material_checkpoint_lambdas,0.0,2.319657802581787,1.5080152750015259,51,R2,3.7672462463378906,0.5591220259666443
0.0,nan,nan,2.1936392784118652,00000_001827_07,4.0,3.998661518096924,3.343238115310669,0.9418874382972717,coef_energy_material_checkpoint_lambdas,0.0,2.3196914196014404,1.5594894886016846,57,R2,4.098617881536484,4.098617881536484
0.0,nan,nan,0.9037594795227051,00000_001827_07,6.0,4.040304183959961,4.021640300750732,0.9640929698944092,coef_energy_material_checkpoint_lambdas,0.0,2.391977071762085,1.5311882495880127,60,R2,4.1096058785915375,3.5584797263145447
0.0,nan,nan,0.04783373698592186,00000_001827_07,7.0,0.08743160218000412,0.07318619638681412,-0.9346497058868408,coef_energy_material_checkpoint_lambdas,0.0,2.5395641326904297,1.4785103797912598,63,R2,3.9604811668395996,1.5191458463668823
0.0,nan,nan,-0.37650203704833984,00000_001829_00,3.0,0.3778453469276428,0.13990455865859985,0.8494603037834167,coef_energy_material_checkpoint_lambdas,0.0,2.1971569061279297,1.4342234134674072,0,R1,4.006439179182053,1.5223443508148193
0.0,nan,nan,0.005108117591589689,00000_001829_00,3.0,0.005233685486018658,0.005078466143459082,-0.1489861160516739,coef_energy_material_checkpoint_lambdas,0.0,2.1836347579956055,1.4294253587722778,3,R1,2.080889344215393,0.7630340456962585
0.0,nan,nan,0.42466819286346436,00000_001829_00,3.0,3.686002731323242,2.2887558937072754,0.9954134225845337,coef_energy_material_checkpoint_lambdas,0.0,2.170302391052246,1.4253249168395996,6,R1,2.0435497760772705,0.30377551913261414
0.0,nan,nan,3.619396209716797,00000_001829_00,2.0,4.0777587890625,4.027637958526611,0.9415417313575745,coef_energy_material_checkpoint_lambdas,0.0,2.244347095489502,1.4638993740081787,33,R1,3.357678174972534,0.5061221718788147
0.0,nan,nan,2.071246862411499,00000_001829_00,3.0,3.8356451988220215,3.7176477909088135,0.9854879975318909,coef_energy_material_checkpoint_lambdas,0.0,2.315124988555908,1.534339189529419,45,R1,3.8289458453655243,0.573026180267334
0.0,nan,nan,2.4409844875335693,00000_001829_00,2.0,3.128222942352295,3.1093971729278564,0.9793292880058289,coef_energy_material_checkpoint_lambdas,0.0,2.3595223426818848,1.5451364517211914,48,R1,4.368849217891693,0.561022162437439
0.0,nan,nan,2.400754928588867,00000_001829_00,1.0,2.46213698387146,0.5463458299636841,0.9906011819839478,coef_energy_material_checkpoint_lambdas,0.0,2.5291500091552734,1.5964672565460205,57,R1,4.404286026954651,4.404286026954651
0.0,nan,nan,-0.4532093107700348,00000_001829_00,2.0,1.126846432685852,1.031690001487732,0.9965336322784424,coef_energy_material_checkpoint_lambdas,0.0,2.546499252319336,1.6069328784942627,60,R1,4.401455581188202,4.401455581188202
0.0,nan,nan,0.053666532039642334,00000_001829_00,6.0,0.17247740924358368,0.12261027097702026,0.9938312768936157,coef_energy_material_checkpoint_lambdas,0.0,2.5867671966552734,1.5795356035232544,63,R1,4.400026798248291,4.400065898895264
0.0,nan,nan,0.1420893371105194,00000_001829_00,9.0,0.15376140177249908,0.05892002955079079,0.9998458623886108,coef_energy_material_checkpoint_lambdas,0.0,2.6979362964630127,1.5524190664291382,66,R1,4.400000095367432,4.400000095367432
0.0,nan,nan,3.5686964988708496,00000_001829_01,4.0,4.0194854736328125,3.831247568130493,-0.10946609824895859,coef_energy_material_checkpoint_lambdas,0.0,2.2512731552124023,1.4561095237731934,3,R1,3.095506250858307,0.3653394281864166
0.0,nan,nan,0.46529334783554077,00000_001829_01,6.0,0.46544143557548523,0.218585804104805,0.8511227965354919,coef_energy_material_checkpoint_lambdas,0.0,2.2101681232452393,1.4410288333892822,6,R1,2.0379923284053802,1.8197459876537323
0.0,nan,nan,0.07280931621789932,00000_001829_01,4.0,0.0728619247674942,0.06388460099697113,0.9976772665977478,coef_energy_material_checkpoint_lambdas,0.0,2.202028512954712,1.436648964881897,9,R1,2.0088812708854675,1.0227065682411194
0.0,nan,nan,1.5125232934951782,00000_001829_01,2.0,1.5125929117202759,1.0797669887542725,0.9944894909858704,coef_energy_material_checkpoint_lambdas,0.0,2.1870834827423096,1.4260506629943848,12,R1,2.4438866674900055,0.26538559794425964
0.0,nan,nan,3.9243907928466797,00000_001829_01,1.0,4.15776252746582,3.9243907928466797,0.9928039312362671,coef_energy_material_checkpoint_lambdas,0.0,2.182964324951172,1.4152003526687622,15,R1,2.021585315465927,0.28755083680152893
0.0,nan,nan,1.5687495470046997,00000_001829_01,2.0,1.74083411693573,1.3765641450881958,0.935533344745636,coef_energy_material_checkpoint_lambdas,1.0,2.253878593444824,1.4697301387786865,42,R1,3.4053441882133484,3.9346156418323517
0.0,nan,nan,0.4666086733341217,00000_001829_01,2.0,0.5138453841209412,0.21520553529262543,-0.049156151711940765,coef_energy_material_checkpoint_lambdas,0.0,2.3231382369995117,1.5149290561676025,51,R1,3.9346156418323517,0.4975052773952484
0.0,nan,nan,3.996227502822876,00000_001829_01,1.0,4.027133464813232,3.633683443069458,0.2993946373462677,coef_energy_material_checkpoint_lambdas,0.0,2.335012674331665,1.560086727142334,60,R1,4.313944697380066,0.4984135031700134
0.0,nan,nan,0.21774190664291382,00000_001829_01,3.0,0.8306814432144165,0.8016359210014343,-0.03703988716006279,coef_energy_material_checkpoint_lambdas,1.0,2.393533229827881,1.5577113628387451,63,R1,3.970520406961441,4.329224675893784
0.0,nan,nan,-0.8284382820129395,00000_001829_01,3.0,1.3852583169937134,1.1102389097213745,0.2392379492521286,coef_energy_material_checkpoint_lambdas,1.0,2.4176554679870605,1.5631072521209717,66,R1,3.839525431394577,4.4002299308776855
0.0,nan,nan,-0.016459904611110687,00000_001829_01,4.0,0.0892229825258255,0.08769157528877258,0.9753262400627136,coef_energy_material_checkpoint_lambdas,1.0,2.447580337524414,1.5622860193252563,69,R1,3.9137502014636993,4.400063514709473
0.0,nan,nan,-0.0158248208463192,00000_001829_01,7.0,0.22413575649261475,0.2235764116048813,0.9982436895370483,coef_energy_material_checkpoint_lambdas,0.0,2.5751054286956787,1.5093951225280762,72,R1,4.329224675893784,4.400018155574799
0.0,nan,nan,0.05710562691092491,00000_001829_02,5.0,0.06060386821627617,0.020292265340685844,0.9999912977218628,coef_energy_material_checkpoint_lambdas,0.0,2.217789649963379,1.4482594728469849,0,R1,2.7189444601535797,2.7189444601535797
0.0,nan,nan,0.42850491404533386,00000_001829_02,4.0,0.4741913676261902,0.009994029998779297,0.9729632139205933,coef_energy_material_checkpoint_lambdas,0.0,2.1946823596954346,1.4370464086532593,3,R1,2.067341536283493,1.821808010339737
0.0,nan,nan,0.024765431880950928,00000_001829_02,4.0,0.04136287420988083,0.024765431880950928,0.7366864085197449,coef_energy_material_checkpoint_lambdas,0.0,2.1855599880218506,1.4310413599014282,6,R1,2.092411518096924,1.0130527019500732
0.0,nan,nan,0.03833326697349548,00000_001829_02,4.0,1.27096688747406,0.533848762512207,0.9998540282249451,coef_energy_material_checkpoint_lambdas,0.0,2.1591429710388184,1.4412928819656372,9,R1,2.056382954120636,0.262014240026474
0.0,nan,nan,1.522207260131836,00000_001829_02,1.0,1.5228160619735718,1.1068062782287598,0.9163392782211304,coef_energy_material_checkpoint_lambdas,0.0,2.2568421363830566,1.4776663780212402,39,R1,3.270366609096527,2.111798346042633
0.0,nan,nan,1.2586956024169922,00000_001829_02,1.0,1.7499464750289917,1.7496826648712158,0.9430570602416992,coef_energy_material_checkpoint_lambdas,0.0,2.298693895339966,1.5266547203063965,48,R1,4.3846548199653625,0.5575338006019592
0.0,nan,nan,4.32240104675293,00000_001829_02,1.0,4.3224005699157715,3.0564537048339844,0.9999999403953552,coef_energy_material_checkpoint_lambdas,0.0,2.364008903503418,1.5447145700454712,51,R1,4.3971152901649475,0.5627826452255249
0.0,nan,nan,4.397085189819336,00000_001829_02,1.0,4.397287368774414,4.397085189819336,0.9905120730400085,coef_energy_material_checkpoint_lambdas,0.0,2.4115140438079834,1.5584447383880615,54,R1,4.378594696521759,0.5691991448402405
0.0,nan,nan,3.805927276611328,00000_001829_02,3.0,3.8059310913085938,2.6873419284820557,0.9988654255867004,coef_energy_material_checkpoint_lambdas,0.0,2.3972787857055664,1.5999270677566528,57,R1,4.388176143169403,0.5757388472557068
0.0,nan,nan,1.5554065704345703,00000_001829_02,10.0,1.6358624696731567,0.5067112445831299,0.997962236404419,coef_energy_material_checkpoint_lambdas,0.0,2.5413665771484375,1.64651620388031,66,R1,4.400006651878357,4.400006651878357
0.0,nan,nan,6.059421139070764e-05,00000_001829_02,13.0,8.845829142956063e-05,6.4445412135683e-05,0.0029811770655214787,coef_energy_material_checkpoint_lambdas,0.0,2.5721449851989746,1.6583818197250366,69,R1,4.400000095367432,4.400000095367432
0.0,nan,nan,-1.0613224077360428e-07,00000_001829_02,14.0,1.381936698408026e-07,8.850671662230525e-08,0.0,coef_energy_material_checkpoint_lambdas,0.0,2.5731098651885986,1.6715705394744873,72,R1,4.400000095367432,4.400000095367432
0.0,nan,nan,-7.177664712587628e-11,00000_001829_02,16.0,8.213321689432007e-11,3.992465039126536e-11,0.0,coef_energy_material_checkpoint_lambdas,0.0,2.6447529792785645,1.6168525218963623,75,R1,4.400000095367432,4.400000095367432
0.0,nan,nan,-2.3933339441143883e-14,00000_001829_02,16.0,2.5931732415139692e-14,9.86474390943324e-15,0.0,coef_energy_material_checkpoint_lambdas,0.0,2.786125659942627,1.5957541465759277,78,R1,4.400000095367432,4.400000095367432
0.0,nan,nan,4.209146022796631,00000_001829_03,4.0,4.300619602203369,2.1680519580841064,0.9743602871894836,coef_energy_material_checkpoint_lambdas,0.0,2.2012429237365723,1.4266185760498047,0,R1,2.065837472677231,2.1180583238601685
0.0,nan,nan,1.0939959287643433,00000_001829_03,4.0,1.5141087770462036,1.5137403011322021,0.9687927961349487,coef_energy_material_checkpoint_lambdas,0.0,2.1991398334503174,1.422955870628357,3,R1,2.0048590004444122,1.0206256806850433
0.0,nan,nan,4.271938323974609,00000_001829_03,2.0,4.282871723175049,3.9577105045318604,0.9963231682777405,coef_energy_material_checkpoint_lambdas,0.0,2.1835896968841553,1.4200252294540405,6,R1,2.016097813844681,0.33629849553108215
0.0,nan,nan,3.6211934089660645,00000_001829_03,2.0,4.079824447631836,3.3003814220428467,0.9415483474731445,coef_energy_material_checkpoint_lambdas,1.0,2.2453629970550537,1.4652435779571533,33,R1,3.357678174972534,3.912534773349762
0.0,nan,nan,-0.07832296192646027,00000_001829_03,3.0,0.8495371341705322,0.8459188938140869,0.9996297359466553,coef_energy_material_checkpoint_lambdas,0.0,2.3170595169067383,1.5057183504104614,42,R1,3.912534773349762,0.9758655428886414
0.0,nan,nan,2.0643200874328613,00000_001829_03,1.0,4.562811851501465,4.337005615234375,0.9189959168434143,coef_energy_material_checkpoint_lambdas,0.0,2.340672731399536,1.5151740312576294,45,R1,4.3549884557724,0.5717490315437317
0.0,nan,nan,3.41900634765625,00000_001829_03,2.0,3.828044891357422,3.8280293941497803,0.9984771609306335,coef_energy_material_checkpoint_lambdas,0.0,2.361637592315674,1.531053066253662,48,R1,4.400845289230347,0.5577768683433533
0.0,nan,nan,0.7422533631324768,00000_001829_03,2.0,1.5326677560806274,1.3409439325332642,0.9857550263404846,coef_energy_material_checkpoint_lambdas,0.0,2.3772010803222656,1.546556830406189,51,R1,4.280105292797089,4.280105292797089
0.0,nan,nan,0.10439049452543259,00000_001829_03,2.0,0.1043926402926445,0.000668585707899183,0.9998998641967773,coef_energy_material_checkpoint_lambdas,0.0,2.3901751041412354,1.5511010885238647,54,R1,4.265534996986389,4.265534996986389
0.0,nan,nan,0.07691527903079987,00000_001829_03,3.0,0.13719511032104492,0.06721557676792145,0.8880571126937866,coef_energy_material_checkpoint_lambdas,0.0,2.402765989303589,1.5645477771759033,57,R1,4.322775423526764,4.334710776805878
0.0,nan,nan,-0.06958235800266266,00000_001829_03,5.0,0.07678546756505966,0.03247005119919777,0.9976142048835754,coef_energy_material_checkpoint_lambdas,0.0,2.418092966079712,1.5709643363952637,60,R1,4.280105292797089,2.6894683837890625
0.0,nan,nan,0.3595643937587738,00000_001829_03,5.0,0.3989613354206085,0.17286869883537292,0.40390077233314514,coef_energy_material_checkpoint_lambdas,0.0,2.430185079574585,1.5884555578231812,63,R1,4.265534996986389,1.1034470796585083
0.0,nan,nan,4.405479431152344,00000_001829_03,4.0,4.419625282287598,4.098392963409424,0.9941785335540771,coef_energy_material_checkpoint_lambdas,0.0,2.491570472717285,1.5729775428771973,66,R1,4.30126029253006,0.5824509859085083
0.0,nan,nan,4.129151344299316,00000_001829_03,1.0,4.356738090515137,3.9024195671081543,0.9712507128715515,coef_energy_material_checkpoint_lambdas,0.0,2.634171485900879,1.524669885635376,69,R1,4.40766978263855,0.5687696933746338
0.0,nan,nan,0.0010705947643145919,00000_001829_04,4.0,0.0034712853375822306,0.0015778893139213324,-0.46553835272789,coef_energy_material_checkpoint_lambdas,1.0,2.2782692909240723,1.4765229225158691,0,R2,3.6531048119068146,3.9076887369155884
0.0,nan,nan,0.008366203866899014,00000_001829_04,5.0,0.008831984363496304,0.002830298850312829,0.9995937943458557,coef_energy_material_checkpoint_lambdas,0.0,2.2350096702575684,1.4520108699798584,3,R2,3.0171146392822266,3.0171146392822266
0.0,nan,nan,0.329170286655426,00000_001829_04,3.0,0.417487770318985,0.08247377723455429,0.9984611868858337,coef_energy_material_checkpoint_lambdas,0.0,2.1975913047790527,1.4329805374145508,6,R2,2.203351706266403,2.2116150557994843
0.0,nan,nan,1.2786988019943237,00000_001829_04,3.0,1.451037049293518,1.2786988019943237,0.45228639245033264,coef_energy_material_checkpoint_lambdas,0.0,2.186349868774414,1.43921959400177,9,R2,2.101827383041382,1.5176591277122498
0.0,nan,nan,0.14082276821136475,00000_001829_04,4.0,0.14097243547439575,0.12885989248752594,0.9851126074790955,coef_energy_material_checkpoint_lambdas,0.0,2.176907539367676,1.4312920570373535,12,R2,2.0412104427814484,0.7667763233184814
0.0,nan,nan,1.6223644018173218,00000_001829_04,2.0,2.1489882469177246,0.5349591374397278,0.9108829498291016,coef_energy_material_checkpoint_lambdas,0.0,2.1724460124969482,1.4266819953918457,15,R2,2.037391781806946,0.2697739899158478
0.0,nan,nan,1.568375825881958,00000_001829_04,2.0,1.740464210510254,1.3763288259506226,0.9355523586273193,coef_energy_material_checkpoint_lambdas,1.0,2.253079891204834,1.470036506652832,42,R2,3.4053441882133484,3.9346156418323517
0.0,nan,nan,0.46122217178344727,00000_001829_04,2.0,0.5060228705406189,0.20816637575626373,-0.040990620851516724,coef_energy_material_checkpoint_lambdas,0.0,2.2886157035827637,1.5248875617980957,51,R2,3.9346156418323517,0.4975052773952484
0.0,nan,nan,0.1216178759932518,00000_001829_04,4.0,0.38109588623046875,0.3810940980911255,0.7357654571533203,coef_energy_material_checkpoint_lambdas,1.0,2.28324031829834,1.5590453147888184,54,R2,3.7521756291389465,4.392905414104462
0.0,nan,nan,0.1217166855931282,00000_001829_04,3.0,0.20692719519138336,0.16838930547237396,0.9830798506736755,coef_energy_material_checkpoint_lambdas,0.0,2.332484245300293,1.5704588890075684,57,R2,4.322775423526764,2.755889117717743
0.0,nan,nan,1.2722349166870117,00000_001829_04,3.0,1.2850321531295776,1.1497414112091064,0.8166617155075073,coef_energy_material_checkpoint_lambdas,0.0,2.401312828063965,1.5679550170898438,60,R2,4.335425555706024,0.55449378490448
0.0,nan,nan,1.8043498992919922,00000_001829_04,1.0,3.0766026973724365,2.72829270362854,0.9956271052360535,coef_energy_material_checkpoint_lambdas,0.0,2.4246678352355957,1.5938162803649902,63,R2,4.402242958545685,0.556398332118988
0.0,nan,nan,0.08106556534767151,00000_001829_04,7.0,0.08120347559452057,0.021147383376955986,0.9702918529510498,coef_energy_material_checkpoint_lambdas,0.0,2.4381961822509766,1.6800336837768555,69,R2,4.400003612041473,4.400006651878357
0.0,nan,nan,0.0,00000_001829_04,12.0,0.0006071379175409675,0.0004293113306630403,0.0,coef_energy_material_checkpoint_lambdas,0.0,2.485213279724121,1.6646331548690796,72,R2,4.395806074142456,4.400000095367432
0.0,nan,nan,-5.313057549471978e-09,00000_001829_04,15.0,1.5098402528224142e-08,6.236427818606671e-09,0.0,coef_energy_material_checkpoint_lambdas,0.0,2.541825294494629,1.6593353748321533,75,R2,4.400000095367432,4.400000095367432
0.0,nan,nan,-1.6780278338721089e-13,00000_001829_04,16.0,4.0514100863205116e-13,1.6780278338721089e-13,0.0,coef_energy_material_checkpoint_lambdas,0.0,2.7806317806243896,1.5849063396453857,78,R2,4.400000095367432,4.400000095367432
0.0,nan,nan,0.05710562691092491,00000_001829_05,5.0,0.06060386821627617,0.020292265340685844,0.9999912977218628,coef_energy_material_checkpoint_lambdas,0.0,2.217789649963379,1.4482594728469849,0,R1,2.7189444601535797,2.7189444601535797
0.0,nan,nan,0.42971059679985046,00000_001829_05,4.0,0.47584113478660583,0.009364068508148193,0.9732850193977356,coef_energy_material_checkpoint_lambdas,0.0,2.18935227394104,1.4414093494415283,3,R1,2.067341536283493,1.821808010339737
0.0,nan,nan,0.02476092427968979,00000_001829_05,4.0,0.04135053604841232,0.02476092427968979,0.7366275787353516,coef_energy_material_checkpoint_lambdas,0.0,2.185115098953247,1.4304203987121582,6,R1,2.092411518096924,1.0130527019500732
0.0,nan,nan,0.038429200649261475,00000_001829_05,4.0,1.2740404605865479,0.5351368188858032,0.9998539090156555,coef_energy_material_checkpoint_lambdas,0.0,2.1646921634674072,1.438469648361206,9,R1,2.056382954120636,0.262014240026474
0.0,nan,nan,0.054324835538864136,00000_001829_05,2.0,0.5632169246673584,0.5257025361061096,0.9210604429244995,coef_energy_material_checkpoint_lambdas,1.0,2.2543492317199707,1.473915457725525,39,R1,3.5081863701343536,3.9794976115226746
0.0,nan,nan,-0.8591163158416748,00000_001829_05,1.0,2.2172484397888184,1.6674726009368896,0.9770598411560059,coef_energy_material_checkpoint_lambdas,0.0,2.255131244659424,1.5301584005355835,45,R1,4.0548297464847565,0.5375027656555176
0.0,nan,nan,-0.3836063742637634,00000_001829_05,3.0,2.0209991931915283,1.7611263990402222,0.7104651927947998,coef_energy_material_checkpoint_lambdas,0.0,2.2952327728271484,1.528580665588379,48,R1,3.393704414367676,2.1908222436904907
0.0,nan,nan,3.569037437438965,00000_001829_05,2.0,3.93376088142395,3.908996820449829,0.998612105846405,coef_energy_material_checkpoint_lambdas,0.0,2.348374843597412,1.5400662422180176,51,R1,4.383471488952637,0.5627826452255249
0.0,nan,nan,4.392687797546387,00000_001829_05,1.0,4.392890453338623,4.3926873207092285,0.9905145168304443,coef_energy_material_checkpoint_lambdas,0.0,2.40878963470459,1.5598111152648926,54,R1,4.378594696521759,0.5691991448402405
0.0,nan,nan,3.80502986907959,00000_001829_05,3.0,3.8050336837768555,2.6867077350616455,0.9988654255867004,coef_energy_material_checkpoint_lambdas,0.0,2.3967037200927734,1.5997682809829712,57,R1,4.388176143169403,0.5757388472557068
0.0,nan,nan,1.514212965965271,00000_001829_05,10.0,1.5925573110580444,0.4933537244796753,0.99796462059021,coef_energy_material_checkpoint_lambdas,0.0,2.4726505279541016,1.6771464347839355,66,R1,4.400006651878357,4.400006651878357
0.0,nan,nan,5.628134658763884e-06,00000_001829_05,14.0,9.002425031212624e-06,9.885949339150102e-07,0.0,coef_energy_material_checkpoint_lambdas,0.0,2.463104486465454,1.698798418045044,69,R1,4.400000095367432,4.400000095367432
0.0,nan,nan,-1.86280279396156e-11,00000_001829_05,16.0,2.8283764219594332e-11,1.8773778105024563e-12,0.0,coef_energy_material_checkpoint_lambdas,0.0,2.4835407733917236,1.720719814300537,72,R1,4.400000095367432,4.400000095367432
0.0,nan,nan,-6.046254188143694e-17,00000_001829_05,16.0,8.987879838205182e-17,4.270349690807057e-18,0.0,coef_energy_material_checkpoint_lambdas,0.0,2.6053342819213867,1.6561518907546997,75,R1,4.400000095367432,4.400000095367432
0.0,nan,nan,-1.4369458483844418e-20,00000_001829_05,16.0,2.0321483433496612e-20,0.0,0.0,coef_energy_material_checkpoint_lambdas,0.0,2.8294050693511963,1.603316307067871,78,R1,4.400000095367432,4.400000095367432
0.0,nan,nan,3.8284943103790283,00000_001829_06,1.0,4.091631889343262,3.8284943103790283,0.9696249961853027,coef_energy_material_checkpoint_lambdas,0.0,2.1860029697418213,1.4543049335479736,0,R1,4.198624849319458,0.34698036313056946
0.0,nan,nan,3.1557488441467285,00000_001829_06,3.0,3.6773247718811035,3.1557488441467285,0.9950671792030334,coef_energy_material_checkpoint_lambdas,0.0,2.1879496574401855,1.4357175827026367,3,R1,2.069224625825882,1.2843207120895386
0.0,nan,nan,2.0529212951660156,00000_001829_06,3.0,2.267395257949829,2.2666757106781006,0.9986518025398254,coef_energy_material_checkpoint_lambdas,0.0,2.178992748260498,1.430325984954834,6,R1,2.0228351950645447,0.5214002728462219
0.0,nan,nan,3.2770814895629883,00000_001829_06,1.0,3.408910036087036,2.98110032081604,0.9565649628639221,coef_energy_material_checkpoint_lambdas,0.0,2.1529791355133057,1.442069411277771,9,R1,2.010245054960251,0.28149542212486267
0.0,nan,nan,3.692145824432373,00000_001829_06,1.0,3.86970853805542,2.6875956058502197,0.9749515056610107,coef_energy_material_checkpoint_lambdas,0.0,2.2476353645324707,1.4676482677459717,36,R1,3.698592722415924,2.589071661233902
0.0,nan,nan,0.44888007640838623,00000_001829_06,1.0,0.47904345393180847,0.3503829836845398,0.9460664391517639,coef_energy_material_checkpoint_lambdas,0.0,2.267500162124634,1.4823801517486572,39,R1,3.398880898952484,1.1020485162734985
0.0,nan,nan,3.7139172554016113,00000_001829_06,1.0,3.724201202392578,2.8217034339904785,0.9236270189285278,coef_energy_material_checkpoint_lambdas,0.0,2.3048362731933594,1.5229530334472656,45,R1,4.2819326519966125,1.6426331400871277
0.0,nan,nan,2.8173985481262207,00000_001829_06,2.0,4.293292999267578,3.9642388820648193,0.9883146286010742,coef_energy_material_checkpoint_lambdas,0.0,2.335209369659424,1.537266731262207,48,R1,3.9513424038887024,0.5850534439086914
0.0,nan,nan,2.66550612449646,00000_001829_06,3.0,3.788606643676758,2.6923255920410156,0.9919120073318481,coef_energy_material_checkpoint_lambdas,0.0,2.3655591011047363,1.5593421459197998,51,R1,4.194596141576767,0.5832736492156982
0.0,nan,nan,2.3137357234954834,00000_001829_06,3.0,2.680652618408203,2.6748647689819336,0.923363983631134,coef_energy_material_checkpoint_lambdas,0.0,2.4530186653137207,1.5622395277023315,54,R1,4.37758731842041,0.55449378490448
0.0,nan,nan,1.1578716039657593,00000_001829_06,1.0,1.1578720808029175,0.001105183269828558,0.9997687339782715,coef_energy_material_checkpoint_lambdas,0.0,2.535341262817383,1.6011310815811157,60,R1,4.402282118797302,4.402282118797302
0.0,nan,nan,2.293156862258911,00000_001829_06,3.0,2.295598030090332,2.293156862258911,0.999136745929718,coef_energy_material_checkpoint_lambdas,0.0,2.5335464477539062,1.609588623046875,63,R1,4.400156557559967,4.400659680366516
0.0,nan,nan,0.04324204474687576,00000_001829_06,6.0,0.04680522903800011,0.04324273765087128,0.7159518599510193,coef_energy_material_checkpoint_lambdas,0.0,2.634369134902954,1.5605980157852173,66,R1,4.400006651878357,4.400042474269867
0.0,nan,nan,3.826611042022705,00000_001829_07,1.0,4.089669227600098,3.826610803604126,0.9696328639984131,coef_energy_material_checkpoint_lambdas,0.0,2.1846725940704346,1.4545423984527588,0,R1,4.198624849319458,0.34698036313056946
0.0,nan,nan,3.1612906455993652,00000_001829_07,3.0,3.6837852001190186,3.1612906455993652,0.9950671792030334,coef_energy_material_checkpoint_lambdas,0.0,2.1918203830718994,1.4379863739013672,3,R1,2.069224625825882,1.2843207120895386
0.0,nan,nan,2.0535671710968018,00000_001829_07,3.0,2.2681126594543457,2.267393112182617,0.9986515045166016,coef_energy_material_checkpoint_lambdas,0.0,2.179832935333252,1.4292126893997192,6,R1,2.0228351950645447,0.5214002728462219
0.0,nan,nan,3.276839256286621,00000_001829_07,1.0,3.40871000289917,2.9810140132904053,0.956580638885498,coef_energy_material_checkpoint_lambdas,0.0,2.152474880218506,1.4440268278121948,9,R1,2.010245054960251,0.28149542212486267
0.0,nan,nan,3.6913716793060303,00000_001829_07,1.0,3.868878126144409,2.6869752407073975,0.9749549627304077,coef_energy_material_checkpoint_lambdas,0.0,2.2469983100891113,1.4686405658721924,36,R1,3.698592722415924,2.589071661233902
0.0,nan,nan,0.44909316301345825,00000_001829_07,1.0,0.479252427816391,0.35050204396247864,0.9460999369621277,coef_energy_material_checkpoint_lambdas,0.0,2.2678043842315674,1.4835530519485474,39,R1,3.398880898952484,1.1020485162734985
0.0,nan,nan,2.8501460552215576,00000_001829_07,2.0,3.546485185623169,3.50770902633667,0.9614489674568176,coef_energy_material_checkpoint_lambdas,0.0,2.2859675884246826,1.5289944410324097,45,R1,4.2050537168979645,2.6593871116638184
0.0,nan,nan,1.7067341804504395,00000_001829_07,2.0,2.2081265449523926,2.062194347381592,0.9986730813980103,coef_energy_material_checkpoint_lambdas,0.0,2.3136730194091797,1.5324203968048096,48,R1,4.393801808357239,0.557901918888092
0.0,nan,nan,2.664504051208496,00000_001829_07,3.0,3.787208080291748,2.691349744796753,0.9919127821922302,coef_energy_material_checkpoint_lambdas,0.0,2.364560127258301,1.5608820915222168,51,R1,4.194596141576767,0.5832736492156982
0.0,nan,nan,2.278474807739258,00000_001829_07,3.0,2.6390140056610107,2.633404016494751,0.9235593676567078,coef_energy_material_checkpoint_lambdas,0.0,2.411958694458008,1.5795302391052246,54,R1,4.37758731842041,0.55449378490448
0.0,nan,nan,3.5439374446868896,00000_001829_07,5.0,3.9622440338134766,2.801727294921875,1.0,coef_energy_material_checkpoint_lambdas,0.0,2.4970619678497314,1.6570966243743896,63,R1,4.400810241699219,4.400968492031097
0.0,nan,nan,0.00040052420808933675,00000_001829_07,13.0,0.0006660596118308604,0.000532180187292397,0.3311406672000885,coef_energy_material_checkpoint_lambdas,0.0,2.697688341140747,1.5733808279037476,66,R1,4.400000095367432,4.400000095367432
0.0,nan,nan,1.1340737342834473,00000_001830_00,4.0,1.442806601524353,1.3049538135528564,0.1080973818898201,coef_energy_material_checkpoint_lambdas,0.0,2.235461711883545,1.4771300554275513,3,R1,3.5312130451202393,1.960138201713562
0.0,nan,nan,0.037265270948410034,00000_001830_00,3.0,0.9196167588233948,0.918861448764801,-0.8898838758468628,coef_energy_material_checkpoint_lambdas,0.0,2.2006847858428955,1.458382487297058,6,R1,2.5975946485996246,2.5975946485996246
0.0,nan,nan,2.027719736099243,00000_001830_00,3.0,2.0580101013183594,2.027719736099243,0.0991474911570549,coef_energy_material_checkpoint_lambdas,0.0,2.191274881362915,1.4375208616256714,9,R1,2.226116180419922,1.7737008333206177
0.0,nan,nan,0.014487374573946,00000_001830_00,3.0,0.024029456079006195,0.021531473845243454,0.9201531410217285,coef_energy_material_checkpoint_lambdas,0.0,2.1788060665130615,1.4375436305999756,12,R1,2.078608423471451,1.0133835971355438
0.0,nan,nan,0.27459821105003357,00000_001830_00,3.0,0.9363614916801453,0.4388260245323181,0.9709931015968323,coef_energy_material_checkpoint_lambdas,0.0,2.1780052185058594,1.4277658462524414,15,R1,2.0411364138126373,0.260692834854126
0.0,nan,nan,2.1476144790649414,00000_001830_00,1.0,4.355132102966309,4.197671890258789,0.9969441294670105,coef_energy_material_checkpoint_lambdas,0.0,2.2001757621765137,1.4365655183792114,33,R1,3.3552165031433105,0.3908039331436157
0.0,nan,nan,-0.22662967443466187,00000_001830_00,1.0,1.4791789054870605,1.461714506149292,0.94422847032547,coef_energy_material_checkpoint_lambdas,0.0,2.2556419372558594,1.4661699533462524,42,R1,3.9248233437538147,3.9248233437538147
0.0,nan,nan,-0.18021611869335175,00000_001830_00,1.0,0.6142265200614929,0.44460684061050415,0.9990153908729553,coef_energy_material_checkpoint_lambdas,0.0,2.26525616645813,1.4792683124542236,45,R1,3.678736388683319,4.082872688770294
0.0,nan,nan,-0.033775679767131805,00000_001830_00,2.0,0.7562862038612366,0.7555316686630249,0.9999949336051941,coef_energy_material_checkpoint_lambdas,0.0,2.305544853210449,1.5102033615112305,51,R1,3.9248233437538147,1.077222466468811
0.0,nan,nan,4.294975757598877,00000_001830_00,2.0,4.4164652824401855,3.749248743057251,0.818423867225647,coef_energy_material_checkpoint_lambdas,0.0,2.3053276538848877,1.5777957439422607,60,R1,4.187259614467621,3.4948002696037292
0.0,nan,nan,1.3427060842514038,00000_001830_00,4.0,1.345238447189331,1.299892783164978,0.9480318427085876,coef_energy_material_checkpoint_lambdas,0.0,2.3659157752990723,1.577165126800537,63,R1,4.059805393218994,1.591218113899231
0.0,nan,nan,2.4041290283203125,00000_001830_00,1.0,3.3974661827087402,3.397465229034424,0.9999479651451111,coef_energy_material_checkpoint_lambdas,0.0,2.4780449867248535,1.5540109872817993,69,R1,4.405387997627258,0.5638486742973328
0.0,nan,nan,1.9925367832183838,00000_001830_01,4.0,2.2128090858459473,2.212602376937866,0.9623969793319702,coef_energy_material_checkpoint_lambdas,0.0,2.196669101715088,1.4305119514465332,0,R1,2.0628294944763184,0.8460752964019775
0.0,nan,nan,4.262616157531738,00000_001830_01,2.0,4.267170429229736,3.981544256210327,0.9661731123924255,coef_energy_material_checkpoint_lambdas,0.0,2.1909923553466797,1.4188481569290161,3,R1,2.4564468264579773,0.32088392972946167
0.0,nan,nan,4.092995643615723,00000_001830_01,1.0,4.303966045379639,4.092996120452881,0.999862015247345,coef_energy_material_checkpoint_lambdas,0.0,2.184828519821167,1.4204717874526978,6,R1,2.0712133944034576,0.2921556532382965
0.0,nan,nan,2.1434950828552246,00000_001830_01,1.0,4.346442222595215,4.189346790313721,0.9969474077224731,coef_energy_material_checkpoint_lambdas,0.0,2.194556951522827,1.4413647651672363,24,R1,3.3552165031433105,0.3908039331436157
0.0,nan,nan,-0.22675523161888123,00000_001830_01,1.0,1.483413815498352,1.4659804105758667,0.9441108703613281,coef_energy_material_checkpoint_lambdas,0.0,2.2644152641296387,1.4600341320037842,33,R1,3.9248233437538147,3.9248233437538147
0.0,nan,nan,-0.18028075993061066,00000_001830_01,1.0,0.614406406879425,0.44472846388816833,0.999016284942627,coef_energy_material_checkpoint_lambdas,0.0,2.2648868560791016,1.480475902557373,36,R1,3.678736388683319,4.082872688770294
0.0,nan,nan,-0.033822424709796906,00000_001830_01,2.0,0.7574172019958496,0.7566616535186768,0.9999947547912598,coef_energy_material_checkpoint_lambdas,0.0,2.31253719329834,1.5067670345306396,42,R1,3.9248233437538147,1.077222466468811
0.0,nan,nan,1.1091035604476929,00000_001830_01,2.0,1.5607610940933228,1.098118543624878,0.9916494488716125,coef_energy_material_checkpoint_lambdas,0.0,2.3711042404174805,1.5378193855285645,51,R1,4.160018354654312,4.160018354654312
0.0,nan,nan,0.08322901278734207,00000_001830_01,4.0,0.08421552181243896,0.01285245269536972,0.9999822378158569,coef_energy_material_checkpoint_lambdas,0.0,2.3823866844177246,1.5512151718139648,54,R1,4.142097622156143,4.142097622156143
0.0,nan,nan,0.12045907974243164,00000_001830_01,2.0,0.12399084866046906,0.027590297162532806,0.9750184416770935,coef_energy_material_checkpoint_lambdas,0.0,2.4112119674682617,1.5539982318878174,57,R1,4.297558516263962,4.22385048866272
0.0,nan,nan,-0.04617798700928688,00000_001830_01,4.0,0.0814879834651947,0.080703966319561,-0.7875857353210449,coef_energy_material_checkpoint_lambdas,0.0,2.411341667175293,1.5737667083740234,60,R1,4.112082421779633,2.6170986890792847
0.0,nan,nan,0.09939839690923691,00000_001830_01,3.0,0.22805404663085938,0.20525255799293518,0.678952157497406,coef_energy_material_checkpoint_lambdas,0.0,2.444701671600342,1.5803570747375488,63,R1,4.142097622156143,1.0392086505889893
0.0,nan,nan,3.4099583625793457,00000_001830_01,3.0,3.8492069244384766,3.8485305309295654,0.7680591940879822,coef_energy_material_checkpoint_lambdas,0.0,2.4428822994232178,1.6005263328552246,66,R1,4.39989173412323,0.5561468601226807
0.0,nan,nan,2.21345591545105,00000_001830_01,4.0,2.385561466217041,2.3776485919952393,0.9973897337913513,coef_energy_material_checkpoint_lambdas,0.0,2.613232135772705,1.5230355262756348,69,R1,4.396245002746582,1.1138712763786316
0.0,nan,nan,3.9291305541992188,00000_001830_02,3.0,4.32002067565918,2.9460439682006836,0.696672797203064,coef_energy_material_checkpoint_lambdas,0.0,2.1943843364715576,1.476637840270996,0,R2,3.5286875665187836,1.3124563097953796
0.0,nan,nan,3.8029463291168213,00000_001830_02,1.0,3.8077704906463623,3.8029463291168213,0.3610229790210724,coef_energy_material_checkpoint_lambdas,0.0,2.1925108432769775,1.4470162391662598,3,R2,4.062496334314346,0.2981589436531067
0.0,nan,nan,1.0036227703094482,00000_001830_02,3.0,1.4785929918289185,1.0858079195022583,0.9980041980743408,coef_energy_material_checkpoint_lambdas,0.0,2.1881697177886963,1.4356193542480469,6,R2,2.017908990383148,2.017908990383148
0.0,nan,nan,1.2866849899291992,00000_001830_02,3.0,1.2998367547988892,1.0683631896972656,0.9696854948997498,coef_energy_material_checkpoint_lambdas,0.0,2.1672720909118652,1.4395501613616943,9,R2,2.027174562215805,2.075098216533661
0.0,nan,nan,-0.15071019530296326,00000_001830_02,1.0,0.3033280670642853,0.16804778575897217,0.7276318073272705,coef_energy_material_checkpoint_lambdas,0.0,2.16186785697937,1.4465404748916626,12,R2,2.011772722005844,1.3144812285900116
0.0,nan,nan,0.27671778202056885,00000_001830_02,1.0,1.3122045993804932,1.2826956510543823,0.41656213998794556,coef_energy_material_checkpoint_lambdas,0.0,2.244636058807373,1.4618803262710571,36,R2,3.91664856672287,3.91664856672287
0.0,nan,nan,1.4855787754058838,00000_001830_02,3.0,1.7246477603912354,1.4479351043701172,0.8885324597358704,coef_energy_material_checkpoint_lambdas,1.0,2.2723052501678467,1.4714921712875366,39,R2,3.3434042930603027,3.971448838710785
0.0,nan,nan,0.2371128499507904,00000_001830_02,2.0,2.1176035404205322,2.1042866706848145,0.9650049805641174,coef_energy_material_checkpoint_lambdas,0.0,2.31680965423584,1.4958451986312866,45,R2,3.91664856672287,1.6122400164604187
0.0,nan,nan,2.1010074615478516,00000_001830_02,1.0,3.3515431880950928,2.6112465858459473,0.433655709028244,coef_energy_material_checkpoint_lambdas,0.0,2.32515025138855,1.511802077293396,48,R2,3.971448838710785,0.5388080477714539
0.0,nan,nan,-0.0491119883954525,00000_001830_02,3.0,0.09293706715106964,0.0491119921207428,0.9753009080886841,coef_energy_material_checkpoint_lambdas,0.0,2.360267400741577,1.5373339653015137,54,R2,4.227552026510239,2.219998598098755
0.0,nan,nan,0.012440711259841919,00000_001830_02,2.0,0.3336111605167389,0.1172260195016861,0.9998605847358704,coef_energy_material_checkpoint_lambdas,0.0,2.346818685531616,1.5689258575439453,57,R2,4.249492287635803,0.5572624802589417
0.0,nan,nan,4.265369892120361,00000_001830_02,1.0,4.265445709228516,4.265369892120361,0.9968131184577942,coef_energy_material_checkpoint_lambdas,0.0,2.3272414207458496,1.6000077724456787,60,R2,4.361036717891693,0.5660542845726013
0.0,nan,nan,0.2589212656021118,00000_001830_02,4.0,1.8332245349884033,1.4663759469985962,0.9765924215316772,coef_energy_material_checkpoint_lambdas,0.0,2.3727850914001465,1.6299607753753662,63,R2,4.313957750797272,0.5558432936668396
0.0,nan,nan,-1.0308541059494019,00000_001830_02,6.0,2.307325839996338,1.6323267221450806,0.9990786910057068,coef_energy_material_checkpoint_lambdas,0.0,2.4345908164978027,1.6487760543823242,66,R2,4.383362114429474,4.400302827358246
0.0,nan,nan,0.0978803038597107,00000_001830_02,9.0,0.3801672160625458,0.3794519603252411,0.9982495307922363,coef_energy_material_checkpoint_lambdas,0.0,2.44696307182312,1.6757476329803467,69,R2,4.34849888086319,4.400029182434082
0.0,nan,nan,-0.0002789235732052475,00000_001830_02,14.0,0.00045340359793044627,0.00025091139832511544,0.0,coef_energy_material_checkpoint_lambdas,0.0,2.4950239658355713,1.696926474571228,72,R2,4.399674773216248,4.400000095367432
0.0,nan,nan,-2.1414676698583435e-09,00000_001830_02,15.0,4.781479656656984e-09,4.275121590069375e-09,0.0,coef_energy_material_checkpoint_lambdas,0.0,2.673224925994873,1.6095112562179565,75,R2,4.400000095367432,4.400000095367432
0.0,nan,nan,-2.107472876766714e-11,00000_001830_02,16.0,3.199869882952733e-11,2.1239622473995245e-12,0.0,coef_energy_material_checkpoint_lambdas,0.0,2.809741973876953,1.5840047597885132,78,R2,4.400000095367432,4.400000095367432
0.0,nan,nan,1.8469209671020508,00000_001830_03,3.0,4.013510704040527,3.825608253479004,-0.10963859409093857,coef_energy_material_checkpoint_lambdas,0.0,2.2479236125946045,1.4520877599716187,3,R2,4.20112007856369,0.3653394281864166
0.0,nan,nan,0.4684230387210846,00000_001830_03,5.0,0.46843013167381287,0.21179044246673584,0.8610859513282776,coef_energy_material_checkpoint_lambdas,0.0,2.2117791175842285,1.4389728307724,6,R2,2.036845624446869,2.074659138917923
0.0,nan,nan,0.06668799370527267,00000_001830_03,4.0,0.06907173991203308,0.059875935316085815,0.9984084963798523,coef_energy_material_checkpoint_lambdas,0.0,2.2049102783203125,1.4354979991912842,9,R2,2.0090740025043488,1.2776277959346771
0.0,nan,nan,1.385993480682373,00000_001830_03,2.0,1.4082627296447754,1.1564338207244873,0.998602032661438,coef_energy_material_checkpoint_lambdas,0.0,2.1925411224365234,1.430544137954712,12,R2,2.4469277560710907,0.5227154493331909
0.0,nan,nan,2.0033531188964844,00000_001830_03,1.0,3.690340042114258,3.0992233753204346,0.25322142243385315,coef_energy_material_checkpoint_lambdas,0.0,2.2468883991241455,1.4547585248947144,39,R2,3.8628850877285004,3.8628850877285004
0.0,nan,nan,1.1217972040176392,00000_001830_03,3.0,2.2779905796051025,2.274998903274536,0.8447418212890625,coef_energy_material_checkpoint_lambdas,1.0,2.251957416534424,1.4744584560394287,42,R2,3.3066059052944183,3.9284571409225464
0.0,nan,nan,0.20828765630722046,00000_001830_03,1.0,0.2883535921573639,0.271506130695343,0.9974932074546814,coef_energy_material_checkpoint_lambdas,0.0,2.282061815261841,1.4767944812774658,45,R2,3.490202695131302,3.6717538237571716
0.0,nan,nan,0.695726215839386,00000_001830_03,1.0,1.6127604246139526,1.454978108406067,0.9741517305374146,coef_energy_material_checkpoint_lambdas,0.0,2.2886343002319336,1.4975498914718628,48,R2,3.8628850877285004,2.1505207419395447
0.0,nan,nan,0.4381466805934906,00000_001830_03,2.0,0.4981161952018738,0.23695406317710876,-0.2360454946756363,coef_energy_material_checkpoint_lambdas,0.0,2.3337302207946777,1.5064687728881836,51,R2,3.9284571409225464,0.5412558317184448
0.0,nan,nan,0.28323084115982056,00000_001830_03,2.0,0.36546868085861206,0.23097112774848938,0.39528974890708923,coef_energy_material_checkpoint_lambdas,0.0,2.3700499534606934,1.5439913272857666,60,R2,4.159400850534439,4.159400850534439
0.0,nan,nan,0.16991135478019714,00000_001830_03,5.0,0.17001236975193024,0.005859665106981993,0.9999998211860657,coef_energy_material_checkpoint_lambdas,0.0,2.393568515777588,1.5492520332336426,63,R2,4.131214112043381,4.131214112043381
0.0,nan,nan,0.2571098506450653,00000_001830_03,2.0,0.2579464018344879,0.13354891538619995,0.8594778180122375,coef_energy_material_checkpoint_lambdas,0.0,2.4011807441711426,1.565039873123169,66,R2,4.254084289073944,3.7092577815055847
0.0,nan,nan,-0.058093760162591934,00000_001830_03,3.0,0.06550316512584686,0.03026185929775238,0.9999009370803833,coef_energy_material_checkpoint_lambdas,0.0,2.5525474548339844,1.5068374872207642,69,R2,4.159400850534439,2.0713492035865784
0.0,nan,nan,1.8469209671020508,00000_001830_04,3.0,4.013510704040527,3.825608253479004,-0.10963859409093857,coef_energy_material_checkpoint_lambdas,0.0,2.2479236125946045,1.4520877599716187,3,R2,4.20112007856369,0.3653394281864166
0.0,nan,nan,0.4684230387210846,00000_001830_04,5.0,0.46843013167381287,0.21179044246673584,0.8610859513282776,coef_energy_material_checkpoint_lambdas,0.0,2.2117791175842285,1.4389728307724,6,R2,2.036845624446869,2.074659138917923
0.0,nan,nan,0.06668799370527267,00000_001830_04,4.0,0.06907173991203308,0.059875935316085815,0.9984084963798523,coef_energy_material_checkpoint_lambdas,0.0,2.2049102783203125,1.4354979991912842,9,R2,2.0090740025043488,1.2776277959346771
0.0,nan,nan,1.385993480682373,00000_001830_04,2.0,1.4082627296447754,1.1564338207244873,0.998602032661438,coef_energy_material_checkpoint_lambdas,0.0,2.1925411224365234,1.430544137954712,12,R2,2.4469277560710907,0.5227154493331909
0.0,nan,nan,2.002573251724243,00000_001830_04,1.0,3.6893198490142822,3.098512649536133,0.2532920241355896,coef_energy_material_checkpoint_lambdas,0.0,2.2462244033813477,1.4553978443145752,39,R2,3.8628850877285004,3.8628850877285004
0.0,nan,nan,1.1221503019332886,00000_001830_04,3.0,2.2789483070373535,2.2759623527526855,0.8447098135948181,coef_energy_material_checkpoint_lambdas,1.0,2.2531168460845947,1.4733587503433228,42,R2,3.3066059052944183,3.9284571409225464
0.0,nan,nan,0.2076907753944397,00000_001830_04,1.0,0.28756940364837646,0.27078256011009216,0.9974822998046875,coef_energy_material_checkpoint_lambdas,0.0,2.2807624340057373,1.472573161125183,45,R2,3.490202695131302,3.6717538237571716
0.0,nan,nan,0.6967639327049255,00000_001830_04,1.0,1.6147868633270264,0.537375807762146,0.9741263389587402,coef_energy_material_checkpoint_lambdas,0.0,2.2926197052001953,1.4927611351013184,48,R2,3.8628850877285004,0.5599706768989563
0.0,nan,nan,2.751418352127075,00000_001830_04,1.0,3.483255386352539,2.1360628604888916,0.9995320439338684,coef_energy_material_checkpoint_lambdas,0.0,2.323638677597046,1.5120185613632202,51,R2,4.328555405139923,4.328555405139923
0.0,nan,nan,0.018518568947911263,00000_001830_04,2.0,0.09362268447875977,0.09036596119403839,0.9662293791770935,coef_energy_material_checkpoint_lambdas,1.0,2.3361010551452637,1.5220565795898438,54,R2,4.17138671875,4.377303421497345
0.0,nan,nan,-0.13379256427288055,00000_001830_04,3.0,0.19401852786540985,0.19396039843559265,-0.1580677330493927,coef_energy_material_checkpoint_lambdas,1.0,2.363269329071045,1.5270649194717407,57,R2,4.201359510421753,4.373493432998657
0.0,nan,nan,0.06783296912908554,00000_001830_04,4.0,0.1932513564825058,0.12157505005598068,0.9595514535903931,coef_energy_material_checkpoint_lambdas,0.0,2.356785774230957,1.5549625158309937,60,R2,4.185819625854492,1.697999894618988
0.0,nan,nan,3.723417043685913,00000_001830_04,2.0,3.7234296798706055,2.6397109031677246,0.9982121586799622,coef_energy_material_checkpoint_lambdas,0.0,2.3150811195373535,1.5996061563491821,63,R2,4.184867560863495,0.5835415720939636
0.0,nan,nan,0.029164191335439682,00000_001830_04,3.0,1.997990608215332,1.4332643747329712,0.9938570261001587,coef_energy_material_checkpoint_lambdas,0.0,2.3701090812683105,1.619536280632019,66,R2,4.318872570991516,1.6575230956077576
0.0,nan,nan,3.979513168334961,00000_001830_04,5.0,4.067276477813721,4.04104471206665,0.9899803996086121,coef_energy_material_checkpoint_lambdas,0.0,2.46760892868042,1.6172384023666382,69,R2,4.381215751171112,4.401938617229462
0.0,nan,nan,0.75392746925354,00000_001830_04,7.0,1.5739012956619263,0.8985546231269836,0.9861780405044556,coef_energy_material_checkpoint_lambdas,0.0,2.5308356285095215,1.6408324241638184,72,R2,4.395706355571747,0.5558792352676392
0.0,nan,nan,3.62788724899292,00000_001830_04,5.0,4.056101322174072,4.056101322174072,1.0,coef_energy_material_checkpoint_lambdas,0.0,2.558530807495117,1.6442229747772217,75,R2,4.400810241699219,0.5558789372444153
0.0,nan,nan,0.4033529758453369,00000_001830_04,12.0,0.40410977602005005,0.26773396134376526,0.9982407093048096,coef_energy_material_checkpoint_lambdas,0.0,2.6072893142700195,1.6081674098968506,78,R2,4.40000057220459,4.400003373622894
0.0,nan,nan,0.00019581765809562057,00000_001830_04,14.0,0.00021107136853970587,7.878176256781444e-05,0.0,coef_energy_material_checkpoint_lambdas,0.0,2.7338662147521973,1.56430983543396,81,R2,4.400000095367432,4.400000095367432
0.0,nan,nan,3.557363986968994,00000_001830_05,1.0,3.5678162574768066,2.322467088699341,0.94437175989151,coef_energy_material_checkpoint_lambdas,0.0,2.1767189502716064,1.472374439239502,0,R2,4.201323926448822,0.38375723361968994
0.0,nan,nan,3.454524517059326,00000_001830_05,1.0,3.4642980098724365,2.2588415145874023,0.36925220489501953,coef_energy_material_checkpoint_lambdas,0.0,2.188551664352417,1.44368314743042,3,R2,2.258021891117096,2.038738250732422
0.0,nan,nan,0.014489305205643177,00000_001830_05,3.0,0.02402539737522602,0.02153027430176735,0.9200637340545654,coef_energy_material_checkpoint_lambdas,0.0,2.1796069145202637,1.4333211183547974,6,R2,2.078608423471451,1.0133835971355438
0.0,nan,nan,0.2736169993877411,00000_001830_05,3.0,0.9336398839950562,0.4377197027206421,0.9710421562194824,coef_energy_material_checkpoint_lambdas,0.0,2.1698660850524902,1.4380955696105957,9,R2,2.0411364138126373,0.260692834854126
0.0,nan,nan,2.1485841274261475,00000_001830_05,1.0,4.357113361358643,4.199579238891602,0.9969439506530762,coef_energy_material_checkpoint_lambdas,0.0,2.2012312412261963,1.4368789196014404,27,R2,3.3552165031433105,0.3908039331436157
0.0,nan,nan,-0.22664445638656616,00000_001830_05,1.0,1.4809437990188599,1.4634981155395508,0.9441708922386169,coef_energy_material_checkpoint_lambdas,0.0,2.2594642639160156,1.4628713130950928,36,R2,3.9248233437538147,3.9248233437538147
0.0,nan,nan,-0.18024201691150665,00000_001830_05,1.0,0.6143549680709839,0.44470834732055664,0.9990144968032837,coef_energy_material_checkpoint_lambdas,0.0,2.2667555809020996,1.4788085222244263,39,R2,3.678736388683319,4.082872688770294
0.0,nan,nan,-0.03378338739275932,00000_001830_05,2.0,0.7565032839775085,0.7557485699653625,0.9999947547912598,coef_energy_material_checkpoint_lambdas,0.0,2.308077096939087,1.507631540298462,45,R2,3.9248233437538147,1.077222466468811
0.0,nan,nan,3.0411300659179688,00000_001830_05,2.0,3.836597204208374,3.8043394088745117,0.8997223377227783,coef_energy_material_checkpoint_lambdas,0.0,2.2931923866271973,1.5941883325576782,54,R2,4.239081025123596,3.4800826013088226
0.0,nan,nan,0.25299134850502014,00000_001830_05,4.0,0.26166319847106934,0.21888281404972076,0.2852303981781006,coef_energy_material_checkpoint_lambdas,0.0,2.3085293769836426,1.6051465272903442,57,R2,4.098036587238312,1.4752439856529236
0.0,nan,nan,0.008237648755311966,00000_001830_05,1.0,0.016582680866122246,0.012366034090518951,1.0,coef_energy_material_checkpoint_lambdas,0.0,2.3804047107696533,1.6308622360229492,63,R2,4.403325855731964,0.556433916091919
0.0,nan,nan,4.425695419311523,00000_001830_05,1.0,4.425695896148682,4.425695419311523,0.9999635219573975,coef_energy_material_checkpoint_lambdas,0.0,2.499854564666748,1.5873020887374878,69,R2,4.40545916557312,0.5597072839736938
0.0,nan,nan,3.1769232749938965,00000_001830_05,4.0,3.325831413269043,2.9422380924224854,0.9753560423851013,coef_energy_material_checkpoint_lambdas,0.0,2.617079019546509,1.5331250429153442,72,R2,4.40121191740036,0.5836459994316101
0.0,nan,nan,3.7612340450286865,00000_001830_05,5.0,5.084504127502441,4.435137748718262,0.996694803237915,coef_energy_material_checkpoint_lambdas,0.0,2.72169828414917,1.5218812227249146,75,R2,4.401355445384979,0.5885880589485168
0.0,nan,nan,1.99641752243042,00000_001830_06,4.0,2.217085361480713,2.2168774604797363,0.9623885750770569,coef_energy_material_checkpoint_lambdas,0.0,2.2011570930480957,1.427870750427246,0,R1,2.0628294944763184,0.8460752964019775
0.0,nan,nan,4.251730918884277,00000_001830_06,2.0,4.256237030029297,3.971628189086914,0.9662211537361145,coef_energy_material_checkpoint_lambdas,0.0,2.1838507652282715,1.4221203327178955,3,R1,2.4564468264579773,0.32088392972946167
0.0,nan,nan,4.089783191680908,00000_001830_06,1.0,4.300606727600098,4.089783191680908,0.9998621344566345,coef_energy_material_checkpoint_lambdas,0.0,2.181328535079956,1.4238184690475464,6,R1,2.0712133944034576,0.2921556532382965
0.0,nan,nan,2.145811080932617,00000_001830_06,1.0,4.351394176483154,4.194080829620361,0.9969447255134583,coef_energy_material_checkpoint_lambdas,0.0,2.197991371154785,1.437177062034607,24,R1,3.3552165031433105,0.3908039331436157
0.0,nan,nan,-0.2265622913837433,00000_001830_06,1.0,1.478686809539795,1.4612269401550293,0.9442302584648132,coef_energy_material_checkpoint_lambdas,0.0,2.2548561096191406,1.465840220451355,33,R1,3.9248233437538147,3.9248233437538147
0.0,nan,nan,-0.18022218346595764,00000_001830_06,1.0,0.6142287850379944,0.4446046054363251,0.9990158081054688,coef_energy_material_checkpoint_lambdas,0.0,2.264793634414673,1.479627013206482,36,R1,3.678736388683319,4.082872688770294
0.0,nan,nan,-0.03379013389348984,00000_001830_06,2.0,0.7566076517105103,0.7558526992797852,0.9999947547912598,coef_energy_material_checkpoint_lambdas,0.0,2.3064234256744385,1.5110069513320923,42,R1,3.9248233437538147,1.077222466468811
0.0,nan,nan,3.0419881343841553,00000_001830_06,2.0,3.8377175331115723,3.8054563999176025,0.8997167348861694,coef_energy_material_checkpoint_lambdas,0.0,2.2939224243164062,1.5936179161071777,51,R1,4.239081025123596,3.4800826013088226
0.0,nan,nan,0.2550743520259857,00000_001830_06,4.0,0.26361986994743347,0.2209312468767166,0.28249162435531616,coef_energy_material_checkpoint_lambdas,0.0,2.3277595043182373,1.5926268100738525,54,R1,4.098036587238312,1.4752439856529236
0.0,nan,nan,2.4041290283203125,00000_001830_06,1.0,3.3974661827087402,3.397465229034424,0.9999479651451111,coef_energy_material_checkpoint_lambdas,0.0,2.4780449867248535,1.5540109872817993,60,R1,4.405387997627258,0.5638486742973328
0.0,nan,nan,2.0256969928741455,00000_001830_07,3.0,2.0561587810516357,2.0256969928741455,0.09970889240503311,coef_energy_material_checkpoint_lambdas,0.0,2.1891798973083496,1.4408979415893555,0,R1,2.226116180419922,1.7737008333206177
0.0,nan,nan,0.014506569132208824,00000_001830_07,3.0,0.024047285318374634,0.021552149206399918,0.9199807047843933,coef_energy_material_checkpoint_lambdas,0.0,2.182677984237671,1.4309300184249878,3,R1,2.078608423471451,1.0133835971355438
0.0,nan,nan,0.2733031213283539,00000_001830_07,3.0,0.932682991027832,0.43730202317237854,0.9710511565208435,coef_energy_material_checkpoint_lambdas,0.0,2.167311668395996,1.4392681121826172,6,R1,2.0411364138126373,0.260692834854126
0.0,nan,nan,2.1473212242126465,00000_001830_07,1.0,4.354557037353516,4.19711446762085,0.9969437718391418,coef_energy_material_checkpoint_lambdas,0.0,2.199958324432373,1.4359185695648193,24,R1,3.3552165031433105,0.3908039331436157
0.0,nan,nan,-0.22588536143302917,00000_001830_07,1.0,1.4614238739013672,1.4438613653182983,0.9446781873703003,coef_energy_material_checkpoint_lambdas,0.0,2.219820261001587,1.4875949621200562,33,R1,3.9248233437538147,3.9248233437538147
0.0,nan,nan,-0.1943339705467224,00000_001830_07,2.0,0.23880746960639954,0.03927386552095413,0.9985977411270142,coef_energy_material_checkpoint_lambdas,0.0,2.211400032043457,1.5132654905319214,36,R1,3.3875994086265564,1.6612417995929718
0.0,nan,nan,2.6636605262756348,00000_001830_07,1.0,3.3900396823883057,2.6636605262756348,-0.09632179886102676,coef_energy_material_checkpoint_lambdas,0.0,2.2408125400543213,1.5248578786849976,39,R1,3.7712066769599915,0.334156334400177
0.0,nan,nan,1.8286442756652832,00000_001830_07,1.0,2.082627534866333,1.9978153705596924,0.9630233645439148,coef_energy_material_checkpoint_lambdas,0.0,2.4564177989959717,1.532442569732666,48,R1,4.408696293830872,0.5749514698982239
0.0,nan,nan,4.07750129699707,00000_001830_07,2.0,4.7840495109558105,4.766055583953857,0.9966091513633728,coef_energy_material_checkpoint_lambdas,0.0,2.4648847579956055,1.5495156049728394,51,R1,4.403908669948578,0.6003627777099609
0.0,nan,nan,4.095268726348877,00000_001830_07,4.0,4.18413782119751,3.2793097496032715,0.9843854308128357,coef_energy_material_checkpoint_lambdas,0.0,2.5283288955688477,1.5391236543655396,54,R1,4.400504291057587,3.3272945284843445
0.0,nan,nan,0.17356272041797638,00000_001830_07,7.0,0.22979126870632172,0.17356273531913757,0.9985339045524597,coef_energy_material_checkpoint_lambdas,0.0,2.640737295150757,1.4927024841308594,57,R1,4.400000095367432,4.403143465518951
0.0,nan,nan,3.6808645725250244,00000_001831_00,1.0,3.8547983169555664,3.6808648109436035,0.9976112842559814,coef_energy_material_checkpoint_lambdas,0.0,2.1994194984436035,1.49019455909729,0,R2,4.279005348682404,0.484188437461853
0.0,nan,nan,3.531233310699463,00000_001831_00,3.0,3.6675589084625244,3.531233310699463,0.2509238123893738,coef_energy_material_checkpoint_lambdas,0.0,2.188504457473755,1.4520741701126099,3,R2,4.223764657974243,0.354282408952713
0.0,nan,nan,3.1315503120422363,00000_001831_00,1.0,3.685170888900757,3.1315503120422363,0.9908798933029175,coef_energy_material_checkpoint_lambdas,0.0,2.195345401763916,1.4344027042388916,6,R2,2.0998583137989044,2.0540833175182343
0.0,nan,nan,1.1505467891693115,00000_001831_00,3.0,1.1670644283294678,1.116580605506897,0.9940471649169922,coef_energy_material_checkpoint_lambdas,0.0,2.182584762573242,1.4346649646759033,9,R2,2.0419840216636658,1.295700341463089
0.0,nan,nan,0.23072756826877594,00000_001831_00,1.0,0.2583025097846985,0.25560927391052246,0.9750833511352539,coef_energy_material_checkpoint_lambdas,0.0,2.173976421356201,1.4313206672668457,12,R2,2.0478674173355103,0.278720498085022
0.0,nan,nan,0.22424934804439545,00000_001831_00,1.0,2.382222890853882,2.3716444969177246,0.7938179969787598,coef_energy_material_checkpoint_lambdas,0.0,2.229304313659668,1.4436314105987549,33,R2,3.5644815266132355,3.5644815266132355
0.0,nan,nan,-0.3617430031299591,00000_001831_00,1.0,2.2445194721221924,2.215177059173584,0.44647079706192017,coef_energy_material_checkpoint_lambdas,0.0,2.2442545890808105,1.4552878141403198,36,R2,3.8678418695926666,3.8678418695926666
0.0,nan,nan,0.3078491687774658,00000_001831_00,3.0,0.3655428886413574,0.3139706552028656,0.9904094338417053,coef_energy_material_checkpoint_lambdas,1.0,2.2669754028320312,1.470413088798523,39,R2,3.3239435255527496,3.945084720849991
0.0,nan,nan,0.36372002959251404,00000_001831_00,3.0,0.40918299555778503,0.330323189496994,0.9999797344207764,coef_energy_material_checkpoint_lambdas,1.0,2.2723143100738525,1.4763541221618652,42,R2,3.3587360084056854,4.19107973575592
0.0,nan,nan,0.28650742769241333,00000_001831_00,2.0,2.3916561603546143,2.3744330406188965,0.9774944186210632,coef_energy_material_checkpoint_lambdas,1.0,2.2938764095306396,1.4963128566741943,45,R2,3.8678418695926666,4.18825563788414
0.0,nan,nan,-0.03362922742962837,00000_001831_00,4.0,0.13707301020622253,0.1328837275505066,0.9999999403953552,coef_energy_material_checkpoint_lambdas,1.0,2.32481050491333,1.50852370262146,48,R2,3.945084720849991,4.230209976434708
0.0,nan,nan,0.11206693947315216,00000_001831_00,3.0,2.450531005859375,2.447967052459717,0.7642225623130798,coef_energy_material_checkpoint_lambdas,1.0,2.3268749713897705,1.5227057933807373,51,R2,4.19107973575592,4.3651556968688965
0.0,nan,nan,0.025697633624076843,00000_001831_00,2.0,0.13080571591854095,0.07252015918493271,-0.11971933394670486,coef_energy_material_checkpoint_lambdas,0.0,2.305084466934204,1.5635056495666504,54,R2,4.331706941127777,2.760174036026001
0.0,nan,nan,1.5215966701507568,00000_001831_00,4.0,1.5216323137283325,0.4713055193424225,0.9980946779251099,coef_energy_material_checkpoint_lambdas,0.0,2.363494634628296,1.5517889261245728,57,R2,4.221766799688339,0.5597075819969177
0.0,nan,nan,0.5675912499427795,00000_001831_00,3.0,2.1544461250305176,2.0783355236053467,0.9999751448631287,coef_energy_material_checkpoint_lambdas,0.0,2.4508752822875977,1.592458724975586,63,R2,4.32819527387619,4.32819527387619
0.0,nan,nan,0.06510338187217712,00000_001831_00,7.0,0.06511325389146805,0.03012903593480587,0.9996957182884216,coef_energy_material_checkpoint_lambdas,0.0,2.4733333587646484,1.6022865772247314,66,R2,4.302229583263397,4.331716358661652
0.0,nan,nan,-0.06461629271507263,00000_001831_00,8.0,0.06754789501428604,0.059609174728393555,-0.28570520877838135,coef_energy_material_checkpoint_lambdas,0.0,2.4840822219848633,1.6229058504104614,69,R2,4.3870901465415955,4.395752906799316
0.0,nan,nan,0.0005505487788468599,00000_001831_00,12.0,0.0005535805830731988,5.785797839052975e-05,0.8902240991592407,coef_energy_material_checkpoint_lambdas,0.0,2.535839319229126,1.602664589881897,72,R2,4.32819527387619,4.400000095367432
0.0,nan,nan,-7.28120369331009e-07,00000_001831_00,12.0,8.755707199270546e-07,4.862765194957319e-07,0.0,coef_energy_material_checkpoint_lambdas,0.0,2.703486919403076,1.5420491695404053,75,R2,4.331716358661652,4.400000095367432
0.0,nan,nan,3.59309983253479,00000_001831_01,1.0,3.600400686264038,2.378657579421997,0.9626649618148804,coef_energy_material_checkpoint_lambdas,0.0,2.1829190254211426,1.4646780490875244,0,R2,4.199469804763794,0.3845711052417755
0.0,nan,nan,3.2481162548065186,00000_001831_01,2.0,3.520345449447632,3.5122575759887695,0.5022286176681519,coef_energy_material_checkpoint_lambdas,0.0,2.20241641998291,1.4321403503417969,3,R2,2.0746362805366516,0.2677983343601227
0.0,nan,nan,1.2919358015060425,00000_001831_01,4.0,1.3043392896652222,1.2919358015060425,0.9935534000396729,coef_energy_material_checkpoint_lambdas,0.0,2.1874310970306396,1.4315353631973267,6,R2,2.011856108903885,1.5473703742027283
0.0,nan,nan,0.7258985042572021,00000_001831_01,2.0,0.7508907318115234,0.6491338014602661,0.9963851571083069,coef_energy_material_checkpoint_lambdas,0.0,2.1705236434936523,1.441917896270752,9,R2,2.025573194026947,0.7879176437854767
0.0,nan,nan,0.5488795042037964,00000_001831_01,1.0,2.1430296897888184,2.071547269821167,0.9826892614364624,coef_energy_material_checkpoint_lambdas,0.0,2.2212228775024414,1.4394391775131226,30,R2,3.5968103110790253,3.5968103110790253
0.0,nan,nan,-0.058952752500772476,00000_001831_01,1.0,1.481215000152588,1.4800413846969604,0.8654320240020752,coef_energy_material_checkpoint_lambdas,0.0,2.2427432537078857,1.4495265483856201,33,R2,3.728224366903305,3.728224366903305
0.0,nan,nan,0.17977696657180786,00000_001831_01,2.0,0.36514532566070557,0.364668071269989,0.887645423412323,coef_energy_material_checkpoint_lambdas,1.0,2.255225658416748,1.459707260131836,36,R2,3.2970795333385468,3.934239536523819
0.0,nan,nan,-0.14806197583675385,00000_001831_01,3.0,0.40501654148101807,0.37698283791542053,0.9999139308929443,coef_energy_material_checkpoint_lambdas,1.0,2.2645809650421143,1.47455632686615,39,R2,3.5968103110790253,4.112210005521774
0.0,nan,nan,0.811792254447937,00000_001831_01,2.0,1.634070634841919,1.4181607961654663,0.9294876456260681,coef_energy_material_checkpoint_lambdas,1.0,2.2924087047576904,1.4884717464447021,42,R2,3.728224366903305,4.1865971982479095
0.0,nan,nan,-0.427228718996048,00000_001831_01,4.0,1.2090827226638794,1.1310865879058838,0.9647434949874878,coef_energy_material_checkpoint_lambdas,1.0,2.3204681873321533,1.5036861896514893,45,R2,3.934239536523819,4.2139483988285065
0.0,nan,nan,0.14397966861724854,00000_001831_01,4.0,2.234302520751953,2.229658603668213,0.760090708732605,coef_energy_material_checkpoint_lambdas,1.0,2.3152356147766113,1.5192914009094238,48,R2,4.112210005521774,4.316565006971359
0.0,nan,nan,-0.07119940966367722,00000_001831_01,2.0,0.2264876514673233,0.2023773193359375,0.30380332469940186,coef_energy_material_checkpoint_lambdas,0.0,2.3098955154418945,1.5478918552398682,51,R2,4.3487343192100525,3.8573394417762756
0.0,nan,nan,0.12382633984088898,00000_001831_01,3.0,0.12399674206972122,0.03299263119697571,0.9952842593193054,coef_energy_material_checkpoint_lambdas,0.0,2.3231420516967773,1.5590577125549316,54,R2,4.170364439487457,1.657990276813507
0.0,nan,nan,3.4200310707092285,00000_001831_01,1.0,3.933799982070923,3.9282407760620117,0.9831889271736145,coef_energy_material_checkpoint_lambdas,0.0,2.4224772453308105,1.6035382747650146,60,R2,4.4053730964660645,0.5657182335853577
0.0,nan,nan,2.8008432388305664,00000_001831_01,5.0,3.9609222412109375,2.8008432388305664,0.9999998211860657,coef_energy_material_checkpoint_lambdas,0.0,2.4807164669036865,1.6334073543548584,63,R2,4.308847546577454,4.400997698307037
0.0,nan,nan,-0.00011949111649300903,00000_001831_01,13.0,0.0006619069608859718,0.0005288626998662949,0.3290760815143585,coef_energy_material_checkpoint_lambdas,0.0,2.6809091567993164,1.5596128702163696,66,R2,4.39943790435791,4.400000095367432
0.0,nan,nan,3.679196357727051,00000_001831_02,1.0,3.853048086166382,3.67919659614563,0.997611403465271,coef_energy_material_checkpoint_lambdas,0.0,2.198338031768799,1.4899768829345703,0,R2,4.279005348682404,0.484188437461853
0.0,nan,nan,3.530795097351074,00000_001831_02,3.0,3.667106866836548,3.5307953357696533,0.25092098116874695,coef_energy_material_checkpoint_lambdas,0.0,2.1882364749908447,1.4518166780471802,3,R2,4.223764657974243,0.354282408952713
0.0,nan,nan,3.138949155807495,00000_001831_02,1.0,3.69382905960083,3.138949155807495,0.9908769726753235,coef_energy_material_checkpoint_lambdas,0.0,2.2008471488952637,1.434463381767273,6,R2,2.0998583137989044,2.0540833175182343
0.0,nan,nan,1.1481082439422607,00000_001831_02,3.0,1.1645944118499756,1.114223599433899,0.9940491914749146,coef_energy_material_checkpoint_lambdas,0.0,2.177607536315918,1.435272216796875,9,R2,2.0419840216636658,1.295700341463089
0.0,nan,nan,0.23065055906772614,00000_001831_02,1.0,0.2582298517227173,0.25553348660469055,0.975106418132782,coef_energy_material_checkpoint_lambdas,0.0,2.172370672225952,1.431941032409668,12,R2,2.0478674173355103,0.278720498085022
0.0,nan,nan,0.22437670826911926,00000_001831_02,1.0,2.3800692558288574,2.369469165802002,0.7939026951789856,coef_energy_material_checkpoint_lambdas,0.0,2.226883888244629,1.4450980424880981,33,R2,3.5644815266132355,3.5644815266132355
0.0,nan,nan,-0.3618556559085846,00000_001831_02,1.0,2.2423624992370605,2.212973117828369,0.4466569125652313,coef_energy_material_checkpoint_lambdas,0.0,2.2418651580810547,1.4557409286499023,36,R2,3.8678418695926666,3.8678418695926666
0.0,nan,nan,0.3070802688598633,00000_001831_02,3.0,0.36471399664878845,0.3133259415626526,0.9903595447540283,coef_energy_material_checkpoint_lambdas,1.0,2.267671585083008,1.4656363725662231,39,R2,3.3239435255527496,3.945084720849991
0.0,nan,nan,0.36335715651512146,00000_001831_02,3.0,0.4087761640548706,0.32999637722969055,0.9999796152114868,coef_energy_material_checkpoint_lambdas,1.0,2.27245831489563,1.4748203754425049,42,R2,3.3587360084056854,4.19107973575592
0.0,nan,nan,3.377959728240967,00000_001831_02,2.0,3.6717405319213867,2.7495243549346924,0.941461443901062,coef_energy_material_checkpoint_lambdas,0.0,2.3217291831970215,1.510690689086914,48,R2,4.229243695735931,1.6735753417015076
0.0,nan,nan,0.4914988875389099,00000_001831_02,3.0,1.5386135578155518,1.3785029649734497,0.9536116719245911,coef_energy_material_checkpoint_lambdas,0.0,2.338883876800537,1.5274701118469238,51,R2,4.164910316467285,3.856042444705963
0.0,nan,nan,0.004035626538097858,00000_001831_02,4.0,0.011215108446776867,0.011163948103785515,0.8209351301193237,coef_energy_material_checkpoint_lambdas,0.0,2.348019599914551,1.5315066576004028,54,R2,4.234557509422302,2.2063757181167603
0.0,nan,nan,1.5131183862686157,00000_001831_02,4.0,1.5131537914276123,0.4686933159828186,0.9980952739715576,coef_energy_material_checkpoint_lambdas,0.0,2.3499560356140137,1.5621604919433594,57,R2,4.221766799688339,0.5597075819969177
0.0,nan,nan,4.3827691078186035,00000_001831_02,1.0,4.557301044464111,3.982353925704956,0.9999830722808838,coef_energy_material_checkpoint_lambdas,0.0,2.428321361541748,1.6214240789413452,63,R2,4.398473918437958,0.5822409391403198
0.0,nan,nan,0.5054073333740234,00000_001831_02,8.0,1.631172776222229,0.5054073929786682,0.9977590441703796,coef_energy_material_checkpoint_lambdas,0.0,2.5319690704345703,1.6194654703140259,66,R2,4.38721889257431,4.400006651878357
0.0,nan,nan,-6.05328350502532e-05,00000_001831_02,13.0,8.836881897877902e-05,6.438030686695129e-05,0.0029781614430248737,coef_energy_material_checkpoint_lambdas,0.0,2.5696568489074707,1.633620023727417,69,R2,4.317104876041412,4.400000095367432
0.0,nan,nan,-1.0525433680186325e-07,00000_001831_02,13.0,1.3832718082085194e-07,8.975485599194144e-08,0.0,coef_energy_material_checkpoint_lambdas,0.0,2.5780043601989746,1.635976791381836,72,R2,4.399453639984131,4.400000095367432
0.0,nan,nan,-4.600361758200222e-10,00000_001831_02,16.0,2.046619318463172e-09,1.9942461015887147e-09,0.0,coef_energy_material_checkpoint_lambdas,0.0,2.6269493103027344,1.6035889387130737,75,R2,4.400000095367432,4.400000095367432
0.0,nan,nan,-4.153596910860813e-11,00000_001831_02,16.0,8.544802365673121e-11,2.343175653507501e-11,0.0,coef_energy_material_checkpoint_lambdas,0.0,2.751492500305176,1.5701390504837036,78,R2,4.400000095367432,4.400000095367432
0.0,nan,nan,3.681094169616699,00000_001831_03,1.0,3.8550398349761963,3.681094169616699,0.9976111054420471,coef_energy_material_checkpoint_lambdas,0.0,2.199591875076294,1.4900987148284912,0,R2,4.279005348682404,0.484188437461853
0.0,nan,nan,3.529452323913574,00000_001831_03,3.0,3.6656837463378906,3.529452085494995,0.2509474754333496,coef_energy_material_checkpoint_lambdas,0.0,2.1873717308044434,1.4519741535186768,3,R2,4.223764657974243,0.354282408952713
0.0,nan,nan,3.132714033126831,00000_001831_03,1.0,3.6865530014038086,3.132714033126831,0.99088054895401,coef_energy_material_checkpoint_lambdas,0.0,2.196080446243286,1.4357900619506836,6,R2,2.0998583137989044,2.0540833175182343
0.0,nan,nan,1.149916410446167,00000_001831_03,3.0,1.1664265394210815,1.115972876548767,0.9940479397773743,coef_energy_material_checkpoint_lambdas,0.0,2.1812405586242676,1.4354194402694702,9,R2,2.0419840216636658,1.295700341463089
0.0,nan,nan,0.23051276803016663,00000_001831_03,1.0,0.25807705521583557,0.25538188219070435,0.9751089811325073,coef_energy_material_checkpoint_lambdas,0.0,2.1709752082824707,1.4312071800231934,12,R2,2.0478674173355103,0.278720498085022
0.0,nan,nan,0.22447749972343445,00000_001831_03,1.0,2.3765580654144287,2.3659327030181885,0.7940136194229126,coef_energy_material_checkpoint_lambdas,0.0,2.2230687141418457,1.4465922117233276,33,R2,3.5644815266132355,3.5644815266132355
0.0,nan,nan,-0.3614073097705841,00000_001831_03,1.0,2.245950937271118,2.216682195663452,0.4462421238422394,coef_energy_material_checkpoint_lambdas,0.0,2.2459723949432373,1.453937292098999,36,R2,3.8678418695926666,3.8678418695926666
0.0,nan,nan,0.3078986704349518,00000_001831_03,3.0,0.3656062185764313,0.31402868032455444,0.9904067516326904,coef_energy_material_checkpoint_lambdas,1.0,2.2676820755004883,1.4705902338027954,39,R2,3.3239435255527496,3.945084720849991
0.0,nan,nan,0.3638460636138916,00000_001831_03,3.0,0.4093239903450012,0.33043617010116577,0.9999797940254211,coef_energy_material_checkpoint_lambdas,1.0,2.271833896636963,1.4768975973129272,42,R2,3.3587360084056854,4.19107973575592
0.0,nan,nan,0.2865297496318817,00000_001831_03,2.0,2.391568660736084,2.374342203140259,0.9774914383888245,coef_energy_material_checkpoint_lambdas,1.0,2.2939393520355225,1.4948272705078125,45,R2,3.8678418695926666,4.18825563788414
0.0,nan,nan,-0.033678922802209854,00000_001831_03,4.0,0.1372755765914917,0.13308009505271912,0.9999999403953552,coef_energy_material_checkpoint_lambdas,1.0,2.3264026641845703,1.5107529163360596,48,R2,3.945084720849991,4.230209976434708
0.0,nan,nan,0.11181645840406418,00000_001831_03,3.0,2.4676220417022705,2.4650871753692627,0.763952374458313,coef_energy_material_checkpoint_lambdas,1.0,2.3442656993865967,1.5193023681640625,51,R2,4.19107973575592,4.3651556968688965
0.0,nan,nan,-0.6793947815895081,00000_001831_03,2.0,1.5255523920059204,1.3659182786941528,0.8697831034660339,coef_energy_material_checkpoint_lambdas,0.0,2.359508514404297,1.5289514064788818,54,R2,4.18825563788414,4.287355601787567
0.0,nan,nan,-0.0026743493508547544,00000_001831_03,4.0,0.0028337365947663784,0.0009369733743369579,0.6193952560424805,coef_energy_material_checkpoint_lambdas,0.0,2.4478461742401123,1.5098850727081299,57,R2,4.230209976434708,4.280316591262817
0.0,nan,nan,0.09804041683673859,00000_001831_03,5.0,0.09824911504983902,0.07385078817605972,0.9979820251464844,coef_energy_material_checkpoint_lambdas,0.0,2.5734899044036865,1.4790929555892944,60,R2,4.311585426330566,4.336213529109955
0.0,nan,nan,2.0261693000793457,00000_001831_04,4.0,2.056816339492798,2.0261693000793457,0.0975176990032196,coef_energy_material_checkpoint_lambdas,0.0,2.190795421600342,1.438094973564148,0,R2,2.2414413690567017,1.5264942646026611
0.0,nan,nan,0.06232538819313049,00000_001831_04,3.0,0.0638919323682785,0.0620339997112751,0.7508074045181274,coef_energy_material_checkpoint_lambdas,0.0,2.185555934906006,1.434708833694458,3,R2,2.0803025364875793,0.7660008370876312
0.0,nan,nan,0.6939468383789062,00000_001831_04,2.0,3.0138118267059326,2.312861680984497,0.9964626431465149,coef_energy_material_checkpoint_lambdas,0.0,2.1703407764434814,1.4365007877349854,6,R2,2.0862569212913513,0.27841249108314514
0.0,nan,nan,0.5485456585884094,00000_001831_04,1.0,2.141883134841919,2.0704495906829834,0.9826928973197937,coef_energy_material_checkpoint_lambdas,0.0,2.219805955886841,1.4405646324157715,27,R2,3.5968103110790253,3.5968103110790253
0.0,nan,nan,-0.05910315737128258,00000_001831_04,1.0,1.4790754318237305,1.4778941869735718,0.8655118942260742,coef_energy_material_checkpoint_lambdas,0.0,2.238887310028076,1.4532246589660645,30,R2,3.728224366903305,3.728224366903305
0.0,nan,nan,0.18002989888191223,00000_001831_04,2.0,0.36541077494621277,0.36492598056793213,0.8874683380126953,coef_energy_material_checkpoint_lambdas,1.0,2.2585370540618896,1.4590516090393066,33,R2,3.2970795333385468,3.934239536523819
0.0,nan,nan,-0.1482745260000229,00000_001831_04,3.0,0.4056428372859955,0.3775722086429596,0.9999144077301025,coef_energy_material_checkpoint_lambdas,1.0,2.2605748176574707,1.4769961833953857,36,R2,3.5968103110790253,4.112210005521774
0.0,nan,nan,0.8111391067504883,00000_001831_04,2.0,1.632710576057434,1.4169676303863525,0.9294935464859009,coef_energy_material_checkpoint_lambdas,1.0,2.2904090881347656,1.4877183437347412,39,R2,3.728224366903305,4.1865971982479095
0.0,nan,nan,-0.4267558157444,00000_001831_04,4.0,1.208356499671936,1.1304887533187866,0.9647936820983887,coef_energy_material_checkpoint_lambdas,1.0,2.317448139190674,1.508087158203125,42,R2,3.934239536523819,4.2139483988285065
0.0,nan,nan,0.14565785229206085,00000_001831_04,4.0,2.250361442565918,2.2456424236297607,0.7599044442176819,coef_energy_material_checkpoint_lambdas,1.0,2.3326573371887207,1.5163531303405762,45,R2,4.112210005521774,4.316565006971359
0.0,nan,nan,-0.2370612919330597,00000_001831_04,3.0,2.358229160308838,2.3462836742401123,0.5890048146247864,coef_energy_material_checkpoint_lambdas,1.0,2.35617733001709,1.5311883687973022,48,R2,4.1865971982479095,4.316539466381073
0.0,nan,nan,-0.02478516660630703,00000_001831_04,3.0,0.032916195690631866,0.021660367026925087,0.17796900868415833,coef_energy_material_checkpoint_lambdas,0.0,2.374835252761841,1.5367720127105713,51,R2,4.2139483988285065,4.280291140079498
0.0,nan,nan,0.06869358569383621,00000_001831_04,5.0,0.06881846487522125,0.004143888596445322,0.9985948801040649,coef_energy_material_checkpoint_lambdas,0.0,2.3879525661468506,1.5513461828231812,54,R2,4.286404132843018,4.286404132843018
0.0,nan,nan,0.10323423892259598,00000_001831_04,4.0,0.10323423892259598,3.198857302777469e-05,1.0,coef_energy_material_checkpoint_lambdas,0.0,2.409140110015869,1.5570147037506104,57,R2,4.316539466381073,4.3797972202301025
0.0,nan,nan,0.0027054946403950453,00000_001831_04,4.0,0.002915231743827462,0.0010857605375349522,0.7810942530632019,coef_energy_material_checkpoint_lambdas,1.0,2.4248902797698975,1.577299952507019,60,R2,4.280291140079498,4.387865722179413
0.0,nan,nan,0.1317344754934311,00000_001831_04,4.0,0.1441279798746109,0.05847138911485672,-0.029731376096606255,coef_energy_material_checkpoint_lambdas,1.0,2.4570250511169434,1.5880765914916992,63,R2,4.286404132843018,4.3926679491996765
0.0,nan,nan,-0.3625252842903137,00000_001831_04,6.0,2.378735065460205,2.350947856903076,0.7958822250366211,coef_energy_material_checkpoint_lambdas,0.0,2.458214044570923,1.603242039680481,66,R2,4.3797972202301025,4.400882661342621
0.0,nan,nan,-0.01634247414767742,00000_001831_04,6.0,0.23530368506908417,0.23473548889160156,0.9970694780349731,coef_energy_material_checkpoint_lambdas,0.0,2.633286476135254,1.5301456451416016,69,R2,4.387865722179413,4.409950017929077
0.0,nan,nan,1.817457675933838,00000_001831_05,3.0,3.9484474658966064,3.763753652572632,-0.5826663970947266,coef_energy_material_checkpoint_lambdas,0.0,2.251387357711792,1.4512596130371094,3,R2,4.170728027820587,0.3643651604652405
0.0,nan,nan,0.3635293245315552,00000_001831_05,4.0,0.45889168977737427,0.05902878940105438,0.6937485933303833,coef_energy_material_checkpoint_lambdas,0.0,2.2115631103515625,1.4358919858932495,6,R2,2.1335373520851135,2.093410849571228
0.0,nan,nan,0.0285795908421278,00000_001831_05,3.0,0.06738768517971039,0.0528545118868351,0.9999937415122986,coef_energy_material_checkpoint_lambdas,0.0,2.2112691402435303,1.4330040216445923,9,R2,3.0402447283267975,1.287484586238861
0.0,nan,nan,0.2208711951971054,00000_001831_05,2.0,0.28413650393486023,0.029788319021463394,0.9431115388870239,coef_energy_material_checkpoint_lambdas,0.0,2.200456380844116,1.4258819818496704,12,R2,2.449437975883484,0.5333684980869293
0.0,nan,nan,0.22445328533649445,00000_001831_05,1.0,2.37722110748291,2.3666012287139893,0.7939913868904114,coef_energy_material_checkpoint_lambdas,0.0,2.2237956523895264,1.4462666511535645,36,R2,3.5644815266132355,3.5644815266132355
0.0,nan,nan,-0.36211109161376953,00000_001831_05,1.0,2.2434754371643066,2.2140591144561768,0.4466875493526459,coef_energy_material_checkpoint_lambdas,0.0,2.2429394721984863,1.4567686319351196,39,R2,3.8678418695926666,3.8678418695926666
0.0,nan,nan,0.3077453374862671,00000_001831_05,3.0,0.3654250204563141,0.3138737380504608,0.9904062747955322,coef_energy_material_checkpoint_lambdas,1.0,2.266617774963379,1.4698467254638672,42,R2,3.3239435255527496,3.945084720849991
0.0,nan,nan,0.3639589250087738,00000_001831_05,3.0,0.4094504415988922,0.3305375874042511,0.9999797344207764,coef_energy_material_checkpoint_lambdas,1.0,2.2715821266174316,1.4773799180984497,45,R2,3.3587360084056854,4.19107973575592
0.0,nan,nan,0.28687912225723267,00000_001831_05,2.0,2.3940086364746094,2.376757860183716,0.9774864912033081,coef_energy_material_checkpoint_lambdas,1.0,2.296535015106201,1.4938628673553467,48,R2,3.8678418695926666,4.18825563788414
0.0,nan,nan,-0.033485304564237595,00000_001831_05,4.0,0.13648636639118195,0.1323150098323822,0.9999999403953552,coef_energy_material_checkpoint_lambdas,1.0,2.3314123153686523,1.5020675659179688,51,R2,3.945084720849991,4.230209976434708
0.0,nan,nan,0.11294110864400864,00000_001831_05,3.0,2.4318885803222656,2.429264545440674,0.764680802822113,coef_energy_material_checkpoint_lambdas,1.0,2.307227849960327,1.534583568572998,54,R2,4.19107973575592,4.3651556968688965
0.0,nan,nan,-0.010068210773169994,00000_001831_05,2.0,0.011184317991137505,0.0080114109441638,0.914462685585022,coef_energy_material_checkpoint_lambdas,0.0,2.290334939956665,1.5738065242767334,57,R2,4.3705432415008545,2.7571981549263
0.0,nan,nan,1.9146997928619385,00000_001831_05,3.0,2.020219326019287,1.216782569885254,0.9961749911308289,coef_energy_material_checkpoint_lambdas,0.0,2.407382011413574,1.5315078496932983,60,R2,4.252506285905838,0.5563854575157166
0.0,nan,nan,0.050408314913511276,00000_001831_06,5.0,0.055085401982069016,0.022212687879800797,0.9995510578155518,coef_energy_material_checkpoint_lambdas,0.0,2.2077717781066895,1.4520678520202637,0,R2,2.7239789962768555,2.7239789962768555
0.0,nan,nan,0.9706521034240723,00000_001831_06,5.0,1.1542959213256836,1.1475460529327393,-0.2870014011859894,coef_energy_material_checkpoint_lambdas,0.0,2.191899299621582,1.4384667873382568,3,R2,2.254899501800537,1.8273856341838837
0.0,nan,nan,0.26124298572540283,00000_001831_06,4.0,0.2984294891357422,0.26124298572540283,0.7886578440666199,coef_energy_material_checkpoint_lambdas,0.0,2.1891140937805176,1.4369326829910278,6,R2,2.0513814091682434,1.0160821080207825
0.0,nan,nan,0.2764090597629547,00000_001831_06,3.0,0.9493036270141602,0.44672343134880066,0.9761279225349426,coef_energy_material_checkpoint_lambdas,0.0,2.1709558963775635,1.4395370483398438,9,R2,2.0635629892349243,0.26311251521110535
0.0,nan,nan,1.7724599838256836,00000_001831_06,1.0,3.581326723098755,3.1119585037231445,0.723114013671875,coef_energy_material_checkpoint_lambdas,0.0,2.2136213779449463,1.4396097660064697,30,R2,3.5745054483413696,3.5745054483413696
0.0,nan,nan,0.4989932179450989,00000_001831_06,1.0,2.3538122177124023,2.3003125190734863,0.7157126665115356,coef_energy_material_checkpoint_lambdas,0.0,2.234457015991211,1.445772647857666,33,R2,3.5915867686271667,3.5915867686271667
0.0,nan,nan,0.19411709904670715,00000_001831_06,1.0,1.3766025304794312,1.3628474473953247,0.23204943537712097,coef_energy_material_checkpoint_lambdas,0.0,2.2454288005828857,1.4594374895095825,36,R2,3.9262671768665314,3.9262671768665314
0.0,nan,nan,0.4575798809528351,00000_001831_06,4.0,0.48709437251091003,0.35398539900779724,0.9998958110809326,coef_energy_material_checkpoint_lambdas,1.0,2.2691116333007812,1.4691792726516724,39,R2,3.4284833669662476,4.002795696258545
0.0,nan,nan,0.5453283786773682,00000_001831_06,2.0,0.6890648007392883,0.42122113704681396,0.9884494543075562,coef_energy_material_checkpoint_lambdas,1.0,2.282806873321533,1.486789584159851,42,R2,3.5915867686271667,4.197992295026779
0.0,nan,nan,-0.2539917826652527,00000_001831_06,3.0,2.365645170211792,2.3519704341888428,0.9932734370231628,coef_energy_material_checkpoint_lambdas,1.0,2.313410997390747,1.496018886566162,45,R2,3.9262671768665314,4.199351340532303
0.0,nan,nan,0.3047887682914734,00000_001831_06,4.0,0.9628357291221619,0.9133216142654419,-0.4610462188720703,coef_energy_material_checkpoint_lambdas,1.0,2.3346757888793945,1.5153592824935913,48,R2,4.002795696258545,4.26068988442421
0.0,nan,nan,0.16685499250888824,00000_001831_06,2.0,2.462103843688965,2.4564435482025146,0.5784369111061096,coef_energy_material_checkpoint_lambdas,1.0,2.3543756008148193,1.5217806100845337,51,R2,4.197992295026779,4.36054801940918
0.0,nan,nan,-0.24463994801044464,00000_001831_06,2.0,0.36849477887153625,0.2755716145038605,0.9998380541801453,coef_energy_material_checkpoint_lambdas,0.0,2.364003896713257,1.5421630144119263,54,R2,4.199351340532303,4.2807987332344055
0.0,nan,nan,-0.0150466812774539,00000_001831_06,4.0,0.015178462490439415,0.001995777478441596,0.9992299675941467,coef_energy_material_checkpoint_lambdas,0.0,2.38045072555542,1.5480226278305054,57,R2,4.26068988442421,4.28079080581665
0.0,nan,nan,0.09510545432567596,00000_001831_06,3.0,0.10685321688652039,0.10684821754693985,0.9999901056289673,coef_energy_material_checkpoint_lambdas,0.0,2.401728868484497,1.5533806085586548,60,R2,4.330812335014343,4.336190581321716
0.0,nan,nan,0.11306741833686829,00000_001831_06,3.0,0.22941620647907257,0.229109525680542,0.5653926134109497,coef_energy_material_checkpoint_lambdas,0.0,2.4069085121154785,1.5700552463531494,63,R2,4.284057915210724,2.707957148551941
0.0,nan,nan,0.18477991223335266,00000_001831_06,4.0,0.24824795126914978,0.16578127443790436,-0.9664057493209839,coef_energy_material_checkpoint_lambdas,0.0,2.432910680770874,1.5913240909576416,66,R2,4.3273497223854065,1.0620852708816528
0.0,nan,nan,3.2523255348205566,00000_001831_06,2.0,4.491388320922852,4.294244289398193,0.8637678027153015,coef_energy_material_checkpoint_lambdas,0.0,2.425908088684082,1.6221840381622314,69,R2,4.397472441196442,0.5616614818572998
0.0,nan,nan,2.0261693000793457,00000_001831_07,4.0,2.056816339492798,2.0261693000793457,0.0975176990032196,coef_energy_material_checkpoint_lambdas,0.0,2.190795421600342,1.438094973564148,0,R2,2.2414413690567017,1.5264942646026611
0.0,nan,nan,0.06215217709541321,00000_001831_07,3.0,0.06372218579053879,0.06187747046351433,0.7511662244796753,coef_energy_material_checkpoint_lambdas,0.0,2.178402900695801,1.4412449598312378,3,R2,2.0803025364875793,0.7660008370876312
0.0,nan,nan,0.6932597160339355,00000_001831_07,2.0,3.011476755142212,2.3111681938171387,0.996466875076294,coef_energy_material_checkpoint_lambdas,0.0,2.1673471927642822,1.4457906484603882,6,R2,2.0862569212913513,0.27841249108314514
0.0,nan,nan,0.5499359965324402,00000_001831_07,1.0,2.1468212604522705,2.0751895904541016,0.9826815724372864,coef_energy_material_checkpoint_lambdas,0.0,2.2256386280059814,1.4379578828811646,27,R2,3.5968103110790253,3.5968103110790253
0.0,nan,nan,-0.05896705016493797,00000_001831_07,1.0,1.4817335605621338,1.4805597066879272,0.8654298186302185,coef_energy_material_checkpoint_lambdas,0.0,2.2435450553894043,1.4498780965805054,30,R2,3.728224366903305,3.728224366903305
0.0,nan,nan,0.1800958812236786,00000_001831_07,2.0,0.3654520511627197,0.36496448516845703,0.8874021768569946,coef_energy_material_checkpoint_lambdas,1.0,2.259416103363037,1.4585752487182617,33,R2,3.2970795333385468,3.934239536523819
0.0,nan,nan,-0.1480816751718521,00000_001831_07,3.0,0.4050687253475189,0.3770311772823334,0.9999139904975891,coef_energy_material_checkpoint_lambdas,1.0,2.2651524543762207,1.4747405052185059,36,R2,3.5968103110790253,4.112210005521774
0.0,nan,nan,0.8113834857940674,00000_001831_07,2.0,1.6331896781921387,1.4173797369003296,0.9294951558113098,coef_energy_material_checkpoint_lambdas,1.0,2.29105544090271,1.4882920980453491,39,R2,3.728224366903305,4.1865971982479095
0.0,nan,nan,-0.4270398020744324,00000_001831_07,4.0,1.2088818550109863,1.1309430599212646,0.9647707939147949,coef_energy_material_checkpoint_lambdas,1.0,2.3191959857940674,1.5063273906707764,42,R2,3.934239536523819,4.2139483988285065
0.0,nan,nan,0.14609470963478088,00000_001831_07,4.0,2.253788948059082,2.249048948287964,0.7598423957824707,coef_energy_material_checkpoint_lambdas,1.0,2.3364715576171875,1.514032006263733,45,R2,4.112210005521774,4.316565006971359
0.0,nan,nan,-0.23737619817256927,00000_001831_07,3.0,2.3595736026763916,2.3476030826568604,0.5889428853988647,coef_energy_material_checkpoint_lambdas,1.0,2.357651948928833,1.5285946130752563,48,R2,4.1865971982479095,4.316539466381073
0.0,nan,nan,-0.02508676052093506,00000_001831_07,3.0,0.03337017074227333,0.02200505882501602,0.17616745829582214,coef_energy_material_checkpoint_lambdas,0.0,2.408381462097168,1.515576720237732,51,R2,4.2139483988285065,4.280291140079498
0.0,nan,nan,0.06561692804098129,00000_001831_07,5.0,0.06576050817966461,0.004343170206993818,0.9982683062553406,coef_energy_material_checkpoint_lambdas,0.0,2.533006191253662,1.4861130714416504,54,R2,4.286404132843018,4.286404132843018
0.0,nan,nan,-0.00041162222623825073,00000_001832_00,5.0,0.004498064052313566,0.0028762049041688442,-0.3311387896537781,coef_energy_material_checkpoint_lambdas,1.0,2.2741668224334717,1.4828779697418213,0,R2,3.716336041688919,3.912403792142868
0.0,nan,nan,0.007160413544625044,00000_001832_00,5.0,0.008133238181471825,0.0038572060875594616,0.9998994469642639,coef_energy_material_checkpoint_lambdas,0.0,2.22892689704895,1.464860200881958,3,R2,3.025322675704956,3.025322675704956
0.0,nan,nan,0.2375880479812622,00000_001832_00,4.0,0.2431352287530899,0.13148538768291473,0.6681411266326904,coef_energy_material_checkpoint_lambdas,0.0,2.185026168823242,1.4511477947235107,6,R2,2.3543641269207,2.2215876281261444
0.0,nan,nan,0.587047815322876,00000_001832_00,2.0,2.2119102478027344,2.169978380203247,0.5117005109786987,coef_energy_material_checkpoint_lambdas,0.0,2.188394546508789,1.4466971158981323,9,R2,3.774674743413925,1.2679243385791779
0.0,nan,nan,0.07464562356472015,00000_001832_00,4.0,0.14495013654232025,0.011197874322533607,0.9472799897193909,coef_energy_material_checkpoint_lambdas,0.0,2.175818681716919,1.4382272958755493,12,R2,2.069870889186859,0.5157062411308289
0.0,nan,nan,2.4146993160247803,00000_001832_00,1.0,3.510148763656616,3.508890151977539,0.6627489924430847,coef_energy_material_checkpoint_lambdas,0.0,2.2254576683044434,1.4309765100479126,33,R2,3.781621754169464,0.39479124546051025
0.0,nan,nan,-0.2821197509765625,00000_001832_00,1.0,2.2691071033477783,2.2515006065368652,0.9540757536888123,coef_energy_material_checkpoint_lambdas,0.0,2.234856128692627,1.4385309219360352,36,R2,3.6040522158145905,3.6040522158145905
0.0,nan,nan,0.06453271210193634,00000_001832_00,1.0,2.235556125640869,2.2346243858337402,0.9110777378082275,coef_energy_material_checkpoint_lambdas,0.0,2.243621826171875,1.4534265995025635,39,R2,3.6869101524353027,3.6869101524353027
0.0,nan,nan,-0.12552955746650696,00000_001832_00,2.0,0.22993960976600647,0.11617410182952881,0.9988585114479065,coef_energy_material_checkpoint_lambdas,1.0,2.2602572441101074,1.4650965929031372,42,R2,3.3109635412693024,3.942036420106888
0.0,nan,nan,-0.20999257266521454,00000_001832_00,3.0,0.353831022977829,0.28477978706359863,0.9999973773956299,coef_energy_material_checkpoint_lambdas,1.0,2.276587963104248,1.478637933731079,45,R2,3.6040522158145905,4.120329290628433
0.0,nan,nan,0.8684590458869934,00000_001832_00,2.0,1.7473955154418945,1.5163013935089111,0.9693611264228821,coef_energy_material_checkpoint_lambdas,1.0,2.306814432144165,1.4909552335739136,48,R2,3.6869101524353027,4.300273835659027
0.0,nan,nan,-0.05555395781993866,00000_001832_00,3.0,0.09938038140535355,0.0824027806520462,0.5440011024475098,coef_energy_material_checkpoint_lambdas,1.0,2.3339920043945312,1.5089856386184692,51,R2,3.942036420106888,4.3155837059021
0.0,nan,nan,-0.09990005940198898,00000_001832_00,2.0,2.2490522861480713,2.2468323707580566,0.4633018672466278,coef_energy_material_checkpoint_lambdas,1.0,2.348020076751709,1.5141401290893555,54,R2,4.120329290628433,4.341628670692444
0.0,nan,nan,0.0716869905591011,00000_001832_00,2.0,1.505855679512024,1.5041483640670776,0.575921893119812,coef_energy_material_checkpoint_lambdas,1.0,2.358567953109741,1.5200294256210327,57,R2,4.300273835659027,4.401144206523895
0.0,nan,nan,0.003949067555367947,00000_001832_00,2.0,0.004001702647656202,0.002334980061277747,0.8666124939918518,coef_energy_material_checkpoint_lambdas,0.0,2.355508327484131,1.5415525436401367,60,R2,4.27924382686615,1.6789951920509338
0.0,nan,nan,3.68862247467041,00000_001832_00,2.0,3.68862247467041,2.6082615852355957,1.0,coef_energy_material_checkpoint_lambdas,0.0,2.3226144313812256,1.5872077941894531,63,R2,4.291393220424652,0.5763508677482605
0.0,nan,nan,-0.29622113704681396,00000_001832_00,2.0,0.7531545758247375,0.06204633414745331,0.9230957627296448,coef_energy_material_checkpoint_lambdas,0.0,2.375370979309082,1.5863373279571533,66,R2,4.406102418899536,1.6578392386436462
0.0,nan,nan,2.9890732765197754,00000_001832_00,1.0,3.776916027069092,3.7461588382720947,0.9862042665481567,coef_energy_material_checkpoint_lambdas,0.0,2.579697608947754,1.542650580406189,69,R2,4.402599334716797,2.2292893528938293
0.0,nan,nan,3.9873173236846924,00000_001832_01,1.0,4.199319839477539,1.8879046440124512,0.9991008043289185,coef_energy_material_checkpoint_lambdas,0.0,2.216600179672241,1.4483858346939087,0,R2,2.1296865940093994,0.2806534469127655
0.0,nan,nan,3.2675204277038574,00000_001832_01,4.0,3.6671807765960693,3.6670756340026855,0.9957939982414246,coef_energy_material_checkpoint_lambdas,0.0,2.19850754737854,1.4386177062988281,3,R2,2.069870889186859,0.2968041002750397
0.0,nan,nan,2.71602725982666,00000_001832_01,4.0,3.8100717067718506,2.71602725982666,0.9952269196510315,coef_energy_material_checkpoint_lambdas,0.0,2.20068621635437,1.4276158809661865,6,R2,2.0122242271900177,0.33757543563842773
0.0,nan,nan,3.5207278728485107,00000_001832_01,1.0,3.631655693054199,3.119370937347412,0.9993284940719604,coef_energy_material_checkpoint_lambdas,0.0,2.1855595111846924,1.428417444229126,9,R2,2.070572644472122,0.3368338346481323
0.0,nan,nan,0.3976852297782898,00000_001832_01,1.0,1.1718974113464355,1.1023565530776978,0.0878678634762764,coef_energy_material_checkpoint_lambdas,0.0,2.225659132003784,1.4410043954849243,30,R2,3.4943053126335144,3.4943053126335144
0.0,nan,nan,0.0955241397023201,00000_001832_01,2.0,1.648894190788269,1.6461249589920044,0.9585474133491516,coef_energy_material_checkpoint_lambdas,0.0,2.2345499992370605,1.4504389762878418,33,R2,3.611810088157654,3.611810088157654
0.0,nan,nan,-0.046522095799446106,00000_001832_01,2.0,0.32699909806251526,0.26869645714759827,0.7774428129196167,coef_energy_material_checkpoint_lambdas,1.0,2.257178783416748,1.458355188369751,36,R2,3.305227279663086,3.9124630987644196
0.0,nan,nan,-0.26298779249191284,00000_001832_01,3.0,0.3302358388900757,0.19973264634609222,0.999986469745636,coef_energy_material_checkpoint_lambdas,1.0,2.274130344390869,1.4731472730636597,39,R2,3.4943053126335144,4.010740756988525
0.0,nan,nan,0.4995460510253906,00000_001832_01,2.0,0.7266791462898254,0.5277464985847473,0.9995590448379517,coef_energy_material_checkpoint_lambdas,1.0,2.2948386669158936,1.4886510372161865,42,R2,3.611810088157654,4.287718951702118
0.0,nan,nan,-0.3728633224964142,00000_001832_01,3.0,1.101899266242981,1.0368967056274414,0.803287923336029,coef_energy_material_checkpoint_lambdas,1.0,2.317868232727051,1.5026628971099854,45,R2,3.9124630987644196,4.313389301300049
0.0,nan,nan,0.421720027923584,00000_001832_01,4.0,1.315563440322876,1.2461377382278442,0.0337185263633728,coef_energy_material_checkpoint_lambdas,1.0,2.3455793857574463,1.512714147567749,48,R2,4.010740756988525,4.320790767669678
0.0,nan,nan,0.10620395094156265,00000_001832_01,2.0,2.2629587650299072,2.260465383529663,0.4953833818435669,coef_energy_material_checkpoint_lambdas,1.0,2.354644775390625,1.5170831680297852,51,R2,4.287718951702118,4.397306263446808
0.0,nan,nan,-0.6877425312995911,00000_001832_01,3.0,1.5177967548370361,1.3530399799346924,0.9976834058761597,coef_energy_material_checkpoint_lambdas,0.0,2.3527753353118896,1.538059115409851,54,R2,4.313389301300049,4.400112628936768
0.0,nan,nan,0.6757503747940063,00000_001832_01,3.0,1.4909119606018066,0.4619009792804718,0.9978949427604675,coef_energy_material_checkpoint_lambdas,0.0,2.3144545555114746,1.584920883178711,57,R2,4.28631466627121,0.5596927404403687
0.0,nan,nan,2.650709867477417,00000_001832_01,1.0,3.7474656105041504,2.650709629058838,0.9999432563781738,coef_energy_material_checkpoint_lambdas,0.0,2.360236883163452,1.5844858884811401,60,R2,4.404113352298737,2.2079570293426514
0.0,nan,nan,-0.20796740055084229,00000_001832_01,4.0,0.6044017672538757,0.3767530024051666,0.9947764873504639,coef_energy_material_checkpoint_lambdas,0.0,2.697404384613037,1.5274877548217773,66,R2,4.400740146636963,0.5558822154998779
0.0,nan,nan,3.9873173236846924,00000_001832_02,1.0,4.199319839477539,1.8879046440124512,0.9991008043289185,coef_energy_material_checkpoint_lambdas,0.0,2.216600179672241,1.4483858346939087,0,R1,2.1296865940093994,0.2806534469127655
0.0,nan,nan,3.2675204277038574,00000_001832_02,4.0,3.6671807765960693,3.6670756340026855,0.9957939982414246,coef_energy_material_checkpoint_lambdas,0.0,2.19850754737854,1.4386177062988281,3,R1,2.069870889186859,0.2968041002750397
0.0,nan,nan,2.7119312286376953,00000_001832_02,4.0,3.804283618927002,2.7119312286376953,0.9952279925346375,coef_energy_material_checkpoint_lambdas,0.0,2.1970925331115723,1.4274001121520996,6,R1,2.0122242271900177,0.33757543563842773
0.0,nan,nan,3.5222716331481934,00000_001832_02,1.0,3.6332592964172363,3.5222718715667725,0.9993289709091187,coef_energy_material_checkpoint_lambdas,0.0,2.1858115196228027,1.431654930114746,9,R1,2.070572644472122,0.2813122868537903
0.0,nan,nan,0.3986935615539551,00000_001832_02,1.0,1.1760573387145996,1.106415033340454,0.08750470727682114,coef_energy_material_checkpoint_lambdas,0.0,2.2336313724517822,1.4319884777069092,30,R1,3.4943053126335144,3.4943053126335144
0.0,nan,nan,0.09516750276088715,00000_001832_02,2.0,1.649158239364624,1.2314813137054443,0.9584830403327942,coef_energy_material_checkpoint_lambdas,0.0,2.2366061210632324,1.445023775100708,33,R1,3.611810088157654,0.40488681197166443
0.0,nan,nan,1.1708354949951172,00000_001832_02,1.0,1.4508565664291382,1.2899706363677979,0.1860886961221695,coef_energy_material_checkpoint_lambdas,0.0,2.2534677982330322,1.4638261795043945,36,R1,3.560821235179901,3.6433209478855133
0.0,nan,nan,-0.10183411836624146,00000_001832_02,2.0,0.22499513626098633,0.13390782475471497,0.9975169897079468,coef_energy_material_checkpoint_lambdas,0.0,2.2688260078430176,1.4662538766860962,39,R1,3.41316294670105,2.0444786846637726
0.0,nan,nan,1.6734026670455933,00000_001832_02,1.0,1.775820255279541,1.2799780368804932,0.9963721632957458,coef_energy_material_checkpoint_lambdas,0.0,2.280121088027954,1.4956350326538086,42,R1,3.840341329574585,0.5468849539756775
0.0,nan,nan,1.2580167055130005,00000_001832_02,2.0,3.915570020675659,3.9155142307281494,0.9939470291137695,coef_energy_material_checkpoint_lambdas,0.0,2.337005615234375,1.5149129629135132,48,R1,4.256894499063492,0.5655144453048706
0.0,nan,nan,3.3009161949157715,00000_001832_02,4.0,4.470438003540039,3.9038920402526855,0.9995681643486023,coef_energy_material_checkpoint_lambdas,0.0,2.3774161338806152,1.5305845737457275,51,R1,4.3450241684913635,0.5848493576049805
0.0,nan,nan,1.658262848854065,00000_001832_02,2.0,2.2414300441741943,1.9550374746322632,0.9998689889907837,coef_energy_material_checkpoint_lambdas,0.0,2.4159483909606934,1.61091947555542,60,R1,4.400161623954773,4.401024878025055
0.0,nan,nan,0.007017120253294706,00000_001832_02,9.0,0.007562359794974327,0.002968199085444212,0.999701201915741,coef_energy_material_checkpoint_lambdas,0.0,2.4341769218444824,1.631303071975708,63,R1,4.400000095367432,4.400000095367432
0.0,nan,nan,-8.55562944934718e-08,00000_001832_02,13.0,1.1466935347925755e-06,8.690721529092116e-07,0.0,coef_energy_material_checkpoint_lambdas,0.0,2.48576021194458,1.6492611169815063,66,R1,4.400000095367432,4.400000095367432
0.0,nan,nan,3.2309245556749744e-11,00000_001832_02,16.0,9.876579415424303e-11,4.3149345207993406e-11,0.0,coef_energy_material_checkpoint_lambdas,0.0,2.566697597503662,1.6526556015014648,69,R1,4.400000095367432,4.400000095367432
0.0,nan,nan,-1.562382222295572e-13,00000_001832_02,16.0,3.772196585042492e-13,3.43342840053093e-13,0.0,coef_energy_material_checkpoint_lambdas,0.0,2.5889973640441895,1.664472222328186,72,R1,4.400000095367432,4.400000095367432
0.0,nan,nan,-2.397952814775766e-15,00000_001832_02,16.0,4.075862826364912e-15,3.295827432381348e-15,0.0,coef_energy_material_checkpoint_lambdas,0.0,2.659963369369507,1.6289587020874023,75,R1,4.400000095367432,4.400000095367432
0.0,nan,nan,-8.434610986512351e-18,00000_001832_02,16.0,1.2066013284958948e-17,1.3689526360083486e-19,0.0,coef_energy_material_checkpoint_lambdas,0.0,2.7737858295440674,1.6027154922485352,78,R1,4.400000095367432,4.400000095367432
0.0,nan,nan,-0.00041162222623825073,00000_001832_03,5.0,0.004498064052313566,0.0028762049041688442,-0.3311387896537781,coef_energy_material_checkpoint_lambdas,1.0,2.2741668224334717,1.4828779697418213,0,R2,3.716336041688919,3.912403792142868
0.0,nan,nan,0.007165560498833656,00000_001832_03,5.0,0.00813918188214302,0.003860184922814369,0.9998997449874878,coef_energy_material_checkpoint_lambdas,0.0,2.2270467281341553,1.4658458232879639,3,R2,3.025322675704956,3.025322675704956
0.0,nan,nan,0.2375880479812622,00000_001832_03,4.0,0.2431352287530899,0.13148538768291473,0.6681411266326904,coef_energy_material_checkpoint_lambdas,0.0,2.185026168823242,1.4511477947235107,6,R2,2.3543641269207,2.2215876281261444
0.0,nan,nan,0.5870238542556763,00000_001832_03,2.0,2.211521863937378,2.1696133613586426,0.5116686224937439,coef_energy_material_checkpoint_lambdas,0.0,2.188058853149414,1.4455571174621582,9,R2,3.774674743413925,1.2679243385791779
0.0,nan,nan,0.07442927360534668,00000_001832_03,4.0,0.14459213614463806,0.011133012361824512,0.9473626613616943,coef_energy_material_checkpoint_lambdas,0.0,2.1687886714935303,1.4471435546875,12,R2,2.069870889186859,0.5157062411308289
0.0,nan,nan,2.410923480987549,00000_001832_03,1.0,3.5049164295196533,3.5036532878875732,0.6628010272979736,coef_energy_material_checkpoint_lambdas,0.0,2.222003936767578,1.4325459003448486,33,R2,3.781621754169464,0.39479124546051025
0.0,nan,nan,-0.2817578911781311,00000_001832_03,1.0,2.263683557510376,2.246079921722412,0.9541173577308655,coef_energy_material_checkpoint_lambdas,0.0,2.2285265922546387,1.442084789276123,36,R2,3.6040522158145905,3.6040522158145905
0.0,nan,nan,0.0643976554274559,00000_001832_03,1.0,2.235269546508789,2.234341859817505,0.9110544323921204,coef_energy_material_checkpoint_lambdas,0.0,2.2436156272888184,1.4503848552703857,39,R2,3.6869101524353027,3.6869101524353027
0.0,nan,nan,-0.12571631371974945,00000_001832_03,2.0,0.23024502396583557,0.11630778759717941,0.9988635182380676,coef_energy_material_checkpoint_lambdas,1.0,2.2583489418029785,1.4669146537780762,42,R2,3.3109635412693024,3.942036420106888
0.0,nan,nan,-0.21041838824748993,00000_001832_03,3.0,0.354544460773468,0.2853522002696991,0.9999973773956299,coef_energy_material_checkpoint_lambdas,1.0,2.27292799949646,1.4816193580627441,45,R2,3.6040522158145905,4.120329290628433
0.0,nan,nan,0.8677359223365784,00000_001832_03,2.0,1.7458343505859375,1.5149164199829102,0.969369649887085,coef_energy_material_checkpoint_lambdas,1.0,2.304436683654785,1.4906847476959229,48,R2,3.6869101524353027,4.300273835659027
0.0,nan,nan,-0.055591829121112823,00000_001832_03,3.0,0.0994194969534874,0.08242441713809967,0.5438380241394043,coef_energy_material_checkpoint_lambdas,1.0,2.335204601287842,1.509200096130371,51,R2,3.942036420106888,4.3155837059021
0.0,nan,nan,-0.10032486915588379,00000_001832_03,2.0,2.2452728748321533,2.243030309677124,0.46353602409362793,coef_energy_material_checkpoint_lambdas,1.0,2.343750476837158,1.5205787420272827,54,R2,4.120329290628433,4.341628670692444
0.0,nan,nan,0.07207633554935455,00000_001832_03,2.0,1.5046724081039429,1.5029451847076416,0.5761643648147583,coef_energy_material_checkpoint_lambdas,1.0,2.356222152709961,1.528285026550293,57,R2,4.300273835659027,4.401144206523895
0.0,nan,nan,-0.016712307929992676,00000_001832_03,3.0,1.5485807657241821,1.0831308364868164,0.9470884799957275,coef_energy_material_checkpoint_lambdas,0.0,2.3673534393310547,1.5344983339309692,60,R2,4.390397012233734,4.397977530956268
0.0,nan,nan,0.0004151882603764534,00000_001832_03,3.0,0.020039178431034088,0.017734060063958168,0.9999603033065796,coef_energy_material_checkpoint_lambdas,0.0,2.380552291870117,1.5462052822113037,63,R2,4.391063690185547,4.4000325202941895
0.0,nan,nan,-8.823231473797932e-05,00000_001832_03,3.0,0.19337734580039978,0.1933773308992386,0.9990634918212891,coef_energy_material_checkpoint_lambdas,0.0,2.39500093460083,1.5516693592071533,66,R2,4.400208055973053,4.400208055973053
0.0,nan,nan,0.03110230714082718,00000_001832_03,2.0,0.07785052806138992,0.07136771827936172,0.9980766177177429,coef_energy_material_checkpoint_lambdas,0.0,2.417295217514038,1.5688350200653076,69,R2,4.397977530956268,4.411416709423065
0.0,nan,nan,0.0060399663634598255,00000_001832_03,4.0,0.010697941295802593,0.0019726853352040052,0.7818440794944763,coef_energy_material_checkpoint_lambdas,0.0,2.4393692016601562,1.581301212310791,72,R2,4.400022327899933,2.761374592781067
0.0,nan,nan,1.373890995979309,00000_001832_03,5.0,1.5687907934188843,1.373890995979309,0.9961128830909729,coef_energy_material_checkpoint_lambdas,0.0,2.428410768508911,1.6119232177734375,75,R2,4.400027275085449,1.1105343103408813
0.0,nan,nan,3.6046886444091797,00000_001832_03,3.0,3.669586420059204,1.7917286157608032,0.9853202104568481,coef_energy_material_checkpoint_lambdas,0.0,2.490405559539795,1.5924243927001953,78,R2,4.401380300521851,0.5998081564903259
0.0,nan,nan,3.7237870693206787,00000_001832_03,1.0,3.8722422122955322,3.7237870693206787,0.9901363849639893,coef_energy_material_checkpoint_lambdas,0.0,2.6434221267700195,1.5298174619674683,81,R2,4.403466582298279,0.5573485493659973
0.0,nan,nan,-0.00041162222623825073,00000_001832_04,5.0,0.004498064052313566,0.0028762049041688442,-0.3311387896537781,coef_energy_material_checkpoint_lambdas,1.0,2.2741668224334717,1.4828779697418213,0,R2,3.716336041688919,3.912403792142868
0.0,nan,nan,0.007162823341786861,00000_001832_04,5.0,0.008136019110679626,0.00385859701782465,0.9998996257781982,coef_energy_material_checkpoint_lambdas,0.0,2.2281107902526855,1.4653229713439941,3,R2,3.025322675704956,3.025322675704956
0.0,nan,nan,0.2375880479812622,00000_001832_04,4.0,0.2431352287530899,0.13148538768291473,0.6681411266326904,coef_energy_material_checkpoint_lambdas,0.0,2.185026168823242,1.4511477947235107,6,R2,2.3543641269207,2.2215876281261444
0.0,nan,nan,0.5875977277755737,00000_001832_04,2.0,2.2127363681793213,2.1708552837371826,0.5115672945976257,coef_energy_material_checkpoint_lambdas,0.0,2.1894140243530273,1.4435336589813232,9,R2,3.774674743413925,1.2679243385791779
0.0,nan,nan,0.07459000498056412,00000_001832_04,4.0,0.14485567808151245,0.011182453483343124,0.947297990322113,coef_energy_material_checkpoint_lambdas,0.0,2.174039363861084,1.4400126934051514,12,R2,2.069870889186859,0.5157062411308289
0.0,nan,nan,2.4118947982788086,00000_001832_04,1.0,3.506284713745117,3.5050220489501953,0.6627920866012573,coef_energy_material_checkpoint_lambdas,0.0,2.2228946685791016,1.4324710369110107,33,R2,3.781621754169464,0.39479124546051025
0.0,nan,nan,-0.28179341554641724,00000_001832_04,1.0,2.2631916999816895,2.245579957962036,0.9541304111480713,coef_energy_material_checkpoint_lambdas,0.0,2.227736473083496,1.4439367055892944,36,R2,3.6040522158145905,3.6040522158145905
0.0,nan,nan,0.0645185261964798,00000_001832_04,1.0,2.2330880165100098,2.2321557998657227,0.9110882878303528,coef_energy_material_checkpoint_lambdas,0.0,2.241018295288086,1.4531071186065674,39,R2,3.6869101524353027,3.6869101524353027
0.0,nan,nan,-0.12549704313278198,00000_001832_04,2.0,0.2299046516418457,0.11617027223110199,0.9988551735877991,coef_energy_material_checkpoint_lambdas,1.0,2.2632088661193848,1.4649596214294434,42,R2,3.3109635412693024,3.942036420106888
0.0,nan,nan,-0.2099737673997879,00000_001832_04,3.0,0.3537997901439667,0.28475481271743774,0.9999972581863403,coef_energy_material_checkpoint_lambdas,1.0,2.2772490978240967,1.4785072803497314,45,R2,3.6040522158145905,4.120329290628433
0.0,nan,nan,0.8668487071990967,00000_001832_04,2.0,1.7431678771972656,1.512351632118225,0.9694406986236572,coef_energy_material_checkpoint_lambdas,1.0,2.298286199569702,1.4972167015075684,48,R2,3.6869101524353027,4.300273835659027
0.0,nan,nan,-0.055609241127967834,00000_001832_04,3.0,0.09939282387495041,0.0823804959654808,0.543508768081665,coef_energy_material_checkpoint_lambdas,1.0,2.3351714611053467,1.5080292224884033,51,R2,3.942036420106888,4.3155837059021
0.0,nan,nan,-0.09981456398963928,00000_001832_04,2.0,2.249760866165161,2.2475454807281494,0.46325573325157166,coef_energy_material_checkpoint_lambdas,1.0,2.3488237857818604,1.5128443241119385,54,R2,4.120329290628433,4.341628670692444
0.0,nan,nan,0.07184189558029175,00000_001832_04,2.0,1.5045106410980225,1.5027943849563599,0.5760409832000732,coef_energy_material_checkpoint_lambdas,1.0,2.3562192916870117,1.5233139991760254,57,R2,4.300273835659027,4.401144206523895
0.0,nan,nan,0.004041516222059727,00000_001832_04,2.0,0.004090535920113325,0.0006313729099929333,0.8628957271575928,coef_energy_material_checkpoint_lambdas,1.0,2.4386825561523438,1.50453519821167,60,R2,4.27924382686615,4.403524935245514
0.0,nan,nan,1.707135197648313e-05,00000_001832_04,3.0,2.4289960861206055,1.7175475358963013,0.9999998211860657,coef_energy_material_checkpoint_lambdas,0.0,2.567753314971924,1.4763389825820923,63,R2,4.316061437129974,0.5558789372444153
0.0,nan,nan,3.2675204277038574,00000_001832_05,4.0,3.6671807765960693,3.6670756340026855,0.9957939982414246,coef_energy_material_checkpoint_lambdas,0.0,2.19850754737854,1.4386177062988281,0,R1,2.069870889186859,0.2968041002750397
0.0,nan,nan,2.711878538131714,00000_001832_05,4.0,3.8041749000549316,2.711878538131714,0.9952288866043091,coef_energy_material_checkpoint_lambdas,0.0,2.196820020675659,1.428992748260498,3,R1,2.0122242271900177,0.33757543563842773
0.0,nan,nan,3.515519142150879,00000_001832_05,1.0,3.6263210773468018,3.1148664951324463,0.9993299841880798,coef_energy_material_checkpoint_lambdas,0.0,2.179861307144165,1.4354140758514404,6,R1,2.070572644472122,0.3368338346481323
0.0,nan,nan,0.3973811864852905,00000_001832_05,1.0,1.171183466911316,1.1017073392868042,0.08781201392412186,coef_energy_material_checkpoint_lambdas,0.0,2.2243142127990723,1.4379626512527466,27,R1,3.4943053126335144,3.4943053126335144
0.0,nan,nan,0.09528186172246933,00000_001832_05,2.0,1.649535894393921,1.2318248748779297,0.9584989547729492,coef_energy_material_checkpoint_lambdas,0.0,2.2366955280303955,1.4467601776123047,30,R1,3.611810088157654,0.40488681197166443
0.0,nan,nan,1.1707797050476074,00000_001832_05,1.0,1.4509451389312744,1.2901479005813599,0.18623456358909607,coef_energy_material_checkpoint_lambdas,0.0,2.253541946411133,1.4647114276885986,33,R1,3.560821235179901,3.6433209478855133
0.0,nan,nan,-0.10201872885227203,00000_001832_05,2.0,0.22529730200767517,0.13404452800750732,0.9975336790084839,coef_energy_material_checkpoint_lambdas,0.0,2.264206647872925,1.4687668085098267,36,R1,3.41316294670105,2.0444786846637726
0.0,nan,nan,1.6758815050125122,00000_001832_05,1.0,1.7784125804901123,1.2817720174789429,0.9963670372962952,coef_energy_material_checkpoint_lambdas,0.0,2.285064220428467,1.4931871891021729,39,R1,3.840341329574585,0.5468849539756775
0.0,nan,nan,1.2577403783798218,00000_001832_05,2.0,3.9146478176116943,3.9145920276641846,0.9939475655555725,coef_energy_material_checkpoint_lambdas,0.0,2.3363404273986816,1.516097068786621,45,R1,4.256894499063492,0.5655144453048706
0.0,nan,nan,3.3062214851379395,00000_001832_05,4.0,4.477637767791748,3.910187244415283,0.9995681643486023,coef_energy_material_checkpoint_lambdas,0.0,2.3815414905548096,1.529183268547058,48,R1,4.3450241684913635,0.5848493576049805
0.0,nan,nan,1.7011141777038574,00000_001832_05,2.0,2.2993032932281494,2.0054900646209717,0.9998685717582703,coef_energy_material_checkpoint_lambdas,0.0,2.481832504272461,1.5887973308563232,57,R1,4.400161623954773,4.401024878025055
0.0,nan,nan,0.0021899444982409477,00000_001832_05,7.0,0.007826701737940311,0.0021899444982409477,0.9891625642776489,coef_energy_material_checkpoint_lambdas,0.0,2.5319690704345703,1.5962104797363281,60,R1,4.400000095367432,4.40006023645401
0.0,nan,nan,0.14185307919979095,00000_001832_05,10.0,0.14978893101215363,0.14185307919979095,0.9989783763885498,coef_energy_material_checkpoint_lambdas,0.0,2.5494680404663086,1.591700553894043,63,R1,4.400000095367432,4.400042176246643
0.0,nan,nan,0.03561629727482796,00000_001832_05,13.0,0.042901646345853806,0.03561629727482796,0.999647855758667,coef_energy_material_checkpoint_lambdas,0.0,2.6592626571655273,1.5661156177520752,66,R1,4.400000095367432,4.400000333786011
0.0,nan,nan,-0.00041162222623825073,00000_001832_06,5.0,0.004498064052313566,0.0028762049041688442,-0.3311387896537781,coef_energy_material_checkpoint_lambdas,1.0,2.2741668224334717,1.4828779697418213,0,R2,3.716336041688919,3.912403792142868
0.0,nan,nan,0.0071627795696258545,00000_001832_06,5.0,0.008135971613228321,0.0038585783913731575,0.9998996257781982,coef_energy_material_checkpoint_lambdas,0.0,2.2280120849609375,1.4653123617172241,3,R2,3.025322675704956,3.025322675704956
0.0,nan,nan,0.2375880479812622,00000_001832_06,4.0,0.2431352287530899,0.13148538768291473,0.6681411266326904,coef_energy_material_checkpoint_lambdas,0.0,2.185026168823242,1.4511477947235107,6,R2,2.3543641269207,2.2215876281261444
0.0,nan,nan,0.5877857208251953,00000_001832_06,2.0,2.213454246520996,2.1715590953826904,0.5115683674812317,coef_energy_material_checkpoint_lambdas,0.0,2.1901228427886963,1.4440324306488037,9,R2,3.774674743413925,1.2679243385791779
0.0,nan,nan,0.0746288150548935,00000_001832_06,4.0,0.1449291706085205,0.011189259588718414,0.9472955465316772,coef_energy_material_checkpoint_lambdas,0.0,2.1751925945281982,1.4403635263442993,12,R2,2.069870889186859,0.5157062411308289
0.0,nan,nan,2.4039971828460693,00000_001832_06,1.0,3.4952404499053955,3.4939706325531006,0.6628807783126831,coef_energy_material_checkpoint_lambdas,0.0,2.215660572052002,1.4342586994171143,33,R2,3.781621754169464,0.39479124546051025
0.0,nan,nan,-0.28172844648361206,00000_001832_06,1.0,2.262221336364746,2.244610071182251,0.9541378021240234,coef_energy_material_checkpoint_lambdas,0.0,2.22660493850708,1.4445672035217285,36,R2,3.6040522158145905,3.6040522158145905
0.0,nan,nan,0.06458628922700882,00000_001832_06,1.0,2.232645034790039,2.23171067237854,0.9111031889915466,coef_energy_material_checkpoint_lambdas,0.0,2.2403948307037354,1.4546332359313965,39,R2,3.6869101524353027,3.6869101524353027
0.0,nan,nan,-0.1254255473613739,00000_001832_06,2.0,0.22977620363235474,0.1161067932844162,0.99885493516922,coef_energy_material_checkpoint_lambdas,1.0,2.2622835636138916,1.464150071144104,42,R2,3.3109635412693024,3.942036420106888
0.0,nan,nan,-0.20987966656684875,00000_001832_06,3.0,0.3536423444747925,0.28462857007980347,0.9999971985816956,coef_energy_material_checkpoint_lambdas,1.0,2.278489112854004,1.4778492450714111,45,R2,3.6040522158145905,4.120329290628433
0.0,nan,nan,0.8670862913131714,00000_001832_06,2.0,1.7441388368606567,1.5133345127105713,0.9694008827209473,coef_energy_material_checkpoint_lambdas,1.0,2.3010387420654297,1.4931203126907349,48,R2,3.6869101524353027,4.300273835659027
0.0,nan,nan,-0.055607762187719345,00000_001832_06,3.0,0.09940113127231598,0.08239151537418365,0.5435712337493896,coef_energy_material_checkpoint_lambdas,1.0,2.335254192352295,1.508300542831421,51,R2,3.942036420106888,4.3155837059021
0.0,nan,nan,-0.0998019203543663,00000_001832_06,2.0,2.248875379562378,2.246659755706787,0.4632662832736969,coef_energy_material_checkpoint_lambdas,1.0,2.3478848934173584,1.5126526355743408,54,R2,4.120329290628433,4.341628670692444
0.0,nan,nan,0.07175356149673462,00000_001832_06,2.0,1.5050965547561646,1.5033851861953735,0.5759778022766113,coef_energy_material_checkpoint_lambdas,1.0,2.3572654724121094,1.5214409828186035,57,R2,4.300273835659027,4.401144206523895
0.0,nan,nan,0.003947991877794266,00000_001832_06,2.0,0.004000657703727484,0.00233414676040411,0.8666467666625977,coef_energy_material_checkpoint_lambdas,0.0,2.354611873626709,1.541797161102295,60,R2,4.27924382686615,1.6789951920509338
0.0,nan,nan,3.6895253658294678,00000_001832_06,2.0,3.6895253658294678,2.6089000701904297,1.0,coef_energy_material_checkpoint_lambdas,0.0,2.323254108428955,1.5859925746917725,63,R2,4.291393220424652,0.5763508677482605
0.0,nan,nan,-0.29868707060813904,00000_001832_06,2.0,0.7591765522956848,0.06264806538820267,0.9230419993400574,coef_energy_material_checkpoint_lambdas,0.0,2.3951663970947266,1.5737097263336182,66,R2,4.406102418899536,1.6578392386436462
0.0,nan,nan,2.8664052486419678,00000_001832_06,1.0,3.6210508346557617,3.5914201736450195,0.9862553477287292,coef_energy_material_checkpoint_lambdas,0.0,2.4686810970306396,1.595543622970581,69,R2,4.402599334716797,2.2292893528938293
0.0,nan,nan,0.34866079688072205,00000_001832_06,5.0,0.5594766736030579,0.5559348464012146,0.9950864315032959,coef_energy_material_checkpoint_lambdas,0.0,2.490532636642456,1.6162574291229248,72,R2,4.400279104709625,4.401404142379761
0.0,nan,nan,0.29502663016319275,00000_001832_06,8.0,0.3938652575016022,0.29502663016319275,0.9982696771621704,coef_energy_material_checkpoint_lambdas,0.0,2.539623737335205,1.6110515594482422,75,R2,4.400003612041473,4.4000091552734375
0.0,nan,nan,-0.00040234994958154857,00000_001832_06,11.0,0.0006691038142889738,0.00040234994958154857,0.3326539099216461,coef_energy_material_checkpoint_lambdas,0.0,2.710355520248413,1.547250509262085,78,R2,4.400000095367432,4.400000095367432
0.0,nan,nan,3.606177806854248,00000_001832_07,1.0,3.6118268966674805,2.4071695804595947,0.9717221856117249,coef_energy_material_checkpoint_lambdas,0.0,2.182405948638916,1.4704419374465942,0,R2,4.20100724697113,0.38589712977409363
0.0,nan,nan,3.2004358768463135,00000_001832_07,2.0,4.13499116897583,4.033484935760498,0.6586691737174988,coef_energy_material_checkpoint_lambdas,0.0,2.203195810317993,1.4302706718444824,3,R2,2.0746717154979706,0.283952921628952
0.0,nan,nan,1.1150484085083008,00000_001832_07,3.0,1.2413307428359985,1.1150484085083008,0.9993637800216675,coef_energy_material_checkpoint_lambdas,0.0,2.1995418071746826,1.4294893741607666,6,R2,2.0122242271900177,1.0275691747665405
0.0,nan,nan,1.0023947954177856,00000_001832_07,2.0,1.002914547920227,0.6859726905822754,0.965476930141449,coef_energy_material_checkpoint_lambdas,0.0,2.1743226051330566,1.4354963302612305,9,R2,2.025572270154953,0.26614925265312195
0.0,nan,nan,0.3976496458053589,00000_001832_07,1.0,1.1718218326568604,1.102289080619812,0.0878588929772377,coef_energy_material_checkpoint_lambdas,0.0,2.2255172729492188,1.4405643939971924,30,R2,3.4943053126335144,3.4943053126335144
0.0,nan,nan,0.09551705420017242,00000_001832_07,2.0,1.6491262912750244,1.646357774734497,0.9585437774658203,coef_energy_material_checkpoint_lambdas,0.0,2.2349581718444824,1.4503313302993774,33,R2,3.611810088157654,3.611810088157654
0.0,nan,nan,-0.046983614563941956,00000_001832_07,2.0,0.32717230916023254,0.26858699321746826,0.7782906293869019,coef_energy_material_checkpoint_lambdas,1.0,2.2546064853668213,1.4594255685806274,36,R2,3.305227279663086,3.9124630987644196
0.0,nan,nan,-0.2632388770580292,00000_001832_07,3.0,0.33055347204208374,0.1999272108078003,0.9999865889549255,coef_energy_material_checkpoint_lambdas,1.0,2.272231101989746,1.4745687246322632,39,R2,3.4943053126335144,4.010740756988525
0.0,nan,nan,0.49950718879699707,00000_001832_07,2.0,0.7266643643379211,0.5277628898620605,0.9995574355125427,coef_energy_material_checkpoint_lambdas,1.0,2.2989935874938965,1.4863195419311523,42,R2,3.611810088157654,4.287718951702118
0.0,nan,nan,-0.37391990423202515,00000_001832_07,3.0,1.1040940284729004,1.038849115371704,0.8031079769134521,coef_energy_material_checkpoint_lambdas,1.0,2.3234314918518066,1.499176025390625,45,R2,3.9124630987644196,4.313389301300049
0.0,nan,nan,0.4208296537399292,00000_001832_07,4.0,1.3134492635726929,1.2442071437835693,0.03388936072587967,coef_energy_material_checkpoint_lambdas,1.0,2.3417961597442627,1.5156457424163818,48,R2,4.010740756988525,4.320790767669678
0.0,nan,nan,0.10666888952255249,00000_001832_07,2.0,2.2584891319274902,2.2559688091278076,0.49564316868782043,coef_energy_material_checkpoint_lambdas,1.0,2.349593162536621,1.5237246751785278,51,R2,4.287718951702118,4.397306263446808
0.0,nan,nan,-0.6926422119140625,00000_001832_07,3.0,1.528583288192749,1.3626495599746704,0.9976828694343567,coef_energy_material_checkpoint_lambdas,0.0,2.369802474975586,1.535443663597107,54,R2,4.313389301300049,4.400112628936768
0.0,nan,nan,0.016148479655385017,00000_001832_07,3.0,0.08870165795087814,0.08721932023763657,0.9990423917770386,coef_energy_material_checkpoint_lambdas,0.0,2.375866413116455,1.5441097021102905,57,R2,4.320790767669678,4.401464879512787
0.0,nan,nan,-0.012031877413392067,00000_001832_07,3.0,0.014156406745314598,0.007459072861820459,0.8639824390411377,coef_energy_material_checkpoint_lambdas,0.0,2.3946495056152344,1.5532231330871582,60,R2,4.397306263446808,4.402054965496063
0.0,nan,nan,0.19832506775856018,00000_001832_07,2.0,0.3043874204158783,0.2309088110923767,0.9988438487052917,coef_energy_material_checkpoint_lambdas,0.0,2.4131479263305664,1.566665768623352,63,R2,4.400112628936768,4.402115166187286
0.0,nan,nan,0.010528922080993652,00000_001832_07,3.0,1.568193793296814,1.3978948593139648,0.9978013038635254,coef_energy_material_checkpoint_lambdas,0.0,2.433589458465576,1.5866881608963013,66,R2,4.400231063365936,4.408592939376831
0.0,nan,nan,0.005972347222268581,00000_001832_07,5.0,0.014563502743840218,0.005972347687929869,0.9624589681625366,coef_energy_material_checkpoint_lambdas,0.0,2.4201159477233887,1.610039234161377,69,R2,4.40000057220459,1.674923300743103
0.0,nan,nan,3.467681646347046,00000_001832_07,5.0,4.036903381347656,3.467681646347046,0.9785583019256592,coef_energy_material_checkpoint_lambdas,0.0,2.4682326316833496,1.6007755994796753,72,R2,4.400571703910828,0.5623953938484192
0.0,nan,nan,0.050295908004045486,00000_001833_00,6.0,0.05494474619626999,0.02211892418563366,0.9995444416999817,coef_energy_material_checkpoint_lambdas,0.0,2.215214729309082,1.449160099029541,0,R2,2.727348417043686,2.727348417043686
0.0,nan,nan,0.9799648523330688,00000_001833_00,4.0,1.1708130836486816,1.1630284786224365,-0.2775076627731323,coef_energy_material_checkpoint_lambdas,0.0,2.2012412548065186,1.4402694702148438,3,R2,2.2550460398197174,1.8281803131103516
0.0,nan,nan,1.1990952491760254,00000_001833_00,4.0,1.338075041770935,1.1990952491760254,0.9411716461181641,coef_energy_material_checkpoint_lambdas,0.0,2.1847832202911377,1.4419469833374023,6,R2,2.055336743593216,1.0139378607273102
0.0,nan,nan,0.27499067783355713,00000_001833_00,3.0,0.8688534498214722,0.38834139704704285,0.9780623912811279,coef_energy_material_checkpoint_lambdas,0.0,2.148778200149536,1.4591419696807861,9,R2,2.066183626651764,0.26089709997177124
0.0,nan,nan,2.2015838623046875,00000_001833_00,1.0,3.5641398429870605,2.802877187728882,0.1824091076850891,coef_energy_material_checkpoint_lambdas,0.0,2.212628126144409,1.4393725395202637,30,R2,3.427015572786331,3.427015572786331
0.0,nan,nan,0.16072188317775726,00000_001833_00,1.0,2.481416702270508,2.476206064224243,0.8749861121177673,coef_energy_material_checkpoint_lambdas,0.0,2.2255704402923584,1.4400620460510254,33,R2,3.568729728460312,3.568729728460312
0.0,nan,nan,0.2943219840526581,00000_001833_00,1.0,1.341256022453308,1.3085650205612183,0.10032680630683899,coef_energy_material_checkpoint_lambdas,0.0,2.2440876960754395,1.4513177871704102,36,R2,3.878960460424423,3.878960460424423
0.0,nan,nan,-0.09938105940818787,00000_001833_00,2.0,0.29017114639282227,0.27262189984321594,0.9954478740692139,coef_energy_material_checkpoint_lambdas,1.0,2.261340379714966,1.4631714820861816,39,R2,3.427015572786331,4.030450820922852
0.0,nan,nan,0.1740686595439911,00000_001833_00,2.0,0.318623423576355,0.2668725848197937,0.9997512102127075,coef_energy_material_checkpoint_lambdas,1.0,2.2736217975616455,1.476654052734375,42,R2,3.568729728460312,4.295279026031494
0.0,nan,nan,0.09641999006271362,00000_001833_00,2.0,2.1725950241088867,2.170454502105713,0.9991855025291443,coef_energy_material_checkpoint_lambdas,0.0,2.299717903137207,1.4921047687530518,45,R2,3.878960460424423,3.2660447359085083
0.0,nan,nan,-0.0484442338347435,00000_001833_00,3.0,0.04915972799062729,0.029139399528503418,-0.47588375210762024,coef_energy_material_checkpoint_lambdas,0.0,2.3183341026306152,1.518240213394165,48,R2,3.9414572417736053,1.629533290863037
0.0,nan,nan,2.3949875831604004,00000_001833_00,1.0,3.7054243087768555,2.827402353286743,0.23395594954490662,coef_energy_material_checkpoint_lambdas,0.0,2.2900280952453613,1.5578179359436035,51,R2,4.295279026031494,0.5558376908302307
0.0,nan,nan,2.0969409942626953,00000_001833_00,4.0,2.142740488052368,2.0969409942626953,0.9586626291275024,coef_energy_material_checkpoint_lambdas,0.0,2.3906736373901367,1.554840326309204,57,R2,4.12575751543045,0.4384012222290039
0.0,nan,nan,0.1401035487651825,00000_001833_00,4.0,0.30111873149871826,0.2665398418903351,0.9628153443336487,coef_energy_material_checkpoint_lambdas,0.0,2.5769457817077637,1.511343002319336,63,R2,4.400081694126129,4.400081694126129
0.0,nan,nan,2.0800979137420654,00000_001833_01,4.0,2.1817688941955566,2.154879570007324,0.9972252249717712,coef_energy_material_checkpoint_lambdas,0.0,2.200218677520752,1.431748390197754,0,R2,2.0647102892398834,0.8152203261852264
0.0,nan,nan,2.405287981033325,00000_001833_01,4.0,3.8212525844573975,2.405287981033325,0.9977296590805054,coef_energy_material_checkpoint_lambdas,0.0,2.196876049041748,1.4260976314544678,3,R2,2.0121638774871826,0.337463915348053
0.0,nan,nan,3.52590274810791,00000_001833_01,1.0,3.637205123901367,3.1245651245117188,0.9992743730545044,coef_energy_material_checkpoint_lambdas,0.0,2.1903555393218994,1.4241995811462402,6,R2,2.070537716150284,0.3368097245693207
0.0,nan,nan,0.2720121443271637,00000_001833_01,1.0,1.1534854173660278,1.1209540367126465,-0.15539586544036865,coef_energy_material_checkpoint_lambdas,0.0,2.226768970489502,1.4335441589355469,27,R2,3.5348614752292633,3.5348614752292633
0.0,nan,nan,0.1906801462173462,00000_001833_01,1.0,2.41792893409729,2.410398483276367,0.7467694282531738,coef_energy_material_checkpoint_lambdas,0.0,2.2276179790496826,1.443914771080017,30,R2,3.5984680354595184,3.5984680354595184
0.0,nan,nan,-0.26172491908073425,00000_001833_01,1.0,0.4392752945423126,0.3527929484844208,0.8452805280685425,coef_energy_material_checkpoint_lambdas,0.0,2.246436834335327,1.4562463760375977,33,R2,3.9778032898902893,3.9778032898902893
0.0,nan,nan,-0.23001575469970703,00000_001833_01,3.0,0.34920305013656616,0.262746125459671,0.9998025894165039,coef_energy_material_checkpoint_lambdas,1.0,2.2706758975982666,1.4648876190185547,36,R2,3.5348614752292633,4.084026604890823
0.0,nan,nan,0.5142804980278015,00000_001833_01,1.0,0.663442850112915,0.41913238167762756,0.9854534864425659,coef_energy_material_checkpoint_lambdas,0.0,2.279668092727661,1.4805207252502441,39,R2,3.5984680354595184,4.3484179973602295
0.0,nan,nan,-0.4065300226211548,00000_001833_01,2.0,1.1149623394012451,1.0382072925567627,0.9309711456298828,coef_energy_material_checkpoint_lambdas,0.0,2.3149116039276123,1.49764883518219,42,R2,3.9778032898902893,2.7229366302490234
0.0,nan,nan,-0.020194679498672485,00000_001833_01,3.0,0.1607380509376526,0.15166063606739044,-0.9965978860855103,coef_energy_material_checkpoint_lambdas,0.0,2.336193561553955,1.5083731412887573,45,R2,3.867664247751236,1.0851553082466125
0.0,nan,nan,0.2675972580909729,00000_001833_01,1.0,0.37874191999435425,0.2680245041847229,0.9998965859413147,coef_energy_material_checkpoint_lambdas,0.0,2.3707194328308105,1.5325886011123657,51,R2,4.399947822093964,4.399947822093964
0.0,nan,nan,-0.0011294740252196789,00000_001833_01,2.0,0.003241351107135415,0.003222562838345766,0.9986764192581177,coef_energy_material_checkpoint_lambdas,0.0,2.379514694213867,1.54140305519104,54,R2,4.400009572505951,4.4013805985450745
0.0,nan,nan,-0.002556721679866314,00000_001833_01,4.0,0.005396053660660982,0.00539363082498312,0.8969544768333435,coef_energy_material_checkpoint_lambdas,0.0,2.397796630859375,1.5417261123657227,57,R2,4.400223970413208,4.401993989944458
0.0,nan,nan,0.34422191977500916,00000_001833_01,3.0,0.3715084493160248,0.02372511476278305,0.9983951449394226,coef_energy_material_checkpoint_lambdas,0.0,2.5043561458587646,1.5154253244400024,60,R2,4.196106255054474,0.5558789372444153
0.0,nan,nan,2.6814522743225098,00000_001833_01,2.0,4.307706832885742,4.279993534088135,0.9856535792350769,coef_energy_material_checkpoint_lambdas,0.0,2.6263043880462646,1.5005372762680054,63,R2,4.40142285823822,0.5558789372444153
0.0,nan,nan,2.1232330799102783,00000_001833_02,4.0,2.123945474624634,2.1232330799102783,0.0275882501155138,coef_energy_material_checkpoint_lambdas,0.0,2.1916744709014893,1.4392410516738892,0,R1,2.2481574416160583,1.52648463845253
0.0,nan,nan,0.1400289237499237,00000_001833_02,3.0,0.18544775247573853,0.17961987853050232,0.9607768654823303,coef_energy_material_checkpoint_lambdas,0.0,2.19299578666687,1.4352657794952393,3,R1,2.085337817668915,0.7636592984199524
0.0,nan,nan,1.043945074081421,00000_001833_02,2.0,2.920886516571045,1.9730936288833618,0.9764118194580078,coef_energy_material_checkpoint_lambdas,0.0,2.1664278507232666,1.4395887851715088,6,R1,2.0861164033412933,0.26858004927635193
0.0,nan,nan,0.27283307909965515,00000_001833_02,1.0,1.1558902263641357,1.1232295036315918,-0.1556190848350525,coef_energy_material_checkpoint_lambdas,0.0,2.231332302093506,1.4319608211517334,27,R1,3.5348614752292633,3.5348614752292633
0.0,nan,nan,0.19097469747066498,00000_001833_02,1.0,2.416222095489502,2.408663034439087,0.7468879222869873,coef_energy_material_checkpoint_lambdas,0.0,2.225600242614746,1.4461452960968018,30,R1,3.5984680354595184,3.5984680354595184
0.0,nan,nan,-0.26134681701660156,00000_001833_02,1.0,0.4389893412590027,0.3527172803878784,0.8449656367301941,coef_energy_material_checkpoint_lambdas,0.0,2.247066020965576,1.45475435256958,33,R1,3.9778032898902893,3.9778032898902893
0.0,nan,nan,-0.2304629385471344,00000_001833_02,3.0,0.34991881251335144,0.2633059024810791,0.9998043179512024,coef_energy_material_checkpoint_lambdas,1.0,2.2647781372070312,1.4684045314788818,36,R1,3.5348614752292633,4.084026604890823
0.0,nan,nan,0.5145388841629028,00000_001833_02,1.0,0.6636262536048889,0.419105589389801,0.9855004549026489,coef_energy_material_checkpoint_lambdas,0.0,2.276632070541382,1.4834505319595337,39,R1,3.5984680354595184,4.3484179973602295
0.0,nan,nan,-0.40610048174858093,00000_001833_02,2.0,1.1139978170394897,1.037339687347412,0.9309985041618347,coef_energy_material_checkpoint_lambdas,0.0,2.312466621398926,1.4990224838256836,42,R1,3.9778032898902893,2.7229366302490234
0.0,nan,nan,-0.020162716507911682,00000_001833_02,3.0,0.16036243736743927,0.15131130814552307,-0.9965899586677551,coef_energy_material_checkpoint_lambdas,0.0,2.3334310054779053,1.509338617324829,45,R1,3.867664247751236,1.0851553082466125
0.0,nan,nan,0.26657938957214355,00000_001833_02,1.0,0.3773040175437927,0.267008900642395,0.9998967051506042,coef_energy_material_checkpoint_lambdas,0.0,2.3605244159698486,1.5406920909881592,51,R1,4.399947822093964,4.399947822093964
0.0,nan,nan,-0.0011370866559445858,00000_001833_02,2.0,0.0032768205273896456,0.0032572783529758453,0.998754620552063,coef_energy_material_checkpoint_lambdas,0.0,2.333383798599243,1.575600504875183,54,R1,4.400009572505951,4.4013805985450745
0.0,nan,nan,0.037521686404943466,00000_001833_02,3.0,0.03825688734650612,0.004784352146089077,0.1951914280653,coef_energy_material_checkpoint_lambdas,0.0,2.381240129470825,1.5538705587387085,57,R1,4.3973981738090515,1.6679210662841797
0.0,nan,nan,4.089198589324951,00000_001833_02,2.0,4.681295871734619,4.50286340713501,0.9998052716255188,coef_energy_material_checkpoint_lambdas,0.0,2.494020462036133,1.5235174894332886,60,R1,4.401543736457825,0.5573309063911438
0.0,nan,nan,1.2365505695343018,00000_001833_02,5.0,1.497352123260498,0.9060731530189514,0.9833113551139832,coef_energy_material_checkpoint_lambdas,0.0,2.6041510105133057,1.498178482055664,63,R1,4.4000784158706665,0.5721782445907593
0.0,nan,nan,3.856196403503418,00000_001833_03,2.0,4.314873218536377,4.3148674964904785,0.6961339116096497,coef_energy_material_checkpoint_lambdas,0.0,2.2612860202789307,1.4558130502700806,3,R1,4.269879519939423,0.37508445978164673
0.0,nan,nan,1.2037605047225952,00000_001833_03,6.0,1.4419715404510498,0.7938782572746277,0.2073092758655548,coef_energy_material_checkpoint_lambdas,0.0,2.2250797748565674,1.4412622451782227,6,R1,2.1253945529460907,2.1253945529460907
0.0,nan,nan,0.0893033891916275,00000_001833_03,4.0,0.09403092414140701,0.04232974722981453,0.9999842643737793,coef_energy_material_checkpoint_lambdas,0.0,2.2164618968963623,1.4347409009933472,9,R1,2.0159876942634583,1.5298397839069366
0.0,nan,nan,0.026748646050691605,00000_001833_03,2.0,0.026776110753417015,0.01977146975696087,0.27400273084640503,coef_energy_material_checkpoint_lambdas,0.0,2.211878776550293,1.4308114051818848,12,R1,2.850776582956314,0.7692963182926178
0.0,nan,nan,2.1598849296569824,00000_001833_03,2.0,2.2136406898498535,0.4848729968070984,0.9940426349639893,coef_energy_material_checkpoint_lambdas,0.0,2.1982834339141846,1.42377507686615,15,R1,2.1253945529460907,0.28051018714904785
0.0,nan,nan,2.9210927486419678,00000_001833_03,1.0,3.1792192459106445,3.173891544342041,0.9592383503913879,coef_energy_material_checkpoint_lambdas,0.0,2.212517499923706,1.4413254261016846,36,R1,3.5103614926338196,0.48156726360321045
0.0,nan,nan,1.1986980438232422,00000_001833_03,1.0,2.230760335922241,2.218789577484131,0.5943001508712769,coef_energy_material_checkpoint_lambdas,0.0,2.24428653717041,1.4559425115585327,42,R1,3.695276230573654,3.675227612257004
0.0,nan,nan,-0.13758885860443115,00000_001833_03,2.0,0.5657266974449158,0.4292767345905304,0.9996902942657471,coef_energy_material_checkpoint_lambdas,0.0,2.2610597610473633,1.465879201889038,45,R1,3.402506649494171,2.0706630051136017
0.0,nan,nan,1.6250014305114746,00000_001833_03,1.0,1.715431809425354,1.218313217163086,0.9997197985649109,coef_energy_material_checkpoint_lambdas,0.0,2.2821474075317383,1.4744722843170166,48,R1,3.7080456018447876,0.5506437420845032
0.0,nan,nan,0.4233584403991699,00000_001833_03,3.0,1.534762978553772,1.038400411605835,0.9995686411857605,coef_energy_material_checkpoint_lambdas,1.0,2.3285789489746094,1.5141881704330444,54,R1,4.072230368852615,4.403995215892792
0.0,nan,nan,0.11209946870803833,00000_001833_03,3.0,0.12630879878997803,0.12042221426963806,0.9994992613792419,coef_energy_material_checkpoint_lambdas,0.0,2.343346357345581,1.5240747928619385,57,R1,4.266014933586121,3.31039160490036
0.0,nan,nan,3.886002540588379,00000_001833_03,4.0,3.9120218753814697,3.066330909729004,0.988409698009491,coef_energy_material_checkpoint_lambdas,0.0,2.3511786460876465,1.546396255493164,60,R1,4.358830034732819,0.565608024597168
0.0,nan,nan,2.137239694595337,00000_001833_03,1.0,2.1669631004333496,2.137239694595337,0.9970654845237732,coef_energy_material_checkpoint_lambdas,0.0,2.4936723709106445,1.667546033859253,69,R1,4.402574241161346,0.5766103863716125
0.0,nan,nan,1.2430133819580078,00000_001833_03,3.0,1.3937687873840332,0.4331241846084595,0.9890313744544983,coef_energy_material_checkpoint_lambdas,0.0,2.5342469215393066,1.5985000133514404,72,R1,4.4001893401145935,3.3065472841262817
0.0,nan,nan,0.0020397549960762262,00000_001833_03,5.0,0.003242182545363903,0.0020397549960762262,0.999983549118042,coef_energy_material_checkpoint_lambdas,0.0,2.528042793273926,1.610168218612671,75,R1,4.400000095367432,1.656418263912201
0.0,nan,nan,1.7323670387268066,00000_001833_03,2.0,3.5704917907714844,2.0177254676818848,0.993097722530365,coef_energy_material_checkpoint_lambdas,0.0,2.5378143787384033,1.6171441078186035,78,R1,4.400763928890228,0.5763654112815857
0.0,nan,nan,4.167026996612549,00000_001833_03,6.0,4.193995475769043,3.282301902770996,0.9885185956954956,coef_energy_material_checkpoint_lambdas,0.0,2.5514330863952637,1.621910810470581,81,R1,4.400222182273865,4.4014230370521545
0.0,nan,nan,0.03458463400602341,00000_001833_03,10.0,0.04166065901517868,0.02322743460536003,0.9996078014373779,coef_energy_material_checkpoint_lambdas,0.0,2.5789496898651123,1.6359848976135254,84,R1,4.400000095367432,4.400000095367432
0.0,nan,nan,1.162984062830219e-05,00000_001833_03,12.0,1.2264756151125766e-05,3.895002919307444e-06,0.0,coef_energy_material_checkpoint_lambdas,0.0,2.656231164932251,1.608410358428955,87,R1,4.400000095367432,4.400000095367432
0.0,nan,nan,2.055208669915487e-09,00000_001833_03,15.0,2.1367605462785377e-09,5.846904627127003e-10,0.0,coef_energy_material_checkpoint_lambdas,0.0,2.761187791824341,1.5860316753387451,90,R1,4.400000095367432,4.400000095367432
0.0,nan,nan,0.4720817804336548,00000_001833_04,3.0,1.337235689163208,1.2184981107711792,-0.9964051842689514,coef_energy_material_checkpoint_lambdas,0.0,2.232666254043579,1.47453773021698,3,R2,3.423267751932144,1.3709067404270172
0.0,nan,nan,3.2281970977783203,00000_001833_04,2.0,3.6955795288085938,3.554696559906006,0.4021044075489044,coef_energy_material_checkpoint_lambdas,0.0,2.1867241859436035,1.455489993095398,6,R2,4.25515940785408,0.3640808165073395
0.0,nan,nan,4.138705253601074,00000_001833_04,1.0,4.317944526672363,4.138705253601074,0.9932076930999756,coef_energy_material_checkpoint_lambdas,0.0,2.1991684436798096,1.4410589933395386,9,R2,2.101674258708954,0.26494500041007996
0.0,nan,nan,1.8168936967849731,00000_001833_04,3.0,1.87259042263031,1.5803065299987793,0.9825319051742554,coef_energy_material_checkpoint_lambdas,0.0,2.1840615272521973,1.4353814125061035,12,R2,2.042257606983185,0.8086693584918976
0.0,nan,nan,2.4302453994750977,00000_001833_04,1.0,3.555323362350464,3.553413152694702,0.7554079294204712,coef_energy_material_checkpoint_lambdas,0.0,2.22387433052063,1.428841471672058,33,R2,3.7615172266960144,0.40346595644950867
0.0,nan,nan,-0.23639722168445587,00000_001833_04,1.0,2.220604658126831,2.2079856395721436,0.9896721839904785,coef_energy_material_checkpoint_lambdas,0.0,2.223203420639038,1.442414402961731,36,R2,3.575257420539856,3.575257420539856
0.0,nan,nan,1.2861127853393555,00000_001833_04,2.0,2.2641913890838623,2.2418949604034424,0.9874323606491089,coef_energy_material_checkpoint_lambdas,1.0,2.233952045440674,1.4476388692855835,39,R2,3.250485748052597,3.719771236181259
0.0,nan,nan,-0.1622229516506195,00000_001833_04,1.0,0.3295738697052002,0.2868843972682953,0.9569332003593445,coef_energy_material_checkpoint_lambdas,0.0,2.2524502277374268,1.4584487676620483,42,R2,4.009852349758148,4.009852349758148
0.0,nan,nan,-0.14031921327114105,00000_001833_04,3.0,0.3093615770339966,0.2757083773612976,0.9999976754188538,coef_energy_material_checkpoint_lambdas,1.0,2.269848346710205,1.4705629348754883,45,R2,3.575257420539856,4.188272207975388
0.0,nan,nan,0.7985894680023193,00000_001833_04,1.0,1.615368366241455,1.4041616916656494,0.9198790788650513,coef_energy_material_checkpoint_lambdas,0.0,2.2966556549072266,1.4824378490447998,48,R2,3.719771236181259,3.8110914826393127
0.0,nan,nan,-0.06927327811717987,00000_001833_04,2.0,0.12727464735507965,0.10677101463079453,0.6507185101509094,coef_energy_material_checkpoint_lambdas,0.0,2.29232120513916,1.5123543739318848,51,R2,4.009852349758148,2.177287518978119
0.0,nan,nan,-0.004534982144832611,00000_001833_04,3.0,0.010581828653812408,0.007636090740561485,-0.9988570809364319,coef_energy_material_checkpoint_lambdas,0.0,2.3356361389160156,1.5136586427688599,54,R2,4.262565195560455,2.7645074129104614
0.0,nan,nan,1.5885334014892578,00000_001833_04,4.0,2.1433284282684326,2.1407151222229004,0.984467089176178,coef_energy_material_checkpoint_lambdas,0.0,2.35435152053833,1.5312522649765015,57,R2,4.373487889766693,1.1092568039894104
0.0,nan,nan,3.2804315090179443,00000_001833_04,2.0,4.43984317779541,4.272089004516602,0.9988362789154053,coef_energy_material_checkpoint_lambdas,0.0,2.371828317642212,1.54363214969635,60,R2,4.39974719285965,0.5663824081420898
0.0,nan,nan,2.8901264667510986,00000_001833_04,2.0,4.086617946624756,2.8901267051696777,0.9999825954437256,coef_energy_material_checkpoint_lambdas,0.0,2.583160877227783,1.5402553081512451,69,R2,4.403800010681152,0.576347827911377
0.0,nan,nan,3.6662588119506836,00000_001833_05,1.0,3.843700647354126,3.6662585735321045,0.9991282224655151,coef_energy_material_checkpoint_lambdas,0.0,2.1987197399139404,1.492524266242981,0,R1,4.328909873962402,0.5017649531364441
0.0,nan,nan,3.2281970977783203,00000_001833_05,2.0,3.6955795288085938,3.554696559906006,0.4021044075489044,coef_energy_material_checkpoint_lambdas,0.0,2.1867241859436035,1.455489993095398,3,R1,4.25515940785408,0.3640808165073395
0.0,nan,nan,4.143504619598389,00000_001833_05,1.0,4.3228654861450195,4.143504619598389,0.9931999444961548,coef_energy_material_checkpoint_lambdas,0.0,2.202934741973877,1.4340800046920776,6,R1,2.101674258708954,0.26494500041007996
0.0,nan,nan,1.8173664808273315,00000_001833_05,3.0,1.8730757236480713,1.828278660774231,0.9825311899185181,coef_energy_material_checkpoint_lambdas,0.0,2.1846766471862793,1.4352056980133057,9,R1,2.042257606983185,0.7771882116794586
0.0,nan,nan,1.8441193103790283,00000_001833_05,1.0,1.8705803155899048,1.8486289978027344,0.8786643147468567,coef_energy_material_checkpoint_lambdas,0.0,2.167451858520508,1.4411420822143555,12,R1,2.0494817197322845,0.2630334198474884
0.0,nan,nan,2.426560640335083,00000_001833_05,1.0,3.549736261367798,2.426560640335083,0.7553739547729492,coef_energy_material_checkpoint_lambdas,0.0,2.2205119132995605,1.4243441820144653,30,R1,3.7615172266960144,0.44455909729003906
0.0,nan,nan,0.8569294810295105,00000_001833_05,3.0,2.308994770050049,2.30096435546875,0.6953704357147217,coef_energy_material_checkpoint_lambdas,0.0,2.2478816509246826,1.4571964740753174,39,R1,3.1271641552448273,3.140567570924759
0.0,nan,nan,0.04433896392583847,00000_001833_05,1.0,0.3026611804962158,0.2876167297363281,0.9995989799499512,coef_energy_material_checkpoint_lambdas,0.0,2.2678604125976562,1.4655468463897705,42,R1,3.6811779141426086,1.5723541975021362
0.0,nan,nan,3.8785529136657715,00000_001833_05,1.0,4.19851016998291,3.8792824745178223,0.9736422896385193,coef_energy_material_checkpoint_lambdas,0.0,2.326874017715454,1.5050668716430664,48,R1,4.4025683999061584,0.5596908926963806
0.0,nan,nan,0.0009509474039077759,00000_001833_05,3.0,0.359270840883255,0.25471436977386475,0.9977192282676697,coef_energy_material_checkpoint_lambdas,0.0,2.3343660831451416,1.5160834789276123,51,R1,4.305407404899597,4.410422623157501
0.0,nan,nan,0.16732379794120789,00000_001833_05,4.0,0.20488715171813965,0.20253899693489075,0.9772987365722656,coef_energy_material_checkpoint_lambdas,0.0,2.3555448055267334,1.5260006189346313,54,R1,4.343446433544159,2.760358452796936
0.0,nan,nan,3.2442235946655273,00000_001833_05,2.0,4.390658378601074,4.22481632232666,0.998838484287262,coef_energy_material_checkpoint_lambdas,0.0,2.3433678150177,1.5584168434143066,57,R1,4.39974719285965,0.5663824081420898
0.0,nan,nan,4.4327778816223145,00000_001833_05,1.0,4.43278169631958,4.4327778816223145,0.9995622634887695,coef_energy_material_checkpoint_lambdas,0.0,2.4897775650024414,1.6643354892730713,66,R1,4.40266215801239,0.5603941679000854
0.0,nan,nan,1.3055256605148315,00000_001833_05,4.0,1.6241685152053833,0.7356036305427551,0.9958575367927551,coef_energy_material_checkpoint_lambdas,0.0,2.5206222534179688,1.5965931415557861,69,R1,4.400129318237305,3.309193789958954
0.0,nan,nan,0.31232932209968567,00000_001833_05,4.0,0.35986778140068054,0.19941182434558868,0.9713230133056641,coef_energy_material_checkpoint_lambdas,0.0,2.5284292697906494,1.6018130779266357,72,R1,4.400018155574799,1.6590591669082642
0.0,nan,nan,0.5882154107093811,00000_001833_05,2.0,1.9152154922485352,1.367169737815857,0.9696424007415771,coef_energy_material_checkpoint_lambdas,0.0,2.534726142883301,1.6123018264770508,75,R1,4.402745008468628,0.5598004460334778
0.0,nan,nan,1.6697885990142822,00000_001833_05,7.0,1.6697885990142822,1.180635690689087,0.9999966025352478,coef_energy_material_checkpoint_lambdas,0.0,2.565007448196411,1.6259342432022095,78,R1,4.400017738342285,4.400111019611359
0.0,nan,nan,0.0027760853990912437,00000_001833_05,10.0,0.0031093391589820385,0.0014004787662997842,0.9920124411582947,coef_energy_material_checkpoint_lambdas,0.0,2.5916123390197754,1.6451491117477417,81,R1,4.400000095367432,4.400000095367432
0.0,nan,nan,6.79868037423148e-07,00000_001833_05,13.0,7.072792413964635e-07,1.949958488012271e-07,0.0,coef_energy_material_checkpoint_lambdas,0.0,2.689692735671997,1.5930466651916504,84,R1,4.400000095367432,4.400000095367432
0.0,nan,nan,3.835244655609131,00000_001833_06,1.0,4.076605796813965,1.734786033630371,0.9798235893249512,coef_energy_material_checkpoint_lambdas,0.0,2.222914218902588,1.441691517829895,0,R1,2.169729173183441,0.29069784283638
0.0,nan,nan,2.0800979137420654,00000_001833_06,4.0,2.1817688941955566,2.154879570007324,0.9972252249717712,coef_energy_material_checkpoint_lambdas,0.0,2.200218677520752,1.431748390197754,3,R1,2.0647102892398834,0.8152203261852264
0.0,nan,nan,2.3990018367767334,00000_001833_06,4.0,3.81121826171875,2.3990018367767334,0.9977303743362427,coef_energy_material_checkpoint_lambdas,0.0,2.190779685974121,1.424955129623413,6,R1,2.0121638774871826,0.337463915348053
0.0,nan,nan,3.525320291519165,00000_001833_06,1.0,3.636592149734497,3.525320053100586,0.9992738366127014,coef_energy_material_checkpoint_lambdas,0.0,2.1907362937927246,1.421220302581787,9,R1,2.070537716150284,0.28051018714904785
0.0,nan,nan,0.2710932791233063,00000_001833_06,1.0,1.1507816314697266,1.1183947324752808,-0.15514740347862244,coef_energy_material_checkpoint_lambdas,0.0,2.221637010574341,1.4352498054504395,30,R1,3.5348614752292633,3.5348614752292633
0.0,nan,nan,0.1910727471113205,00000_001833_06,1.0,2.4159998893737793,2.4084324836730957,0.7469198703765869,coef_energy_material_checkpoint_lambdas,0.0,2.225275754928589,1.446887731552124,33,R1,3.5984680354595184,3.5984680354595184
0.0,nan,nan,-0.25995856523513794,00000_001833_06,1.0,0.43827584385871887,0.3528558611869812,0.8435006737709045,coef_energy_material_checkpoint_lambdas,0.0,2.2530932426452637,1.4498629570007324,36,R1,3.9778032898902893,3.9778032898902893
0.0,nan,nan,-0.22989380359649658,00000_001833_06,3.0,0.3490338623523712,0.2626280188560486,0.999803364276886,coef_energy_material_checkpoint_lambdas,1.0,2.2650108337402344,1.4644004106521606,39,R1,3.5348614752292633,4.084026604890823
0.0,nan,nan,1.6184680461883545,00000_001833_06,1.0,1.708562970161438,1.213493824005127,0.9997211694717407,coef_energy_material_checkpoint_lambdas,0.0,2.268312692642212,1.4849148988723755,42,R1,3.7080456018447876,0.5506437420845032
0.0,nan,nan,1.2472565174102783,00000_001833_06,3.0,3.9009430408477783,2.768559694290161,0.9973827004432678,coef_energy_material_checkpoint_lambdas,0.0,2.3222603797912598,1.520432949066162,48,R1,4.267090350389481,3.3130046725273132
0.0,nan,nan,1.4382622241973877,00000_001833_06,4.0,1.513323187828064,1.3498327732086182,0.9898555874824524,coef_energy_material_checkpoint_lambdas,0.0,2.3454434871673584,1.527330756187439,51,R1,4.355307877063751,1.6602022647857666
0.0,nan,nan,3.886408805847168,00000_001833_06,4.0,3.912431478500366,3.0666539669036865,0.9884096384048462,coef_energy_material_checkpoint_lambdas,0.0,2.3514106273651123,1.546825885772705,54,R1,4.358830034732819,0.565608024597168
0.0,nan,nan,2.1282196044921875,00000_001833_06,1.0,2.1577999591827393,2.1282196044921875,0.9970691204071045,coef_energy_material_checkpoint_lambdas,0.0,2.481550931930542,1.6802403926849365,63,R1,4.402574241161346,0.5766103863716125
0.0,nan,nan,1.2810696363449097,00000_001833_06,3.0,1.4367780685424805,0.4458577334880829,0.9889628291130066,coef_energy_material_checkpoint_lambdas,0.0,2.62054181098938,1.539769172668457,66,R1,4.4001893401145935,3.3065472841262817
0.0,nan,nan,3.605226516723633,00000_001833_07,1.0,3.6114749908447266,2.3991265296936035,0.9682031273841858,coef_energy_material_checkpoint_lambdas,0.0,2.1869497299194336,1.4646828174591064,0,R1,4.20441460609436,0.3859689235687256
0.0,nan,nan,3.1930527687072754,00000_001833_07,2.0,4.124046802520752,4.023187160491943,0.6593605279922485,coef_energy_material_checkpoint_lambdas,0.0,2.196457862854004,1.4375925064086914,3,R1,2.074671447277069,0.28396371006965637
0.0,nan,nan,1.1962586641311646,00000_001833_07,3.0,1.2528486251831055,1.1962586641311646,0.997014582157135,coef_energy_material_checkpoint_lambdas,0.0,2.1652188301086426,1.458890676498413,6,R1,2.0121638774871826,1.0300136506557465
0.0,nan,nan,1.000360369682312,00000_001833_07,2.0,1.0003933906555176,1.000360369682312,0.9398199319839478,coef_energy_material_checkpoint_lambdas,0.0,2.1280336380004883,1.4728628396987915,9,R1,2.0252625644207,0.26858004927635193
0.0,nan,nan,0.27112090587615967,00000_001833_07,1.0,1.150985598564148,1.1185978651046753,-0.15512937307357788,coef_energy_material_checkpoint_lambdas,0.0,2.2220370769500732,1.4358713626861572,30,R1,3.5348614752292633,3.5348614752292633
0.0,nan,nan,0.19124238193035126,00000_001833_07,1.0,2.412442207336426,2.4048500061035156,0.747044563293457,coef_energy_material_checkpoint_lambdas,0.0,2.2215306758880615,1.4481723308563232,33,R1,3.5984680354595184,3.5984680354595184
0.0,nan,nan,-0.26134294271469116,00000_001833_07,1.0,0.43908900022506714,0.3528441786766052,0.84486985206604,coef_energy_material_checkpoint_lambdas,0.0,2.2482120990753174,1.4549189805984497,36,R1,3.9778032898902893,3.9778032898902893
0.0,nan,nan,-0.23024481534957886,00000_001833_07,3.0,0.3495725989341736,0.2630367577075958,0.9998036623001099,coef_energy_material_checkpoint_lambdas,1.0,2.2668371200561523,1.4667421579360962,39,R1,3.5348614752292633,4.084026604890823
0.0,nan,nan,0.5145845413208008,00000_001833_07,1.0,0.6638281941413879,0.41936933994293213,0.9854556918144226,coef_energy_material_checkpoint_lambdas,0.0,2.2808244228363037,1.4814960956573486,42,R1,3.5984680354595184,4.3484179973602295
0.0,nan,nan,-0.40658751130104065,00000_001833_07,2.0,1.1150081157684326,1.0382338762283325,0.9309568405151367,coef_energy_material_checkpoint_lambdas,0.0,2.3152387142181396,1.4963113069534302,45,R1,3.9778032898902893,2.7229366302490234
0.0,nan,nan,-0.019889194518327713,00000_001833_07,3.0,0.15687091648578644,0.1480720341205597,-0.9965017437934875,coef_energy_material_checkpoint_lambdas,0.0,2.3119404315948486,1.5252857208251953,48,R1,3.867664247751236,1.0851553082466125
0.0,nan,nan,3.3329408168792725,00000_001833_07,4.0,4.116489887237549,4.065105438232422,0.8964647054672241,coef_energy_material_checkpoint_lambdas,0.0,2.335444927215576,1.6048195362091064,57,R1,4.06277260184288,0.5107557773590088
0.0,nan,nan,3.9693763256073,00000_001833_07,2.0,4.0587663650512695,4.033568382263184,0.9991940259933472,coef_energy_material_checkpoint_lambdas,0.0,2.4378390312194824,1.5712645053863525,60,R1,4.400772869586945,2.210187077522278
0.0,nan,nan,3.8534669876098633,00000_001835_00,1.0,4.085941314697266,3.853466749191284,0.9901084899902344,coef_energy_material_checkpoint_lambdas,0.0,2.1747336387634277,1.4642430543899536,0,R2,4.196995794773102,0.3802231252193451
0.0,nan,nan,3.3004209995269775,00000_001835_00,2.0,3.621150016784668,3.618311882019043,0.8746303915977478,coef_energy_material_checkpoint_lambdas,0.0,2.1944196224212646,1.4364006519317627,3,R2,2.0231447219848633,0.26390331983566284
0.0,nan,nan,0.9121061563491821,00000_001835_00,3.0,1.0563430786132812,1.0541077852249146,0.9894987344741821,coef_energy_material_checkpoint_lambdas,0.0,2.1641488075256348,1.4457998275756836,6,R2,2.053622603416443,0.7746908664703369
0.0,nan,nan,1.8227206468582153,00000_001835_00,1.0,1.8476142883300781,1.0855051279067993,0.894584596157074,coef_energy_material_checkpoint_lambdas,0.0,2.129958391189575,1.46491277217865,9,R2,2.0859342217445374,0.28256556391716003
0.0,nan,nan,1.9253711700439453,00000_001835_00,1.0,4.169276237487793,3.976381778717041,0.8976126909255981,coef_energy_material_checkpoint_lambdas,0.0,2.2042434215545654,1.4255023002624512,27,R2,3.576698362827301,0.4118680953979492
0.0,nan,nan,-0.01381567120552063,00000_001835_00,1.0,0.35060784220695496,0.319528192281723,0.9985172748565674,coef_energy_material_checkpoint_lambdas,0.0,2.2946417331695557,1.4941349029541016,42,R2,4.2899865210056305,2.35645791888237
0.0,nan,nan,-0.19889655709266663,00000_001835_00,2.0,0.2335778921842575,0.19848933815956116,0.8560893535614014,coef_energy_material_checkpoint_lambdas,0.0,2.3272039890289307,1.5076173543930054,45,R2,4.173343658447266,0.91756471991539
0.0,nan,nan,-0.03137652948498726,00000_001835_00,4.0,1.904494285583496,1.3686846494674683,-0.9891944527626038,coef_energy_material_checkpoint_lambdas,0.0,2.287045478820801,1.5502824783325195,48,R2,4.327008426189423,4.377155601978302
0.0,nan,nan,0.00031746429158374667,00000_001835_00,5.0,0.00044408132089301944,0.0001941970840562135,0.9590772390365601,coef_energy_material_checkpoint_lambdas,0.0,2.329005479812622,1.5519037246704102,51,R2,4.248684525489807,3.857365667819977
0.0,nan,nan,0.06121180206537247,00000_001835_00,5.0,0.1381915807723999,0.12389523535966873,0.9999973773956299,coef_energy_material_checkpoint_lambdas,0.0,2.3468949794769287,1.5752711296081543,54,R2,4.323901027441025,1.6573503017425537
0.0,nan,nan,3.8216187953948975,00000_001835_00,4.0,3.8216187953948975,2.702683925628662,0.9999934434890747,coef_energy_material_checkpoint_lambdas,0.0,2.3841068744659424,1.6070036888122559,57,R2,4.4007410407066345,0.5873666405677795
0.0,nan,nan,0.7839266061782837,00000_001835_00,5.0,1.0451478958129883,1.0430902242660522,0.928325355052948,coef_energy_material_checkpoint_lambdas,0.0,2.5255534648895264,1.629352331161499,63,R2,4.400120437145233,4.403130233287811
0.0,nan,nan,0.23607368767261505,00000_001835_00,11.0,0.23607368767261505,0.0,1.0,coef_energy_material_checkpoint_lambdas,0.0,2.5383553504943848,1.6474133729934692,66,R2,4.400000095367432,4.400000095367432
0.0,nan,nan,0.0,00000_001835_00,14.0,3.1403797038365155e-05,0.0,0.0,coef_energy_material_checkpoint_lambdas,0.0,2.573558807373047,1.630778431892395,69,R2,4.399999916553497,4.400000095367432
0.0,nan,nan,0.0,00000_001835_00,15.0,4.175824575014531e-09,0.0,0.0,coef_energy_material_checkpoint_lambdas,0.0,2.76212215423584,1.5665216445922852,72,R2,4.400000095367432,4.400000095367432
0.0,nan,nan,-0.025450795888900757,00000_001835_01,4.0,1.2438163757324219,1.1008883714675903,-0.9293082356452942,coef_energy_material_checkpoint_lambdas,0.0,2.2326714992523193,1.474947452545166,3,R1,3.0378815829753876,1.352437436580658
0.0,nan,nan,1.6654613018035889,00000_001835_01,5.0,3.3954386711120605,3.3337488174438477,0.17944097518920898,coef_energy_material_checkpoint_lambdas,0.0,2.184487819671631,1.456640362739563,6,R1,2.6163062155246735,0.34913331270217896
0.0,nan,nan,3.2979788780212402,00000_001835_01,2.0,3.618377923965454,3.6155338287353516,0.874657928943634,coef_energy_material_checkpoint_lambdas,0.0,2.1925148963928223,1.4373588562011719,9,R1,2.0231447219848633,0.26390331983566284
0.0,nan,nan,0.9160635471343994,00000_001835_01,3.0,1.0608267784118652,1.0585930347442627,0.989475429058075,coef_energy_material_checkpoint_lambdas,0.0,2.1757240295410156,1.4315866231918335,12,R1,2.053622603416443,0.7746908664703369
0.0,nan,nan,1.8432531356811523,00000_001835_01,1.0,1.8676351308822632,1.0933687686920166,0.8934298753738403,coef_energy_material_checkpoint_lambdas,0.0,2.164140224456787,1.4335483312606812,15,R1,2.0859342217445374,0.28256556391716003
0.0,nan,nan,1.923175573348999,00000_001835_01,1.0,4.1648945808410645,3.972144603729248,0.8976333141326904,coef_energy_material_checkpoint_lambdas,0.0,2.2017178535461426,1.4264214038848877,33,R1,3.576698362827301,0.4118680953979492
0.0,nan,nan,-0.013811036944389343,00000_001835_01,1.0,0.3510211110115051,0.3198961913585663,0.9985203742980957,coef_energy_material_checkpoint_lambdas,0.0,2.2948334217071533,1.4961941242218018,48,R1,4.2899865210056305,2.35645791888237
0.0,nan,nan,-0.19895637035369873,00000_001835_01,2.0,0.2328118234872818,0.19711554050445557,0.8530449867248535,coef_energy_material_checkpoint_lambdas,0.0,2.3420541286468506,1.5034284591674805,51,R1,4.173343658447266,0.91756471991539
0.0,nan,nan,2.6030433177948,00000_001835_01,2.0,3.7891645431518555,3.787670135498047,0.8716897964477539,coef_energy_material_checkpoint_lambdas,0.0,2.342343330383301,1.5282411575317383,54,R1,4.296347141265869,0.48170697689056396
0.0,nan,nan,0.061594899743795395,00000_001835_01,5.0,2.3235363960266113,1.6859650611877441,0.44951507449150085,coef_energy_material_checkpoint_lambdas,1.0,2.293743848800659,1.574942946434021,57,R1,4.132325261831284,4.3999550342559814
0.0,nan,nan,-2.3643589884159155e-05,00000_001835_01,4.0,8.508229802828282e-05,3.415371338633122e-06,-0.0021498361602425575,coef_energy_material_checkpoint_lambdas,0.0,2.366380214691162,1.5574437379837036,60,R1,4.168546557426453,4.410635232925415
0.0,nan,nan,0.22378002107143402,00000_001835_01,5.0,0.22378002107143402,0.1582413911819458,0.9999943971633911,coef_energy_material_checkpoint_lambdas,0.0,2.4050416946411133,1.5677844285964966,63,R1,4.382091999053955,2.2106111645698547
0.0,nan,nan,0.17125791311264038,00000_001835_01,5.0,0.2624087929725647,0.17125791311264038,0.9933177828788757,coef_energy_material_checkpoint_lambdas,0.0,2.4394001960754395,1.5827357769012451,66,R1,4.399319589138031,1.1179137229919434
0.0,nan,nan,0.07382357120513916,00000_001835_01,7.0,1.6175241470336914,1.0903693437576294,0.9962987303733826,coef_energy_material_checkpoint_lambdas,0.0,2.484443426132202,1.6316866874694824,72,R1,4.3991334438323975,4.400042235851288
0.0,nan,nan,0.0013166926801204681,00000_001835_01,10.0,0.002969431458041072,0.0013166926801204681,-0.9479843378067017,coef_energy_material_checkpoint_lambdas,0.0,2.54474139213562,1.599324345588684,75,R1,4.400000095367432,4.400000095367432
0.0,nan,nan,1.9649175442282285e-07,00000_001835_01,13.0,7.127050594135653e-07,1.9649175442282285e-07,0.0,coef_energy_material_checkpoint_lambdas,0.0,2.710326671600342,1.5419589281082153,78,R1,4.400000095367432,4.400000095367432
0.0,nan,nan,3.741952896118164,00000_001835_02,1.0,3.8930397033691406,3.741953134536743,0.9751954674720764,coef_energy_material_checkpoint_lambdas,0.0,2.19905424118042,1.4951374530792236,3,R2,4.229635655879974,0.4802600145339966
0.0,nan,nan,3.8534669876098633,00000_001835_02,1.0,4.085941314697266,3.853466749191284,0.9901084899902344,coef_energy_material_checkpoint_lambdas,0.0,2.1747336387634277,1.4642430543899536,6,R2,4.196995794773102,0.3802231252193451
0.0,nan,nan,3.296988010406494,00000_001835_02,2.0,3.6172666549682617,3.6144211292266846,0.8746650218963623,coef_energy_material_checkpoint_lambdas,0.0,2.1917829513549805,1.4374518394470215,9,R2,2.0231447219848633,0.26390331983566284
0.0,nan,nan,0.9172884225845337,00000_001835_02,3.0,1.0622256994247437,1.0599911212921143,0.9894707798957825,coef_energy_material_checkpoint_lambdas,0.0,2.179062843322754,1.4294720888137817,12,R2,2.053622603416443,0.7746908664703369
0.0,nan,nan,1.8398663997650146,00000_001835_02,1.0,1.8643137216567993,1.0919708013534546,0.8935921788215637,coef_energy_material_checkpoint_lambdas,0.0,2.1587374210357666,1.4376156330108643,15,R2,2.0859342217445374,0.28256556391716003
0.0,nan,nan,1.9195060729980469,00000_001835_02,1.0,4.157862186431885,3.965294361114502,0.8976835608482361,coef_energy_material_checkpoint_lambdas,0.0,2.1974878311157227,1.4299381971359253,33,R2,3.576698362827301,0.4118680953979492
0.0,nan,nan,-0.01390489935874939,00000_001835_02,1.0,0.3499325215816498,0.31896042823791504,0.9984991550445557,coef_energy_material_checkpoint_lambdas,0.0,2.3041393756866455,1.48960542678833,48,R2,4.2899865210056305,2.35645791888237
0.0,nan,nan,-0.19877488911151886,00000_001835_02,2.0,0.23339347541332245,0.19829703867435455,0.8559398651123047,coef_energy_material_checkpoint_lambdas,0.0,2.3264801502227783,1.5064656734466553,51,R2,4.173343658447266,0.91756471991539
0.0,nan,nan,-0.03140432387590408,00000_001835_02,4.0,1.9021049737930298,1.3670141696929932,-0.9891892075538635,coef_energy_material_checkpoint_lambdas,0.0,2.2847204208374023,1.5516557693481445,54,R2,4.327008426189423,4.377155601978302
0.0,nan,nan,0.0003180672647431493,00000_001835_02,5.0,0.0004447137762326747,0.0001942796225193888,0.9592146277427673,coef_energy_material_checkpoint_lambdas,0.0,2.3284902572631836,1.5537327527999878,57,R2,4.248684525489807,3.857365667819977
0.0,nan,nan,0.06124735623598099,00000_001835_02,5.0,0.13827180862426758,0.12396715581417084,0.9999973773956299,coef_energy_material_checkpoint_lambdas,0.0,2.3483760356903076,1.5700472593307495,60,R2,4.323901027441025,1.6573503017425537
0.0,nan,nan,3.8216187953948975,00000_001835_02,4.0,3.8216187953948975,2.702683925628662,0.9999934434890747,coef_energy_material_checkpoint_lambdas,0.0,2.3841068744659424,1.6070036888122559,63,R2,4.4007410407066345,0.5873666405677795
0.0,nan,nan,0.7678727507591248,00000_001835_02,5.0,1.0240031480789185,1.022005558013916,0.9284319281578064,coef_energy_material_checkpoint_lambdas,0.0,2.4726881980895996,1.662876009941101,69,R2,4.400120437145233,4.403130233287811
0.0,nan,nan,0.23018716275691986,00000_001835_02,11.0,0.23018716275691986,0.16276690363883972,1.0,coef_energy_material_checkpoint_lambdas,0.0,2.4739482402801514,1.6865968704223633,72,R2,4.400000095367432,4.400000095367432
0.0,nan,nan,-1.6245769529632526e-06,00000_001835_02,15.0,3.623443717515329e-06,1.141457460107631e-06,0.0,coef_energy_material_checkpoint_lambdas,0.0,2.477329969406128,1.7064170837402344,75,R2,4.400000095367432,4.400000095367432
0.0,nan,nan,-9.678241714994318e-12,00000_001835_02,16.0,1.7437952123944278e-11,3.413491494672072e-12,0.0,coef_energy_material_checkpoint_lambdas,0.0,2.679612636566162,1.61025869846344,78,R2,4.400000095367432,4.400000095367432
0.0,nan,nan,1.2664680480957031,00000_001835_03,4.0,1.2851011753082275,1.2664680480957031,-0.11750834435224533,coef_energy_material_checkpoint_lambdas,0.0,2.197208881378174,1.436654806137085,0,R2,2.3782032132148743,1.529745191335678
0.0,nan,nan,0.14283746480941772,00000_001835_03,3.0,0.1962054967880249,0.18791426718235016,0.9571619629859924,coef_energy_material_checkpoint_lambdas,0.0,2.188710927963257,1.435799479484558,3,R2,2.12896192073822,0.7635542750358582
0.0,nan,nan,1.094062089920044,00000_001835_03,2.0,3.081035852432251,2.0868897438049316,0.9763396382331848,coef_energy_material_checkpoint_lambdas,0.0,2.1693596839904785,1.436919927597046,6,R2,2.1843328177928925,0.2685754895210266
0.0,nan,nan,0.021228499710559845,00000_001835_03,1.0,0.3144737780094147,0.27113863825798035,0.8866251111030579,coef_energy_material_checkpoint_lambdas,0.0,2.2965822219848633,1.482988715171814,39,R2,4.337219715118408,2.8726421296596527
0.0,nan,nan,-0.16769632697105408,00000_001835_03,2.0,0.38596418499946594,0.38592538237571716,0.9997449517250061,coef_energy_material_checkpoint_lambdas,0.0,2.32478666305542,1.5084450244903564,42,R2,4.206399589776993,1.39177405834198
0.0,nan,nan,0.41406822204589844,00000_001835_03,2.0,3.8373894691467285,2.990391731262207,0.9834097027778625,coef_energy_material_checkpoint_lambdas,0.0,2.3613579273223877,1.5144119262695312,45,R2,4.260228514671326,0.4531317949295044
0.0,nan,nan,3.305556535720825,00000_001835_03,2.0,4.600410461425781,4.387458801269531,0.9504084587097168,coef_energy_material_checkpoint_lambdas,0.0,2.3688292503356934,1.5323151350021362,48,R2,4.378781497478485,0.5655019283294678
0.0,nan,nan,2.5346696376800537,00000_001835_03,5.0,3.9341557025909424,3.0088255405426025,0.687549889087677,coef_energy_material_checkpoint_lambdas,0.0,2.3912527561187744,1.5356464385986328,51,R2,4.368239998817444,4.368239998817444
0.0,nan,nan,-0.022888248786330223,00000_001835_03,6.0,0.0731680765748024,0.07239505648612976,0.9615457057952881,coef_energy_material_checkpoint_lambdas,0.0,2.3973605632781982,1.5493626594543457,54,R2,4.388080298900604,4.392907023429871
0.0,nan,nan,0.02129010111093521,00000_001835_03,4.0,0.027527721598744392,0.0060866475105285645,0.3566383719444275,coef_energy_material_checkpoint_lambdas,0.0,2.4217092990875244,1.5451624393463135,57,R2,4.398165583610535,3.853432059288025
0.0,nan,nan,0.0159920584410429,00000_001835_03,7.0,0.01717395894229412,0.006260909140110016,0.6433829665184021,coef_energy_material_checkpoint_lambdas,0.0,2.4376230239868164,1.5624990463256836,60,R2,3.867327868938446,1.6606721878051758
0.0,nan,nan,0.05348113179206848,00000_001835_03,5.0,1.0901650190353394,0.9978167414665222,0.9990994334220886,coef_energy_material_checkpoint_lambdas,0.0,2.462733268737793,1.5869266986846924,63,R2,4.305404365062714,4.40352475643158
0.0,nan,nan,2.214977741241455,00000_001835_03,5.0,2.2173333168029785,2.214977741241455,0.999109148979187,coef_energy_material_checkpoint_lambdas,0.0,2.4461779594421387,1.6119550466537476,66,R2,4.398874878883362,3.3079010248184204
0.0,nan,nan,0.027483422309160233,00000_001835_03,6.0,0.03103223815560341,0.03102647326886654,0.9474246501922607,coef_energy_material_checkpoint_lambdas,0.0,2.627485990524292,1.5244128704071045,69,R2,4.39892578125,1.6572986841201782
0.0,nan,nan,0.005881636403501034,00000_001835_04,5.0,0.03576897829771042,0.029107151553034782,-0.36303260922431946,coef_energy_material_checkpoint_lambdas,1.0,2.2797701358795166,1.4752082824707031,0,R2,3.7241004705429077,3.9797039330005646
0.0,nan,nan,0.006289246026426554,00000_001835_04,5.0,0.007299252785742283,0.0037046566139906645,0.9998526573181152,coef_energy_material_checkpoint_lambdas,0.0,2.243084669113159,1.4565174579620361,3,R2,3.0960081815719604,3.0960081815719604
0.0,nan,nan,0.2026524543762207,00000_001835_04,4.0,0.3329036235809326,0.043460663408041,0.9982684850692749,coef_energy_material_checkpoint_lambdas,0.0,2.1987619400024414,1.44026517868042,6,R2,2.405624568462372,2.2678204774856567
0.0,nan,nan,2.102139711380005,00000_001835_04,4.0,2.1098151206970215,2.102139711380005,0.3292092978954315,coef_energy_material_checkpoint_lambdas,0.0,2.1944148540496826,1.4367547035217285,9,R2,2.1744737923145294,1.2657058537006378
0.0,nan,nan,0.06514851003885269,00000_001835_04,4.0,0.12323544919490814,0.01148887351155281,0.931591272354126,coef_energy_material_checkpoint_lambdas,0.0,2.179659366607666,1.4336285591125488,12,R2,2.08440962433815,0.5133023858070374
0.0,nan,nan,1.920701503753662,00000_001835_04,1.0,4.160082817077637,3.9674699306488037,0.8976633548736572,coef_energy_material_checkpoint_lambdas,0.0,2.1988680362701416,1.4283143281936646,33,R2,3.576698362827301,0.4118680953979492
0.0,nan,nan,-0.013843074440956116,00000_001835_04,1.0,0.35009393095970154,0.3190794587135315,0.9985098242759705,coef_energy_material_checkpoint_lambdas,0.0,2.297006130218506,1.4912651777267456,48,R2,4.2899865210056305,2.35645791888237
0.0,nan,nan,-0.2001044899225235,00000_001835_04,2.0,0.2386537790298462,0.06010064855217934,0.8684474229812622,coef_energy_material_checkpoint_lambdas,1.0,2.280947685241699,1.536586046218872,51,R2,4.173343658447266,4.321156561374664
0.0,nan,nan,0.014165002852678299,00000_001835_04,3.0,0.03927834331989288,0.030275875702500343,0.9951571226119995,coef_energy_material_checkpoint_lambdas,0.0,2.315751075744629,1.5376935005187988,54,R2,4.217161446809769,4.4072354435920715
0.0,nan,nan,0.04715791717171669,00000_001835_04,5.0,0.13749900460243225,0.12915922701358795,0.9928681254386902,coef_energy_material_checkpoint_lambdas,0.0,2.354498863220215,1.5376019477844238,57,R2,4.26674947142601,2.2072575092315674
0.0,nan,nan,0.9282293319702148,00000_001835_04,7.0,1.5587526559829712,1.3902513980865479,0.9889427423477173,coef_energy_material_checkpoint_lambdas,0.0,2.41970157623291,1.5495282411575317,60,R2,4.378781497478485,4.420287787914276
0.0,nan,nan,4.098094940185547,00000_001835_04,4.0,4.098094940185547,2.898160219192505,0.9999933838844299,coef_energy_material_checkpoint_lambdas,0.0,2.5687882900238037,1.5176624059677124,63,R2,4.4007410407066345,0.5873666405677795
0.0,nan,nan,1.2656912803649902,00000_001835_05,4.0,1.2842243909835815,1.2656912803649902,-0.11710959672927856,coef_energy_material_checkpoint_lambdas,0.0,2.1958138942718506,1.437532901763916,0,R1,2.3782032132148743,1.529745191335678
0.0,nan,nan,0.1430557817220688,00000_001835_05,3.0,0.19648823142051697,0.188190296292305,0.9571352005004883,coef_energy_material_checkpoint_lambdas,0.0,2.1925365924835205,1.4337629079818726,3,R1,2.12896192073822,0.7635542750358582
0.0,nan,nan,1.094627857208252,00000_001835_05,2.0,3.0825448036193848,2.087888240814209,0.9763373732566833,coef_energy_material_checkpoint_lambdas,0.0,2.1705243587493896,1.4363144636154175,6,R1,2.1843328177928925,0.2685754895210266
0.0,nan,nan,0.021540693938732147,00000_001835_05,1.0,0.31474658846855164,0.2712245583534241,0.8861920237541199,coef_energy_material_checkpoint_lambdas,0.0,2.3026962280273438,1.4805998802185059,39,R1,4.337219715118408,2.8726421296596527
0.0,nan,nan,-0.16773708164691925,00000_001835_05,2.0,0.3860807716846466,0.3860418200492859,0.9997457265853882,coef_energy_material_checkpoint_lambdas,0.0,2.3225536346435547,1.5090621709823608,42,R1,4.206399589776993,1.39177405834198
0.0,nan,nan,0.4137321710586548,00000_001835_05,2.0,3.834413528442383,2.988063097000122,0.9834104776382446,coef_energy_material_checkpoint_lambdas,0.0,2.359475612640381,1.516333818435669,45,R1,4.260228514671326,0.4531317949295044
0.0,nan,nan,3.3048229217529297,00000_001835_05,2.0,4.599514961242676,4.386565685272217,0.9504172205924988,coef_energy_material_checkpoint_lambdas,0.0,2.368164300918579,1.533583164215088,48,R1,4.378781497478485,0.5655019283294678
0.0,nan,nan,2.533125877380371,00000_001835_05,5.0,3.931626081466675,3.0068182945251465,0.6875706315040588,coef_energy_material_checkpoint_lambdas,0.0,2.389650583267212,1.5364359617233276,51,R1,4.368239998817444,4.368239998817444
0.0,nan,nan,-0.022868266329169273,00000_001835_05,6.0,0.07376892864704132,0.07295751571655273,0.9623562097549438,coef_energy_material_checkpoint_lambdas,0.0,2.3919355869293213,1.5578784942626953,54,R1,4.388080298900604,4.392907023429871
0.0,nan,nan,0.02026856504380703,00000_001835_05,4.0,0.02767321653664112,0.007787734270095825,0.41412946581840515,coef_energy_material_checkpoint_lambdas,0.0,2.3719043731689453,1.5876107215881348,57,R1,4.398165583610535,3.853432059288025
0.0,nan,nan,0.6826770901679993,00000_001835_05,5.0,1.4601049423217773,1.0085663795471191,-0.9218955636024475,coef_energy_material_checkpoint_lambdas,0.0,2.497591018676758,1.535101056098938,60,R1,4.38772177696228,0.5414155721664429
0.0,nan,nan,2.7961974143981934,00000_001835_06,3.0,3.8031795024871826,3.6538569927215576,-0.6205122470855713,coef_energy_material_checkpoint_lambdas,0.0,2.2538719177246094,1.4605380296707153,3,R1,4.088809549808502,0.3704310357570648
0.0,nan,nan,1.0950452089309692,00000_001835_06,6.0,1.2884776592254639,0.6790070533752441,-0.25436630845069885,coef_energy_material_checkpoint_lambdas,0.0,2.2246952056884766,1.4412841796875,6,R1,2.1915388107299805,2.1915388107299805
0.0,nan,nan,0.09949080646038055,00000_001835_06,4.0,0.16174544394016266,0.019824666902422905,0.9997145533561707,coef_energy_material_checkpoint_lambdas,0.0,2.211662769317627,1.4324449300765991,9,R1,2.0246503949165344,1.5296810865402222
0.0,nan,nan,0.02653362601995468,00000_001835_06,2.0,0.027916202321648598,0.024897292256355286,0.45514532923698425,coef_energy_material_checkpoint_lambdas,0.0,2.2043325901031494,1.4296772480010986,12,R1,2.927468329668045,0.7670384347438812
0.0,nan,nan,2.4287216663360596,00000_001835_06,2.0,2.7010302543640137,1.1818948984146118,0.9949803352355957,coef_energy_material_checkpoint_lambdas,0.0,2.193502902984619,1.4163421392440796,15,R1,2.1915388107299805,0.2797134518623352
0.0,nan,nan,0.02152916043996811,00000_001835_06,1.0,0.31450355052948,0.271012544631958,0.8861845135688782,coef_energy_material_checkpoint_lambdas,0.0,2.300989866256714,1.4793931245803833,48,R1,4.337219715118408,2.8726421296596527
0.0,nan,nan,-0.16774344444274902,00000_001835_06,2.0,0.3860812187194824,0.38604235649108887,0.9997453093528748,coef_energy_material_checkpoint_lambdas,0.0,2.3243837356567383,1.5089633464813232,51,R1,4.206399589776993,1.39177405834198
0.0,nan,nan,0.4133470058441162,00000_001835_06,2.0,3.831033706665039,2.9854164123535156,0.9834113717079163,coef_energy_material_checkpoint_lambdas,0.0,2.357327938079834,1.5190948247909546,54,R1,4.260228514671326,0.4531317949295044
0.0,nan,nan,3.301213502883911,00000_001835_06,2.0,4.594851493835449,4.3820061683654785,0.9504424333572388,coef_energy_material_checkpoint_lambdas,0.0,2.365177631378174,1.5365281105041504,57,R1,4.378781497478485,0.5655019283294678
0.0,nan,nan,4.2615766525268555,00000_001835_06,1.0,4.274461269378662,2.778886318206787,0.5708832144737244,coef_energy_material_checkpoint_lambdas,0.0,2.3846046924591064,1.54365873336792,60,R1,4.379348993301392,0.4982492923736572
0.0,nan,nan,0.031155548989772797,00000_001835_06,5.0,0.1588258445262909,0.15574009716510773,0.8118445873260498,coef_energy_material_checkpoint_lambdas,0.0,2.4052555561065674,1.546866774559021,63,R1,4.323138177394867,4.323138177394867
0.0,nan,nan,0.2908450961112976,00000_001835_06,5.0,0.293293297290802,0.09624586999416351,-0.12479860335588455,coef_energy_material_checkpoint_lambdas,0.0,2.385654926300049,1.5821220874786377,66,R1,4.37585723400116,3.827338755130768
0.0,nan,nan,0.6826770901679993,00000_001835_06,5.0,1.4601049423217773,1.0085663795471191,-0.9218955636024475,coef_energy_material_checkpoint_lambdas,0.0,2.497591018676758,1.535101056098938,69,R1,4.38772177696228,0.5414155721664429
0.0,nan,nan,2.7961974143981934,00000_001835_07,3.0,3.8031795024871826,3.6538569927215576,-0.6205122470855713,coef_energy_material_checkpoint_lambdas,0.0,2.2538719177246094,1.4605380296707153,3,R2,4.088809549808502,0.3704310357570648
0.0,nan,nan,1.095311164855957,00000_001835_07,6.0,1.2889727354049683,0.6795177459716797,-0.254586786031723,coef_energy_material_checkpoint_lambdas,0.0,2.225416660308838,1.4404363632202148,6,R2,2.1915388107299805,2.1915388107299805
0.0,nan,nan,0.09963474422693253,00000_001835_07,4.0,0.1619928777217865,0.01986539736390114,0.9997161030769348,coef_energy_material_checkpoint_lambdas,0.0,2.209049701690674,1.4347052574157715,9,R2,2.0246503949165344,1.5296810865402222
0.0,nan,nan,0.02651205100119114,00000_001835_07,2.0,0.027915406972169876,0.024926699697971344,0.45727282762527466,coef_energy_material_checkpoint_lambdas,0.0,2.2015697956085205,1.4322948455810547,12,R2,2.927468329668045,0.7670384347438812
0.0,nan,nan,2.428806781768799,00000_001835_07,2.0,2.701125383377075,1.1819370985031128,0.9949802756309509,coef_energy_material_checkpoint_lambdas,0.0,2.1935853958129883,1.4163349866867065,15,R2,2.1915388107299805,0.2797134518623352
0.0,nan,nan,0.021567530930042267,00000_001835_07,1.0,0.3147387206554413,0.2712038457393646,0.8861516118049622,coef_energy_material_checkpoint_lambdas,0.0,2.3030223846435547,1.4802205562591553,48,R2,4.337219715118408,2.8726421296596527
0.0,nan,nan,-0.16763968765735626,00000_001835_07,2.0,0.3858053982257843,0.38576680421829224,0.9997442364692688,coef_energy_material_checkpoint_lambdas,0.0,2.3274831771850586,1.5076234340667725,51,R2,4.206399589776993,1.39177405834198
0.0,nan,nan,0.41387391090393066,00000_001835_07,2.0,3.8353500366210938,2.988818645477295,0.9834084510803223,coef_energy_material_checkpoint_lambdas,0.0,2.360189437866211,1.5083661079406738,54,R2,4.260228514671326,0.4531317949295044
0.0,nan,nan,3.2523460388183594,00000_001835_07,2.0,4.529558181762695,4.318890571594238,0.9506351947784424,coef_energy_material_checkpoint_lambdas,0.0,2.3271424770355225,1.5487077236175537,57,R2,4.378781497478485,0.5655019283294678
0.0,nan,nan,-0.044409945607185364,00000_001835_07,4.0,0.13512635231018066,0.05883845314383507,0.5984593033790588,coef_energy_material_checkpoint_lambdas,0.0,2.3102455139160156,1.5783967971801758,60,R2,4.350602507591248,4.400146067142487
0.0,nan,nan,0.00039563170867040753,00000_001835_07,5.0,0.0003999114269390702,0.00023849427816458046,0.0,coef_energy_material_checkpoint_lambdas,0.0,2.3715503215789795,1.561047077178955,63,R2,4.227859854698181,3.879822611808777
0.0,nan,nan,0.25549787282943726,00000_001835_07,5.0,0.2712375521659851,0.25549787282943726,0.9936618208885193,coef_energy_material_checkpoint_lambdas,0.0,2.43669056892395,1.5764139890670776,66,R2,4.398962914943695,1.6680723428726196
0.0,nan,nan,2.109130382537842,00000_001835_07,1.0,2.1452741622924805,0.3921343684196472,0.9678772687911987,coef_energy_material_checkpoint_lambdas,0.0,2.46858286857605,1.5965194702148438,69,R2,4.403566300868988,0.5826373100280762
0.0,nan,nan,3.920062303543091,00000_001835_07,6.0,3.95024037361145,2.4272940158843994,0.9886307120323181,coef_energy_material_checkpoint_lambdas,0.0,2.499682903289795,1.6143708229064941,72,R2,4.400250792503357,4.401154518127441
0.0,nan,nan,-0.02152399532496929,00000_001835_07,9.0,0.038917895406484604,0.02152399532496929,-0.851316511631012,coef_energy_material_checkpoint_lambdas,0.0,2.470767021179199,1.656898856163025,75,R2,4.399673163890839,4.399999916553497
0.0,nan,nan,3.896365797118051e-06,00000_001835_07,13.0,1.2269048056623433e-05,3.896365797118051e-06,0.0,coef_energy_material_checkpoint_lambdas,0.0,2.657160520553589,1.5502631664276123,78,R2,4.400000095367432,4.400000095367432
0.0,nan,nan,0.006474755704402924,00000_001836_00,4.0,0.03645535558462143,0.0299463402479887,0.4130464494228363,coef_energy_material_checkpoint_lambdas,1.0,2.279850482940674,1.4742459058761597,0,R2,3.722746878862381,3.97985503077507
0.0,nan,nan,0.0063033937476575375,00000_001836_00,5.0,0.0077814566902816296,0.004562707152217627,0.9999970197677612,coef_energy_material_checkpoint_lambdas,0.0,2.24507999420166,1.456388235092163,3,R2,3.0990637838840485,3.0990637838840485
0.0,nan,nan,0.10368651151657104,00000_001836_00,4.0,0.377514511346817,0.18335971236228943,0.9997273087501526,coef_energy_material_checkpoint_lambdas,0.0,2.2028133869171143,1.4390242099761963,6,R2,2.511030226945877,2.2708799242973328
0.0,nan,nan,-0.8551021218299866,00000_001836_00,3.0,2.1597659587860107,2.156310558319092,0.055150777101516724,coef_energy_material_checkpoint_lambdas,0.0,2.207054615020752,1.434363842010498,9,R2,3.6019037067890167,1.2678318321704865
0.0,nan,nan,0.05963442474603653,00000_001836_00,3.0,0.06163473427295685,0.04637336730957031,0.8702734708786011,coef_energy_material_checkpoint_lambdas,0.0,2.1955621242523193,1.4255750179290771,12,R2,2.049012452363968,0.5131233632564545
0.0,nan,nan,1.978032112121582,00000_001836_00,1.0,4.202072620391846,4.020206451416016,0.9589300155639648,coef_energy_material_checkpoint_lambdas,0.0,2.21524977684021,1.4342827796936035,33,R2,3.5299341678619385,0.43036431074142456
0.0,nan,nan,1.9099838733673096,00000_001836_00,1.0,2.440136671066284,2.2124719619750977,0.9976056218147278,coef_energy_material_checkpoint_lambdas,0.0,2.2555603981018066,1.4678353071212769,42,R2,3.564434230327606,3.042857587337494
0.0,nan,nan,0.18998706340789795,00000_001836_00,2.0,0.18999317288398743,0.08360022306442261,0.9919317364692688,coef_energy_material_checkpoint_lambdas,0.0,2.277127504348755,1.474838376045227,45,R2,3.102383255958557,1.6224359273910522
0.0,nan,nan,3.368886947631836,00000_001836_00,1.0,3.856189727783203,3.18489670753479,0.5705992579460144,coef_energy_material_checkpoint_lambdas,0.0,2.283655881881714,1.5013110637664795,48,R2,3.932511806488037,0.5019745230674744
0.0,nan,nan,3.897867441177368,00000_001836_00,2.0,4.562319755554199,4.54667854309082,0.9984399676322937,coef_energy_material_checkpoint_lambdas,0.0,2.4046130180358887,1.5056551694869995,54,R2,4.002278625965118,0.5675045251846313
0.0,nan,nan,2.093337059020996,00000_001836_00,1.0,2.1217033863067627,1.2357078790664673,0.9966325163841248,coef_energy_material_checkpoint_lambdas,0.0,2.3913333415985107,1.5695321559906006,57,R2,4.402685165405273,0.59136962890625
0.0,nan,nan,1.4844671487808228,00000_001836_00,6.0,1.5682018995285034,0.5055834054946899,0.9819539189338684,coef_energy_material_checkpoint_lambdas,0.0,2.421088218688965,1.602122187614441,66,R2,4.40001368522644,4.40001368522644
0.0,nan,nan,0.00029046941199339926,00000_001836_00,9.0,0.0004217609530314803,1.0835938155651093e-05,0.0,coef_energy_material_checkpoint_lambdas,0.0,2.5083866119384766,1.6048907041549683,69,R2,4.400000095367432,4.400000095367432
0.0,nan,nan,2.793732676309446e-07,00000_001836_00,13.0,5.931820510340913e-07,5.232738544691529e-07,0.0,coef_energy_material_checkpoint_lambdas,0.0,2.597452163696289,1.5904872417449951,72,R2,4.400000095367432,4.400000095367432
0.0,nan,nan,7.843505400728645e-09,00000_001836_00,14.0,1.3484966920884744e-08,2.210213567721553e-09,0.0,coef_energy_material_checkpoint_lambdas,0.0,2.7020514011383057,1.5717930793762207,75,R2,4.400000095367432,4.400000095367432
0.0,nan,nan,2.0802700519561768,00000_001836_01,3.0,2.9364633560180664,2.787504196166992,0.9994824528694153,coef_energy_material_checkpoint_lambdas,0.0,2.2092981338500977,1.4304497241973877,0,R1,2.049012452363968,0.30127763748168945
0.0,nan,nan,2.6415343284606934,00000_001836_01,3.0,2.927844285964966,2.6415343284606934,0.9306594133377075,coef_energy_material_checkpoint_lambdas,0.0,2.205136775970459,1.4217056035995483,3,R1,2.0531002283096313,0.3213067054748535
0.0,nan,nan,4.24050235748291,00000_001836_01,1.0,4.401892185211182,4.24050235748291,0.9910168647766113,coef_energy_material_checkpoint_lambdas,0.0,2.1962664127349854,1.4183268547058105,6,R1,2.1171809136867523,0.3368041217327118
0.0,nan,nan,3.5376973152160645,00000_001836_01,1.0,4.080929756164551,3.401707172393799,0.9685677886009216,coef_energy_material_checkpoint_lambdas,0.0,2.253422975540161,1.4615817070007324,33,R1,3.4611902832984924,3.428153336048126
0.0,nan,nan,0.31638267636299133,00000_001836_01,1.0,0.4361394941806793,0.4099971055984497,0.6692584753036499,coef_energy_material_checkpoint_lambdas,0.0,2.26716947555542,1.4735026359558105,36,R1,3.2528964579105377,2.159843623638153
0.0,nan,nan,1.380852222442627,00000_001836_01,1.0,1.5042288303375244,1.1511659622192383,0.4400312006473541,coef_energy_material_checkpoint_lambdas,0.0,2.2848384380340576,1.4934002161026,39,R1,3.567072808742523,0.528863787651062
0.0,nan,nan,4.4275712966918945,00000_001836_01,1.0,4.427634239196777,4.4275712966918945,0.9975742101669312,coef_energy_material_checkpoint_lambdas,0.0,2.411879539489746,1.5430718660354614,48,R1,4.402710139751434,0.5675000548362732
0.0,nan,nan,3.424382209777832,00000_001836_01,2.0,3.832603931427002,2.7157387733459473,0.9985784888267517,coef_energy_material_checkpoint_lambdas,0.0,2.3925867080688477,1.5970813035964966,57,R1,4.400987267494202,4.4010549783706665
0.0,nan,nan,0.0036569260992109776,00000_001836_01,6.0,0.00421995809301734,0.0010967205744236708,0.9024708271026611,coef_energy_material_checkpoint_lambdas,0.0,2.433475971221924,1.620734453201294,60,R1,4.400000095367432,4.400000095367432
0.0,nan,nan,7.268480430866475e-07,00000_001836_01,12.0,9.058395562533406e-07,1.3170452461963578e-07,0.0,coef_energy_material_checkpoint_lambdas,0.0,2.4925339221954346,1.6273374557495117,63,R1,4.400000095367432,4.400000095367432
0.0,nan,nan,9.336870165910227e-11,00000_001836_01,16.0,1.0003013001247396e-10,4.0641403437069457e-11,0.0,coef_energy_material_checkpoint_lambdas,0.0,2.5323071479797363,1.6452807188034058,66,R1,4.400000095367432,4.400000095367432
0.0,nan,nan,-3.50450869495908e-13,00000_001836_01,16.0,3.8502903122739074e-13,3.50450869495908e-13,0.0,coef_energy_material_checkpoint_lambdas,0.0,2.6425957679748535,1.608726978302002,69,R1,4.400000095367432,4.400000095367432
0.0,nan,nan,3.7339093685150146,00000_001836_02,1.0,3.895543098449707,3.7339093685150146,0.9897142648696899,coef_energy_material_checkpoint_lambdas,0.0,2.1796936988830566,1.4855742454528809,0,R1,4.213547170162201,0.4399043321609497
0.0,nan,nan,4.274889945983887,00000_001836_02,1.0,4.277848720550537,4.274890422821045,0.9683149456977844,coef_energy_material_checkpoint_lambdas,0.0,2.1933529376983643,1.4543876647949219,3,R1,3.99721497297287,0.333894282579422
0.0,nan,nan,4.1580352783203125,00000_001836_02,1.0,4.3177995681762695,4.1580352783203125,0.998723030090332,coef_energy_material_checkpoint_lambdas,0.0,2.1911327838897705,1.447576880455017,6,R1,2.0892623960971832,0.26447415351867676
0.0,nan,nan,0.8001233339309692,00000_001836_02,3.0,0.802915632724762,0.6857315897941589,0.9199904799461365,coef_energy_material_checkpoint_lambdas,0.0,2.1463205814361572,1.4641542434692383,9,R1,2.0303967893123627,0.7770889401435852
0.0,nan,nan,3.668092727661133,00000_001836_02,1.0,4.298067569732666,4.177791118621826,0.9010495543479919,coef_energy_material_checkpoint_lambdas,0.0,2.212855100631714,1.4356772899627686,30,R1,3.4946137368679047,0.4388440251350403
0.0,nan,nan,0.30742642283439636,00000_001836_02,2.0,1.577091097831726,1.521018624305725,0.4920925498008728,coef_energy_material_checkpoint_lambdas,0.0,2.2685508728027344,1.4702261686325073,39,R1,3.604970872402191,2.644265294075012
0.0,nan,nan,0.36044520139694214,00000_001836_02,1.0,0.3867982029914856,0.28670966625213623,0.9265010952949524,coef_energy_material_checkpoint_lambdas,0.0,2.280367612838745,1.4852429628372192,42,R1,3.2297218441963196,1.0741129517555237
0.0,nan,nan,0.08336783945560455,00000_001836_02,3.0,0.2162337750196457,0.2157362401485443,0.7230859994888306,coef_energy_material_checkpoint_lambdas,1.0,2.3269333839416504,1.5254629850387573,48,R1,3.4089079797267914,4.394999086856842
0.0,nan,nan,-0.10570170730352402,00000_001836_02,3.0,0.20832446217536926,0.2078358232975006,0.10479358583688736,coef_energy_material_checkpoint_lambdas,1.0,2.303394317626953,1.5622665882110596,51,R1,3.5441604256629944,4.396233379840851
0.0,nan,nan,3.652801513671875,00000_001836_02,1.0,4.105395317077637,3.652801752090454,-0.013083040714263916,coef_energy_material_checkpoint_lambdas,0.0,2.2932662963867188,1.5853763818740845,54,R1,4.377744197845459,0.47252631187438965
0.0,nan,nan,3.6570968627929688,00000_001836_02,4.0,3.6659393310546875,3.549896240234375,0.4605865478515625,coef_energy_material_checkpoint_lambdas,0.0,2.316765308380127,1.6027165651321411,57,R1,4.151099920272827,2.3638668060302734
0.0,nan,nan,0.07458385825157166,00000_001836_02,3.0,2.497176170349121,1.7122435569763184,0.6309672594070435,coef_energy_material_checkpoint_lambdas,0.0,2.3611881732940674,1.6203482151031494,60,R1,3.800678938627243,0.5486462712287903
0.0,nan,nan,1.4660670757293701,00000_001836_02,2.0,1.6293600797653198,1.4660671949386597,0.992232084274292,coef_energy_material_checkpoint_lambdas,0.0,2.4461922645568848,1.5914009809494019,63,R1,4.400393009185791,1.6589035987854004
0.0,nan,nan,3.919760227203369,00000_001836_02,1.0,3.957108736038208,3.919760227203369,0.9999800324440002,coef_energy_material_checkpoint_lambdas,0.0,2.620029926300049,1.5368212461471558,72,R1,4.402771770954132,0.5656194090843201
0.0,nan,nan,-0.11609688401222229,00000_001836_02,1.0,0.2468479424715042,0.07194511592388153,0.9496060609817505,coef_energy_material_checkpoint_lambdas,0.0,2.7063589096069336,1.5159581899642944,75,R1,4.404701352119446,3.3089099526405334
0.0,nan,nan,3.7753446102142334,00000_001836_03,1.0,4.023130416870117,3.7753448486328125,0.9743582606315613,coef_energy_material_checkpoint_lambdas,0.0,2.176339864730835,1.4662861824035645,0,R1,4.196614444255829,0.3428860306739807
0.0,nan,nan,3.1962928771972656,00000_001836_03,2.0,4.236522197723389,4.102381229400635,0.9493368268013,coef_energy_material_checkpoint_lambdas,0.0,2.19508695602417,1.4449537992477417,3,R1,2.0255727767944336,0.2794676721096039
0.0,nan,nan,0.6998810768127441,00000_001836_03,2.0,1.0881091356277466,0.9985911250114441,0.9976145625114441,coef_energy_material_checkpoint_lambdas,0.0,2.1775615215301514,1.4447035789489746,6,R1,2.0405349731445312,1.0291116535663605
0.0,nan,nan,1.977919578552246,00000_001836_03,1.0,4.201790809631348,4.0199432373046875,0.9589283466339111,coef_energy_material_checkpoint_lambdas,0.0,2.215142011642456,1.4337351322174072,27,R1,3.5299341678619385,0.43036431074142456
0.0,nan,nan,1.9100428819656372,00000_001836_03,1.0,2.4402260780334473,2.2125606536865234,0.9976052641868591,coef_energy_material_checkpoint_lambdas,0.0,2.25588059425354,1.4670710563659668,36,R1,3.564434230327606,3.042857587337494
0.0,nan,nan,0.19056686758995056,00000_001836_03,2.0,0.19057364761829376,0.08378647267818451,0.9919828772544861,coef_energy_material_checkpoint_lambdas,0.0,2.276862382888794,1.4796371459960938,39,R1,3.102383255958557,1.6224359273910522
0.0,nan,nan,3.3914175033569336,00000_001836_03,1.0,3.8804807662963867,3.2034406661987305,0.5700294375419617,coef_energy_material_checkpoint_lambdas,0.0,2.2991483211517334,1.4970709085464478,42,R1,3.932511806488037,0.5019745230674744
0.0,nan,nan,0.7607192397117615,00000_001836_03,2.0,1.4302371740341187,1.2111501693725586,0.5600073337554932,coef_energy_material_checkpoint_lambdas,0.0,2.3390486240386963,1.512602686882019,45,R1,4.386466026306152,4.386466026306152
0.0,nan,nan,-0.08102837949991226,00000_001836_03,4.0,0.15950891375541687,0.15912717580795288,-0.23589695990085602,coef_energy_material_checkpoint_lambdas,1.0,2.3270533084869385,1.5385812520980835,48,R1,3.2473058104515076,4.396212339401245
0.0,nan,nan,-0.0764455571770668,00000_001836_03,3.0,0.19016876816749573,0.14101722836494446,-0.9277809858322144,coef_energy_material_checkpoint_lambdas,0.0,2.292431354522705,1.5847370624542236,51,R1,4.273404479026794,1.5741074681282043
0.0,nan,nan,2.8563735485076904,00000_001836_03,5.0,3.7122390270233154,3.6963422298431396,-0.8900238871574402,coef_energy_material_checkpoint_lambdas,0.0,2.3905112743377686,1.5490490198135376,54,R1,4.279781222343445,3.3076783418655396
0.0,nan,nan,0.08305132389068604,00000_001836_03,4.0,0.3311156928539276,0.1679234355688095,0.9918292760848999,coef_energy_material_checkpoint_lambdas,0.0,2.584463357925415,1.4865232706069946,57,R1,4.0897292494773865,1.3327836394309998
0.0,nan,nan,2.0802700519561768,00000_001836_04,3.0,2.9364633560180664,2.787504196166992,0.9994824528694153,coef_energy_material_checkpoint_lambdas,0.0,2.2092981338500977,1.4304497241973877,0,R2,2.049012452363968,0.30127763748168945
0.0,nan,nan,2.641218423843384,00000_001836_04,3.0,2.9274613857269287,2.7603707313537598,0.9306679964065552,coef_energy_material_checkpoint_lambdas,0.0,2.2047176361083984,1.4225707054138184,3,R2,2.0531002283096313,0.2704794406890869
0.0,nan,nan,4.2415032386779785,00000_001836_04,1.0,4.402943134307861,4.241503715515137,0.991015613079071,coef_energy_material_checkpoint_lambdas,0.0,2.1969456672668457,1.418313980102539,6,R2,2.1171809136867523,0.3368041217327118
0.0,nan,nan,3.538655996322632,00000_001836_04,1.0,4.082143783569336,3.4028234481811523,0.9685563445091248,coef_energy_material_checkpoint_lambdas,0.0,2.2544994354248047,1.46029531955719,33,R2,3.4611902832984924,3.428153336048126
0.0,nan,nan,0.31641316413879395,00000_001836_04,1.0,0.4365101456642151,0.41046345233917236,0.6686689853668213,coef_energy_material_checkpoint_lambdas,0.0,2.2707159519195557,1.4741195440292358,36,R2,3.2528964579105377,2.159843623638153
0.0,nan,nan,1.3893463611602783,00000_001836_04,1.0,1.513039231300354,1.1572481393814087,0.43942248821258545,coef_energy_material_checkpoint_lambdas,0.0,2.298983573913574,1.4903512001037598,39,R2,3.567072808742523,0.528863787651062
0.0,nan,nan,2.2948050498962402,00000_001836_04,2.0,4.104074954986572,3.402543067932129,0.7893424034118652,coef_energy_material_checkpoint_lambdas,0.0,2.316166877746582,1.506438970565796,42,R2,4.3561922907829285,4.3561922907829285
0.0,nan,nan,0.014233320951461792,00000_001836_04,3.0,0.022488506510853767,0.009207606315612793,0.45020416378974915,coef_energy_material_checkpoint_lambdas,1.0,2.3546366691589355,1.5221601724624634,45,R2,3.1917297542095184,4.396171510219574
0.0,nan,nan,-0.10352810472249985,00000_001836_04,4.0,0.21317338943481445,0.21297208964824677,-0.7284876704216003,coef_energy_material_checkpoint_lambdas,1.0,2.3586387634277344,1.5318822860717773,48,R2,3.9000884890556335,4.3965635895729065
0.0,nan,nan,-0.011558514088392258,00000_001836_04,4.0,0.10623879730701447,0.09962793439626694,-0.992592453956604,coef_energy_material_checkpoint_lambdas,1.0,2.3747189044952393,1.5352280139923096,51,R2,4.275693476200104,4.399588346481323
0.0,nan,nan,0.0007915067253634334,00000_001836_04,2.0,0.0009706788696348667,0.00016235468501690775,0.9960938096046448,coef_energy_material_checkpoint_lambdas,0.0,2.317866325378418,1.5929890871047974,54,R2,4.142649680376053,4.406937599182129
0.0,nan,nan,0.01978718489408493,00000_001836_04,5.0,0.019906260073184967,0.012454367242753506,0.8397509455680847,coef_energy_material_checkpoint_lambdas,0.0,2.3528435230255127,1.596052646636963,57,R2,4.1221596002578735,2.2069342732429504
0.0,nan,nan,1.4057693481445312,00000_001836_04,2.0,3.3224406242370605,3.0103862285614014,0.9982823133468628,coef_energy_material_checkpoint_lambdas,0.0,2.5037221908569336,1.565227746963501,60,R2,4.40185683965683,0.5616669654846191
0.0,nan,nan,3.282799243927002,00000_001836_04,5.0,3.597837209701538,3.282799243927002,0.8870043754577637,coef_energy_material_checkpoint_lambdas,0.0,2.6934762001037598,1.5303879976272583,63,R2,4.361447036266327,4.4009668827056885
0.0,nan,nan,2.0802700519561768,00000_001836_05,3.0,2.9364633560180664,2.787504196166992,0.9994824528694153,coef_energy_material_checkpoint_lambdas,0.0,2.2092981338500977,1.4304497241973877,0,R1,2.049012452363968,0.30127763748168945
0.0,nan,nan,2.6394405364990234,00000_001836_05,3.0,2.925482749938965,2.6394405364990234,0.9306700229644775,coef_energy_material_checkpoint_lambdas,0.0,2.2031948566436768,1.4218711853027344,3,R1,2.0531002283096313,0.3213067054748535
0.0,nan,nan,4.233545780181885,00000_001836_05,1.0,4.394514560699463,4.233546257019043,0.9910339713096619,coef_energy_material_checkpoint_lambdas,0.0,2.190506935119629,1.4206618070602417,6,R1,2.1171809136867523,0.3368041217327118
0.0,nan,nan,3.5375776290893555,00000_001836_05,1.0,4.080798149108887,3.401603937149048,0.9685670733451843,coef_energy_material_checkpoint_lambdas,0.0,2.253376007080078,1.4614261388778687,33,R1,3.4611902832984924,3.428153336048126
0.0,nan,nan,0.31709495186805725,00000_001836_05,1.0,0.4367172122001648,0.41039466857910156,0.6699832081794739,coef_energy_material_checkpoint_lambdas,0.0,2.2681758403778076,1.476235270500183,36,R1,3.2528964579105377,2.159843623638153
0.0,nan,nan,1.389035701751709,00000_001836_05,1.0,1.5126930475234985,1.15697181224823,0.43941184878349304,coef_energy_material_checkpoint_lambdas,0.0,2.298471212387085,1.4898033142089844,39,R1,3.567072808742523,0.528863787651062
0.0,nan,nan,2.2957489490509033,00000_001836_05,2.0,4.105124473571777,3.403172731399536,0.7892781496047974,coef_energy_material_checkpoint_lambdas,0.0,2.3170716762542725,1.50490140914917,42,R1,4.3561922907829285,4.3561922907829285
0.0,nan,nan,0.014590021222829819,00000_001836_05,3.0,0.02259119041264057,0.008902216330170631,0.46513599157333374,coef_energy_material_checkpoint_lambdas,1.0,2.3450264930725098,1.529905915260315,45,R1,3.1917297542095184,4.396171510219574
0.0,nan,nan,-0.10125227272510529,00000_001836_05,4.0,0.2076808214187622,0.20746475458145142,-0.7270073294639587,coef_energy_material_checkpoint_lambdas,1.0,2.303136110305786,1.5664851665496826,48,R1,3.9000884890556335,4.3965635895729065
0.0,nan,nan,2.3135194778442383,00000_001836_05,3.0,3.6130247116088867,3.598247766494751,-0.8839593529701233,coef_energy_material_checkpoint_lambdas,0.0,2.3337242603302,1.5697128772735596,51,R1,4.351127088069916,0.5004263520240784
0.0,nan,nan,0.31391462683677673,00000_001836_05,6.0,1.7604483366012573,1.5440733432769775,0.5366601347923279,coef_energy_material_checkpoint_lambdas,0.0,2.5234994888305664,1.4972829818725586,54,R1,4.010615348815918,1.727886974811554
0.0,nan,nan,0.006474755704402924,00000_001836_06,4.0,0.03645535558462143,0.0299463402479887,0.4130464494228363,coef_energy_material_checkpoint_lambdas,1.0,2.279850482940674,1.4742459058761597,0,R1,3.722746878862381,3.97985503077507
0.0,nan,nan,0.0063033937476575375,00000_001836_06,5.0,0.0077814566902816296,0.004562707152217627,0.9999970197677612,coef_energy_material_checkpoint_lambdas,0.0,2.24507999420166,1.456388235092163,3,R1,3.0990637838840485,3.0990637838840485
0.0,nan,nan,0.10368651151657104,00000_001836_06,4.0,0.377514511346817,0.18335971236228943,0.9997273087501526,coef_energy_material_checkpoint_lambdas,0.0,2.2028133869171143,1.4390242099761963,6,R1,2.511030226945877,2.2708799242973328
0.0,nan,nan,-0.8541059494018555,00000_001836_06,3.0,2.156803607940674,2.1533637046813965,0.05523987114429474,coef_energy_material_checkpoint_lambdas,0.0,2.2040164470672607,1.4340330362319946,9,R1,3.6019037067890167,1.2678318321704865
0.0,nan,nan,0.05949133262038231,00000_001836_06,3.0,0.06148037686944008,0.046273548156023026,0.8704720139503479,coef_energy_material_checkpoint_lambdas,0.0,2.188504219055176,1.4306378364562988,12,R1,2.049012452363968,0.5131233632564545
0.0,nan,nan,1.978421926498413,00000_001836_06,1.0,4.202853679656982,4.020961284637451,0.9589283466339111,coef_energy_material_checkpoint_lambdas,0.0,2.2157063484191895,1.4340565204620361,33,R1,3.5299341678619385,0.43036431074142456
0.0,nan,nan,1.9117271900177002,00000_001836_06,1.0,2.4424102306365967,2.2145581245422363,0.9976040124893188,coef_energy_material_checkpoint_lambdas,0.0,2.258441209793091,1.466518521308899,42,R1,3.564434230327606,3.042857587337494
0.0,nan,nan,0.1906101405620575,00000_001836_06,2.0,0.19061705470085144,0.08379059284925461,0.9919939041137695,coef_energy_material_checkpoint_lambdas,0.0,2.27581787109375,1.4800375699996948,45,R1,3.102383255958557,1.6224359273910522
0.0,nan,nan,3.3903398513793945,00000_001836_06,1.0,3.879485845565796,3.2028610706329346,0.570120096206665,coef_energy_material_checkpoint_lambdas,0.0,2.2983829975128174,1.4988638162612915,48,R1,3.932511806488037,0.5019745230674744
0.0,nan,nan,0.7586592435836792,00000_001836_06,2.0,1.4283636808395386,1.2102309465408325,0.560735285282135,coef_energy_material_checkpoint_lambdas,0.0,2.3345956802368164,1.5164332389831543,51,R1,4.386466026306152,4.386466026306152
0.0,nan,nan,-0.08035451173782349,00000_001836_06,4.0,0.15831789374351501,0.15794450044631958,-0.23540644347667694,coef_energy_material_checkpoint_lambdas,1.0,2.30996036529541,1.5486814975738525,54,R1,3.2473058104515076,4.396212339401245
0.0,nan,nan,-0.059783246368169785,00000_001836_06,3.0,2.2095768451690674,1.6041078567504883,-0.7671273350715637,coef_energy_material_checkpoint_lambdas,0.0,2.28432297706604,1.5806832313537598,57,R1,3.9811432659626007,0.5001128911972046
0.0,nan,nan,3.9965858459472656,00000_001836_06,2.0,4.002337455749512,3.7236666679382324,0.44011589884757996,coef_energy_material_checkpoint_lambdas,0.0,2.3137893676757812,1.5975428819656372,60,R1,4.360175371170044,0.5232142806053162
0.0,nan,nan,0.2764149308204651,00000_001836_06,5.0,0.27863025665283203,0.2764149308204651,0.9994584918022156,coef_energy_material_checkpoint_lambdas,0.0,2.345759391784668,1.6165802478790283,63,R1,3.8539162278175354,1.4778156280517578
0.0,nan,nan,3.995718002319336,00000_001836_06,2.0,4.020370960235596,3.995718240737915,0.9998478889465332,coef_energy_material_checkpoint_lambdas,0.0,2.399491548538208,1.6156190633773804,66,R1,4.400418043136597,2.2106996178627014
0.0,nan,nan,3.7753446102142334,00000_001836_07,1.0,4.023130416870117,3.7753448486328125,0.9743582606315613,coef_energy_material_checkpoint_lambdas,0.0,2.176339864730835,1.4662861824035645,0,R2,4.196614444255829,0.3428860306739807
0.0,nan,nan,3.2042670249938965,00000_001836_07,2.0,4.247931003570557,4.113187789916992,0.9492654204368591,coef_energy_material_checkpoint_lambdas,0.0,2.2025086879730225,1.4359967708587646,3,R2,2.0255727767944336,0.2794676721096039
0.0,nan,nan,0.6991783380508423,00000_001836_07,2.0,1.0870469808578491,0.9976062178611755,0.9976162314414978,coef_energy_material_checkpoint_lambdas,0.0,2.1746978759765625,1.446730613708496,6,R2,2.0405349731445312,1.0291116535663605
0.0,nan,nan,0.49728378653526306,00000_001836_07,1.0,0.5186867117881775,0.35428526997566223,0.9353969097137451,coef_energy_material_checkpoint_lambdas,0.0,2.1413049697875977,1.4622318744659424,9,R2,2.0920765697956085,0.26640018820762634
0.0,nan,nan,1.9786709547042847,00000_001836_07,1.0,4.203278064727783,4.021383285522461,0.958924412727356,coef_energy_material_checkpoint_lambdas,0.0,2.216029644012451,1.4331032037734985,27,R2,3.5299341678619385,0.43036431074142456
0.0,nan,nan,1.9105072021484375,00000_001836_07,1.0,2.440781354904175,2.2130439281463623,0.9976064562797546,coef_energy_material_checkpoint_lambdas,0.0,2.2557570934295654,1.4695991277694702,36,R2,3.564434230327606,3.042857587337494
0.0,nan,nan,0.1900312751531601,00000_001836_07,2.0,0.19003739953041077,0.08361925184726715,0.9919320940971375,coef_energy_material_checkpoint_lambdas,0.0,2.2776126861572266,1.4751834869384766,39,R2,3.102383255958557,1.6224359273910522
0.0,nan,nan,3.368657112121582,00000_001836_07,1.0,3.855884075164795,3.184601306915283,0.5705829858779907,coef_energy_material_checkpoint_lambdas,0.0,2.2835066318511963,1.5008026361465454,42,R2,3.932511806488037,0.5019745230674744
0.0,nan,nan,3.900521993637085,00000_001836_07,2.0,4.565426349639893,4.549774646759033,0.9984400272369385,coef_energy_material_checkpoint_lambdas,0.0,2.4062509536743164,1.5066773891448975,48,R2,4.002278625965118,0.5675045251846313
0.0,nan,nan,2.0924549102783203,00000_001836_07,1.0,2.12080717086792,1.2351959943771362,0.9966329336166382,coef_energy_material_checkpoint_lambdas,0.0,2.390152931213379,1.5703496932983398,51,R2,4.402685165405273,0.59136962890625
0.0,nan,nan,1.4758813381195068,00000_001836_07,6.0,1.5591460466384888,0.5027034282684326,0.9819591045379639,coef_energy_material_checkpoint_lambdas,0.0,2.406771421432495,1.6075389385223389,60,R2,4.40001368522644,4.40001368522644
0.0,nan,nan,0.00028330791974440217,00000_001836_07,9.0,0.0004113624745514244,1.0568795914878137e-05,0.0,coef_energy_material_checkpoint_lambdas,0.0,2.446542739868164,1.6278696060180664,63,R2,4.400000095367432,4.400000095367432
0.0,nan,nan,5.3047415349283256e-08,00000_001836_07,13.0,6.015670095393943e-08,1.7450270561880643e-08,0.0,coef_energy_material_checkpoint_lambdas,0.0,2.480379581451416,1.651687502861023,66,R2,4.400000095367432,4.400000095367432
0.0,nan,nan,2.5559593504198563e-12,00000_001836_07,16.0,2.7184673782876256e-12,1.1526849353488133e-12,0.0,coef_energy_material_checkpoint_lambdas,0.0,2.5213398933410645,1.6639838218688965,69,R2,4.400000095367432,4.400000095367432
0.0,nan,nan,-2.7142135164637138e-17,00000_001836_07,16.0,2.953314042989107e-17,1.096101579187386e-17,0.0,coef_energy_material_checkpoint_lambdas,0.0,2.5632331371307373,1.6812725067138672,72,R2,4.400000095367432,4.400000095367432
0.0,nan,nan,-2.007191722657568e-21,00000_001836_07,16.0,2.3464232174579314e-21,1.21530593345093e-21,0.0,coef_energy_material_checkpoint_lambdas,0.0,2.686885356903076,1.62034273147583,75,R2,4.400000095367432,4.400000095367432
0.0,nan,nan,3.197537660598755,00000_001839_00,2.0,4.136439323425293,4.033496379852295,0.6686068773269653,coef_energy_material_checkpoint_lambdas,0.0,2.203895092010498,1.4301834106445312,3,R1,2.0898846089839935,0.284140944480896
0.0,nan,nan,1.2864329814910889,00000_001839_00,3.0,1.2946370840072632,1.2864329814910889,0.9820986390113831,coef_energy_material_checkpoint_lambdas,0.0,2.185197353363037,1.4282593727111816,6,R1,2.0733389258384705,0.5186351537704468
0.0,nan,nan,3.2483363151550293,00000_001839_00,1.0,3.8851139545440674,3.3589892387390137,0.9777603149414062,coef_energy_material_checkpoint_lambdas,0.0,2.2656664848327637,1.4615399837493896,36,R1,3.448134809732437,3.442776530981064
0.0,nan,nan,0.5827764272689819,00000_001839_00,2.0,1.6846287250518799,1.5297491550445557,0.9760543704032898,coef_energy_material_checkpoint_lambdas,0.0,2.25596022605896,1.491918683052063,39,R1,3.215485394001007,2.0545847415924072
0.0,nan,nan,1.5479739904403687,00000_001839_00,1.0,1.6189699172973633,1.1163884401321411,0.9780148267745972,coef_energy_material_checkpoint_lambdas,0.0,2.291020393371582,1.4944566488265991,42,R1,2.946771740913391,0.555517315864563
0.0,nan,nan,0.006148475222289562,00000_001839_00,3.0,0.3988281786441803,0.3987807631492615,0.9991732239723206,coef_energy_material_checkpoint_lambdas,0.0,2.3253703117370605,1.5136709213256836,45,R1,3.426665335893631,1.4089095890522003
0.0,nan,nan,2.2550292015075684,00000_001839_00,3.0,3.689394950866699,2.920013427734375,-0.8358199596405029,coef_energy_material_checkpoint_lambdas,0.0,2.3583521842956543,1.521543025970459,48,R1,3.8382657170295715,0.4147219657897949
0.0,nan,nan,4.267832279205322,00000_001839_00,1.0,4.968697547912598,4.955119609832764,0.8458303213119507,coef_energy_material_checkpoint_lambdas,0.0,2.3402931690216064,1.5523790121078491,51,R1,4.2359872460365295,0.5132237076759338
0.0,nan,nan,1.4383389949798584,00000_001839_00,4.0,1.4985498189926147,1.4383389949798584,0.7205638885498047,coef_energy_material_checkpoint_lambdas,1.0,2.418252468109131,1.5596637725830078,57,R1,3.9238052368164062,4.304094195365906
0.0,nan,nan,1.206081748008728,00000_001839_00,5.0,1.7053990364074707,1.205716609954834,0.9999887943267822,coef_energy_material_checkpoint_lambdas,0.0,2.6066670417785645,1.5165081024169922,63,R1,4.400118350982666,4.400118350982666
0.0,nan,nan,0.01081644557416439,00000_001839_01,5.0,0.013752814382314682,0.008493787609040737,0.99998939037323,coef_energy_material_checkpoint_lambdas,0.0,2.2165491580963135,1.4525792598724365,0,R1,3.0251287519931793,3.0251287519931793
0.0,nan,nan,0.22380132973194122,00000_001839_01,3.0,0.2294013649225235,0.12262874841690063,0.6518992781639099,coef_energy_material_checkpoint_lambdas,0.0,2.1999919414520264,1.4371228218078613,3,R1,2.369446873664856,1.718717485666275
0.0,nan,nan,2.124359130859375,00000_001839_01,3.0,2.1583476066589355,2.124359130859375,0.5030569434165955,coef_energy_material_checkpoint_lambdas,0.0,2.1868512630462646,1.4291582107543945,6,R1,2.137103021144867,0.7651282250881195
0.0,nan,nan,0.5822094678878784,00000_001839_01,3.0,3.018681526184082,1.6827690601348877,0.9993436336517334,coef_energy_material_checkpoint_lambdas,0.0,2.173003673553467,1.4360214471817017,9,R1,2.187551975250244,0.30379748344421387
0.0,nan,nan,2.196380376815796,00000_001839_01,1.0,4.280783653259277,4.151249885559082,0.927833080291748,coef_energy_material_checkpoint_lambdas,0.0,2.217362403869629,1.4323811531066895,30,R1,3.315499782562256,0.3410705327987671
0.0,nan,nan,1.719175100326538,00000_001839_01,1.0,2.387843370437622,2.2510619163513184,0.9435043931007385,coef_energy_material_checkpoint_lambdas,0.0,2.248533248901367,1.4760324954986572,39,R1,3.514147788286209,2.921603411436081
0.0,nan,nan,0.483924001455307,00000_001839_01,2.0,0.5165789723396301,0.46999701857566833,0.8474221229553223,coef_energy_material_checkpoint_lambdas,0.0,2.2871830463409424,1.478508710861206,42,R1,2.9290666580200195,1.6131629943847656
0.0,nan,nan,3.4604883193969727,00000_001839_01,1.0,3.8238720893859863,3.002779722213745,0.9777199029922485,coef_energy_material_checkpoint_lambdas,0.0,2.2959976196289062,1.503689169883728,45,R1,3.0605468451976776,0.5595448017120361
0.0,nan,nan,0.9459263682365417,00000_001839_01,2.0,1.3679472208023071,0.9881816506385803,0.9616139531135559,coef_energy_material_checkpoint_lambdas,0.0,2.3392586708068848,1.5084086656570435,48,R1,4.145278960466385,4.145278960466385
0.0,nan,nan,-0.10161706805229187,00000_001839_01,3.0,0.2125849723815918,0.12156766653060913,0.8903669118881226,coef_energy_material_checkpoint_lambdas,1.0,2.331817626953125,1.5247175693511963,51,R1,3.8327396512031555,4.229904592037201
0.0,nan,nan,-0.18911944329738617,00000_001839_01,2.0,0.1960507035255432,0.16307522356510162,0.5793256163597107,coef_energy_material_checkpoint_lambdas,0.0,2.3154027462005615,1.5648359060287476,54,R1,3.9959002137184143,2.758143126964569
0.0,nan,nan,0.010377824306488037,00000_001839_01,3.0,1.526770830154419,0.47295090556144714,0.9979078769683838,coef_energy_material_checkpoint_lambdas,0.0,2.3715031147003174,1.5509381294250488,57,R1,4.081481397151947,0.5597161650657654
0.0,nan,nan,3.8128983974456787,00000_001839_01,3.0,3.8129048347473145,2.701054334640503,0.998383641242981,coef_energy_material_checkpoint_lambdas,0.0,2.396873712539673,1.6105477809906006,63,R1,4.383386075496674,4.4039915800094604
0.0,nan,nan,1.264991044998169,00000_001839_01,8.0,1.573272466659546,1.4958771467208862,0.9979496598243713,coef_energy_material_checkpoint_lambdas,0.0,2.442854166030884,1.642636775970459,66,R1,4.3291876912117,4.400048136711121
0.0,nan,nan,-7.276445830939338e-05,00000_001839_01,13.0,0.00019494985463097692,7.643595017725602e-05,0.0,coef_energy_material_checkpoint_lambdas,0.0,2.525055170059204,1.6316852569580078,69,R1,4.383913457393646,4.400000095367432
0.0,nan,nan,-9.218248386844152e-10,00000_001839_01,15.0,1.0799722227616826e-09,5.728789109760157e-10,0.0,coef_energy_material_checkpoint_lambdas,0.0,2.6225411891937256,1.608664870262146,72,R1,4.399990379810333,4.400000095367432
0.0,nan,nan,-1.6878455555945082e-13,00000_001839_01,16.0,4.075113727367019e-13,1.4292721465993669e-13,0.0,coef_energy_material_checkpoint_lambdas,0.0,2.796900510787964,1.5687432289123535,75,R1,4.400000095367432,4.400000095367432
0.0,nan,nan,3.6648049354553223,00000_001839_02,1.0,3.844972848892212,3.6648049354553223,0.999794602394104,coef_energy_material_checkpoint_lambdas,0.0,2.1728830337524414,1.4870916604995728,0,R1,4.268153071403503,0.4461645781993866
0.0,nan,nan,4.136857986450195,00000_001839_02,1.0,4.312793731689453,4.136857986450195,0.9960256218910217,coef_energy_material_checkpoint_lambdas,0.0,2.1935436725616455,1.4322222471237183,6,R1,2.117486983537674,0.2657443583011627
0.0,nan,nan,0.7672637701034546,00000_001839_02,2.0,0.7687851190567017,0.5083551406860352,0.9482960104942322,coef_energy_material_checkpoint_lambdas,0.0,2.1762218475341797,1.4327058792114258,9,R1,2.204738676548004,0.2632446587085724
0.0,nan,nan,2.1998040676116943,00000_001839_02,1.0,4.288174152374268,4.1583123207092285,0.9277958273887634,coef_energy_material_checkpoint_lambdas,0.0,2.2217438220977783,1.4302664995193481,30,R1,3.315499782562256,0.3410705327987671
0.0,nan,nan,1.720449686050415,00000_001839_02,1.0,2.3898909091949463,2.2530879974365234,0.943464457988739,coef_energy_material_checkpoint_lambdas,0.0,2.251232147216797,1.4746237993240356,39,R1,3.514147788286209,2.921603411436081
0.0,nan,nan,0.48589107394218445,00000_001839_02,2.0,0.5176881551742554,0.4698917269706726,0.8501495718955994,coef_energy_material_checkpoint_lambdas,0.0,2.2731916904449463,1.488736867904663,42,R1,2.9290666580200195,1.6131629943847656
0.0,nan,nan,3.4502735137939453,00000_001839_02,1.0,3.8126797676086426,3.7862608432769775,0.9777311682701111,coef_energy_material_checkpoint_lambdas,0.0,2.2887096405029297,1.5097002983093262,45,R1,3.0605468451976776,2.509308934211731
0.0,nan,nan,0.1341836005449295,00000_001839_02,3.0,0.2614196240901947,0.2243545651435852,0.8793246150016785,coef_energy_material_checkpoint_lambdas,0.0,2.348552703857422,1.5113275051116943,48,R1,3.5513747334480286,0.932270884513855
0.0,nan,nan,2.2916839122772217,00000_001839_02,2.0,4.360313415527344,4.243489742279053,0.660510778427124,coef_energy_material_checkpoint_lambdas,0.0,2.341158866882324,1.5358879566192627,51,R1,4.011055678129196,0.38334205746650696
0.0,nan,nan,4.4358906745910645,00000_001839_02,1.0,4.572508335113525,3.8574414253234863,0.7849186062812805,coef_energy_material_checkpoint_lambdas,0.0,2.37723445892334,1.5600758790969849,57,R1,3.941317141056061,3.402743399143219
0.0,nan,nan,1.6457831859588623,00000_001839_02,3.0,1.7259045839309692,1.2008986473083496,0.9981202483177185,coef_energy_material_checkpoint_lambdas,0.0,2.4352645874023438,1.5682330131530762,60,R1,3.8680348694324493,0.5493234395980835
0.0,nan,nan,0.30095478892326355,00000_001839_02,5.0,0.40144360065460205,0.2656749486923218,0.9992337226867676,coef_energy_material_checkpoint_lambdas,0.0,2.6394593715667725,1.5084631443023682,66,R1,4.400003612041473,4.400003612041473
0.0,nan,nan,0.01081644557416439,00000_001839_03,5.0,0.013752814382314682,0.008493787609040737,0.99998939037323,coef_energy_material_checkpoint_lambdas,0.0,2.2165491580963135,1.4525792598724365,0,R1,3.0251287519931793,3.0251287519931793
0.0,nan,nan,0.22397151589393616,00000_001839_03,3.0,0.22973617911338806,0.12220917642116547,0.654231607913971,coef_energy_material_checkpoint_lambdas,0.0,2.197359085083008,1.4384912252426147,3,R1,2.369446873664856,1.718717485666275
0.0,nan,nan,2.1240615844726562,00000_001839_03,3.0,2.1580512523651123,2.1240615844726562,0.5030706524848938,coef_energy_material_checkpoint_lambdas,0.0,2.1865313053131104,1.4293293952941895,6,R1,2.137103021144867,0.7651282250881195
0.0,nan,nan,0.5818709135055542,00000_001839_03,3.0,3.016849994659424,1.6817357540130615,0.9993438720703125,coef_energy_material_checkpoint_lambdas,0.0,2.1713876724243164,1.4380590915679932,9,R1,2.187551975250244,0.30379748344421387
0.0,nan,nan,2.1993603706359863,00000_001839_03,1.0,4.287058353424072,4.157266616821289,0.9278088212013245,coef_energy_material_checkpoint_lambdas,0.0,2.2209725379943848,1.4314950704574585,30,R1,3.315499782562256,0.3410705327987671
0.0,nan,nan,1.720423698425293,00000_001839_03,1.0,2.3898847103118896,2.2530925273895264,0.94346022605896,coef_energy_material_checkpoint_lambdas,0.0,2.251310110092163,1.474330186843872,39,R1,3.514147788286209,2.921603411436081
0.0,nan,nan,0.48409777879714966,00000_001839_03,2.0,0.5165794491767883,0.4697915315628052,0.8479312658309937,coef_energy_material_checkpoint_lambdas,0.0,2.2836802005767822,1.4798228740692139,42,R1,2.9290666580200195,1.6131629943847656
0.0,nan,nan,3.461022138595581,00000_001839_03,1.0,3.8244521617889404,3.0032224655151367,0.9777187705039978,coef_energy_material_checkpoint_lambdas,0.0,2.296405076980591,1.5028355121612549,45,R1,3.0605468451976776,0.5595448017120361
0.0,nan,nan,0.9444359540939331,00000_001839_03,2.0,1.365916132926941,0.9867966175079346,0.9616378545761108,coef_energy_material_checkpoint_lambdas,0.0,2.3350725173950195,1.5121710300445557,48,R1,4.145278960466385,4.145278960466385
0.0,nan,nan,-0.10054279863834381,00000_001839_03,3.0,0.21978957951068878,0.12984687089920044,0.9007132053375244,coef_energy_material_checkpoint_lambdas,1.0,2.3005359172821045,1.552529215812683,51,R1,3.8327396512031555,4.229904592037201
0.0,nan,nan,0.3420523405075073,00000_001839_03,3.0,2.2550735473632812,1.334260106086731,-0.009904716163873672,coef_energy_material_checkpoint_lambdas,0.0,2.284944534301758,1.5890252590179443,54,R1,3.865165263414383,0.556405782699585
0.0,nan,nan,4.329714298248291,00000_001839_03,1.0,4.466753005981445,3.76033091545105,0.7869485020637512,coef_energy_material_checkpoint_lambdas,0.0,2.3125829696655273,1.6082000732421875,57,R1,3.941317141056061,3.402743399143219
0.0,nan,nan,0.42253684997558594,00000_001839_03,4.0,0.4601823389530182,0.4276786148548126,0.9834682941436768,coef_energy_material_checkpoint_lambdas,0.0,2.3595690727233887,1.625702142715454,60,R1,3.8239875435829163,1.5738702416419983
0.0,nan,nan,3.972317695617676,00000_001839_03,3.0,3.997633457183838,3.972317695617676,0.9951369166374207,coef_energy_material_checkpoint_lambdas,0.0,2.4240026473999023,1.6119860410690308,63,R1,4.4002174735069275,2.208845853805542
0.0,nan,nan,3.706460475921631,00000_001839_04,1.0,3.9241909980773926,1.7094287872314453,0.9848471283912659,coef_energy_material_checkpoint_lambdas,0.0,2.205887794494629,1.440335988998413,0,R1,2.292412430047989,0.31842538714408875
0.0,nan,nan,2.1519529819488525,00000_001839_04,3.0,2.1548352241516113,2.1519529819488525,0.034953728318214417,coef_energy_material_checkpoint_lambdas,0.0,2.200216770172119,1.426944613456726,3,R1,2.322191208600998,0.8496707379817963
0.0,nan,nan,2.6097400188446045,00000_001839_04,4.0,3.711118221282959,2.6097400188446045,0.9962754249572754,coef_energy_material_checkpoint_lambdas,0.0,2.1836843490600586,1.4186817407608032,6,R1,2.0733389258384705,0.33385154604911804
0.0,nan,nan,4.372929573059082,00000_001839_04,1.0,4.373560428619385,4.372929573059082,0.9954729676246643,coef_energy_material_checkpoint_lambdas,0.0,2.177150249481201,1.4157445430755615,9,R1,2.0740522742271423,0.279207706451416
0.0,nan,nan,3.2483999729156494,00000_001839_04,1.0,3.885077714920044,3.3588716983795166,0.9777510762214661,coef_energy_material_checkpoint_lambdas,0.0,2.2661123275756836,1.4582180976867676,36,R1,3.448134809732437,3.442776530981064
0.0,nan,nan,0.5830732583999634,00000_001839_04,2.0,1.6856880187988281,1.5306799411773682,0.9760448336601257,coef_energy_material_checkpoint_lambdas,0.0,2.2578248977661133,1.4911763668060303,39,R1,3.215485394001007,2.0545847415924072
0.0,nan,nan,1.5464078187942505,00000_001839_04,1.0,1.6173053979873657,1.1151777505874634,0.9780259132385254,coef_energy_material_checkpoint_lambdas,0.0,2.2880892753601074,1.4961867332458496,42,R1,2.946771740913391,0.555517315864563
0.0,nan,nan,0.006163320504128933,00000_001839_04,3.0,0.3985297381877899,0.398482084274292,0.9991713166236877,coef_energy_material_checkpoint_lambdas,0.0,2.3264172077178955,1.5123463869094849,45,R1,3.426665335893631,1.4089095890522003
0.0,nan,nan,2.2588858604431152,00000_001839_04,3.0,3.695535659790039,2.9247939586639404,-0.8358393907546997,coef_energy_material_checkpoint_lambdas,0.0,2.3621511459350586,1.5210447311401367,48,R1,3.8382657170295715,0.4147219657897949
0.0,nan,nan,4.305602073669434,00000_001839_04,1.0,5.008895397186279,4.99567174911499,0.8451547026634216,coef_energy_material_checkpoint_lambdas,0.0,2.3639578819274902,1.5382068157196045,51,R1,4.2359872460365295,0.5132237076759338
0.0,nan,nan,2.8625662326812744,00000_001839_04,2.0,3.4121243953704834,2.8625664710998535,0.769900918006897,coef_energy_material_checkpoint_lambdas,0.0,2.399982452392578,1.5636550188064575,57,R1,3.8156276643276215,0.5483696460723877
0.0,nan,nan,1.2062747478485107,00000_001839_04,5.0,1.705672025680542,1.2059098482131958,0.9999887943267822,coef_energy_material_checkpoint_lambdas,0.0,2.6071391105651855,1.5157562494277954,63,R1,4.400118350982666,4.400118350982666
0.0,nan,nan,3.1970577239990234,00000_001839_05,2.0,4.135738849639893,4.032835006713867,0.6686244010925293,coef_energy_material_checkpoint_lambdas,0.0,2.2034754753112793,1.4305570125579834,3,R1,2.0898846089839935,0.284140944480896
0.0,nan,nan,1.2884246110916138,00000_001839_05,3.0,1.296629786491394,1.2884246110916138,0.9820833802223206,coef_energy_material_checkpoint_lambdas,0.0,2.189473867416382,1.4263710975646973,6,R1,2.0733389258384705,0.5186351537704468
0.0,nan,nan,3.244966506958008,00000_001839_05,1.0,3.8811099529266357,3.3555476665496826,0.9777625203132629,coef_energy_material_checkpoint_lambdas,0.0,2.2632226943969727,1.46080482006073,36,R1,3.448134809732437,3.442776530981064
0.0,nan,nan,0.5840245485305786,00000_001839_05,2.0,1.6897624731063843,1.534175157546997,0.9759819507598877,coef_energy_material_checkpoint_lambdas,0.0,2.2662148475646973,1.483733892440796,39,R1,3.215485394001007,2.0545847415924072
0.0,nan,nan,1.5507051944732666,00000_001839_05,1.0,1.6218990087509155,1.1185799837112427,0.9779843091964722,coef_energy_material_checkpoint_lambdas,0.0,2.2967395782470703,1.4882283210754395,42,R1,2.946771740913391,0.555517315864563
0.0,nan,nan,2.3780429363250732,00000_001839_05,2.0,3.860736608505249,3.0414140224456787,0.9568889141082764,coef_energy_material_checkpoint_lambdas,0.0,2.3116886615753174,1.513956069946289,45,R1,4.145436197519302,4.145436197519302
0.0,nan,nan,-0.10853457450866699,00000_001839_05,4.0,0.21856151521205902,0.12114245444536209,0.9688525795936584,coef_energy_material_checkpoint_lambdas,1.0,2.3284988403320312,1.5352927446365356,48,R1,4.012497305870056,4.174373537302017
0.0,nan,nan,0.2091260403394699,00000_001839_05,3.0,0.21326157450675964,0.21161103248596191,0.8966915011405945,coef_energy_material_checkpoint_lambdas,0.0,2.281816244125366,1.5845614671707153,51,R1,3.565420687198639,1.543499231338501
0.0,nan,nan,0.4956631064414978,00000_001839_05,3.0,0.49571341276168823,0.4956631064414978,0.9851760864257812,coef_energy_material_checkpoint_lambdas,0.0,2.344698667526245,1.6175518035888672,57,R1,4.0118730664253235,2.0017232298851013
0.0,nan,nan,3.51249361038208,00000_001839_05,3.0,3.9126081466674805,3.877302885055542,0.7204350829124451,coef_energy_material_checkpoint_lambdas,0.0,2.3737456798553467,1.631866455078125,60,R1,4.4010268449783325,0.5559273362159729
0.0,nan,nan,-0.8863197565078735,00000_001839_05,1.0,1.4759939908981323,1.2140653133392334,0.9870254993438721,coef_energy_material_checkpoint_lambdas,0.0,2.553802013397217,1.5474889278411865,63,R1,4.40209287405014,0.5563615560531616
0.0,nan,nan,1.9531104564666748,00000_001839_06,3.0,1.9619710445404053,1.8302098512649536,0.3346858620643616,coef_energy_material_checkpoint_lambdas,0.0,2.203061580657959,1.430833339691162,0,R2,2.154748797416687,1.1332150101661682
0.0,nan,nan,1.1269028186798096,00000_001839_06,3.0,1.185706615447998,1.1269028186798096,0.967488169670105,coef_energy_material_checkpoint_lambdas,0.0,2.196265935897827,1.4212638139724731,3,R2,2.07351753115654,0.28889647126197815
0.0,nan,nan,4.3894195556640625,00000_001839_06,1.0,4.389567852020264,4.3894195556640625,0.998934268951416,coef_energy_material_checkpoint_lambdas,0.0,2.1849324703216553,1.4131584167480469,6,R2,2.240432471036911,0.3193585276603699
0.0,nan,nan,1.6922111511230469,00000_001839_06,2.0,2.519505262374878,2.426349401473999,0.8236392736434937,coef_energy_material_checkpoint_lambdas,0.0,2.269075393676758,1.470465898513794,36,R2,3.633275419473648,2.459318608045578
0.0,nan,nan,0.56419438123703,00000_001839_06,1.0,0.5820965766906738,0.380443811416626,0.9554464817047119,coef_energy_material_checkpoint_lambdas,0.0,2.266868829727173,1.4922667741775513,39,R2,3.0859987437725067,1.100731074810028
0.0,nan,nan,3.747871160507202,00000_001839_06,2.0,3.8271303176879883,3.8005709648132324,0.9868451356887817,coef_energy_material_checkpoint_lambdas,0.0,2.3451879024505615,1.503755807876587,45,R2,4.343590974807739,0.5651534199714661
0.0,nan,nan,3.4131052494049072,00000_001839_06,2.0,3.8479175567626953,2.764982223510742,0.9337437748908997,coef_energy_material_checkpoint_lambdas,0.0,2.3947906494140625,1.5325881242752075,48,R2,4.288137227296829,0.5775795578956604
0.0,nan,nan,1.5365355014801025,00000_001839_06,3.0,3.4612936973571777,3.428283929824829,0.9749018549919128,coef_energy_material_checkpoint_lambdas,0.0,2.4592158794403076,1.5891438722610474,57,R2,4.40141087770462,4.401865661144257
0.0,nan,nan,0.00394901167601347,00000_001839_06,6.0,0.00499145220965147,0.00394901167601347,0.6478641033172607,coef_energy_material_checkpoint_lambdas,0.0,2.540628433227539,1.5957273244857788,60,R2,4.400000095367432,4.401994109153748
0.0,nan,nan,1.4689252376556396,00000_001839_06,7.0,1.6479909420013428,1.4689252376556396,0.9979602098464966,coef_energy_material_checkpoint_lambdas,0.0,2.561441659927368,1.5951669216156006,63,R2,4.400014638900757,4.40139502286911
0.0,nan,nan,0.41270291805267334,00000_001839_06,12.0,0.41347554326057434,0.3096902370452881,0.998237133026123,coef_energy_material_checkpoint_lambdas,0.0,2.670722484588623,1.561767339706421,66,R2,4.40000057220459,4.4000091552734375
0.0,nan,nan,0.01081644557416439,00000_001839_07,5.0,0.013752814382314682,0.008493787609040737,0.99998939037323,coef_energy_material_checkpoint_lambdas,0.0,2.2165491580963135,1.4525792598724365,0,R2,3.0251287519931793,3.0251287519931793
0.0,nan,nan,0.22404667735099792,00000_001839_07,3.0,0.22980834543704987,0.12226584553718567,0.6541605591773987,coef_energy_material_checkpoint_lambdas,0.0,2.198227882385254,1.4389655590057373,3,R2,2.369446873664856,1.718717485666275
0.0,nan,nan,2.1241321563720703,00000_001839_07,3.0,2.1581215858459473,2.1241321563720703,0.5030673146247864,coef_energy_material_checkpoint_lambdas,0.0,2.1866071224212646,1.4292881488800049,6,R2,2.137103021144867,0.7651282250881195
0.0,nan,nan,0.5804941654205322,00000_001839_07,3.0,3.0096020698547363,1.6776776313781738,0.9993442296981812,coef_energy_material_checkpoint_lambdas,0.0,2.165745258331299,1.4387606382369995,9,R2,2.187551975250244,0.30379748344421387
0.0,nan,nan,2.1999197006225586,00000_001839_07,1.0,4.288241863250732,4.158400535583496,0.9278039336204529,coef_energy_material_checkpoint_lambdas,0.0,2.2216575145721436,1.4312936067581177,30,R2,3.315499782562256,0.3410705327987671
0.0,nan,nan,1.71958589553833,00000_001839_07,1.0,2.388701915740967,2.2519710063934326,0.9434629678726196,coef_energy_material_checkpoint_lambdas,0.0,2.25014328956604,1.473783254623413,39,R2,3.514147788286209,2.921603411436081
0.0,nan,nan,0.48274171352386475,00000_001839_07,2.0,0.5154916048049927,0.4692014753818512,0.8469403386116028,coef_energy_material_checkpoint_lambdas,0.0,2.285670518875122,1.4741582870483398,42,R2,2.9290666580200195,1.6131629943847656
0.0,nan,nan,3.4127414226531982,00000_001839_07,1.0,3.7714173793792725,2.961992025375366,0.9777562022209167,coef_energy_material_checkpoint_lambdas,0.0,2.2626802921295166,1.5164600610733032,45,R2,3.0605468451976776,0.5595448017120361
0.0,nan,nan,3.871915340423584,00000_001839_07,1.0,4.18169641494751,3.854740619659424,0.9923579692840576,coef_energy_material_checkpoint_lambdas,0.0,2.3028557300567627,1.5251384973526,48,R2,4.398158073425293,0.5604971647262573
0.0,nan,nan,2.719785690307617,00000_001839_07,2.0,3.304201602935791,3.271758556365967,0.9107310771942139,coef_energy_material_checkpoint_lambdas,0.0,2.4041242599487305,1.5028427839279175,51,R2,4.31393501162529,0.5617569088935852
0.0,nan,nan,0.16654233634471893,00000_001839_07,5.0,0.22021396458148956,0.14407579600811005,0.9966066479682922,coef_energy_material_checkpoint_lambdas,0.0,2.5224876403808594,1.6017926931381226,63,R2,4.400000095367432,4.400000095367432
0.0,nan,nan,0.03421899676322937,00000_001839_07,9.0,0.04121937230229378,0.03421899676322937,0.9996485710144043,coef_energy_material_checkpoint_lambdas,0.0,2.552055835723877,1.6120729446411133,66,R2,4.400000095367432,4.400056719779968
0.0,nan,nan,0.1432996243238449,00000_001839_07,11.0,0.1513165533542633,0.1432996243238449,0.9989783763885498,coef_energy_material_checkpoint_lambdas,0.0,2.5753087997436523,1.6171975135803223,69,R2,4.400000095367432,4.400003612041473
0.0,nan,nan,0.0004565879062283784,00000_001839_07,13.0,0.0006457128329202533,0.0004565879062283784,0.8491005301475525,coef_energy_material_checkpoint_lambdas,0.0,2.5870141983032227,1.634695291519165,72,R2,4.400000095367432,4.400000095367432
0.0,nan,nan,7.098520313775225e-07,00000_001839_07,14.0,8.536029554306879e-07,4.740760175536707e-07,0.0,coef_energy_material_checkpoint_lambdas,0.0,2.63565731048584,1.625814437866211,75,R2,4.400000095367432,4.400000095367432
0.0,nan,nan,2.962512180015864e-10,00000_001839_07,16.0,3.2428340568380065e-10,1.318898878999164e-10,0.0,coef_energy_material_checkpoint_lambdas,0.0,2.73435640335083,1.5953583717346191,78,R2,4.400000095367432,4.400000095367432
0.0,nan,nan,-0.01023122575134039,00000_001840_00,4.0,0.023729786276817322,0.021410856395959854,-0.8840546011924744,coef_energy_material_checkpoint_lambdas,0.0,2.218951940536499,1.4496684074401855,0,R1,3.0444500744342804,3.0444500744342804
0.0,nan,nan,0.3577902615070343,00000_001840_00,3.0,0.3618181049823761,0.21492716670036316,0.7131500840187073,coef_energy_material_checkpoint_lambdas,0.0,2.195749521255493,1.4361107349395752,3,R1,2.352596640586853,1.7268513441085815
0.0,nan,nan,2.26545786857605,00000_001840_00,3.0,2.2692792415618896,2.26545786857605,0.5714150667190552,coef_energy_material_checkpoint_lambdas,0.0,2.184715747833252,1.4271667003631592,6,R1,2.0419029593467712,0.7673925757408142
0.0,nan,nan,1.266629934310913,00000_001840_00,2.0,2.753922700881958,1.6207339763641357,0.995566189289093,coef_energy_material_checkpoint_lambdas,0.0,2.172710657119751,1.431135892868042,9,R1,2.574232906103134,0.3038173019886017
0.0,nan,nan,-0.12198863923549652,00000_001840_00,1.0,2.117748260498047,2.114231824874878,-0.3295286297798157,coef_energy_material_checkpoint_lambdas,0.0,2.232624053955078,1.4472367763519287,33,R1,3.5069799721240997,3.5069799721240997
0.0,nan,nan,1.734441876411438,00000_001840_00,1.0,1.7467329502105713,1.734441876411438,0.9143978953361511,coef_energy_material_checkpoint_lambdas,0.0,2.240856170654297,1.4555425643920898,36,R1,3.7045326232910156,2.6915416419506073
0.0,nan,nan,2.8904011249542236,00000_001840_00,3.0,3.7905972003936768,2.452388286590576,0.8015379905700684,coef_energy_material_checkpoint_lambdas,0.0,2.2720816135406494,1.4771860837936401,42,R1,3.5069799721240997,0.557568371295929
0.0,nan,nan,2.9223179817199707,00000_001840_00,2.0,3.72792649269104,3.7030787467956543,0.9574496746063232,coef_energy_material_checkpoint_lambdas,0.0,2.327382802963257,1.5113316774368286,48,R1,4.381354093551636,0.5574045181274414
0.0,nan,nan,1.526202917098999,00000_001840_00,4.0,1.5276217460632324,1.1257339715957642,0.9999266266822815,coef_energy_material_checkpoint_lambdas,1.0,2.3467679023742676,1.526485800743103,51,R1,3.968476891517639,4.401492118835449
0.0,nan,nan,0.03870821371674538,00000_001840_00,5.0,0.038721174001693726,0.03506965935230255,0.9926977157592773,coef_energy_material_checkpoint_lambdas,1.0,2.3481016159057617,1.5337920188903809,54,R1,3.946672260761261,4.402015030384064
0.0,nan,nan,0.13851088285446167,00000_001840_00,4.0,0.36734211444854736,0.023813486099243164,0.9860509634017944,coef_energy_material_checkpoint_lambdas,0.0,2.3532052040100098,1.5514289140701294,57,R1,4.231915682554245,0.5559058785438538
0.0,nan,nan,3.6332592964172363,00000_001840_00,5.0,4.060401916503906,0.0034143556840717793,0.9997128248214722,coef_energy_material_checkpoint_lambdas,0.0,2.54512095451355,1.5967271327972412,69,R1,4.40083783864975,4.400847554206848
0.0,nan,nan,0.01228579506278038,00000_001840_00,10.0,0.012286877259612083,0.00016308820340782404,0.9955374002456665,coef_energy_material_checkpoint_lambdas,0.0,2.5420279502868652,1.6012026071548462,72,R1,4.400000095367432,4.400000095367432
0.0,nan,nan,1.5168525351327844e-06,00000_001840_00,13.0,1.5421533134940546e-06,2.7820013315249525e-07,0.0,coef_energy_material_checkpoint_lambdas,0.0,2.55456805229187,1.618940830230713,75,R1,4.400000095367432,4.400000095367432
0.0,nan,nan,2.724536984910486e-10,00000_001840_00,16.0,2.9425240022362686e-10,1.1114607845197355e-10,0.0,coef_energy_material_checkpoint_lambdas,0.0,2.6406197547912598,1.5706908702850342,78,R1,4.400000095367432,4.400000095367432
0.0,nan,nan,0.05567216873168945,00000_001840_01,5.0,0.12241074442863464,0.11645378172397614,0.8756824135780334,coef_energy_material_checkpoint_lambdas,1.0,2.278390645980835,1.4734727144241333,0,R1,3.709807574748993,4.174699813127518
0.0,nan,nan,-0.0006205927929840982,00000_001840_01,4.0,0.0013970666332170367,0.0012516627321019769,-0.7790105938911438,coef_energy_material_checkpoint_lambdas,0.0,2.2432949542999268,1.4565635919570923,3,R1,3.342276096343994,3.342276096343994
0.0,nan,nan,0.19537658989429474,00000_001840_01,4.0,0.2070930302143097,0.1487950086593628,0.5182774662971497,coef_energy_material_checkpoint_lambdas,0.0,2.1931614875793457,1.4392393827438354,6,R1,2.4635285437107086,2.218902975320816
0.0,nan,nan,2.1507906913757324,00000_001840_01,3.0,2.1516647338867188,2.1507906913757324,0.1093781515955925,coef_energy_material_checkpoint_lambdas,0.0,2.1914753913879395,1.426783800125122,9,R1,2.2103540003299713,1.0291208624839783
0.0,nan,nan,0.49662041664123535,00000_001840_01,3.0,0.5203976631164551,0.37464675307273865,0.9534059166908264,coef_energy_material_checkpoint_lambdas,0.0,2.178903341293335,1.4284318685531616,12,R1,2.09072482585907,0.262239933013916
0.0,nan,nan,0.5339550971984863,00000_001840_01,1.0,1.899416208267212,1.8228203058242798,-0.9719206094741821,coef_energy_material_checkpoint_lambdas,0.0,2.2255799770355225,1.4431347846984863,36,R1,3.3722772896289825,3.3722772896289825
0.0,nan,nan,1.1214944124221802,00000_001840_01,1.0,1.3982717990875244,0.8351134061813354,0.9752033948898315,coef_energy_material_checkpoint_lambdas,0.0,2.282184600830078,1.471653938293457,45,R1,3.3722772896289825,0.5483049154281616
0.0,nan,nan,3.610509157180786,00000_001840_01,2.0,3.9992504119873047,1.7199498414993286,0.2585867941379547,coef_energy_material_checkpoint_lambdas,0.0,2.310354709625244,1.5087991952896118,51,R1,4.336461782455444,4.336461782455444
0.0,nan,nan,0.013542662374675274,00000_001840_01,2.0,0.03946547582745552,0.03706912696361542,-0.7984907031059265,coef_energy_material_checkpoint_lambdas,0.0,2.3457961082458496,1.515601634979248,54,R1,4.208305656909943,4.208305656909943
0.0,nan,nan,0.04752851277589798,00000_001840_01,3.0,0.08408619463443756,0.02315431460738182,0.15948036313056946,coef_energy_material_checkpoint_lambdas,0.0,2.3266706466674805,1.5338094234466553,57,R1,3.8777763545513153,3.8754900693893433
0.0,nan,nan,0.019610455259680748,00000_001840_01,4.0,0.039665501564741135,0.007700982503592968,0.9294651746749878,coef_energy_material_checkpoint_lambdas,0.0,2.355179786682129,1.5415992736816406,60,R1,4.174713671207428,1.679727852344513
0.0,nan,nan,3.399517059326172,00000_001840_01,3.0,3.803356409072876,2.685732126235962,0.9990601539611816,coef_energy_material_checkpoint_lambdas,0.0,2.392893075942993,1.552720069885254,63,R1,4.279702812433243,0.5827333927154541
0.0,nan,nan,1.5532042980194092,00000_001840_01,10.0,1.6335281133651733,0.5059352517127991,0.9981059432029724,coef_energy_material_checkpoint_lambdas,0.0,2.5379488468170166,1.6290090084075928,72,R1,4.400006651878357,4.400006651878357
0.0,nan,nan,4.473719673114829e-05,00000_001840_01,13.0,5.221713945502415e-05,2.6929779778583907e-05,0.0,coef_energy_material_checkpoint_lambdas,0.0,2.5706121921539307,1.6390424966812134,75,R1,4.400000095367432,4.400000095367432
0.0,nan,nan,1.432931107103741e-08,00000_001840_01,14.0,1.5308449619055864e-08,5.386972201648632e-09,0.0,coef_energy_material_checkpoint_lambdas,0.0,2.5771865844726562,1.6436188220977783,78,R1,4.400000095367432,4.400000095367432
0.0,nan,nan,2.5609867958936716e-12,00000_001840_01,16.0,2.8627905167971646e-12,1.279420363056727e-12,0.0,coef_energy_material_checkpoint_lambdas,0.0,2.5718321800231934,1.6603131294250488,81,R1,4.400000095367432,4.400000095367432
0.0,nan,nan,-1.4328869909918814e-15,00000_001840_01,16.0,1.6591241972475847e-15,8.363779609921109e-16,0.0,coef_energy_material_checkpoint_lambdas,0.0,2.5921895503997803,1.664663553237915,84,R1,4.400000095367432,4.400000095367432
0.0,nan,nan,-5.149956183403083e-19,00000_001840_01,16.0,5.683721357022832e-19,2.4047117514015093e-19,0.0,coef_energy_material_checkpoint_lambdas,0.0,2.5982179641723633,1.6806769371032715,87,R1,4.400000095367432,4.400000095367432
0.0,nan,nan,-1.405014914740177e-22,00000_001840_01,16.0,1.4973568266036865e-22,5.293955920339377e-23,0.0,coef_energy_material_checkpoint_lambdas,0.0,2.72005295753479,1.606071949005127,90,R1,4.400000095367432,4.400000095367432
0.0,nan,nan,-0.01023122575134039,00000_001840_02,4.0,0.023729786276817322,0.021410856395959854,-0.8840546011924744,coef_energy_material_checkpoint_lambdas,0.0,2.218951940536499,1.4496684074401855,0,R2,3.0444500744342804,3.0444500744342804
0.0,nan,nan,0.3582826256752014,00000_001840_02,3.0,0.36237090826034546,0.2149628847837448,0.7138533592224121,coef_energy_material_checkpoint_lambdas,0.0,2.1968581676483154,1.438610553741455,3,R2,2.352596640586853,1.7268513441085815
0.0,nan,nan,2.269343852996826,00000_001840_02,3.0,2.273151397705078,2.269343852996826,0.5712895393371582,coef_energy_material_checkpoint_lambdas,0.0,2.1886768341064453,1.4258360862731934,6,R2,2.0419029593467712,0.7673925757408142
0.0,nan,nan,1.262886881828308,00000_001840_02,2.0,2.745567798614502,1.6157262325286865,0.9955700635910034,coef_energy_material_checkpoint_lambdas,0.0,2.1651811599731445,1.4356790781021118,9,R2,2.574232906103134,0.3038173019886017
0.0,nan,nan,-0.1219058632850647,00000_001840_02,1.0,2.117035388946533,2.113522529602051,-0.329547256231308,coef_energy_material_checkpoint_lambdas,0.0,2.2318570613861084,1.4463914632797241,33,R2,3.5069799721240997,3.5069799721240997
0.0,nan,nan,1.7341086864471436,00000_001840_02,1.0,1.7464238405227661,1.7341086864471436,0.9144492149353027,coef_energy_material_checkpoint_lambdas,0.0,2.2398180961608887,1.456831932067871,36,R2,3.7045326232910156,2.6915416419506073
0.0,nan,nan,2.885986089706421,00000_001840_02,3.0,3.7853786945343018,2.449525833129883,0.8016444444656372,coef_energy_material_checkpoint_lambdas,0.0,2.2684125900268555,1.4844335317611694,42,R2,3.5069799721240997,0.557568371295929
0.0,nan,nan,-0.31401586532592773,00000_001840_02,2.0,0.3156626522541046,0.16923415660858154,1.0,coef_energy_material_checkpoint_lambdas,0.0,2.3444292545318604,1.5110646486282349,48,R2,4.388388156890869,1.0983904004096985
0.0,nan,nan,2.1854541301727295,00000_001840_02,2.0,4.426464080810547,4.267240047454834,0.9842097163200378,coef_energy_material_checkpoint_lambdas,0.0,2.353863477706909,1.521532654762268,51,R2,4.384789824485779,0.5535684823989868
0.0,nan,nan,-0.38194015622138977,00000_001840_02,4.0,0.396674245595932,0.3895179033279419,0.546917200088501,coef_energy_material_checkpoint_lambdas,1.0,2.3790223598480225,1.534607172012329,57,R2,3.7355243265628815,4.2124069929122925
0.0,nan,nan,0.006546601187437773,00000_001840_02,3.0,0.014314484782516956,0.006546601187437773,0.9998824000358582,coef_energy_material_checkpoint_lambdas,0.0,2.3832428455352783,1.5512431859970093,60,R2,3.785154849290848,2.7560967206954956
0.0,nan,nan,0.3585781455039978,00000_001840_02,3.0,0.38033026456832886,0.26402485370635986,0.748024046421051,coef_energy_material_checkpoint_lambdas,0.0,2.3974082469940186,1.566190242767334,63,R2,3.623098909854889,1.1064696311950684
0.0,nan,nan,2.7567038536071777,00000_001840_02,1.0,3.8942952156066895,3.8942928314208984,0.999649167060852,coef_energy_material_checkpoint_lambdas,0.0,2.42610239982605,1.5777033567428589,66,R2,3.6093559861183167,0.5560318231582642
0.0,nan,nan,-0.10069464892148972,00000_001840_02,6.0,0.12230333685874939,0.017056263983249664,0.8508365750312805,coef_energy_material_checkpoint_lambdas,1.0,2.4399168491363525,1.6053757667541504,69,R2,3.927535057067871,4.400102198123932
0.0,nan,nan,0.14378362894058228,00000_001840_02,6.0,0.15188778936862946,0.14378362894058228,0.9939061403274536,coef_energy_material_checkpoint_lambdas,0.0,2.5745809078216553,1.5497620105743408,72,R2,4.400000095367432,4.400004148483276
0.0,nan,nan,0.013499093241989613,00000_001840_02,7.0,0.013499094173312187,0.009541801176965237,0.9995020627975464,coef_energy_material_checkpoint_lambdas,0.0,2.698378562927246,1.5233426094055176,75,R2,4.400000095367432,4.400000095367432
0.0,nan,nan,4.131197929382324,00000_001840_04,1.0,4.356240272521973,3.898446798324585,0.9983883500099182,coef_energy_material_checkpoint_lambdas,0.0,2.2781801223754883,1.5228309631347656,0,R2,2.7840049862861633,0.3941177725791931
0.0,nan,nan,2.5021615028381348,00000_001840_04,2.0,3.497891426086426,2.444265127182007,0.3110824525356293,coef_energy_material_checkpoint_lambdas,0.0,2.260939598083496,1.4993172883987427,3,R2,4.372867465019226,4.372867465019226
0.0,nan,nan,-0.2233043909072876,00000_001840_04,3.0,1.129133701324463,0.6247486472129822,-0.6219954490661621,coef_energy_material_checkpoint_lambdas,0.0,2.2339091300964355,1.4748965501785278,6,R2,3.83438378572464,0.5323243737220764
0.0,nan,nan,1.3928133249282837,00000_001840_04,3.0,1.8454790115356445,1.84098219871521,-0.42276352643966675,coef_energy_material_checkpoint_lambdas,0.0,2.1927359104156494,1.4391182661056519,9,R2,2.6915705800056458,0.8477935492992401
0.0,nan,nan,3.2452445030212402,00000_001840_04,2.0,4.18010139465332,4.080907821655273,0.7490889430046082,coef_energy_material_checkpoint_lambdas,0.0,2.18902850151062,1.4300466775894165,12,R2,2.073924273252487,0.29424694180488586
0.0,nan,nan,2.333780288696289,00000_001840_04,2.0,2.859161138534546,2.333780288696289,0.9839079976081848,coef_energy_material_checkpoint_lambdas,0.0,2.174877405166626,1.4274884462356567,15,R2,2.0150318443775177,0.5204327702522278
0.0,nan,nan,0.5328077673912048,00000_001840_04,1.0,1.8950566053390503,1.8186136484146118,-0.9719105362892151,coef_energy_material_checkpoint_lambdas,0.0,2.2208662033081055,1.4453449249267578,39,R2,3.3722772896289825,3.3722772896289825
0.0,nan,nan,1.1187865734100342,00000_001840_04,1.0,1.3946192264556885,0.8326339721679688,0.9752621650695801,coef_energy_material_checkpoint_lambdas,0.0,2.2735514640808105,1.4800541400909424,48,R2,3.3722772896289825,0.5483049154281616
0.0,nan,nan,-0.013924390077590942,00000_001840_04,2.0,1.0856539011001587,0.9771856665611267,0.12597544491291046,coef_energy_material_checkpoint_lambdas,0.0,2.3213210105895996,1.5035932064056396,54,R2,4.358284413814545,1.6090254187583923
0.0,nan,nan,0.40523195266723633,00000_001840_04,2.0,3.9308927059173584,3.0512938499450684,0.9864869713783264,coef_energy_material_checkpoint_lambdas,0.0,2.348478078842163,1.5265429019927979,57,R2,4.400125622749329,0.5652928352355957
0.0,nan,nan,4.466979026794434,00000_001840_04,1.0,4.477858543395996,4.466978549957275,0.8947982788085938,coef_energy_material_checkpoint_lambdas,0.0,2.308587074279785,1.593064546585083,63,R2,4.279941558837891,0.5466908812522888
0.0,nan,nan,1.4316961765289307,00000_001840_04,6.0,1.5372028350830078,1.4316960573196411,0.8210780620574951,coef_energy_material_checkpoint_lambdas,0.0,2.3441078662872314,1.61154043674469,66,R2,3.4761106371879578,2.0884833931922913
0.0,nan,nan,3.958759069442749,00000_001840_04,4.0,3.9839584827423096,3.958759069442749,0.9981080889701843,coef_energy_material_checkpoint_lambdas,0.0,2.3821523189544678,1.624197244644165,69,R2,4.400613248348236,0.5563888549804688
0.0,nan,nan,0.13374750316143036,00000_001840_04,5.0,0.14123117923736572,0.06249690800905228,0.9991030693054199,coef_energy_material_checkpoint_lambdas,0.0,2.400599956512451,1.635777235031128,72,R2,4.400000095367432,3.8690142035484314
0.0,nan,nan,0.14772816002368927,00000_001840_04,7.0,0.14772872626781464,0.10416791588068008,0.993720293045044,coef_energy_material_checkpoint_lambdas,0.0,2.4982821941375732,1.58686101436615,75,R2,4.400000095367432,1.6689817309379578
0.0,nan,nan,4.614027500152588,00000_001840_04,1.0,4.614099025726318,4.614027500152588,0.996610164642334,coef_energy_material_checkpoint_lambdas,0.0,2.5341084003448486,1.5733001232147217,78,R2,4.402865827083588,0.5609741806983948
0.0,nan,nan,1.874177098274231,00000_001840_07,2.0,4.01727819442749,3.8378102779388428,0.24735881388187408,coef_energy_material_checkpoint_lambdas,0.0,2.2297611236572266,1.4415608644485474,3,R2,4.192336976528168,0.36854761838912964
0.0,nan,nan,-0.3150686025619507,00000_001840_07,3.0,0.5302459001541138,0.24056002497673035,0.9253564476966858,coef_energy_material_checkpoint_lambdas,0.0,2.209634780883789,1.432910680770874,6,R2,3.9226218461990356,1.788064032793045
0.0,nan,nan,-0.0015267801936715841,00000_001840_07,2.0,0.006278830114752054,0.003226947970688343,0.9790558218955994,coef_energy_material_checkpoint_lambdas,0.0,2.2042665481567383,1.4213811159133911,9,R2,3.2469711303710938,1.0185554921627045
0.0,nan,nan,0.946591854095459,00000_001840_07,1.0,1.0378448963165283,0.04271252825856209,0.8989560008049011,coef_energy_material_checkpoint_lambdas,0.0,2.1902217864990234,1.411520004272461,12,R2,2.444728195667267,0.26462361216545105
0.0,nan,nan,3.00508713722229,00000_001840_07,3.0,3.5717127323150635,3.0705504417419434,0.929053544998169,coef_energy_material_checkpoint_lambdas,0.0,2.2172799110412598,1.441819190979004,33,R2,3.176588386297226,3.2654340267181396
0.0,nan,nan,0.44649383425712585,00000_001840_07,2.0,0.4732176959514618,0.15677449107170105,0.9654659628868103,coef_energy_material_checkpoint_lambdas,0.0,2.2603890895843506,1.477013111114502,42,R2,3.2654340267181396,1.0843478441238403
0.0,nan,nan,0.558098554611206,00000_001840_07,1.0,3.809776782989502,3.121217727661133,0.3446383774280548,coef_energy_material_checkpoint_lambdas,0.0,2.319018602371216,1.4965320825576782,48,R2,4.282808870077133,2.0594697892665863
0.0,nan,nan,-0.15687543153762817,00000_001840_07,1.0,1.2068406343460083,0.735197126865387,0.5862118005752563,coef_energy_material_checkpoint_lambdas,0.0,2.3443431854248047,1.518409252166748,51,R2,4.400737106800079,0.5564438104629517
0.0,nan,nan,4.425317764282227,00000_001840_07,1.0,4.480571269989014,4.2718377113342285,0.8945421576499939,coef_energy_material_checkpoint_lambdas,0.0,2.3662729263305664,1.5208985805511475,54,R2,4.391587615013123,0.5000014901161194
0.0,nan,nan,2.4100329875946045,00000_001840_07,3.0,3.738377094268799,0.31664183735847473,0.4100865423679352,coef_energy_material_checkpoint_lambdas,0.0,2.2994003295898438,1.570265293121338,57,R2,4.066756963729858,4.081865549087524
0.0,nan,nan,-0.010822053998708725,00000_001840_07,2.0,0.10101345926523209,0.02149270661175251,0.9995983839035034,coef_energy_material_checkpoint_lambdas,0.0,2.303267002105713,1.5915820598602295,60,R2,4.200725108385086,2.7589014172554016
0.0,nan,nan,2.1322731971740723,00000_001840_07,3.0,2.1349596977233887,1.988993763923645,0.9960715770721436,coef_energy_material_checkpoint_lambdas,0.0,2.345818519592285,1.5871999263763428,63,R2,4.230405956506729,0.5564014315605164
0.0,nan,nan,3.4532787799835205,00000_001840_07,5.0,3.8601086139678955,2.7284133434295654,0.9999134540557861,coef_energy_material_checkpoint_lambdas,0.0,2.4303557872772217,1.6582096815109253,69,R2,4.400813519954681,4.400968492031097
0.0,nan,nan,0.000366133899660781,00000_001840_07,12.0,0.0006088113877922297,8.504991274094209e-05,0.30268049240112305,coef_energy_material_checkpoint_lambdas,0.0,2.4633779525756836,1.6792933940887451,72,R2,4.400000095367432,4.400000095367432
0.0,nan,nan,-1.352666978426953e-09,00000_001840_07,14.0,2.077970018277142e-09,1.5892381854953896e-10,0.0,coef_energy_material_checkpoint_lambdas,0.0,2.6514854431152344,1.5934436321258545,75,R2,4.400000095367432,4.400000095367432
0.0,nan,nan,-0.011396866291761398,00000_001841_00,4.0,0.024199359118938446,0.021347608417272568,-0.9476062655448914,coef_energy_material_checkpoint_lambdas,0.0,2.2269444465637207,1.4499105215072632,0,R1,3.1151027381420135,3.1151027381420135
0.0,nan,nan,0.21713462471961975,00000_001841_00,3.0,0.3431016802787781,0.034307412803173065,0.9530280828475952,coef_energy_material_checkpoint_lambdas,0.0,2.2018914222717285,1.43682861328125,3,R1,2.504961997270584,1.7754874527454376
0.0,nan,nan,2.1427011489868164,00000_001841_00,3.0,2.145843744277954,2.1427011489868164,0.08286487311124802,coef_energy_material_checkpoint_lambdas,0.0,2.1880569458007812,1.426649808883667,6,R1,2.091307520866394,0.7675826251506805
0.0,nan,nan,1.3584181070327759,00000_001841_00,2.0,2.6184494495391846,1.3946913480758667,0.999542772769928,coef_energy_material_checkpoint_lambdas,0.0,2.1617560386657715,1.4377628564834595,9,R1,2.8205626606941223,0.30379748344421387
0.0,nan,nan,0.35100480914115906,00000_001841_00,1.0,1.8451088666915894,1.8114144802093506,-0.6359041333198547,coef_energy_material_checkpoint_lambdas,0.0,2.219668388366699,1.4455366134643555,33,R1,3.5165127217769623,3.5165127217769623
0.0,nan,nan,2.7698006629943848,00000_001841_00,2.0,3.6459996700286865,2.370974063873291,0.041028935462236404,coef_energy_material_checkpoint_lambdas,0.0,2.2655091285705566,1.4973772764205933,42,R1,3.5165127217769623,0.5196267366409302
0.0,nan,nan,-0.5582160949707031,00000_001841_00,1.0,0.5708357691764832,0.4791228771209717,0.9524455070495605,coef_energy_material_checkpoint_lambdas,0.0,2.3265364170074463,1.5064046382904053,48,R1,4.385586261749268,0.5283819437026978
0.0,nan,nan,2.1753883361816406,00000_001841_00,2.0,4.466817378997803,4.296867370605469,0.9998239278793335,coef_energy_material_checkpoint_lambdas,0.0,2.3442158699035645,1.5205769538879395,51,R1,4.385207533836365,0.5633636713027954
0.0,nan,nan,0.10894955694675446,00000_001841_00,2.0,0.1461552232503891,0.07255058735609055,1.0,coef_energy_material_checkpoint_lambdas,0.0,2.3234639167785645,1.562608242034912,57,R1,3.9272732734680176,2.2095102667808533
0.0,nan,nan,1.9741318225860596,00000_001841_00,5.0,2.207369804382324,1.560530424118042,0.9998475313186646,coef_energy_material_checkpoint_lambdas,0.0,2.328766345977783,1.5838981866836548,60,R1,4.124979078769684,0.5563647747039795
0.0,nan,nan,1.7703450918197632,00000_001841_00,6.0,2.2164974212646484,2.1948869228363037,0.9995468854904175,coef_energy_material_checkpoint_lambdas,0.0,2.646233081817627,1.5319783687591553,66,R1,4.400029301643372,4.4025532603263855
0.0,nan,nan,4.135201454162598,00000_001841_01,1.0,4.358479022979736,3.897796869277954,0.9987432360649109,coef_energy_material_checkpoint_lambdas,0.0,2.274285078048706,1.5221290588378906,0,R1,2.781260132789612,0.38904380798339844
0.0,nan,nan,3.043445348739624,00000_001841_01,2.0,4.171370983123779,3.668710947036743,0.9079440832138062,coef_energy_material_checkpoint_lambdas,0.0,2.2714271545410156,1.4993433952331543,3,R1,4.37036520242691,4.396006107330322
0.0,nan,nan,0.17298197746276855,00000_001841_01,3.0,0.8843322992324829,0.7355543971061707,-0.991208016872406,coef_energy_material_checkpoint_lambdas,0.0,2.2282819747924805,1.477768898010254,6,R1,4.004373639822006,0.5348314046859741
0.0,nan,nan,1.496387004852295,00000_001841_01,3.0,1.9142992496490479,1.9023113250732422,-0.4835517406463623,coef_energy_material_checkpoint_lambdas,0.0,2.192007541656494,1.4450116157531738,9,R1,2.833175003528595,1.1489267349243164
0.0,nan,nan,1.644967794418335,00000_001841_01,4.0,3.4717965126037598,2.838597059249878,-0.15871068835258484,coef_energy_material_checkpoint_lambdas,0.0,2.1848652362823486,1.4347202777862549,12,R1,2.105952173471451,0.28533935546875
0.0,nan,nan,2.538980007171631,00000_001841_01,2.0,2.8194453716278076,2.538980007171631,0.9969172477722168,coef_energy_material_checkpoint_lambdas,0.0,2.175473928451538,1.434062123298645,15,R1,2.011548697948456,0.520810604095459
0.0,nan,nan,1.747531771659851,00000_001841_01,1.0,3.3671138286590576,2.878122329711914,-0.9999473690986633,coef_energy_material_checkpoint_lambdas,0.0,2.2137036323547363,1.4488790035247803,39,R1,3.3878744542598724,3.3878744542598724
0.0,nan,nan,1.050217866897583,00000_001841_01,1.0,1.303031325340271,0.7713190913200378,0.9558433294296265,coef_energy_material_checkpoint_lambdas,0.0,2.261162757873535,1.4829561710357666,48,R1,3.3878744542598724,0.5373489260673523
0.0,nan,nan,0.15312762558460236,00000_001841_01,3.0,0.1545439064502716,0.09351704269647598,0.7031187415122986,coef_energy_material_checkpoint_lambdas,1.0,2.329449415206909,1.5168232917785645,57,R1,4.208408921957016,4.400417804718018
0.0,nan,nan,0.00997119676321745,00000_001841_01,3.0,0.010171524249017239,0.00997119676321745,0.9941689968109131,coef_energy_material_checkpoint_lambdas,0.0,2.352405309677124,1.528922200202942,60,R1,4.100457042455673,2.7574912905693054
0.0,nan,nan,0.015907123684883118,00000_001841_01,4.0,0.029240427538752556,0.025200147181749344,0.9878713488578796,coef_energy_material_checkpoint_lambdas,0.0,2.3642802238464355,1.534119725227356,63,R1,4.313819408416748,1.6573493480682373
0.0,nan,nan,1.637972354888916,00000_001841_01,5.0,3.877993106842041,3.0370442867279053,0.9848830699920654,coef_energy_material_checkpoint_lambdas,0.0,2.3547630310058594,1.564668893814087,66,R1,4.2559734582901,0.559814989566803
0.0,nan,nan,3.9123454093933105,00000_001841_01,2.0,4.218371868133545,3.8818416595458984,0.9956441521644592,coef_energy_material_checkpoint_lambdas,0.0,2.3725109100341797,1.576296091079712,69,R1,4.280086696147919,0.5776864886283875
0.0,nan,nan,1.0533396005630493,00000_001841_01,5.0,1.071305274963379,0.8829734325408936,0.9782039523124695,coef_energy_material_checkpoint_lambdas,0.0,2.583980083465576,1.546196460723877,72,R1,4.400083780288696,4.40333217382431
0.0,nan,nan,4.154694080352783,00000_001841_02,1.0,4.378828048706055,3.915731906890869,0.998736560344696,coef_energy_material_checkpoint_lambdas,0.0,2.291022300720215,1.51125168800354,0,R1,2.781260132789612,0.38904380798339844
0.0,nan,nan,3.053548812866211,00000_001841_02,2.0,4.184782981872559,4.010883808135986,0.907897412776947,coef_energy_material_checkpoint_lambdas,0.0,2.2792789936065674,1.4896059036254883,3,R1,4.37036520242691,0.5570989847183228
0.0,nan,nan,0.9119094610214233,00000_001841_02,2.0,0.9639465808868408,0.9119094610214233,-0.9746408462524414,coef_energy_material_checkpoint_lambdas,0.0,2.2322657108306885,1.4726479053497314,6,R1,4.253860145807266,0.486505925655365
0.0,nan,nan,2.4969708919525146,00000_001841_02,2.0,3.2429111003875732,3.228773832321167,-0.3688738942146301,coef_energy_material_checkpoint_lambdas,0.0,2.19482684135437,1.4456607103347778,9,R1,2.7367919385433197,0.42031964659690857
0.0,nan,nan,4.294897079467773,00000_001841_02,1.0,4.302770137786865,4.294897079467773,0.9319401383399963,coef_energy_material_checkpoint_lambdas,0.0,2.1868207454681396,1.4398218393325806,12,R1,3.877957433462143,0.28533935546875
0.0,nan,nan,2.542686939239502,00000_001841_02,2.0,2.8236021995544434,2.542686939239502,0.9969151020050049,coef_energy_material_checkpoint_lambdas,0.0,2.17950439453125,1.4314693212509155,15,R1,2.011548697948456,0.520810604095459
0.0,nan,nan,1.749192714691162,00000_001841_02,1.0,3.370309829711914,2.880852699279785,-0.9999473690986633,coef_energy_material_checkpoint_lambdas,0.0,2.215636730194092,1.4468576908111572,39,R1,3.3878744542598724,3.3878744542598724
0.0,nan,nan,1.0508549213409424,00000_001841_02,1.0,1.3038707971572876,0.7718698978424072,0.9558283090591431,coef_energy_material_checkpoint_lambdas,0.0,2.2629964351654053,1.4817010164260864,48,R1,3.3878744542598724,0.5373489260673523
0.0,nan,nan,0.007274635136127472,00000_001841_02,2.0,0.15085533261299133,0.04074782133102417,-0.366227924823761,coef_energy_material_checkpoint_lambdas,0.0,2.3421790599823,1.5413886308670044,60,R1,3.88193741440773,3.8523438572883606
0.0,nan,nan,0.004840427078306675,00000_001841_02,4.0,0.006805474869906902,0.0030792616307735443,0.9123725295066833,coef_energy_material_checkpoint_lambdas,0.0,2.3597140312194824,1.544028401374817,63,R1,4.175798416137695,1.6565901637077332
0.0,nan,nan,1.637972354888916,00000_001841_02,5.0,3.877993106842041,3.0370442867279053,0.9848830699920654,coef_energy_material_checkpoint_lambdas,0.0,2.3547630310058594,1.564668893814087,66,R1,4.2559734582901,0.559814989566803
0.0,nan,nan,3.8593952655792236,00000_001841_02,2.0,4.1614885330200195,3.8296985626220703,0.9956558346748352,coef_energy_material_checkpoint_lambdas,0.0,2.337411880493164,1.6031252145767212,69,R1,4.280086696147919,0.5776864886283875
0.0,nan,nan,0.9862576127052307,00000_001841_02,5.0,1.0029528141021729,0.1822371929883957,0.9783449769020081,coef_energy_material_checkpoint_lambdas,0.0,2.4113616943359375,1.638105869293213,72,R1,4.400083780288696,4.400083780288696
0.0,nan,nan,0.00023273804981727153,00000_001841_02,9.0,0.0003578911127988249,2.7677935577230528e-05,0.0,coef_energy_material_checkpoint_lambdas,0.0,2.4463367462158203,1.6734309196472168,75,R1,4.400000095367432,4.400000095367432
0.0,nan,nan,7.099144738731411e-08,00000_001841_02,13.0,7.112031852329892e-08,4.717242418905698e-08,0.0,coef_energy_material_checkpoint_lambdas,0.0,2.480872631072998,1.6857454776763916,78,R1,4.400000095367432,4.400000095367432
0.0,nan,nan,2.7613523446989863e-12,00000_001841_02,16.0,2.8625287903927266e-12,1.419183455649009e-12,0.0,coef_energy_material_checkpoint_lambdas,0.0,2.545888662338257,1.7034388780593872,81,R1,4.400000095367432,4.400000095367432
0.0,nan,nan,-2.1287720704156742e-16,00000_001841_02,16.0,2.2141221542056717e-16,6.088237905569946e-17,0.0,coef_energy_material_checkpoint_lambdas,0.0,2.5651659965515137,1.7196450233459473,84,R1,4.400000095367432,4.400000095367432
0.0,nan,nan,-3.262084003948325e-20,00000_001841_02,16.0,3.535312423149674e-20,1.3628055854578286e-20,0.0,coef_energy_material_checkpoint_lambdas,0.0,2.5788230895996094,1.7163605690002441,87,R1,4.400000095367432,4.400000095367432
0.0,nan,nan,-2.4033676152178533e-23,00000_001841_02,16.0,0.0,0.0,0.0,coef_energy_material_checkpoint_lambdas,0.0,2.5640499591827393,1.7421412467956543,90,R1,4.400000095367432,4.400000095367432
0.0,nan,nan,-4.146630091961947e-26,00000_001841_02,16.0,0.0,0.0,0.0,coef_energy_material_checkpoint_lambdas,0.0,2.6450695991516113,1.6465468406677246,93,R1,4.400000095367432,4.400000095367432
0.0,nan,nan,-5.136769930856044e-29,00000_001841_02,16.0,0.0,0.0,0.0,coef_energy_material_checkpoint_lambdas,0.0,2.8097798824310303,1.608137845993042,96,R1,4.400000095367432,4.400000095367432
0.0,nan,nan,2.362311840057373,00000_001841_03,1.0,2.485182523727417,1.1246891021728516,0.9945175647735596,coef_energy_material_checkpoint_lambdas,0.0,2.2078678607940674,1.4755678176879883,0,R1,4.310915410518646,0.486505925655365
0.0,nan,nan,2.4969708919525146,00000_001841_03,2.0,3.2429111003875732,3.228773832321167,-0.3688738942146301,coef_energy_material_checkpoint_lambdas,0.0,2.19482684135437,1.4456607103347778,3,R1,2.7367919385433197,0.42031964659690857
0.0,nan,nan,4.303409576416016,00000_001841_03,1.0,4.311258792877197,4.303409576416016,0.9318857192993164,coef_energy_material_checkpoint_lambdas,0.0,2.19197940826416,1.4390904903411865,6,R1,3.877957433462143,0.28533935546875
0.0,nan,nan,2.5392866134643555,00000_001841_03,2.0,2.8197498321533203,2.5392866134643555,0.9969193935394287,coef_energy_material_checkpoint_lambdas,0.0,2.174981117248535,1.438379168510437,9,R1,2.011548697948456,0.520810604095459
0.0,nan,nan,1.748029112815857,00000_001841_03,1.0,3.3680717945098877,2.878941059112549,-0.9999474883079529,coef_energy_material_checkpoint_lambdas,0.0,2.214317560195923,1.4489686489105225,33,R1,3.3878744542598724,3.3878744542598724
0.0,nan,nan,1.0496350526809692,00000_001841_03,1.0,1.3022816181182861,0.7708461284637451,0.9558514952659607,coef_energy_material_checkpoint_lambdas,0.0,2.259657144546509,1.4833027124404907,42,R1,3.3878744542598724,0.5373489260673523
0.0,nan,nan,-0.11103407293558121,00000_001841_03,3.0,0.9535335898399353,0.7481762170791626,0.7180079817771912,coef_energy_material_checkpoint_lambdas,1.0,2.3364741802215576,1.5224459171295166,51,R1,3.924625664949417,4.39986127614975
0.0,nan,nan,0.007274635136127472,00000_001841_03,2.0,0.15085533261299133,0.13151882588863373,-0.366227924823761,coef_energy_material_checkpoint_lambdas,1.0,2.3421790599823,1.5413886308670044,54,R1,3.88193741440773,4.210208624601364
0.0,nan,nan,0.02896842174232006,00000_001841_03,4.0,0.030570214614272118,0.024393681436777115,0.9999897480010986,coef_energy_material_checkpoint_lambdas,0.0,2.3674585819244385,1.534057855606079,57,R1,3.995095908641815,2.228561520576477
0.0,nan,nan,1.637972354888916,00000_001841_03,5.0,3.877993106842041,3.0370442867279053,0.9848830699920654,coef_energy_material_checkpoint_lambdas,0.0,2.3547630310058594,1.564668893814087,60,R1,4.2559734582901,0.559814989566803
0.0,nan,nan,3.8815510272979736,00000_001841_03,2.0,4.185308933258057,3.8515517711639404,0.99565190076828,coef_energy_material_checkpoint_lambdas,0.0,2.3518319129943848,1.5961878299713135,63,R1,4.280086696147919,0.5776864886283875
0.0,nan,nan,1.0154587030410767,00000_001841_03,5.0,1.0327008962631226,0.18792234361171722,0.9782878160476685,coef_energy_material_checkpoint_lambdas,0.0,2.486118793487549,1.6071842908859253,66,R1,4.400083780288696,4.400083780288696
0.0,nan,nan,0.002707354025915265,00000_001841_03,8.0,0.008284189738333225,0.007829306647181511,0.999762237071991,coef_energy_material_checkpoint_lambdas,0.0,2.554645538330078,1.617684245109558,69,R1,4.400000095367432,4.400000095367432
0.0,nan,nan,6.284566188696772e-05,00000_001841_03,10.0,9.174596198135987e-05,6.684118852717802e-05,0.003091975348070264,coef_energy_material_checkpoint_lambdas,0.0,2.668541431427002,1.5574513673782349,72,R1,4.400000095367432,4.400000095367432
0.0,nan,nan,2.362311840057373,00000_001841_04,1.0,2.485182523727417,1.1246891021728516,0.9945175647735596,coef_energy_material_checkpoint_lambdas,0.0,2.2078678607940674,1.4755678176879883,0,R1,4.310915410518646,0.486505925655365
0.0,nan,nan,2.4969708919525146,00000_001841_04,2.0,3.2429111003875732,3.228773832321167,-0.3688738942146301,coef_energy_material_checkpoint_lambdas,0.0,2.19482684135437,1.4456607103347778,3,R1,2.7367919385433197,0.42031964659690857
0.0,nan,nan,4.298862457275391,00000_001841_04,1.0,4.306718349456787,4.298862934112549,0.9319054484367371,coef_energy_material_checkpoint_lambdas,0.0,2.1893649101257324,1.4388680458068848,6,R1,3.877957433462143,0.28533935546875
0.0,nan,nan,2.5407962799072266,00000_001841_04,2.0,2.82145357131958,2.5407962799072266,0.9969177842140198,coef_energy_material_checkpoint_lambdas,0.0,2.1768484115600586,1.4360852241516113,9,R1,2.011548697948456,0.520810604095459
0.0,nan,nan,1.7482647895812988,00000_001841_04,1.0,3.3685190677642822,2.879321336746216,-0.9999474883079529,coef_energy_material_checkpoint_lambdas,0.0,2.214350938796997,1.4438941478729248,33,R1,3.3878744542598724,3.3878744542598724
0.0,nan,nan,0.15424299240112305,00000_001841_04,3.0,0.15568020939826965,0.0211050882935524,0.7027634382247925,coef_energy_material_checkpoint_lambdas,0.0,2.34773588180542,1.5082669258117676,51,R1,4.208408921957016,4.208408921957016
0.0,nan,nan,0.007274635136127472,00000_001841_04,2.0,0.15085533261299133,0.13151882588863373,-0.366227924823761,coef_energy_material_checkpoint_lambdas,1.0,2.3421790599823,1.5413886308670044,54,R1,3.88193741440773,4.210208624601364
0.0,nan,nan,0.028922175988554955,00000_001841_04,4.0,0.03052148036658764,0.024354666471481323,0.9999896287918091,coef_energy_material_checkpoint_lambdas,0.0,2.3672900199890137,1.5316052436828613,57,R1,3.995095908641815,2.228561520576477
0.0,nan,nan,1.637972354888916,00000_001841_04,5.0,3.877993106842041,3.0370442867279053,0.9848830699920654,coef_energy_material_checkpoint_lambdas,0.0,2.3547630310058594,1.564668893814087,60,R1,4.2559734582901,0.559814989566803
0.0,nan,nan,3.8593952655792236,00000_001841_04,2.0,4.1614885330200195,3.8296985626220703,0.9956558346748352,coef_energy_material_checkpoint_lambdas,0.0,2.337411880493164,1.6031252145767212,63,R1,4.280086696147919,0.5776864886283875
0.0,nan,nan,1.0060946941375732,00000_001841_04,5.0,1.0231620073318481,0.18610164523124695,0.9783053994178772,coef_energy_material_checkpoint_lambdas,0.0,2.4621734619140625,1.616461157798767,66,R1,4.400083780288696,4.400083780288696
0.0,nan,nan,0.00024333872715942562,00000_001841_04,9.0,0.0003741921973414719,0.00028426406788639724,0.0,coef_energy_material_checkpoint_lambdas,0.0,2.5577616691589355,1.637499451637268,69,R1,4.400000095367432,4.400000095367432
0.0,nan,nan,5.889993190066889e-06,00000_001841_04,10.0,9.421277354704216e-06,7.3531255111447535e-06,0.0,coef_energy_material_checkpoint_lambdas,0.0,2.577704429626465,1.6272188425064087,72,R1,4.400000095367432,4.400000095367432
0.0,nan,nan,1.2824302508818164e-08,00000_001841_04,13.0,1.81363031259707e-08,1.2824302508818164e-08,0.0,coef_energy_material_checkpoint_lambdas,0.0,2.557642936706543,1.6441211700439453,75,R1,4.400000095367432,4.400000095367432
0.0,nan,nan,-2.0771818293185973e-11,00000_001841_04,16.0,2.937578652550954e-11,2.0771818293185973e-11,0.0,coef_energy_material_checkpoint_lambdas,0.0,2.57943058013916,1.6458606719970703,78,R1,4.400000095367432,4.400000095367432
0.0,nan,nan,-3.33499402410415e-14,00000_001841_04,16.0,4.271427233182995e-14,2.6688768111748223e-14,0.0,coef_energy_material_checkpoint_lambdas,0.0,2.565505027770996,1.67087721824646,81,R1,4.400000095367432,4.400000095367432
0.0,nan,nan,-2.3055871210431307e-17,00000_001841_04,16.0,2.7075300625504078e-17,1.419502315325712e-17,0.0,coef_energy_material_checkpoint_lambdas,0.0,2.5924458503723145,1.6719636917114258,84,R1,4.400000095367432,4.400000095367432
0.0,nan,nan,-9.486703416410528e-21,00000_001841_04,16.0,1.0607415208559106e-20,4.745552541778409e-21,0.0,coef_energy_material_checkpoint_lambdas,0.0,2.6652183532714844,1.62312650680542,87,R1,4.400000095367432,4.400000095367432
0.0,nan,nan,-2.8678115242050776e-24,00000_001841_04,16.0,0.0,0.0,0.0,coef_energy_material_checkpoint_lambdas,0.0,2.7928123474121094,1.5987480878829956,90,R1,4.400000095367432,4.400000095367432
0.0,nan,nan,3.358214855194092,00000_001841_05,2.0,3.566854238510132,0.07837071269750595,0.9820612072944641,coef_energy_material_checkpoint_lambdas,0.0,2.198758840560913,1.4254117012023926,0,R1,2.1117545664310455,1.8042965531349182
0.0,nan,nan,0.03272857144474983,00000_001841_05,3.0,0.03389154374599457,0.0282655768096447,0.4019511342048645,coef_energy_material_checkpoint_lambdas,0.0,2.2002854347229004,1.419175624847412,3,R1,2.788014143705368,1.0561414957046509
0.0,nan,nan,0.2958475649356842,00000_001841_05,2.0,0.7643252015113831,0.2958475947380066,0.9455661773681641,coef_energy_material_checkpoint_lambdas,0.0,2.19502592086792,1.4129180908203125,6,R1,2.234161376953125,0.26770496368408203
0.0,nan,nan,0.004915907979011536,00000_001841_05,2.0,0.21235792338848114,0.21230101585388184,0.3110522925853729,coef_energy_material_checkpoint_lambdas,0.0,2.314460515975952,1.5244195461273193,45,R1,4.400806188583374,4.400806188583374
0.0,nan,nan,0.009831160306930542,00000_001841_05,2.0,0.010130485519766808,0.008553676307201385,0.8054082989692688,coef_energy_material_checkpoint_lambdas,0.0,2.3391919136047363,1.5268168449401855,48,R1,3.9593109488487244,4.4371432065963745
0.0,nan,nan,0.01965773105621338,00000_001841_05,3.0,0.02109529823064804,0.019312378019094467,0.9999979734420776,coef_energy_material_checkpoint_lambdas,1.0,2.3586816787719727,1.5384249687194824,51,R1,4.149926662445068,4.398588716983795
0.0,nan,nan,0.029534094035625458,00000_001841_05,4.0,0.05652321130037308,0.047968871891498566,0.9980138540267944,coef_energy_material_checkpoint_lambdas,0.0,2.3247621059417725,1.5646946430206299,54,R1,4.0892632603645325,3.309579312801361
0.0,nan,nan,3.737474203109741,00000_001841_05,2.0,3.748579740524292,3.6368584632873535,0.9826523661613464,coef_energy_material_checkpoint_lambdas,0.0,2.3186943531036377,1.6008081436157227,57,R1,4.221858114004135,0.5656129121780396
0.0,nan,nan,2.2542881965637207,00000_001841_05,1.0,2.5639524459838867,1.2214895486831665,0.9872509241104126,coef_energy_material_checkpoint_lambdas,0.0,2.4376704692840576,1.6013600826263428,60,R1,4.402193546295166,4.402193546295166
0.0,nan,nan,0.00567501550540328,00000_001841_05,7.0,0.010396851226687431,0.008711413480341434,0.999028742313385,coef_energy_material_checkpoint_lambdas,0.0,2.544257402420044,1.623224139213562,63,R1,4.400000095367432,4.400000095367432
0.0,nan,nan,0.00039112105150707066,00000_001841_05,10.0,0.0006504139746539295,0.0005196754937060177,0.32336243987083435,coef_energy_material_checkpoint_lambdas,0.0,2.633963108062744,1.5716469287872314,66,R1,4.400000095367432,4.400000095367432
0.0,nan,nan,9.509321330369858e-07,00000_001841_05,13.0,1.3448211575450841e-06,8.03887325088147e-14,0.0,coef_energy_material_checkpoint_lambdas,0.0,2.727311134338379,1.5488111972808838,69,R1,4.400000095367432,4.400000095367432
0.0,nan,nan,-0.011396866291761398,00000_001841_06,4.0,0.024199359118938446,0.021347608417272568,-0.9476062655448914,coef_energy_material_checkpoint_lambdas,0.0,2.2269444465637207,1.4499105215072632,0,R2,3.1151027381420135,3.1151027381420135
0.0,nan,nan,0.21708239614963531,00000_001841_06,3.0,0.3428163528442383,0.03411390632390976,0.9528815746307373,coef_energy_material_checkpoint_lambdas,0.0,2.2034080028533936,1.4357528686523438,3,R2,2.504961997270584,1.7754874527454376
0.0,nan,nan,2.142605781555176,00000_001841_06,3.0,2.1457200050354004,2.142605781555176,0.08310878276824951,coef_energy_material_checkpoint_lambdas,0.0,2.1878857612609863,1.430901050567627,6,R2,2.091307520866394,0.7675826251506805
0.0,nan,nan,1.3632428646087646,00000_001841_06,2.0,2.6278090476989746,1.3997070789337158,0.9995423555374146,coef_energy_material_checkpoint_lambdas,0.0,2.1704635620117188,1.4340415000915527,9,R2,2.8205626606941223,0.30379748344421387
0.0,nan,nan,0.35193783044815063,00000_001841_06,1.0,1.8481593132019043,1.8143408298492432,-0.636054277420044,coef_energy_material_checkpoint_lambdas,0.0,2.2229819297790527,1.444515585899353,33,R2,3.5165127217769623,3.5165127217769623
0.0,nan,nan,2.783473014831543,00000_001841_06,2.0,3.663083553314209,2.381272554397583,0.04073771461844444,coef_energy_material_checkpoint_lambdas,0.0,2.276151657104492,1.4909672737121582,42,R2,3.5165127217769623,0.5196267366409302
0.0,nan,nan,0.9731276631355286,00000_001841_06,2.0,2.7348239421844482,2.7324066162109375,0.21761968731880188,coef_energy_material_checkpoint_lambdas,0.0,2.266484260559082,1.5324616432189941,48,R2,4.3893963098526,4.398998916149139
0.0,nan,nan,0.08965893089771271,00000_001841_06,2.0,0.09489013999700546,0.0752323716878891,0.8778612017631531,coef_energy_material_checkpoint_lambdas,0.0,2.296926259994507,1.5369410514831543,51,R2,3.9095526933670044,4.4075868129730225
0.0,nan,nan,0.14017647504806519,00000_001841_06,3.0,0.14147831499576569,0.12692774832248688,0.9939382076263428,coef_energy_material_checkpoint_lambdas,0.0,2.4034950733184814,1.5066351890563965,54,R2,4.080994337797165,2.2075693011283875
0.0,nan,nan,0.9902012944221497,00000_001841_06,5.0,2.3996846675872803,0.8454590439796448,0.9933212399482727,coef_energy_material_checkpoint_lambdas,0.0,2.569667100906372,1.4815962314605713,57,R2,4.151177078485489,0.584976315498352
0.0,nan,nan,0.05604470521211624,00000_001841_07,5.0,0.1199067234992981,0.11458496004343033,0.9238808751106262,coef_energy_material_checkpoint_lambdas,1.0,2.287381172180176,1.4735525846481323,0,R2,3.7091888785362244,4.225434631109238
0.0,nan,nan,-0.0005400175577960908,00000_001841_07,4.0,0.0018261607037857175,0.0017444896511733532,-0.08215625584125519,coef_energy_material_checkpoint_lambdas,0.0,2.245518684387207,1.4565492868423462,3,R2,3.4129200875759125,3.4129200875759125
0.0,nan,nan,0.16989628970623016,00000_001841_07,4.0,0.18024244904518127,0.12981370091438293,0.23506124317646027,coef_energy_material_checkpoint_lambdas,0.0,2.202136278152466,1.4388718605041504,6,R2,2.5851047933101654,2.2852623760700226
0.0,nan,nan,1.1531020402908325,00000_001841_07,3.0,1.1720267534255981,1.1531020402908325,-0.377724289894104,coef_energy_material_checkpoint_lambdas,0.0,2.1930336952209473,1.4287341833114624,9,R2,2.366063177585602,1.0324983298778534
0.0,nan,nan,0.5542816519737244,00000_001841_07,3.0,0.5815960764884949,0.41699180006980896,0.9656702876091003,coef_energy_material_checkpoint_lambdas,0.0,2.18172287940979,1.4295567274093628,12,R2,2.1117545664310455,0.2622612714767456
0.0,nan,nan,1.74722158908844,00000_001841_07,1.0,3.366515636444092,2.877610921859741,-0.9999473094940186,coef_energy_material_checkpoint_lambdas,0.0,2.213294267654419,1.4482934474945068,36,R2,3.3878744542598724,3.3878744542598724
0.0,nan,nan,1.0296556949615479,00000_001841_07,1.0,1.275997281074524,1.260982871055603,0.9563199281692505,coef_energy_material_checkpoint_lambdas,0.0,2.2025375366210938,1.5208330154418945,45,R2,3.3878744542598724,1.8003786206245422
0.0,nan,nan,0.8292524814605713,00000_001841_07,1.0,0.8302083015441895,0.0398254431784153,0.9131182432174683,coef_energy_material_checkpoint_lambdas,0.0,2.488722085952759,1.5336371660232544,57,R2,4.403324246406555,4.403324246406555
0.0,nan,nan,1.4744349718093872,00000_001841_07,6.0,1.5525351762771606,1.5362175703048706,0.9984934329986572,coef_energy_material_checkpoint_lambdas,0.0,2.5090620517730713,1.5342217683792114,60,R2,4.400025129318237,4.403462648391724
0.0,nan,nan,1.5491265058517456,00000_001841_07,8.0,1.6518394947052002,1.5008487701416016,0.9999043345451355,coef_energy_material_checkpoint_lambdas,0.0,2.5140838623046875,1.5479838848114014,63,R2,4.400007128715515,4.400171875953674
0.0,nan,nan,0.036016177386045456,00000_001841_07,9.0,0.04083757475018501,0.036016177386045456,0.9929720759391785,coef_energy_material_checkpoint_lambdas,0.0,2.508565902709961,1.5416330099105835,66,R2,4.400000095367432,4.401540100574493
0.0,nan,nan,0.012505653314292431,00000_001841_07,7.0,0.012531610205769539,0.012505653314292431,0.9981920719146729,coef_energy_material_checkpoint_lambdas,0.0,2.5273547172546387,1.5416958332061768,69,R2,4.400000095367432,3.307925045490265
0.0,nan,nan,0.010304559022188187,00000_001841_07,5.0,0.023000886663794518,0.007254154421389103,0.9549069404602051,coef_energy_material_checkpoint_lambdas,0.0,2.619999408721924,1.5085079669952393,72,R2,4.400000095367432,1.6579214930534363
0.0,nan,nan,4.548800468444824,00000_001843_00,1.0,4.562610626220703,4.548800468444824,0.9235735535621643,coef_energy_material_checkpoint_lambdas,0.0,2.258817434310913,1.5198404788970947,0,R1,3.0165843963623047,0.4717489778995514
0.0,nan,nan,2.0346322059631348,00000_001843_00,2.0,4.1375298500061035,3.9861936569213867,0.9630661606788635,coef_energy_material_checkpoint_lambdas,0.0,2.2555277347564697,1.4895166158676147,3,R1,4.339046627283096,0.5413334369659424
0.0,nan,nan,3.6230173110961914,00000_001843_00,1.0,3.8397459983825684,3.4611363410949707,0.4310224652290344,coef_energy_material_checkpoint_lambdas,0.0,2.2102091312408447,1.4662761688232422,6,R1,4.372542858123779,0.5750437378883362
0.0,nan,nan,3.7757840156555176,00000_001843_00,2.0,3.7759149074554443,2.647657632827759,0.5409586429595947,coef_energy_material_checkpoint_lambdas,0.0,2.1966254711151123,1.439453125,9,R1,2.4475817382335663,0.6775279343128204
0.0,nan,nan,3.1858718395233154,00000_001843_00,2.0,4.21967887878418,4.086939811706543,0.9463847875595093,coef_energy_material_checkpoint_lambdas,0.0,2.1862359046936035,1.4338653087615967,12,R1,2.0432803332805634,0.28020814061164856
0.0,nan,nan,0.7462344169616699,00000_001843_00,1.0,0.7960172295570374,0.7235980033874512,0.8950387835502625,coef_energy_material_checkpoint_lambdas,0.0,2.1807968616485596,1.4271347522735596,15,R1,2.1933094561100006,0.2668231427669525
0.0,nan,nan,2.2188069820404053,00000_001843_00,1.0,3.632133722305298,2.8756375312805176,-0.47686922550201416,coef_energy_material_checkpoint_lambdas,0.0,2.281564235687256,1.4763154983520508,48,R1,4.1336725652217865,4.1336725652217865
0.0,nan,nan,-0.053964730352163315,00000_001843_00,2.0,0.10831263661384583,0.09391184151172638,0.997067391872406,coef_energy_material_checkpoint_lambdas,0.0,2.309441089630127,1.4893839359283447,51,R1,3.8854470551013947,3.8854470551013947
0.0,nan,nan,-0.006618782877922058,00000_001843_00,2.0,0.24167078733444214,0.24158012866973877,0.9998218417167664,coef_energy_material_checkpoint_lambdas,0.0,2.318455934524536,1.510539174079895,54,R1,3.752807140350342,3.752807140350342
0.0,nan,nan,0.34807124733924866,00000_001843_00,3.0,0.34889861941337585,0.22914324700832367,0.8989130258560181,coef_energy_material_checkpoint_lambdas,1.0,2.298705816268921,1.5533297061920166,57,R1,4.015956819057465,4.219043612480164
0.0,nan,nan,0.10296529531478882,00000_001843_00,4.0,0.16666187345981598,0.13105085492134094,0.7604488134384155,coef_energy_material_checkpoint_lambdas,0.0,2.3513777256011963,1.5409660339355469,60,R1,3.977456510066986,3.881327748298645
0.0,nan,nan,0.040180496871471405,00000_001843_00,4.0,0.06881505995988846,0.06570558995008469,0.994543731212616,coef_energy_material_checkpoint_lambdas,0.0,2.3858108520507812,1.5605121850967407,63,R1,4.079174727201462,1.6809569597244263
0.0,nan,nan,2.6843082904815674,00000_001843_00,2.0,3.352550506591797,2.008502721786499,0.9993159770965576,coef_energy_material_checkpoint_lambdas,0.0,2.3747541904449463,1.5969980955123901,66,R1,4.363899111747742,0.5865525603294373
0.0,nan,nan,3.4931931495666504,00000_001843_00,4.0,3.9082529544830322,2.767425060272217,0.9994254112243652,coef_energy_material_checkpoint_lambdas,0.0,2.4349966049194336,1.6247349977493286,69,R1,4.400842666625977,4.401052176952362
0.0,nan,nan,0.00027989374939352274,00000_001843_00,11.0,0.0006090883980505168,0.00018460855062585324,0.2948954403400421,coef_energy_material_checkpoint_lambdas,0.0,2.473991870880127,1.646947979927063,72,R1,4.400000095367432,4.400000095367432
0.0,nan,nan,2.0220733976117344e-09,00000_001843_00,14.0,4.436158551612834e-09,1.3621958006027057e-09,0.0,coef_energy_material_checkpoint_lambdas,0.0,2.4874134063720703,1.6671628952026367,75,R1,4.400000095367432,4.400000095367432
0.0,nan,nan,-1.1177078312635692e-14,00000_001843_00,16.0,2.0809637785732318e-14,4.508580195381612e-15,0.0,coef_energy_material_checkpoint_lambdas,0.0,2.5082225799560547,1.685789704322815,78,R1,4.400000095367432,4.400000095367432
0.0,nan,nan,-4.864184539564648e-20,00000_001843_00,16.0,8.36714903088467e-20,6.808001464162297e-20,0.0,coef_energy_material_checkpoint_lambdas,0.0,2.701707363128662,1.599027156829834,81,R1,4.400000095367432,4.400000095367432
0.0,nan,nan,0.1828693002462387,00000_001843_01,5.0,0.21287208795547485,0.2122938483953476,0.9938539862632751,coef_energy_material_checkpoint_lambdas,1.0,2.2730276584625244,1.4702092409133911,0,R1,3.784939855337143,4.227732956409454
0.0,nan,nan,-0.010695564560592175,00000_001843_01,5.0,0.015713807195425034,0.011512108147144318,0.9713615775108337,coef_energy_material_checkpoint_lambdas,0.0,2.243354558944702,1.448898196220398,3,R1,3.4147717356681824,3.4147717356681824
0.0,nan,nan,1.0205650329589844,00000_001843_01,5.0,2.0300955772399902,2.0260562896728516,-0.1637241542339325,coef_energy_material_checkpoint_lambdas,0.0,2.193875551223755,1.430335283279419,6,R1,2.5666616559028625,2.2855114340782166
0.0,nan,nan,1.6301729679107666,00000_001843_01,2.0,3.457552433013916,2.8216841220855713,-0.2929877042770386,coef_energy_material_checkpoint_lambdas,0.0,2.1937265396118164,1.4344984292984009,9,R1,2.126839369535446,0.28458648920059204
0.0,nan,nan,2.578592300415039,00000_001843_01,2.0,2.8454811573028564,2.578592300415039,0.9843195080757141,coef_energy_material_checkpoint_lambdas,0.0,2.177870512008667,1.4371802806854248,12,R1,2.078203499317169,0.5292025804519653
0.0,nan,nan,3.354050874710083,00000_001843_01,4.0,4.570334434509277,4.005889415740967,0.9965865015983582,coef_energy_material_checkpoint_lambdas,0.0,2.399317979812622,1.534325122833252,57,R1,4.181513786315918,0.5888637900352478
0.0,nan,nan,0.1828693002462387,00000_001843_02,5.0,0.21287208795547485,0.2122938483953476,0.9938539862632751,coef_energy_material_checkpoint_lambdas,1.0,2.2730276584625244,1.4702092409133911,0,R1,3.784939855337143,4.227732956409454
0.0,nan,nan,-0.010703635402023792,00000_001843_02,5.0,0.015727588906884193,0.011523420922458172,0.9713885188102722,coef_energy_material_checkpoint_lambdas,0.0,2.244278907775879,1.4546500444412231,3,R1,3.4147717356681824,3.4147717356681824
0.0,nan,nan,1.0214729309082031,00000_001843_02,5.0,2.0312275886535645,2.0271613597869873,-0.16353383660316467,coef_energy_material_checkpoint_lambdas,0.0,2.19516921043396,1.435503363609314,6,R1,2.5666616559028625,2.2855114340782166
0.0,nan,nan,0.9459985494613647,00000_001843_02,3.0,1.1845064163208008,1.1649190187454224,-0.3598281741142273,coef_energy_material_checkpoint_lambdas,0.0,2.1959614753723145,1.4262300729751587,9,R1,2.172130733728409,1.0330322980880737
0.0,nan,nan,0.4246540367603302,00000_001843_02,4.0,0.5896906852722168,0.4246540367603302,0.9633232355117798,coef_energy_material_checkpoint_lambdas,0.0,2.1822211742401123,1.425795555114746,12,R1,2.109518378973007,0.2626326382160187
0.0,nan,nan,-0.09398889541625977,00000_001843_02,1.0,0.2560971677303314,0.10199136286973953,0.9947921633720398,coef_energy_material_checkpoint_lambdas,0.0,2.1751394271850586,1.4760963916778564,36,R1,3.4002332985401154,2.0342777967453003
0.0,nan,nan,1.3263707160949707,00000_001843_02,1.0,2.7825191020965576,2.2802481651306152,0.9994430541992188,coef_energy_material_checkpoint_lambdas,0.0,2.4043285846710205,1.504440426826477,51,R1,4.4023977518081665,0.5783907175064087
0.0,nan,nan,3.58630108833313,00000_001843_02,3.0,3.5863847732543945,3.58630108833313,0.9933012127876282,coef_energy_material_checkpoint_lambdas,0.0,2.4547030925750732,1.5071032047271729,54,R1,4.401149690151215,0.5681762099266052
0.0,nan,nan,3.5798070430755615,00000_001843_02,5.0,3.9908509254455566,3.990783929824829,0.9876068234443665,coef_energy_material_checkpoint_lambdas,0.0,2.4982352256774902,1.5209722518920898,57,R1,4.400922000408173,0.5617669820785522
0.0,nan,nan,4.124460220336914,00000_001843_02,7.0,4.151055812835693,3.248164415359497,0.9907790422439575,coef_energy_material_checkpoint_lambdas,0.0,2.522566556930542,1.535681962966919,60,R1,4.400216221809387,4.401426076889038
0.0,nan,nan,0.03756286948919296,00000_001843_02,9.0,0.03759579360485077,0.02767324633896351,0.9907029271125793,coef_energy_material_checkpoint_lambdas,0.0,2.5255603790283203,1.5343196392059326,63,R1,4.400000095367432,4.400009453296661
0.0,nan,nan,0.00863106269389391,00000_001843_02,9.0,0.00890390295535326,0.00863106269389391,0.9943295121192932,coef_energy_material_checkpoint_lambdas,0.0,2.624393939971924,1.5080469846725464,66,R1,4.400000095367432,4.401994407176971
0.0,nan,nan,0.9287263751029968,00000_001843_03,3.0,0.9594627022743225,0.8270554542541504,0.2661963105201721,coef_energy_material_checkpoint_lambdas,0.0,2.1897549629211426,1.4392279386520386,6,R2,2.1633664667606354,0.30162036418914795
0.0,nan,nan,4.177427291870117,00000_001843_03,1.0,4.33017110824585,4.177427291870117,0.99369215965271,coef_energy_material_checkpoint_lambdas,0.0,2.1926345825195312,1.4334940910339355,9,R2,2.0921203196048737,0.26820337772369385
0.0,nan,nan,1.0860463380813599,00000_001843_03,1.0,1.5077794790267944,0.4497847855091095,0.863571286201477,coef_energy_material_checkpoint_lambdas,0.0,2.1667139530181885,1.4342342615127563,12,R2,2.458032250404358,0.273321270942688
0.0,nan,nan,2.0991036891937256,00000_001843_03,1.0,4.344234943389893,4.173727035522461,0.9994834661483765,coef_energy_material_checkpoint_lambdas,0.0,2.206221103668213,1.4372764825820923,33,R2,3.7057913839817047,0.4396612346172333
0.0,nan,nan,2.527865171432495,00000_001843_03,1.0,3.5089492797851562,3.5083167552948,-0.396212637424469,coef_energy_material_checkpoint_lambdas,0.0,2.2810964584350586,1.4811925888061523,45,R2,4.294641494750977,1.6251121759414673
0.0,nan,nan,4.1985321044921875,00000_001843_03,2.0,4.1988525390625,3.999476432800293,0.9795902371406555,coef_energy_material_checkpoint_lambdas,0.0,2.3203635215759277,1.5236276388168335,51,R2,4.079236835241318,0.5752513408660889
0.0,nan,nan,3.864354133605957,00000_001843_03,2.0,4.5582966804504395,4.537571430206299,0.98215252161026,coef_energy_material_checkpoint_lambdas,0.0,2.3692080974578857,1.527524471282959,54,R2,4.274060398340225,0.5683011412620544
0.0,nan,nan,4.0293731689453125,00000_001843_03,1.0,4.609035968780518,4.43149995803833,0.9999505281448364,coef_energy_material_checkpoint_lambdas,0.0,2.440901041030884,1.5464897155761719,57,R2,4.40262097120285,0.5725771188735962
0.0,nan,nan,1.6239001750946045,00000_001843_03,6.0,1.732362151145935,0.6033458709716797,0.9970747232437134,coef_energy_material_checkpoint_lambdas,0.0,2.6533994674682617,1.5329198837280273,66,R2,4.400006651878357,4.400006651878357
0.0,nan,nan,2.405507802963257,00000_001843_04,3.0,3.6964187622070312,2.806607246398926,0.7415843605995178,coef_energy_material_checkpoint_lambdas,0.0,2.218364715576172,1.4326609373092651,3,R1,2.1998210847377777,2.1998210847377777
0.0,nan,nan,-0.04231388866901398,00000_001843_04,2.0,0.2337031215429306,0.1866523027420044,0.9987273216247559,coef_energy_material_checkpoint_lambdas,0.0,2.2110047340393066,1.4261819124221802,6,R1,3.6729498207569122,1.813792198896408
0.0,nan,nan,0.03846266493201256,00000_001843_04,1.0,0.05805087089538574,0.05609089136123657,0.9248785376548767,coef_energy_material_checkpoint_lambdas,0.0,2.201103687286377,1.4165897369384766,9,R1,3.061539441347122,1.0296811163425446
0.0,nan,nan,-0.08826859295368195,00000_001843_04,1.0,0.18552108108997345,0.1631769835948944,0.5109753012657166,coef_energy_material_checkpoint_lambdas,0.0,2.2977073192596436,1.4894561767578125,45,R1,4.065983384847641,4.065983384847641
0.0,nan,nan,0.00717251468449831,00000_001843_04,2.0,0.304794043302536,0.30470964312553406,0.9984833598136902,coef_energy_material_checkpoint_lambdas,0.0,2.3233790397644043,1.506754755973816,48,R1,3.7438241243362427,3.7438241243362427
0.0,nan,nan,-0.39264148473739624,00000_001843_04,3.0,1.1078108549118042,1.0358946323394775,-0.927208662033081,coef_energy_material_checkpoint_lambdas,0.0,2.3556723594665527,1.519607424736023,51,R1,3.791042745113373,3.791042745113373
0.0,nan,nan,0.13488824665546417,00000_001843_04,4.0,2.3153176307678223,2.311385154724121,-0.40842217206954956,coef_energy_material_checkpoint_lambdas,0.0,2.3814408779144287,1.5291054248809814,54,R1,4.065983384847641,4.154947191476822
0.0,nan,nan,-0.5903701186180115,00000_001843_04,5.0,1.4951914548873901,1.3737032413482666,-0.20884042978286743,coef_energy_material_checkpoint_lambdas,1.0,2.390483856201172,1.53317391872406,57,R1,3.7438241243362427,4.011228501796722
0.0,nan,nan,-0.014131635427474976,00000_001843_04,3.0,0.028984475880861282,0.025306060910224915,0.9976391196250916,coef_energy_material_checkpoint_lambdas,1.0,2.4023995399475098,1.5569056272506714,60,R1,3.9650879502296448,4.219036489725113
0.0,nan,nan,0.48456650972366333,00000_001843_04,5.0,0.5066089034080505,0.48456650972366333,0.9768410921096802,coef_energy_material_checkpoint_lambdas,1.0,2.4016835689544678,1.5644886493682861,63,R1,3.72652667760849,4.264341205358505
0.0,nan,nan,0.1979832798242569,00000_001843_04,6.0,0.20439830422401428,0.13398343324661255,0.9998822212219238,coef_energy_material_checkpoint_lambdas,1.0,2.429121494293213,1.5821621417999268,66,R1,3.560187190771103,4.395582437515259
0.0,nan,nan,-0.02057894691824913,00000_001843_04,6.0,0.09691967070102692,0.09391412138938904,0.8159264326095581,coef_energy_material_checkpoint_lambdas,1.0,2.446202039718628,1.5991740226745605,69,R1,3.8004539012908936,4.400335848331451
0.0,nan,nan,-0.00040759710827842355,00000_001843_04,6.0,0.24431473016738892,0.24431438744068146,0.997460663318634,coef_energy_material_checkpoint_lambdas,1.0,2.51694655418396,1.5778367519378662,72,R1,4.264341205358505,4.400244414806366
0.0,nan,nan,0.014115037396550179,00000_001843_04,7.0,0.15522658824920654,0.15458349883556366,0.9936586022377014,coef_energy_material_checkpoint_lambdas,0.0,2.670722246170044,1.523354172706604,75,R1,4.395582437515259,4.4021115899086
0.0,nan,nan,4.518426895141602,00000_001843_05,1.0,4.532722473144531,4.518426895141602,0.9241923093795776,coef_energy_material_checkpoint_lambdas,0.0,2.235278606414795,1.541184902191162,0,R1,3.0165843963623047,0.4717489778995514
0.0,nan,nan,2.0346322059631348,00000_001843_05,2.0,4.1375298500061035,3.6026971340179443,0.9630661606788635,coef_energy_material_checkpoint_lambdas,0.0,2.2555277347564697,1.4895166158676147,3,R1,4.339046627283096,4.339046627283096
0.0,nan,nan,0.0013515949249267578,00000_001843_05,4.0,1.4382708072662354,1.0179662704467773,0.9993330836296082,coef_energy_material_checkpoint_lambdas,0.0,2.2117252349853516,1.45255708694458,6,R1,3.382783204317093,0.5544120669364929
0.0,nan,nan,3.7757840156555176,00000_001843_05,2.0,3.7759149074554443,2.647657632827759,0.5409586429595947,coef_energy_material_checkpoint_lambdas,0.0,2.1966254711151123,1.439453125,9,R1,2.4475817382335663,0.6775279343128204
0.0,nan,nan,3.186248302459717,00000_001843_05,2.0,4.220220565795898,4.087451934814453,0.9463809728622437,coef_energy_material_checkpoint_lambdas,0.0,2.186591148376465,1.4334142208099365,12,R1,2.0432803332805634,0.28020814061164856
0.0,nan,nan,0.7457209229469299,00000_001843_05,1.0,0.7955268025398254,0.7232165336608887,0.8951252698898315,coef_energy_material_checkpoint_lambdas,0.0,2.1786048412323,1.4287691116333008,15,R1,2.1933094561100006,0.2668231427669525
0.0,nan,nan,2.2190709114074707,00000_001843_05,1.0,3.632347583770752,2.875704050064087,-0.47690993547439575,coef_energy_material_checkpoint_lambdas,0.0,2.2816410064697266,1.472635269165039,48,R1,4.1336725652217865,4.1336725652217865
0.0,nan,nan,-0.054321374744176865,00000_001843_05,2.0,0.10884227603673935,0.09431770443916321,0.9971421957015991,coef_energy_material_checkpoint_lambdas,0.0,2.2910044193267822,1.498048186302185,51,R1,3.8854470551013947,3.8854470551013947
0.0,nan,nan,0.5191390514373779,00000_001843_05,2.0,1.313143014907837,1.2199757099151611,0.9680330157279968,coef_energy_material_checkpoint_lambdas,0.0,2.2655107975006104,1.5379339456558228,54,R1,3.9530306458473206,3.868726968765259
0.0,nan,nan,0.34216898679733276,00000_001843_05,4.0,1.5610520839691162,1.5230902433395386,0.9997788071632385,coef_energy_material_checkpoint_lambdas,0.0,2.346524477005005,1.526601791381836,57,R1,4.233508259057999,1.6736817955970764
0.0,nan,nan,4.4257307052612305,00000_001843_05,1.0,4.425736904144287,3.1243767738342285,0.9998390674591064,coef_energy_material_checkpoint_lambdas,0.0,2.379197359085083,1.5427769422531128,60,R1,4.400840759277344,0.5577148199081421
0.0,nan,nan,0.040407322347164154,00000_001843_05,4.0,0.06920720636844635,0.061268631368875504,0.9945398569107056,coef_energy_material_checkpoint_lambdas,0.0,2.4002809524536133,1.5541884899139404,63,R1,4.079174727201462,2.2092121839523315
0.0,nan,nan,2.7338595390319824,00000_001843_05,2.0,3.414308786392212,2.0453643798828125,0.9993141889572144,coef_energy_material_checkpoint_lambdas,0.0,2.421790599822998,1.5685648918151855,66,R1,4.363899111747742,0.5865525603294373
0.0,nan,nan,0.5669749975204468,00000_001843_05,3.0,1.0832151174545288,0.5719807147979736,0.9963406324386597,coef_energy_material_checkpoint_lambdas,0.0,2.45485258102417,1.592871069908142,69,R1,4.4002867341041565,4.402114510536194
0.0,nan,nan,2.3429691791534424,00000_001843_05,7.0,2.3429691791534424,2.3429691791534424,0.9999995827674866,coef_energy_material_checkpoint_lambdas,0.0,2.473907947540283,1.601851463317871,72,R1,4.400024116039276,4.400599360466003
0.0,nan,nan,0.04129815846681595,00000_001843_05,11.0,0.04129815846681595,0.029202258214354515,1.0000001192092896,coef_energy_material_checkpoint_lambdas,0.0,2.491426706314087,1.6190236806869507,75,R1,4.400000095367432,4.400000333786011
0.0,nan,nan,2.714900256250985e-05,00000_001843_05,14.0,5.264221545075998e-05,2.714900256250985e-05,0.0,coef_energy_material_checkpoint_lambdas,0.0,2.591538429260254,1.5785290002822876,78,R1,4.400000095367432,4.400000095367432
0.0,nan,nan,6.962216136940924e-09,00000_001843_05,15.0,1.4606452936050118e-08,4.156507582564473e-09,0.0,coef_energy_material_checkpoint_lambdas,0.0,2.730522632598877,1.5421411991119385,81,R1,4.400000095367432,4.400000095367432
0.0,nan,nan,3.7082340717315674,00000_001843_06,1.0,3.7753119468688965,3.633599042892456,-0.6933209896087646,coef_energy_material_checkpoint_lambdas,0.0,2.23323392868042,1.4432401657104492,3,R2,4.256367862224579,0.3512139916419983
0.0,nan,nan,1.097514271736145,00000_001843_06,4.0,1.5322126150131226,1.069176197052002,0.9896460175514221,coef_energy_material_checkpoint_lambdas,0.0,2.217055320739746,1.4327551126480103,6,R2,2.1445659697055817,2.1445659697055817
0.0,nan,nan,-0.027676381170749664,00000_001843_06,2.0,0.1661333590745926,0.1341404914855957,0.9999998807907104,coef_energy_material_checkpoint_lambdas,0.0,2.2086703777313232,1.4296406507492065,9,R2,3.505935460329056,1.5435618460178375
0.0,nan,nan,0.1770361065864563,00000_001843_06,1.0,0.24272626638412476,0.06935113668441772,-0.2994363009929657,coef_energy_material_checkpoint_lambdas,0.0,2.1974549293518066,1.4204668998718262,12,R2,2.794172465801239,0.7745708525180817
0.0,nan,nan,1.240241527557373,00000_001843_06,1.0,1.8271703720092773,1.8257592916488647,0.9677071571350098,coef_energy_material_checkpoint_lambdas,0.0,2.1824183464050293,1.408779501914978,15,R2,2.1445659697055817,2.2439059615135193
0.0,nan,nan,2.2153518199920654,00000_001843_06,1.0,3.6267476081848145,2.871500253677368,-0.4768187403678894,coef_energy_material_checkpoint_lambdas,0.0,2.2782516479492188,1.4787877798080444,45,R2,4.1336725652217865,4.1336725652217865
0.0,nan,nan,-0.054312922060489655,00000_001843_06,2.0,0.10890211910009384,0.09439162164926529,0.997111439704895,coef_energy_material_checkpoint_lambdas,0.0,2.304548501968384,1.4983012676239014,48,R2,3.8854470551013947,3.8854470551013947
0.0,nan,nan,-0.006651053670793772,00000_001843_06,2.0,0.2416558712720871,0.2415643185377121,0.9998193383216858,coef_energy_material_checkpoint_lambdas,0.0,2.334925413131714,1.5090547800064087,51,R2,3.752807140350342,3.752807140350342
0.0,nan,nan,0.060214489698410034,00000_001843_06,4.0,2.173381805419922,2.1725473403930664,-0.2676466703414917,coef_energy_material_checkpoint_lambdas,0.0,2.3606936931610107,1.5209037065505981,54,R2,3.8584470748901367,3.8584470748901367
0.0,nan,nan,0.44100481271743774,00000_001843_06,3.0,2.3485634326934814,1.9429820775985718,0.16955521702766418,coef_energy_material_checkpoint_lambdas,0.0,2.314954996109009,1.5665971040725708,57,R2,3.8854470551013947,4.346284091472626
0.0,nan,nan,0.00039341580122709274,00000_001843_06,3.0,0.003140816930681467,0.0006121640326455235,0.9899736642837524,coef_energy_material_checkpoint_lambdas,0.0,2.328550100326538,1.5866221189498901,60,R2,3.910833328962326,2.206727683544159
0.0,nan,nan,0.6232296228408813,00000_001843_06,2.0,3.3897557258605957,3.331970691680908,0.9929841160774231,coef_energy_material_checkpoint_lambdas,0.0,2.408304452896118,1.5633265972137451,63,R2,4.24348446726799,0.5563855171203613
0.0,nan,nan,0.5727494955062866,00000_001843_06,3.0,1.0940567255020142,0.5776060223579407,0.9963315725326538,coef_energy_material_checkpoint_lambdas,0.0,2.482518196105957,1.5750703811645508,66,R2,4.4002867341041565,4.402114510536194
0.0,nan,nan,2.490614175796509,00000_001843_06,7.0,2.490614175796509,2.490614175796509,0.9999995231628418,coef_energy_material_checkpoint_lambdas,0.0,2.6326379776000977,1.5318434238433838,69,R2,4.400024116039276,4.400599360466003
0.0,nan,nan,0.1828693002462387,00000_001843_07,5.0,0.21287208795547485,0.2122938483953476,0.9938539862632751,coef_energy_material_checkpoint_lambdas,1.0,2.2730276584625244,1.4702092409133911,0,R1,3.784939855337143,4.227732956409454
0.0,nan,nan,-0.010703635402023792,00000_001843_07,5.0,0.015727588906884193,0.011523420922458172,0.9713885188102722,coef_energy_material_checkpoint_lambdas,0.0,2.244278907775879,1.4546500444412231,3,R1,3.4147717356681824,3.4147717356681824
0.0,nan,nan,1.0214729309082031,00000_001843_07,5.0,2.0312275886535645,2.0271613597869873,-0.16353383660316467,coef_energy_material_checkpoint_lambdas,0.0,2.19516921043396,1.435503363609314,6,R1,2.5666616559028625,2.2855114340782166
0.0,nan,nan,0.9457706212997437,00000_001843_07,3.0,1.1841371059417725,1.1645759344100952,-0.35974040627479553,coef_energy_material_checkpoint_lambdas,0.0,2.1953561305999756,1.4262359142303467,9,R1,2.172130733728409,1.0330322980880737
0.0,nan,nan,0.4243610203266144,00000_001843_07,4.0,0.5892716646194458,0.4243610203266144,0.9633290767669678,coef_energy_material_checkpoint_lambdas,0.0,2.1805038452148438,1.426415205001831,12,R1,2.109518378973007,0.2626326382160187
0.0,nan,nan,-0.08767491579055786,00000_001843_07,1.0,0.18534062802791595,0.16329194605350494,0.5082973837852478,coef_energy_material_checkpoint_lambdas,0.0,2.299708366394043,1.4871773719787598,48,R1,4.065983384847641,4.065983384847641
0.0,nan,nan,0.007159806787967682,00000_001843_07,2.0,0.30459505319595337,0.3045108914375305,0.9984819293022156,coef_energy_material_checkpoint_lambdas,0.0,2.322971820831299,1.505436658859253,51,R1,3.7438241243362427,3.7438241243362427
0.0,nan,nan,-0.39296677708625793,00000_001843_07,3.0,1.1081665754318237,1.036151647567749,-0.9272805452346802,coef_energy_material_checkpoint_lambdas,0.0,2.355306386947632,1.515061855316162,54,R1,3.791042745113373,3.791042745113373
0.0,nan,nan,0.13479766249656677,00000_001843_07,4.0,2.3173041343688965,2.313380241394043,-0.40850356221199036,coef_energy_material_checkpoint_lambdas,0.0,2.3833889961242676,1.528078556060791,57,R1,4.065983384847641,4.154947191476822
0.0,nan,nan,-0.09630486369132996,00000_001843_07,5.0,0.10354354232549667,0.09499240666627884,0.01125356461852789,coef_energy_material_checkpoint_lambdas,1.0,2.3786263465881348,1.5439715385437012,60,R1,3.7750611305236816,4.2451532781124115
0.0,nan,nan,-0.014131635427474976,00000_001843_07,3.0,0.028984475880861282,0.025306060910224915,0.9976391196250916,coef_energy_material_checkpoint_lambdas,1.0,2.4023995399475098,1.5569056272506714,63,R1,3.9650879502296448,4.219036489725113
0.0,nan,nan,0.48456650972366333,00000_001843_07,5.0,0.5066089034080505,0.48456650972366333,0.9768410921096802,coef_energy_material_checkpoint_lambdas,1.0,2.4016835689544678,1.5644886493682861,66,R1,3.72652667760849,4.264341205358505
0.0,nan,nan,0.1979832798242569,00000_001843_07,6.0,0.20439830422401428,0.13398343324661255,0.9998822212219238,coef_energy_material_checkpoint_lambdas,1.0,2.429121494293213,1.5821621417999268,69,R1,3.560187190771103,4.395582437515259
0.0,nan,nan,-0.02057894691824913,00000_001843_07,6.0,0.09691967070102692,0.09391412138938904,0.8159264326095581,coef_energy_material_checkpoint_lambdas,1.0,2.446202039718628,1.5991740226745605,72,R1,3.8004539012908936,4.400335848331451
0.0,nan,nan,-0.00040759710827842355,00000_001843_07,6.0,0.24431473016738892,0.24431438744068146,0.997460663318634,coef_energy_material_checkpoint_lambdas,1.0,2.51694655418396,1.5778367519378662,75,R1,4.264341205358505,4.400244414806366
0.0,nan,nan,0.014115037396550179,00000_001843_07,7.0,0.15522658824920654,0.15458349883556366,0.9936586022377014,coef_energy_material_checkpoint_lambdas,0.0,2.670722246170044,1.523354172706604,78,R1,4.395582437515259,4.4021115899086
0.0,nan,nan,1.9233976602554321,00000_001844_00,2.0,4.202802658081055,4.002403736114502,0.8824490904808044,coef_energy_material_checkpoint_lambdas,0.0,2.213108777999878,1.4269928932189941,3,R1,4.121436297893524,0.3193969130516052
0.0,nan,nan,-0.1389351785182953,00000_001844_00,2.0,0.5595645904541016,0.422683447599411,0.9945251941680908,coef_energy_material_checkpoint_lambdas,0.0,2.2122929096221924,1.4212101697921753,6,R1,3.6775644421577454,1.8006892204284668
0.0,nan,nan,0.25300726294517517,00000_001844_00,2.0,0.33525049686431885,0.21995504200458527,0.7611209154129028,coef_energy_material_checkpoint_lambdas,0.0,2.185713768005371,1.417132019996643,9,R1,2.65411639213562,0.5130377113819122
0.0,nan,nan,2.083043336868286,00000_001844_00,1.0,2.2989487648010254,0.9726746678352356,0.979450523853302,coef_energy_material_checkpoint_lambdas,0.0,2.3596737384796143,1.523902416229248,51,R1,4.280224144458771,4.280224144458771
0.0,nan,nan,0.2549061179161072,00000_001844_00,4.0,0.2973829507827759,0.2885498106479645,0.9999533891677856,coef_energy_material_checkpoint_lambdas,1.0,2.330644130706787,1.5497806072235107,54,R1,3.43374902009964,4.377101242542267
0.0,nan,nan,0.09826188534498215,00000_001844_00,4.0,0.13988736271858215,0.06173437833786011,0.9935031533241272,coef_energy_material_checkpoint_lambdas,0.0,2.3682894706726074,1.552348017692566,57,R1,4.219793051481247,1.6577723622322083
0.0,nan,nan,2.2607429027557373,00000_001844_00,2.0,2.432391881942749,2.4234604835510254,0.9944930076599121,coef_energy_material_checkpoint_lambdas,0.0,2.3949480056762695,1.5714952945709229,60,R1,4.339419990777969,0.5720508694648743
0.0,nan,nan,0.10576105117797852,00000_001844_00,10.0,0.1503722071647644,0.04831141233444214,0.9985672235488892,coef_energy_material_checkpoint_lambdas,0.0,2.558474063873291,1.6312850713729858,69,R1,4.400000095367432,4.400116860866547
0.0,nan,nan,2.1586540697171586e-06,00000_001844_00,10.0,9.069033694686368e-06,2.1586540697171586e-06,0.0,coef_energy_material_checkpoint_lambdas,0.0,2.563871145248413,1.6300697326660156,72,R1,4.400000095367432,4.401877582073212
0.0,nan,nan,0.0002565532922744751,00000_001844_00,9.0,0.006260025314986706,0.004241377115249634,0.9999737739562988,coef_energy_material_checkpoint_lambdas,0.0,2.5766360759735107,1.6136622428894043,75,R1,4.400000095367432,4.401994109153748
0.0,nan,nan,1.655937910079956,00000_001844_00,10.0,1.7415467500686646,1.5522743463516235,0.9979569315910339,coef_energy_material_checkpoint_lambdas,0.0,2.709069013595581,1.5715711116790771,78,R1,4.400006651878357,4.40139502286911
0.0,nan,nan,-0.19611579179763794,00000_001844_01,4.0,0.30134719610214233,0.22879846394062042,0.8867604732513428,coef_energy_material_checkpoint_lambdas,0.0,2.20442795753479,1.450526237487793,0,R1,3.0440522730350494,3.0440522730350494
0.0,nan,nan,1.5971198081970215,00000_001844_01,3.0,1.5996849536895752,1.1933655738830566,0.5869312286376953,coef_energy_material_checkpoint_lambdas,0.0,2.1850647926330566,1.4356639385223389,3,R1,2.358036458492279,1.723879486322403
0.0,nan,nan,2.1551167964935303,00000_001844_01,3.0,2.1614673137664795,2.1551167964935303,0.3272438943386078,coef_energy_material_checkpoint_lambdas,0.0,2.171736001968384,1.4267247915267944,6,R1,2.2242040634155273,0.7672570645809174
0.0,nan,nan,3.1435484886169434,00000_001844_01,2.0,3.7296276092529297,3.2009921073913574,0.9950869083404541,coef_energy_material_checkpoint_lambdas,0.0,2.2148780822753906,1.446914553642273,33,R1,3.515389084815979,0.797319233417511
0.0,nan,nan,2.1888904571533203,00000_001844_01,1.0,3.6093101501464844,2.8698220252990723,-0.6774379014968872,coef_energy_material_checkpoint_lambdas,0.0,2.2953357696533203,1.4722871780395508,42,R1,4.029987037181854,4.029987037181854
0.0,nan,nan,0.19217200577259064,00000_001844_01,1.0,0.30944788455963135,0.3028804659843445,0.9333928823471069,coef_energy_material_checkpoint_lambdas,0.0,2.293440341949463,1.4951037168502808,45,R1,3.867744565010071,2.904168128967285
0.0,nan,nan,0.4761292338371277,00000_001844_01,3.0,1.6341995000839233,1.1249922513961792,0.9835165143013,coef_energy_material_checkpoint_lambdas,1.0,2.3539958000183105,1.5264899730682373,51,R1,3.7460948526859283,4.385214030742645
0.0,nan,nan,0.05845920369029045,00000_001844_01,4.0,0.06203451007604599,0.02075575850903988,0.9992462992668152,coef_energy_material_checkpoint_lambdas,0.0,2.3480217456817627,1.5380233526229858,54,R1,3.686657428741455,2.2106805443763733
0.0,nan,nan,1.5935661792755127,00000_001844_01,4.0,2.253214120864868,1.5935662984848022,0.9998657703399658,coef_energy_material_checkpoint_lambdas,0.0,2.377068519592285,1.5589396953582764,57,R1,4.240784794092178,0.5561514496803284
0.0,nan,nan,2.921226978302002,00000_001844_01,1.0,2.935471296310425,1.8613824844360352,0.9455740451812744,coef_energy_material_checkpoint_lambdas,0.0,2.3814516067504883,1.5795844793319702,60,R1,4.331690549850464,0.5919575095176697
0.0,nan,nan,3.483264923095703,00000_001844_01,5.0,3.8925890922546387,2.74989914894104,0.9995133876800537,coef_energy_material_checkpoint_lambdas,0.0,2.4520177841186523,1.6449815034866333,66,R1,4.400828063488007,4.400968492031097
0.0,nan,nan,0.0003664623654913157,00000_001844_01,12.0,0.0006093608681112528,8.512914064340293e-05,0.3029536008834839,coef_energy_material_checkpoint_lambdas,0.0,2.46574068069458,1.667040467262268,69,R1,4.400000095367432,4.400000095367432
0.0,nan,nan,0.0001791092799976468,00000_001844_01,12.0,0.00019306145259179175,0.00017760322953108698,0.0,coef_energy_material_checkpoint_lambdas,0.0,2.500595808029175,1.6842923164367676,72,R1,4.400000095367432,4.400000095367432
0.0,nan,nan,0.0003932843974325806,00000_001844_01,14.0,0.0006540030590258539,0.0005225393688306212,0.32514703273773193,coef_energy_material_checkpoint_lambdas,0.0,2.648143768310547,1.6152961254119873,75,R1,4.400000095367432,4.400000095367432
0.0,nan,nan,0.0,00000_001844_01,13.0,0.01365626696497202,0.00965643860399723,1.0,coef_energy_material_checkpoint_lambdas,0.0,2.793327808380127,1.5825705528259277,78,R1,4.400000095367432,4.400000095367432
0.0,nan,nan,0.07430072128772736,00000_001844_02,2.0,0.2396591752767563,0.16835449635982513,0.8227905631065369,coef_energy_material_checkpoint_lambdas,0.0,2.201174736022949,1.4194632768630981,3,R1,2.6434941589832306,0.7938966155052185
0.0,nan,nan,3.5936079025268555,00000_001844_02,3.0,3.779609203338623,2.690497398376465,0.9970940947532654,coef_energy_material_checkpoint_lambdas,0.0,2.1734986305236816,1.4104199409484863,6,R1,2.019913136959076,0.308871328830719
0.0,nan,nan,1.970536708831787,00000_001844_02,1.0,4.11497163772583,3.9477856159210205,0.9360566139221191,coef_energy_material_checkpoint_lambdas,0.0,2.209885358810425,1.4390630722045898,27,R1,3.7921842634677887,0.4229600429534912
0.0,nan,nan,-0.12041874974966049,00000_001844_02,2.0,0.34229087829589844,0.34043604135513306,1.0,coef_energy_material_checkpoint_lambdas,0.0,2.3484787940979004,1.519822597503662,45,R1,3.811160385608673,0.891340583562851
0.0,nan,nan,2.3560304641723633,00000_001844_02,1.0,4.42513370513916,4.314637184143066,0.6661271452903748,coef_energy_material_checkpoint_lambdas,0.0,2.359153985977173,1.5333726406097412,48,R1,3.9318549036979675,0.3445698618888855
0.0,nan,nan,3.2438907623291016,00000_001844_02,1.0,4.663049221038818,4.399502754211426,0.8751086592674255,coef_energy_material_checkpoint_lambdas,0.0,2.351829767227173,1.5583624839782715,51,R1,4.339419990777969,0.5545750856399536
0.0,nan,nan,4.142709255218506,00000_001844_02,3.0,4.158436298370361,4.142709255218506,0.753963053226471,coef_energy_material_checkpoint_lambdas,0.0,2.4618170261383057,1.5182148218154907,54,R1,3.6744218170642853,0.40884169936180115
0.0,nan,nan,4.559948444366455,00000_001844_02,2.0,4.805278301239014,4.559948921203613,0.7097613215446472,coef_energy_material_checkpoint_lambdas,0.0,2.6046056747436523,1.488546371459961,57,R1,3.60444638133049,0.5337304472923279
0.0,nan,nan,-0.19611579179763794,00000_001844_03,4.0,0.30134719610214233,0.22879846394062042,0.8867604732513428,coef_energy_material_checkpoint_lambdas,0.0,2.20442795753479,1.450526237487793,0,R2,3.0440522730350494,3.0440522730350494
0.0,nan,nan,1.5986411571502686,00000_001844_03,3.0,1.6011637449264526,1.1939373016357422,0.5873346328735352,coef_energy_material_checkpoint_lambdas,0.0,2.1862945556640625,1.4397101402282715,3,R2,2.358036458492279,1.723879486322403
0.0,nan,nan,2.1528191566467285,00000_001844_03,3.0,2.1591391563415527,2.1528191566467285,0.32737967371940613,coef_energy_material_checkpoint_lambdas,0.0,2.1692886352539062,1.4287234544754028,6,R2,2.2242040634155273,0.7672570645809174
0.0,nan,nan,1.360572099685669,00000_001844_03,2.0,2.6210734844207764,1.3953040838241577,0.9993708729743958,coef_energy_material_checkpoint_lambdas,0.0,2.1657280921936035,1.4255887269973755,9,R2,2.5022527277469635,0.3038090467453003
0.0,nan,nan,3.1385626792907715,00000_001844_03,2.0,3.723763942718506,3.1960012912750244,0.9950891137123108,coef_energy_material_checkpoint_lambdas,0.0,2.210911273956299,1.4490859508514404,33,R2,3.515389084815979,0.797319233417511
0.0,nan,nan,-0.2584485411643982,00000_001844_03,1.0,0.7552763819694519,0.31906935572624207,-0.9561993479728699,coef_energy_material_checkpoint_lambdas,0.0,2.2178072929382324,1.5260798931121826,42,R2,3.6433528065681458,1.450631022453308
0.0,nan,nan,4.305081367492676,00000_001844_03,1.0,4.305128574371338,4.305081367492676,0.9991768598556519,coef_energy_material_checkpoint_lambdas,0.0,2.2640182971954346,1.5490326881408691,45,R2,3.482384979724884,0.42337098717689514
0.0,nan,nan,3.9314560890197754,00000_001844_03,6.0,4.054378509521484,0.9907758235931396,0.97369784116745,coef_energy_material_checkpoint_lambdas,0.0,2.499288558959961,1.552281141281128,54,R2,4.400299906730652,4.400299906730652
0.0,nan,nan,0.15485422313213348,00000_001844_03,7.0,0.15485501289367676,0.15485422313213348,0.9908167123794556,coef_energy_material_checkpoint_lambdas,0.0,2.6223337650299072,1.5181455612182617,57,R2,4.400000095367432,3.860558331012726
0.0,nan,nan,0.0742943286895752,00000_001844_04,2.0,0.23959892988204956,0.1683213710784912,0.8227598071098328,coef_energy_material_checkpoint_lambdas,0.0,2.2007930278778076,1.418951153755188,3,R1,2.6434941589832306,0.7938966155052185
0.0,nan,nan,3.5985031127929688,00000_001844_04,3.0,3.7847769260406494,2.694135904312134,0.9970929026603699,coef_energy_material_checkpoint_lambdas,0.0,2.17690110206604,1.4091728925704956,6,R1,2.019913136959076,0.308871328830719
0.0,nan,nan,1.9677064418792725,00000_001844_04,1.0,4.1097731590271,3.9426887035369873,0.936089813709259,coef_energy_material_checkpoint_lambdas,0.0,2.206538438796997,1.441692590713501,27,R1,3.7921842634677887,0.4229600429534912
0.0,nan,nan,-0.1198204755783081,00000_001844_04,2.0,0.3405902683734894,0.3387446403503418,1.0,coef_energy_material_checkpoint_lambdas,0.0,2.3506155014038086,1.5122716426849365,45,R1,3.811160385608673,0.891340583562851
0.0,nan,nan,2.3330981731414795,00000_001844_04,1.0,4.376807689666748,4.268250942230225,0.6666901707649231,coef_energy_material_checkpoint_lambdas,0.0,2.331815719604492,1.5378236770629883,48,R1,3.9318549036979675,0.3445698618888855
0.0,nan,nan,-0.22234444320201874,00000_001844_04,2.0,0.23583835363388062,0.18606945872306824,0.6666567921638489,coef_energy_material_checkpoint_lambdas,0.0,2.3192062377929688,1.5774805545806885,51,R1,4.133664906024933,3.860237956047058
0.0,nan,nan,0.06512365490198135,00000_001844_04,4.0,0.12824641168117523,0.08421757817268372,0.9972414374351501,coef_energy_material_checkpoint_lambdas,0.0,2.377389907836914,1.558066725730896,54,R1,4.057524621486664,1.6622987985610962
0.0,nan,nan,2.7507107257843018,00000_001844_04,4.0,3.112431287765503,1.4563030004501343,0.9321929812431335,coef_energy_material_checkpoint_lambdas,0.0,2.4709653854370117,1.6021933555603027,63,R1,4.401557683944702,4.401557683944702
0.0,nan,nan,0.008151505142450333,00000_001844_04,10.0,0.03446692228317261,0.008151505142450333,0.9994784593582153,coef_energy_material_checkpoint_lambdas,0.0,2.4746878147125244,1.6100167036056519,66,R1,4.394769310951233,4.400000095367432
0.0,nan,nan,1.487169129177346e-06,00000_001844_04,12.0,1.1391178304620553e-05,1.487169129177346e-06,0.0,coef_energy_material_checkpoint_lambdas,0.0,2.654961347579956,1.5434668064117432,69,R1,4.400000095367432,4.400000095367432
0.0,nan,nan,1.9248145818710327,00000_001844_05,2.0,4.206532955169678,4.005856513977051,0.882485568523407,coef_energy_material_checkpoint_lambdas,0.0,2.2147507667541504,1.431706428527832,3,R1,4.121436297893524,0.3193969130516052
0.0,nan,nan,-0.1388770490884781,00000_001844_05,2.0,0.5594481229782104,0.4226151704788208,0.9945306777954102,coef_energy_material_checkpoint_lambdas,0.0,2.210697650909424,1.4219934940338135,6,R1,3.6775644421577454,1.8006892204284668
0.0,nan,nan,0.007914948277175426,00000_001844_05,1.0,0.026379937306046486,0.026047533378005028,0.8891340494155884,coef_energy_material_checkpoint_lambdas,0.0,2.198835611343384,1.4115097522735596,9,R1,3.025647461414337,1.0198050439357758
0.0,nan,nan,2.0829100608825684,00000_001844_05,1.0,2.298800230026245,0.972609281539917,0.9794503450393677,coef_energy_material_checkpoint_lambdas,0.0,2.3595352172851562,1.5236766338348389,51,R1,4.280224144458771,4.280224144458771
0.0,nan,nan,0.25459322333335876,00000_001844_05,4.0,0.2970207929611206,0.2881995439529419,0.9999531507492065,coef_energy_material_checkpoint_lambdas,1.0,2.331655502319336,1.5479260683059692,54,R1,3.43374902009964,4.377101242542267
0.0,nan,nan,0.09828280657529831,00000_001844_05,4.0,0.13991707563400269,0.06174754723906517,0.9935031533241272,coef_energy_material_checkpoint_lambdas,0.0,2.368802785873413,1.552275538444519,57,R1,4.219793051481247,1.6577723622322083
0.0,nan,nan,2.2612175941467285,00000_001844_05,2.0,2.432898759841919,2.423964738845825,0.9944925904273987,coef_energy_material_checkpoint_lambdas,0.0,2.3955323696136475,1.5710697174072266,60,R1,4.339419990777969,0.5720508694648743
0.0,nan,nan,0.03902857005596161,00000_001844_05,11.0,0.039774540811777115,0.00766712985932827,0.999647319316864,coef_energy_material_checkpoint_lambdas,0.0,2.4598007202148438,1.6583293676376343,69,R1,4.400000095367432,4.400000095367432
0.0,nan,nan,2.157494418497663e-05,00000_001844_05,11.0,2.2313615772873163e-05,1.928190431499388e-05,0.0,coef_energy_material_checkpoint_lambdas,0.0,2.486034870147705,1.6781002283096313,72,R1,4.400000095367432,4.400000095367432
0.0,nan,nan,0.000450853374786675,00000_001844_05,13.0,0.0006376029341481626,0.0006376029341481626,0.8384361863136292,coef_energy_material_checkpoint_lambdas,0.0,2.5525734424591064,1.6869244575500488,75,R1,4.400000095367432,4.400000095367432
0.0,nan,nan,0.0021432682406157255,00000_001844_05,14.0,0.008722350001335144,0.008454927243292332,0.9945724010467529,coef_energy_material_checkpoint_lambdas,0.0,2.568920612335205,1.7107110023498535,78,R1,4.400000095367432,4.400000095367432
0.0,nan,nan,-0.0013837667647749186,00000_001844_05,13.0,0.003072120249271393,0.002742829266935587,0.9924041032791138,coef_energy_material_checkpoint_lambdas,0.0,2.5597503185272217,1.7295153141021729,81,R1,4.400000095367432,4.400000095367432
0.0,nan,nan,-6.807209501857869e-06,00000_001844_05,13.0,9.626847713661846e-06,6.807209501857869e-06,0.0,coef_energy_material_checkpoint_lambdas,0.0,2.633967876434326,1.6459543704986572,84,R1,4.400000095367432,4.400000095367432
0.0,nan,nan,-1.1359634122243278e-08,00000_001844_05,14.0,1.3964922551679138e-08,2.288879530354393e-09,0.0,coef_energy_material_checkpoint_lambdas,0.0,2.798222541809082,1.6060380935668945,87,R1,4.400000095367432,4.400000095367432
0.0,nan,nan,-0.19611579179763794,00000_001844_07,4.0,0.30134719610214233,0.22879846394062042,0.8867604732513428,coef_energy_material_checkpoint_lambdas,0.0,2.20442795753479,1.450526237487793,0,R2,3.0440522730350494,3.0440522730350494
0.0,nan,nan,1.6001863479614258,00000_001844_07,3.0,1.602779746055603,1.1959484815597534,0.5867233276367188,coef_energy_material_checkpoint_lambdas,0.0,2.18969988822937,1.4370381832122803,3,R2,2.358036458492279,1.723879486322403
0.0,nan,nan,2.1524953842163086,00000_001844_07,3.0,2.1588191986083984,2.1524953842163086,0.32735171914100647,coef_energy_material_checkpoint_lambdas,0.0,2.168989419937134,1.427785038948059,6,R2,2.2242040634155273,0.7672570645809174
0.0,nan,nan,1.3593857288360596,00000_001844_07,2.0,2.618767499923706,1.3940658569335938,0.9993709921836853,coef_energy_material_checkpoint_lambdas,0.0,2.16352915763855,1.426993727684021,9,R2,2.5022527277469635,0.3038090467453003
0.0,nan,nan,3.1451990604400635,00000_001844_07,2.0,3.7315804958343506,3.2026638984680176,0.9950867891311646,coef_energy_material_checkpoint_lambdas,0.0,2.21608829498291,1.4472105503082275,33,R2,3.515389084815979,0.797319233417511
0.0,nan,nan,2.1771674156188965,00000_001844_07,1.0,3.5915095806121826,2.8563759326934814,-0.6771988868713379,coef_energy_material_checkpoint_lambdas,0.0,2.284698724746704,1.4850761890411377,42,R2,4.029987037181854,4.029987037181854
0.0,nan,nan,0.19296780228614807,00000_001844_07,1.0,0.3104580044746399,0.3038250207901001,0.933144211769104,coef_energy_material_checkpoint_lambdas,0.0,2.3050711154937744,1.4946800470352173,45,R2,3.867744565010071,2.904168128967285
0.0,nan,nan,-0.12986481189727783,00000_001844_07,2.0,1.3906750679016113,1.2964996099472046,0.9925867915153503,coef_energy_material_checkpoint_lambdas,0.0,2.3357293605804443,1.508380651473999,48,R2,3.9332381188869476,1.3675076067447662
0.0,nan,nan,0.5932809114456177,00000_001844_07,3.0,3.6430366039276123,2.961139678955078,-0.5739883184432983,coef_energy_material_checkpoint_lambdas,0.0,2.3572521209716797,1.520033597946167,51,R2,3.922551840543747,0.3591987192630768
0.0,nan,nan,-0.0007991808233782649,00000_001844_07,4.0,0.004218592774122953,0.002068048808723688,0.9198513627052307,coef_energy_material_checkpoint_lambdas,0.0,2.3938353061676025,1.5429884195327759,57,R2,3.964134633541107,2.20603746175766
0.0,nan,nan,1.0971237421035767,00000_001844_07,5.0,1.551369071006775,1.0971237421035767,0.9999895095825195,coef_energy_material_checkpoint_lambdas,0.0,2.3806967735290527,1.5658440589904785,60,R2,4.0232937932014465,0.5558789372444153
0.0,nan,nan,1.5129691362380981,00000_001844_07,10.0,1.591239094734192,0.4929158389568329,0.9979633092880249,coef_energy_material_checkpoint_lambdas,0.0,2.4713590145111084,1.6368355751037598,69,R2,4.400006651878357,4.400006651878357
0.0,nan,nan,-5.868919743079459e-06,00000_001844_07,14.0,9.387569662067108e-06,1.0308893934052321e-06,0.0,coef_energy_material_checkpoint_lambdas,0.0,2.568481922149658,1.6165103912353516,72,R2,4.400000095367432,4.400000095367432
0.0,nan,nan,1.0681528550549046e-08,00000_001844_07,14.0,1.3748380212064149e-08,1.367355828563177e-08,0.0,coef_energy_material_checkpoint_lambdas,0.0,2.777400255203247,1.5646686553955078,75,R2,4.400000095367432,4.400000095367432
0.0,nan,nan,1.1174440383911133,00000_001845_00,3.0,1.3244272470474243,0.7109334468841553,-0.32377889752388,coef_energy_material_checkpoint_lambdas,0.0,2.2588281631469727,1.4545713663101196,3,R1,2.548067718744278,2.548067718744278
0.0,nan,nan,0.31629782915115356,00000_001845_00,3.0,1.9198417663574219,1.835146427154541,-0.5180556178092957,coef_energy_material_checkpoint_lambdas,0.0,2.2121450901031494,1.436976671218872,6,R1,4.179284393787384,2.1121445298194885
0.0,nan,nan,-0.014343254268169403,00000_001845_00,3.0,0.12870171666145325,0.04436961188912392,0.9926444292068481,coef_energy_material_checkpoint_lambdas,0.0,2.209820508956909,1.4312138557434082,9,R1,3.4019546806812286,1.2684308588504791
0.0,nan,nan,0.2573636770248413,00000_001845_00,3.0,0.3439537286758423,0.22818435728549957,0.9999921321868896,coef_energy_material_checkpoint_lambdas,0.0,2.196542501449585,1.421289324760437,12,R1,2.548067718744278,0.5129859149456024
0.0,nan,nan,2.0539889335632324,00000_001845_00,1.0,4.074885845184326,3.940945625305176,0.7877106070518494,coef_energy_material_checkpoint_lambdas,0.0,2.2154605388641357,1.4429905414581299,36,R1,3.702146828174591,0.3940357565879822
0.0,nan,nan,0.463390052318573,00000_001845_00,3.0,2.262930154800415,2.2149767875671387,0.898808479309082,coef_energy_material_checkpoint_lambdas,0.0,2.2257683277130127,1.450918197631836,39,R1,3.502007156610489,3.502007156610489
0.0,nan,nan,1.3968815803527832,00000_001845_00,1.0,1.4047448635101318,1.3968815803527832,0.12363089621067047,coef_energy_material_checkpoint_lambdas,0.0,2.254438877105713,1.4629642963409424,42,R1,3.907165616750717,2.8423731923103333
0.0,nan,nan,4.022270679473877,00000_001845_00,3.0,4.234848976135254,3.7809998989105225,0.6414267420768738,coef_energy_material_checkpoint_lambdas,0.0,2.2880563735961914,1.4973101615905762,48,R1,3.502007156610489,0.4921259880065918
0.0,nan,nan,-0.21696896851062775,00000_001845_00,1.0,0.22338883578777313,0.1910170614719391,1.0,coef_energy_material_checkpoint_lambdas,0.0,2.3267154693603516,1.5330829620361328,54,R1,4.401210844516754,0.546501874923706
0.0,nan,nan,-0.03461240231990814,00000_001845_00,3.0,1.9993903636932373,1.4380452632904053,0.9994239211082458,coef_energy_material_checkpoint_lambdas,1.0,2.3015687465667725,1.5622295141220093,57,R1,4.089157968759537,4.40057235956192
0.0,nan,nan,0.029939860105514526,00000_001845_00,4.0,0.03037196397781372,0.029939861968159676,0.9974751472473145,coef_energy_material_checkpoint_lambdas,0.0,2.343796730041504,1.5576221942901611,60,R1,4.1287078857421875,3.8757362961769104
0.0,nan,nan,1.5540423393249512,00000_001845_00,5.0,1.5540823936462402,1.4778203964233398,0.9998010993003845,coef_energy_material_checkpoint_lambdas,0.0,2.3911170959472656,1.5663641691207886,63,R1,4.395961403846741,1.6750325560569763
0.0,nan,nan,4.385047435760498,00000_001845_00,4.0,4.9074625968933105,4.9074530601501465,0.9995901584625244,coef_energy_material_checkpoint_lambdas,0.0,2.410522937774658,1.5941370725631714,66,R1,4.365097641944885,0.5678080916404724
0.0,nan,nan,4.455501556396484,00000_001845_00,4.0,4.629406929016113,4.039310932159424,0.9984725117683411,coef_energy_material_checkpoint_lambdas,0.0,2.4523463249206543,1.628474473953247,69,R1,4.401344180107117,4.402632653713226
0.0,nan,nan,0.0013447212986648083,00000_001845_00,12.0,0.0029835812747478485,0.0009324176935479045,0.9900845289230347,coef_energy_material_checkpoint_lambdas,0.0,2.4827828407287598,1.6618027687072754,72,R1,4.400000095367432,4.400000095367432
0.0,nan,nan,7.235704035934987e-09,00000_001845_00,14.0,1.2440003693825474e-08,2.038942570337099e-09,0.0,coef_energy_material_checkpoint_lambdas,0.0,2.4926669597625732,1.6761281490325928,75,R1,4.400000095367432,4.400000095367432
0.0,nan,nan,-2.6214704099960726e-14,00000_001845_00,16.0,4.195555103965638e-14,4.626494804935936e-15,0.0,coef_energy_material_checkpoint_lambdas,0.0,2.51993465423584,1.6939687728881836,78,R1,4.400000095367432,4.400000095367432
0.0,nan,nan,-9.152591143704038e-19,00000_001845_00,16.0,1.35442636217494e-18,9.983843552822358e-19,0.0,coef_energy_material_checkpoint_lambdas,0.0,2.72000789642334,1.5939030647277832,81,R1,4.400000095367432,4.400000095367432
0.0,nan,nan,3.2069344520568848,00000_001845_01,2.0,4.331914901733398,4.1707563400268555,0.9991621375083923,coef_energy_material_checkpoint_lambdas,0.0,2.1879162788391113,1.4285624027252197,3,R1,2.0123168528079987,0.2890201508998871
0.0,nan,nan,3.6443979740142822,00000_001845_01,1.0,4.113929748535156,3.926567554473877,0.8276092410087585,coef_energy_material_checkpoint_lambdas,0.0,2.2146730422973633,1.4432737827301025,30,R1,3.538778156042099,0.3884658217430115
0.0,nan,nan,0.2791024446487427,00000_001845_01,2.0,0.2860473096370697,0.18085339665412903,0.9875827431678772,coef_energy_material_checkpoint_lambdas,0.0,2.266714096069336,1.4962022304534912,39,R1,3.4980688393115997,1.0919693112373352
0.0,nan,nan,3.910292387008667,00000_001845_01,2.0,4.422811031341553,4.226306915283203,0.904897153377533,coef_energy_material_checkpoint_lambdas,0.0,2.361771821975708,1.5508480072021484,51,R1,4.385174512863159,0.5277950763702393
0.0,nan,nan,2.59953236579895,00000_001845_01,2.0,3.479393482208252,2.599532127380371,-0.49680906534194946,coef_energy_material_checkpoint_lambdas,0.0,2.3394885063171387,1.5742312669754028,54,R1,4.183188796043396,0.4464453160762787
0.0,nan,nan,2.3805131912231445,00000_001845_01,4.0,2.4567039012908936,2.4006919860839844,0.8486960530281067,coef_energy_material_checkpoint_lambdas,0.0,2.508976459503174,1.5045701265335083,57,R1,4.194782882928848,0.5016931295394897
0.0,nan,nan,4.068117141723633,00000_001845_02,3.0,4.264373779296875,4.068117141723633,0.9368613362312317,coef_energy_material_checkpoint_lambdas,0.0,2.221909523010254,1.4362938404083252,3,R1,3.7825725078582764,0.3120901882648468
0.0,nan,nan,0.198974609375,00000_001845_02,3.0,0.5493404865264893,0.4069591760635376,0.9860190153121948,coef_energy_material_checkpoint_lambdas,0.0,2.2137842178344727,1.4245529174804688,6,R1,3.452618271112442,1.7906442284584045
0.0,nan,nan,0.0057123214937746525,00000_001845_02,2.0,0.016750069335103035,0.007094830274581909,-0.9992966055870056,coef_energy_material_checkpoint_lambdas,0.0,2.202296257019043,1.4139187335968018,9,R1,2.743011474609375,1.0193586945533752
0.0,nan,nan,2.0570523738861084,00000_001845_02,1.0,4.081624984741211,3.9473650455474854,0.787652313709259,coef_energy_material_checkpoint_lambdas,0.0,2.219393014907837,1.438807725906372,33,R1,3.702146828174591,0.3940357565879822
0.0,nan,nan,0.46325328946113586,00000_001845_02,3.0,2.262399196624756,2.214462995529175,0.8988139629364014,coef_energy_material_checkpoint_lambdas,0.0,2.2251882553100586,1.4508496522903442,36,R1,3.502007156610489,3.502007156610489
0.0,nan,nan,1.3972249031066895,00000_001845_02,1.0,1.4050712585449219,1.3972249031066895,0.12350548058748245,coef_energy_material_checkpoint_lambdas,0.0,2.254998207092285,1.4615638256072998,39,R1,3.907165616750717,2.8423731923103333
0.0,nan,nan,4.041757106781006,00000_001845_02,3.0,4.25478458404541,3.7980053424835205,0.6411089301109314,coef_energy_material_checkpoint_lambdas,0.0,2.299623727798462,1.488891363143921,45,R1,3.502007156610489,0.4921259880065918
0.0,nan,nan,2.5991454124450684,00000_001845_02,2.0,3.287323236465454,3.2610628604888916,0.8981560468673706,coef_energy_material_checkpoint_lambdas,0.0,2.3275704383850098,1.525559425354004,51,R1,4.253660798072815,0.5564513802528381
0.0,nan,nan,0.15566594898700714,00000_001845_02,2.0,0.15600797533988953,0.010324767790734768,0.9738675355911255,coef_energy_material_checkpoint_lambdas,0.0,2.333404541015625,1.5506328344345093,54,R1,4.381103754043579,4.381103754043579
0.0,nan,nan,0.3643169701099396,00000_001845_02,4.0,0.36500847339630127,0.3643169701099396,0.9977172613143921,coef_energy_material_checkpoint_lambdas,0.0,2.349179267883301,1.5472887754440308,57,R1,4.238622725009918,2.210625171661377
0.0,nan,nan,3.1935482025146484,00000_001845_02,5.0,4.059752464294434,4.030584335327148,0.9805073142051697,coef_energy_material_checkpoint_lambdas,0.0,2.4061686992645264,1.5640507936477661,60,R1,4.127878665924072,0.5715930461883545
0.0,nan,nan,4.385047435760498,00000_001845_02,4.0,4.9074625968933105,4.9074530601501465,0.9995901584625244,coef_energy_material_checkpoint_lambdas,0.0,2.410522937774658,1.5941370725631714,63,R1,4.365097641944885,0.5678080916404724
0.0,nan,nan,4.535488128662109,00000_001845_02,4.0,4.712627410888672,4.112116813659668,0.9984679818153381,coef_energy_material_checkpoint_lambdas,0.0,2.5002267360687256,1.6105785369873047,66,R1,4.401344180107117,4.402632653713226
0.0,nan,nan,0.0014010877348482609,00000_001845_02,12.0,0.0031090909615159035,0.0027754998300224543,0.9900743961334229,coef_energy_material_checkpoint_lambdas,0.0,2.5885508060455322,1.6276590824127197,69,R1,4.400000095367432,4.400000095367432
0.0,nan,nan,6.684478648821823e-06,00000_001845_02,13.0,9.453280654270202e-06,6.684478648821823e-06,0.0,coef_energy_material_checkpoint_lambdas,0.0,2.5864787101745605,1.638494610786438,72,R1,4.400000095367432,4.400000095367432
0.0,nan,nan,-1.3235821327839403e-08,00000_001845_02,14.0,1.8342126040238327e-08,1.2698291307344789e-08,0.0,coef_energy_material_checkpoint_lambdas,0.0,2.586113452911377,1.6372560262680054,75,R1,4.400000095367432,4.400000095367432
0.0,nan,nan,-1.3991028821602747e-11,00000_001845_02,16.0,1.6819302894877097e-11,9.334885295309014e-12,0.0,coef_energy_material_checkpoint_lambdas,0.0,2.584547519683838,1.6516916751861572,78,R1,4.400000095367432,4.400000095367432
0.0,nan,nan,-6.191132371038185e-15,00000_001845_02,16.0,6.923036600101681e-15,3.0981149076573806e-15,0.0,coef_energy_material_checkpoint_lambdas,0.0,2.5937366485595703,1.6580997705459595,81,R1,4.400000095367432,4.400000095367432
0.0,nan,nan,-1.7565811032780614e-18,00000_001845_02,16.0,1.892075769156085e-18,7.031169106562392e-19,0.0,coef_energy_material_checkpoint_lambdas,0.0,2.6253411769866943,1.6455421447753906,84,R1,4.400000095367432,4.400000095367432
0.0,nan,nan,-3.9974644110038374e-22,00000_001845_02,16.0,4.2185885598422736e-22,1.3496992307596107e-22,0.0,coef_energy_material_checkpoint_lambdas,0.0,2.7454426288604736,1.6048097610473633,87,R1,4.400000095367432,4.400000095367432
0.0,nan,nan,0.009871291927993298,00000_001845_03,4.0,0.010219231247901917,0.0026439158245921135,0.9999899864196777,coef_energy_material_checkpoint_lambdas,0.0,2.2121105194091797,1.4513188600540161,0,R1,2.9073818027973175,2.9073818027973175
0.0,nan,nan,0.29163533449172974,00000_001845_03,3.0,0.5067222714424133,0.08679826557636261,0.9992964267730713,coef_energy_material_checkpoint_lambdas,0.0,2.198728561401367,1.438646912574768,3,R1,2.2772737443447113,1.637909710407257
0.0,nan,nan,2.166430950164795,00000_001845_03,3.0,2.180133581161499,2.166430950164795,0.754127562046051,coef_energy_material_checkpoint_lambdas,0.0,2.175410270690918,1.4291538000106812,6,R1,2.1836698949337006,0.7696428596973419
0.0,nan,nan,1.327423334121704,00000_001845_03,2.0,1.912456750869751,0.6377602219581604,0.9973551630973816,coef_energy_material_checkpoint_lambdas,0.0,2.1728692054748535,1.4213829040527344,9,R1,2.3856345415115356,0.303988516330719
0.0,nan,nan,3.6461966037750244,00000_001845_03,1.0,4.115957260131836,3.9285011291503906,0.8276099562644958,coef_energy_material_checkpoint_lambdas,0.0,2.2157602310180664,1.4440613985061646,33,R1,3.538778156042099,0.3884658217430115
0.0,nan,nan,0.27893972396850586,00000_001845_03,2.0,0.285927951335907,0.18094107508659363,0.9874666929244995,coef_energy_material_checkpoint_lambdas,0.0,2.276261329650879,1.4901409149169922,42,R1,3.4980688393115997,1.0919693112373352
0.0,nan,nan,2.7365574836730957,00000_001845_03,2.0,3.4552223682403564,3.4266507625579834,0.9893855452537537,coef_energy_material_checkpoint_lambdas,0.0,2.337078094482422,1.528639554977417,51,R1,4.319352686405182,2.7589449286460876
0.0,nan,nan,0.12977059185504913,00000_001845_03,3.0,0.19453659653663635,0.18766258656978607,0.9865942597389221,coef_energy_material_checkpoint_lambdas,1.0,2.3312344551086426,1.5512651205062866,54,R1,4.1791286170482635,4.398608982563019
0.0,nan,nan,0.3510132133960724,00000_001845_03,4.0,0.3510133922100067,0.333109587430954,0.9936222434043884,coef_energy_material_checkpoint_lambdas,0.0,2.3789074420928955,1.5471185445785522,57,R1,4.2002032995224,1.6617629528045654
0.0,nan,nan,3.3510525226593018,00000_001845_03,4.0,3.3744921684265137,3.3510525226593018,0.9839978218078613,coef_energy_material_checkpoint_lambdas,0.0,2.4248733520507812,1.5734970569610596,60,R1,4.324317127466202,0.5697540640830994
0.0,nan,nan,3.3673484325408936,00000_001845_03,3.0,4.574178218841553,4.001797199249268,0.9995641708374023,coef_energy_material_checkpoint_lambdas,0.0,2.402841567993164,1.609728455543518,63,R1,4.357080101966858,0.588812530040741
0.0,nan,nan,1.9860948324203491,00000_001845_03,8.0,2.4952900409698486,1.510595440864563,0.9994649887084961,coef_energy_material_checkpoint_lambdas,0.0,2.5046679973602295,1.6202198266983032,66,R1,4.400035738945007,4.400035738945007
0.0,nan,nan,2.705441693251487e-05,00000_001845_03,12.0,5.245881402515806e-05,4.494425229495391e-05,0.0,coef_energy_material_checkpoint_lambdas,0.0,2.5825095176696777,1.6358567476272583,69,R1,4.400000095367432,4.400000095367432
0.0,nan,nan,9.79327836603261e-08,00000_001845_03,13.0,1.3849786739683623e-07,9.79327836603261e-08,0.0,coef_energy_material_checkpoint_lambdas,0.0,2.578779697418213,1.6443583965301514,72,R1,4.400000095367432,4.400000095367432
0.0,nan,nan,-1.8931911593966788e-10,00000_001845_03,15.0,2.630995699082206e-10,1.8270100710093828e-10,0.0,coef_energy_material_checkpoint_lambdas,0.0,2.5804641246795654,1.6474337577819824,75,R1,4.400000095367432,4.400000095367432
0.0,nan,nan,-2.125021350291717e-13,00000_001845_03,16.0,2.5944025573709784e-13,1.4883577768680378e-13,0.0,coef_energy_material_checkpoint_lambdas,0.0,2.5784993171691895,1.6574169397354126,78,R1,4.400000095367432,4.400000095367432
0.0,nan,nan,-1.0679950573076305e-16,00000_001845_03,16.0,1.213151821397539e-16,5.75433553252883e-17,0.0,coef_energy_material_checkpoint_lambdas,0.0,2.595890998840332,1.6688202619552612,81,R1,4.400000095367432,4.400000095367432
0.0,nan,nan,-3.4831877660966154e-20,00000_001845_03,16.0,3.802291428199699e-20,1.524737499475021e-20,0.0,coef_energy_material_checkpoint_lambdas,0.0,2.675403356552124,1.6245366334915161,84,R1,4.400000095367432,4.400000095367432
0.0,nan,nan,-8.766385625502211e-24,00000_001845_03,16.0,0.0,0.0,0.0,coef_energy_material_checkpoint_lambdas,0.0,2.787882089614868,1.5997320413589478,87,R1,4.400000095367432,4.400000095367432
0.0,nan,nan,4.068117141723633,00000_001845_04,3.0,4.264373779296875,4.068117141723633,0.9368613362312317,coef_energy_material_checkpoint_lambdas,0.0,2.221909523010254,1.4362938404083252,6,R1,3.7825725078582764,0.3120901882648468
0.0,nan,nan,0.19940899312496185,00000_001845_04,3.0,0.5502769947052002,0.40772151947021484,0.9860499501228333,coef_energy_material_checkpoint_lambdas,0.0,2.2151241302490234,1.4294050931930542,9,R1,3.452618271112442,1.7906442284584045
0.0,nan,nan,0.005708823446184397,00000_001845_04,2.0,0.016736628487706184,0.007088090758770704,-0.9992939233779907,coef_energy_material_checkpoint_lambdas,0.0,2.204571485519409,1.4196279048919678,12,R1,2.743011474609375,1.0193586945533752
0.0,nan,nan,0.6261990666389465,00000_001845_04,1.0,0.9058988690376282,0.38705548644065857,0.7046612501144409,coef_energy_material_checkpoint_lambdas,0.0,2.183401107788086,1.408508062362671,15,R1,2.1680130064487457,0.2616337835788727
0.0,nan,nan,2.0554909706115723,00000_001845_04,1.0,4.078319549560547,3.9441990852355957,0.7876706719398499,coef_energy_material_checkpoint_lambdas,0.0,2.2175116539001465,1.4396982192993164,36,R1,3.702146828174591,0.3940357565879822
0.0,nan,nan,0.46353670954704285,00000_001845_04,3.0,2.2633864879608154,2.2154123783111572,0.8987979888916016,coef_energy_material_checkpoint_lambdas,0.0,2.2263267040252686,1.450695514678955,39,R1,3.502007156610489,3.502007156610489
0.0,nan,nan,1.396834135055542,00000_001845_04,1.0,1.404688835144043,1.396834135055542,0.1235748827457428,coef_energy_material_checkpoint_lambdas,0.0,2.2543647289276123,1.462128758430481,42,R1,3.907165616750717,2.8423731923103333
0.0,nan,nan,4.02146577835083,00000_001845_04,3.0,4.234036922454834,3.7803237438201904,0.6414462924003601,coef_energy_material_checkpoint_lambdas,0.0,2.2875688076019287,1.4979722499847412,48,R1,3.502007156610489,0.4921259880065918
0.0,nan,nan,-0.21722197532653809,00000_001845_04,1.0,0.22364933788776398,0.19123980402946472,1.0,coef_energy_material_checkpoint_lambdas,0.0,2.324674367904663,1.5348707437515259,54,R1,4.401210844516754,0.546501874923706
0.0,nan,nan,-0.034669458866119385,00000_001845_04,3.0,2.0024662017822266,1.4402601718902588,0.9994238615036011,coef_energy_material_checkpoint_lambdas,1.0,2.3052384853363037,1.5599112510681152,57,R1,4.089157968759537,4.40057235956192
0.0,nan,nan,0.029904166236519814,00000_001845_04,4.0,0.030335698276758194,0.029904166236519814,0.9974758625030518,coef_energy_material_checkpoint_lambdas,0.0,2.340646982192993,1.5584717988967896,60,R1,4.1287078857421875,3.8757362961769104
0.0,nan,nan,1.55410635471344,00000_001845_04,5.0,1.554146409034729,1.4778814315795898,0.999800980091095,coef_energy_material_checkpoint_lambdas,0.0,2.3912510871887207,1.5653893947601318,63,R1,4.395961403846741,1.6750325560569763
0.0,nan,nan,4.385047435760498,00000_001845_04,4.0,4.9074625968933105,4.9074530601501465,0.9995901584625244,coef_energy_material_checkpoint_lambdas,0.0,2.410522937774658,1.5941370725631714,66,R1,4.365097641944885,0.5678080916404724
0.0,nan,nan,4.50244140625,00000_001845_04,4.0,4.678244113922119,4.082035541534424,0.9984699487686157,coef_energy_material_checkpoint_lambdas,0.0,2.4804329872131348,1.6181163787841797,69,R1,4.401344180107117,4.402632653713226
0.0,nan,nan,0.0013929414562880993,00000_001845_04,12.0,0.0030909706838428974,0.0009661713847890496,0.9900754690170288,coef_energy_material_checkpoint_lambdas,0.0,2.5733370780944824,1.6281694173812866,72,R1,4.400000095367432,4.400000095367432
0.0,nan,nan,8.77810919064359e-07,00000_001845_04,13.0,1.2733962648781016e-06,9.22489107324509e-07,0.0,coef_energy_material_checkpoint_lambdas,0.0,2.5816659927368164,1.637751579284668,75,R1,4.400000095367432,4.400000095367432
0.0,nan,nan,-1.4274269544145568e-09,00000_001845_04,14.0,2.018686551252813e-09,1.4274269544145568e-09,0.0,coef_energy_material_checkpoint_lambdas,0.0,2.5758414268493652,1.6466200351715088,78,R1,4.400000095367432,4.400000095367432
0.0,nan,nan,-2.2942286091731656e-12,00000_001845_04,16.0,2.9069806457837633e-12,1.785231359442696e-12,0.0,coef_energy_material_checkpoint_lambdas,0.0,2.5837228298187256,1.6552331447601318,81,R1,4.400000095367432,4.400000095367432
0.0,nan,nan,-1.429767686284499e-15,00000_001845_04,16.0,1.6555124487604924e-15,8.345572107324286e-16,0.0,coef_energy_material_checkpoint_lambdas,0.0,2.5865464210510254,1.6624866724014282,84,R1,4.400000095367432,4.400000095367432
0.0,nan,nan,-5.214753893675308e-19,00000_001845_04,16.0,5.755234739893222e-19,2.434968208751109e-19,0.0,coef_energy_material_checkpoint_lambdas,0.0,2.6309094429016113,1.643265962600708,87,R1,4.400000095367432,4.400000095367432
0.0,nan,nan,-1.4224862274157775e-22,00000_001845_04,16.0,1.4973568266036865e-22,5.293955920339377e-23,0.0,coef_energy_material_checkpoint_lambdas,0.0,2.7538766860961914,1.6002064943313599,90,R1,4.400000095367432,4.400000095367432
0.0,nan,nan,0.1825563609600067,00000_001845_05,4.0,0.2125696837902069,0.21198458969593048,0.9871692657470703,coef_energy_material_checkpoint_lambdas,1.0,2.2733097076416016,1.4738178253173828,0,R1,3.8254377245903015,4.074634343385696
0.0,nan,nan,0.0038709642831236124,00000_001845_05,5.0,0.00395578658208251,0.0008147903135977685,0.5001314878463745,coef_energy_material_checkpoint_lambdas,0.0,2.2441203594207764,1.4581854343414307,3,R1,3.2038509249687195,3.2038509249687195
0.0,nan,nan,0.21421709656715393,00000_001845_05,5.0,0.2779991030693054,0.06267829984426498,0.9999597668647766,coef_energy_material_checkpoint_lambdas,0.0,2.191174030303955,1.4415532350540161,6,R1,2.3734610974788666,2.094111979007721
0.0,nan,nan,0.9094955921173096,00000_001845_05,2.0,1.2808895111083984,1.2168374061584473,-0.40524306893348694,coef_energy_material_checkpoint_lambdas,0.0,2.189289093017578,1.42966628074646,9,R1,2.0521601736545563,1.0241831541061401
0.0,nan,nan,1.0369961261749268,00000_001845_05,3.0,1.2889684438705444,1.0369961261749268,0.931366503238678,coef_energy_material_checkpoint_lambdas,0.0,2.171243667602539,1.427310585975647,12,R1,2.025816261768341,0.26307937502861023
0.0,nan,nan,2.0553083419799805,00000_001845_05,1.0,4.077840805053711,3.943753480911255,0.7876809239387512,coef_energy_material_checkpoint_lambdas,0.0,2.2172043323516846,1.440685749053955,36,R1,3.702146828174591,0.3940357565879822
0.0,nan,nan,0.4628726541996002,00000_001845_05,3.0,2.2615256309509277,2.2136502265930176,0.8988538980484009,coef_energy_material_checkpoint_lambdas,0.0,2.2239134311676025,1.4522440433502197,39,R1,3.502007156610489,3.502007156610489
0.0,nan,nan,1.3953262567520142,00000_001845_05,1.0,1.4032005071640015,1.3953262567520142,0.12376171350479126,coef_energy_material_checkpoint_lambdas,0.0,2.251923084259033,1.463168978691101,42,R1,3.907165616750717,2.8423731923103333
0.0,nan,nan,4.001470565795898,00000_001845_05,3.0,4.213507652282715,3.7627086639404297,0.6417352557182312,coef_energy_material_checkpoint_lambdas,0.0,2.2757604122161865,1.5046327114105225,48,R1,3.502007156610489,0.4921259880065918
0.0,nan,nan,-0.4865647554397583,00000_001845_05,1.0,1.3069497346878052,0.10727396607398987,0.5930051207542419,coef_energy_material_checkpoint_lambdas,0.0,2.3337109088897705,1.5353102684020996,54,R1,4.378308713436127,0.5271754264831543
0.0,nan,nan,2.143467664718628,00000_001845_05,2.0,4.352273464202881,3.787853240966797,0.9888840317726135,coef_energy_material_checkpoint_lambdas,0.0,2.313753128051758,1.5590101480484009,57,R1,4.399160623550415,4.399160623550415
0.0,nan,nan,0.013712742365896702,00000_001845_05,4.0,0.01372303906828165,0.013712742365896702,0.9906493425369263,coef_energy_material_checkpoint_lambdas,0.0,2.341252088546753,1.5599383115768433,60,R1,4.010590046644211,4.424369156360626
0.0,nan,nan,0.1382540762424469,00000_001845_05,4.0,0.13952472805976868,0.12521830201148987,0.9936957955360413,coef_energy_material_checkpoint_lambdas,0.0,2.3564157485961914,1.569446325302124,63,R1,4.377257466316223,2.2245272397994995
0.0,nan,nan,2.1853530406951904,00000_001845_05,5.0,2.444256067276001,1.7297019958496094,0.9996019601821899,coef_energy_material_checkpoint_lambdas,0.0,2.378309488296509,1.5986078977584839,66,R1,4.266004204750061,0.5678080916404724
0.0,nan,nan,4.455501556396484,00000_001845_05,4.0,4.629406929016113,4.039310932159424,0.9984725117683411,coef_energy_material_checkpoint_lambdas,0.0,2.4523463249206543,1.628474473953247,69,R1,4.401344180107117,4.402632653713226
0.0,nan,nan,0.0013730227947235107,00000_001845_05,12.0,0.0030466692987829447,0.0009522749460302293,0.9900776743888855,coef_energy_material_checkpoint_lambdas,0.0,2.536153793334961,1.6284440755844116,72,R1,4.400000095367432,4.400000095367432
0.0,nan,nan,7.369168386617275e-09,00000_001845_05,14.0,1.2669462812198162e-08,7.369168386617275e-09,0.0,coef_energy_material_checkpoint_lambdas,0.0,2.538644790649414,1.6412005424499512,75,R1,4.400000095367432,4.400000095367432
0.0,nan,nan,-2.610814342496326e-12,00000_001845_05,16.0,5.832450841736225e-12,2.610814342496326e-12,0.0,coef_energy_material_checkpoint_lambdas,0.0,2.6688601970672607,1.5930964946746826,78,R1,4.400000095367432,4.400000095367432
0.0,nan,nan,0.1825563609600067,00000_001845_06,4.0,0.2125696837902069,0.21198458969593048,0.9871692657470703,coef_energy_material_checkpoint_lambdas,1.0,2.2733097076416016,1.4738178253173828,0,R1,3.8254377245903015,4.074634343385696
0.0,nan,nan,0.0038709642831236124,00000_001845_06,5.0,0.00395578658208251,0.0008147903135977685,0.5001314878463745,coef_energy_material_checkpoint_lambdas,0.0,2.2441203594207764,1.4581854343414307,3,R1,3.2038509249687195,3.2038509249687195
0.0,nan,nan,0.21421709656715393,00000_001845_06,5.0,0.2779991030693054,0.06267829984426498,0.9999597668647766,coef_energy_material_checkpoint_lambdas,0.0,2.191174030303955,1.4415532350540161,6,R1,2.3734610974788666,2.094111979007721
0.0,nan,nan,0.9092303514480591,00000_001845_06,2.0,1.2803550958633423,1.2163803577423096,-0.4051273465156555,coef_energy_material_checkpoint_lambdas,0.0,2.1884982585906982,1.4302372932434082,9,R1,2.0521601736545563,1.0241831541061401
0.0,nan,nan,1.036288857460022,00000_001845_06,3.0,1.2880676984786987,1.036288857460022,0.9313747882843018,coef_energy_material_checkpoint_lambdas,0.0,2.169599771499634,1.427971601486206,12,R1,2.025816261768341,0.26307937502861023
0.0,nan,nan,2.0543265342712402,00000_001845_06,1.0,4.075677394866943,3.941693067550659,0.7876999378204346,coef_energy_material_checkpoint_lambdas,0.0,2.2159407138824463,1.442059874534607,36,R1,3.702146828174591,0.3940357565879822
0.0,nan,nan,0.46427255868911743,00000_001845_06,3.0,2.2656211853027344,2.217541456222534,0.8987429141998291,coef_energy_material_checkpoint_lambdas,0.0,2.229098081588745,1.4494329690933228,39,R1,3.502007156610489,3.502007156610489
0.0,nan,nan,1.3967126607894897,00000_001845_06,1.0,1.4045708179473877,1.3967126607894897,0.1236029788851738,coef_energy_material_checkpoint_lambdas,0.0,2.254167318344116,1.4623959064483643,42,R1,3.907165616750717,2.8423731923103333
0.0,nan,nan,4.032761573791504,00000_001845_06,3.0,4.245642185211182,3.7902917861938477,0.6412883996963501,coef_energy_material_checkpoint_lambdas,0.0,2.294233560562134,1.4944095611572266,48,R1,3.502007156610489,0.4921259880065918
0.0,nan,nan,0.7485170364379883,00000_001845_06,2.0,1.1577132940292358,0.45520102977752686,0.10320276021957397,coef_energy_material_checkpoint_lambdas,0.0,2.357325792312622,1.5208196640014648,54,R1,4.401654541492462,1.1075246334075928
0.0,nan,nan,2.1433138847351074,00000_001845_06,2.0,4.3519606590271,3.787580728530884,0.988883912563324,coef_energy_material_checkpoint_lambdas,0.0,2.3135855197906494,1.5589158535003662,57,R1,4.399160623550415,4.399160623550415
0.0,nan,nan,0.013868238776922226,00000_001845_06,4.0,0.013877233490347862,0.013868238776922226,0.9910186529159546,coef_energy_material_checkpoint_lambdas,0.0,2.3205502033233643,1.5754245519638062,60,R1,4.010590046644211,4.424369156360626
0.0,nan,nan,0.138369619846344,00000_001845_06,4.0,0.1396414041519165,0.12532275915145874,0.9936952590942383,coef_energy_material_checkpoint_lambdas,0.0,2.358471632003784,1.5676928758621216,63,R1,4.377257466316223,2.2245272397994995
0.0,nan,nan,4.555113315582275,00000_001845_06,4.0,5.09747838973999,5.097469806671143,0.9995867609977722,coef_energy_material_checkpoint_lambdas,0.0,2.5144660472869873,1.5536034107208252,66,R1,4.365097641944885,0.5678080916404724
0.0,nan,nan,4.495339870452881,00000_001845_06,4.0,4.670739650726318,4.495339870452881,0.9984750747680664,coef_energy_material_checkpoint_lambdas,0.0,2.4721879959106445,1.6685309410095215,69,R1,4.401344180107117,0.5665900111198425
0.0,nan,nan,4.71183967590332,00000_001845_06,1.0,4.712486267089844,4.71183967590332,0.9865882992744446,coef_energy_material_checkpoint_lambdas,0.0,2.5116586685180664,1.6341227293014526,72,R1,4.4038702845573425,0.5670731067657471
0.0,nan,nan,0.35491394996643066,00000_001845_06,10.0,0.3827085793018341,0.14971497654914856,0.9996455311775208,coef_energy_material_checkpoint_lambdas,0.0,2.554328680038452,1.5982341766357422,75,R1,4.40000057220459,4.400003373622894
0.0,nan,nan,0.00018260751676280051,00000_001845_06,13.0,0.00019683218852151185,7.346703932853416e-05,0.0,coef_energy_material_checkpoint_lambdas,0.0,2.54943585395813,1.609786868095398,78,R1,4.400000095367432,4.400000095367432
0.0,nan,nan,3.630698230949747e-08,00000_001845_06,15.0,3.743131671285482e-08,9.105297849032468e-09,0.0,coef_energy_material_checkpoint_lambdas,0.0,2.5805788040161133,1.618483304977417,81,R1,4.400000095367432,4.400000095367432
0.0,nan,nan,5.2981690215614385e-12,00000_001845_06,16.0,5.451342936085846e-12,1.2831760393822167e-12,0.0,coef_energy_material_checkpoint_lambdas,0.0,2.590768575668335,1.6345508098602295,84,R1,4.400000095367432,4.400000095367432
0.0,nan,nan,-2.6649310352449803e-15,00000_001845_06,16.0,3.9337518736393216e-15,2.8935352750717857e-15,0.0,coef_energy_material_checkpoint_lambdas,0.0,2.6462182998657227,1.6276490688323975,87,R1,4.400000095367432,4.400000095367432
0.0,nan,nan,-8.33213571632622e-18,00000_001845_06,16.0,1.1919417855260462e-17,8.523382355490317e-18,0.0,coef_energy_material_checkpoint_lambdas,0.0,2.740086078643799,1.5953737497329712,90,R1,4.400000095367432,4.400000095367432
0.0,nan,nan,0.20240077376365662,00000_001858_00,4.0,0.21369467675685883,0.09464561194181442,0.9639636874198914,coef_energy_material_checkpoint_lambdas,0.0,2.214923620223999,1.4208734035491943,3,R1,2.0067811608314514,1.0479984879493713
0.0,nan,nan,1.560582160949707,00000_001858_00,3.0,1.5637898445129395,1.1742866039276123,0.9869630336761475,coef_energy_material_checkpoint_lambdas,0.0,2.187772512435913,1.415205717086792,6,R1,2.009442776441574,0.2778143286705017
0.0,nan,nan,2.065264940261841,00000_001858_00,1.0,2.1901683807373047,1.3447341918945312,0.9872482419013977,coef_energy_material_checkpoint_lambdas,0.0,2.1860294342041016,1.4111143350601196,12,R1,2.0117387175559998,0.3007569909095764
0.0,nan,nan,2.3128819465637207,00000_001858_00,2.0,3.480663537979126,3.4746928215026855,0.9121548533439636,coef_energy_material_checkpoint_lambdas,0.0,2.2348670959472656,1.452473521232605,30,R1,3.7905049324035645,0.47789913415908813
0.0,nan,nan,1.042653203010559,00000_001858_00,1.0,1.9586718082427979,1.9493314027786255,-0.11835192143917084,coef_energy_material_checkpoint_lambdas,0.0,2.271123170852661,1.490346074104309,36,R1,3.7026181519031525,2.1682676672935486
0.0,nan,nan,1.2870913743972778,00000_001858_00,2.0,1.4117846488952637,1.094473958015442,0.5155587196350098,coef_energy_material_checkpoint_lambdas,0.0,2.294339656829834,1.5051898956298828,39,R1,3.9265326261520386,0.5497334003448486
0.0,nan,nan,-0.17196354269981384,00000_001858_00,2.0,0.22407656908035278,0.20539987087249756,0.8279669284820557,coef_energy_material_checkpoint_lambdas,0.0,2.360877752304077,1.5263758897781372,45,R1,4.397982060909271,1.6566237807273865
0.0,nan,nan,1.6915887594223022,00000_001858_00,2.0,3.999861478805542,3.1339545249938965,0.9939873814582825,coef_energy_material_checkpoint_lambdas,0.0,2.3827667236328125,1.539728045463562,48,R1,4.400681138038635,0.5645787715911865
0.0,nan,nan,2.564873456954956,00000_001858_00,2.0,3.963742971420288,3.9505391120910645,0.6249356865882874,coef_energy_material_checkpoint_lambdas,0.0,2.3352625370025635,1.6094599962234497,54,R1,4.093572795391083,0.5178569555282593
0.0,nan,nan,0.5617620348930359,00000_001858_00,1.0,0.6348339915275574,0.45816901326179504,-0.2361762672662735,coef_energy_material_checkpoint_lambdas,0.0,2.4789645671844482,1.5594362020492554,57,R1,3.9574865996837616,0.4229958951473236
0.0,nan,nan,3.69099497795105,00000_001858_00,3.0,4.111101150512695,4.110981464385986,0.9017537832260132,coef_energy_material_checkpoint_lambdas,0.0,2.6256017684936523,1.5015480518341064,60,R1,4.400757610797882,0.5566632747650146
0.0,nan,nan,0.00032647233456373215,00000_001858_01,4.0,0.035089775919914246,0.03152989596128464,-0.7393408417701721,coef_energy_material_checkpoint_lambdas,0.0,2.2654783725738525,1.4721815586090088,0,R1,3.8563891649246216,3.9338983297348022
0.0,nan,nan,0.018603866919875145,00000_001858_01,3.0,0.2102488875389099,0.2094241827726364,0.7033272981643677,coef_energy_material_checkpoint_lambdas,0.0,2.241744041442871,1.4584459066390991,3,R1,3.0462154746055603,3.0462154746055603
0.0,nan,nan,0.36549925804138184,00000_001858_01,5.0,0.41707509756088257,0.016236670315265656,0.999987006187439,coef_energy_material_checkpoint_lambdas,0.0,2.20512318611145,1.4402377605438232,6,R1,2.2124936282634735,1.7397083342075348
0.0,nan,nan,0.09836378693580627,00000_001858_01,4.0,0.13779519498348236,0.0013185115531086922,0.9999266266822815,coef_energy_material_checkpoint_lambdas,0.0,2.195117473602295,1.4482102394104004,9,R1,2.016415446996689,0.7801496386528015
0.0,nan,nan,4.078473091125488,00000_001858_01,1.0,4.247576713562012,3.722952365875244,0.9980556964874268,coef_energy_material_checkpoint_lambdas,0.0,2.1881890296936035,1.448208212852478,12,R1,3.0462154746055603,0.30377519130706787
0.0,nan,nan,0.15296925604343414,00000_001858_01,1.0,0.16671180725097656,0.009126000106334686,0.906105637550354,coef_energy_material_checkpoint_lambdas,0.0,2.177145481109619,1.4133601188659668,21,R1,2.0077074766159058,0.5372313559055328
0.0,nan,nan,3.661593437194824,00000_001858_01,1.0,4.315326690673828,4.203878879547119,0.8556545972824097,coef_energy_material_checkpoint_lambdas,0.0,2.2263753414154053,1.4542211294174194,39,R1,3.7406024038791656,0.45211663842201233
0.0,nan,nan,2.7739343643188477,00000_001858_01,1.0,3.493466854095459,3.139930486679077,-0.15875406563282013,coef_energy_material_checkpoint_lambdas,0.0,2.2655434608459473,1.481778621673584,45,R1,3.698267638683319,2.637102246284485
0.0,nan,nan,1.0351126194000244,00000_001858_01,3.0,2.0065526962280273,2.000393867492676,0.6990503072738647,coef_energy_material_checkpoint_lambdas,0.0,2.2900686264038086,1.4997087717056274,48,R1,3.5745745599269867,1.0984812378883362
0.0,nan,nan,0.013510942459106445,00000_001858_01,2.0,1.2335824966430664,1.0972412824630737,0.08427433669567108,coef_energy_material_checkpoint_lambdas,0.0,2.3216323852539062,1.5314466953277588,54,R1,4.3836435079574585,2.190531373023987
0.0,nan,nan,0.12695534527301788,00000_001858_01,3.0,0.15997838973999023,0.1586020290851593,0.9873554706573486,coef_energy_material_checkpoint_lambdas,0.0,2.337454319000244,1.5481382608413696,57,R1,4.3452746868133545,4.401486754417419
0.0,nan,nan,0.12970004975795746,00000_001858_01,3.0,0.13465316593647003,0.12970006465911865,0.996751606464386,coef_energy_material_checkpoint_lambdas,0.0,2.3478150367736816,1.5580627918243408,60,R1,4.098065286874771,2.7569940090179443
0.0,nan,nan,0.27533838152885437,00000_001858_01,2.0,1.3915152549743652,0.17012658715248108,0.9853116869926453,coef_energy_material_checkpoint_lambdas,0.0,2.4099855422973633,1.5573917627334595,63,R1,4.302854120731354,0.5596960186958313
0.0,nan,nan,0.5544395446777344,00000_001858_01,1.0,1.25272798538208,1.1863791942596436,0.9936365485191345,coef_energy_material_checkpoint_lambdas,0.0,2.45216703414917,1.5985716581344604,69,R1,4.400192856788635,0.5563647747039795
0.0,nan,nan,4.330249786376953,00000_001858_01,1.0,4.330249309539795,4.330249309539795,0.9999831914901733,coef_energy_material_checkpoint_lambdas,0.0,2.434684991836548,1.6399643421173096,72,R1,4.402293026447296,0.5597073435783386
0.0,nan,nan,0.03402674198150635,00000_001858_01,13.0,0.040987998247146606,0.007901998236775398,0.9996488094329834,coef_energy_material_checkpoint_lambdas,0.0,2.536987781524658,1.6302409172058105,75,R1,4.400000095367432,4.400000095367432
0.0,nan,nan,-9.375177967285708e-08,00000_001858_01,14.0,1.463832717263358e-07,9.375177967285708e-08,0.0,coef_energy_material_checkpoint_lambdas,0.0,2.7255969047546387,1.5773332118988037,78,R1,4.400000095367432,4.400000095367432
0.0,nan,nan,3.8808488845825195,00000_001858_02,1.0,4.0172953605651855,3.478228807449341,0.9538922309875488,coef_energy_material_checkpoint_lambdas,0.0,2.2310986518859863,1.4779008626937866,0,R2,3.882990598678589,0.36468687653541565
0.0,nan,nan,2.418109655380249,00000_001858_02,3.0,3.160022497177124,3.148348331451416,-0.5962371826171875,coef_energy_material_checkpoint_lambdas,0.0,2.1985840797424316,1.4730709791183472,3,R2,2.889870673418045,0.4162296652793884
0.0,nan,nan,1.5014346837997437,00000_001858_02,2.0,1.868607997894287,1.5300917625427246,0.1254204660654068,coef_energy_material_checkpoint_lambdas,0.0,2.136234998703003,1.4933137893676758,6,R2,2.145573318004608,1.796100914478302
0.0,nan,nan,0.014616906642913818,00000_001858_02,2.0,0.32484155893325806,0.31248190999031067,0.7040160298347473,coef_energy_material_checkpoint_lambdas,0.0,2.1829748153686523,1.4592559337615967,9,R2,2.0271748304367065,0.7667624354362488
0.0,nan,nan,0.7501180171966553,00000_001858_02,2.0,3.7146708965301514,2.918593406677246,0.9835084676742554,coef_energy_material_checkpoint_lambdas,0.0,2.209770441055298,1.4245600700378418,12,R2,2.403443366289139,0.2674821615219116
0.0,nan,nan,-0.0018978188745677471,00000_001858_02,2.0,0.002074368530884385,0.0019341125153005123,0.27706047892570496,coef_energy_material_checkpoint_lambdas,0.0,2.1899356842041016,1.4043645858764648,18,R2,2.0383640229701996,1.0374531745910645
0.0,nan,nan,2.0641846656799316,00000_001858_02,1.0,2.1890246868133545,1.344036340713501,0.9872478246688843,coef_energy_material_checkpoint_lambdas,0.0,2.1849207878112793,1.4099489450454712,21,R2,2.0117387175559998,0.3007569909095764
0.0,nan,nan,2.311983585357666,00000_001858_02,2.0,3.4797375202178955,3.4737462997436523,0.9121994972229004,coef_energy_material_checkpoint_lambdas,0.0,2.233731269836426,1.4547823667526245,39,R2,3.7905049324035645,0.47789913415908813
0.0,nan,nan,1.0436434745788574,00000_001858_02,1.0,1.959916591644287,1.9505324363708496,-0.11854800581932068,coef_energy_material_checkpoint_lambdas,0.0,2.272512912750244,1.4896376132965088,45,R2,3.7026181519031525,2.1682676672935486
0.0,nan,nan,1.287344217300415,00000_001858_02,2.0,1.4120491743087769,1.0946613550186157,0.5155416131019592,coef_energy_material_checkpoint_lambdas,0.0,2.29479718208313,1.5045533180236816,48,R2,3.9265326261520386,0.5497334003448486
0.0,nan,nan,-0.17143383622169495,00000_001858_02,2.0,0.22378084063529968,0.20531684160232544,0.8267832398414612,coef_energy_material_checkpoint_lambdas,0.0,2.365093469619751,1.5230963230133057,54,R2,4.397982060909271,1.6566237807273865
0.0,nan,nan,1.6932765245437622,00000_001858_02,2.0,4.003971099853516,3.1371400356292725,0.9939858913421631,coef_energy_material_checkpoint_lambdas,0.0,2.3855135440826416,1.5369147062301636,57,R2,4.400681138038635,0.5645787715911865
0.0,nan,nan,0.3572216331958771,00000_001858_02,1.0,1.3150484561920166,0.8855025768280029,-0.9491440653800964,coef_energy_material_checkpoint_lambdas,0.0,2.4166312217712402,1.5556674003601074,63,R2,4.312856078147888,2.582758992910385
0.0,nan,nan,0.19476918876171112,00000_001858_02,3.0,0.34077146649360657,0.16300079226493835,0.6870279312133789,coef_energy_material_checkpoint_lambdas,0.0,2.4606194496154785,1.5406653881072998,66,R2,4.194961756467819,1.0975290536880493
0.0,nan,nan,3.8659887313842773,00000_001970_06,1.0,3.868501663208008,3.8659884929656982,0.6726539731025696,coef_energy_material_checkpoint_lambdas,0.0,2.1974871158599854,1.438841700553894,0,R3,3.4996381402015686,0.2838054299354553
0.0,nan,nan,3.147780179977417,00000_001970_06,1.0,3.1836740970611572,2.5629074573516846,0.9111758470535278,coef_energy_material_checkpoint_lambdas,0.0,2.17205548286438,1.4897737503051758,30,R3,3.321558564901352,0.8219925165176392
0.0,nan,nan,3.4701428413391113,00000_001970_06,1.0,3.470148801803589,3.4701428413391113,0.9906772971153259,coef_energy_material_checkpoint_lambdas,0.0,2.2217204570770264,1.4874552488327026,36,R3,4.311411291360855,0.4361841082572937
0.0,nan,nan,3.119636058807373,00000_001970_06,2.0,3.9224698543548584,3.242236375808716,0.999642550945282,coef_energy_material_checkpoint_lambdas,0.0,2.2106196880340576,1.5185743570327759,39,R3,4.1796994805336,0.5375258922576904
0.0,nan,nan,1.66775643825531,00000_001970_06,1.0,3.948974132537842,3.923224687576294,0.9961469769477844,coef_energy_material_checkpoint_lambdas,0.0,2.3441402912139893,1.5430684089660645,54,R3,4.40105676651001,4.414880573749542
0.0,nan,nan,0.0032748342491686344,00000_001970_06,2.0,0.0032755995634943247,0.001527874730527401,0.4496590495109558,coef_energy_material_checkpoint_lambdas,0.0,2.3577048778533936,1.5434589385986328,57,R3,4.400174975395203,4.408134698867798
0.0,nan,nan,1.5959839820861816,00000_001970_06,2.0,2.263673782348633,2.2636642456054688,0.9781544208526611,coef_energy_material_checkpoint_lambdas,0.0,2.3831381797790527,1.5641670227050781,60,R3,4.4000890254974365,3.315225899219513
0.0,nan,nan,2.2741379737854004,00000_001970_06,4.0,2.4047248363494873,2.3836214542388916,0.9966350793838501,coef_energy_material_checkpoint_lambdas,0.0,2.403681993484497,1.575859546661377,63,R3,4.400043368339539,1.6612866520881653
0.0,nan,nan,3.538400173187256,00000_001970_06,4.0,3.9077179431915283,3.065655469894409,0.9666087031364441,coef_energy_material_checkpoint_lambdas,0.0,2.43538236618042,1.599822998046875,66,R3,4.401796340942383,0.5938301086425781
0.0,nan,nan,-0.015270191244781017,00000_001970_07,2.0,0.04318277910351753,0.004406109917908907,0.9852837324142456,coef_energy_material_checkpoint_lambdas,0.0,2.243180990219116,1.467594861984253,0,R3,4.020819753408432,1.391939103603363
0.0,nan,nan,3.237189292907715,00000_001970_07,2.0,3.2394628524780273,2.203233242034912,-0.7584670782089233,coef_energy_material_checkpoint_lambdas,0.0,2.206615924835205,1.4409648180007935,3,R3,3.8869802057743073,0.33888134360313416
0.0,nan,nan,1.907775640487671,00000_001970_07,1.0,2.1285576820373535,0.008837491273880005,0.5401109457015991,coef_energy_material_checkpoint_lambdas,0.0,2.137690782546997,1.442994475364685,27,R3,3.430082857608795,1.5193274021148682
0.0,nan,nan,2.7183327674865723,00000_001970_07,1.0,3.4925856590270996,3.4727680683135986,0.3920300602912903,coef_energy_material_checkpoint_lambdas,0.0,2.1795668601989746,1.4731311798095703,33,R3,3.243353545665741,0.3350274860858917
0.0,nan,nan,1.2976901531219482,00000_001970_07,2.0,1.6466374397277832,1.3719651699066162,0.01426552701741457,coef_energy_material_checkpoint_lambdas,0.0,2.2083895206451416,1.5088642835617065,42,R3,4.309295266866684,0.440997838973999
0.0,nan,nan,3.8073863983154297,00000_001970_07,4.0,3.8453245162963867,3.073232650756836,0.9406483173370361,coef_energy_material_checkpoint_lambdas,0.0,2.4115700721740723,1.5944403409957886,60,R3,4.400552451610565,4.405376613140106
0.0,nan,nan,1.4959399700164795,00000_001970_07,7.0,1.5724520683288574,1.400403618812561,0.9990394711494446,coef_energy_material_checkpoint_lambdas,0.0,2.4241280555725098,1.6006325483322144,63,R3,4.400007128715515,4.400126516819
0.0,nan,nan,0.004028068855404854,00000_001970_07,8.0,0.005945491138845682,0.004028068855404854,0.9999632835388184,coef_energy_material_checkpoint_lambdas,0.0,2.442675828933716,1.6065948009490967,66,R3,4.400000095367432,4.400000095367432
0.0,nan,nan,2.1149933672859333e-05,00000_001970_07,10.0,2.1215782908257097e-05,2.1149933672859333e-05,0.0,coef_energy_material_checkpoint_lambdas,0.0,2.535114049911499,1.57319176197052,69,R3,4.400000095367432,4.400000095367432
0.0,nan,nan,4.711538314819336,00000_001980_00,1.0,4.711648941040039,4.711538314819336,0.9990512132644653,coef_energy_material_checkpoint_lambdas,0.0,2.3870701789855957,1.4834532737731934,0,R3,3.61988827586174,0.5075363516807556
0.0,nan,nan,4.6381144523620605,00000_001980_00,1.0,4.640077114105225,4.6381144523620605,0.9832346439361572,coef_energy_material_checkpoint_lambdas,0.0,2.35251522064209,1.476737141609192,3,R3,3.5502156913280487,0.5331715941429138
0.0,nan,nan,4.47691011428833,00000_001980_00,1.0,4.476911544799805,4.47691011428833,0.9999858140945435,coef_energy_material_checkpoint_lambdas,0.0,2.30947208404541,1.4643218517303467,6,R3,3.8260019719600677,0.4797787666320801
0.0,nan,nan,0.18233977258205414,00000_001980_00,1.0,1.2939319610595703,1.281019926071167,0.964381754398346,coef_energy_material_checkpoint_lambdas,0.0,2.1778693199157715,1.4307582378387451,15,R3,3.4122244119644165,0.5266245901584625
0.0,nan,nan,1.0748857259750366,00000_001980_00,1.0,1.6001002788543701,1.1853022575378418,0.999397337436676,coef_energy_material_checkpoint_lambdas,0.0,2.182328939437866,1.4652460813522339,39,R3,3.4406026005744934,3.4406026005744934
0.0,nan,nan,-0.18048584461212158,00000_001980_00,2.0,0.19052299857139587,0.061023518443107605,0.9887595176696777,coef_energy_material_checkpoint_lambdas,0.0,2.2311627864837646,1.4753086566925049,42,R3,3.647669732570648,3.647669732570648
0.0,nan,nan,0.2232132852077484,00000_001980_00,3.0,0.22323602437973022,0.09697437286376953,0.9999971389770508,coef_energy_material_checkpoint_lambdas,1.0,2.256289482116699,1.4938956499099731,45,R3,3.5014511942863464,3.623795837163925
0.0,nan,nan,0.049733832478523254,00000_001980_00,6.0,0.3686624765396118,0.30448585748672485,0.8824228048324585,coef_energy_material_checkpoint_lambdas,0.0,2.266983985900879,1.5055136680603027,48,R3,3.3945696353912354,3.483746200799942
0.0,nan,nan,0.1305912733078003,00000_001980_00,4.0,0.3057910203933716,0.1889098435640335,0.9985501170158386,coef_energy_material_checkpoint_lambdas,0.0,2.278503656387329,1.51738703250885,51,R3,3.5733851194381714,3.527499258518219
0.0,nan,nan,-0.05625075101852417,00000_001980_00,4.0,0.15828707814216614,0.06484462320804596,0.9998982548713684,coef_energy_material_checkpoint_lambdas,1.0,2.298311233520508,1.534360647201538,54,R3,3.623795837163925,3.73520764708519
0.0,nan,nan,0.5808385610580444,00000_001980_00,4.0,1.6429519653320312,1.5368530750274658,0.9124637842178345,coef_energy_material_checkpoint_lambdas,0.0,2.3406920433044434,1.5460020303726196,57,R3,3.294497489929199,2.5574851632118225
0.0,nan,nan,3.5665955543518066,00000_001980_00,2.0,3.9798502922058105,3.9798200130462646,0.9987631440162659,coef_energy_material_checkpoint_lambdas,0.0,2.3946902751922607,1.5727866888046265,69,R3,3.782185047864914,0.5482524633407593
0.0,nan,nan,4.151912212371826,00000_001980_00,1.0,4.534749507904053,4.151912212371826,0.9966827630996704,coef_energy_material_checkpoint_lambdas,0.0,2.4310619831085205,1.6075668334960938,75,R3,4.3527708649635315,0.5570603013038635
0.0,nan,nan,4.086075782775879,00000_001980_00,1.0,4.3126220703125,4.086075782775879,0.9907827973365784,coef_energy_material_checkpoint_lambdas,0.0,2.4811830520629883,1.6178007125854492,78,R3,4.402530670166016,0.5610885620117188
0.0,nan,nan,1.1616405248641968,00000_001980_00,5.0,1.1616593599319458,1.1616405248641968,0.9965834021568298,coef_energy_material_checkpoint_lambdas,0.0,2.4857077598571777,1.6371430158615112,81,R3,4.400225460529327,0.5560585856437683
0.0,nan,nan,2.1798393726348877,00000_001980_00,4.0,2.4449541568756104,2.179839611053467,0.9999980926513672,coef_energy_material_checkpoint_lambdas,0.0,2.7044286727905273,1.5643401145935059,87,R3,4.162799149751663,0.5665377378463745
0.0,nan,nan,2.397916316986084,00000_001980_01,1.0,3.68251371383667,2.794799566268921,0.843256950378418,coef_energy_material_checkpoint_lambdas,0.0,2.1759769916534424,1.455686330795288,24,R3,3.3892077803611755,3.3892077803611755
0.0,nan,nan,-0.282704621553421,00000_001980_01,1.0,0.40943586826324463,0.29616859555244446,0.9510033130645752,coef_energy_material_checkpoint_lambdas,0.0,2.208052635192871,1.4754738807678223,27,R3,3.630526125431061,3.630526125431061
0.0,nan,nan,0.38853681087493896,00000_001980_01,3.0,0.38921746611595154,0.1531795710325241,0.9999985694885254,coef_energy_material_checkpoint_lambdas,0.0,2.243884325027466,1.4878262281417847,30,R3,3.546855479478836,3.6156585812568665
0.0,nan,nan,0.37157177925109863,00000_001980_01,5.0,0.3888765275478363,0.11471429467201233,0.9767736196517944,coef_energy_material_checkpoint_lambdas,1.0,2.2657182216644287,1.5025696754455566,33,R3,3.3892077803611755,3.5679194927215576
0.0,nan,nan,0.0977475643157959,00000_001980_01,5.0,0.3390578329563141,0.32466232776641846,0.9997637271881104,coef_energy_material_checkpoint_lambdas,0.0,2.2741050720214844,1.5100436210632324,36,R3,3.4623254239559174,3.4623254239559174
0.0,nan,nan,0.09906182438135147,00000_001980_01,5.0,0.16472771763801575,0.09353291988372803,0.9999825954437256,coef_energy_material_checkpoint_lambdas,0.0,2.2601747512817383,1.5478425025939941,39,R3,3.6083917021751404,3.687576651573181
0.0,nan,nan,0.31758880615234375,00000_001980_01,3.0,0.41282644867897034,0.26374801993370056,0.9977818131446838,coef_energy_material_checkpoint_lambdas,0.0,2.303718090057373,1.5555317401885986,42,R3,3.2350361347198486,3.6872922480106354
0.0,nan,nan,0.09722673147916794,00000_001980_01,2.0,0.1489662230014801,0.11286228150129318,0.9652602076530457,coef_energy_material_checkpoint_lambdas,0.0,2.3653228282928467,1.5652434825897217,45,R3,3.5930146276950836,1.6364572644233704
0.0,nan,nan,4.036269187927246,00000_001980_01,1.0,4.7487311363220215,4.728985786437988,0.9932058453559875,coef_energy_material_checkpoint_lambdas,0.0,2.4251179695129395,1.590482234954834,51,R3,4.404657185077667,0.6026517152786255
0.0,nan,nan,3.866680383682251,00000_001980_01,6.0,3.989501953125,3.4287450313568115,0.975455641746521,coef_energy_material_checkpoint_lambdas,0.0,2.4366238117218018,1.5941029787063599,54,R3,4.400299906730652,4.403407096862793
0.0,nan,nan,0.036075517535209656,00000_001980_01,7.0,0.04092295840382576,0.036075517535209656,0.9921884536743164,coef_energy_material_checkpoint_lambdas,0.0,2.500453233718872,1.5822595357894897,57,R3,4.400000095367432,4.400029122829437
0.0,nan,nan,0.0002677846932783723,00000_001980_01,9.0,0.000416573224356398,0.00021804359857924283,-0.6764642000198364,coef_energy_material_checkpoint_lambdas,0.0,2.6407406330108643,1.5438896417617798,60,R3,4.399996876716614,4.400000095367432
0.0,nan,nan,4.712945938110352,00000_001980_02,1.0,4.713057041168213,4.712945938110352,0.9990512728691101,coef_energy_material_checkpoint_lambdas,0.0,2.3876545429229736,1.4844071865081787,0,R3,3.61988827586174,0.5075363516807556
0.0,nan,nan,4.6381449699401855,00000_001980_02,1.0,4.640110015869141,4.6381449699401855,0.983238160610199,coef_energy_material_checkpoint_lambdas,0.0,2.352295398712158,1.4776947498321533,3,R3,3.5502156913280487,0.5331715941429138
0.0,nan,nan,4.476531028747559,00000_001980_02,1.0,4.476531982421875,4.4765305519104,0.9999858140945435,coef_energy_material_checkpoint_lambdas,0.0,2.3091177940368652,1.4649336338043213,6,R3,3.8260019719600677,0.4797787666320801
0.0,nan,nan,3.7228200435638428,00000_001980_02,1.0,3.825258731842041,3.809844493865967,0.9653270244598389,coef_energy_material_checkpoint_lambdas,0.0,2.1805059909820557,1.4218065738677979,15,R3,3.2344709932804108,0.28240299224853516
0.0,nan,nan,1.0742915868759155,00000_001980_02,1.0,1.5992217063903809,1.184654951095581,0.9993973970413208,coef_energy_material_checkpoint_lambdas,0.0,2.1809275150299072,1.4653184413909912,39,R3,3.4406026005744934,3.4406026005744934
0.0,nan,nan,-0.18089255690574646,00000_001980_02,2.0,0.19090884923934937,0.06102520227432251,0.9888600707054138,coef_energy_material_checkpoint_lambdas,0.0,2.2257158756256104,1.478058099746704,42,R3,3.647669732570648,3.647669732570648
0.0,nan,nan,0.22306287288665771,00000_001980_02,3.0,0.22308561205863953,0.09690892696380615,0.9999970197677612,coef_energy_material_checkpoint_lambdas,1.0,2.2543118000030518,1.4928855895996094,45,R3,3.5014511942863464,3.623795837163925
0.0,nan,nan,0.04970541596412659,00000_001980_02,6.0,0.36850032210350037,0.3043556213378906,0.8824142217636108,coef_energy_material_checkpoint_lambdas,0.0,2.2660629749298096,1.504809856414795,48,R3,3.3945696353912354,3.483746200799942
0.0,nan,nan,0.1302516609430313,00000_001980_02,4.0,0.3051513433456421,0.18857243657112122,0.9985370635986328,coef_energy_material_checkpoint_lambdas,0.0,2.2838921546936035,1.5133888721466064,51,R3,3.5733851194381714,3.527499258518219
0.0,nan,nan,-0.056274667382240295,00000_001980_02,4.0,0.15834517776966095,0.06486523151397705,0.9998986124992371,coef_energy_material_checkpoint_lambdas,1.0,2.2955899238586426,1.5349297523498535,54,R3,3.623795837163925,3.73520764708519
0.0,nan,nan,0.5809125900268555,00000_001980_02,4.0,1.6431013345718384,0.6760451793670654,0.9124694466590881,coef_energy_material_checkpoint_lambdas,0.0,2.3408331871032715,1.5465941429138184,57,R3,3.294497489929199,0.5474032163619995
0.0,nan,nan,3.5706024169921875,00000_001980_02,2.0,3.9843356609344482,2.8282885551452637,0.9987627863883972,coef_energy_material_checkpoint_lambdas,0.0,2.397740364074707,1.57161545753479,69,R3,3.782185047864914,0.5664836764335632
0.0,nan,nan,2.3993308544158936,00000_001980_03,1.0,3.6849703788757324,2.7968227863311768,0.8432212471961975,coef_energy_material_checkpoint_lambdas,0.0,2.17765474319458,1.4538052082061768,24,R3,3.3892077803611755,3.3892077803611755
0.0,nan,nan,-0.28210803866386414,00000_001980_03,1.0,0.40887442231178284,0.29596173763275146,0.9507847428321838,coef_energy_material_checkpoint_lambdas,0.0,2.2098135948181152,1.4730403423309326,27,R3,3.630526125431061,3.630526125431061
0.0,nan,nan,0.3887910544872284,00000_001980_03,3.0,0.389472097158432,0.153280571103096,0.9999986290931702,coef_energy_material_checkpoint_lambdas,0.0,2.2424890995025635,1.4887871742248535,30,R3,3.546855479478836,3.6156585812568665
0.0,nan,nan,0.37165534496307373,00000_001980_03,5.0,0.38896408677101135,0.11474041640758514,0.9767735600471497,coef_energy_material_checkpoint_lambdas,1.0,2.2662363052368164,1.5029072761535645,33,R3,3.3892077803611755,3.5679194927215576
0.0,nan,nan,0.09787245094776154,00000_001980_03,5.0,0.33949896693229675,0.32508543133735657,0.9997639656066895,coef_energy_material_checkpoint_lambdas,0.0,2.2763283252716064,1.512319803237915,36,R3,3.4623254239559174,3.4623254239559174
0.0,nan,nan,0.09755629301071167,00000_001980_03,5.0,0.16226163506507874,0.02927146665751934,0.9999814629554749,coef_energy_material_checkpoint_lambdas,0.0,2.291743040084839,1.5247260332107544,39,R3,3.6083917021751404,2.6967064142227173
0.0,nan,nan,0.4048791527748108,00000_001980_03,6.0,0.6008362770080566,0.5491865277290344,0.9727223515510559,coef_energy_material_checkpoint_lambdas,0.0,2.317185878753662,1.5428005456924438,42,R3,3.3218575716018677,1.5358027815818787
0.0,nan,nan,2.630673885345459,00000_001980_03,1.0,3.7398712635040283,3.7398204803466797,0.9992331266403198,coef_energy_material_checkpoint_lambdas,0.0,2.39206600189209,1.5736769437789917,54,R3,3.9461890161037445,0.5529707074165344
0.0,nan,nan,0.78456050157547,00000_001980_03,1.0,0.800764799118042,0.78456050157547,-0.7096952199935913,coef_energy_material_checkpoint_lambdas,0.0,2.384054183959961,1.5880061388015747,57,R3,4.009861528873444,0.5281673073768616
0.0,nan,nan,1.4424864053726196,00000_001980_03,1.0,2.0541646480560303,2.0541160106658936,0.9053918123245239,coef_energy_material_checkpoint_lambdas,0.0,2.4206342697143555,1.6030491590499878,60,R3,4.314602762460709,0.5099795460700989
0.0,nan,nan,4.184460639953613,00000_001980_03,4.0,4.513658046722412,4.155396461486816,0.9611033201217651,coef_energy_material_checkpoint_lambdas,0.0,2.460768938064575,1.6194052696228027,63,R3,4.396371483802795,0.5974504947662354
0.0,nan,nan,4.0931291580200195,00000_001980_03,6.0,4.121835708618164,3.2376623153686523,0.9688819646835327,coef_energy_material_checkpoint_lambdas,0.0,2.485283136367798,1.6417694091796875,66,R3,4.400471270084381,1.1088407635688782
0.0,nan,nan,3.20969557762146,00000_001980_03,4.0,3.6650357246398926,1.7692773342132568,0.9969615936279297,coef_energy_material_checkpoint_lambdas,0.0,2.531759262084961,1.6251307725906372,69,R3,4.4010191559791565,0.5823463201522827
0.0,nan,nan,4.019257068634033,00000_001980_03,4.0,4.0194091796875,2.866769313812256,0.9488862752914429,coef_energy_material_checkpoint_lambdas,1.0,2.6904046535491943,1.5686941146850586,72,R3,4.166904449462891,4.408600091934204
0.0,nan,nan,-0.373394638299942,00000_001980_04,1.0,0.4114850163459778,0.17290566861629486,0.891776978969574,coef_energy_material_checkpoint_lambdas,0.0,2.227907657623291,1.4490646123886108,0,R3,4.351712167263031,1.6168758571147919
0.0,nan,nan,0.17641732096672058,00000_001980_04,1.0,2.0751891136169434,2.0676767826080322,0.90663743019104,coef_energy_material_checkpoint_lambdas,0.0,2.18769907951355,1.4318273067474365,3,R3,3.7083373367786407,0.7791774570941925
0.0,nan,nan,2.022843360900879,00000_001980_04,1.0,2.861757516860962,2.0242927074432373,0.999996542930603,coef_energy_material_checkpoint_lambdas,0.0,2.150908946990967,1.4204872846603394,6,R3,2.81958270072937,0.32331040501594543
0.0,nan,nan,2.397385835647583,00000_001980_04,1.0,3.6817972660064697,2.7943105697631836,0.8432444930076599,coef_energy_material_checkpoint_lambdas,0.0,2.1756317615509033,1.4544183015823364,27,R3,3.3892077803611755,3.3892077803611755
0.0,nan,nan,-0.2823626697063446,00000_001980_04,1.0,0.4091842472553253,0.29614704847335815,0.9508275389671326,coef_energy_material_checkpoint_lambdas,0.0,2.2105519771575928,1.4742368459701538,30,R3,3.630526125431061,3.630526125431061
0.0,nan,nan,0.38870954513549805,00000_001980_04,3.0,0.3893905282020569,0.15324795246124268,0.9999984502792358,coef_energy_material_checkpoint_lambdas,0.0,2.243889093399048,1.4884834289550781,33,R3,3.546855479478836,3.6156585812568665
0.0,nan,nan,0.3715507984161377,00000_001980_04,5.0,0.38886573910713196,0.11474569141864777,0.9767537117004395,coef_energy_material_checkpoint_lambdas,1.0,2.2666165828704834,1.5024456977844238,36,R3,3.3892077803611755,3.5679194927215576
0.0,nan,nan,0.09776955097913742,00000_001980_04,5.0,0.33916473388671875,0.3247673511505127,0.9997642636299133,coef_energy_material_checkpoint_lambdas,0.0,2.271979808807373,1.5117242336273193,39,R3,3.4623254239559174,3.4623254239559174
0.0,nan,nan,0.09902431815862656,00000_001980_04,5.0,0.16466599702835083,0.09349828213453293,0.999982476234436,coef_energy_material_checkpoint_lambdas,0.0,2.260453462600708,1.5472636222839355,42,R3,3.6083917021751404,3.687576651573181
0.0,nan,nan,0.3174407184123993,00000_001980_04,3.0,0.41263970732688904,0.26363405585289,0.9977805614471436,coef_energy_material_checkpoint_lambdas,0.0,2.3032591342926025,1.554734468460083,45,R3,3.2350361347198486,3.6872922480106354
0.0,nan,nan,0.09738413989543915,00000_001980_04,2.0,0.14953331649303436,0.11347486078739166,0.9657488465309143,coef_energy_material_checkpoint_lambdas,0.0,2.3578665256500244,1.5687308311462402,48,R3,3.5930146276950836,1.6364572644233704
0.0,nan,nan,0.9033269882202148,00000_001980_04,2.0,1.4213460683822632,1.0973719358444214,0.9884728193283081,coef_energy_material_checkpoint_lambdas,0.0,2.5480403900146484,1.5438892841339111,54,R3,4.401339590549469,4.401339590549469
0.0,nan,nan,4.710842132568359,00000_001980_05,1.0,4.710952281951904,4.710842132568359,0.9990510940551758,coef_energy_material_checkpoint_lambdas,0.0,2.3868725299835205,1.4826209545135498,0,R3,3.61988827586174,0.5075363516807556
0.0,nan,nan,4.643509864807129,00000_001980_05,1.0,4.6454620361328125,4.643509864807129,0.983217716217041,coef_energy_material_checkpoint_lambdas,0.0,2.3564279079437256,1.473719596862793,3,R3,3.5502156913280487,0.5331715941429138
0.0,nan,nan,4.483821392059326,00000_001980_05,1.0,4.483822345733643,4.483821392059326,0.9999858736991882,coef_energy_material_checkpoint_lambdas,0.0,2.3137311935424805,1.4633597135543823,6,R3,3.8260019719600677,0.4797787666320801
0.0,nan,nan,2.147195339202881,00000_001980_05,1.0,2.5020220279693604,1.284393548965454,0.8952573537826538,coef_energy_material_checkpoint_lambdas,0.0,2.254345178604126,1.456522822380066,9,R3,2.6346342265605927,2.6346342265605927
0.0,nan,nan,0.9170796275138855,00000_001980_05,2.0,1.2331315279006958,1.2313876152038574,0.8421701788902283,coef_energy_material_checkpoint_lambdas,0.0,2.2213540077209473,1.437988042831421,12,R3,2.0371099412441254,0.6046687662601471
0.0,nan,nan,3.7232446670532227,00000_001980_05,1.0,3.8256938457489014,3.8102777004241943,0.9653269648551941,coef_energy_material_checkpoint_lambdas,0.0,2.1807596683502197,1.4219416379928589,15,R3,3.2344709932804108,0.28240299224853516
0.0,nan,nan,1.0767678022384644,00000_001980_05,1.0,1.6028532981872559,1.1873118877410889,0.9993963837623596,coef_energy_material_checkpoint_lambdas,0.0,2.187821626663208,1.460259199142456,39,R3,3.4406026005744934,3.4406026005744934
0.0,nan,nan,-0.18080899119377136,00000_001980_05,2.0,0.19081996381282806,0.06099482253193855,0.9888616800308228,coef_energy_material_checkpoint_lambdas,0.0,2.2245192527770996,1.4773659706115723,42,R3,3.647669732570648,3.647669732570648
0.0,nan,nan,0.22324194014072418,00000_001980_05,3.0,0.2232646942138672,0.09698647260665894,0.9999970197677612,coef_energy_material_checkpoint_lambdas,1.0,2.2549760341644287,1.4940755367279053,45,R3,3.5014511942863464,3.623795837163925
0.0,nan,nan,0.04967939853668213,00000_001980_05,6.0,0.3682209551334381,0.304118275642395,0.8824293613433838,coef_energy_material_checkpoint_lambdas,0.0,2.264209270477295,1.503743052482605,48,R3,3.3945696353912354,3.483746200799942
0.0,nan,nan,0.13224858045578003,00000_001980_05,4.0,0.3088766634464264,0.3066292703151703,0.9986148476600647,coef_energy_material_checkpoint_lambdas,0.0,2.24957537651062,1.536909580230713,51,R3,3.5733851194381714,3.5975596606731415
0.0,nan,nan,0.0327291265130043,00000_001980_05,5.0,0.29511743783950806,0.2885957956314087,-0.3742416501045227,coef_energy_material_checkpoint_lambdas,1.0,2.2815253734588623,1.5456113815307617,54,R3,3.3376073837280273,4.052438050508499
0.0,nan,nan,0.10701664537191391,00000_001980_05,2.0,0.1346874088048935,0.11142592877149582,0.9981340765953064,coef_energy_material_checkpoint_lambdas,0.0,2.329265832901001,1.5649378299713135,57,R3,3.4696593582630157,4.401448667049408
0.0,nan,nan,0.1739993691444397,00000_001980_05,2.0,0.25655466318130493,0.1885325163602829,0.9356770515441895,coef_energy_material_checkpoint_lambdas,0.0,2.401249647140503,1.5764474868774414,60,R3,3.98282590508461,2.2148029804229736
0.0,nan,nan,2.7378995418548584,00000_001980_05,1.0,3.7412757873535156,3.738908529281616,0.9973066449165344,coef_energy_material_checkpoint_lambdas,0.0,2.442307233810425,1.5965921878814697,63,R3,4.375772595405579,0.555953323841095
0.0,nan,nan,0.4650626480579376,00000_001980_05,5.0,0.6361263990402222,0.6357475519180298,0.9965023398399353,coef_energy_material_checkpoint_lambdas,0.0,2.443039894104004,1.6080249547958374,66,R3,4.400077223777771,4.40157824754715
0.0,nan,nan,0.3613237738609314,00000_001980_05,6.0,0.37776872515678406,0.33345064520835876,0.9994886517524719,coef_energy_material_checkpoint_lambdas,0.0,2.44791579246521,1.6001195907592773,69,R3,4.40000057220459,4.400022089481354
0.0,nan,nan,0.006984048523008823,00000_001980_05,8.0,0.008789683692157269,0.007896753959357738,0.9772785305976868,coef_energy_material_checkpoint_lambdas,0.0,2.545877456665039,1.5665829181671143,72,R3,4.400000035762787,4.4000436663627625
0.0,nan,nan,4.716964244842529,00000_001980_06,1.0,4.717074871063232,4.716964244842529,0.9990511536598206,coef_energy_material_checkpoint_lambdas,0.0,2.3900768756866455,1.4841443300247192,0,R3,3.61988827586174,0.5075363516807556
0.0,nan,nan,4.63412618637085,00000_001980_06,1.0,4.636092185974121,4.63412618637085,0.9832417964935303,coef_energy_material_checkpoint_lambdas,0.0,2.3499984741210938,1.477455496788025,3,R3,3.5502156913280487,0.5331715941429138
0.0,nan,nan,4.472943305969238,00000_001980_06,1.0,4.472944736480713,4.472943305969238,0.9999857544898987,coef_energy_material_checkpoint_lambdas,0.0,2.3068299293518066,1.4657913446426392,6,R3,3.8260019719600677,0.4797787666320801
0.0,nan,nan,0.8975787162780762,00000_001980_06,1.0,0.90267014503479,0.09573860466480255,0.917639970779419,coef_energy_material_checkpoint_lambdas,0.0,2.183500289916992,1.4248952865600586,15,R3,3.3795799016952515,0.2631133198738098
0.0,nan,nan,1.0760796070098877,00000_001980_06,1.0,1.6018458604812622,1.1865761280059814,0.9993967413902283,coef_energy_material_checkpoint_lambdas,0.0,2.1858341693878174,1.4619874954223633,39,R3,3.4406026005744934,3.4406026005744934
0.0,nan,nan,-0.18104177713394165,00000_001980_06,2.0,0.19106055796146393,0.06105742231011391,0.9888734221458435,coef_energy_material_checkpoint_lambdas,0.0,2.2261545658111572,1.4792006015777588,42,R3,3.647669732570648,3.647669732570648
0.0,nan,nan,0.22321312129497528,00000_001980_06,3.0,0.2232358604669571,0.09697388112545013,0.9999970197677612,coef_energy_material_checkpoint_lambdas,1.0,2.25435733795166,1.4938801527023315,45,R3,3.5014511942863464,3.623795837163925
0.0,nan,nan,0.04981869459152222,00000_001980_06,6.0,0.3680228888988495,0.3038601875305176,0.8826435208320618,coef_energy_material_checkpoint_lambdas,0.0,2.2610583305358887,1.5039868354797363,48,R3,3.3945696353912354,3.483746200799942
0.0,nan,nan,0.13231731951236725,00000_001980_06,4.0,0.30899861454963684,0.3067481219768524,0.998617947101593,coef_energy_material_checkpoint_lambdas,0.0,2.247934103012085,1.5377213954925537,51,R3,3.5733851194381714,3.5975596606731415
0.0,nan,nan,0.03268417716026306,00000_001980_06,5.0,0.29497337341308594,0.2884488105773926,-0.37415000796318054,coef_energy_material_checkpoint_lambdas,1.0,2.2805023193359375,1.5455706119537354,54,R3,3.3376073837280273,4.052438050508499
0.0,nan,nan,0.10691428929567337,00000_001980_06,2.0,0.13456062972545624,0.1113225445151329,0.9981328845024109,coef_energy_material_checkpoint_lambdas,0.0,2.3278255462646484,1.5634275674819946,57,R3,3.4696593582630157,4.401448667049408
0.0,nan,nan,0.1728806048631668,00000_001980_06,2.0,0.2550666332244873,0.18754005432128906,0.9358831644058228,coef_energy_material_checkpoint_lambdas,0.0,2.383622646331787,1.5901507139205933,60,R3,3.98282590508461,2.2148029804229736
0.0,nan,nan,2.711179494857788,00000_001980_06,1.0,3.70491099357605,2.5250489711761475,0.9973100423812866,coef_energy_material_checkpoint_lambdas,0.0,2.417156457901001,1.6110752820968628,63,R3,4.375772595405579,0.5764557719230652
0.0,nan,nan,1.4993830919265747,00000_001980_06,7.0,1.5769658088684082,0.48854008316993713,0.9978290796279907,coef_energy_material_checkpoint_lambdas,0.0,2.4490551948547363,1.6237975358963013,66,R3,4.400006651878357,4.400006651878357
0.0,nan,nan,1.119526586990105e-06,00000_001980_06,12.0,9.061526725417934e-06,1.119526586990105e-06,0.0,coef_energy_material_checkpoint_lambdas,0.0,2.475250482559204,1.6392226219177246,69,R3,4.399996876716614,4.400000095367432
0.0,nan,nan,1.168637270287931e-10,00000_001980_06,16.0,1.9702171838442695e-10,1.168637270287931e-10,0.0,coef_energy_material_checkpoint_lambdas,0.0,2.6095902919769287,1.6017522811889648,72,R3,4.400000095367432,4.400000095367432
0.0,nan,nan,0.011902419850230217,00000_001980_07,5.0,0.014874165877699852,0.0026557077653706074,0.8748634457588196,coef_energy_material_checkpoint_lambdas,1.0,2.3330941200256348,1.4905952215194702,0,R3,3.8701868653297424,4.224582135677338
0.0,nan,nan,0.00999720860272646,00000_001980_07,4.0,0.0588533841073513,0.05799807608127594,0.9979356527328491,coef_energy_material_checkpoint_lambdas,0.0,2.3029227256774902,1.476556658744812,3,R3,3.4122244119644165,3.4122244119644165
0.0,nan,nan,-0.16592201590538025,00000_001980_07,1.0,0.1741996705532074,0.053060442209243774,0.974061906337738,coef_energy_material_checkpoint_lambdas,0.0,2.242816209793091,1.4514285326004028,6,R3,4.399466693401337,2.548964649438858
0.0,nan,nan,0.21976330876350403,00000_001980_07,1.0,1.2874321937561035,1.268536925315857,-0.13116608560085297,coef_energy_material_checkpoint_lambdas,0.0,2.2100870609283447,1.4363347291946411,9,R3,4.224582135677338,1.2980063259601593
0.0,nan,nan,2.9689388275146484,00000_001980_07,1.0,3.289594888687134,2.5948212146759033,0.9999909400939941,coef_energy_material_checkpoint_lambdas,0.0,2.133786916732788,1.4247106313705444,18,R3,2.024539142847061,0.2856876254081726
0.0,nan,nan,1.07564377784729,00000_001980_07,1.0,1.6011993885040283,1.1860986948013306,0.999396800994873,coef_energy_material_checkpoint_lambdas,0.0,2.184868335723877,1.461759090423584,36,R3,3.4406026005744934,3.4406026005744934
0.0,nan,nan,-0.18084068596363068,00000_001980_07,2.0,0.19086487591266632,0.06104134023189545,0.9888352155685425,coef_energy_material_checkpoint_lambdas,0.0,2.2276716232299805,1.4777766466140747,39,R3,3.647669732570648,3.647669732570648
0.0,nan,nan,0.22327083349227905,00000_001980_07,3.0,0.22329360246658325,0.0969989001750946,0.9999970197677612,coef_energy_material_checkpoint_lambdas,1.0,2.254676580429077,1.4942644834518433,42,R3,3.5014511942863464,3.623795837163925
0.0,nan,nan,0.0497715026140213,00000_001980_07,6.0,0.368559330701828,0.30437129735946655,0.8824891448020935,coef_energy_material_checkpoint_lambdas,0.0,2.265749216079712,1.5054194927215576,45,R3,3.3945696353912354,3.483746200799942
0.0,nan,nan,0.13029173016548157,00000_001980_07,4.0,0.3052537441253662,0.18863889575004578,0.9985364079475403,coef_energy_material_checkpoint_lambdas,0.0,2.2852158546447754,1.5138516426086426,48,R3,3.5733851194381714,3.527499258518219
0.0,nan,nan,-0.05627249926328659,00000_001980_07,4.0,0.15833909809589386,0.1480022817850113,0.9998986124992371,coef_energy_material_checkpoint_lambdas,0.0,2.295506715774536,1.5348707437515259,51,R3,3.623795837163925,2.3272504806518555
0.0,nan,nan,1.5976532697677612,00000_001980_07,3.0,1.6386736631393433,0.8508806824684143,0.9933474659919739,coef_energy_material_checkpoint_lambdas,0.0,2.3391475677490234,1.5453587770462036,54,R3,3.1764333844184875,0.5548503398895264
0.0,nan,nan,2.0480222702026367,00000_001980_07,1.0,3.634547472000122,3.571321487426758,0.9840246438980103,coef_energy_material_checkpoint_lambdas,0.0,2.363574266433716,1.5806080102920532,60,R3,3.9099429845809937,0.5201873183250427
0.0,nan,nan,3.4158153533935547,00000_001980_07,2.0,3.8923654556274414,3.889789581298828,-0.021316569298505783,coef_energy_material_checkpoint_lambdas,0.0,2.529017686843872,1.498153805732727,66,R3,4.06633934378624,0.38762545585632324
0.0,nan,nan,2.0413410663604736,00000_001981_00,1.0,2.0739457607269287,1.1844309568405151,0.9903883337974548,coef_energy_material_checkpoint_lambdas,0.0,2.383780002593994,1.4876432418823242,18,R3,4.40884667634964,0.557214081287384
0.0,nan,nan,0.9545395374298096,00000_001981_00,1.0,3.037113666534424,2.1431779861450195,0.9989359974861145,coef_energy_material_checkpoint_lambdas,0.0,2.4819798469543457,1.484488844871521,39,R3,4.402682781219482,0.5827420353889465
0.0,nan,nan,2.7981269359588623,00000_001981_00,3.0,3.4971823692321777,2.7981269359588623,0.9969698786735535,coef_energy_material_checkpoint_lambdas,0.0,2.4963889122009277,1.535022258758545,48,R3,4.401017606258392,0.5563760995864868
0.0,nan,nan,4.380375862121582,00000_001981_00,1.0,4.380403995513916,4.380375862121582,0.9964523315429688,coef_energy_material_checkpoint_lambdas,0.0,2.4637951850891113,1.5601592063903809,51,R3,4.402868926525116,0.5668922662734985
0.0,nan,nan,0.038619186729192734,00000_001981_00,10.0,0.03935743123292923,0.00758720189332962,0.9996469020843506,coef_energy_material_checkpoint_lambdas,0.0,2.43513822555542,1.5994197130203247,57,R3,4.400000095367432,4.400000095367432
0.0,nan,nan,0.0,00000_001981_00,11.0,9.440039150376833e-08,6.675115571397328e-08,0.0,coef_energy_material_checkpoint_lambdas,0.0,2.486719846725464,1.5834574699401855,60,R3,4.400000095367432,4.400000095367432
0.0,nan,nan,2.8941970597884392e-08,00000_001981_00,12.0,3.402272596986222e-08,3.311236085323799e-08,0.0,coef_energy_material_checkpoint_lambdas,0.0,2.5700535774230957,1.5701301097869873,63,R3,4.400000095367432,4.400003373622894
0.0,nan,nan,4.6715187636436895e-05,00000_001981_00,11.0,5.262049671728164e-05,2.4219991246354766e-05,0.0,coef_energy_material_checkpoint_lambdas,0.0,2.5814757347106934,1.5732587575912476,66,R3,4.400000095367432,4.403862953186035
0.0,nan,nan,0.03390771150588989,00000_001981_00,9.0,0.035472918301820755,0.01660769060254097,0.9758560061454773,coef_energy_material_checkpoint_lambdas,0.0,2.5627899169921875,1.5680809020996094,69,R3,4.400000095367432,4.404096245765686
0.0,nan,nan,0.6707216501235962,00000_001981_00,5.0,0.6798375248908997,0.3991989493370056,0.9968162178993225,coef_energy_material_checkpoint_lambdas,0.0,2.5413436889648438,1.5644757747650146,72,R3,4.400704801082611,4.403871953487396
0.0,nan,nan,0.16555504500865936,00000_001981_00,5.0,0.25780266523361206,0.10271842777729034,0.956182062625885,coef_energy_material_checkpoint_lambdas,0.0,2.5223424434661865,1.5601327419281006,75,R3,4.400161266326904,4.403426170349121
0.0,nan,nan,0.9528270959854126,00000_001981_00,4.0,1.6027116775512695,1.4285686016082764,0.9979591369628906,coef_energy_material_checkpoint_lambdas,0.0,2.4909307956695557,1.5582141876220703,78,R3,4.400015115737915,3.3086966276168823
0.0,nan,nan,0.14807863533496857,00000_001981_00,3.0,0.16996429860591888,0.14807863533496857,0.9933373928070068,coef_energy_material_checkpoint_lambdas,0.0,2.450519323348999,1.5455269813537598,81,R3,4.400059998035431,1.657307505607605
0.0,nan,nan,0.8262557983398438,00000_001981_00,2.0,4.0028886795043945,3.133676528930664,0.9857181906700134,coef_energy_material_checkpoint_lambdas,0.0,2.4354982376098633,1.5374298095703125,84,R3,4.403148174285889,0.5596927404403687
0.0,nan,nan,3.6137638092041016,00000_001981_00,1.0,4.040283203125,5.523505751625635e-05,0.9999997615814209,coef_energy_material_checkpoint_lambdas,0.0,2.5545506477355957,1.501929521560669,87,R3,4.268456518650055,3.7643412351608276
0.0,nan,nan,2.0413410663604736,00000_001981_01,1.0,2.0739457607269287,1.1844309568405151,0.9903883337974548,coef_energy_material_checkpoint_lambdas,0.0,2.383780002593994,1.4876432418823242,18,R3,4.40884667634964,0.557214081287384
0.0,nan,nan,0.9545395374298096,00000_001981_01,1.0,3.037113666534424,2.1431779861450195,0.9989359974861145,coef_energy_material_checkpoint_lambdas,0.0,2.4819798469543457,1.484488844871521,39,R3,4.402682781219482,0.5827420353889465
0.0,nan,nan,2.7981269359588623,00000_001981_01,3.0,3.4971823692321777,2.7981269359588623,0.9969698786735535,coef_energy_material_checkpoint_lambdas,0.0,2.4963889122009277,1.535022258758545,48,R3,4.401017606258392,0.5563760995864868
0.0,nan,nan,4.5023956298828125,00000_001981_01,1.0,4.502422332763672,4.5023956298828125,0.9964394569396973,coef_energy_material_checkpoint_lambdas,0.0,2.536992073059082,1.535366177558899,51,R3,4.402868926525116,0.5668922662734985
0.0,nan,nan,0.16133597493171692,00000_001981_01,5.0,0.16147983074188232,0.10926328599452972,0.998041570186615,coef_energy_material_checkpoint_lambdas,0.0,2.5370147228240967,1.5479116439819336,57,R3,4.400000095367432,3.860531270503998
0.0,nan,nan,0.003393459366634488,00000_001981_01,6.0,0.003662385977804661,0.003393459366634488,0.9389704465866089,coef_energy_material_checkpoint_lambdas,0.0,2.4887588024139404,1.527150273323059,60,R3,4.400000095367432,2.210512638092041
0.0,nan,nan,1.6298677921295166,00000_001981_01,5.0,2.304961919784546,1.9159528164891526e-05,0.9999997019767761,coef_energy_material_checkpoint_lambdas,0.0,2.434445858001709,1.5343366861343384,63,R3,4.400029182434082,0.5596929788589478
0.0,nan,nan,3.5173192024230957,00000_001981_01,4.0,3.932400703430176,3.932400703430176,0.9999988675117493,coef_energy_material_checkpoint_lambdas,0.0,2.4832680225372314,1.5315144062042236,66,R3,4.400810241699219,0.555932343006134
0.0,nan,nan,4.133883476257324,00000_001981_01,3.0,4.722762584686279,4.133883476257324,0.9984738826751709,coef_energy_material_checkpoint_lambdas,0.0,2.51037335395813,1.5287702083587646,69,R3,4.401208817958832,0.582942545413971
0.0,nan,nan,0.9288647770881653,00000_001981_01,2.0,1.3869853019714355,1.03001868724823,0.9995812177658081,coef_energy_material_checkpoint_lambdas,0.0,2.4690589904785156,1.5543212890625,81,R3,4.395217597484589,4.395217597484589
0.0,nan,nan,-0.4247055649757385,00000_001981_01,3.0,0.794081449508667,0.670962393283844,0.9862996339797974,coef_energy_material_checkpoint_lambdas,0.0,2.4554553031921387,1.5477969646453857,84,R3,4.287862300872803,4.287862300872803
0.0,nan,nan,0.1937187761068344,00000_001981_01,2.0,0.2565810978412628,0.1682465374469757,0.997456431388855,coef_energy_material_checkpoint_lambdas,0.0,2.439730644226074,1.5543972253799438,87,R3,4.263883888721466,4.263883888721466
0.0,nan,nan,0.12136270105838776,00000_001981_01,3.0,0.14163951575756073,0.12136270105838776,0.5317246913909912,coef_energy_material_checkpoint_lambdas,0.0,2.455737352371216,1.5613406896591187,90,R3,4.333199203014374,3.192339301109314
0.0,nan,nan,0.035627249628305435,00000_001981_01,3.0,0.055624689906835556,0.04271773621439934,-0.16928711533546448,coef_energy_material_checkpoint_lambdas,0.0,2.4220802783966064,1.5727728605270386,93,R3,4.287862300872803,1.6303108930587769
0.0,nan,nan,4.04758882522583,00000_001981_01,3.0,4.060152530670166,2.636395215988159,0.6874384880065918,coef_energy_material_checkpoint_lambdas,0.0,2.4532434940338135,1.57562255859375,96,R3,4.221998035907745,0.5428453683853149
0.0,nan,nan,2.487257957458496,00000_001981_01,1.0,3.329435110092163,2.487257957458496,0.11645709723234177,coef_energy_material_checkpoint_lambdas,0.0,2.4330570697784424,1.62163507938385,99,R3,4.3851892948150635,0.5800385475158691
0.0,nan,nan,4.148627281188965,00000_001981_01,3.0,4.175958633422852,2.5962371826171875,0.9964920878410339,coef_energy_material_checkpoint_lambdas,0.0,2.467470645904541,1.5939459800720215,102,R3,4.400276601314545,3.3094732761383057
0.0,nan,nan,0.026297690346837044,00000_001981_01,4.0,0.027446983382105827,0.026297690346837044,0.8969749808311462,coef_energy_material_checkpoint_lambdas,0.0,2.4556901454925537,1.6274522542953491,105,R3,4.400000631809235,1.6586845517158508
0.0,nan,nan,3.657782554626465,00000_001981_01,5.0,4.042633056640625,3.1755526065826416,0.9638034701347351,coef_energy_material_checkpoint_lambdas,0.0,2.4428625106811523,1.668242335319519,108,R3,4.399806439876556,0.5601785778999329
0.0,nan,nan,3.687274932861328,00000_001981_01,1.0,3.687282085418701,3.687274932861328,0.999192476272583,coef_energy_material_checkpoint_lambdas,0.0,2.56834077835083,1.583122968673706,111,R3,4.401943385601044,0.5768541693687439
0.0,nan,nan,2.0413410663604736,00000_001981_02,1.0,2.0739457607269287,1.1844309568405151,0.9903883337974548,coef_energy_material_checkpoint_lambdas,0.0,2.383780002593994,1.4876432418823242,18,R3,4.40884667634964,0.557214081287384
0.0,nan,nan,0.9545395374298096,00000_001981_02,1.0,3.037113666534424,2.1431779861450195,0.9989359974861145,coef_energy_material_checkpoint_lambdas,0.0,2.4819798469543457,1.484488844871521,39,R3,4.402682781219482,0.5827420353889465
0.0,nan,nan,2.7981269359588623,00000_001981_02,3.0,3.4971823692321777,2.7981269359588623,0.9969698786735535,coef_energy_material_checkpoint_lambdas,0.0,2.4963889122009277,1.535022258758545,48,R3,4.401017606258392,0.5563760995864868
0.0,nan,nan,4.380375862121582,00000_001981_02,1.0,4.380403995513916,4.380375862121582,0.9964523315429688,coef_energy_material_checkpoint_lambdas,0.0,2.4637951850891113,1.5601592063903809,51,R3,4.402868926525116,0.5668922662734985
0.0,nan,nan,0.03895529359579086,00000_001981_02,10.0,0.03970002010464668,0.0076535409316420555,0.999646782875061,coef_energy_material_checkpoint_lambdas,0.0,2.4570400714874268,1.5875122547149658,57,R3,4.400000095367432,4.400000095367432
0.0,nan,nan,0.0,00000_001981_02,11.0,9.662899458362517e-08,6.83270187096241e-08,0.0,coef_energy_material_checkpoint_lambdas,0.0,2.545426368713379,1.5630521774291992,60,R3,4.400000095367432,4.400000095367432
0.0,nan,nan,1.4026213079887384e-07,00000_001981_02,12.0,2.2691385481721227e-07,1.783716214731612e-07,0.0,coef_energy_material_checkpoint_lambdas,0.0,2.5662803649902344,1.5793392658233643,63,R3,4.400000095367432,3.8563761115074158
0.0,nan,nan,0.0004556089697871357,00000_001981_02,9.0,0.0004647781024686992,9.186480019707233e-05,0.0,coef_energy_material_checkpoint_lambdas,0.0,2.5576164722442627,1.560349941253662,66,R3,4.400000095367432,2.206376075744629
0.0,nan,nan,1.5570809841156006,00000_001981_02,7.0,1.637595772743225,0.7424011826515198,0.9979939460754395,coef_energy_material_checkpoint_lambdas,0.0,2.545870304107666,1.5535014867782593,69,R3,4.400006651878357,0.5558789372444153
0.0,nan,nan,2.8478500843048096,00000_001981_02,1.0,3.8865232467651367,3.8838696479797363,0.9995021820068359,coef_energy_material_checkpoint_lambdas,0.0,2.544180154800415,1.5621259212493896,72,R3,4.401306092739105,0.5559029579162598
0.0,nan,nan,0.23972395062446594,00000_001981_02,4.0,0.23972594738006592,0.16881901025772095,0.9934705495834351,coef_energy_material_checkpoint_lambdas,0.0,2.5222578048706055,1.5550909042358398,75,R3,4.400043427944183,1.6573022603988647
0.0,nan,nan,1.7303611040115356,00000_001981_02,3.0,4.101346015930176,3.2106244564056396,0.9857333302497864,coef_energy_material_checkpoint_lambdas,0.0,2.496098518371582,1.5514655113220215,78,R3,4.4005104303359985,0.5596962571144104
0.0,nan,nan,0.9292872548103333,00000_001981_02,2.0,1.3876152038574219,1.0304858684539795,0.9995810389518738,coef_energy_material_checkpoint_lambdas,0.0,2.470241069793701,1.5538502931594849,81,R3,4.395217597484589,4.395217597484589
0.0,nan,nan,-0.4247055649757385,00000_001981_02,3.0,0.794081449508667,0.670962393283844,0.9862996339797974,coef_energy_material_checkpoint_lambdas,0.0,2.4554553031921387,1.5477969646453857,84,R3,4.287862300872803,4.287862300872803
0.0,nan,nan,0.1937187761068344,00000_001981_02,2.0,0.2565810978412628,0.1682465374469757,0.997456431388855,coef_energy_material_checkpoint_lambdas,0.0,2.439730644226074,1.5543972253799438,87,R3,4.263883888721466,4.263883888721466
0.0,nan,nan,0.12136270105838776,00000_001981_02,3.0,0.14163951575756073,0.12136270105838776,0.5317246913909912,coef_energy_material_checkpoint_lambdas,0.0,2.455737352371216,1.5613406896591187,90,R3,4.333199203014374,3.192339301109314
0.0,nan,nan,0.035627249628305435,00000_001981_02,3.0,0.055624689906835556,0.04271773621439934,-0.16928711533546448,coef_energy_material_checkpoint_lambdas,0.0,2.4220802783966064,1.5727728605270386,93,R3,4.287862300872803,1.6303108930587769
0.0,nan,nan,4.0058746337890625,00000_001981_02,3.0,4.018171787261963,2.6104609966278076,0.6877534985542297,coef_energy_material_checkpoint_lambdas,0.0,2.426880359649658,1.5808818340301514,96,R3,4.221998035907745,0.5428453683853149
0.0,nan,nan,2.5227713584899902,00000_001981_02,1.0,3.369174003601074,3.3629441261291504,0.11386913806200027,coef_energy_material_checkpoint_lambdas,0.0,2.462841033935547,1.591524362564087,99,R3,4.3851892948150635,0.5452260971069336
0.0,nan,nan,0.3927278518676758,00000_001981_02,4.0,0.3927365839481354,0.2795519232749939,0.9901524186134338,coef_energy_material_checkpoint_lambdas,0.0,2.477918863296509,1.6011314392089844,102,R3,4.399998247623444,4.40006947517395
0.0,nan,nan,0.0004449219268281013,00000_001981_02,5.0,0.0004449704138096422,0.0004449219268281013,0.7611680030822754,coef_energy_material_checkpoint_lambdas,0.0,2.488676071166992,1.6090912818908691,105,R3,4.400000095367432,4.40006023645401
0.0,nan,nan,0.1397552192211151,00000_001981_02,7.0,0.14756760001182556,0.1397552192211151,0.9994926452636719,coef_energy_material_checkpoint_lambdas,0.0,2.5099661350250244,1.6076816320419312,108,R3,4.400000095367432,4.400042176246643
0.0,nan,nan,0.0352039597928524,00000_001981_02,13.0,0.04240555316209793,0.008176019415259361,0.9996330738067627,coef_energy_material_checkpoint_lambdas,0.0,2.627387523651123,1.5801894664764404,111,R3,4.400000095367432,4.400000095367432
0.0,nan,nan,2.0413410663604736,00000_001981_03,1.0,2.0739457607269287,1.1844309568405151,0.9903883337974548,coef_energy_material_checkpoint_lambdas,0.0,2.383780002593994,1.4876432418823242,18,R3,4.40884667634964,0.557214081287384
0.0,nan,nan,0.9545395374298096,00000_001981_03,1.0,3.037113666534424,2.1431779861450195,0.9989359974861145,coef_energy_material_checkpoint_lambdas,0.0,2.4819798469543457,1.484488844871521,39,R3,4.402682781219482,0.5827420353889465
0.0,nan,nan,2.7981269359588623,00000_001981_03,3.0,3.4971823692321777,2.7981269359588623,0.9969698786735535,coef_energy_material_checkpoint_lambdas,0.0,2.4963889122009277,1.535022258758545,48,R3,4.401017606258392,0.5563760995864868
0.0,nan,nan,4.380375862121582,00000_001981_03,1.0,4.380403995513916,4.380375862121582,0.9964523315429688,coef_energy_material_checkpoint_lambdas,0.0,2.4637951850891113,1.5601592063903809,51,R3,4.402868926525116,0.5668922662734985
0.0,nan,nan,0.038619186729192734,00000_001981_03,10.0,0.03935743123292923,0.00758720189332962,0.9996469020843506,coef_energy_material_checkpoint_lambdas,0.0,2.43513822555542,1.5994197130203247,57,R3,4.400000095367432,4.400000095367432
0.0,nan,nan,0.0,00000_001981_03,11.0,9.551573754151832e-08,6.753982972895756e-08,0.0,coef_energy_material_checkpoint_lambdas,0.0,2.5161006450653076,1.5722100734710693,60,R3,4.400000095367432,4.400000095367432
0.0,nan,nan,2.905721885326784e-08,00000_001981_03,12.0,3.41582051532896e-08,1.795720194763817e-08,0.0,coef_energy_material_checkpoint_lambdas,0.0,2.5802876949310303,1.576762318611145,63,R3,4.400000095367432,4.407305300235748
0.0,nan,nan,0.0001846072409534827,00000_001981_03,9.0,0.0001989876909647137,7.427157106576487e-05,0.0,coef_energy_material_checkpoint_lambdas,0.0,2.5773544311523438,1.5727827548980713,66,R3,4.400000095367432,2.7573052644729614
0.0,nan,nan,0.3954869508743286,00000_001981_03,7.0,0.39622920751571655,0.2625100016593933,0.9981690049171448,coef_energy_material_checkpoint_lambdas,0.0,2.557140827178955,1.5573201179504395,69,R3,4.40000057220459,1.1071942448616028
0.0,nan,nan,2.833773374557495,00000_001981_03,1.0,3.8673200607299805,3.8646798133850098,0.9995021224021912,coef_energy_material_checkpoint_lambdas,0.0,2.5314345359802246,1.5582518577575684,72,R3,4.401306092739105,0.5559029579162598
0.0,nan,nan,0.16555504500865936,00000_001981_03,5.0,0.25780266523361206,0.10271842777729034,0.956182062625885,coef_energy_material_checkpoint_lambdas,0.0,2.5223424434661865,1.5601327419281006,75,R3,4.400161266326904,4.403426170349121
0.0,nan,nan,0.9533208608627319,00000_001981_03,4.0,1.6035432815551758,1.4293094873428345,0.9979591369628906,coef_energy_material_checkpoint_lambdas,0.0,2.4922444820404053,1.557926893234253,78,R3,4.400015115737915,3.3086966276168823
0.0,nan,nan,0.14954522252082825,00000_001981_03,3.0,0.17164412140846252,0.14954522252082825,0.9933331608772278,coef_energy_material_checkpoint_lambdas,0.0,2.4755170345306396,1.5506260395050049,81,R3,4.400059998035431,1.657307505607605
0.0,nan,nan,0.8209809064865112,00000_001981_03,2.0,3.9787540435791016,3.11496901512146,0.9857308864593506,coef_energy_material_checkpoint_lambdas,0.0,2.4197471141815186,1.5586518049240112,84,R3,4.403148174285889,0.5596927404403687
0.0,nan,nan,1.116532325744629,00000_001981_03,1.0,1.5785976648330688,1.1159418821334839,0.9999545216560364,coef_energy_material_checkpoint_lambdas,0.0,2.4227793216705322,1.5542528629302979,87,R3,4.318765997886658,4.318765997886658
0.0,nan,nan,-0.013713553547859192,00000_001981_03,2.0,0.025581542402505875,0.002608096692711115,0.9983094930648804,coef_energy_material_checkpoint_lambdas,0.0,2.4579544067382812,1.5821237564086914,90,R3,4.396994471549988,2.114339053630829
0.0,nan,nan,0.0876471996307373,00000_001981_03,3.0,1.4614684581756592,0.9695782661437988,-0.7250458002090454,coef_energy_material_checkpoint_lambdas,0.0,2.465285301208496,1.5806056261062622,93,R3,4.271946489810944,0.5209938883781433
0.0,nan,nan,0.3351724147796631,00000_001981_03,3.0,0.5945984721183777,0.2893846333026886,-0.10487951338291168,coef_energy_material_checkpoint_lambdas,0.0,2.46226167678833,1.6002256870269775,99,R3,4.3903913497924805,4.39109069108963
0.0,nan,nan,0.02618633210659027,00000_001981_03,4.0,0.02632260136306286,0.002674957737326622,-0.5862816572189331,coef_energy_material_checkpoint_lambdas,0.0,2.556778907775879,1.5525615215301514,102,R3,4.399999022483826,4.399999022483826
0.0,nan,nan,2.0413410663604736,00000_001981_04,1.0,2.0739457607269287,1.1844309568405151,0.9903883337974548,coef_energy_material_checkpoint_lambdas,0.0,2.383780002593994,1.4876432418823242,18,R3,4.40884667634964,0.557214081287384
0.0,nan,nan,0.9519985914230347,00000_001981_04,1.0,3.029158115386963,2.137533664703369,0.998936653137207,coef_energy_material_checkpoint_lambdas,0.0,2.4747231006622314,1.4908232688903809,39,R3,4.402682781219482,0.5827420353889465
0.0,nan,nan,1.3439292907714844,00000_001981_04,1.0,3.0592269897460938,2.7482218742370605,0.9912173748016357,coef_energy_material_checkpoint_lambdas,0.0,2.554575204849243,1.5065313577651978,45,R3,4.406744062900543,4.406744062900543
0.0,nan,nan,0.732876181602478,00000_001981_04,3.0,1.5640219449996948,1.3816863298416138,0.9905030131340027,coef_energy_material_checkpoint_lambdas,0.0,2.5019338130950928,1.5550411939620972,48,R3,4.40074348449707,4.40074348449707
0.0,nan,nan,0.12901277840137482,00000_001981_04,6.0,0.1396624743938446,0.12901277840137482,0.9999980926513672,coef_energy_material_checkpoint_lambdas,0.0,2.4464521408081055,1.6072766780853271,51,R3,4.400000095367432,2.2105199694633484
0.0,nan,nan,3.4731438159942627,00000_001981_04,3.0,3.882291078567505,2.746328353881836,0.9999013543128967,coef_energy_material_checkpoint_lambdas,0.0,2.446908712387085,1.6085176467895508,54,R3,4.400813519954681,0.5763475894927979
0.0,nan,nan,1.5085480213165283,00000_001981_04,11.0,1.5865838527679443,0.4914579391479492,0.9979626536369324,coef_energy_material_checkpoint_lambdas,0.0,2.46453595161438,1.6110600233078003,57,R3,4.400006651878357,4.400006651878357
0.0,nan,nan,-5.619053808914032e-06,00000_001981_04,14.0,8.987899491330609e-06,9.869996802081005e-07,0.0,coef_energy_material_checkpoint_lambdas,0.0,2.45913028717041,1.6247806549072266,60,R3,4.400000095367432,4.400000095367432
0.0,nan,nan,-2.741970929823201e-12,00000_001981_04,16.0,2.161567973224532e-11,1.3222255755562795e-11,0.0,coef_energy_material_checkpoint_lambdas,0.0,2.5336244106292725,1.5818978548049927,63,R3,4.400000095367432,4.400000095367432
0.0,nan,nan,3.907192347440969e-09,00000_001981_04,15.0,3.907192347440969e-09,2.762802209232973e-09,0.0,coef_energy_material_checkpoint_lambdas,0.0,2.5844340324401855,1.5638318061828613,66,R3,4.400000095367432,4.400000095367432
0.0,nan,nan,1.4673730674985563e-08,00000_001981_04,15.0,1.5676402398412392e-08,1.4673730674985563e-08,0.0,coef_energy_material_checkpoint_lambdas,0.0,2.639132022857666,1.556909203529358,69,R3,4.400000095367432,4.400000095367432
0.0,nan,nan,1.6729688467886916e-10,00000_001981_04,16.0,2.077987643067658e-10,1.6729688467886916e-10,0.0,coef_energy_material_checkpoint_lambdas,0.0,2.7523341178894043,1.5378309488296509,72,R3,4.400000095367432,4.400000095367432
0.0,nan,nan,2.0413410663604736,00000_001981_05,1.0,2.0739457607269287,1.1844309568405151,0.9903883337974548,coef_energy_material_checkpoint_lambdas,0.0,2.383780002593994,1.4876432418823242,18,R3,4.40884667634964,0.557214081287384
0.0,nan,nan,0.9545395374298096,00000_001981_05,1.0,3.037113666534424,2.1431779861450195,0.9989359974861145,coef_energy_material_checkpoint_lambdas,0.0,2.4819798469543457,1.484488844871521,39,R3,4.402682781219482,0.5827420353889465
0.0,nan,nan,2.7981269359588623,00000_001981_05,3.0,3.4971823692321777,2.7981269359588623,0.9969698786735535,coef_energy_material_checkpoint_lambdas,0.0,2.4963889122009277,1.535022258758545,48,R3,4.401017606258392,0.5563760995864868
0.0,nan,nan,4.380375862121582,00000_001981_05,1.0,4.380403995513916,4.380375862121582,0.9964523315429688,coef_energy_material_checkpoint_lambdas,0.0,2.4637951850891113,1.5601592063903809,51,R3,4.402868926525116,0.5668922662734985
0.0,nan,nan,0.04020842909812927,00000_001981_05,10.0,0.04097730293869972,0.007900739088654518,0.9996462464332581,coef_energy_material_checkpoint_lambdas,0.0,2.5383591651916504,1.5555013418197632,57,R3,4.400000095367432,4.400000095367432
0.0,nan,nan,8.658363412905601e-07,00000_001981_05,11.0,8.662750019539089e-07,8.658363412905601e-07,0.0,coef_energy_material_checkpoint_lambdas,0.0,2.562309503555298,1.566022515296936,60,R3,4.400000095367432,4.400123655796051
0.0,nan,nan,0.0005032764165662229,00000_001981_05,12.0,0.0006298941443674266,0.0005032764165662229,0.3131609559059143,coef_energy_material_checkpoint_lambdas,0.0,2.5505006313323975,1.5579993724822998,63,R3,4.400000095367432,3.859354257583618
0.0,nan,nan,0.003186986315995455,00000_001981_05,8.0,0.011391821317374706,0.010936942882835865,0.9997655749320984,coef_energy_material_checkpoint_lambdas,0.0,2.547760009765625,1.556049108505249,66,R3,4.400000095367432,2.2093542218208313
0.0,nan,nan,1.3568651676177979,00000_001981_05,6.0,1.4224357604980469,0.6575875878334045,0.9863895773887634,coef_energy_material_checkpoint_lambdas,0.0,2.543126106262207,1.552543044090271,69,R3,4.400047421455383,0.557699978351593
0.0,nan,nan,4.613025665283203,00000_001981_05,1.0,4.613096714019775,3.2799925804138184,0.9979581832885742,coef_energy_material_checkpoint_lambdas,0.0,2.4889557361602783,1.5193074941635132,84,R3,4.401449978351593,0.5597754716873169
0.0,nan,nan,2.33333420753479,00000_001981_05,3.0,4.787007808685303,4.605504035949707,0.9995229840278625,coef_energy_material_checkpoint_lambdas,0.0,2.5344419479370117,1.4870622158050537,87,R3,4.271525621414185,0.5694236755371094
0.0,nan,nan,2.0413410663604736,00000_001981_06,1.0,2.0739457607269287,1.1844309568405151,0.9903883337974548,coef_energy_material_checkpoint_lambdas,0.0,2.383780002593994,1.4876432418823242,18,R3,4.40884667634964,0.557214081287384
0.0,nan,nan,0.9545395374298096,00000_001981_06,1.0,3.037113666534424,2.1431779861450195,0.9989359974861145,coef_energy_material_checkpoint_lambdas,0.0,2.4819798469543457,1.484488844871521,39,R3,4.402682781219482,0.5827420353889465
0.0,nan,nan,2.7981269359588623,00000_001981_06,3.0,3.4971823692321777,2.7981269359588623,0.9969698786735535,coef_energy_material_checkpoint_lambdas,0.0,2.4963889122009277,1.535022258758545,48,R3,4.401017606258392,0.5563760995864868
0.0,nan,nan,4.380375862121582,00000_001981_06,1.0,4.380403995513916,4.380375862121582,0.9964523315429688,coef_energy_material_checkpoint_lambdas,0.0,2.4637951850891113,1.5601592063903809,51,R3,4.402868926525116,0.5668922662734985
0.0,nan,nan,0.03929708153009415,00000_001981_06,10.0,0.040048401802778244,0.00772099057212472,0.9996466040611267,coef_energy_material_checkpoint_lambdas,0.0,2.4792768955230713,1.5766983032226562,57,R3,4.400000095367432,4.400000095367432
0.0,nan,nan,0.0,00000_001981_06,11.0,9.713230042507348e-08,6.868290824968426e-08,0.0,coef_energy_material_checkpoint_lambdas,0.0,2.5586845874786377,1.5646731853485107,60,R3,4.400000095367432,4.400000095367432
0.0,nan,nan,1.7820286757341819e-06,00000_001981_06,12.0,3.7134234389668563e-06,3.257896196373622e-06,0.0,coef_energy_material_checkpoint_lambdas,0.0,2.5672388076782227,1.5661976337432861,63,R3,4.400000095367432,3.8605305552482605
0.0,nan,nan,0.0005433517508208752,00000_001981_06,9.0,0.0005512154893949628,9.277610661229119e-05,0.018958088010549545,coef_energy_material_checkpoint_lambdas,0.0,2.538503408432007,1.55331552028656,66,R3,4.400000095367432,2.2105305194854736
0.0,nan,nan,2.40158748626709,00000_001981_06,7.0,2.40158748626709,0.0005627022474072874,0.9997393488883972,coef_energy_material_checkpoint_lambdas,0.0,2.536987066268921,1.5444706678390503,69,R3,4.400024354457855,0.5597073435783386
0.0,nan,nan,2.8478500843048096,00000_001981_06,1.0,3.8865232467651367,3.8838696479797363,0.9995021820068359,coef_energy_material_checkpoint_lambdas,0.0,2.544180154800415,1.5621259212493896,72,R3,4.401306092739105,0.5559029579162598
0.0,nan,nan,0.23961374163627625,00000_001981_06,4.0,0.23961573839187622,0.16874076426029205,0.9934710264205933,coef_energy_material_checkpoint_lambdas,0.0,2.521016836166382,1.5557910203933716,75,R3,4.400043427944183,1.6573022603988647
0.0,nan,nan,1.730292797088623,00000_001981_06,3.0,4.10118293762207,3.2104973793029785,0.9857333898544312,coef_energy_material_checkpoint_lambdas,0.0,2.495997428894043,1.5514607429504395,78,R3,4.4005104303359985,0.5596962571144104
0.0,nan,nan,0.9102211594581604,00000_001981_06,2.0,1.359180212020874,1.0093899965286255,0.9995816946029663,coef_energy_material_checkpoint_lambdas,0.0,2.4176981449127197,1.5591540336608887,81,R3,4.395217597484589,4.395217597484589
0.0,nan,nan,-0.41568470001220703,00000_001981_06,3.0,0.777323842048645,0.17052239179611206,0.9863141775131226,coef_energy_material_checkpoint_lambdas,0.0,2.4023633003234863,1.5529733896255493,84,R3,4.287862300872803,0.5596927404403687
0.0,nan,nan,3.4858975410461426,00000_001981_06,1.0,3.8973231315612793,5.7629611546872184e-05,0.9999997615814209,coef_energy_material_checkpoint_lambdas,0.0,2.4589016437530518,1.567041277885437,87,R3,4.268456518650055,3.7643412351608276
0.0,nan,nan,-0.013713553547859192,00000_001981_06,2.0,0.025581542402505875,0.002608096692711115,0.9983094930648804,coef_energy_material_checkpoint_lambdas,0.0,2.4579544067382812,1.5821237564086914,90,R3,4.396994471549988,2.114339053630829
0.0,nan,nan,0.08764314651489258,00000_001981_06,3.0,1.4525893926620483,0.9632914066314697,-0.7247946858406067,coef_energy_material_checkpoint_lambdas,0.0,2.4512479305267334,1.5805346965789795,93,R3,4.271946489810944,0.5209938883781433
0.0,nan,nan,4.107529640197754,00000_001981_06,1.0,4.471867084503174,4.107529640197754,0.9999944567680359,coef_energy_material_checkpoint_lambdas,0.0,2.412311315536499,1.622778296470642,99,R3,4.389439105987549,0.5728957056999207
0.0,nan,nan,4.570861339569092,00000_001981_06,5.0,4.654690265655518,4.058204650878906,0.9975005388259888,coef_energy_material_checkpoint_lambdas,0.0,2.4473085403442383,1.6355067491531372,102,R3,4.401350378990173,4.402688086032867
0.0,nan,nan,0.012209199368953705,00000_001981_06,9.0,0.012234766036272049,0.008074217475950718,0.9961782097816467,coef_energy_material_checkpoint_lambdas,0.0,2.4661409854888916,1.6442142724990845,105,R3,4.400000095367432,4.400000095367432
0.0,nan,nan,6.441844675464381e-07,00000_001981_06,13.0,6.441844675464381e-07,0.0,0.0,coef_energy_material_checkpoint_lambdas,0.0,2.5015852451324463,1.6414425373077393,108,R3,4.400000095367432,4.400000095367432
0.0,nan,nan,1.0165403935280537e-10,00000_001981_06,16.0,1.0200294775497554e-10,6.591966555946627e-11,0.0,coef_energy_material_checkpoint_lambdas,0.0,2.67399263381958,1.5877543687820435,111,R3,4.400000095367432,4.400000095367432
0.0,nan,nan,2.0413410663604736,00000_001981_07,1.0,2.0739457607269287,1.1844309568405151,0.9903883337974548,coef_energy_material_checkpoint_lambdas,0.0,2.383780002593994,1.4876432418823242,18,R3,4.40884667634964,0.557214081287384
0.0,nan,nan,0.9519985914230347,00000_001981_07,1.0,3.029158115386963,2.137533664703369,0.998936653137207,coef_energy_material_checkpoint_lambdas,0.0,2.4747231006622314,1.4908232688903809,39,R3,4.402682781219482,0.5827420353889465
0.0,nan,nan,1.3141430616378784,00000_001981_07,1.0,2.992466449737549,2.688472270965576,0.9912399649620056,coef_energy_material_checkpoint_lambdas,0.0,2.495635986328125,1.5353244543075562,45,R3,4.406744062900543,4.406744062900543
0.0,nan,nan,3.9788503646850586,00000_001981_07,3.0,4.066272258758545,4.039870262145996,0.9851671457290649,coef_energy_material_checkpoint_lambdas,0.0,2.472649574279785,1.561372995376587,48,R3,4.400504946708679,1.6622880697250366
0.0,nan,nan,4.380375862121582,00000_001981_07,1.0,4.380403995513916,4.380375862121582,0.9964523315429688,coef_energy_material_checkpoint_lambdas,0.0,2.4637951850891113,1.5601592063903809,51,R3,4.402868926525116,0.5668922662734985
0.0,nan,nan,0.038619186729192734,00000_001981_07,10.0,0.03935743123292923,0.00758720189332962,0.9996469020843506,coef_energy_material_checkpoint_lambdas,0.0,2.43513822555542,1.5994197130203247,57,R3,4.400000095367432,4.400000095367432
0.0,nan,nan,0.0,00000_001981_07,11.0,9.539829193272453e-08,6.745677438857456e-08,0.0,coef_energy_material_checkpoint_lambdas,0.0,2.5130069255828857,1.56013023853302,60,R3,4.400000095367432,4.400000095367432
0.0,nan,nan,2.9635762288648948e-08,00000_001981_07,12.0,3.4838315343677095e-08,3.390612235421031e-08,0.0,coef_energy_material_checkpoint_lambdas,0.0,2.631662368774414,1.5163369178771973,63,R3,4.400000095367432,4.400003373622894
0.0,nan,nan,6.582538958355144e-08,00000_001981_07,13.0,6.586883927184317e-08,4.4854076008959964e-08,0.0,coef_energy_material_checkpoint_lambdas,0.0,2.7056784629821777,1.5143297910690308,66,R3,4.400000095367432,4.400000095367432
0.0,nan,nan,4.152534484863281,00000_002019_00,1.0,4.153106689453125,4.1525349617004395,0.9740334153175354,coef_energy_material_checkpoint_lambdas,0.0,2.2729218006134033,1.4522223472595215,0,R3,3.6652101278305054,0.47508499026298523
0.0,nan,nan,0.7902252078056335,00000_002019_00,6.0,1.4598723649978638,1.4267514944076538,0.9730226993560791,coef_energy_material_checkpoint_lambdas,0.0,2.2984986305236816,1.4482786655426025,3,R3,3.3833330273628235,1.3765435218811035
0.0,nan,nan,2.730506658554077,00000_002019_00,7.0,3.8386340141296387,3.8385653495788574,0.9934618473052979,coef_energy_material_checkpoint_lambdas,0.0,2.282912492752075,1.4367907047271729,6,R3,2.889946460723877,0.4626832604408264
0.0,nan,nan,1.992271900177002,00000_002019_00,3.0,2.111717939376831,2.111440896987915,0.9932493567466736,coef_energy_material_checkpoint_lambdas,0.0,2.263904333114624,1.4375724792480469,9,R3,2.7725329995155334,0.4484536051750183
0.0,nan,nan,1.2403831481933594,00000_002019_00,2.0,1.9142605066299438,1.9080641269683838,0.8929822444915771,coef_energy_material_checkpoint_lambdas,0.0,2.224944829940796,1.426201343536377,12,R3,2.3132186233997345,0.2950083017349243
0.0,nan,nan,0.13226249814033508,00000_002019_00,4.0,0.13231399655342102,0.13226249814033508,0.9990254044532776,coef_energy_material_checkpoint_lambdas,0.0,2.285853385925293,1.5571612119674683,51,R3,4.400040149688721,1.6597599387168884
0.0,nan,nan,3.7180185317993164,00000_002019_00,2.0,3.7180705070495605,2.642946720123291,0.9907280206680298,coef_energy_material_checkpoint_lambdas,0.0,2.3227128982543945,1.552161693572998,54,R3,4.4008466601371765,0.5782644748687744
0.0,nan,nan,1.0579050779342651,00000_002019_00,4.0,1.4973843097686768,1.497383713722229,0.9994755387306213,coef_energy_material_checkpoint_lambdas,0.0,2.3590641021728516,1.5491199493408203,57,R3,4.400202572345734,4.405587553977966
0.0,nan,nan,1.9519020318984985,00000_002019_00,4.0,2.359280586242676,2.338503360748291,0.9967519044876099,coef_energy_material_checkpoint_lambdas,0.0,2.3639299869537354,1.5483969449996948,60,R3,4.400788128376007,4.403659641742706
0.0,nan,nan,0.21499945223331451,00000_002019_00,2.0,0.2816949486732483,0.21499945223331451,0.9980145692825317,coef_energy_material_checkpoint_lambdas,0.0,2.384937286376953,1.554038405418396,63,R3,4.4019975066185,3.307988405227661
0.0,nan,nan,-0.10015358030796051,00000_002019_00,5.0,0.1217283383011818,0.10667412728071213,0.9948617815971375,coef_energy_material_checkpoint_lambdas,0.0,2.4014081954956055,1.555974006652832,66,R3,4.400949120521545,1.6579301357269287
0.0,nan,nan,1.7643104791641235,00000_002019_00,4.0,4.17447566986084,3.269996166229248,0.9844802618026733,coef_energy_material_checkpoint_lambdas,0.0,2.531520128250122,1.5018564462661743,69,R3,4.4005603194236755,0.5609709620475769
0.0,nan,nan,4.152547836303711,00000_002019_01,1.0,4.1531219482421875,4.152548313140869,0.9740395545959473,coef_energy_material_checkpoint_lambdas,0.0,2.2726683616638184,1.454571008682251,0,R3,3.6652101278305054,0.47508499026298523
0.0,nan,nan,0.7915730476379395,00000_002019_01,6.0,1.4623998403549194,1.4292166233062744,0.9730188846588135,coef_energy_material_checkpoint_lambdas,0.0,2.302638053894043,1.4468095302581787,3,R3,3.3833330273628235,1.3765435218811035
0.0,nan,nan,2.725264072418213,00000_002019_01,7.0,3.8311715126037598,3.8311023712158203,0.9934646487236023,coef_energy_material_checkpoint_lambdas,0.0,2.2779898643493652,1.439854621887207,6,R3,2.889946460723877,0.4626832604408264
0.0,nan,nan,1.9937880039215088,00000_002019_01,3.0,2.1133081912994385,2.1130316257476807,0.9932465553283691,coef_energy_material_checkpoint_lambdas,0.0,2.2660529613494873,1.4366216659545898,9,R3,2.7725329995155334,0.4484536051750183
0.0,nan,nan,1.242051362991333,00000_002019_01,2.0,1.9162249565124512,1.9100638628005981,0.8928601741790771,coef_energy_material_checkpoint_lambdas,0.0,2.2284250259399414,1.4249627590179443,12,R3,2.3132186233997345,0.2950083017349243
0.0,nan,nan,0.050503239035606384,00000_002019_01,1.0,2.253547430038452,2.252981424331665,0.9998920559883118,coef_energy_material_checkpoint_lambdas,0.0,2.2267069816589355,1.497290015220642,39,R3,4.404151618480682,4.404151618480682
0.0,nan,nan,0.672092616558075,00000_002019_01,1.0,1.478601336479187,1.3170244693756104,0.9996107220649719,coef_energy_material_checkpoint_lambdas,0.0,2.277575969696045,1.5183501243591309,42,R3,4.400190234184265,4.400190234184265
0.0,nan,nan,-0.04671560972929001,00000_002019_01,2.0,0.12778331339359283,0.1189379096031189,0.9968705773353577,coef_energy_material_checkpoint_lambdas,0.0,2.327096939086914,1.538919448852539,45,R3,4.400042176246643,4.400042176246643
0.0,nan,nan,0.010915725491940975,00000_002019_01,6.0,0.014478561468422413,0.0036260150372982025,0.799599289894104,coef_energy_material_checkpoint_lambdas,0.0,2.355285167694092,1.5498350858688354,48,R3,4.400018692016602,4.40012389421463
0.0,nan,nan,0.00739151518791914,00000_002019_01,8.0,0.007415723521262407,0.0068789273500442505,0.9979017972946167,coef_energy_material_checkpoint_lambdas,0.0,2.3801217079162598,1.5421736240386963,51,R3,4.400000095367432,3.859465539455414
0.0,nan,nan,4.039867053506896e-05,00000_002019_01,5.0,4.062039442942478e-05,4.039867053506896e-05,0.026935771107673645,coef_energy_material_checkpoint_lambdas,0.0,2.5283522605895996,1.5129421949386597,54,R3,4.400000095367432,3.320471942424774
0.0,nan,nan,4.411006927490234,00000_002019_02,1.0,4.4110212326049805,0.011238710023462772,0.999811053276062,coef_energy_material_checkpoint_lambdas,0.0,2.2864861488342285,1.4549965858459473,0,R3,3.667966455221176,3.667966455221176
0.0,nan,nan,0.17680838704109192,00000_002019_02,4.0,0.17687872052192688,0.12854892015457153,0.7798029780387878,coef_energy_material_checkpoint_lambdas,1.0,2.301923990249634,1.4578967094421387,3,R3,3.29506653547287,3.6117560863494873
0.0,nan,nan,0.021209100261330605,00000_002019_02,6.0,0.057232920080423355,0.05258553475141525,0.9433299899101257,coef_energy_material_checkpoint_lambdas,1.0,2.29018235206604,1.4467889070510864,6,R3,2.8865193724632263,3.2494106888771057
0.0,nan,nan,0.08960770815610886,00000_002019_02,7.0,0.15829718112945557,0.13049311935901642,0.9875717163085938,coef_energy_material_checkpoint_lambdas,0.0,2.2759947776794434,1.4441263675689697,9,R3,2.4771698117256165,2.4771698117256165
0.0,nan,nan,0.10851068049669266,00000_002019_02,3.0,0.32772374153137207,0.3092382252216339,0.9987812638282776,coef_energy_material_checkpoint_lambdas,0.0,2.2629199028015137,1.434815526008606,12,R3,2.237482100725174,1.3488411903381348
0.0,nan,nan,1.2409955263137817,00000_002019_02,2.0,1.9144673347473145,1.908320665359497,0.8928344249725342,coef_energy_material_checkpoint_lambdas,0.0,2.2266335487365723,1.423086166381836,15,R3,2.3132186233997345,0.2950083017349243
0.0,nan,nan,0.050469912588596344,00000_002019_02,1.0,2.251922130584717,2.251356601715088,0.9998921155929565,coef_energy_material_checkpoint_lambdas,0.0,2.22489333152771,1.5003238916397095,42,R3,4.404151618480682,4.404151618480682
0.0,nan,nan,0.6642400622367859,00000_002019_02,1.0,1.4612853527069092,1.301591396331787,0.9996111392974854,coef_energy_material_checkpoint_lambdas,0.0,2.2497637271881104,1.536346197128296,45,R3,4.400190234184265,4.400190234184265
0.0,nan,nan,-0.6631034016609192,00000_002019_02,2.0,1.464720368385315,0.45461374521255493,0.9953661561012268,coef_energy_material_checkpoint_lambdas,0.0,2.269791603088379,1.5697473287582397,48,R3,4.401493847370148,0.5610095262527466
0.0,nan,nan,4.346388816833496,00000_002019_02,1.0,4.34705924987793,4.346389293670654,0.9888877868652344,coef_energy_material_checkpoint_lambdas,0.0,2.282435655593872,1.5753649473190308,51,R3,4.404050290584564,0.5673324465751648
0.0,nan,nan,0.1212395653128624,00000_002019_02,5.0,0.1350948065519333,0.05959508940577507,0.9931105375289917,coef_energy_material_checkpoint_lambdas,0.0,2.284400701522827,1.578704833984375,54,R3,4.400030791759491,4.400030791759491
0.0,nan,nan,0.030891163274645805,00000_002019_02,3.0,0.03721229359507561,0.03651459515094757,0.9996280670166016,coef_energy_material_checkpoint_lambdas,0.0,2.299916982650757,1.592947244644165,57,R3,4.400000095367432,3.860871136188507
0.0,nan,nan,0.009050929918885231,00000_002019_02,6.0,0.014749421738088131,0.008186079561710358,0.9819416999816895,coef_energy_material_checkpoint_lambdas,0.0,2.369089365005493,1.5760324001312256,60,R3,4.40001517534256,1.6608436703681946
0.0,nan,nan,4.425226211547852,00000_002019_02,1.0,4.425231456756592,4.425226211547852,0.9994127750396729,coef_energy_material_checkpoint_lambdas,0.0,2.484285593032837,1.5365054607391357,63,R3,4.403040289878845,0.5611391067504883
0.0,nan,nan,3.654668092727661,00000_002019_02,3.0,4.9172468185424805,4.740073204040527,0.9845669269561768,coef_energy_material_checkpoint_lambdas,0.0,2.6165554523468018,1.5120038986206055,66,R3,4.401439905166626,0.5666423439979553
0.0,nan,nan,4.158418655395508,00000_002019_03,1.0,4.15899133682251,4.158418655395508,0.9740329384803772,coef_energy_material_checkpoint_lambdas,0.0,2.276160717010498,1.4541161060333252,0,R3,3.6652101278305054,0.47508499026298523
0.0,nan,nan,0.7915292978286743,00000_002019_03,6.0,1.4623171091079712,1.4291359186172485,0.9730190634727478,coef_energy_material_checkpoint_lambdas,0.0,2.3024990558624268,1.4469386339187622,3,R3,3.3833330273628235,1.3765435218811035
0.0,nan,nan,2.717477321624756,00000_002019_03,7.0,3.820108413696289,3.8200387954711914,0.9934681057929993,coef_energy_material_checkpoint_lambdas,0.0,2.2708024978637695,1.4430688619613647,6,R3,2.889946460723877,0.4626832604408264
0.0,nan,nan,1.9961700439453125,00000_002019_03,3.0,2.115812301635742,2.1155364513397217,0.9932434558868408,coef_energy_material_checkpoint_lambdas,0.0,2.269270658493042,1.4358872175216675,9,R3,2.7725329995155334,0.4484536051750183
0.0,nan,nan,1.2430410385131836,00000_002019_03,2.0,1.9168336391448975,1.9107331037521362,0.8926765322685242,coef_energy_material_checkpoint_lambdas,0.0,2.2309350967407227,1.4213467836380005,12,R3,2.3132186233997345,0.2950083017349243
0.0,nan,nan,0.04990024492144585,00000_002019_03,1.0,2.225343942642212,2.2247843742370605,0.9998923540115356,coef_energy_material_checkpoint_lambdas,0.0,2.1968843936920166,1.5172313451766968,39,R3,4.404151618480682,4.404151618480682
0.0,nan,nan,0.13406741619110107,00000_002019_03,4.0,0.13411974906921387,0.13406743109226227,0.9990239143371582,coef_energy_material_checkpoint_lambdas,0.0,2.318704605102539,1.5365393161773682,51,R3,4.400040149688721,1.6597599387168884
0.0,nan,nan,3.828272819519043,00000_002019_03,2.0,3.8283209800720215,2.720580577850342,0.9906908273696899,coef_energy_material_checkpoint_lambdas,0.0,2.3963561058044434,1.5155935287475586,54,R3,4.4008466601371765,0.5782644748687744
0.0,nan,nan,0.7366937398910522,00000_002019_03,5.0,1.6237655878067017,1.5441261529922485,0.9995927214622498,coef_energy_material_checkpoint_lambdas,0.0,2.5221986770629883,1.477542519569397,57,R3,4.4001211524009705,4.403711378574371
0.0,nan,nan,4.408111572265625,00000_002019_04,1.0,4.408125877380371,0.01125489454716444,0.9998111724853516,coef_energy_material_checkpoint_lambdas,0.0,2.2843573093414307,1.4570921659469604,0,R3,3.667966455221176,3.667966455221176
0.0,nan,nan,0.17678490281105042,00000_002019_04,4.0,0.17685531079769135,0.12853413820266724,0.7797915935516357,coef_energy_material_checkpoint_lambdas,1.0,2.3016719818115234,1.4576168060302734,3,R3,3.29506653547287,3.6117560863494873
0.0,nan,nan,0.021192576736211777,00000_002019_04,6.0,0.05722483620047569,0.05257235839962959,0.9434145092964172,coef_energy_material_checkpoint_lambdas,1.0,2.2882022857666016,1.4483009576797485,6,R3,2.8865193724632263,3.2494106888771057
0.0,nan,nan,0.08966072648763657,00000_002019_04,7.0,0.15831853449344635,0.13048261404037476,0.9876208901405334,coef_energy_material_checkpoint_lambdas,0.0,2.271815538406372,1.4449808597564697,9,R3,2.4771698117256165,2.4771698117256165
0.0,nan,nan,0.10810034722089767,00000_002019_04,3.0,0.32598280906677246,0.30753716826438904,0.9987545013427734,coef_energy_material_checkpoint_lambdas,0.0,2.275498151779175,1.4267280101776123,12,R3,2.237482100725174,1.3488411903381348
0.0,nan,nan,1.2424852848052979,00000_002019_04,2.0,1.9167293310165405,1.9105780124664307,0.8928272128105164,coef_energy_material_checkpoint_lambdas,0.0,2.2293355464935303,1.4246070384979248,15,R3,2.3132186233997345,0.2950083017349243
0.0,nan,nan,0.05035856366157532,00000_002019_04,1.0,2.246706008911133,2.2461416721343994,0.9998922944068909,coef_energy_material_checkpoint_lambdas,0.0,2.2193660736083984,1.5042414665222168,42,R3,4.404151618480682,4.404151618480682
0.0,nan,nan,0.664461076259613,00000_002019_04,1.0,1.4617714881896973,1.3905152082443237,0.9996111989021301,coef_energy_material_checkpoint_lambdas,0.0,2.2505130767822266,1.536827564239502,45,R3,4.400190234184265,2.239304482936859
0.0,nan,nan,4.34586238861084,00000_002019_04,1.0,4.346532344818115,4.34586238861084,0.9888883233070374,coef_energy_material_checkpoint_lambdas,0.0,2.282109498977661,1.575467824935913,51,R3,4.404050290584564,0.5673324465751648
0.0,nan,nan,0.12122426182031631,00000_002019_04,5.0,0.13507762551307678,0.0595872737467289,0.993110716342926,coef_energy_material_checkpoint_lambdas,0.0,2.2840723991394043,1.5800106525421143,54,R3,4.400030791759491,4.400030791759491
0.0,nan,nan,0.030883314087986946,00000_002019_04,3.0,0.03720284253358841,0.0365053229033947,0.999627947807312,coef_energy_material_checkpoint_lambdas,0.0,2.2993171215057373,1.5931226015090942,57,R3,4.400000095367432,3.860871136188507
0.0,nan,nan,0.00891952496021986,00000_002019_04,6.0,0.01454430352896452,0.008078066632151604,0.9820327162742615,coef_energy_material_checkpoint_lambdas,0.0,2.3302993774414062,1.6012635231018066,60,R3,4.40001517534256,1.6608436703681946
0.0,nan,nan,4.224607467651367,00000_002019_04,1.0,4.224613666534424,4.224607467651367,0.9994181990623474,coef_energy_material_checkpoint_lambdas,0.0,2.360668182373047,1.6201539039611816,63,R3,4.403040289878845,0.5611391067504883
0.0,nan,nan,0.1483934372663498,00000_002019_04,7.0,0.2304515838623047,0.17631597816944122,0.9993237257003784,coef_energy_material_checkpoint_lambdas,0.0,2.409830093383789,1.6382652521133423,66,R3,4.400000095367432,4.400000095367432
0.0,nan,nan,0.00012571083789225668,00000_002019_04,10.0,0.0001261983416043222,9.672698797658086e-05,0.0,coef_energy_material_checkpoint_lambdas,0.0,2.4507358074188232,1.650789499282837,69,R3,4.400000095367432,4.400000095367432
0.0,nan,nan,1.2736215637687565e-08,00000_002019_04,14.0,5.770882793854071e-08,3.079424715224377e-08,0.0,coef_energy_material_checkpoint_lambdas,0.0,2.549117088317871,1.6177966594696045,72,R3,4.400000095367432,4.400000095367432
0.0,nan,nan,0.0,00000_002019_04,15.0,1.6617482287983876e-06,0.0,0.0,coef_energy_material_checkpoint_lambdas,0.0,2.730138063430786,1.5444880723953247,75,R3,4.400000095367432,3.31051242351532
0.0,nan,nan,4.42012882232666,00000_002019_05,1.0,4.420143127441406,0.011249330826103687,0.9998109936714172,coef_energy_material_checkpoint_lambdas,0.0,2.2915472984313965,1.4563913345336914,0,R3,3.667966455221176,3.667966455221176
0.0,nan,nan,0.17677786946296692,00000_002019_05,4.0,0.17684872448444366,0.12854047119617462,0.7797342538833618,coef_energy_material_checkpoint_lambdas,1.0,2.301848888397217,1.457128643989563,3,R3,3.29506653547287,3.6117560863494873
0.0,nan,nan,0.021244442090392113,00000_002019_05,6.0,0.05727941542863846,0.05263594910502434,0.9432170391082764,coef_energy_material_checkpoint_lambdas,1.0,2.2942609786987305,1.445665955543518,6,R3,2.8865193724632263,3.2494106888771057
0.0,nan,nan,0.08945141732692719,00000_002019_05,7.0,0.1580960750579834,0.13035647571086884,0.9875203967094421,coef_energy_material_checkpoint_lambdas,0.0,2.2777552604675293,1.4416074752807617,9,R3,2.4771698117256165,2.4771698117256165
0.0,nan,nan,0.10824883729219437,00000_002019_05,3.0,0.3268582820892334,0.30841290950775146,0.998777449131012,coef_energy_material_checkpoint_lambdas,0.0,2.2606041431427,1.4309571981430054,12,R3,2.237482100725174,1.3488411903381348
0.0,nan,nan,1.2422266006469727,00000_002019_05,2.0,1.9164905548095703,1.910328984260559,0.8928593397140503,coef_energy_material_checkpoint_lambdas,0.0,2.228743314743042,1.4251396656036377,15,R3,2.3132186233997345,0.2950083017349243
0.0,nan,nan,0.05056173726916313,00000_002019_05,1.0,2.2562761306762695,2.255709648132324,0.9998922348022461,coef_energy_material_checkpoint_lambdas,0.0,2.2295820713043213,1.4955675601959229,42,R3,4.404151618480682,4.404151618480682
0.0,nan,nan,0.6719034314155579,00000_002019_05,1.0,1.478184700012207,1.3166532516479492,0.9996107220649719,coef_energy_material_checkpoint_lambdas,0.0,2.276923894882202,1.5182487964630127,45,R3,4.400190234184265,4.400190234184265
0.0,nan,nan,-0.04656078666448593,00000_002019_05,2.0,0.12736190855503082,0.11854598671197891,0.9968711137771606,coef_energy_material_checkpoint_lambdas,0.0,2.319232940673828,1.5433909893035889,48,R3,4.400042176246643,4.400042176246643
0.0,nan,nan,0.010734259150922298,00000_002019_05,6.0,0.0142493462190032,0.0035813557915389538,0.8001538515090942,coef_energy_material_checkpoint_lambdas,0.0,2.3151447772979736,1.577867031097412,51,R3,4.400018692016602,4.40012389421463
0.0,nan,nan,-0.001486551365815103,00000_002019_05,8.0,0.005413161590695381,0.005408027209341526,0.99979168176651,coef_energy_material_checkpoint_lambdas,0.0,2.3192009925842285,1.5715675354003906,54,R3,4.400003612041473,4.400123476982117
0.0,nan,nan,-0.0008911704062484205,00000_002019_05,7.0,0.0022218995727598667,0.0020693629048764706,0.9808932542800903,coef_energy_material_checkpoint_lambdas,0.0,2.3432860374450684,1.5635039806365967,57,R3,4.400003612041473,3.8569491505622864
0.0,nan,nan,1.9680442810058594,00000_002019_05,5.0,2.1493470668792725,0.1073518916964531,0.9759873151779175,coef_energy_material_checkpoint_lambdas,0.0,2.3622868061065674,1.5837115049362183,60,R3,4.4000518918037415,0.5603129267692566
0.0,nan,nan,4.149408340454102,00000_002019_06,1.0,4.149984359741211,4.149408340454102,0.9740460515022278,coef_energy_material_checkpoint_lambdas,0.0,2.270667791366577,1.456007480621338,0,R3,3.6652101278305054,0.47508499026298523
0.0,nan,nan,0.790124237537384,00000_002019_06,6.0,1.4596787691116333,1.4265632629394531,0.9730232954025269,coef_energy_material_checkpoint_lambdas,0.0,2.2981624603271484,1.448858380317688,3,R3,3.3833330273628235,1.3765435218811035
0.0,nan,nan,2.7253265380859375,00000_002019_06,7.0,3.831242322921753,3.8311731815338135,0.9934651255607605,coef_energy_material_checkpoint_lambdas,0.0,2.2779436111450195,1.440950870513916,6,R3,2.889946460723877,0.4626832604408264
0.0,nan,nan,1.995244026184082,00000_002019_06,3.0,2.114838123321533,2.1145620346069336,0.9932446479797363,coef_energy_material_checkpoint_lambdas,0.0,2.2680370807647705,1.436089277267456,9,R3,2.7725329995155334,0.4484536051750183
0.0,nan,nan,1.2383357286453247,00000_002019_06,2.0,1.911881923675537,1.9056397676467896,0.893138587474823,coef_energy_material_checkpoint_lambdas,0.0,2.2206478118896484,1.4278879165649414,12,R3,2.3132186233997345,0.2950083017349243
0.0,nan,nan,0.05060742422938347,00000_002019_06,1.0,2.258321523666382,2.2577545642852783,0.9998921751976013,coef_energy_material_checkpoint_lambdas,0.0,2.2316133975982666,1.4967225790023804,39,R3,4.404151618480682,4.404151618480682
0.0,nan,nan,0.6717673540115356,00000_002019_06,1.0,1.47788405418396,1.3163851499557495,0.9996107816696167,coef_energy_material_checkpoint_lambdas,0.0,2.2764244079589844,1.5190799236297607,42,R3,4.400190234184265,4.400190234184265
0.0,nan,nan,-0.046632759273052216,00000_002019_06,2.0,0.12755748629570007,0.11872782558202744,0.996870756149292,coef_energy_material_checkpoint_lambdas,0.0,2.3229117393493652,1.5398447513580322,45,R3,4.400042176246643,4.400042176246643
0.0,nan,nan,0.010915725491940975,00000_002019_06,6.0,0.014478561468422413,0.0036260150372982025,0.799599289894104,coef_energy_material_checkpoint_lambdas,0.0,2.355285167694092,1.5498350858688354,48,R3,4.400018692016602,4.40012389421463
0.0,nan,nan,0.007317829877138138,00000_002019_06,8.0,0.007341790944337845,0.006810314487665892,0.9979025721549988,coef_energy_material_checkpoint_lambdas,0.0,2.3559699058532715,1.5559227466583252,51,R3,4.400000095367432,3.859465539455414
0.0,nan,nan,3.858198397210799e-05,00000_002019_06,5.0,3.8832858990645036e-05,3.858198397210799e-05,0.02592574432492256,coef_energy_material_checkpoint_lambdas,0.0,2.3871278762817383,1.573123812675476,54,R3,4.400000095367432,3.320471942424774
0.0,nan,nan,0.28879696130752563,00000_002019_06,5.0,0.34734100103378296,0.3406692147254944,0.9728412628173828,coef_energy_material_checkpoint_lambdas,0.0,2.421196222305298,1.5822155475616455,57,R3,4.40012663602829,1.6620670557022095
0.0,nan,nan,2.788269519805908,00000_002019_06,1.0,4.018834114074707,4.0181355476379395,0.9482623934745789,coef_energy_material_checkpoint_lambdas,0.0,2.470305919647217,1.6119383573532104,66,R3,4.408887207508087,0.5566219091415405
0.0,nan,nan,0.14929771423339844,00000_002019_06,5.0,0.3998602330684662,0.265013188123703,0.9993273019790649,coef_energy_material_checkpoint_lambdas,0.0,2.567084312438965,1.5758774280548096,69,R3,4.400003612041473,4.401455283164978
0.0,nan,nan,4.154096603393555,00000_002019_07,1.0,4.154669284820557,4.154096603393555,0.9740339517593384,coef_energy_material_checkpoint_lambdas,0.0,2.273758888244629,1.4529311656951904,0,R3,3.6652101278305054,0.47508499026298523
0.0,nan,nan,0.7894283533096313,00000_002019_07,6.0,1.4583728313446045,1.4252897500991821,0.9730254411697388,coef_energy_material_checkpoint_lambdas,0.0,2.296020030975342,1.4497113227844238,3,R3,3.3833330273628235,1.3765435218811035
0.0,nan,nan,2.7274911403656006,00000_002019_07,7.0,3.834345817565918,3.8342769145965576,0.993463397026062,coef_energy_material_checkpoint_lambdas,0.0,2.2801060676574707,1.4382838010787964,6,R3,2.889946460723877,0.4626832604408264
0.0,nan,nan,1.9952893257141113,00000_002019_07,3.0,2.11487078666687,2.114595413208008,0.993242084980011,coef_energy_material_checkpoint_lambdas,0.0,2.2684764862060547,1.4342600107192993,9,R3,2.7725329995155334,0.4484536051750183
0.0,nan,nan,1.239351511001587,00000_002019_07,2.0,1.9127556085586548,1.9065581560134888,0.8929996490478516,coef_energy_material_checkpoint_lambdas,0.0,2.223024368286133,1.4254671335220337,12,R3,2.3132186233997345,0.2950083017349243
0.0,nan,nan,0.05048869550228119,00000_002019_07,1.0,2.2528281211853027,2.2522623538970947,0.9998921751976013,coef_energy_material_checkpoint_lambdas,0.0,2.225890636444092,1.4989036321640015,39,R3,4.404151618480682,4.404151618480682
0.0,nan,nan,0.6640231609344482,00000_002019_07,1.0,1.4608068466186523,1.3011648654937744,0.9996111989021301,coef_energy_material_checkpoint_lambdas,0.0,2.248994827270508,1.5368574857711792,42,R3,4.400190234184265,4.400190234184265
0.0,nan,nan,-0.6627023816108704,00000_002019_07,2.0,1.463837742805481,0.454341322183609,0.9953663349151611,coef_energy_material_checkpoint_lambdas,0.0,2.2683980464935303,1.5699822902679443,45,R3,4.401493847370148,0.5610095262527466
0.0,nan,nan,4.345927715301514,00000_002019_07,1.0,4.3465986251831055,4.345927715301514,0.9888888597488403,coef_energy_material_checkpoint_lambdas,0.0,2.282081365585327,1.5758616924285889,48,R3,4.404050290584564,0.5673324465751648
0.0,nan,nan,0.12122811377048492,00000_002019_07,5.0,0.1350819319486618,0.0595891959965229,0.9931106567382812,coef_energy_material_checkpoint_lambdas,0.0,2.2841498851776123,1.5798836946487427,51,R3,4.400030791759491,4.400030791759491
0.0,nan,nan,0.03086339682340622,00000_002019_07,3.0,0.03717887029051781,0.03648180514574051,0.999627947807312,coef_energy_material_checkpoint_lambdas,0.0,2.297767162322998,1.5945852994918823,54,R3,4.400000095367432,3.860871136188507
0.0,nan,nan,0.008919503539800644,00000_002019_07,6.0,0.01454446092247963,0.008078278042376041,0.9820346832275391,coef_energy_material_checkpoint_lambdas,0.0,2.330199718475342,1.6022882461547852,57,R3,4.40001517534256,1.6608436703681946
0.0,nan,nan,4.257902145385742,00000_002019_07,1.0,4.257907867431641,4.257901668548584,0.9994171857833862,coef_energy_material_checkpoint_lambdas,0.0,2.3812243938446045,1.6057039499282837,60,R3,4.403040289878845,0.5611391067504883
0.0,nan,nan,0.15338286757469177,00000_002019_07,7.0,0.2382136732339859,0.18226204812526703,0.9993218779563904,coef_energy_material_checkpoint_lambdas,0.0,2.4942500591278076,1.5759892463684082,63,R3,4.400000095367432,4.400000095367432
0.0,nan,nan,0.0025920290499925613,00000_002019_07,10.0,0.0028376183472573757,0.0025920290499925613,0.9853351712226868,coef_energy_material_checkpoint_lambdas,0.0,2.5363502502441406,1.5817217826843262,66,R3,4.400000095367432,4.400000095367432
0.0,nan,nan,0.008733479306101799,00000_002019_07,12.0,0.009009534493088722,0.008733479306101799,0.9945641756057739,coef_energy_material_checkpoint_lambdas,0.0,2.655479907989502,1.5436233282089233,69,R3,4.400000095367432,4.400000095367432
0.0,nan,nan,4.1707987785339355,00000_002020_00,1.0,4.34456729888916,1.2164311408996582,0.992102861404419,coef_energy_material_checkpoint_lambdas,0.0,2.3050763607025146,1.462078332901001,0,R3,3.6638914048671722,3.6638914048671722
0.0,nan,nan,0.02927861176431179,00000_002020_00,3.0,0.05254519730806351,0.010149451903998852,0.999357283115387,coef_energy_material_checkpoint_lambdas,1.0,2.316845178604126,1.467317819595337,3,R3,3.3001139163970947,3.614548474550247
0.0,nan,nan,0.002345426008105278,00000_002020_00,6.0,0.025025712326169014,0.01927643083035946,0.9990363121032715,coef_energy_material_checkpoint_lambdas,1.0,2.2944750785827637,1.4557693004608154,6,R3,2.8858735859394073,3.2493993043899536
0.0,nan,nan,0.09006744623184204,00000_002020_00,8.0,0.15879987180233002,0.13078704476356506,0.9877715706825256,coef_energy_material_checkpoint_lambdas,0.0,2.2647528648376465,1.4519621133804321,9,R3,2.4798833429813385,2.4798833429813385
0.0,nan,nan,0.11006513983011246,00000_002020_00,4.0,0.3275798559188843,0.29599544405937195,0.9986440539360046,coef_energy_material_checkpoint_lambdas,0.0,2.260709285736084,1.4353570938110352,12,R3,2.2374806702136993,1.8456956148147583
0.0,nan,nan,0.2126232087612152,00000_002020_00,1.0,0.9445881843566895,0.920346736907959,0.9657623171806335,coef_energy_material_checkpoint_lambdas,0.0,2.2287397384643555,1.4245657920837402,15,R3,2.594463497400284,0.8093332946300507
0.0,nan,nan,0.7068267464637756,00000_002020_00,1.0,1.46853506565094,1.2872416973114014,0.9995732307434082,coef_energy_material_checkpoint_lambdas,0.0,2.2809932231903076,1.5121756792068481,45,R3,4.400262653827667,4.400262653827667
0.0,nan,nan,-0.044383883476257324,00000_002020_00,3.0,0.12031635642051697,0.11183065921068192,0.9992308616638184,coef_energy_material_checkpoint_lambdas,0.0,2.2969977855682373,1.5442670583724976,48,R3,4.4000988602638245,4.4000988602638245
0.0,nan,nan,1.5794926881790161,00000_002020_00,6.0,2.2340564727783203,1.5794928073883057,0.9999456405639648,coef_energy_material_checkpoint_lambdas,0.0,2.352285623550415,1.5584255456924438,51,R3,4.40002977848053,0.5578073263168335
0.0,nan,nan,1.4660922288894653,00000_002020_00,7.0,2.4214413166046143,0.3260253071784973,0.9996668100357056,coef_energy_material_checkpoint_lambdas,0.0,2.427947759628296,1.590099573135376,57,R3,4.400101363658905,4.400102436542511
0.0,nan,nan,9.799555118661374e-05,00000_002020_00,6.0,0.00030220943153835833,9.799555118661374e-05,-0.004479516297578812,coef_energy_material_checkpoint_lambdas,0.0,2.4556188583374023,1.6011505126953125,60,R3,4.400000095367432,4.408165216445923
0.0,nan,nan,0.039499834179878235,00000_002020_00,7.0,0.04025101661682129,0.033403586596250534,0.9989563822746277,coef_energy_material_checkpoint_lambdas,0.0,2.482402801513672,1.6090216636657715,63,R3,4.400000095367432,2.7581613659858704
0.0,nan,nan,0.13397888839244843,00000_002020_00,5.0,0.15781794488430023,0.035762134939432144,0.8117336630821228,coef_energy_material_checkpoint_lambdas,0.0,2.4971578121185303,1.6139453649520874,66,R3,4.400037586688995,1.1079457998275757
0.0,nan,nan,4.749807357788086,00000_002020_00,1.0,4.750080585479736,3.322591543197632,0.9870909452438354,coef_energy_material_checkpoint_lambdas,0.0,2.6123545169830322,1.5837757587432861,72,R3,4.402884304523468,0.556403398513794
0.0,nan,nan,4.175436496734619,00000_002020_01,1.0,4.3495192527771,1.2182157039642334,0.9920908808708191,coef_energy_material_checkpoint_lambdas,0.0,2.309443235397339,1.458434820175171,0,R3,3.6638914048671722,3.6638914048671722
0.0,nan,nan,0.029249615967273712,00000_002020_01,3.0,0.05248964577913284,0.010136409662663937,0.9993555545806885,coef_energy_material_checkpoint_lambdas,1.0,2.3172905445098877,1.4657121896743774,3,R3,3.3001139163970947,3.614548474550247
0.0,nan,nan,0.002344849519431591,00000_002020_01,6.0,0.025059444829821587,0.01930001936852932,0.9990429878234863,coef_energy_material_checkpoint_lambdas,1.0,2.2897322177886963,1.4582961797714233,6,R3,2.8858735859394073,3.2493993043899536
0.0,nan,nan,0.08994026482105255,00000_002020_01,8.0,0.15868334472179413,0.13073313236236572,0.9876986145973206,coef_energy_material_checkpoint_lambdas,0.0,2.2697930335998535,1.4499117136001587,9,R3,2.4798833429813385,2.4798833429813385
0.0,nan,nan,0.11038169264793396,00000_002020_01,4.0,0.32886776328086853,0.2971062958240509,0.9986634254455566,coef_energy_material_checkpoint_lambdas,0.0,2.2532706260681152,1.441296935081482,12,R3,2.2374806702136993,1.8456956148147583
0.0,nan,nan,0.21349787712097168,00000_002020_01,1.0,0.9478967189788818,0.9235404133796692,0.9657257795333862,coef_energy_material_checkpoint_lambdas,0.0,2.237717866897583,1.4210224151611328,15,R3,2.594463497400284,0.8093332946300507
0.0,nan,nan,0.7073734998703003,00000_002020_01,1.0,1.4696696996688843,1.2882359027862549,0.9995732307434082,coef_energy_material_checkpoint_lambdas,0.0,2.282710552215576,1.514681339263916,45,R3,4.400262653827667,4.400262653827667
0.0,nan,nan,-0.044641874730587006,00000_002020_01,3.0,0.12101415544748306,0.11247901618480682,0.999230682849884,coef_energy_material_checkpoint_lambdas,0.0,2.310622215270996,1.5431095361709595,48,R3,4.4000988602638245,4.4000988602638245
0.0,nan,nan,0.05630604550242424,00000_002020_01,5.0,0.064827099442482,0.05391662195324898,0.9913581609725952,coef_energy_material_checkpoint_lambdas,0.0,2.3118457794189453,1.5740644931793213,51,R3,4.400028228759766,4.4006155133247375
0.0,nan,nan,0.03701569139957428,00000_002020_01,7.0,0.03771889954805374,0.03701569139957428,0.99892258644104,coef_energy_material_checkpoint_lambdas,0.0,2.3221678733825684,1.5729349851608276,54,R3,4.4000009298324585,4.402209281921387
0.0,nan,nan,0.0006061529857106507,00000_002020_01,5.0,0.01149472314864397,0.0006061529857106507,0.9973997473716736,coef_energy_material_checkpoint_lambdas,0.0,2.3470122814178467,1.5631335973739624,57,R3,4.400000631809235,1.6676440834999084
0.0,nan,nan,3.320194721221924,00000_002020_01,3.0,4.489164352416992,3.91629695892334,0.9979568719863892,coef_energy_material_checkpoint_lambdas,0.0,2.3840370178222656,1.5681021213531494,60,R3,4.401480138301849,0.5881181359291077
0.0,nan,nan,2.3042962551116943,00000_002020_01,1.0,2.6163604259490967,2.3042962551116943,0.9967783689498901,coef_energy_material_checkpoint_lambdas,0.0,2.486246109008789,1.5847803354263306,69,R3,4.413164913654327,0.5784652829170227
0.0,nan,nan,4.177600383758545,00000_002020_02,1.0,4.351760387420654,1.2187995910644531,0.9920920133590698,coef_energy_material_checkpoint_lambdas,0.0,2.3104426860809326,1.45976722240448,0,R3,3.6638914048671722,3.6638914048671722
0.0,nan,nan,0.02923392690718174,00000_002020_02,3.0,0.05246378108859062,0.010132922790944576,0.9993566274642944,coef_energy_material_checkpoint_lambdas,1.0,2.314262628555298,1.4650254249572754,3,R3,3.3001139163970947,3.614548474550247
0.0,nan,nan,0.0023483119439333677,00000_002020_02,6.0,0.025006305426359177,0.019264495000243187,0.9990280270576477,coef_energy_material_checkpoint_lambdas,1.0,2.3025577068328857,1.4539295434951782,6,R3,2.8858735859394073,3.2493993043899536
0.0,nan,nan,0.09007680416107178,00000_002020_02,8.0,0.15882539749145508,0.13081160187721252,0.9877654910087585,coef_energy_material_checkpoint_lambdas,0.0,2.265679359436035,1.4521129131317139,9,R3,2.4798833429813385,2.4798833429813385
0.0,nan,nan,0.11028197407722473,00000_002020_02,4.0,0.3284107446670532,0.2967178523540497,0.9986545443534851,coef_energy_material_checkpoint_lambdas,0.0,2.2576818466186523,1.4391570091247559,12,R3,2.2374806702136993,1.8456956148147583
0.0,nan,nan,0.21270990371704102,00000_002020_02,1.0,0.9451195597648621,0.9208720922470093,0.9657715559005737,coef_energy_material_checkpoint_lambdas,0.0,2.229696750640869,1.427528738975525,15,R3,2.594463497400284,0.8093332946300507
0.0,nan,nan,3.0627708435058594,00000_002020_02,1.0,3.6300008296966553,3.5217440128326416,0.9935020804405212,coef_energy_material_checkpoint_lambdas,0.0,2.204373598098755,1.5081205368041992,42,R3,4.4041178822517395,0.5727579593658447
0.0,nan,nan,3.866037368774414,00000_002020_02,2.0,3.866037368774414,2.7339887619018555,0.9999960064888,coef_energy_material_checkpoint_lambdas,0.0,2.418560743331909,1.601303219795227,51,R3,4.402781307697296,4.403781175613403
0.0,nan,nan,0.16317757964134216,00000_002020_02,9.0,0.21607600152492523,0.16317759454250336,0.9976028800010681,coef_energy_material_checkpoint_lambdas,0.0,2.48138689994812,1.6048705577850342,54,R3,4.400000989437103,4.402807593345642
0.0,nan,nan,0.15229561924934387,00000_002020_02,10.0,0.40761229395866394,0.27006739377975464,0.9982385635375977,coef_energy_material_checkpoint_lambdas,0.0,2.6317529678344727,1.5701712369918823,57,R3,4.400003373622894,4.400006890296936
0.0,nan,nan,0.015997938811779022,00000_002020_03,4.0,0.016964547336101532,0.01220320537686348,0.9999862909317017,coef_energy_material_checkpoint_lambdas,0.0,2.2804033756256104,1.4799648523330688,0,R3,3.398227035999298,3.099491834640503
0.0,nan,nan,0.1454015076160431,00000_002020_03,5.0,0.26961642503738403,0.2681046724319458,0.90768963098526,coef_energy_material_checkpoint_lambdas,0.0,2.265054941177368,1.4649255275726318,3,R3,2.837123215198517,1.46043461561203
0.0,nan,nan,0.7860338687896729,00000_002020_03,6.0,3.495417356491089,2.9641385078430176,-0.2664342224597931,coef_energy_material_checkpoint_lambdas,0.0,2.261924982070923,1.459911823272705,6,R3,2.6853804290294647,0.3337399959564209
0.0,nan,nan,2.634251117706299,00000_002020_03,3.0,3.8081142902374268,3.807234764099121,0.9724639058113098,coef_energy_material_checkpoint_lambdas,0.0,2.267868995666504,1.4483548402786255,9,R3,2.4186801612377167,0.2625632882118225
0.0,nan,nan,3.509392261505127,00000_002020_03,3.0,3.8899965286254883,3.070444345474243,0.979178249835968,coef_energy_material_checkpoint_lambdas,0.0,2.2638962268829346,1.438926339149475,12,R3,2.117599219083786,0.2782212197780609
0.0,nan,nan,2.885814666748047,00000_002020_03,1.0,3.170397996902466,1.3128206729888916,0.9769483208656311,coef_energy_material_checkpoint_lambdas,0.0,2.203416109085083,1.421585202217102,18,R3,2.1815138161182404,0.3932284414768219
0.0,nan,nan,0.8512372970581055,00000_002020_03,1.0,1.6396394968032837,0.13466209173202515,0.00400845380499959,coef_energy_material_checkpoint_lambdas,0.0,2.1470890045166016,1.4361474514007568,24,R3,4.272691398859024,0.42232900857925415
0.0,nan,nan,0.8792088031768799,00000_002020_03,1.0,2.131979465484619,1.9422482252120972,0.9970994591712952,coef_energy_material_checkpoint_lambdas,0.0,2.260798931121826,1.5064829587936401,45,R3,4.400903820991516,4.400903820991516
0.0,nan,nan,0.006094657815992832,00000_002020_03,1.0,0.029596896842122078,0.02896258793771267,0.972000777721405,coef_energy_material_checkpoint_lambdas,0.0,2.3060872554779053,1.5230777263641357,48,R3,4.400117218494415,4.400117218494415
0.0,nan,nan,-0.0006632551085203886,00000_002020_03,4.0,0.13232269883155823,0.0940341055393219,0.9863041043281555,coef_energy_material_checkpoint_lambdas,0.0,2.3143913745880127,1.5610705614089966,51,R3,4.400039553642273,2.762571334838867
0.0,nan,nan,2.2416539192199707,00000_002020_03,5.0,2.2433526515960693,2.09901762008667,0.9985721111297607,coef_energy_material_checkpoint_lambdas,0.0,2.358518123626709,1.5797827243804932,54,R3,4.400150120258331,0.559221088886261
0.0,nan,nan,1.7143397331237793,00000_002020_03,5.0,4.022971153259277,3.9947731494903564,0.9849898815155029,coef_energy_material_checkpoint_lambdas,0.0,2.3873977661132812,1.5998892784118652,57,R3,4.400671064853668,4.402701497077942
0.0,nan,nan,0.002031786600127816,00000_002020_03,8.0,0.008240725845098495,0.004210494924336672,0.9847533702850342,coef_energy_material_checkpoint_lambdas,0.0,2.4211504459381104,1.6250512599945068,60,R3,4.400000095367432,4.401854574680328
0.0,nan,nan,-0.002059708582237363,00000_002020_03,9.0,0.008382324129343033,0.004289040807634592,0.9945722222328186,coef_energy_material_checkpoint_lambdas,0.0,2.468799591064453,1.6413217782974243,63,R3,4.400000095367432,4.402850270271301
0.0,nan,nan,1.6513067483901978,00000_002020_03,9.0,1.6513067483901978,1.6513067483901978,1.0,coef_energy_material_checkpoint_lambdas,0.0,2.5323705673217773,1.643678903579712,66,R3,4.400017738342285,4.4009957909584045
0.0,nan,nan,0.14148564636707306,00000_002020_03,12.0,0.1493951976299286,0.14148564636707306,0.9994931817054749,coef_energy_material_checkpoint_lambdas,0.0,2.5403616428375244,1.6662341356277466,69,R3,4.400000095367432,4.400003612041473
0.0,nan,nan,0.0004650720802601427,00000_002020_03,12.0,0.0006573667633347213,0.0004650720802601427,0.9997441172599792,coef_energy_material_checkpoint_lambdas,0.0,2.6176395416259766,1.6350568532943726,72,R3,4.400000095367432,4.400000095367432
0.0,nan,nan,3.5158736864104867e-06,00000_002020_03,13.0,4.007471943623386e-06,1.1262333146078163e-06,0.0,coef_energy_material_checkpoint_lambdas,0.0,2.77052640914917,1.5948457717895508,75,R3,4.400000095367432,4.400000095367432
0.0,nan,nan,4.173403739929199,00000_002020_04,1.0,4.347343444824219,1.2174129486083984,0.9920966029167175,coef_energy_material_checkpoint_lambdas,0.0,2.3074426651000977,1.4602856636047363,0,R3,3.6638914048671722,3.6638914048671722
0.0,nan,nan,0.029203712940216064,00000_002020_04,3.0,0.05240128934383392,0.010115406475961208,0.9993528723716736,coef_energy_material_checkpoint_lambdas,1.0,2.3183281421661377,1.4631520509719849,3,R3,3.3001139163970947,3.614548474550247
0.0,nan,nan,0.0023457049392163754,00000_002020_04,6.0,0.025036858394742012,0.019284524023532867,0.9990377426147461,coef_energy_material_checkpoint_lambdas,1.0,2.2938921451568604,1.4565331935882568,6,R3,2.8858735859394073,3.2493993043899536
0.0,nan,nan,0.09000465273857117,00000_002020_04,8.0,0.1587856411933899,0.13081301748752594,0.9877063035964966,coef_energy_material_checkpoint_lambdas,0.0,2.2705535888671875,1.4509496688842773,9,R3,2.4798833429813385,2.4798833429813385
0.0,nan,nan,0.11009177565574646,00000_002020_04,4.0,0.3276490867137909,0.2960595190525055,0.9986435174942017,coef_energy_material_checkpoint_lambdas,0.0,2.261662244796753,1.4356516599655151,12,R3,2.2374806702136993,1.8456956148147583
0.0,nan,nan,0.21207121014595032,00000_002020_04,1.0,0.9426752328872681,0.9185109734535217,0.9657966494560242,coef_energy_material_checkpoint_lambdas,0.0,2.2231318950653076,1.429650068283081,15,R3,2.594463497400284,0.8093332946300507
0.0,nan,nan,0.59186190366745,00000_002020_04,4.0,0.9859431982040405,0.59186190366745,0.9908868074417114,coef_energy_material_checkpoint_lambdas,0.0,2.293402910232544,1.544968843460083,54,R3,4.400091707706451,0.5597161650657654
0.0,nan,nan,3.028189182281494,00000_002020_04,2.0,3.0460803508758545,3.028189182281494,0.9830862283706665,coef_energy_material_checkpoint_lambdas,0.0,2.300947666168213,1.5607399940490723,57,R3,4.401934504508972,0.5603070259094238
0.0,nan,nan,2.580854654312134,00000_002020_04,1.0,3.687567710876465,2.6338841915130615,0.971001923084259,coef_energy_material_checkpoint_lambdas,0.0,2.2977306842803955,1.5895936489105225,60,R3,4.402571260929108,4.402571260929108
0.0,nan,nan,0.20229963958263397,00000_002020_04,7.0,0.26062390208244324,0.259236216545105,0.9810088872909546,coef_energy_material_checkpoint_lambdas,0.0,2.357874870300293,1.5928761959075928,63,R3,4.400009453296661,4.400256454944611
0.0,nan,nan,0.032209787517786026,00000_002020_04,7.0,0.041634153574705124,0.041429612785577774,0.9970347285270691,coef_energy_material_checkpoint_lambdas,0.0,2.5562591552734375,1.53423011302948,66,R3,4.400000333786011,4.400007367134094
0.0,nan,nan,4.170963764190674,00000_002020_05,1.0,4.344775199890137,1.2166056632995605,0.9920991063117981,coef_energy_material_checkpoint_lambdas,0.0,2.305694580078125,1.460597038269043,0,R3,3.6638914048671722,3.6638914048671722
0.0,nan,nan,0.029304690659046173,00000_002020_05,3.0,0.0526009164750576,0.010166086256504059,0.9993612766265869,coef_energy_material_checkpoint_lambdas,1.0,2.3119473457336426,1.4690120220184326,3,R3,3.3001139163970947,3.614548474550247
0.0,nan,nan,0.0023456253111362457,00000_002020_05,6.0,0.02497396059334278,0.019239801913499832,0.9990274906158447,coef_energy_material_checkpoint_lambdas,1.0,2.3003149032592773,1.451995849609375,6,R3,2.8858735859394073,3.2493993043899536
0.0,nan,nan,0.08987833559513092,00000_002020_05,8.0,0.1586412787437439,0.13072466850280762,0.9876530766487122,coef_energy_material_checkpoint_lambdas,0.0,2.273366928100586,1.44891357421875,9,R3,2.4798833429813385,2.4798833429813385
0.0,nan,nan,0.11042755842208862,00000_002020_05,4.0,0.32888785004615784,0.29714226722717285,0.9986568689346313,coef_energy_material_checkpoint_lambdas,0.0,2.258906841278076,1.4412850141525269,12,R3,2.2374806702136993,1.8456956148147583
0.0,nan,nan,0.21265923976898193,00000_002020_05,1.0,0.9447111487388611,0.9204646348953247,0.9657599329948425,coef_energy_material_checkpoint_lambdas,0.0,2.2291059494018555,1.424199104309082,15,R3,2.594463497400284,0.8093332946300507
0.0,nan,nan,0.7069993019104004,00000_002020_05,1.0,1.4688907861709595,1.2875527143478394,0.9995731711387634,coef_energy_material_checkpoint_lambdas,0.0,2.281458616256714,1.5151383876800537,45,R3,4.400262653827667,4.400262653827667
0.0,nan,nan,-0.04475807398557663,00000_002020_05,3.0,0.12132719159126282,0.11276968568563461,0.9992303252220154,coef_energy_material_checkpoint_lambdas,0.0,2.316978931427002,1.5344022512435913,48,R3,4.4000988602638245,4.4000988602638245
0.0,nan,nan,0.0570218451321125,00000_002020_05,5.0,0.06564635783433914,0.05459326133131981,0.9913410544395447,coef_energy_material_checkpoint_lambdas,0.0,2.3433609008789062,1.5502153635025024,51,R3,4.400028228759766,4.4006155133247375
0.0,nan,nan,0.00022977055050432682,00000_002020_05,6.0,0.00797907542437315,0.007639136165380478,0.9897803068161011,coef_energy_material_checkpoint_lambdas,0.0,2.3381707668304443,1.5742236375808716,54,R3,4.400003671646118,4.400040030479431
0.0,nan,nan,0.028738755732774734,00000_002020_05,7.0,0.040761549025774,0.04076137766242027,0.9991509318351746,coef_energy_material_checkpoint_lambdas,0.0,2.3984408378601074,1.582288146018982,57,R3,4.400000631809235,4.400007367134094
0.0,nan,nan,9.786914597498253e-05,00000_002020_05,6.0,0.0003018202551174909,0.0001326835190411657,-0.004473754204809666,coef_energy_material_checkpoint_lambdas,0.0,2.452455520629883,1.5976835489273071,60,R3,4.400000095367432,3.8569374680519104
0.0,nan,nan,0.0002553955710027367,00000_002020_05,8.0,0.00045583961764350533,8.639387669973075e-05,0.6982314586639404,coef_energy_material_checkpoint_lambdas,0.0,2.5372555255889893,1.5837054252624512,63,R3,4.400000333786011,2.219464421272278
0.0,nan,nan,2.492279291152954,00000_002020_05,5.0,2.6081578731536865,1.517461895942688,0.9792191386222839,coef_energy_material_checkpoint_lambdas,0.0,2.6578381061553955,1.5564930438995361,66,R3,4.40005487203598,0.5789448618888855
0.0,nan,nan,4.1781463623046875,00000_002020_06,1.0,4.352269649505615,1.218747615814209,0.9920979142189026,coef_energy_material_checkpoint_lambdas,0.0,2.309861660003662,1.462537169456482,0,R3,3.6638914048671722,3.6638914048671722
0.0,nan,nan,0.029215428978204727,00000_002020_06,3.0,0.052419792860746384,0.010117319412529469,0.9993516802787781,coef_energy_material_checkpoint_lambdas,1.0,2.3212227821350098,1.4636297225952148,3,R3,3.3001139163970947,3.614548474550247
0.0,nan,nan,0.002345591550692916,00000_002020_06,6.0,0.024994127452373505,0.019254103302955627,0.9990308284759521,coef_energy_material_checkpoint_lambdas,1.0,2.2981314659118652,1.4534595012664795,6,R3,2.8858735859394073,3.2493993043899536
0.0,nan,nan,0.08973808586597443,00000_002020_06,8.0,0.1584768295288086,0.1306215226650238,0.9875964522361755,coef_energy_material_checkpoint_lambdas,0.0,2.2761716842651367,1.4466525316238403,9,R3,2.4798833429813385,2.4798833429813385
0.0,nan,nan,0.11031405627727509,00000_002020_06,4.0,0.3285905718803406,0.2968674302101135,0.9986593723297119,coef_energy_material_checkpoint_lambdas,0.0,2.254939317703247,1.4400174617767334,12,R3,2.2374806702136993,1.8456956148147583
0.0,nan,nan,0.21252202987670898,00000_002020_06,1.0,0.9443036913871765,0.9200781583786011,0.965772807598114,coef_energy_material_checkpoint_lambdas,0.0,2.227734088897705,1.4265730381011963,15,R3,2.594463497400284,0.8093332946300507
0.0,nan,nan,1.0377854108810425,00000_002020_06,2.0,1.0949981212615967,0.48682060837745667,0.9952706098556519,coef_energy_material_checkpoint_lambdas,0.0,2.2900888919830322,1.5384559631347656,54,R3,4.40104478597641,0.557220458984375
0.0,nan,nan,2.296860456466675,00000_002020_06,3.0,3.324812889099121,3.0068860054016113,0.9959002137184143,coef_energy_material_checkpoint_lambdas,0.0,2.499718189239502,1.486283779144287,63,R3,4.400617897510529,4.401612401008606
0.0,nan,nan,4.17529821395874,00000_002020_07,1.0,4.3492865562438965,1.2178583145141602,0.9920995235443115,coef_energy_material_checkpoint_lambdas,0.0,2.3080430030822754,1.462254524230957,0,R3,3.6638914048671722,3.6638914048671722
0.0,nan,nan,0.02918541431427002,00000_002020_07,3.0,0.05236341059207916,0.010104772634804249,0.9993505477905273,coef_energy_material_checkpoint_lambdas,1.0,2.320812225341797,1.462016224861145,3,R3,3.3001139163970947,3.614548474550247
0.0,nan,nan,0.002345483284443617,00000_002020_07,6.0,0.025019241496920586,0.01927187107503414,0.9990352392196655,coef_energy_material_checkpoint_lambdas,1.0,2.2952730655670166,1.4552924633026123,6,R3,2.8858735859394073,3.2493993043899536
0.0,nan,nan,0.08985540270805359,00000_002020_07,8.0,0.1586444079875946,0.13074424862861633,0.987623393535614,coef_energy_material_checkpoint_lambdas,0.0,2.276121139526367,1.4485437870025635,9,R3,2.4798833429813385,2.4798833429813385
0.0,nan,nan,0.11045189946889877,00000_002020_07,4.0,0.32926931977272034,0.29743966460227966,0.998674213886261,coef_energy_material_checkpoint_lambdas,0.0,2.246945858001709,1.4432216882705688,12,R3,2.2374806702136993,1.8456956148147583
0.0,nan,nan,0.21176838874816895,00000_002020_07,1.0,0.9414457678794861,0.917319118976593,0.9658040404319763,coef_energy_material_checkpoint_lambdas,0.0,2.219996452331543,1.4295034408569336,15,R3,2.594463497400284,0.8093332946300507
0.0,nan,nan,1.5854589939117432,00000_002020_07,2.0,3.264216899871826,2.6941208839416504,0.9909766912460327,coef_energy_material_checkpoint_lambdas,0.0,2.317697763442993,1.532465934753418,54,R3,4.400693893432617,0.5597161650657654
0.0,nan,nan,3.0281481742858887,00000_002020_07,2.0,3.0460400581359863,3.0281481742858887,0.9830866456031799,coef_energy_material_checkpoint_lambdas,0.0,2.300884246826172,1.561166524887085,57,R3,4.401934504508972,0.5603070259094238
0.0,nan,nan,2.5819523334503174,00000_002020_07,1.0,3.68912672996521,2.634990930557251,0.9710010886192322,coef_energy_material_checkpoint_lambdas,0.0,2.2987260818481445,1.589859962463379,60,R3,4.402571260929108,4.402571260929108
0.0,nan,nan,0.20066626369953156,00000_002020_07,7.0,0.2585481107234955,0.25717514753341675,0.9810354113578796,coef_energy_material_checkpoint_lambdas,0.0,2.3374884128570557,1.6066675186157227,63,R3,4.400009453296661,4.400256454944611
0.0,nan,nan,0.030230948701500893,00000_002020_07,7.0,0.03909042850136757,0.03890008479356766,0.9970685243606567,coef_energy_material_checkpoint_lambdas,0.0,2.3863797187805176,1.6321394443511963,66,R3,4.400000333786011,4.400007367134094
0.0,nan,nan,0.002637643599882722,00000_002020_07,12.0,0.002925439039245248,0.0027598105370998383,0.9897518157958984,coef_energy_material_checkpoint_lambdas,0.0,2.4208662509918213,1.6503585577011108,69,R3,4.400000095367432,4.400000095367432
0.0,nan,nan,7.840246496471082e-08,00000_002020_07,13.0,1.1383261835362646e-06,7.475677534785063e-07,0.0,coef_energy_material_checkpoint_lambdas,0.0,2.534860610961914,1.624232530593872,72,R3,4.400000095367432,4.400122582912445
0.0,nan,nan,-9.835881064645946e-05,00000_002020_07,14.0,0.0004976337077096105,0.00048781640361994505,0.0,coef_energy_material_checkpoint_lambdas,0.0,2.7384166717529297,1.5437172651290894,75,R3,4.400000095367432,4.400000095367432
0.0,nan,nan,3.923900604248047,00000_002033_00,1.0,4.093720436096191,1.1668565273284912,0.9902242422103882,coef_energy_material_checkpoint_lambdas,0.0,2.2825841903686523,1.448180913925171,0,R3,3.710086405277252,3.710086405277252
0.0,nan,nan,-0.028207646682858467,00000_002033_00,6.0,0.028499385342001915,0.017069745808839798,0.9995564818382263,coef_energy_material_checkpoint_lambdas,1.0,2.327707290649414,1.4574437141418457,3,R3,3.4804581701755524,3.787100613117218
0.0,nan,nan,-0.0058667585253715515,00000_002033_00,7.0,0.06693916767835617,0.015520868822932243,0.9948079586029053,coef_energy_material_checkpoint_lambdas,1.0,2.3307344913482666,1.455351710319519,6,R3,3.0411185324192047,3.614722967147827
0.0,nan,nan,0.08848094195127487,00000_002033_00,7.0,0.09135112911462784,0.07675602287054062,0.9401083588600159,coef_energy_material_checkpoint_lambdas,0.0,2.29856276512146,1.4583640098571777,9,R3,2.488447070121765,2.936019390821457
0.0,nan,nan,1.6458090543746948,00000_002033_00,4.0,1.8098095655441284,1.7994111776351929,0.9221460819244385,coef_energy_material_checkpoint_lambdas,0.0,2.2847697734832764,1.4439506530761719,12,R3,2.4155904948711395,1.236820012331009
0.0,nan,nan,3.236867904663086,00000_002033_00,3.0,3.8246827125549316,3.7294509410858154,0.9843155741691589,coef_energy_material_checkpoint_lambdas,0.0,2.236626625061035,1.431549310684204,15,R3,2.2431147396564484,0.29245883226394653
0.0,nan,nan,0.7384428977966309,00000_002033_00,1.0,0.7495989799499512,0.215000718832016,-0.7188113331794739,coef_energy_material_checkpoint_lambdas,0.0,2.1862189769744873,1.4713120460510254,33,R3,4.399956047534943,1.6543669700622559
0.0,nan,nan,3.637878179550171,00000_002033_00,3.0,3.6644978523254395,2.8841264247894287,0.9593260884284973,coef_energy_material_checkpoint_lambdas,0.0,2.2001655101776123,1.5218663215637207,39,R3,4.401955962181091,4.402383267879486
0.0,nan,nan,0.06276775151491165,00000_002033_00,1.0,2.2475199699401855,1.633000135421753,0.9869958758354187,coef_energy_material_checkpoint_lambdas,0.0,2.21444034576416,1.5515499114990234,42,R3,4.405633747577667,0.568928599357605
0.0,nan,nan,4.252780914306641,00000_002033_00,1.0,4.254097938537598,4.252780914306641,0.9730420112609863,coef_energy_material_checkpoint_lambdas,0.0,2.257782459259033,1.5526478290557861,45,R3,4.4110870361328125,0.5729906558990479
0.0,nan,nan,0.19754472374916077,00000_002033_00,4.0,0.25401294231414795,0.026772288605570793,0.977125883102417,coef_energy_material_checkpoint_lambdas,0.0,2.305666446685791,1.566548228263855,51,R3,4.4000221490859985,2.225558280944824
0.0,nan,nan,2.359757423400879,00000_002033_00,3.0,2.3597636222839355,1.6723878383636475,0.997228741645813,coef_energy_material_checkpoint_lambdas,0.0,2.2900936603546143,1.5876364707946777,54,R3,4.400113105773926,0.5675012469291687
0.0,nan,nan,3.3291029930114746,00000_002033_00,2.0,3.7414841651916504,2.6726927757263184,0.9811573624610901,coef_energy_material_checkpoint_lambdas,0.0,2.307140588760376,1.5971523523330688,57,R3,4.40196967124939,4.402035713195801
0.0,nan,nan,0.0040591866709291935,00000_002033_00,8.0,0.0040993643924593925,0.001826777937822044,0.7108627557754517,coef_energy_material_checkpoint_lambdas,0.0,2.350980758666992,1.6105114221572876,60,R3,4.400000095367432,4.400000691413879
0.0,nan,nan,0.00043445543269626796,00000_002033_00,8.0,0.00044319883454591036,0.00036914864904247224,0.0,coef_energy_material_checkpoint_lambdas,0.0,2.438868522644043,1.6112117767333984,63,R3,4.400000095367432,4.400000095367432
0.0,nan,nan,4.273066345206189e-09,00000_002033_00,13.0,4.180555635002747e-08,2.6384654461253376e-08,0.0,coef_energy_material_checkpoint_lambdas,0.0,2.540271282196045,1.581944465637207,66,R3,4.400000095367432,4.400000095367432
0.0,nan,nan,1.212052680443776e-09,00000_002033_00,14.0,1.2191718745668823e-09,1.3156067901753943e-10,0.0,coef_energy_material_checkpoint_lambdas,0.0,2.692218065261841,1.5414701700210571,69,R3,4.400000095367432,4.400000095367432
0.0,nan,nan,3.932466506958008,00000_002033_01,1.0,4.102799892425537,1.1699018478393555,0.990207850933075,coef_energy_material_checkpoint_lambdas,0.0,2.289536714553833,1.4433503150939941,0,R3,3.710086405277252,3.710086405277252
0.0,nan,nan,-0.028161853551864624,00000_002033_01,6.0,0.028453435748815536,0.017040453851222992,0.9995543360710144,coef_energy_material_checkpoint_lambdas,1.0,2.330016613006592,1.455329418182373,3,R3,3.4804581701755524,3.787100613117218
0.0,nan,nan,-0.0059324875473976135,00000_002033_01,7.0,0.06717658042907715,0.015532046556472778,0.9948760271072388,coef_energy_material_checkpoint_lambdas,1.0,2.3236520290374756,1.4611008167266846,6,R3,3.0411185324192047,3.614722967147827
0.0,nan,nan,0.08837251365184784,00000_002033_01,7.0,0.09115572273731232,0.07676883041858673,0.9388784170150757,coef_energy_material_checkpoint_lambdas,0.0,2.3163459300994873,1.4494000673294067,9,R3,2.488447070121765,2.936019390821457
0.0,nan,nan,1.644111156463623,00000_002033_01,4.0,1.8079237937927246,1.797540545463562,0.9221372604370117,coef_energy_material_checkpoint_lambdas,0.0,2.282512664794922,1.4421416521072388,12,R3,2.4155904948711395,1.236820012331009
0.0,nan,nan,3.2385568618774414,00000_002033_01,3.0,3.8266661167144775,3.7313804626464844,0.9843146204948425,coef_energy_material_checkpoint_lambdas,0.0,2.2378501892089844,1.4318268299102783,15,R3,2.2431147396564484,0.29245883226394653
0.0,nan,nan,0.7388859391212463,00000_002033_01,1.0,0.7500144243240356,0.2153080254793167,-0.7189933061599731,coef_energy_material_checkpoint_lambdas,0.0,2.186838388442993,1.4687764644622803,33,R3,4.399956047534943,1.6543669700622559
0.0,nan,nan,3.679776191711426,00000_002033_01,3.0,3.7065961360931396,2.916717529296875,0.9592591524124146,coef_energy_material_checkpoint_lambdas,0.0,2.2272346019744873,1.5047154426574707,39,R3,4.401955962181091,4.402383267879486
0.0,nan,nan,0.022191906347870827,00000_002033_01,1.0,0.21375881135463715,0.21260373294353485,0.9800090789794922,coef_energy_material_checkpoint_lambdas,0.0,2.277299404144287,1.5235869884490967,42,R3,4.400163114070892,4.400163114070892
0.0,nan,nan,0.01743478700518608,00000_002033_01,3.0,0.032717205584049225,0.02768472023308277,0.9989834427833557,coef_energy_material_checkpoint_lambdas,0.0,2.311110496520996,1.5483756065368652,45,R3,4.400120735168457,4.400120735168457
0.0,nan,nan,-0.04703086242079735,00000_002033_01,4.0,0.08040834218263626,0.012861398048698902,0.9858438372612,coef_energy_material_checkpoint_lambdas,0.0,2.343130588531494,1.580955982208252,48,R3,4.4000988602638245,1.6696654558181763
0.0,nan,nan,4.506098747253418,00000_002033_01,1.0,4.506175994873047,4.506098747253418,0.9984545111656189,coef_energy_material_checkpoint_lambdas,0.0,2.3906846046447754,1.5947543382644653,51,R3,4.403190493583679,0.5780963897705078
0.0,nan,nan,3.4247183799743652,00000_002033_01,4.0,3.8287434577941895,2.707036018371582,0.9999940395355225,coef_energy_material_checkpoint_lambdas,0.0,2.408658027648926,1.6125004291534424,54,R3,4.400810241699219,4.400968492031097
0.0,nan,nan,0.0005977510591037571,00000_002033_01,9.0,0.0006036714185029268,8.433777838945389e-05,0.300124853849411,coef_energy_material_checkpoint_lambdas,0.0,2.442913293838501,1.6322730779647827,57,R3,4.400000095367432,4.400000095367432
0.0,nan,nan,1.2324802582952543e-06,00000_002033_01,11.0,3.1761408081365516e-06,2.9413820357149234e-06,0.0,coef_energy_material_checkpoint_lambdas,0.0,2.6008951663970947,1.596356749534607,60,R3,4.400000095367432,4.400000095367432
0.0,nan,nan,3.9288668632507324,00000_002033_02,1.0,4.098986625671387,1.1686290502548218,0.9902144074440002,coef_energy_material_checkpoint_lambdas,0.0,2.28664231300354,1.4452705383300781,0,R3,3.710086405277252,3.710086405277252
0.0,nan,nan,-0.02815711684525013,00000_002033_02,6.0,0.028448626399040222,0.017037710174918175,0.9995543360710144,coef_energy_material_checkpoint_lambdas,1.0,2.329150676727295,1.455065131187439,3,R3,3.4804581701755524,3.787100613117218
0.0,nan,nan,-0.005875745788216591,00000_002033_02,7.0,0.06698295474052429,0.015525995753705502,0.9948158264160156,coef_energy_material_checkpoint_lambdas,1.0,2.330501079559326,1.4563710689544678,6,R3,3.0411185324192047,3.614722967147827
0.0,nan,nan,0.08830901235342026,00000_002033_02,7.0,0.09111466258764267,0.07668222486972809,0.9392421245574951,coef_energy_material_checkpoint_lambdas,0.0,2.308619499206543,1.4504704475402832,9,R3,2.488447070121765,2.936019390821457
0.0,nan,nan,1.6475365161895752,00000_002033_02,4.0,1.8114969730377197,1.8011384010314941,0.9220470786094666,coef_energy_material_checkpoint_lambdas,0.0,2.2882957458496094,1.4418597221374512,12,R3,2.4155904948711395,1.236820012331009
0.0,nan,nan,3.2400331497192383,00000_002033_02,3.0,3.828305721282959,3.7329421043395996,0.9843068718910217,coef_energy_material_checkpoint_lambdas,0.0,2.239353656768799,1.428477168083191,15,R3,2.2431147396564484,0.29245883226394653
0.0,nan,nan,0.7383201718330383,00000_002033_02,1.0,0.7494602203369141,0.21503832936286926,-0.7188862562179565,coef_energy_material_checkpoint_lambdas,0.0,2.1855709552764893,1.4696614742279053,33,R3,4.399956047534943,1.6543669700622559
0.0,nan,nan,3.6828832626342773,00000_002033_02,3.0,3.7097227573394775,2.919163227081299,0.959257185459137,coef_energy_material_checkpoint_lambdas,0.0,2.2291622161865234,1.505046010017395,39,R3,4.401955962181091,4.402383267879486
0.0,nan,nan,0.022194446995854378,00000_002033_02,1.0,0.2137744426727295,0.21261918544769287,0.9800100326538086,coef_energy_material_checkpoint_lambdas,0.0,2.2774174213409424,1.5245968103408813,42,R3,4.400163114070892,4.400163114070892
0.0,nan,nan,0.017396211624145508,00000_002033_02,3.0,0.0326443649828434,0.027622930705547333,0.9989837408065796,coef_energy_material_checkpoint_lambdas,0.0,2.30551815032959,1.5557231903076172,45,R3,4.400120735168457,4.400120735168457
0.0,nan,nan,-0.04640960693359375,00000_002033_02,5.0,0.07935790717601776,0.012701721861958504,0.9856212139129639,coef_energy_material_checkpoint_lambdas,0.0,2.311652183532715,1.5942025184631348,48,R3,4.4000988602638245,1.6688100695610046
0.0,nan,nan,4.247904300689697,00000_002033_02,1.0,4.24798059463501,4.2479047775268555,0.9971480369567871,coef_energy_material_checkpoint_lambdas,0.0,2.3081953525543213,1.591980218887329,51,R3,4.402866899967194,0.5610932111740112
0.0,nan,nan,0.03593991696834564,00000_002033_02,6.0,0.037569671869277954,0.010945437476038933,0.9977012872695923,coef_energy_material_checkpoint_lambdas,0.0,2.3066954612731934,1.5930249691009521,54,R3,4.4000044465065,4.4000044465065
0.0,nan,nan,0.000792809936683625,00000_002033_02,4.0,0.0008754307636991143,0.0006029134965501726,0.9315165281295776,coef_energy_material_checkpoint_lambdas,0.0,2.3260440826416016,1.6008954048156738,57,R3,4.400150120258331,3.8621937036514282
0.0,nan,nan,0.02262752875685692,00000_002033_02,5.0,0.0231342613697052,0.00481549883261323,0.9888121485710144,coef_energy_material_checkpoint_lambdas,0.0,2.383835554122925,1.594038724899292,60,R3,4.400004148483276,1.6621893048286438
0.0,nan,nan,4.5051727294921875,00000_002033_02,1.0,4.505288600921631,4.5051727294921875,0.9957918524742126,coef_energy_material_checkpoint_lambdas,0.0,2.4504833221435547,1.5740270614624023,63,R3,4.4036842584609985,0.5674882531166077
0.0,nan,nan,4.713180065155029,00000_002033_02,5.0,4.796238422393799,4.6130475997924805,0.999943733215332,coef_energy_material_checkpoint_lambdas,0.0,2.5223228931427,1.5693912506103516,66,R3,4.401455044746399,0.5593259334564209
0.0,nan,nan,3.7663586139678955,00000_002033_02,5.0,4.206414222717285,4.206404685974121,0.998002290725708,coef_energy_material_checkpoint_lambdas,0.0,2.639683723449707,1.541682481765747,69,R3,4.4008437395095825,0.5563682913780212
0.0,nan,nan,3.924853801727295,00000_002033_03,1.0,4.09474515914917,1.1672439575195312,0.9902205467224121,coef_energy_material_checkpoint_lambdas,0.0,2.2835495471954346,1.4468657970428467,0,R3,3.710086405277252,3.710086405277252
0.0,nan,nan,-0.028155643492937088,00000_002033_03,6.0,0.028447266668081284,0.017036177217960358,0.9995534420013428,coef_energy_material_checkpoint_lambdas,1.0,2.3315041065216064,1.4550913572311401,3,R3,3.4804581701755524,3.787100613117218
0.0,nan,nan,-0.005843156948685646,00000_002033_03,7.0,0.06691718101501465,0.015536937862634659,0.9947748184204102,coef_energy_material_checkpoint_lambdas,1.0,2.3373749256134033,1.4545899629592896,6,R3,3.0411185324192047,3.614722967147827
0.0,nan,nan,0.08843469619750977,00000_002033_03,7.0,0.09127146750688553,0.07675657421350479,0.9396422505378723,coef_energy_material_checkpoint_lambdas,0.0,2.305202007293701,1.4548701047897339,9,R3,2.488447070121765,2.936019390821457
0.0,nan,nan,1.6434167623519897,00000_002033_03,4.0,1.8073745965957642,1.7969441413879395,0.9222376346588135,coef_energy_material_checkpoint_lambdas,0.0,2.2804083824157715,1.4451777935028076,12,R3,2.4155904948711395,1.236820012331009
0.0,nan,nan,3.2370641231536865,00000_002033_03,3.0,3.8248789310455322,3.7296295166015625,0.9843128323554993,coef_energy_material_checkpoint_lambdas,0.0,2.236926555633545,1.4302748441696167,15,R3,2.2431147396564484,0.29245883226394653
0.0,nan,nan,0.7382218837738037,00000_002033_03,1.0,0.7493525147438049,0.21505077183246613,-0.7189282774925232,coef_energy_material_checkpoint_lambdas,0.0,2.1851203441619873,1.4686782360076904,33,R3,4.399956047534943,1.6543669700622559
0.0,nan,nan,3.682828426361084,00000_002033_03,3.0,3.7096567153930664,2.9190568923950195,0.9592505693435669,coef_energy_material_checkpoint_lambdas,0.0,2.229301929473877,1.501551628112793,39,R3,4.401955962181091,4.402383267879486
0.0,nan,nan,0.0221682321280241,00000_002033_03,1.0,0.21350115537643433,0.212347149848938,0.9800119996070862,coef_energy_material_checkpoint_lambdas,0.0,2.2743921279907227,1.5247581005096436,42,R3,4.400163114070892,4.400163114070892
0.0,nan,nan,0.017436129972338676,00000_002033_03,3.0,0.032719749957323074,0.02768688276410103,0.9989834427833557,coef_energy_material_checkpoint_lambdas,0.0,2.311314105987549,1.5479233264923096,45,R3,4.400120735168457,4.400120735168457
0.0,nan,nan,-0.04726959764957428,00000_002033_03,4.0,0.0808107852935791,0.012921691872179508,0.9858351945877075,coef_energy_material_checkpoint_lambdas,0.0,2.355565071105957,1.5726773738861084,48,R3,4.4000988602638245,1.6696654558181763
0.0,nan,nan,4.594979286193848,00000_002033_03,1.0,4.595051288604736,4.594979286193848,0.9984408617019653,coef_energy_material_checkpoint_lambdas,0.0,2.448596477508545,1.5579149723052979,51,R3,4.403190493583679,0.5780963897705078
0.0,nan,nan,1.796517014503479,00000_002033_03,7.0,4.25309944152832,4.2253265380859375,0.9812940359115601,coef_energy_material_checkpoint_lambdas,0.0,2.588486671447754,1.5296823978424072,54,R3,4.400506675243378,4.401605844497681
0.0,nan,nan,3.9259276390075684,00000_002033_04,1.0,4.095895767211914,1.1676700115203857,0.9902172088623047,coef_energy_material_checkpoint_lambdas,0.0,2.2845962047576904,1.4455503225326538,0,R3,3.710086405277252,3.710086405277252
0.0,nan,nan,-0.028199901804327965,00000_002033_04,6.0,0.028491461649537086,0.017065545544028282,0.9995572566986084,coef_energy_material_checkpoint_lambdas,1.0,2.3251888751983643,1.456965684890747,3,R3,3.4804581701755524,3.787100613117218
0.0,nan,nan,-0.005858233198523521,00000_002033_04,7.0,0.0669078677892685,0.015519259497523308,0.9947991967201233,coef_energy_material_checkpoint_lambdas,1.0,2.331620216369629,1.4545955657958984,6,R3,3.0411185324192047,3.614722967147827
0.0,nan,nan,0.08839313685894012,00000_002033_04,7.0,0.09121348708868027,0.0767398402094841,0.9394199252128601,coef_energy_material_checkpoint_lambdas,0.0,2.307845115661621,1.4528882503509521,9,R3,2.488447070121765,2.936019390821457
0.0,nan,nan,1.6389445066452026,00000_002033_04,4.0,1.802964210510254,1.7924399375915527,0.922475278377533,coef_energy_material_checkpoint_lambdas,0.0,2.2715046405792236,1.44987154006958,12,R3,2.4155904948711395,1.236820012331009
0.0,nan,nan,3.239579677581787,00000_002033_04,3.0,3.827861785888672,3.732541561126709,0.9843135476112366,coef_energy_material_checkpoint_lambdas,0.0,2.2386178970336914,1.4317753314971924,15,R3,2.2431147396564484,0.29245883226394653
0.0,nan,nan,0.7389309406280518,00000_002033_04,1.0,0.7500412464141846,0.2154189944267273,-0.7190932631492615,coef_energy_material_checkpoint_lambdas,0.0,2.186591625213623,1.4669899940490723,33,R3,4.399956047534943,1.6543669700622559
0.0,nan,nan,3.6394762992858887,00000_002033_04,3.0,3.6661040782928467,2.885373592376709,0.9593239426612854,coef_energy_material_checkpoint_lambdas,0.0,2.2011871337890625,1.521431803703308,39,R3,4.401955962181091,4.402383267879486
0.0,nan,nan,0.06274325400590897,00000_002033_04,1.0,2.2468438148498535,1.632505178451538,0.98699551820755,coef_energy_material_checkpoint_lambdas,0.0,2.213808059692383,1.5504388809204102,42,R3,4.405633747577667,0.568928599357605
0.0,nan,nan,4.25130558013916,00000_002033_04,1.0,4.252623081207275,4.25130558013916,0.97304368019104,coef_energy_material_checkpoint_lambdas,0.0,2.256932497024536,1.552550196647644,45,R3,4.4110870361328125,0.5729906558990479
0.0,nan,nan,0.1973143219947815,00000_002033_04,4.0,0.2537201941013336,0.02673710696399212,0.9771296381950378,coef_energy_material_checkpoint_lambdas,0.0,2.3028273582458496,1.5680593252182007,51,R3,4.4000221490859985,2.225558280944824
0.0,nan,nan,2.3779263496398926,00000_002033_04,3.0,2.37793231010437,1.6852047443389893,0.9972261190414429,coef_energy_material_checkpoint_lambdas,0.0,2.308823347091675,1.574860692024231,54,R3,4.400113105773926,0.5675012469291687
0.0,nan,nan,3.403627634048462,00000_002033_04,2.0,3.8243589401245117,2.7306902408599854,0.9810704588890076,coef_energy_material_checkpoint_lambdas,0.0,2.3636274337768555,1.561161994934082,57,R3,4.40196967124939,4.402035713195801
0.0,nan,nan,0.017067207023501396,00000_002033_04,7.0,0.01769292540848255,0.017067207023501396,0.8234345316886902,coef_energy_material_checkpoint_lambdas,0.0,2.52207088470459,1.520688533782959,60,R3,4.400000333786011,1.6589614748954773
0.0,nan,nan,3.939643144607544,00000_002033_05,1.0,4.11033296585083,1.1721972227096558,0.9902026057243347,coef_energy_material_checkpoint_lambdas,0.0,2.2943477630615234,1.4434164762496948,0,R3,3.710086405277252,3.710086405277252
0.0,nan,nan,-0.028191523626446724,00000_002033_05,6.0,0.028483115136623383,0.01705988496541977,0.9995563626289368,coef_energy_material_checkpoint_lambdas,1.0,2.326767683029175,1.4566267728805542,3,R3,3.4804581701755524,3.787100613117218
0.0,nan,nan,-0.0058833882212638855,00000_002033_05,7.0,0.06697271764278412,0.015515281818807125,0.9948288202285767,coef_energy_material_checkpoint_lambdas,1.0,2.327225685119629,1.4562602043151855,6,R3,3.0411185324192047,3.614722967147827
0.0,nan,nan,0.08852187544107437,00000_002033_05,7.0,0.0913623496890068,0.07683110982179642,0.9396551847457886,coef_energy_material_checkpoint_lambdas,0.0,2.307255268096924,1.456380844116211,9,R3,2.488447070121765,2.936019390821457
0.0,nan,nan,1.6464802026748657,00000_002033_05,4.0,1.8105359077453613,1.8001359701156616,0.9221405982971191,coef_energy_material_checkpoint_lambdas,0.0,2.285763740539551,1.4443410634994507,12,R3,2.4155904948711395,1.236820012331009
0.0,nan,nan,3.2422778606414795,00000_002033_05,3.0,3.8309648036956787,3.735537528991699,0.9843074083328247,coef_energy_material_checkpoint_lambdas,0.0,2.2408721446990967,1.4297394752502441,15,R3,2.2431147396564484,0.29245883226394653
0.0,nan,nan,0.7374914288520813,00000_002033_05,1.0,0.7486916184425354,0.21441948413848877,-0.7185001373291016,coef_energy_material_checkpoint_lambdas,0.0,2.1845829486846924,1.4752477407455444,33,R3,4.399956047534943,1.6543669700622559
0.0,nan,nan,4.120697498321533,00000_002033_05,1.0,4.123499870300293,4.120697975158691,0.9336771368980408,coef_energy_material_checkpoint_lambdas,0.0,2.2069692611694336,1.5059648752212524,39,R3,4.404596388339996,0.6181553602218628
0.0,nan,nan,3.2217979431152344,00000_002033_05,1.0,4.615714073181152,4.6153364181518555,0.9901342391967773,coef_energy_material_checkpoint_lambdas,0.0,2.2221407890319824,1.5413557291030884,42,R3,4.4122354388237,0.568928599357605
0.0,nan,nan,4.2523932456970215,00000_002033_05,1.0,4.253708839416504,4.2523932456970215,0.973038911819458,coef_energy_material_checkpoint_lambdas,0.0,2.257702112197876,1.5516806840896606,45,R3,4.4110870361328125,0.5729906558990479
0.0,nan,nan,0.19762028753757477,00000_002033_05,4.0,0.25410860776901245,0.026784205809235573,0.9771245121955872,coef_energy_material_checkpoint_lambdas,0.0,2.3066117763519287,1.5657353401184082,51,R3,4.4000221490859985,2.225558280944824
0.0,nan,nan,4.7336859703063965,00000_002033_05,2.0,4.733782768249512,4.7336859703063965,0.996236264705658,coef_energy_material_checkpoint_lambdas,0.0,2.314553737640381,1.5783655643463135,54,R3,4.401991009712219,0.5675012469291687
0.0,nan,nan,3.3439950942993164,00000_002033_05,2.0,3.758065700531006,2.684325933456421,0.9811418652534485,coef_energy_material_checkpoint_lambdas,0.0,2.3183138370513916,1.5916616916656494,57,R3,4.40196967124939,4.402035713195801
0.0,nan,nan,0.004076723475009203,00000_002033_05,8.0,0.0041169761680066586,0.0013094984460622072,0.710743248462677,coef_energy_material_checkpoint_lambdas,0.0,2.3614864349365234,1.6050925254821777,60,R3,4.400000095367432,4.400000333786011
0.0,nan,nan,0.00015479355351999402,00000_002033_05,7.0,0.00016343677998520434,0.00014654018741566688,0.0,coef_energy_material_checkpoint_lambdas,0.0,2.390768527984619,1.6362855434417725,63,R3,4.400000095367432,4.400000095367432
0.0,nan,nan,0.0,00000_002033_05,12.0,3.832608541642912e-08,2.710063462529888e-08,0.0,coef_energy_material_checkpoint_lambdas,0.0,2.440519094467163,1.6452478170394897,66,R3,4.400000095367432,4.400000095367432
0.0,nan,nan,1.6621252143522725e-06,00000_002033_05,15.0,3.707191353896633e-06,3.5184395983378636e-06,0.0,coef_energy_material_checkpoint_lambdas,0.0,2.5345876216888428,1.6249185800552368,69,R3,4.400000095367432,4.400000095367432
0.0,nan,nan,-6.287090218393132e-05,00000_002033_05,13.0,9.178272739518434e-05,6.686791311949492e-05,0.0030932147055864334,coef_energy_material_checkpoint_lambdas,0.0,2.66953182220459,1.574101209640503,72,R3,4.400000095367432,4.400000095367432
0.0,nan,nan,-0.0023021078668534756,00000_002033_05,14.0,0.009372456930577755,0.008052135817706585,0.9945618510246277,coef_energy_material_checkpoint_lambdas,0.0,2.7630209922790527,1.5410668849945068,75,R3,4.400000095367432,4.400000095367432
0.0,nan,nan,3.9160351753234863,00000_002033_06,1.0,4.085371494293213,1.164013385772705,0.9902405738830566,coef_energy_material_checkpoint_lambdas,0.0,2.276015520095825,1.4533686637878418,0,R3,3.710086405277252,3.710086405277252
0.0,nan,nan,-0.028224080801010132,00000_002033_06,6.0,0.028515931218862534,0.017079971730709076,0.9995569586753845,coef_energy_material_checkpoint_lambdas,1.0,2.3279755115509033,1.4582477807998657,3,R3,3.4804581701755524,3.787100613117218
0.0,nan,nan,-0.005909256637096405,00000_002033_06,7.0,0.06708284467458725,0.015524981543421745,0.9948534369468689,coef_energy_material_checkpoint_lambdas,1.0,2.3255200386047363,1.4588665962219238,6,R3,3.0411185324192047,3.614722967147827
0.0,nan,nan,0.08843590319156647,00000_002033_06,7.0,0.09128235280513763,0.07674531638622284,0.9397835731506348,coef_energy_material_checkpoint_lambdas,0.0,2.302860736846924,1.455716609954834,9,R3,2.488447070121765,2.936019390821457
0.0,nan,nan,1.6412537097930908,00000_002033_06,4.0,1.8053313493728638,1.794834017753601,0.9223944544792175,coef_energy_material_checkpoint_lambdas,0.0,2.2756247520446777,1.4489741325378418,12,R3,2.4155904948711395,1.236820012331009
0.0,nan,nan,3.2307674884796143,00000_002033_06,3.0,3.817593812942505,3.7225804328918457,0.9843242764472961,coef_energy_material_checkpoint_lambdas,0.0,2.231862783432007,1.4333946704864502,15,R3,2.2431147396564484,0.29245883226394653
0.0,nan,nan,0.7382778525352478,00000_002033_06,1.0,0.7494150996208191,0.21503731608390808,-0.7188978791236877,coef_energy_material_checkpoint_lambdas,0.0,2.185401678085327,1.469360589981079,33,R3,4.399956047534943,1.6543669700622559
0.0,nan,nan,3.64320707321167,00000_002033_06,3.0,3.6698544025421143,2.8882839679718018,0.9593187570571899,coef_energy_material_checkpoint_lambdas,0.0,2.2035744190216064,1.5203680992126465,39,R3,4.401955962181091,4.402383267879486
0.0,nan,nan,0.06276993453502655,00000_002033_06,1.0,2.2475242614746094,1.6330047845840454,0.986996054649353,coef_energy_material_checkpoint_lambdas,0.0,2.2144320011138916,1.5517902374267578,42,R3,4.405633747577667,0.568928599357605
0.0,nan,nan,4.27238655090332,00000_002033_06,1.0,4.273685932159424,4.272386074066162,0.9729904532432556,coef_energy_material_checkpoint_lambdas,0.0,2.270315647125244,1.5458018779754639,45,R3,4.4110870361328125,0.5729906558990479
0.0,nan,nan,1.1153476238250732,00000_002033_06,4.0,1.57904851436615,1.1177630424499512,0.9995078444480896,coef_energy_material_checkpoint_lambdas,0.0,2.4076905250549316,1.5189677476882935,51,R3,4.400351881980896,4.400351881980896
0.0,nan,nan,0.00013457248860504478,00000_002033_06,4.0,0.0017835356993600726,0.0013527122791856527,0.7407785654067993,coef_energy_material_checkpoint_lambdas,0.0,2.5213208198547363,1.48673415184021,54,R3,4.40006023645401,4.400397062301636
0.0,nan,nan,3.931767463684082,00000_002033_07,1.0,4.102027416229248,1.169543981552124,0.9902127385139465,coef_energy_material_checkpoint_lambdas,0.0,2.288536787033081,1.4454997777938843,0,R3,3.710086405277252,3.710086405277252
0.0,nan,nan,-0.02816128544509411,00000_002033_07,6.0,0.028452934697270393,0.01703975722193718,0.9995536208152771,coef_energy_material_checkpoint_lambdas,1.0,2.331329584121704,1.4553563594818115,3,R3,3.4804581701755524,3.787100613117218
0.0,nan,nan,-0.005850775167346001,00000_002033_07,7.0,0.0669637992978096,0.015544295310974121,0.9947802424430847,coef_energy_material_checkpoint_lambdas,1.0,2.337789535522461,1.455649733543396,6,R3,3.0411185324192047,3.614722967147827
0.0,nan,nan,0.08832976967096329,00000_002033_07,7.0,0.09113597124814987,0.0767003670334816,0.9392405152320862,coef_energy_material_checkpoint_lambdas,0.0,2.3091869354248047,1.4508025646209717,9,R3,2.488447070121765,2.936019390821457
0.0,nan,nan,1.6470661163330078,00000_002033_07,4.0,1.81119966506958,1.8007913827896118,0.922149658203125,coef_energy_material_checkpoint_lambdas,0.0,2.2864742279052734,1.4451837539672852,12,R3,2.4155904948711395,1.236820012331009
0.0,nan,nan,3.2404356002807617,00000_002033_07,3.0,3.8288440704345703,3.733489513397217,0.984311580657959,coef_energy_material_checkpoint_lambdas,0.0,2.2393412590026855,1.431060552597046,15,R3,2.2431147396564484,0.29245883226394653
0.0,nan,nan,0.7398104667663574,00000_002033_07,1.0,0.7509249448776245,0.21572326123714447,-0.719141960144043,coef_energy_material_checkpoint_lambdas,0.0,2.189008951187134,1.4678198099136353,33,R3,4.399956047534943,1.6543669700622559
0.0,nan,nan,3.6778616905212402,00000_002033_07,3.0,3.7046732902526855,2.9152326583862305,0.9592625498771667,coef_energy_material_checkpoint_lambdas,0.0,2.225985288619995,1.50574791431427,39,R3,4.401955962181091,4.402383267879486
0.0,nan,nan,0.02218773402273655,00000_002033_07,1.0,0.21368050575256348,0.21252542734146118,0.980012834072113,coef_energy_material_checkpoint_lambdas,0.0,2.2762560844421387,1.5269014835357666,42,R3,4.400163114070892,4.400163114070892
0.0,nan,nan,0.017520703375339508,00000_002033_07,3.0,0.03287888318300247,0.027821682393550873,0.9989830255508423,coef_energy_material_checkpoint_lambdas,0.0,2.3229777812957764,1.5452349185943604,45,R3,4.400120735168457,4.400120735168457
0.0,nan,nan,-0.04753508046269417,00000_002033_07,5.0,0.08125761896371841,0.06590308248996735,0.9855841398239136,coef_energy_material_checkpoint_lambdas,0.0,2.3700263500213623,1.562249779701233,48,R3,4.4000988602638245,4.4000988602638245
0.0,nan,nan,0.07225042581558228,00000_002033_07,6.0,0.08152718096971512,0.06609369069337845,0.9880865216255188,coef_energy_material_checkpoint_lambdas,0.0,2.3798599243164062,1.5708167552947998,51,R3,4.400003910064697,4.408043086528778
0.0,nan,nan,0.00036541433655656874,00000_002033_07,6.0,0.000376310374122113,0.00019481864001136273,0.5035412311553955,coef_energy_material_checkpoint_lambdas,0.0,2.3955562114715576,1.5781761407852173,54,R3,4.400000333786011,2.7580392360687256
0.0,nan,nan,0.04637065902352333,00000_002033_07,6.0,0.1436060220003128,0.04637065902352333,0.990903377532959,coef_energy_material_checkpoint_lambdas,0.0,2.4292120933532715,1.5906264781951904,57,R3,4.400003910064697,1.108021080493927
0.0,nan,nan,4.317792892456055,00000_002034_00,1.0,4.317811965942383,0.01294633187353611,0.9996165037155151,coef_energy_material_checkpoint_lambdas,0.0,2.284256935119629,1.4508395195007324,0,R3,3.731894612312317,3.731894612312317
0.0,nan,nan,0.0010966639965772629,00000_002034_00,6.0,0.019196275621652603,0.01432710699737072,0.9997645020484924,coef_energy_material_checkpoint_lambdas,1.0,2.3095080852508545,1.453984022140503,3,R3,3.2994273006916046,3.751167446374893
0.0,nan,nan,0.06426192820072174,00000_002034_00,8.0,0.08082623034715652,0.0801047533750534,0.997907280921936,coef_energy_material_checkpoint_lambdas,1.0,2.3059492111206055,1.4572703838348389,6,R3,2.8160049319267273,3.4257623851299286
0.0,nan,nan,0.03900432214140892,00000_002034_00,6.0,0.132627934217453,0.12676288187503815,0.9900878071784973,coef_energy_material_checkpoint_lambdas,0.0,2.312629461288452,1.4404081106185913,9,R3,2.641051322221756,2.641051322221756
0.0,nan,nan,0.23493064939975739,00000_002034_00,3.0,0.5918098092079163,0.5431817770004272,0.9689127206802368,coef_energy_material_checkpoint_lambdas,0.0,2.2757081985473633,1.4431785345077515,12,R3,2.2459477186203003,1.1187098026275635
0.0,nan,nan,3.284694194793701,00000_002034_00,2.0,3.996393918991089,3.9322800636291504,0.9041005969047546,coef_energy_material_checkpoint_lambdas,0.0,2.2595956325531006,1.42945396900177,15,R3,2.183898776769638,0.3008716404438019
0.0,nan,nan,2.165243148803711,00000_002034_00,1.0,2.534985065460205,0.21078217029571533,0.33760035037994385,coef_energy_material_checkpoint_lambdas,0.0,2.1853792667388916,1.466869592666626,33,R3,4.39773166179657,2.755650281906128
0.0,nan,nan,0.8964507579803467,00000_002034_00,3.0,1.0393377542495728,1.0057728290557861,0.9046488404273987,coef_energy_material_checkpoint_lambdas,0.0,2.179474353790283,1.4881665706634521,36,R3,4.400286555290222,1.109504759311676
0.0,nan,nan,3.0910427570343018,00000_002034_00,2.0,4.182257175445557,4.024611949920654,0.999142587184906,coef_energy_material_checkpoint_lambdas,0.0,2.2018651962280273,1.492875099182129,39,R3,4.40217250585556,0.567505955696106
0.0,nan,nan,2.091071605682373,00000_002034_00,3.0,2.1286165714263916,2.04831600189209,0.9995227456092834,coef_energy_material_checkpoint_lambdas,0.0,2.247384786605835,1.5234458446502686,42,R3,4.40074896812439,4.408356785774231
0.0,nan,nan,1.3867802619934082,00000_002034_00,5.0,2.298931837081909,2.2771217823028564,0.9907759428024292,coef_energy_material_checkpoint_lambdas,0.0,2.2962985038757324,1.5358104705810547,45,R3,4.400140881538391,4.404903888702393
0.0,nan,nan,0.2763121426105499,00000_002034_00,5.0,0.29815730452537537,0.27459511160850525,0.996010959148407,coef_energy_material_checkpoint_lambdas,0.0,2.3379199504852295,1.5631712675094604,48,R3,4.400022864341736,4.40402215719223
0.0,nan,nan,1.8789539337158203,00000_002034_00,7.0,2.360379457473755,2.3388001918792725,0.9992076754570007,coef_energy_material_checkpoint_lambdas,0.0,2.3675146102905273,1.5728462934494019,51,R3,4.400080680847168,4.401277422904968
0.0,nan,nan,0.03781231865286827,00000_002034_00,6.0,0.03982143476605415,0.028235115110874176,0.9992066025733948,coef_energy_material_checkpoint_lambdas,0.0,2.3470325469970703,1.6032928228378296,54,R3,4.400001525878906,3.3070067167282104
0.0,nan,nan,0.0006857707048766315,00000_002034_00,6.0,0.0022980866488069296,0.0010660415282472968,0.9926571249961853,coef_energy_material_checkpoint_lambdas,0.0,2.356126546859741,1.6004271507263184,57,R3,4.400000095367432,2.2174269556999207
0.0,nan,nan,4.499186992645264,00000_002034_00,4.0,4.578940391540527,3.9992287158966064,0.9997026920318604,coef_energy_material_checkpoint_lambdas,0.0,2.4365766048431396,1.5670828819274902,60,R3,4.401315748691559,0.5835506916046143
0.0,nan,nan,4.335637092590332,00000_002034_01,1.0,4.33565616607666,0.012908737175166607,0.9996159672737122,coef_energy_material_checkpoint_lambdas,0.0,2.2954354286193848,1.4466345310211182,0,R3,3.731894612312317,3.731894612312317
0.0,nan,nan,0.0010969192953780293,00000_002034_01,6.0,0.019186947494745255,0.014320669695734978,0.9997634887695312,coef_energy_material_checkpoint_lambdas,1.0,2.3127615451812744,1.453301191329956,3,R3,3.2994273006916046,3.751167446374893
0.0,nan,nan,0.06392431259155273,00000_002034_01,8.0,0.08043941110372543,0.07972797751426697,0.997867226600647,coef_energy_material_checkpoint_lambdas,1.0,2.3167338371276855,1.4491713047027588,6,R3,2.8160049319267273,3.4257623851299286
0.0,nan,nan,0.039062440395355225,00000_002034_01,6.0,0.13266775012016296,0.12678666412830353,0.9901391863822937,coef_energy_material_checkpoint_lambdas,0.0,2.3073551654815674,1.4420844316482544,9,R3,2.641051322221756,2.641051322221756
0.0,nan,nan,0.2348649799823761,00000_002034_01,3.0,0.591650664806366,0.5430367588996887,0.9689138531684875,coef_energy_material_checkpoint_lambdas,0.0,2.275055408477783,1.4428056478500366,12,R3,2.2459477186203003,1.1187098026275635
0.0,nan,nan,3.274837017059326,00000_002034_01,2.0,3.9850363731384277,3.9212677478790283,0.9041987657546997,coef_energy_material_checkpoint_lambdas,0.0,2.25207781791687,1.4308454990386963,15,R3,2.183898776769638,0.3008716404438019
0.0,nan,nan,2.1679129600524902,00000_002034_01,1.0,2.537876844406128,0.21063973009586334,0.3374578356742859,coef_energy_material_checkpoint_lambdas,0.0,2.18799090385437,1.4658783674240112,33,R3,4.39773166179657,2.755650281906128
0.0,nan,nan,0.8987084031105042,00000_002034_01,3.0,1.041924238204956,1.0082623958587646,0.9046271443367004,coef_energy_material_checkpoint_lambdas,0.0,2.185133934020996,1.483241319656372,36,R3,4.400286555290222,1.109504759311676
0.0,nan,nan,3.0916595458984375,00000_002034_01,2.0,4.183105945587158,4.025424480438232,0.9991424083709717,coef_energy_material_checkpoint_lambdas,0.0,2.202505350112915,1.490992546081543,39,R3,4.40217250585556,0.567505955696106
0.0,nan,nan,2.090024948120117,00000_002034_01,3.0,2.1275508403778076,2.047290086746216,0.999522864818573,coef_energy_material_checkpoint_lambdas,0.0,2.246198892593384,1.5233895778656006,42,R3,4.40074896812439,4.408356785774231
0.0,nan,nan,1.3882395029067993,00000_002034_01,5.0,2.301337957382202,2.2795064449310303,0.9907753467559814,coef_energy_material_checkpoint_lambdas,0.0,2.298774003982544,1.535441279411316,45,R3,4.400140881538391,4.404903888702393
0.0,nan,nan,0.2763805687427521,00000_002034_01,5.0,0.29823172092437744,0.2746641933917999,0.9960105419158936,coef_energy_material_checkpoint_lambdas,0.0,2.3386263847351074,1.561734914779663,48,R3,4.400022864341736,4.40402215719223
0.0,nan,nan,1.8862179517745972,00000_002034_01,7.0,2.369516372680664,2.347855567932129,0.9992073178291321,coef_energy_material_checkpoint_lambdas,0.0,2.3770689964294434,1.5660487413406372,51,R3,4.400080680847168,4.401277422904968
0.0,nan,nan,0.038442689925432205,00000_002034_01,6.0,0.04048644006252289,0.028704194352030754,0.9992033243179321,coef_energy_material_checkpoint_lambdas,0.0,2.3913443088531494,1.5792608261108398,54,R3,4.400001525878906,3.3070067167282104
0.0,nan,nan,-0.0027870985213667154,00000_002034_01,4.0,0.007475276943296194,0.0027870985213667154,0.9997522234916687,coef_energy_material_checkpoint_lambdas,0.0,2.406369686126709,1.5764058828353882,57,R3,4.400000095367432,1.6570061445236206
0.0,nan,nan,3.2242133617401123,00000_002034_01,5.0,4.114312171936035,2.5557796955108643,0.9856287837028503,coef_energy_material_checkpoint_lambdas,0.0,2.4851253032684326,1.5604016780853271,60,R3,4.401277422904968,0.584158718585968
0.0,nan,nan,3.3040285110473633,00000_002034_01,1.0,4.000955581665039,3.931769847869873,0.9786349534988403,coef_energy_material_checkpoint_lambdas,0.0,2.6365675926208496,1.532732367515564,63,R3,4.4042657017707825,0.5991478562355042
0.0,nan,nan,4.332119464874268,00000_002034_02,1.0,4.332138538360596,0.012928630225360394,0.9996161460876465,coef_energy_material_checkpoint_lambdas,0.0,2.292991876602173,1.448871374130249,0,R3,3.731894612312317,3.731894612312317
0.0,nan,nan,0.0010969500290229917,00000_002034_02,6.0,0.019163627177476883,0.014304174110293388,0.9997619390487671,coef_energy_material_checkpoint_lambdas,1.0,2.3175208568573,1.4515762329101562,3,R3,3.2994273006916046,3.751167446374893
0.0,nan,nan,0.06397557258605957,00000_002034_02,8.0,0.08049727976322174,0.07978418469429016,0.9978742599487305,coef_energy_material_checkpoint_lambdas,1.0,2.3145761489868164,1.4504112005233765,6,R3,2.8160049319267273,3.4257623851299286
0.0,nan,nan,0.039073992520570755,00000_002034_02,6.0,0.1327054649591446,0.1268225759267807,0.9901397228240967,coef_energy_material_checkpoint_lambdas,0.0,2.3079535961151123,1.4425064325332642,9,R3,2.641051322221756,2.641051322221756
0.0,nan,nan,0.23519843816757202,00000_002034_02,3.0,0.5918667316436768,0.5431278944015503,0.9688010215759277,coef_energy_material_checkpoint_lambdas,0.0,2.2799503803253174,1.4417986869812012,12,R3,2.2459477186203003,1.1187098026275635
0.0,nan,nan,3.269925355911255,00000_002034_02,2.0,3.9795708656311035,3.9160211086273193,0.904278039932251,coef_energy_material_checkpoint_lambdas,0.0,2.2481064796447754,1.4332748651504517,15,R3,2.183898776769638,0.3008716404438019
0.0,nan,nan,2.165174722671509,00000_002034_02,1.0,2.5351881980895996,0.21126286685466766,0.3377731442451477,coef_energy_material_checkpoint_lambdas,0.0,2.185410261154175,1.47021484375,33,R3,4.39773166179657,2.755650281906128
0.0,nan,nan,0.8989291787147522,00000_002034_02,3.0,1.0421818494796753,1.0085123777389526,0.904628336429596,coef_energy_material_checkpoint_lambdas,0.0,2.185661554336548,1.4840762615203857,36,R3,4.400286555290222,1.109504759311676
0.0,nan,nan,3.09306001663208,00000_002034_02,2.0,4.185000896453857,4.027247905731201,0.9991423487663269,coef_energy_material_checkpoint_lambdas,0.0,2.2035088539123535,1.4916020631790161,39,R3,4.40217250585556,0.567505955696106
0.0,nan,nan,4.415424823760986,00000_002034_02,3.0,4.434297561645508,4.415424823760986,0.9923992156982422,coef_energy_material_checkpoint_lambdas,0.0,2.258838176727295,1.5139923095703125,42,R3,4.404142081737518,0.5762270092964172
0.0,nan,nan,3.1781837940216064,00000_002034_02,3.0,4.3241868019104,3.786749839782715,0.9987049102783203,coef_energy_material_checkpoint_lambdas,0.0,2.2541685104370117,1.5590096712112427,45,R3,4.4014973640441895,0.5901657938957214
0.0,nan,nan,0.10419479012489319,00000_002034_02,4.0,0.11020764708518982,0.10419480502605438,0.998877763748169,coef_energy_material_checkpoint_lambdas,0.0,2.298948287963867,1.5580060482025146,54,R3,4.400058448314667,1.6591321229934692
0.0,nan,nan,2.146577835083008,00000_002034_02,2.0,3.092228889465332,2.9153554439544678,0.9831446409225464,coef_energy_material_checkpoint_lambdas,0.0,2.3005218505859375,1.5684070587158203,57,R3,4.401932775974274,0.5602830052375793
0.0,nan,nan,4.142669200897217,00000_002034_02,1.0,4.143393516540527,4.142669200897217,0.9578649997711182,coef_energy_material_checkpoint_lambdas,0.0,2.2870373725891113,1.5979582071304321,60,R3,4.404094457626343,0.5601752996444702
0.0,nan,nan,-0.020636215806007385,00000_002034_02,3.0,0.023158464580774307,0.007160283159464598,0.9593729972839355,coef_energy_material_checkpoint_lambdas,0.0,2.3283956050872803,1.6109635829925537,63,R3,4.4020655155181885,2.2101964354515076
0.0,nan,nan,3.3694024085998535,00000_002034_02,1.0,3.766808271408081,2.663113832473755,0.999987006187439,coef_energy_material_checkpoint_lambdas,0.0,2.370223045349121,1.6357170343399048,66,R3,4.401816129684448,0.5771431922912598
0.0,nan,nan,3.3869431018829346,00000_002034_02,5.0,3.950780153274536,3.833207368850708,0.9823737144470215,coef_energy_material_checkpoint_lambdas,0.0,2.446594715118408,1.6308842897415161,69,R3,4.400511801242828,4.401612401008606
0.0,nan,nan,0.0027088795322924852,00000_002034_02,10.0,0.0030340219382196665,0.0009492216049693525,0.9923983216285706,coef_energy_material_checkpoint_lambdas,0.0,2.528975248336792,1.61746084690094,72,R3,4.400000095367432,4.401842474937439
0.0,nan,nan,0.0004684919258579612,00000_002034_02,10.0,0.0005772678996436298,0.0003372736682649702,0.28648999333381653,coef_energy_material_checkpoint_lambdas,0.0,2.688817024230957,1.5480518341064453,75,R3,4.400000095367432,4.401994109153748
0.0,nan,nan,4.333134174346924,00000_002034_03,1.0,4.33315372467041,0.012925595045089722,0.9996159672737122,coef_energy_material_checkpoint_lambdas,0.0,2.2936460971832275,1.4485242366790771,0,R3,3.731894612312317,3.731894612312317
0.0,nan,nan,0.001097648055292666,00000_002034_03,6.0,0.019188977777957916,0.014322593808174133,0.9997628331184387,coef_energy_material_checkpoint_lambdas,1.0,2.316406726837158,1.4534735679626465,3,R3,3.2994273006916046,3.751167446374893
0.0,nan,nan,0.06442509591579437,00000_002034_03,8.0,0.08100447058677673,0.08027667552232742,0.9979353547096252,coef_energy_material_checkpoint_lambdas,1.0,2.295454502105713,1.4612867832183838,6,R3,2.8160049319267273,3.4257623851299286
0.0,nan,nan,0.03923490643501282,00000_002034_03,6.0,0.1330055445432663,0.12708696722984314,0.9902195334434509,coef_energy_material_checkpoint_lambdas,0.0,2.3038382530212402,1.4477128982543945,9,R3,2.641051322221756,2.641051322221756
0.0,nan,nan,0.23457470536231995,00000_002034_03,3.0,0.5923685431480408,0.5439441204071045,0.9691751599311829,coef_energy_material_checkpoint_lambdas,0.0,2.2683780193328857,1.4481163024902344,12,R3,2.2459477186203003,1.1187098026275635
0.0,nan,nan,3.274752378463745,00000_002034_03,2.0,3.985299587249756,3.921621084213257,0.9042554497718811,coef_energy_material_checkpoint_lambdas,0.0,2.2515945434570312,1.4340847730636597,15,R3,2.183898776769638,0.3008716404438019
0.0,nan,nan,2.1681463718414307,00000_002034_03,1.0,2.538144826889038,0.2106541097164154,0.3374549448490143,coef_energy_material_checkpoint_lambdas,0.0,2.1882243156433105,1.4659783840179443,33,R3,4.39773166179657,2.755650281906128
0.0,nan,nan,0.8983834981918335,00000_002034_03,3.0,1.041560411453247,1.0079158544540405,0.9046360850334167,coef_energy_material_checkpoint_lambdas,0.0,2.1842732429504395,1.486299991607666,36,R3,4.400286555290222,1.109504759311676
0.0,nan,nan,3.0901174545288086,00000_002034_03,2.0,4.180995464324951,4.023400783538818,0.9991427063941956,coef_energy_material_checkpoint_lambdas,0.0,2.2010645866394043,1.4939688444137573,39,R3,4.40217250585556,0.567505955696106
0.0,nan,nan,4.41766357421875,00000_002034_03,3.0,4.436534881591797,4.41766357421875,0.9923958778381348,coef_energy_material_checkpoint_lambdas,0.0,2.2604753971099854,1.511679768562317,42,R3,4.404142081737518,0.5762270092964172
0.0,nan,nan,3.182466983795166,00000_002034_03,3.0,4.329973220825195,3.791795253753662,0.9987042546272278,coef_energy_material_checkpoint_lambdas,0.0,2.257642984390259,1.556602120399475,45,R3,4.4014973640441895,0.5901657938957214
0.0,nan,nan,0.10415488481521606,00000_002034_03,4.0,0.11016539484262466,0.10415488481521606,0.998877763748169,coef_energy_material_checkpoint_lambdas,0.0,2.2980263233184814,1.5580382347106934,54,R3,4.400058448314667,1.6591321229934692
0.0,nan,nan,2.1455535888671875,00000_002034_03,2.0,3.090744733810425,2.913958787918091,0.9831450581550598,coef_energy_material_checkpoint_lambdas,0.0,2.299384832382202,1.5682322978973389,57,R3,4.401932775974274,0.5602830052375793
0.0,nan,nan,4.20935583114624,00000_002034_03,1.0,4.210041046142578,4.20935583114624,0.9576769471168518,coef_energy_material_checkpoint_lambdas,0.0,2.3288938999176025,1.5668576955795288,60,R3,4.404094457626343,0.5601752996444702
0.0,nan,nan,-0.021120045334100723,00000_002034_03,3.0,0.023696282878518105,0.010745116509497166,0.9592525959014893,coef_energy_material_checkpoint_lambdas,0.0,2.3859241008758545,1.56779146194458,63,R3,4.4020655155181885,3.8607617020606995
0.0,nan,nan,0.24268478155136108,00000_002034_03,1.0,0.36685243248939514,0.2751087248325348,0.9984602332115173,coef_energy_material_checkpoint_lambdas,0.0,2.4143011569976807,1.57588529586792,66,R3,4.401947021484375,2.2106446027755737
0.0,nan,nan,0.315533310174942,00000_002034_03,2.0,1.0386967658996582,0.4766448438167572,0.9750452041625977,coef_energy_material_checkpoint_lambdas,0.0,2.5125718116760254,1.5545505285263062,72,R3,4.401013433933258,2.756508708000183
0.0,nan,nan,-0.016375938430428505,00000_002034_03,4.0,0.07907314598560333,0.016375938430428505,0.9953895211219788,coef_energy_material_checkpoint_lambdas,0.0,2.6275758743286133,1.5091426372528076,75,R3,4.400042176246643,1.1063615083694458
0.0,nan,nan,4.323216915130615,00000_002034_04,1.0,4.323236465454102,0.012938408181071281,0.9996163249015808,coef_energy_material_checkpoint_lambdas,0.0,2.2875871658325195,1.4499582052230835,0,R3,3.731894612312317,3.731894612312317
0.0,nan,nan,0.001097164349630475,00000_002034_04,6.0,0.019216135144233704,0.01434150617569685,0.9997652173042297,coef_energy_material_checkpoint_lambdas,1.0,2.308377742767334,1.4554688930511475,3,R3,3.2994273006916046,3.751167446374893
0.0,nan,nan,0.06401932239532471,00000_002034_04,8.0,0.08054704964160919,0.07983259856700897,0.9978798627853394,coef_energy_material_checkpoint_lambdas,1.0,2.312964916229248,1.4514647722244263,6,R3,2.8160049319267273,3.4257623851299286
0.0,nan,nan,0.03899315744638443,00000_002034_04,6.0,0.13264667987823486,0.12678594887256622,0.9900693297386169,coef_energy_material_checkpoint_lambdas,0.0,2.315101146697998,1.4401649236679077,9,R3,2.641051322221756,2.641051322221756
0.0,nan,nan,0.23559170961380005,00000_002034_04,3.0,0.5917609930038452,0.5428421497344971,0.9686019420623779,coef_energy_material_checkpoint_lambdas,0.0,2.286686420440674,1.438844084739685,12,R3,2.2459477186203003,1.1187098026275635
0.0,nan,nan,3.2733864784240723,00000_002034_04,2.0,3.983638048171997,3.9199860095977783,0.9042555689811707,coef_energy_material_checkpoint_lambdas,0.0,2.250654697418213,1.4334919452667236,15,R3,2.183898776769638,0.3008716404438019
0.0,nan,nan,2.166466236114502,00000_002034_04,1.0,2.536484718322754,0.21101811528205872,0.33764177560806274,coef_energy_material_checkpoint_lambdas,0.0,2.1866374015808105,1.4685115814208984,33,R3,4.39773166179657,2.755650281906128
0.0,nan,nan,0.8969131708145142,00000_002034_04,3.0,1.0398703813552856,1.00628662109375,0.9046462774276733,coef_energy_material_checkpoint_lambdas,0.0,2.1806182861328125,1.4879398345947266,36,R3,4.400286555290222,1.109504759311676
0.0,nan,nan,3.0939652919769287,00000_002034_04,2.0,4.186220645904541,4.028423309326172,0.9991424679756165,coef_energy_material_checkpoint_lambdas,0.0,2.2040789127349854,1.49285089969635,39,R3,4.40217250585556,0.567505955696106
0.0,nan,nan,2.090210437774658,00000_002034_04,3.0,2.127739906311035,2.0474722385406494,0.9995228052139282,coef_energy_material_checkpoint_lambdas,0.0,2.246431350708008,1.5231419801712036,42,R3,4.40074896812439,4.408356785774231
0.0,nan,nan,1.3867242336273193,00000_002034_04,5.0,2.2988364696502686,2.2770276069641113,0.9907758235931396,coef_energy_material_checkpoint_lambdas,0.0,2.296217918395996,1.5353469848632812,45,R3,4.400140881538391,4.404903888702393
0.0,nan,nan,0.27634406089782715,00000_002034_04,5.0,0.2981913983821869,0.274626225233078,0.9960113763809204,coef_energy_material_checkpoint_lambdas,0.0,2.3381192684173584,1.564362645149231,48,R3,4.400022864341736,4.40402215719223
0.0,nan,nan,1.88517165184021,00000_002034_04,7.0,2.3682050704956055,2.3465569019317627,0.9992071986198425,coef_energy_material_checkpoint_lambdas,0.0,2.3758533000946045,1.5618795156478882,51,R3,4.400080680847168,4.401277422904968
0.0,nan,nan,0.03821829706430435,00000_002034_04,6.0,0.040249768644571304,0.028537152335047722,0.9992043375968933,coef_energy_material_checkpoint_lambdas,0.0,2.3757779598236084,1.5857868194580078,54,R3,4.400001525878906,3.3070067167282104
0.0,nan,nan,-0.00025371648371219635,00000_002034_04,5.0,0.0004286176699679345,0.00042368017602711916,0.21289734542369843,coef_energy_material_checkpoint_lambdas,0.0,2.4091169834136963,1.5964490175247192,57,R3,4.400000095367432,4.4027844071388245
0.0,nan,nan,0.20806588232517242,00000_002034_04,8.0,0.2326304316520691,0.1645025908946991,0.9999849796295166,coef_energy_material_checkpoint_lambdas,0.0,2.5015947818756104,1.5910885334014893,60,R3,4.400003910064697,4.403315007686615
0.0,nan,nan,4.349748611450195,00000_002034_04,7.0,4.377945899963379,4.349748611450195,0.9858691692352295,coef_energy_material_checkpoint_lambdas,0.0,2.6677422523498535,1.5502358675003052,63,R3,4.4002156257629395,2.758294939994812
0.0,nan,nan,4.330356121063232,00000_002034_05,1.0,4.330375671386719,0.012926775962114334,0.9996160864830017,coef_energy_material_checkpoint_lambdas,0.0,2.291992664337158,1.4486684799194336,0,R3,3.731894612312317,3.731894612312317
0.0,nan,nan,0.0010965954279527068,00000_002034_05,6.0,0.01918177120387554,0.01431678794324398,0.999763548374176,coef_energy_material_checkpoint_lambdas,1.0,2.3119826316833496,1.4529082775115967,3,R3,3.2994273006916046,3.751167446374893
0.0,nan,nan,0.06402977555990219,00000_002034_05,8.0,0.08056878298521042,0.07985562086105347,0.997870683670044,coef_energy_material_checkpoint_lambdas,1.0,2.3185346126556396,1.4516013860702515,6,R3,2.8160049319267273,3.4257623851299286
0.0,nan,nan,0.0390668660402298,00000_002034_05,6.0,0.1326862871646881,0.12680469453334808,0.9901379942893982,coef_energy_material_checkpoint_lambdas,0.0,2.3078103065490723,1.4422582387924194,9,R3,2.641051322221756,2.641051322221756
0.0,nan,nan,0.23524437844753265,00000_002034_05,3.0,0.591698944568634,0.5429251790046692,0.9687495827674866,coef_energy_material_checkpoint_lambdas,0.0,2.2811520099639893,1.440692663192749,12,R3,2.2459477186203003,1.1187098026275635
0.0,nan,nan,3.2790603637695312,00000_002034_05,2.0,3.989975929260254,3.926076889038086,0.9041680097579956,coef_energy_material_checkpoint_lambdas,0.0,2.255213499069214,1.4309070110321045,15,R3,2.183898776769638,0.3008716404438019
0.0,nan,nan,2.1681435108184814,00000_002034_05,1.0,2.538290500640869,0.2109093964099884,0.3375454246997833,coef_energy_material_checkpoint_lambdas,0.0,2.188274383544922,1.4677549600601196,33,R3,4.39773166179657,2.755650281906128
0.0,nan,nan,0.8974201679229736,00000_002034_05,3.0,1.0404492616653442,1.0068429708480835,0.9046400189399719,coef_energy_material_checkpoint_lambdas,0.0,2.1819000244140625,1.4862818717956543,36,R3,4.400286555290222,1.109504759311676
0.0,nan,nan,3.089801788330078,00000_002034_05,2.0,4.180559158325195,4.022983551025391,0.9991427063941956,coef_energy_material_checkpoint_lambdas,0.0,2.2007052898406982,1.4952749013900757,39,R3,4.40217250585556,0.567505955696106
0.0,nan,nan,4.4142537117004395,00000_002034_05,3.0,4.4331254959106445,4.4142537117004395,0.9924004077911377,coef_energy_material_checkpoint_lambdas,0.0,2.258068561553955,1.5146574974060059,42,R3,4.404142081737518,0.5762270092964172
0.0,nan,nan,3.179752826690674,00000_002034_05,3.0,4.326308250427246,3.788600444793701,0.9987046718597412,coef_energy_material_checkpoint_lambdas,0.0,2.255420684814453,1.55833899974823,45,R3,4.4014973640441895,0.5901657938957214
0.0,nan,nan,0.10418346524238586,00000_002034_05,4.0,0.11019565910100937,0.10418346524238586,0.9988778233528137,coef_energy_material_checkpoint_lambdas,0.0,2.2986996173858643,1.557818055152893,54,R3,4.400058448314667,1.6591321229934692
0.0,nan,nan,2.168262243270874,00000_002034_05,2.0,3.123927593231201,2.9450924396514893,0.9831185340881348,coef_energy_material_checkpoint_lambdas,0.0,2.3258867263793945,1.5529863834381104,57,R3,4.401932775974274,0.5602830052375793
0.0,nan,nan,4.24200439453125,00000_002034_05,1.0,4.242671012878418,4.24200439453125,0.9575854539871216,coef_energy_material_checkpoint_lambdas,0.0,2.349425792694092,1.5511833429336548,60,R3,4.404094457626343,0.5601752996444702
0.0,nan,nan,1.0908827781677246,00000_002034_05,1.0,1.5425901412963867,1.0908827781677246,0.9999942183494568,coef_energy_material_checkpoint_lambdas,0.0,2.36470627784729,1.5568827390670776,63,R3,4.400381147861481,3.311521291732788
0.0,nan,nan,0.17105072736740112,00000_002034_05,1.0,0.17679575085639954,0.17298434674739838,0.9821939468383789,coef_energy_material_checkpoint_lambdas,0.0,2.393260955810547,1.5653395652770996,66,R3,4.401623845100403,1.661368191242218
0.0,nan,nan,3.436453104019165,00000_002034_05,2.0,3.841477394104004,2.717174530029297,0.9999632835388184,coef_energy_material_checkpoint_lambdas,0.0,2.405467987060547,1.5688667297363281,69,R3,4.4013713002204895,0.5823498368263245
0.0,nan,nan,4.319531440734863,00000_002034_05,2.0,4.4009222984313965,4.240272521972656,0.991607666015625,coef_energy_material_checkpoint_lambdas,0.0,2.3325886726379395,1.6374272108078003,72,R3,4.402066946029663,0.5584934949874878
0.0,nan,nan,3.7237424850463867,00000_002034_05,5.0,4.159737586975098,4.159731388092041,0.99803626537323,coef_energy_material_checkpoint_lambdas,0.0,2.627612352371216,1.4891111850738525,78,R3,4.400819420814514,0.5573051571846008
0.0,nan,nan,4.32974910736084,00000_002034_06,1.0,4.329768657684326,0.012947848998010159,0.9996162056922913,coef_energy_material_checkpoint_lambdas,0.0,2.2912352085113525,1.4510244131088257,0,R3,3.731894612312317,3.731894612312317
0.0,nan,nan,0.0010977991623803973,00000_002034_06,6.0,0.019202958792448044,0.014332598075270653,0.9997636079788208,coef_energy_material_checkpoint_lambdas,1.0,2.3144938945770264,1.4545129537582397,3,R3,3.2994273006916046,3.751167446374893
0.0,nan,nan,0.0640508159995079,00000_002034_06,8.0,0.08058889210224152,0.0798744484782219,0.9978774785995483,coef_energy_material_checkpoint_lambdas,1.0,2.3154423236846924,1.4521528482437134,6,R3,2.8160049319267273,3.4257623851299286
0.0,nan,nan,0.03903667628765106,00000_002034_06,6.0,0.1326960325241089,0.12682418525218964,0.9901015162467957,coef_energy_material_checkpoint_lambdas,0.0,2.31223201751709,1.4414781332015991,9,R3,2.641051322221756,2.641051322221756
0.0,nan,nan,0.23457524180412292,00000_002034_06,3.0,0.5909833908081055,0.5424350500106812,0.9689251184463501,coef_energy_material_checkpoint_lambdas,0.0,2.2720818519592285,1.4413321018218994,12,R3,2.2459477186203003,1.1187098026275635
0.0,nan,nan,3.279949903488159,00000_002034_06,2.0,3.991030693054199,3.927107810974121,0.9041637778282166,coef_energy_material_checkpoint_lambdas,0.0,2.255857467651367,1.4310479164123535,15,R3,2.183898776769638,0.3008716404438019
0.0,nan,nan,2.1578612327575684,00000_002034_06,1.0,2.5269317626953125,0.21107666194438934,0.33796069025993347,coef_energy_material_checkpoint_lambdas,0.0,2.1781370639801025,1.468919038772583,33,R3,4.39773166179657,2.755650281906128
0.0,nan,nan,0.12920218706130981,00000_002034_06,4.0,0.14042364060878754,0.09304001927375793,0.7707715034484863,coef_energy_material_checkpoint_lambdas,0.0,2.173656463623047,1.4958773851394653,36,R3,4.400183618068695,4.400565505027771
0.0,nan,nan,0.0047541335225105286,00000_002034_06,3.0,0.005244292784482241,0.0038101081736385822,0.927241325378418,coef_energy_material_checkpoint_lambdas,0.0,2.1918344497680664,1.5158963203430176,39,R3,4.400717675685883,2.760301947593689
0.0,nan,nan,0.5135608911514282,00000_002034_06,3.0,1.4734472036361694,0.5135608911514282,0.996049702167511,coef_energy_material_checkpoint_lambdas,0.0,2.25372314453125,1.5530927181243896,42,R3,4.400076985359192,0.5598006844520569
0.0,nan,nan,3.3201744556427,00000_002034_06,1.0,3.713438034057617,2.627732753753662,0.9997155070304871,coef_energy_material_checkpoint_lambdas,0.0,2.3370556831359863,1.5879464149475098,45,R3,4.401208817958832,2.208031713962555
0.0,nan,nan,2.4716827869415283,00000_002034_06,3.0,3.972471237182617,3.94675612449646,0.9876473546028137,coef_energy_material_checkpoint_lambdas,0.0,2.4129297733306885,1.6122210025787354,48,R3,4.40142285823822,0.5558792352676392
0.0,nan,nan,0.14679445326328278,00000_002034_06,7.0,0.14725463092327118,0.07605297863483429,0.9777569770812988,coef_energy_material_checkpoint_lambdas,0.0,2.491957902908325,1.6159918308258057,51,R3,4.400014638900757,4.400056719779968
0.0,nan,nan,0.1392841339111328,00000_002034_06,9.0,0.15532295405864716,0.14709508419036865,0.9989753365516663,coef_energy_material_checkpoint_lambdas,0.0,2.64506459236145,1.5689804553985596,54,R3,4.400000095367432,4.400003612041473
0.0,nan,nan,4.3299946784973145,00000_002034_07,1.0,4.330014228820801,0.012928798794746399,0.9996160268783569,coef_energy_material_checkpoint_lambdas,0.0,2.2917449474334717,1.4488787651062012,0,R3,3.731894612312317,3.731894612312317
0.0,nan,nan,0.0010961454827338457,00000_002034_07,6.0,0.019156035035848618,0.01429826021194458,0.9997624158859253,coef_energy_material_checkpoint_lambdas,1.0,2.314549207687378,1.450989842414856,3,R3,3.2994273006916046,3.751167446374893
0.0,nan,nan,0.06410668045282364,00000_002034_07,8.0,0.08064085990190506,0.07992276549339294,0.9978968501091003,coef_energy_material_checkpoint_lambdas,1.0,2.3063714504241943,1.4536337852478027,6,R3,2.8160049319267273,3.4257623851299286
0.0,nan,nan,0.039026327431201935,00000_002034_07,6.0,0.13268792629241943,0.12681888043880463,0.9900925755500793,coef_energy_material_checkpoint_lambdas,0.0,2.313114643096924,1.4411765336990356,9,R3,2.641051322221756,2.641051322221756
0.0,nan,nan,0.23553892970085144,00000_002034_07,3.0,0.592058002948761,0.5431888103485107,0.968680202960968,coef_energy_material_checkpoint_lambdas,0.0,2.285027265548706,1.4406263828277588,12,R3,2.2459477186203003,1.1187098026275635
0.0,nan,nan,3.2742273807525635,00000_002034_07,2.0,3.984342575073242,3.920597791671753,0.904206395149231,coef_energy_material_checkpoint_lambdas,0.0,2.2516024112701416,1.4310111999511719,15,R3,2.183898776769638,0.3008716404438019
0.0,nan,nan,2.1693508625030518,00000_002034_07,1.0,2.539562940597534,0.21078473329544067,0.3374597430229187,coef_energy_material_checkpoint_lambdas,0.0,2.1894431114196777,1.4668874740600586,33,R3,4.39773166179657,2.755650281906128
0.0,nan,nan,0.8978078961372375,00000_002034_07,3.0,1.0409002304077148,1.0072801113128662,0.9046411514282227,coef_energy_material_checkpoint_lambdas,0.0,2.1828346252441406,1.4873487949371338,36,R3,4.400286555290222,1.109504759311676
0.0,nan,nan,3.0883469581604004,00000_002034_07,2.0,4.1785888671875,4.021088123321533,0.9991428256034851,coef_energy_material_checkpoint_lambdas,0.0,2.199640989303589,1.494877576828003,39,R3,4.40217250585556,0.567505955696106
0.0,nan,nan,4.410772323608398,00000_002034_07,3.0,4.429633617401123,4.410772323608398,0.9924017786979675,coef_energy_material_checkpoint_lambdas,0.0,2.2560949325561523,1.5146687030792236,42,R3,4.404142081737518,0.5762270092964172
0.0,nan,nan,3.177454948425293,00000_002034_07,3.0,4.323199272155762,3.7858870029449463,0.9987049102783203,coef_energy_material_checkpoint_lambdas,0.0,2.2536091804504395,1.5590941905975342,45,R3,4.4014973640441895,0.5901657938957214
0.0,nan,nan,0.1042279303073883,00000_002034_07,4.0,0.11024269461631775,0.10422792285680771,0.998877763748169,coef_energy_material_checkpoint_lambdas,0.0,2.2996861934661865,1.5583958625793457,54,R3,4.400058448314667,1.6591321229934692
0.0,nan,nan,2.199232578277588,00000_002034_07,2.0,3.1692395210266113,2.9875879287719727,0.9830799698829651,coef_energy_material_checkpoint_lambdas,0.0,2.3622889518737793,1.5283894538879395,57,R3,4.401932775974274,0.5602830052375793
0.0,nan,nan,4.42723274230957,00000_002034_07,1.0,4.427826881408691,4.42723274230957,0.9571983218193054,coef_energy_material_checkpoint_lambdas,0.0,2.4628779888153076,1.4964510202407837,60,R3,4.404094457626343,0.5601752996444702
0.0,nan,nan,4.442930221557617,00000_002035_00,1.0,4.443125247955322,0.04160720109939575,0.9974896907806396,coef_energy_material_checkpoint_lambdas,0.0,2.3014588356018066,1.4466750621795654,0,R3,3.713204562664032,3.713204562664032
0.0,nan,nan,0.040025744587183,00000_002035_00,7.0,0.04656060039997101,0.04512254148721695,0.9999671578407288,coef_energy_material_checkpoint_lambdas,1.0,2.317836046218872,1.4561985731124878,3,R3,3.23341965675354,3.7735259234905243
0.0,nan,nan,0.03214650601148605,00000_002035_00,8.0,0.09720015525817871,0.08759422600269318,1.0,coef_energy_material_checkpoint_lambdas,1.0,2.3031797409057617,1.4526344537734985,6,R3,2.8366346061229706,3.461066037416458
0.0,nan,nan,0.07693417370319366,00000_002035_00,6.0,0.14688828587532043,0.12512913346290588,0.9997838139533997,coef_energy_material_checkpoint_lambdas,0.0,2.300384998321533,1.4466309547424316,9,R3,2.6389168202877045,2.6389168202877045
0.0,nan,nan,0.021556749939918518,00000_002035_00,4.0,0.3631049394607544,0.2715440094470978,0.9992374181747437,coef_energy_material_checkpoint_lambdas,0.0,2.2953085899353027,1.4425302743911743,12,R3,2.280449241399765,1.9384512901306152
0.0,nan,nan,0.7487638592720032,00000_002035_00,3.0,0.9207913875579834,0.745197594165802,0.9978294968605042,coef_energy_material_checkpoint_lambdas,0.0,2.2469332218170166,1.429633617401123,15,R3,2.293231636285782,0.8727710843086243
0.0,nan,nan,1.771120548248291,00000_002035_00,1.0,1.8375344276428223,0.4895554780960083,0.5467584729194641,coef_energy_material_checkpoint_lambdas,0.0,2.203953981399536,1.4304794073104858,18,R3,2.2619687020778656,0.4534585475921631
0.0,nan,nan,3.927931785583496,00000_002035_00,1.0,3.950961112976074,3.927931785583496,0.5053800940513611,coef_energy_material_checkpoint_lambdas,0.0,2.194175958633423,1.4360500574111938,21,R3,4.399412035942078,0.5712528228759766
0.0,nan,nan,3.4100584983825684,00000_002035_00,1.0,3.596482276916504,2.5472514629364014,0.9976209402084351,coef_energy_material_checkpoint_lambdas,0.0,2.1981544494628906,1.4880924224853516,36,R3,4.402274429798126,1.6607795357704163
0.0,nan,nan,0.4403167963027954,00000_002035_00,1.0,3.6779398918151855,2.8933427333831787,0.9615594148635864,coef_energy_material_checkpoint_lambdas,0.0,2.2103843688964844,1.496335506439209,39,R3,4.4019516706466675,0.5610130429267883
0.0,nan,nan,0.9913343191146851,00000_002035_00,2.0,1.4697338342666626,1.0850685834884644,0.9990336298942566,coef_energy_material_checkpoint_lambdas,0.0,2.2300667762756348,1.54276442527771,42,R3,4.400372207164764,4.400372207164764
0.0,nan,nan,4.107148170471191,00000_002035_00,3.0,4.277310848236084,3.7487990856170654,0.9969670176506042,coef_energy_material_checkpoint_lambdas,0.0,2.2407124042510986,1.5587735176086426,45,R3,4.401614189147949,0.584740400314331
0.0,nan,nan,0.369503378868103,00000_002035_00,6.0,0.38947901129722595,0.2753783166408539,0.9999983906745911,coef_energy_material_checkpoint_lambdas,0.0,2.4491965770721436,1.5099997520446777,54,R3,4.400013208389282,4.400129795074463
0.0,nan,nan,0.042280204594135284,00000_002035_01,7.0,0.20025479793548584,0.10851286351680756,0.9999701380729675,coef_energy_material_checkpoint_lambdas,1.0,2.2933132648468018,1.4645049571990967,3,R3,2.957699716091156,3.448309987783432
0.0,nan,nan,0.029490739107131958,00000_002035_01,9.0,0.035676706582307816,0.028373396024107933,1.0,coef_energy_material_checkpoint_lambdas,1.0,2.300506114959717,1.4562819004058838,6,R3,2.467436283826828,2.795112520456314
0.0,nan,nan,0.27271682024002075,00000_002035_01,8.0,0.3916739523410797,0.34762296080589294,1.0,coef_energy_material_checkpoint_lambdas,0.0,2.302637815475464,1.456541895866394,9,R3,2.3079632222652435,2.048827648162842
0.0,nan,nan,0.0835469514131546,00000_002035_01,5.0,0.1523050218820572,0.12734490633010864,0.5553227663040161,coef_energy_material_checkpoint_lambdas,0.0,2.294329881668091,1.4545905590057373,12,R3,2.1867430210113525,2.3767559230327606
0.0,nan,nan,-0.08878485858440399,00000_002035_01,4.0,0.1047852486371994,0.055652469396591187,0.07527816295623779,coef_energy_material_checkpoint_lambdas,0.0,2.2658748626708984,1.4480458498001099,15,R3,2.153974324464798,1.4836664497852325
0.0,nan,nan,0.06722899526357651,00000_002035_01,3.0,0.15519766509532928,0.1114427000284195,0.990530252456665,coef_energy_material_checkpoint_lambdas,0.0,2.2529401779174805,1.432336688041687,18,R3,2.292784035205841,1.214192122220993
0.0,nan,nan,1.7817600965499878,00000_002035_01,1.0,1.8498139381408691,0.4971342980861664,0.544733464717865,coef_energy_material_checkpoint_lambdas,0.0,2.222177028656006,1.4223191738128662,21,R3,2.2619687020778656,0.4534585475921631
0.0,nan,nan,3.916492223739624,00000_002035_01,1.0,3.9395151138305664,3.916492223739624,0.5055027008056641,coef_energy_material_checkpoint_lambdas,0.0,2.1876375675201416,1.438859462738037,24,R3,4.399412035942078,0.5712528228759766
0.0,nan,nan,3.409428119659424,00000_002035_01,1.0,3.595817804336548,2.546781301498413,0.9976209402084351,coef_energy_material_checkpoint_lambdas,0.0,2.1977412700653076,1.4880198240280151,39,R3,4.402274429798126,1.6607795357704163
0.0,nan,nan,0.44173669815063477,00000_002035_01,1.0,3.6922099590301514,2.9043891429901123,0.9615378379821777,coef_energy_material_checkpoint_lambdas,0.0,2.219571590423584,1.4902520179748535,42,R3,4.4019516706466675,0.5610130429267883
0.0,nan,nan,1.0038814544677734,00000_002035_01,2.0,1.4882694482803345,1.0987119674682617,0.9990317821502686,coef_energy_material_checkpoint_lambdas,0.0,2.260288715362549,1.524591326713562,45,R3,4.400372207164764,4.400372207164764
0.0,nan,nan,0.019760742783546448,00000_002035_01,3.0,0.2205522060394287,0.21966516971588135,0.9863378405570984,coef_energy_material_checkpoint_lambdas,0.0,2.304978132247925,1.5358494520187378,48,R3,4.400142133235931,4.400142133235931
0.0,nan,nan,0.10146285593509674,00000_002035_01,2.0,0.1344456970691681,0.12427263706922531,0.9982336759567261,coef_energy_material_checkpoint_lambdas,0.0,2.3508479595184326,1.5624942779541016,51,R3,4.400024950504303,4.400102138519287
0.0,nan,nan,0.049631305038928986,00000_002035_01,7.0,0.11182169616222382,0.11182090640068054,0.9879001975059509,coef_energy_material_checkpoint_lambdas,0.0,2.3908307552337646,1.5666824579238892,54,R3,4.400053024291992,4.400533676147461
0.0,nan,nan,0.00327506335452199,00000_002035_01,8.0,0.0036727876868098974,0.0011403773678466678,0.881909966468811,coef_energy_material_checkpoint_lambdas,0.0,2.406435251235962,1.5835294723510742,57,R3,4.400018751621246,3.3069965839385986
0.0,nan,nan,-0.0010715164244174957,00000_002035_01,7.0,0.007084760814905167,0.0010715164244174957,0.9799321889877319,coef_energy_material_checkpoint_lambdas,0.0,2.4144723415374756,1.5829461812973022,60,R3,4.400000095367432,1.6569965481758118
0.0,nan,nan,3.1593573093414307,00000_002035_01,4.0,4.030999660491943,4.0042314529418945,0.9860660433769226,coef_energy_material_checkpoint_lambdas,0.0,2.4312782287597656,1.6132389307022095,63,R3,4.400533676147461,0.5573172569274902
0.0,nan,nan,2.8053760528564453,00000_002035_01,3.0,3.819012403488159,2.805375814437866,0.9984280467033386,coef_energy_material_checkpoint_lambdas,0.0,2.4892969131469727,1.6129647493362427,66,R3,4.400984466075897,0.5764678716659546
0.0,nan,nan,1.7359696626663208,00000_002035_01,3.0,4.103806495666504,3.2156858444213867,0.9785323739051819,coef_energy_material_checkpoint_lambdas,0.0,2.493443489074707,1.6254587173461914,69,R3,4.400507211685181,1.6588760614395142
0.0,nan,nan,4.066794395446777,00000_002035_01,3.0,4.093867301940918,3.208024024963379,0.9785325527191162,coef_energy_material_checkpoint_lambdas,0.0,2.486832618713379,1.636576533317566,72,R3,4.40025532245636,0.5597108006477356
0.0,nan,nan,3.6548354625701904,00000_002035_01,4.0,4.093514919281006,4.093489170074463,0.9935302138328552,coef_energy_material_checkpoint_lambdas,0.0,2.5759830474853516,1.5853344202041626,75,R3,4.400826454162598,0.5579153299331665
0.0,nan,nan,4.984368324279785,00000_002035_01,4.0,5.078097343444824,4.8924689292907715,0.9919090270996094,coef_energy_material_checkpoint_lambdas,0.0,2.692791223526001,1.5441018342971802,78,R3,4.401361644268036,0.567089855670929
0.0,nan,nan,4.44036865234375,00000_002035_02,1.0,4.440564155578613,0.04168003052473068,0.9974912405014038,coef_energy_material_checkpoint_lambdas,0.0,2.2994275093078613,1.4491997957229614,0,R3,3.713204562664032,3.713204562664032
0.0,nan,nan,0.04001503437757492,00000_002035_02,7.0,0.04654788225889206,0.04511011019349098,0.9999670386314392,coef_energy_material_checkpoint_lambdas,1.0,2.319887161254883,1.4557914733886719,3,R3,3.23341965675354,3.7735259234905243
0.0,nan,nan,0.03204486891627312,00000_002035_02,8.0,0.09689358621835709,0.08731784671545029,0.9999999403953552,coef_energy_material_checkpoint_lambdas,1.0,2.3135733604431152,1.4480063915252686,6,R3,2.8366346061229706,3.461066037416458
0.0,nan,nan,0.07688674330711365,00000_002035_02,6.0,0.14680156111717224,0.12505649030208588,0.9997833371162415,coef_energy_material_checkpoint_lambdas,0.0,2.300795555114746,1.4457409381866455,9,R3,2.6389168202877045,2.6389168202877045
0.0,nan,nan,0.021500390022993088,00000_002035_02,4.0,0.3639521896839142,0.27210670709609985,0.999248743057251,coef_energy_material_checkpoint_lambdas,0.0,2.283379554748535,1.4461231231689453,12,R3,2.280449241399765,1.9384512901306152
0.0,nan,nan,0.7484654784202576,00000_002035_02,3.0,0.9204333424568176,0.7449150681495667,0.9978303909301758,coef_energy_material_checkpoint_lambdas,0.0,2.2456045150756836,1.4332746267318726,15,R3,2.293231636285782,0.8727710843086243
0.0,nan,nan,1.7777762413024902,00000_002035_02,1.0,1.8452844619750977,0.4945571720600128,0.5453748106956482,coef_energy_material_checkpoint_lambdas,0.0,2.2156338691711426,1.4244327545166016,18,R3,2.2619687020778656,0.4534585475921631
0.0,nan,nan,3.926332473754883,00000_002035_02,1.0,3.9493706226348877,3.926332473754883,0.5054166913032532,coef_energy_material_checkpoint_lambdas,0.0,2.1932382583618164,1.4375576972961426,21,R3,4.399412035942078,0.5712528228759766
0.0,nan,nan,3.4105310440063477,00000_002035_02,1.0,3.596979856491089,2.547602891921997,0.9976209402084351,coef_energy_material_checkpoint_lambdas,0.0,2.198472499847412,1.4879002571105957,36,R3,4.402274429798126,1.6607795357704163
0.0,nan,nan,0.44146811962127686,00000_002035_02,1.0,3.6893322467803955,2.902172565460205,0.9615435600280762,coef_energy_material_checkpoint_lambdas,0.0,2.217681407928467,1.4922096729278564,39,R3,4.4019516706466675,0.5610130429267883
0.0,nan,nan,1.0038814544677734,00000_002035_02,2.0,1.4882694482803345,1.0987119674682617,0.9990317821502686,coef_energy_material_checkpoint_lambdas,0.0,2.260288715362549,1.524591326713562,42,R3,4.400372207164764,4.400372207164764
0.0,nan,nan,0.019782332703471184,00000_002035_02,3.0,0.22080586850643158,0.2199179083108902,0.9863370060920715,coef_energy_material_checkpoint_lambdas,0.0,2.3077006340026855,1.535165786743164,45,R3,4.400142133235931,4.400142133235931
0.0,nan,nan,0.10146285593509674,00000_002035_02,2.0,0.1344456970691681,0.12427263706922531,0.9982336759567261,coef_energy_material_checkpoint_lambdas,0.0,2.3508479595184326,1.5624942779541016,48,R3,4.400024950504303,4.400102138519287
0.0,nan,nan,0.049536123871803284,00000_002035_02,7.0,0.11160658299922943,0.11160579323768616,0.987899661064148,coef_energy_material_checkpoint_lambdas,0.0,2.3862762451171875,1.562443494796753,51,R3,4.400053024291992,4.400533676147461
0.0,nan,nan,0.0032393017318099737,00000_002035_02,8.0,0.0036319508217275143,0.0016425566282123327,0.8820972442626953,coef_energy_material_checkpoint_lambdas,0.0,2.3779101371765137,1.599763035774231,54,R3,4.400018751621246,4.400018751621246
0.0,nan,nan,0.024972308427095413,00000_002035_02,6.0,0.03531644493341446,0.03531644493341446,1.0,coef_energy_material_checkpoint_lambdas,0.0,2.446509599685669,1.597258448600769,57,R3,4.400000333786011,4.400006651878357
0.0,nan,nan,0.0002090178313665092,00000_002035_02,9.0,0.00021826029114890844,0.0002090178313665092,0.04492368549108505,coef_energy_material_checkpoint_lambdas,0.0,2.526599884033203,1.5923792123794556,60,R3,4.400000095367432,4.4021108746528625
0.0,nan,nan,0.41017794609069824,00000_002035_02,8.0,0.4109458923339844,0.41017794609069824,0.9982384443283081,coef_energy_material_checkpoint_lambdas,0.0,2.6542794704437256,1.5543358325958252,63,R3,4.40000057220459,2.7560160160064697
0.0,nan,nan,4.441445827484131,00000_002035_03,1.0,4.441641807556152,0.04171273484826088,0.9974915981292725,coef_energy_material_checkpoint_lambdas,0.0,2.2998194694519043,1.4503419399261475,0,R3,3.713204562664032,3.713204562664032
0.0,nan,nan,0.04003658890724182,00000_002035_03,7.0,0.04657309874892235,0.04513460770249367,0.9999670386314392,coef_energy_material_checkpoint_lambdas,1.0,2.3196816444396973,1.456585168838501,3,R3,3.23341965675354,3.7735259234905243
0.0,nan,nan,0.032152120023965836,00000_002035_03,8.0,0.09721720963716507,0.08760958164930344,0.9999999403953552,coef_energy_material_checkpoint_lambdas,1.0,2.3055148124694824,1.4528841972351074,6,R3,2.8366346061229706,3.461066037416458
0.0,nan,nan,0.07687760144472122,00000_002035_03,6.0,0.14678536355495453,0.1250431090593338,0.9997833967208862,coef_energy_material_checkpoint_lambdas,0.0,2.3011271953582764,1.4455695152282715,9,R3,2.6389168202877045,2.6389168202877045
0.0,nan,nan,0.021554064005613327,00000_002035_03,4.0,0.3631235957145691,0.27155545353889465,0.9992377161979675,coef_energy_material_checkpoint_lambdas,0.0,2.2948122024536133,1.4426122903823853,12,R3,2.280449241399765,1.9384512901306152
0.0,nan,nan,0.7503781914710999,00000_002035_03,3.0,0.9227681159973145,0.7467904090881348,0.9978287220001221,coef_energy_material_checkpoint_lambdas,0.0,2.25219988822937,1.4286210536956787,15,R3,2.293231636285782,0.8727710843086243
0.0,nan,nan,1.775315284729004,00000_002035_03,1.0,1.8423349857330322,0.49239590764045715,0.5460219383239746,coef_energy_material_checkpoint_lambdas,0.0,2.21097993850708,1.42779541015625,18,R3,2.2619687020778656,0.4534585475921631
0.0,nan,nan,3.9160633087158203,00000_002035_03,1.0,3.93908953666687,3.9160633087158203,0.5055140256881714,coef_energy_material_checkpoint_lambdas,0.0,2.1873841285705566,1.4393502473831177,21,R3,4.399412035942078,0.5712528228759766
0.0,nan,nan,3.410262107849121,00000_002035_03,1.0,3.596696376800537,2.5474016666412354,0.9976209402084351,coef_energy_material_checkpoint_lambdas,0.0,2.198303699493408,1.4876525402069092,36,R3,4.402274429798126,1.6607795357704163
0.0,nan,nan,0.4418492317199707,00000_002035_03,1.0,3.6928067207336426,2.9048843383789062,0.9615408778190613,coef_energy_material_checkpoint_lambdas,0.0,2.2198426723480225,1.4921989440917969,39,R3,4.4019516706466675,0.5610130429267883
0.0,nan,nan,1.0038814544677734,00000_002035_03,2.0,1.4882694482803345,1.0987119674682617,0.9990317821502686,coef_energy_material_checkpoint_lambdas,0.0,2.260288715362549,1.524591326713562,42,R3,4.400372207164764,4.400372207164764
0.0,nan,nan,0.01975039765238762,00000_002035_03,3.0,0.22041676938533783,0.2195301204919815,0.9863392114639282,coef_energy_material_checkpoint_lambdas,0.0,2.303450345993042,1.5387624502182007,45,R3,4.400142133235931,4.400142133235931
0.0,nan,nan,0.10131038725376129,00000_002035_03,2.0,0.1342436820268631,0.1240859106183052,0.9982336163520813,coef_energy_material_checkpoint_lambdas,0.0,2.347311019897461,1.5603718757629395,48,R3,4.400024950504303,4.400102138519287
0.0,nan,nan,0.049078937619924545,00000_002035_03,7.0,0.1105937510728836,0.07790081202983856,0.987911581993103,coef_energy_material_checkpoint_lambdas,0.0,2.3634591102600098,1.5800011157989502,51,R3,4.400053024291992,2.7573288083076477
0.0,nan,nan,2.020587205886841,00000_002035_03,6.0,2.2044148445129395,1.6382088661193848,0.9570254683494568,coef_energy_material_checkpoint_lambdas,0.0,2.4135236740112305,1.600630760192871,54,R3,4.400036692619324,0.5561212301254272
0.0,nan,nan,2.0537118911743164,00000_002035_03,8.0,2.2964236736297607,1.6242464780807495,0.9997488260269165,coef_energy_material_checkpoint_lambdas,0.0,2.4222002029418945,1.6198780536651611,57,R3,4.400024116039276,4.400029182434082
0.0,nan,nan,2.9164342777221464e-05,00000_002035_03,10.0,4.480340794543736e-05,3.4275042253284482e-06,0.0,coef_energy_material_checkpoint_lambdas,0.0,2.466972827911377,1.625438928604126,60,R3,4.400000095367432,4.40000057220459
0.0,nan,nan,9.036278061103076e-05,00000_002035_03,13.0,0.0004571788012981415,0.0003807928296737373,0.0,coef_energy_material_checkpoint_lambdas,0.0,2.515798568725586,1.6350876092910767,63,R3,4.400000095367432,4.40000057220459
0.0,nan,nan,0.04211045801639557,00000_002035_03,13.0,0.04211045801639557,0.029776638373732567,0.9999999403953552,coef_energy_material_checkpoint_lambdas,0.0,2.540658950805664,1.6475095748901367,66,R3,4.400000095367432,4.402041912078857
0.0,nan,nan,2.519329309463501,00000_002035_03,10.0,2.519329309463501,2.519329309463501,0.9999998807907104,coef_energy_material_checkpoint_lambdas,0.0,2.6619744300842285,1.610045313835144,69,R3,4.400024116039276,4.40065997838974
0.0,nan,nan,0.04241045564413071,00000_002035_04,7.0,0.2008727639913559,0.10884790867567062,0.9999702572822571,coef_energy_material_checkpoint_lambdas,1.0,2.3007211685180664,1.4590744972229004,3,R3,2.957699716091156,3.448309987783432
0.0,nan,nan,0.029530853033065796,00000_002035_04,9.0,0.03572523966431618,0.028411997482180595,1.0,coef_energy_material_checkpoint_lambdas,1.0,2.29906964302063,1.4582631587982178,6,R3,2.467436283826828,2.795112520456314
0.0,nan,nan,0.27322137355804443,00000_002035_04,8.0,0.3923985958099365,0.3482661247253418,1.0,coef_energy_material_checkpoint_lambdas,0.0,2.2871158123016357,1.4592355489730835,9,R3,2.3079632222652435,2.048827648162842
0.0,nan,nan,0.08289364725351334,00000_002035_04,5.0,0.15202750265598297,0.1274401992559433,0.5520444512367249,coef_energy_material_checkpoint_lambdas,0.0,2.296151876449585,1.4474587440490723,12,R3,2.1867430210113525,2.3767559230327606
0.0,nan,nan,2.5545778274536133,00000_002035_04,2.0,3.696580410003662,2.671860694885254,0.9276109933853149,coef_energy_material_checkpoint_lambdas,0.0,2.2723350524902344,1.439918041229248,15,R3,2.6136631667613983,0.3261650502681732
0.0,nan,nan,0.8524720668792725,00000_002035_04,2.0,1.9374431371688843,1.833027958869934,0.993385374546051,coef_energy_material_checkpoint_lambdas,0.0,2.2443690299987793,1.4340121746063232,18,R3,2.4612317979335785,0.8569782674312592
0.0,nan,nan,1.773089051246643,00000_002035_04,1.0,1.8396573066711426,0.49040183424949646,0.5466258525848389,coef_energy_material_checkpoint_lambdas,0.0,2.206728458404541,1.4309775829315186,21,R3,2.2619687020778656,0.4534585475921631
0.0,nan,nan,3.9173145294189453,00000_002035_04,1.0,3.9403131008148193,3.9173145294189453,0.5054436922073364,coef_energy_material_checkpoint_lambdas,0.0,2.1881680488586426,1.4357985258102417,24,R3,4.399412035942078,0.5712528228759766
0.0,nan,nan,3.4086079597473145,00000_002035_04,1.0,3.5949535369873047,2.5461714267730713,0.9976209998130798,coef_energy_material_checkpoint_lambdas,0.0,2.197185754776001,1.4884419441223145,39,R3,4.402274429798126,1.6607795357704163
0.0,nan,nan,0.4415113925933838,00000_002035_04,1.0,3.689760684967041,2.9025046825408936,0.9615429043769836,coef_energy_material_checkpoint_lambdas,0.0,2.2179558277130127,1.4920574426651,42,R3,4.4019516706466675,0.5610130429267883
0.0,nan,nan,1.0038814544677734,00000_002035_04,2.0,1.4882694482803345,1.0987119674682617,0.9990317821502686,coef_energy_material_checkpoint_lambdas,0.0,2.260288715362549,1.524591326713562,45,R3,4.400372207164764,4.400372207164764
0.0,nan,nan,0.019768735393881798,00000_002035_04,3.0,0.22065627574920654,0.2197689563035965,0.986336886882782,coef_energy_material_checkpoint_lambdas,0.0,2.306149482727051,1.533704400062561,48,R3,4.400142133235931,4.400142133235931
0.0,nan,nan,0.10102839767932892,00000_002035_04,2.0,0.13387048244476318,0.12374114245176315,0.9982338547706604,coef_energy_material_checkpoint_lambdas,0.0,2.340630531311035,1.563530683517456,51,R3,4.400024950504303,4.400102138519287
0.0,nan,nan,0.04938991367816925,00000_002035_04,6.0,0.1103987991809845,0.0780780240893364,0.9999566078186035,coef_energy_material_checkpoint_lambdas,0.0,2.3704283237457275,1.5913796424865723,54,R3,4.400022029876709,2.215688467025757
0.0,nan,nan,3.520171880722046,00000_002035_04,2.0,3.9008193016052246,2.8080413341522217,0.9377257823944092,coef_energy_material_checkpoint_lambdas,0.0,2.412726402282715,1.6146447658538818,57,R3,4.401056587696075,0.5782914757728577
0.0,nan,nan,1.491602897644043,00000_002035_04,8.0,1.5690875053405762,0.48698702454566956,0.994843602180481,coef_energy_material_checkpoint_lambdas,0.0,2.4337332248687744,1.621822714805603,60,R3,4.400006651878357,4.400006651878357
0.0,nan,nan,5.098734618513845e-06,00000_002035_04,11.0,7.496139005525038e-06,2.802007372793014e-07,0.0,coef_energy_material_checkpoint_lambdas,0.0,2.4830214977264404,1.6237365007400513,63,R3,4.400000095367432,4.400000095367432
0.0,nan,nan,7.275849202414975e-05,00000_002035_04,14.0,0.00019493387662805617,0.00017932572518475354,0.0,coef_energy_material_checkpoint_lambdas,0.0,2.524847984313965,1.6419631242752075,66,R3,4.400000095367432,4.400000095367432
0.0,nan,nan,0.04211045801639557,00000_002035_04,13.0,0.04211045801639557,0.029776638373732567,0.9999999403953552,coef_energy_material_checkpoint_lambdas,0.0,2.540658950805664,1.6475095748901367,69,R3,4.400000095367432,4.402041912078857
0.0,nan,nan,2.519329309463501,00000_002035_04,10.0,2.519329309463501,2.519329309463501,0.9999998807907104,coef_energy_material_checkpoint_lambdas,0.0,2.6619744300842285,1.610045313835144,72,R3,4.400024116039276,4.40065997838974
0.0,nan,nan,4.441272735595703,00000_002035_05,1.0,4.441468238830566,0.04163636639714241,0.997490406036377,coef_energy_material_checkpoint_lambdas,0.0,2.3002753257751465,1.4476841688156128,0,R3,3.713204562664032,3.713204562664032
0.0,nan,nan,0.04006297513842583,00000_002035_05,7.0,0.04660416021943092,0.04516485705971718,0.9999671578407288,coef_energy_material_checkpoint_lambdas,1.0,2.3174400329589844,1.4575698375701904,3,R3,3.23341965675354,3.7735259234905243
0.0,nan,nan,0.032115593552589417,00000_002035_05,8.0,0.09710704535245895,0.08751025795936584,0.9999999403953552,coef_energy_material_checkpoint_lambdas,1.0,2.309230327606201,1.451221227645874,6,R3,2.8366346061229706,3.461066037416458
0.0,nan,nan,0.07697436213493347,00000_002035_05,6.0,0.1469583511352539,0.12518668174743652,0.9997843503952026,coef_energy_material_checkpoint_lambdas,0.0,2.2983899116516113,1.4473838806152344,9,R3,2.6389168202877045,2.6389168202877045
0.0,nan,nan,0.02154480665922165,00000_002035_05,4.0,0.3620358109474182,0.27077874541282654,0.99923175573349,coef_energy_material_checkpoint_lambdas,0.0,2.296900987625122,1.4381730556488037,12,R3,2.280449241399765,1.9384512901306152
0.0,nan,nan,0.7482796311378479,00000_002035_05,3.0,0.9202011823654175,0.7447242140769958,0.9978300929069519,coef_energy_material_checkpoint_lambdas,0.0,2.245222568511963,1.4312101602554321,15,R3,2.293231636285782,0.8727710843086243
0.0,nan,nan,1.7759923934936523,00000_002035_05,1.0,1.8428977727890015,0.49205973744392395,0.5462514758110046,coef_energy_material_checkpoint_lambdas,0.0,2.2112603187561035,1.4302330017089844,18,R3,2.2619687020778656,0.4534585475921631
0.0,nan,nan,3.9303841590881348,00000_002035_05,1.0,3.953388214111328,3.9303841590881348,0.5053001046180725,coef_energy_material_checkpoint_lambdas,0.0,2.1956429481506348,1.4323697090148926,21,R3,4.399412035942078,0.5712528228759766
0.0,nan,nan,3.409358501434326,00000_002035_05,1.0,3.5957438945770264,2.54672908782959,0.9976209998130798,coef_energy_material_checkpoint_lambdas,0.0,2.197697639465332,1.4879475831985474,36,R3,4.402274429798126,1.6607795357704163
0.0,nan,nan,0.4405308961868286,00000_002035_05,1.0,3.678964138031006,2.894205331802368,0.9615663290023804,coef_energy_material_checkpoint_lambdas,0.0,2.2108049392700195,1.500540852546692,39,R3,4.4019516706466675,0.5610130429267883
0.0,nan,nan,0.9913343191146851,00000_002035_05,2.0,1.4697338342666626,1.0850685834884644,0.9990336298942566,coef_energy_material_checkpoint_lambdas,0.0,2.2300667762756348,1.54276442527771,42,R3,4.400372207164764,4.400372207164764
0.0,nan,nan,4.10908842086792,00000_002035_05,3.0,4.279324531555176,3.7505528926849365,0.9969666004180908,coef_energy_material_checkpoint_lambdas,0.0,2.2419238090515137,1.5578374862670898,45,R3,4.401614189147949,0.584740400314331
0.0,nan,nan,1.411318302154541,00000_002035_05,4.0,1.4340136051177979,1.411318302154541,0.9863559603691101,coef_energy_material_checkpoint_lambdas,0.0,2.3007707595825195,1.5694270133972168,54,R3,4.400034487247467,1.6608174443244934
0.0,nan,nan,3.6135196685791016,00000_002035_05,1.0,3.802415609359741,3.392054796218872,0.9936910271644592,coef_energy_material_checkpoint_lambdas,0.0,2.3035218715667725,1.5755020380020142,57,R3,4.404724657535553,0.5655719637870789
0.0,nan,nan,3.3007352352142334,00000_002035_05,2.0,3.690044641494751,2.6088461875915527,0.9999874234199524,coef_energy_material_checkpoint_lambdas,0.0,2.3216488361358643,1.6082954406738281,60,R3,4.400826692581177,4.4017786383628845
0.0,nan,nan,-4.88939622300677e-06,00000_002035_05,5.0,0.00028455053688958287,0.00020463524560909718,0.21016299724578857,coef_energy_material_checkpoint_lambdas,0.0,2.3915674686431885,1.6090656518936157,63,R3,4.400000095367432,2.756689131259918
0.0,nan,nan,2.1059446334838867,00000_002035_05,6.0,2.354517698287964,1.6648954153060913,1.0,coef_energy_material_checkpoint_lambdas,0.0,2.4866156578063965,1.578505039215088,66,R3,4.400180339813232,0.5558789372444153
0.0,nan,nan,1.4920754432678223,00000_002035_05,8.0,1.673988938331604,0.7589136958122253,0.9979583024978638,coef_energy_material_checkpoint_lambdas,0.0,2.603086233139038,1.556632399559021,69,R3,4.400014638900757,4.400014638900757
0.0,nan,nan,-9.718437650008127e-05,00000_002035_05,12.0,0.0004916918114759028,0.00040953935240395367,0.0,coef_energy_material_checkpoint_lambdas,0.0,2.705719232559204,1.5328532457351685,72,R3,4.400000095367432,4.400000095367432
0.0,nan,nan,4.447762489318848,00000_002035_06,1.0,4.447957515716553,0.04162894934415817,0.997489333152771,coef_energy_material_checkpoint_lambdas,0.0,2.3041346073150635,1.4474250078201294,0,R3,3.713204562664032,3.713204562664032
0.0,nan,nan,0.0400753878057003,00000_002035_06,7.0,0.04661885276436806,0.045179206877946854,0.9999672770500183,coef_energy_material_checkpoint_lambdas,1.0,2.3155081272125244,1.4580386877059937,3,R3,3.23341965675354,3.7735259234905243
0.0,nan,nan,0.03214467316865921,00000_002035_06,8.0,0.09719491004943848,0.08758945018053055,0.9999998807907104,coef_energy_material_checkpoint_lambdas,1.0,2.3097424507141113,1.4525383710861206,6,R3,2.8366346061229706,3.461066037416458
0.0,nan,nan,0.07713023573160172,00000_002035_06,6.0,0.14723749458789825,0.1254185289144516,0.9997859001159668,coef_energy_material_checkpoint_lambdas,0.0,2.294219493865967,1.4503061771392822,9,R3,2.6389168202877045,2.6389168202877045
0.0,nan,nan,0.021531816571950912,00000_002035_06,4.0,0.36308789253234863,0.2715153694152832,0.999239981174469,coef_energy_material_checkpoint_lambdas,0.0,2.2913243770599365,1.4425134658813477,12,R3,2.280449241399765,1.9384512901306152
0.0,nan,nan,0.748082160949707,00000_002035_06,3.0,0.9199561476707458,0.7445241808891296,0.9978298544883728,coef_energy_material_checkpoint_lambdas,0.0,2.244737148284912,1.4297937154769897,15,R3,2.293231636285782,0.8727710843086243
0.0,nan,nan,1.7764861583709717,00000_002035_06,1.0,1.8436332941055298,0.49303188920021057,0.5458856821060181,coef_energy_material_checkpoint_lambdas,0.0,2.2127726078033447,1.427612543106079,18,R3,2.2619687020778656,0.4534585475921631
0.0,nan,nan,3.9062306880950928,00000_002035_06,1.0,3.929243803024292,3.9062306880950928,0.5056045055389404,coef_energy_material_checkpoint_lambdas,0.0,2.1817827224731445,1.4408838748931885,21,R3,4.399412035942078,0.5712528228759766
0.0,nan,nan,3.4102578163146973,00000_002035_06,1.0,3.5966923236846924,2.547400712966919,0.9976209998130798,coef_energy_material_checkpoint_lambdas,0.0,2.1982791423797607,1.4882887601852417,36,R3,4.402274429798126,1.6607795357704163
0.0,nan,nan,0.44145333766937256,00000_002035_06,1.0,3.68919038772583,2.90206241607666,0.9615436792373657,coef_energy_material_checkpoint_lambdas,0.0,2.2175910472869873,1.4922512769699097,39,R3,4.4019516706466675,0.5610130429267883
0.0,nan,nan,1.0038814544677734,00000_002035_06,2.0,1.4882694482803345,1.0987119674682617,0.9990317821502686,coef_energy_material_checkpoint_lambdas,0.0,2.260288715362549,1.524591326713562,42,R3,4.400372207164764,4.400372207164764
0.0,nan,nan,0.019798453897237778,00000_002035_06,3.0,0.22098897397518158,0.2201003134250641,0.9863367676734924,coef_energy_material_checkpoint_lambdas,0.0,2.3096320629119873,1.5358266830444336,45,R3,4.400142133235931,4.400142133235931
0.0,nan,nan,0.10146285593509674,00000_002035_06,2.0,0.1344456970691681,0.12427263706922531,0.9982336759567261,coef_energy_material_checkpoint_lambdas,0.0,2.3508479595184326,1.5624942779541016,48,R3,4.400024950504303,4.400102138519287
0.0,nan,nan,0.049213964492082596,00000_002035_06,7.0,0.11089450865983963,0.11089369654655457,0.9879091382026672,coef_energy_material_checkpoint_lambdas,0.0,2.3701224327087402,1.5778528451919556,51,R3,4.400053024291992,4.400533676147461
0.0,nan,nan,0.003195546567440033,00000_002035_06,8.0,0.0035820736084133387,0.003195546567440033,0.8823094367980957,coef_energy_material_checkpoint_lambdas,0.0,2.3432741165161133,1.6156758069992065,54,R3,4.400018751621246,4.4005206823349
0.0,nan,nan,0.0008037164225243032,00000_002035_06,8.0,0.0011354564921930432,0.001135455910116434,0.9808820486068726,coef_energy_material_checkpoint_lambdas,0.0,2.3516311645507812,1.6006896495819092,57,R3,4.400003373622894,4.403765499591827
0.0,nan,nan,0.48674649000167847,00000_002035_06,6.0,1.5732465982437134,1.4960556030273438,0.999519944190979,coef_energy_material_checkpoint_lambdas,0.0,2.44148588180542,1.5723118782043457,60,R3,4.400056540966034,2.759151339530945
0.0,nan,nan,0.30111008882522583,00000_002035_06,3.0,2.0589442253112793,1.6531572341918945,0.9969005584716797,coef_energy_material_checkpoint_lambdas,0.0,2.58723783493042,1.517604112625122,63,R3,4.400600254535675,1.679154396057129
0.0,nan,nan,0.042312923818826675,00000_002035_07,7.0,0.20041027665138245,0.10859721153974533,0.9999703168869019,coef_energy_material_checkpoint_lambdas,1.0,2.2952558994293213,1.4607681035995483,3,R3,2.957699716091156,3.448309987783432
0.0,nan,nan,0.029499944299459457,00000_002035_07,9.0,0.03568784147500992,0.028382251039147377,1.0,coef_energy_material_checkpoint_lambdas,1.0,2.3006792068481445,1.456736445426941,6,R3,2.467436283826828,2.795112520456314
0.0,nan,nan,0.2727142870426178,00000_002035_07,8.0,0.391670286655426,0.3476197421550751,1.0000001192092896,coef_energy_material_checkpoint_lambdas,0.0,2.289891242980957,1.456527590751648,9,R3,2.3079632222652435,2.048827648162842
0.0,nan,nan,0.08313212543725967,00000_002035_07,5.0,0.15218840539455414,0.12747690081596375,0.5530296564102173,coef_energy_material_checkpoint_lambdas,0.0,2.2967817783355713,1.4503400325775146,12,R3,2.1867430210113525,2.3767559230327606
0.0,nan,nan,2.555324077606201,00000_002035_07,2.0,3.6976823806762695,2.672671318054199,0.9276129603385925,coef_energy_material_checkpoint_lambdas,0.0,2.2729804515838623,1.4407075643539429,15,R3,2.6136631667613983,0.3261650502681732
0.0,nan,nan,0.8514145612716675,00000_002035_07,2.0,1.934948205947876,1.8306820392608643,0.9933880567550659,coef_energy_material_checkpoint_lambdas,0.0,2.241029977798462,1.4342570304870605,18,R3,2.4612317979335785,0.8569782674312592
0.0,nan,nan,1.7761553525924683,00000_002035_07,1.0,1.8433201313018799,0.49305304884910583,0.5458361506462097,coef_energy_material_checkpoint_lambdas,0.0,2.21248197555542,1.426938772201538,21,R3,2.2619687020778656,0.4534585475921631
0.0,nan,nan,3.921980857849121,00000_002035_07,1.0,3.944997549057007,3.921980857849121,0.5054246783256531,coef_energy_material_checkpoint_lambdas,0.0,2.1907975673675537,1.4364237785339355,24,R3,4.399412035942078,0.5712528228759766
0.0,nan,nan,3.4099087715148926,00000_002035_07,1.0,3.5963244438171387,2.5471408367156982,0.9976210594177246,coef_energy_material_checkpoint_lambdas,0.0,2.198045492172241,1.4883846044540405,39,R3,4.402274429798126,1.6607795357704163
0.0,nan,nan,0.4416736364364624,00000_002035_07,1.0,3.6918649673461914,2.904104232788086,0.9615362286567688,coef_energy_material_checkpoint_lambdas,0.0,2.2194108963012695,1.489207148551941,42,R3,4.4019516706466675,0.5610130429267883
0.0,nan,nan,1.0038814544677734,00000_002035_07,2.0,1.4882694482803345,1.0987119674682617,0.9990317821502686,coef_energy_material_checkpoint_lambdas,0.0,2.260288715362549,1.524591326713562,45,R3,4.400372207164764,4.400372207164764
0.0,nan,nan,0.019750051200389862,00000_002035_07,3.0,0.220447838306427,0.21956133842468262,0.9863367080688477,coef_energy_material_checkpoint_lambdas,0.0,2.303971290588379,1.5322380065917969,48,R3,4.400142133235931,4.400142133235931
0.0,nan,nan,0.10102839767932892,00000_002035_07,2.0,0.13387048244476318,0.12374114245176315,0.9982338547706604,coef_energy_material_checkpoint_lambdas,0.0,2.340630531311035,1.563530683517456,51,R3,4.400024950504303,4.400102138519287
0.0,nan,nan,0.04938991367816925,00000_002035_07,6.0,0.1103987991809845,0.0780780240893364,0.9999566078186035,coef_energy_material_checkpoint_lambdas,0.0,2.3704283237457275,1.5913796424865723,54,R3,4.400022029876709,2.215688467025757
0.0,nan,nan,3.520171880722046,00000_002035_07,2.0,3.9008193016052246,2.8080413341522217,0.9377257823944092,coef_energy_material_checkpoint_lambdas,0.0,2.412726402282715,1.6146447658538818,57,R3,4.401056587696075,0.5782914757728577
0.0,nan,nan,1.491602897644043,00000_002035_07,8.0,1.5690875053405762,0.48698702454566956,0.994843602180481,coef_energy_material_checkpoint_lambdas,0.0,2.4337332248687744,1.621822714805603,60,R3,4.400006651878357,4.400006651878357
0.0,nan,nan,5.100331236462807e-06,00000_002035_07,11.0,7.4984868660976645e-06,2.802888161568262e-07,0.0,coef_energy_material_checkpoint_lambdas,0.0,2.4837989807128906,1.6230069398880005,63,R3,4.400000095367432,4.400000095367432
0.0,nan,nan,7.275849202414975e-05,00000_002035_07,14.0,0.00019493387662805617,0.00017932572518475354,0.0,coef_energy_material_checkpoint_lambdas,0.0,2.524847984313965,1.6419631242752075,66,R3,4.400000095367432,4.400000095367432
0.0,nan,nan,0.04211045801639557,00000_002035_07,13.0,0.04211045801639557,0.029776638373732567,0.9999999403953552,coef_energy_material_checkpoint_lambdas,0.0,2.540658950805664,1.6475095748901367,69,R3,4.400000095367432,4.402041912078857
0.0,nan,nan,2.519329309463501,00000_002035_07,10.0,2.519329309463501,2.519329309463501,0.9999998807907104,coef_energy_material_checkpoint_lambdas,0.0,2.6619744300842285,1.610045313835144,72,R3,4.400024116039276,4.40065997838974
0.0,nan,nan,4.463334083557129,00000_002036_00,1.0,4.463634967803955,0.051826126873493195,0.9961585998535156,coef_energy_material_checkpoint_lambdas,0.0,2.3117799758911133,1.449818730354309,0,R3,3.723188668489456,3.723188668489456
0.0,nan,nan,0.009105720557272434,00000_002036_00,7.0,0.04998759552836418,0.04119390249252319,0.9999529719352722,coef_energy_material_checkpoint_lambdas,1.0,2.326749086380005,1.462170124053955,3,R3,3.285047173500061,3.7366364002227783
0.0,nan,nan,0.014076526276767254,00000_002036_00,8.0,0.028857557103037834,0.02776666358113289,0.9999897480010986,coef_energy_material_checkpoint_lambdas,1.0,2.314762830734253,1.463619351387024,6,R3,2.8184926509857178,3.3882029950618744
0.0,nan,nan,0.07420454919338226,00000_002036_00,7.0,0.14322280883789062,0.12250084429979324,0.9997757077217102,coef_energy_material_checkpoint_lambdas,0.0,2.3051745891571045,1.450360894203186,9,R3,2.5989919304847717,2.5989919304847717
0.0,nan,nan,0.02565593272447586,00000_002036_00,4.0,0.370184063911438,0.2792717516422272,0.9984133839607239,coef_energy_material_checkpoint_lambdas,0.0,2.288217306137085,1.4524023532867432,12,R3,2.2071908712387085,2.03802827000618
0.0,nan,nan,0.8435457348823547,00000_002036_00,3.0,0.9849376678466797,0.7491212487220764,0.8821365833282471,coef_energy_material_checkpoint_lambdas,0.0,2.2615396976470947,1.4251219034194946,15,R3,2.2388257682323456,0.9832485020160675
0.0,nan,nan,1.9259942770004272,00000_002036_00,1.0,2.040511131286621,0.6739670038223267,0.6586946845054626,coef_energy_material_checkpoint_lambdas,0.0,2.1862239837646484,1.4346498250961304,18,R3,2.370670199394226,0.4435047507286072
0.0,nan,nan,3.4594268798828125,00000_002036_00,1.0,3.4595184326171875,3.4594268798828125,-0.9643106460571289,coef_energy_material_checkpoint_lambdas,0.0,2.1854119300842285,1.434129238128662,21,R3,4.390422284603119,0.53437739610672
0.0,nan,nan,0.15397372841835022,00000_002036_00,2.0,0.18958908319473267,0.18709386885166168,0.9970781803131104,coef_energy_material_checkpoint_lambdas,0.0,2.1798439025878906,1.4844696521759033,36,R3,4.400613725185394,1.1152308583259583
0.0,nan,nan,2.8735735416412354,00000_002036_00,2.0,3.0586740970611572,3.0388307571411133,0.984818160533905,coef_energy_material_checkpoint_lambdas,0.0,2.237656354904175,1.5194123983383179,42,R3,4.402028262615204,0.5623400211334229
0.0,nan,nan,4.4258317947387695,00000_002036_00,2.0,4.448267936706543,4.4258317947387695,0.9764285683631897,coef_energy_material_checkpoint_lambdas,0.0,2.288130044937134,1.5344934463500977,45,R3,4.403399467468262,0.5681877732276917
0.0,nan,nan,3.1578776836395264,00000_002036_00,3.0,3.180441379547119,2.9936158657073975,0.9988979697227478,coef_energy_material_checkpoint_lambdas,0.0,2.329693078994751,1.5571445226669312,48,R3,4.400741875171661,0.5677192211151123
0.0,nan,nan,3.4460155963897705,00000_002036_00,4.0,4.843073844909668,4.842978477478027,0.9969428777694702,coef_energy_material_checkpoint_lambdas,0.0,2.3535079956054688,1.575052261352539,51,R3,4.402892768383026,0.5683948397636414
0.0,nan,nan,3.312498092651367,00000_002036_00,3.0,4.482260704040527,3.912153482437134,0.9991525411605835,coef_energy_material_checkpoint_lambdas,0.0,2.3639111518859863,1.5728585720062256,54,R3,4.401370882987976,4.402680695056915
0.0,nan,nan,0.36840975284576416,00000_002036_00,5.0,0.3691359758377075,0.27686965465545654,0.99675053358078,coef_energy_material_checkpoint_lambdas,0.0,2.351694345474243,1.5628700256347656,57,R3,4.400026023387909,3.312876343727112
0.0,nan,nan,0.004904565867036581,00000_002036_00,6.0,0.004986386280506849,0.0013887615641579032,0.9888524413108826,coef_energy_material_checkpoint_lambdas,0.0,2.3116796016693115,1.5697253942489624,60,R3,4.400115609169006,1.6628631353378296
0.0,nan,nan,3.338191270828247,00000_002036_00,3.0,3.7213473320007324,2.646799325942993,0.9908546209335327,coef_energy_material_checkpoint_lambdas,0.0,2.314638137817383,1.5553948879241943,63,R3,4.400947391986847,0.5865374803543091
0.0,nan,nan,3.3227293491363525,00000_002036_00,2.0,3.7171707153320312,3.717168092727661,0.999519407749176,coef_energy_material_checkpoint_lambdas,0.0,2.321366310119629,1.5892970561981201,66,R3,4.400841236114502,0.5577844977378845
0.0,nan,nan,3.724029779434204,00000_002036_00,3.0,3.7240564823150635,2.643263816833496,0.9950634241104126,coef_energy_material_checkpoint_lambdas,0.0,2.327768564224243,1.5937496423721313,69,R3,4.400843441486359,0.5789554119110107
0.0,nan,nan,0.17393261194229126,00000_002036_00,1.0,1.109606385231018,0.6456667184829712,0.9995914697647095,coef_energy_material_checkpoint_lambdas,0.0,2.3666367530822754,1.5674270391464233,72,R3,4.4047093987464905,1.1093649864196777
0.0,nan,nan,0.6728581190109253,00000_002036_01,7.0,1.486620545387268,0.46158140897750854,0.9960557222366333,coef_energy_material_checkpoint_lambdas,1.0,2.297775983810425,1.463402509689331,3,R3,2.9562582075595856,3.479978770017624
0.0,nan,nan,0.015350641682744026,00000_002036_01,10.0,0.051546208560466766,0.051536548882722855,0.9999999403953552,coef_energy_material_checkpoint_lambdas,1.0,2.3214163780212402,1.4589645862579346,6,R3,2.4766110479831696,2.8127576112747192
0.0,nan,nan,0.2716388404369354,00000_002036_01,8.0,0.3923504054546356,0.34722644090652466,1.0,coef_energy_material_checkpoint_lambdas,0.0,2.3061890602111816,1.4619697332382202,9,R3,2.2630461752414703,2.3694360554218292
0.0,nan,nan,0.05278797447681427,00000_002036_01,5.0,0.15763641893863678,0.14853507280349731,0.5265359878540039,coef_energy_material_checkpoint_lambdas,0.0,2.320446491241455,1.4460951089859009,12,R3,2.1937027275562286,2.353079915046692
0.0,nan,nan,-0.06072118133306503,00000_002036_01,4.0,0.07311418652534485,0.0407261922955513,0.9980807304382324,coef_energy_material_checkpoint_lambdas,0.0,2.290898323059082,1.4367613792419434,15,R3,2.1555349230766296,1.4955040514469147
0.0,nan,nan,0.14886474609375,00000_002036_01,3.0,0.22120510041713715,0.10814689844846725,0.9359020590782166,coef_energy_material_checkpoint_lambdas,0.0,2.2421014308929443,1.439382553100586,18,R3,2.2634647488594055,1.3308879137039185
0.0,nan,nan,1.9347271919250488,00000_002036_01,1.0,2.048919439315796,0.6744634509086609,0.6578070521354675,coef_energy_material_checkpoint_lambdas,0.0,2.1974971294403076,1.4304659366607666,21,R3,2.370670199394226,0.4435047507286072
0.0,nan,nan,3.472991704940796,00000_002036_01,1.0,3.4730823040008545,3.472991704940796,-0.9643240571022034,coef_energy_material_checkpoint_lambdas,0.0,2.1935739517211914,1.429687738418579,24,R3,4.390422284603119,0.53437739610672
0.0,nan,nan,0.15404552221298218,00000_002036_01,2.0,0.18968042731285095,0.1871846616268158,0.9970765113830566,coef_energy_material_checkpoint_lambdas,0.0,2.1815056800842285,1.4823890924453735,39,R3,4.400613725185394,1.1152308583259583
0.0,nan,nan,2.878267526626587,00000_002036_01,2.0,3.063746213912964,3.043893337249756,0.9848064184188843,coef_energy_material_checkpoint_lambdas,0.0,2.2422256469726562,1.5149767398834229,45,R3,4.402028262615204,0.5623400211334229
0.0,nan,nan,2.073932647705078,00000_002036_01,5.0,2.1564619541168213,2.073932647705078,0.9973154067993164,coef_energy_material_checkpoint_lambdas,0.0,2.2909247875213623,1.5385918617248535,48,R3,4.400167763233185,4.410281240940094
0.0,nan,nan,1.3661670684814453,00000_002036_01,5.0,1.438184380531311,1.4229154586791992,0.9965920448303223,coef_energy_material_checkpoint_lambdas,0.0,2.3229424953460693,1.5678083896636963,51,R3,4.400022506713867,4.407438218593597
0.0,nan,nan,3.430241823196411,00000_002036_01,4.0,4.820603370666504,4.8205060958862305,0.9969476461410522,coef_energy_material_checkpoint_lambdas,0.0,2.3406918048858643,1.5835793018341064,54,R3,4.402892768383026,0.5683948397636414
0.0,nan,nan,3.305736541748047,00000_002036_01,3.0,4.4730634689331055,3.9041004180908203,0.9991530776023865,coef_energy_material_checkpoint_lambdas,0.0,2.3583903312683105,1.5773074626922607,57,R3,4.401370882987976,4.402680695056915
0.0,nan,nan,-0.021391700953245163,00000_002036_01,4.0,0.0383559949696064,0.03183672949671745,0.9995540976524353,coef_energy_material_checkpoint_lambdas,0.0,2.3604421615600586,1.5622676610946655,60,R3,4.400116801261902,3.3124325275421143
0.0,nan,nan,0.010172237642109394,00000_002036_01,4.0,0.01024798583239317,0.0012437044642865658,0.999586820602417,coef_energy_material_checkpoint_lambdas,0.0,2.3273797035217285,1.5694206953048706,63,R3,4.400120317935944,1.6624321937561035
0.0,nan,nan,3.3367538452148438,00000_002036_01,3.0,3.7197396755218506,2.645663261413574,0.9908551573753357,coef_energy_material_checkpoint_lambdas,0.0,2.313589096069336,1.5554890632629395,66,R3,4.400947391986847,0.5865374803543091
0.0,nan,nan,3.323481559753418,00000_002036_01,2.0,3.718012571334839,3.7180099487304688,0.9995193481445312,coef_energy_material_checkpoint_lambdas,0.0,2.3218789100646973,1.5898897647857666,69,R3,4.400841236114502,0.5577844977378845
0.0,nan,nan,3.7236268520355225,00000_002036_01,3.0,3.723653554916382,2.6429812908172607,0.9950635433197021,coef_energy_material_checkpoint_lambdas,0.0,2.3274855613708496,1.5941399335861206,72,R3,4.400843441486359,0.5789554119110107
0.0,nan,nan,0.1740712821483612,00000_002036_01,1.0,1.110500693321228,0.6461858749389648,0.999591588973999,coef_energy_material_checkpoint_lambdas,0.0,2.3686649799346924,1.5673171281814575,75,R3,4.4047093987464905,1.1093649864196777
