absolute_improvement_error,actual_arc_length_cells,actual_clearance_safe,actual_controller_steps,actual_displacement_col,actual_displacement_row,actual_endpoint_col,actual_endpoint_row,actual_horizon_complete,actual_horizon_final_step,actual_path_min_clearance_m,clearance_agreement,clearance_threshold_m,decision_step,directional_cosine,endpoint_deviation_m,episode_id,event_step,executed_path_mean_risk,hard_contact_disagreement,horizon_crosses_opening,improvement_sign_agreement,mean_cross_track_deviation_m,nominal_primitive_risk,opening_step,phase,predicted_risk_improvement,primitive_horizon_cells,realized_risk_improvement,regime,selected_direction_col,selected_direction_row,selected_endpoint_col,selected_endpoint_row,selected_primitive_risk,selected_ray_min_clearance_m,source_gate_decision
0.0891103252958817,12.894932682341114,1,8,11.149410247802734,-6.392948150634766,70.35882568359375,36.99406433105469,1,48,2.5,1,1.0,41,0.7915380866265593,4.031963046298783,0,25,0.6325220520487986,0,0,0,2.03762369523132,0.604730578760306,35,post_opening,0.06131885200738907,12,-0.02779147328849263,R1,0.3826834370613369,-0.9238795305660376,63.80161666870117,32.30046081542969,0.5434117267529169,1.4142135381698608,1
0.11415613961975557,13.041610464748015,1,8,11.077507019042969,-6.819252014160156,71.70352935791016,35.997371673583984,1,49,2.5,1,1.0,42,0.5242270375070092,6.1145586809214985,0,25,0.5822437606529473,0,0,0,2.795473946465387,0.5554275860389074,35,post_opening,0.08733996500571573,12,-0.026816174614039845,R1,-1.8369701465288538e-16,-1.0,60.62602233886719,30.81662368774414,0.4680876210331917,1.4142135381698608,1
0.1407556291614463,13.156467770402031,1,8,10.990882873535156,-7.186923980712891,73.03434753417969,34.9854621887207,1,50,2.692582368850708,1,1.0,43,0.5472801680836503,5.999275104277288,0,25,0.545121290405044,0,0,0,2.776104185316298,0.5123092258969942,35,post_opening,0.10794356465339655,12,-0.03281206450804974,R1,-1.8369701465288538e-16,-1.0,62.04346466064453,30.172386169433594,0.4043656612435977,1.5811388492584229,1
0.17135421670884204,13.22435790102621,1,8,10.880931854248047,-7.4866943359375,74.33822631835938,33.97066879272461,1,51,3.640054941177368,1,1.0,44,0.5668400178276979,5.889919482345419,0,25,0.5363020411373209,0,0,0,2.752231597900391,0.49491877605517703,35,post_opening,0.12997095162669814,12,-0.041383265082143905,R1,-1.8369701465288538e-16,-1.0,63.45729446411133,29.45736312866211,0.3649478244284789,2.0,1
0.17708433446461674,13.232198275520293,1,8,10.740287780761719,-7.710872650146484,75.60368347167969,32.96413040161133,1,52,4.031128883361816,1,1.0,45,0.5832016329114442,5.782525292569868,0,25,0.535572583746659,0,0,0,2.723980373806424,0.470756101111571,35,post_opening,0.11226785182952881,12,-0.06481648263508794,R1,-1.8369701465288538e-16,-1.0,64.86339569091797,28.675003051757812,0.3584882492820422,3.0,1
0.20868070128256888,13.16811888897928,1,8,10.562026977539062,-7.852947235107422,76.82029724121094,31.97610855102539,1,53,5.0,1,1.0,46,0.5966603121716035,5.673501134860778,0,25,0.5356148228316984,0,0,0,2.6908153957790804,0.4562893360853195,35,post_opening,0.12935521453619003,12,-0.07932548674637885,R1,-1.8369701465288538e-16,-1.0,66.25827026367188,27.829055786132812,0.3269341215491295,3.5,1
0.2435454994490257,13.022689105834381,1,8,10.340721130371094,-7.908180236816406,77.97966766357422,31.015541076660156,1,54,5.522680282592773,1,1.0,47,0.25725674287388284,7.633711865400336,0,25,0.5368037566592804,0,0,0,3.2048219238828395,0.4695955713589986,35,post_opening,0.17633731414874393,12,-0.06720818530028178,R1,-0.3826834370613369,-0.9238795305660376,63.04674530029297,27.837167739868164,0.29325825721025467,2.0,1
0.2597771011694929,12.794310048912095,1,8,10.071792602539062,-7.883810043334961,79.07477569580078,30.090139389038086,1,55,6.082762718200684,1,1.0,48,0.6163828104002321,5.440221180887564,0,25,0.5401377377812724,0,0,0,2.604971567789714,0.49830978115399677,35,post_opening,0.21794914454221725,12,-0.04182795662727562,R1,-1.8369701465288538e-16,-1.0,69.00298309326172,25.973949432373047,0.2803606366117795,5.0,1
0.27006186551942374,11.121443066290954,1,7,8.715950012207031,-6.903924942016602,79.07477569580078,30.090139389038086,0,55,7.017834186553955,1,1.0,49,0.6209128911192938,5.048211703462233,0,25,0.5445883212694917,0,0,0,2.2526717185974126,0.5309136658906937,35,post_opening,0.25638721014062565,12,-0.013674655378798084,R1,-1.8369701465288538e-16,-1.0,70.35882568359375,24.994064331054688,0.274526455750068,5.5,1
0.24072645948374072,9.447637753485415,1,6,7.371246337890625,-5.907232284545898,79.07477569580078,30.090139389038086,0,55,7.5,1,1.0,50,0.6253555113502057,4.781660041459078,0,25,0.5478630659087876,0,0,0,1.9021301269531252,0.5323782463868459,35,post_opening,0.22524163996179902,12,-0.015484819521941695,R1,-1.8369701465288538e-16,-1.0,71.70352935791016,23.997371673583984,0.3071366064250469,6.5,1
0.2243585166400457,7.775801091653395,1,5,6.040428161621094,-4.895322799682617,79.07477569580078,30.090139389038086,0,55,7.905694007873535,1,1.0,51,0.6296217786601906,4.662703360080256,0,25,0.5487753999298597,0,0,0,1.5537427266438806,0.5412768721580505,35,post_opening,0.21685998886823654,12,-0.007498527771809149,R1,-1.8369701465288538e-16,-1.0,73.03434753417969,22.985462188720703,0.324416883289814,7.0,1
0.21035112009192353,6.123558518545201,1,4,4.736549377441406,-3.8805294036865234,79.07477569580078,30.090139389038086,0,55,8.732124328613281,1,1.0,52,0.6337434984677465,4.700018690636765,0,25,0.548612846093822,0,0,0,1.2125518798828128,0.5413402815659841,35,post_opening,0.20307855556408566,12,-0.007272564527837866,R1,-1.8369701465288538e-16,-1.0,74.33822631835938,21.97066879272461,0.33826172600189847,7.5,1
0.15192839607879283,4.506616546897961,1,3,3.4710922241210938,-2.873991012573242,79.07477569580078,30.090139389038086,0,55,9.124143600463867,1,1.0,53,0.6377472006784562,4.881918712631026,0,25,0.5481644991068518,0,0,0,0.8829612731933596,0.5433892458677292,35,post_opening,0.14715314283967018,12,-0.004775253239122645,R1,-1.8369701465288538e-16,-1.0,75.60368347167969,20.964130401611328,0.396236103028059,8.5,1
0.5237884668053243,12.166313466724095,0,9,12.151969909667969,-0.4165077209472656,60.12845230102539,45.65714645385742,1,41,0.0,0,1.0,33,0.9364460795825046,2.154735038191239,2,25,0.8592577040236249,1,1,0,1.014019626558355,0.508439709742864,35,pre_opening,0.1729704725245635,12,-0.3508179942807609,R3,0.9238795305660376,-0.3826834370613369,59.06303405761719,41.48145294189453,0.3354692372183005,1.0,1
0.5963880176680973,12.184606715177127,0,9,12.175525665283203,-0.2603187561035156,61.49070358276367,45.690093994140625,1,42,0.0,0,1.0,34,0.9318485300366951,2.23333057647182,2,25,0.9045849907236985,1,1,0,1.0556666994892356,0.48246602714061737,35,pre_opening,0.17426905408501625,12,-0.4221189635830811,R3,0.9238795305660376,-0.3826834370613369,60.4017333984375,41.358211517333984,0.3081969730556011,1.1180340051651,1
0.17297524719805113,12.316960950983141,1,9,12.29019546508789,0.6729354858398438,69.70454406738281,46.303184509277344,1,48,1.5,1,1.0,40,0.667390300491955,4.958587314899664,2,25,0.7903769128955462,0,0,1,2.244636627505909,0.8705132777492205,35,post_opening,0.2531116120517254,12,0.08013636485367426,R3,0.7071067811865475,-0.7071067811865475,65.89962768554688,37.14496612548828,0.6174016656974951,1.0,1
0.0932956771185659,12.354905215562441,1,9,12.316238403320312,0.8482322692871094,71.08460235595703,46.48493576049805,1,49,2.0,1,1.0,41,0.6568516412544263,5.044569492562365,2,25,0.7050488689174913,0,0,1,2.277172106377506,0.7451764283080896,35,post_opening,0.1334232365091642,12,0.04012755939059831,R3,0.7071067811865475,-0.7071067811865475,67.25364685058594,37.15142059326172,0.6117531917989254,1.5,1
0.041495787898698455,12.380678875938028,1,9,12.32723617553711,1.0306739807128906,72.4556884765625,46.68782043457031,1,50,2.5,1,1.0,42,0.645732858511966,5.131130406999565,2,25,0.6343614846964667,0,0,1,2.3101631758227663,0.6841880393524965,35,post_opening,0.09132234255472826,12,0.04982655465602981,R3,0.7071067811865475,-0.7071067811865475,68.61373138427734,37.17186737060547,0.5928656967977682,2.5,1
0.009480427544365955,12.279916619289745,1,9,12.167739868164062,1.5851058959960938,76.38337707519531,47.383296966552734,1,53,3.3541018962860107,1,1.0,45,0.9916212043550604,0.7969782564307003,2,25,0.501343359956095,0,0,1,0.3384889602661133,0.5758399143815041,35,post_opening,0.06501612688104308,12,0.07449655442540903,R3,1.0,0.0,76.21563720703125,45.79819107055664,0.510823787500461,3.1622776985168457,1
0.10677341336213297,12.697016140678214,1,9,12.474498748779297,1.8182334899902344,71.80120849609375,48.53289794921875,1,50,1.5,1,1.0,42,0.5977257795972982,5.524405960978744,3,29,0.8752396376351789,0,0,1,2.380930094696074,0.9090340236822764,39,post_opening,0.14056779940923048,12,0.0337943860470975,R3,0.7071067811865475,-0.7071067811865475,67.8119888305664,38.22938537597656,0.7684662242730459,1.0,1
0.084712350879244,12.845350698193702,1,9,12.504196166992188,2.4322357177734375,73.20738983154297,49.123111724853516,1,51,2.0,1,1.0,43,0.8291093642684928,3.6328706916312448,3,29,0.825498555614682,0,0,0,1.928708436645365,0.812452015777429,39,post_opening,0.07166581104199099,12,-0.013046539837253013,R3,0.7071067811865475,0.7071067811865475,69.1884765625,55.17615509033203,0.740786204735438,1.1180340051651,1
0.25428222655122146,12.973025266638624,1,8,11.005256652832031,6.770408630371094,82.80646514892578,55.303306579589844,1,58,4.924428939819336,1,1.0,51,0.5239819514300544,6.092296362784743,3,29,0.5462641322499977,0,0,0,2.780730777316623,0.5066558917363485,39,post_opening,0.21467398603757226,12,-0.039608240513649196,R3,6.123234262925839e-17,1.0,71.80120849609375,60.53289794921875,0.29198190569877625,3.5,1
0.24405124701893283,13.109183051006948,1,8,10.873336791992188,7.2459259033203125,84.08072662353516,56.36903762817383,1,59,5.7008771896362305,1,1.0,52,0.19387905226566537,7.967641944933497,3,29,0.5493558798515394,0,0,0,3.1924300589552352,0.5388329724470774,39,post_opening,0.23352833961447078,12,-0.010522907404462045,R3,-0.3826834370613369,0.9238795305660376,68.61518859863281,60.20966339111328,0.3053046328326066,2.2360680103302,1
0.22599229477240684,13.176386033809651,1,8,10.69024658203125,7.643501281738281,85.30297088623047,57.44208908081055,1,60,6.041522979736328,1,1.0,53,0.22605083881318006,7.832748674104782,3,29,0.5496721939483686,0,0,0,3.2116920182083084,0.5468845417102178,39,post_opening,0.22320464253425604,12,-0.002787652238150806,R3,-0.3826834370613369,0.9238795305660376,70.02052307128906,60.88513946533203,0.3236798991759618,3.041381359100342,1
0.18243790105338942,13.162604089467973,1,8,10.451431274414062,7.954891204833984,86.46446228027344,58.510009765625,1,61,6.5,1,1.0,54,0.2550378485075492,7.683068662017142,3,29,0.5499874657427872,0,0,0,3.2135951629161053,0.549862469236056,39,post_opening,0.18231290454665816,12,-0.0001249965067312564,R3,-0.3826834370613369,0.9238795305660376,71.42082977294922,61.64167022705078,0.3675495646893978,3.8078866004943848,1
0.11712443580230075,13.058719171319785,1,8,10.154106140136719,8.173931121826172,87.55816650390625,59.56167221069336,1,62,7.280109882354736,1,1.0,55,0.28123017307544607,7.515599806365741,3,29,0.550000011920929,0,0,0,3.1957620330273433,0.5499972701072693,39,post_opening,0.11712169398864108,12,-2.7418136596679688e-06,R3,-0.3826834370613369,0.9238795305660376,72.81185913085938,62.47429656982422,0.4328755761186282,4.7434163093566895,1
0.05349920290677457,12.198629422635435,1,10,12.198602676391602,0.0149688720703125,37.75119400024414,74.01519775390625,1,25,1.0,1,1.0,16,0.7079739369670319,4.624256092583075,4,26,0.4972912952102096,0,0,1,2.1112011151240777,0.5013923620184263,36,before_event,0.05760026971499127,12,0.004101066808216702,R3,0.7071067811865475,0.7071067811865475,34.037872314453125,82.48551177978516,0.443792092303435,2.8284270763397217,1
0.06267020471206597,12.359322251085759,1,10,12.359243392944336,0.0264739990234375,39.03972244262695,74.02678680419922,1,26,1.0,1,1.0,17,0.7086198068082467,4.651855347152331,4,26,0.5105239561926453,0,0,1,2.1451014652769502,0.5127493639787039,36,before_event,0.06489561249812448,12,0.0022254077860585086,R3,0.7071067811865475,0.7071067811865475,35.1657600402832,82.485595703125,0.4478537514805794,2.5,1
0.07422809521892487,12.50173860212159,1,10,12.501497268676758,0.04694366455078125,40.33966064453125,74.0473403930664,1,27,1.0,1,1.0,18,0.709756993930087,4.672674881965237,4,26,0.5217817571812751,0,0,1,2.173339118125166,0.5223661859830221,36,before_event,0.0748125240206719,12,0.0005844288017470278,R3,0.7071067811865475,0.7071067811865475,36.32344436645508,82.48567962646484,0.4475536619623502,2.2360680103302,1
0.07712669652080961,12.628943258386903,0,10,12.628414154052734,0.0742645263671875,41.64946746826172,74.07479858398438,1,28,0.5,0,1.0,19,0.7112527996674539,4.688037922787897,4,26,0.532925702446465,0,0,0,2.1966936830832897,0.5318081751465797,36,before_event,0.07600916922092438,12,-0.0011175272998852348,R3,0.7071067811865475,0.7071067811865475,37.50633239746094,82.4858169555664,0.45579900592565536,2.0615527629852295,1
0.07541517326067187,12.751581274843701,0,10,12.750734329223633,0.10298919677734375,42.975547790527344,74.10383605957031,1,29,0.5,0,1.0,20,0.7127949157703904,4.7025774814636545,4,26,0.5436505939446916,0,0,0,2.2164049824993715,0.5393117801709608,36,before_event,0.07107635948694108,12,-0.004338813773730799,R3,0.7071067811865475,0.7071067811865475,38.7100944519043,82.48612976074219,0.46823542068401974,2.0,1
0.06554065197867781,12.867610584525819,0,10,12.866310119628906,0.13719940185546875,44.311607360839844,74.13865661621094,1,30,0.5,0,1.0,21,0.714606359503948,4.7139128538521815,4,26,0.5516018946981691,0,0,0,2.233451926739989,0.5461603939533234,36,before_event,0.06009915123383208,12,-0.005441500744845729,R3,0.7071067811865475,0.7071067811865475,39.930580139160156,82.48674011230469,0.4860612427194913,2.0,1
0.05521766361144764,12.97375291284305,0,10,12.972110748291016,0.166656494140625,45.65078353881836,74.1689224243164,1,31,0.5,0,1.0,22,0.7161320910478268,4.725758388998116,4,26,0.5531010654225705,0,0,0,2.2488728302389287,0.5522489324212074,36,before_event,0.054365530610084534,12,-0.000852133001363109,R3,0.7071067811865475,0.7071067811865475,41.16395568847656,82.487548828125,0.4978834018111229,2.0,1
0.05078795565742911,13.070031485483687,0,10,13.068145751953125,0.191314697265625,46.999847412109375,74.194580078125,1,32,0.5,0,1.0,23,0.7173817929052937,4.737946296987744,4,26,0.5541059699016676,0,0,0,2.2603323591093933,0.5541007348469326,36,before_event,0.050782720602694065,12,-5.235054735042155e-06,R3,0.7071067811865475,0.7071067811865475,42.41698455810547,82.4885482788086,0.5033180142442385,1.8027756214141846,1
0.14125954634578985,12.486476862992848,1,9,12.485816955566406,-0.12705230712890625,69.00187683105469,74.12122344970703,1,48,1.5,1,1.0,40,0.714265130645008,4.633149343467128,4,26,0.8555316815935767,0,0,1,2.1836056980735754,0.8690776427586874,36,post_opening,0.1548055075109005,12,0.013545961165110643,R3,0.7071067811865475,-0.7071067811865475,65.0013427734375,65.76299285888672,0.7142721352477869,1.0,1
0.12606837784036107,12.500432638729968,1,9,12.499717712402344,-0.13301849365234375,70.39669799804688,74.10529327392578,1,49,2.0,1,1.0,41,0.7145911522096768,4.633465429858572,4,26,0.8082726678230773,0,0,1,2.184598880129365,0.8337064484755198,36,post_opening,0.15150215849280357,12,0.025433780652442506,R3,0.7071067811865475,-0.7071067811865475,66.38226318359375,65.7530288696289,0.6822042899827162,1.8027756214141846,1
0.13431820055251542,12.507673417985407,1,9,12.506919860839844,-0.136993408203125,71.78762817382812,74.0896987915039,1,50,2.8284270763397217,1,1.0,42,0.9280155500894656,2.3380714132041946,4,26,0.7637158995410326,0,0,1,1.1646882358640434,0.7999052107334137,36,post_opening,0.17050751174489653,12,0.03618931119238111,R3,0.9238795305660376,-0.3826834370613369,70.36726379394531,69.63449096679688,0.6293976989885172,2.5,1
0.12976833068537186,12.49640874043904,1,9,12.49563217163086,-0.13919830322265625,73.15962219238281,74.0745849609375,1,51,3.2015621662139893,1,1.0,43,0.928084947794759,2.3353127714731445,4,26,0.7196177046319591,0,0,1,1.1645069724298263,0.7331149925788244,36,post_opening,0.1432656186322372,12,0.013497287946865333,R3,0.9238795305660376,-0.3826834370613369,71.75054168701172,69.62158203125,0.5898493739465872,3.2015621662139893,1
0.17372569888597078,12.44705810186041,1,9,12.446273803710938,-0.139678955078125,74.49942779541016,74.06007385253906,1,52,3.535533905029297,1,1.0,44,0.9281157710985327,2.3277558157925005,4,26,0.6756453968561227,0,0,1,1.1628123718002805,0.6997814923524857,36,post_opening,0.19786179438233376,12,0.024136095496362975,R3,0.9238795305660376,-0.3826834370613369,73.13970947265625,69.60755157470703,0.5019196979701519,3.535533905029297,1
0.11804451049669373,12.352725809861036,1,9,12.351947784423828,-0.13858795166015625,75.79476165771484,74.04627227783203,1,53,4.242640495300293,1,1.0,45,0.714995464792374,4.599414184736725,4,26,0.6316030187040944,0,0,1,2.178053778012932,0.6664481610059738,36,post_opening,0.15288965279857314,12,0.034845142301879406,R3,0.7071067811865475,-0.7071067811865475,71.92809295654297,65.69957733154297,0.5135585082074007,3.535533905029297,1
0.1443686180003671,12.206707181960331,1,9,12.205947875976562,-0.13607025146484375,77.0351791381836,74.03327178955078,1,54,4.609772205352783,1,1.0,46,0.7149450882030058,4.570358292708949,4,26,0.5871858986902424,0,0,1,2.168570939402854,0.599811777472496,36,post_opening,0.15699449678262073,12,0.01262587878225363,R3,0.7071067811865475,-0.7071067811865475,73.31451416015625,65.6840591430664,0.4428172806898753,4.3011627197265625,1
0.13476094300757774,10.816532767855632,1,8,10.815864562988281,-0.12015533447265625,77.0351791381836,74.03327178955078,0,54,5.408327102661133,1,1.0,47,0.7149180403049455,4.341859338194053,4,26,0.5420227815231773,0,0,1,1.9236813703526314,0.5674295574426651,36,post_opening,0.16016771892706555,12,0.025406775919487812,R3,0.7071067811865475,-0.7071067811865475,74.70459747314453,65.66814422607422,0.40726183851559955,4.7169904708862305,1
0.1248742035917314,9.427820902445331,1,7,9.42724609375,-0.1040496826171875,77.0351791381836,74.03327178955078,0,54,5.830951690673828,1,1.0,48,0.7148676657139946,4.217000262983989,4,26,0.5372241988173994,0,0,1,1.6788849814282907,0.542332798242569,36,post_opening,0.12998280301690102,12,0.005108599425169613,R3,0.7071067811865475,-0.7071067811865475,76.09321594238281,65.65203857421875,0.41234999522566795,5.147815227508545,1
0.06773749871403628,8.033784164555435,1,6,8.033302307128906,-0.08795166015625,77.0351791381836,74.03327178955078,0,54,6.264982223510742,1,1.0,49,0.7148056166050505,4.2047431066502705,4,26,0.5454971679384575,0,0,1,1.4315836514275002,0.5473705182472864,36,post_opening,0.06961084902286524,12,0.0018733503088289583,R3,0.7071067811865475,-0.7071067811865475,77.4871597290039,65.63594055175781,0.4777596692244212,6.041522979736328,1
0.0657061296698555,12.488266422560972,0,11,10.294746398925781,-7.058479309082031,26.61356544494629,65.563720703125,1,16,0.0,0,1.0,6,0.8247578230160193,3.630771956509929,5,31,0.45946264843117246,1,0,0,1.5580641428629558,0.45865046232938766,41,before_event,0.06489394356807071,12,-0.0008121861017847953,R1,1.0,0.0,28.318819046020508,72.62220001220703,0.39375651876131695,1.8027756214141846,1
0.05160443168533746,13.182066622547108,0,11,10.783260345458984,-7.56842041015625,27.78094482421875,64.63804626464844,1,17,0.0,0,1.0,7,0.5363605689538649,6.082201606492019,5,31,0.453360777911076,1,0,1,2.511071987450204,0.45767350281987873,41,before_event,0.055917156594140205,12,0.004312724908802745,R1,0.9238795305660376,0.3826834370613369,28.084238052368164,76.79866790771484,0.4017563462257385,3.0,1
0.0614954090975563,12.31717333938884,0,10,10.047941207885742,-7.113067626953125,27.78094482421875,64.63804626464844,1,17,0.0,0,1.0,8,0.5329475875425139,5.8756283648627115,5,31,0.4563371868792018,1,0,1,2.3883084737910125,0.4684749096632004,41,before_event,0.0736331318815549,12,0.012137722783998606,R1,0.9238795305660376,0.3826834370613369,28.819557189941406,76.34331512451172,0.3948417777816455,2.5495097637176514,1
0.059912406778081406,12.886824371004016,0,10,10.41703987121582,-7.572269439697266,28.950260162353516,63.6707878112793,1,18,0.0,0,1.0,9,0.52229249264369,6.091440620707417,5,31,0.45763231404199617,1,0,1,2.5349523545043113,0.48205283284187317,41,before_event,0.0843329255779584,12,0.024420518799877,R1,0.9238795305660376,0.3826834370613369,29.619773864746094,75.83525848388672,0.39771990726391476,2.2360680103302,1
0.05742948578255869,13.392063753553781,0,10,10.71456527709961,-8.015045166015625,30.109146118164062,62.666831970214844,1,19,0.0,0,1.0,10,0.5105672902931319,6.306366565938872,5,31,0.46749336100079114,1,0,1,2.6724210119864167,0.5024197176098824,41,before_event,0.0923558423916499,12,0.034926356609091214,R1,0.9238795305660376,0.3826834370613369,30.48113441467285,75.27407836914062,0.41006387521823245,2.0,1
0.028971150862579786,12.302544740877892,0,9,9.807130813598633,-7.412040710449219,30.109146118164062,62.666831970214844,1,19,0.0,0,1.0,11,0.5063154434073263,6.036115208342603,5,31,0.4713475657973739,1,0,1,2.487481306815866,0.528568704922994,41,before_event,0.08619228998819989,12,0.0572211391256201,R1,0.9238795305660376,0.3826834370613369,31.388568878173828,74.67107391357422,0.4423764149347941,1.5,1
0.003928876641433432,12.692839187590051,0,9,9.99382209777832,-7.8038787841796875,31.246065139770508,61.62957763671875,1,20,0.0,0,1.0,12,0.4926480546846215,6.222074936000195,5,31,0.4780516259640048,1,0,1,2.6072315302511937,0.5499410033226013,41,before_event,0.06796050071716309,12,0.07188937735859652,R1,0.9238795305660376,0.3826834370613369,32.33879852294922,74.0256576538086,0.48198050260543823,1.1180340051651,1
0.05804712405458695,12.199443998892011,1,8,8.569015502929688,-8.667133331298828,37.5192756652832,55.00365447998047,1,26,1.0,1,1.0,19,0.38793638272373876,6.690874588708414,5,31,0.5285906253323516,0,0,0,2.8445453116659354,0.5273615072170893,41,before_event,0.05681800593932468,12,-0.0012291181152622732,R1,-0.3826834370613369,-0.9238795305660376,24.35805892944336,52.58423614501953,0.4705435012777646,1.0,1
0.0678922792742167,12.129080413813476,0,8,8.399063110351562,-8.741199493408203,38.508209228515625,53.92563247680664,1,27,0.5,0,1.0,20,0.40104507719946897,6.600637165168877,5,31,0.5352372040817652,0,0,0,2.814872448985992,0.5253326346476873,41,before_event,0.05798770984013879,12,-0.009904569434077914,R1,-0.3826834370613369,-0.9238795305660376,25.516944885253906,51.58027648925781,0.4673449248075485,1.5811388492584229,1
0.08265640650560507,12.027036620930694,0,8,8.240259170532227,-8.756607055664062,39.486324310302734,52.87297058105469,1,28,0.5,0,1.0,21,0.4105605625365761,6.521132947395755,5,31,0.536437268697918,0,0,0,2.7807327343133017,0.5222654367486635,41,before_event,0.06848457455635065,12,-0.014171831949254421,R1,-0.3826834370613369,-0.9238795305660376,26.65386390686035,50.54302215576172,0.4537808621923129,1.1180340051651,1
0.10606410917185932,12.739035725645039,0,9,8.977195739746094,-9.010658264160156,44.47836685180664,48.21770477294922,1,33,0.0,0,1.0,25,0.7084209751090847,4.730914482511531,5,31,0.5915119356566985,1,0,0,2.235435485839844,0.5400399565696716,41,before_event,0.05459213008483249,12,-0.05147197908702683,R1,-1.8369701465288538e-16,-1.0,35.50117111206055,45.228363037109375,0.48544782648483914,1.1180340051651,1
0.10261687711500883,12.542954600006084,0,9,9.029354095458984,-8.659664154052734,45.54622268676758,47.4483757019043,1,34,0.0,0,1.0,26,0.6921775208811146,4.813706444749777,5,31,0.5822869720620291,1,0,0,2.2298393249511723,0.5458905100822449,41,before_event,0.06622041513522464,12,-0.03639646197978419,R1,-1.8369701465288538e-16,-1.0,36.516868591308594,44.10803985595703,0.47967009494702023,1.0,1
0.37616491715393874,13.162561603916165,0,10,12.261550903320312,-4.703277587890625,58.911376953125,42.04176712036133,1,45,0.0,0,1.0,36,0.9996507980670032,0.590116979761304,5,31,0.5819019342490277,1,1,0,0.08673086596218224,0.5097119733691216,41,pre_opening,0.3039749562740326,12,-0.07218996087990615,R1,0.9238795305660376,-0.3826834370613369,57.73638153076172,42.1528434753418,0.20573701709508896,1.0,1
0.14217070258457093,12.219389378681567,1,8,11.136898040771484,-4.9681243896484375,68.75578308105469,37.50040817260742,1,52,1.4142135381698608,1,1.0,45,0.93383946193909,2.2023544352927282,5,31,0.5500461150387786,0,0,0,1.147222230920398,0.5188023162384828,41,post_opening,0.11092690378427511,12,-0.03124379880029582,R1,0.7071067811865475,-0.7071067811865475,66.10416412353516,33.983253479003906,0.4078754124542077,1.1180340051651,1
0.11090430857899619,12.99247795243787,1,8,11.43288803100586,-6.134265899658203,73.05465698242188,34.890140533447266,1,55,2.5495097637176514,1,1.0,48,0.4727905053504656,6.424907883881092,5,31,0.49462251729928286,0,0,0,2.8505543602837458,0.45227441812554997,41,post_opening,0.0685562094052633,12,-0.04234809917373289,R1,-1.8369701465288538e-16,-1.0,61.621768951416016,29.02440643310547,0.38371820872028667,1.5,1
0.09461731112969013,13.148311989128144,1,8,11.454105377197266,-6.429393768310547,74.47490692138672,34.00002670288086,1,56,3.041381359100342,1,1.0,49,0.48947795823072976,6.368441406271959,5,31,0.5224854935901572,0,0,0,2.865101284450955,0.5026967277129492,41,post_opening,0.07482854525248211,12,-0.019788765877208014,R1,-1.8369701465288538e-16,-1.0,63.02080154418945,28.429420471191406,0.42786818246046704,2.0,1
0.01331286245379204,12.980879085500307,0,17,12.698038101196289,2.5656204223632812,22.69803810119629,52.56562042236328,1,16,0.5,0,1.0,0,0.9801926225819013,1.329442114419547,6,30,0.4458501426995461,0,0,1,0.4049513075086806,0.5276415475777217,40,before_event,0.06847854242438361,12,0.08179140487817566,R1,1.0,0.0,22.0,50.0,0.45916300515333813,1.0,1
0.014359210773138953,12.851513663372296,0,16,12.569120407104492,2.5548667907714844,22.69803810119629,52.56562042236328,1,16,0.5,0,1.0,1,0.9799604783870044,1.3087438974422925,6,30,0.4448037943801992,0,0,1,0.42339515686035156,0.5392172187566757,40,before_event,0.08005421360333759,12,0.09441342437647654,R1,1.0,0.0,22.128917694091797,50.0107536315918,0.45916300515333813,1.0,1
0.016404427052473358,12.60595635493314,0,15,12.32441234588623,2.5344619750976562,22.69803810119629,52.56562042236328,1,16,0.5,0,1.0,2,0.9795028080801863,1.2775699838573213,6,30,0.4427585781008648,0,0,1,0.4396549463272095,0.5392172187566757,40,before_event,0.08005421360333759,12,0.09645864065581095,R1,1.0,0.0,22.373626708984375,50.031158447265625,0.45916300515333813,1.0,1
0.002640262628389123,12.257433916807786,0,14,11.977094650268555,2.5055084228515625,22.69803810119629,52.56562042236328,1,16,0.5,0,1.0,3,0.9788123382258809,1.252806560489931,6,30,0.43971456128834957,0,0,1,0.4544884999593099,0.5467013418674469,40,before_event,0.10962704320748645,12,0.10698678057909733,R1,1.0,0.0,22.720943450927734,50.06011199951172,0.43707429865996045,1.0,1
0.0039111338994998746,13.06046634060386,0,14,12.705836296081543,2.8902206420898438,23.87451171875,52.99750900268555,1,17,0.5,0,1.0,4,0.97509086860086,1.48758038296298,6,30,0.4331631647604606,0,0,1,0.5288135528564453,0.5467013418674469,40,before_event,0.10962704320748645,12,0.11353817710698633,R1,1.0,0.0,23.16867446899414,50.1072883605957,0.43707429865996045,1.0,1
0.014250160879032137,12.522540121115917,0,13,12.171639442443848,2.8269882202148438,23.87451171875,52.99750900268555,1,17,0.5,0,1.0,5,0.974072002726166,1.416096939483715,6,30,0.42815032762898636,0,0,1,0.5349697385515485,0.5456489721934,40,before_event,0.1317488054434458,12,0.11749864456441367,R1,1.0,0.0,23.70287322998047,50.1705207824707,0.4139001667499542,1.0,1
0.008303328731237292,13.194894446701174,0,13,12.754192352294922,3.228717803955078,25.074872970581055,53.487152099609375,1,18,0.5,0,1.0,6,0.9694198401815982,1.6578166938655077,6,30,0.4222034954811915,0,0,1,0.6094641004289899,0.5456489721934,40,before_event,0.1317488054434458,12,0.12344547671220851,R1,1.0,0.0,24.320680618286133,50.2584342956543,0.4139001667499542,1.0,1
0.025101145547925585,12.499108819155996,0,12,12.067054748535156,3.1193580627441406,25.074872970581055,53.487152099609375,1,18,0.5,0,1.0,7,0.9681747558454633,1.5600393474931964,6,30,0.4151012256168317,0,0,1,0.6016660837026743,0.5435790419578552,40,before_event,0.1535789618889491,12,0.1284778163410235,R1,1.0,0.0,25.0078182220459,50.367794036865234,0.39000008006890613,1.0,1
0.04755076955555765,13.072264656647704,0,12,12.533674240112305,3.539386749267578,26.29492950439453,54.03477096557617,1,19,0.5,0,1.0,8,0.9623644136553214,1.7896973735418482,6,30,0.41410970132349817,0,0,1,0.6789085681621845,0.5375070571899414,40,before_event,0.17094812542200089,12,0.12339735586644324,R1,1.0,0.0,25.761255264282227,50.495384216308594,0.3665589317679405,1.0,1
0.10550558892276962,12.901738268201903,1,9,11.373825073242188,6.05596923828125,35.24833679199219,59.0534782409668,1,26,1.1180340051651,1,1.0,18,0.6356340190726888,5.326022394860077,6,30,0.5044603082278081,0,0,0,2.3700699205178344,0.48582163204749423,40,before_event,0.08686691274245578,12,-0.01863867618031384,R1,0.9238795305660376,-0.3826834370613369,34.96106719970703,48.40530776977539,0.39895471930503845,1.0,1
0.021570296718533277,12.974622303212843,1,9,12.283554077148438,4.025489807128906,68.5182113647461,76.09253692626953,1,51,1.4142135381698608,1,1.0,43,0.8921500916937465,2.9290193906691715,6,30,0.5045621080856965,0,0,1,1.3444711153759112,0.7766830325126648,40,post_opening,0.25055062770843506,12,0.27212092442696834,R1,0.7071067811865475,0.7071067811865475,64.71994018554688,80.55233001708984,0.5261324048042297,1.0,1
0.14824530277941006,12.823111542423947,1,9,12.376701354980469,3.1605072021484375,71.2988052368164,76.45912170410156,1,53,2.5,1,1.0,45,0.800471113233197,3.929661704755524,6,30,0.5326480025479533,0,0,0,2.043815105219187,0.48635341972112656,40,post_opening,0.10195071995258331,12,-0.04629458282682675,R1,0.9238795305660376,-0.3826834370613369,70.00865936279297,68.70641326904297,0.38440269976854324,2.1213202476501465,1
0.10142161174004521,12.752420742199085,1,9,12.407394409179688,2.731842041015625,72.68690490722656,76.57866668701172,1,54,3.2015621662139893,1,1.0,46,0.8199803221416594,3.7210961205216755,6,30,0.5421610521613086,0,0,0,1.9457432472548049,0.5341765383879343,40,post_opening,0.09343709796667093,12,-0.00798451377337428,R1,0.9238795305660376,-0.3826834370613369,71.3660659790039,69.25462341308594,0.4407394404212634,2.5,1
0.11011706804900612,12.69965578444238,1,9,12.441055297851562,2.313323974609375,74.07901000976562,76.65914916992188,1,55,3.9051249027252197,1,1.0,47,0.5659251901274719,5.75017490316379,6,30,0.5498265451756045,0,0,0,2.699709705304513,0.5468924939632416,40,post_opening,0.10718301683664322,12,-0.002934051212362898,R1,0.7071067811865475,-0.7071067811865475,70.12323760986328,65.86054229736328,0.43970947712659836,3.2015621662139893,1
0.0914357365626291,12.363449441718473,0,10,11.887632369995117,3.3488922119140625,39.1408576965332,74.50353240966797,1,23,0.5,0,1.0,14,0.6188633974447211,5.317300733009312,7,24,0.5364931932546889,0,0,0,2.338689910655378,0.5136583149433136,34,before_event,0.06860085825125378,12,-0.022834878311375317,R1,0.3826834370613369,0.9238795305660376,31.845426559448242,82.24119567871094,0.4450574566920598,1.0,1
0.0950029425701811,12.508382498773573,0,10,12.0810546875,3.184051513671875,40.41519546508789,74.72882843017578,1,24,0.5,0,1.0,15,0.605501931574121,5.443631485903502,7,24,0.545019125727943,0,0,0,2.4045802454723746,0.5224136412143707,34,before_event,0.07239745805660885,12,-0.02260548451357225,R1,0.3826834370613369,0.9238795305660376,32.92634201049805,82.63133239746094,0.4500161831577619,1.1180340051651,1
0.08081250381420563,12.613941206520806,0,10,12.234661102294922,3.0005416870117188,41.69240951538086,74.92861938476562,1,25,0.5,0,1.0,16,0.591728633965082,5.563065969657165,7,24,0.5376099148586443,0,0,1,2.4609958366413878,0.5385843515396118,34,before_event,0.08178694049517315,12,0.0009744366809675276,R1,0.3826834370613369,0.9238795305660376,34.049949645996094,83.01463317871094,0.45679741104443866,1.1180340051651,1
0.02003851021448555,12.701874385477623,1,10,12.369972229003906,2.80206298828125,42.98212432861328,75.10526275634766,1,26,1.0,1,1.0,17,0.845851889135037,3.4420124832885377,7,24,0.5106193819157261,0,0,1,1.5994270452172485,0.5727984309196472,34,before_event,0.08221755921840668,12,0.06217904900392113,R1,0.7071067811865475,0.7071067811865475,39.097434997558594,80.78848266601562,0.49058087170124054,1.0,1
0.02619175082341496,12.783443362255369,1,10,12.498563766479492,2.585662841796875,44.28294372558594,75.25370788574219,1,27,1.0,1,1.0,18,0.83569507610122,3.56763070700014,7,24,0.47769284530584355,0,0,1,1.6585371573168073,0.557362750172615,34,before_event,0.05347815404335654,12,0.0796699048667715,R1,0.7071067811865475,0.7071067811865475,40.26966094970703,81.15332794189453,0.5038845961292585,1.0,1
0.11061704402574485,12.945624374110665,1,10,12.74765396118164,2.1244583129882812,46.91954803466797,75.47803497314453,1,29,1.0,1,1.0,20,0.8137267864415312,3.8284438418451954,7,24,0.40341841930738503,0,0,1,1.782993398569343,0.5640466511249542,34,before_event,0.05001118779182434,12,0.1606282318175692,R1,0.7071067811865475,0.7071067811865475,42.65717315673828,81.83885955810547,0.5140354633331299,1.4142135381698608,1
0.015581745003019842,13.218354856976745,0,10,13.149627685546875,1.1329345703125,52.29048538208008,75.63646697998047,1,33,0.5,0,1.0,24,0.9963090080963243,0.8070292057888974,7,24,0.2586653363264053,0,0,1,0.3753662109375,0.5244241803884506,34,pre_opening,0.25017709905902547,12,0.2657588440620453,R1,1.0,0.0,51.1408576965332,74.50353240966797,0.27424708132942516,1.0,1
0.055358986463610926,12.473912764080293,1,9,12.447288513183594,-0.8092422485351562,70.18376922607422,74.68157958984375,1,46,1.0,1,1.0,38,0.8971060002121723,2.785102604404394,7,24,0.8973831091388709,0,0,1,1.3653657868037112,0.9151379019021988,34,post_opening,0.07311377922693885,12,0.01775479276332792,R1,0.9238795305660376,0.3826834370613369,68.82303619384766,80.08302307128906,0.84202412267526,1.0,1
0.0877993785324398,12.493630740845669,1,9,12.465301513671875,-0.8384170532226562,71.5711898803711,74.58473205566406,1,47,1.5,1,1.0,39,0.6580599050048582,5.068824542262765,7,24,0.8529440545025173,0,0,1,2.3449708081563245,0.8823014199733734,34,post_opening,0.1171567440032959,12,0.0293573654708561,R1,0.7071067811865475,0.7071067811865475,67.59117126464844,83.90843200683594,0.7651446759700775,1.5,1
0.07019340791655926,12.48183453034885,1,9,12.45242691040039,-0.8553848266601562,72.94226837158203,74.49057006835938,1,48,2.5,1,1.0,40,0.6569858385385567,5.074109168711486,7,24,0.8088104704852238,0,0,1,2.350538777736881,0.8488694975773493,34,post_opening,0.11025243500868476,12,0.0400590270921255,R1,0.7071067811865475,0.7071067811865475,68.9751205444336,83.83123779296875,0.7386170625686646,2.0,1
0.04690301807975683,12.44369075222962,1,9,12.413810729980469,-0.8614883422851562,74.28360748291016,74.39987182617188,1,49,3.0,1,1.0,41,0.656456430349657,5.069404884804443,7,24,0.7651621440277091,0,0,1,2.353874515350385,0.7771074424187342,34,post_opening,0.058848316470781925,12,0.011945298391025094,R1,0.7071067811865475,0.7071067811865475,70.3550796508789,83.74664306640625,0.7182591259479523,3.0,1
0.4572634485555875,12.334785308938935,0,9,12.31863021850586,-0.5751075744628906,61.16225051879883,50.30464172363281,1,39,0.0,0,1.0,31,0.7393135097097528,4.395035977625127,8,24,0.8101325742595581,1,1,0,2.0426067544107815,0.5342674454053243,34,pre_opening,0.18139831970135373,12,-0.27586512885423375,R2,0.7071067811865475,-0.7071067811865475,57.32890319824219,42.39447021484375,0.3528691257039706,1.1180340051651,1
0.5151655123265477,12.371268165049287,0,9,12.359527587890625,-0.4792327880859375,62.55208969116211,50.2903938293457,1,40,0.0,0,1.0,32,0.7339728560705255,4.4470939599933255,8,24,0.8576745870840442,1,1,0,2.0684487742591875,0.5346779723962148,34,pre_opening,0.1921688976387183,12,-0.32299661468782936,R2,0.7071067811865475,-0.7071067811865475,58.67784118652344,42.28434753417969,0.34250907475749653,1.4142135381698608,1
0.591858660051299,12.410708949286017,0,9,12.402511596679688,-0.38645172119140625,63.94721984863281,50.28508377075195,1,41,0.0,0,1.0,33,0.7287859269447801,4.498213126304105,8,24,0.904245894272201,1,1,0,2.09424278041777,0.5258911003669103,34,pre_opening,0.2135038661460082,12,-0.3783547939052907,R2,0.7071067811865475,-0.7071067811865475,60.029991149902344,42.186256408691406,0.31238723422090214,1.8027756214141846,1
0.20551864734490977,12.54046755837286,1,9,12.539703369140625,0.037464141845703125,72.31084442138672,50.366024017333984,1,47,1.5,1,1.0,39,0.7049910530463498,4.718992012642876,8,24,0.7523648856202788,0,0,1,2.2121347312432054,0.8420076618591944,34,post_opening,0.29516142358382536,12,0.08964277623891559,R2,0.7071067811865475,-0.7071067811865475,68.25642395019531,41.84327697753906,0.546846238275369,1.0,1
0.16912474345719397,12.513196852145674,1,9,12.512622833251953,0.06787109375,73.67487335205078,50.37251281738281,1,48,2.5,1,1.0,40,0.7032609399067745,4.726942481308196,8,24,0.7061176050360558,0,0,1,2.221884747155364,0.8082088430722555,34,post_opening,0.27121598149339365,12,0.10209123803619968,R2,0.7071067811865475,-0.7071067811865475,69.64752960205078,41.819358825683594,0.5369928615788618,2.0,1
0.14225564606908025,12.450350481338933,1,9,12.449848175048828,0.08398818969726562,75.00193786621094,50.37438201904297,1,49,3.0,1,1.0,41,0.7023205716782963,4.720967847774163,8,24,0.6621092032186494,0,0,1,2.2273123171541602,0.7413939833641052,34,post_opening,0.22154042621453607,12,0.07928478014545581,R2,0.7071067811865475,-0.7071067811865475,71.03736877441406,41.80511474609375,0.5198535571495692,2.5,1
0.12975713254477295,12.333937034015419,1,9,12.333442687988281,0.08695602416992188,76.2806625366211,50.372039794921875,1,50,3.5,1,1.0,42,0.7021039271473776,4.698179128837831,8,24,0.6179204026010207,0,0,1,2.2242016774291837,0.7076215247313181,34,post_opening,0.2194582546750704,12,0.08970112213029746,R2,0.7071067811865475,-0.7071067811865475,72.43250274658203,41.7998046875,0.4881632700562477,3.5,1
0.10144084053380847,10.938166913274179,1,8,10.937675476074219,0.0841064453125,76.2806625366211,50.372039794921875,0,50,4.5,1,1.0,43,0.7016486627122643,4.456698976643198,8,24,0.5755495986058669,0,0,1,1.9768494886255956,0.6703385760386785,34,post_opening,0.19622981796662015,12,0.09478897743281167,R2,0.7071067811865475,-0.7071067811865475,73.8282699584961,41.802650451660156,0.4741087580720584,4.0,1
0.08524476020523025,9.546138625543634,1,7,9.545684814453125,0.07387161254882812,76.2806625366211,50.372039794921875,0,50,5.0,1,1.0,44,0.7016136538565371,4.312293846027662,8,24,0.5217562345563185,0,0,1,1.7281940967877318,0.5716793537139893,34,post_opening,0.13516787936290103,12,0.04992311915767078,R2,0.7071067811865475,-0.7071067811865475,75.22026062011719,41.812889099121094,0.4365114743510882,4.5,1
0.05385693885886156,8.151055715341922,1,6,8.150703430175781,0.057041168212890625,76.2806625366211,50.372039794921875,0,50,6.0,1,1.0,45,0.7021410331390245,4.274435012339115,8,24,0.4580708615780223,0,0,1,1.4759281088714926,0.527331069111824,34,post_opening,0.1231171463926633,12,0.06926020753380174,R2,0.7071067811865475,-0.7071067811865475,76.61524200439453,41.82971954345703,0.40421392271916073,5.5,1
0.054096805582887486,6.757218083885679,1,5,6.757049560546875,0.0344085693359375,76.2806625366211,50.372039794921875,0,50,6.5,1,1.0,46,0.7034968972598287,4.346605950803464,8,24,0.4714411124889518,0,0,1,1.221183244025121,0.5124697362383207,34,post_opening,0.09512542933225637,12,0.04102862374936889,R2,0.7071067811865475,-0.7071067811865475,78.00889587402344,41.85234832763672,0.41734430690606433,6.0,1
0.034115594929173154,5.35814450826944,1,4,5.3580780029296875,0.017513275146484375,76.2806625366211,50.372039794921875,0,50,7.0,1,1.0,47,0.7047917854159247,4.529814796033967,8,24,0.5105182501730468,0,0,1,0.9648353667452831,0.5314877157409986,34,post_opening,0.05508506049712503,12,0.020969465567951873,R2,0.7071067811865475,-0.7071067811865475,79.40786743164062,41.86924743652344,0.4764026552438736,7.0,1
0.07275450745467948,12.309237089291646,1,9,12.182548522949219,1.6169013977050781,66.64429473876953,61.072322845458984,1,45,1.5,1,1.0,37,0.9661975363188764,1.5853713963506038,9,22,0.49927944088225173,0,0,1,0.8738124845245622,0.74044111246864,32,post_opening,0.3139161790410677,12,0.24116167158638824,R2,0.9238795305660376,0.3826834370613369,65.54830169677734,64.04762268066406,0.42652493342757225,1.0,1
0.024018543272652126,12.774736286716536,0,16,11.385385513305664,5.778411865234375,25.385385513305664,51.778411865234375,1,15,0.5,0,1.0,0,0.9505651113058646,1.983542098769596,10,26,0.3298404318000496,0,0,1,0.7677137311732913,0.533155620098114,36,before_event,0.17929664502541226,12,0.2033151882980644,R1,0.7071067811865475,0.7071067811865475,22.485280990600586,54.48528289794922,0.35385897507270175,1.0,1
0.09141140650233659,12.61291872544373,1,9,12.432666778564453,1.7113151550292969,68.67445373535156,57.7685661315918,1,48,1.5,1,1.0,40,0.9674328503590824,1.589931640771296,10,26,0.7577621077052855,0,0,1,0.9423448016767086,0.8067257516086102,36,post_opening,0.14037505040566123,12,0.04896364390332464,R1,0.9238795305660376,0.3826834370613369,67.32833862304688,60.649452209472656,0.6663507012029489,1.0,1
0.05179385013977311,12.72824422938766,1,9,12.476219177246094,2.1711997985839844,70.08267211914062,58.2238883972168,1,49,2.0,1,1.0,41,0.8178701049623041,3.734809826855233,10,26,0.6702759679913484,0,0,1,1.9322633378711256,0.6923441390196482,36,post_opening,0.07386202116807294,12,0.022068171028299832,R1,0.7071067811865475,0.7071067811865475,66.09173583984375,64.53797149658203,0.6184821178515753,1.5,1
0.06696619994868175,4.176437692409488,1,3,3.8002243041992188,1.7309684753417969,78.04501342773438,61.53721618652344,0,55,10.5,1,1.0,53,0.7312209024807854,4.694522454355641,10,26,0.5160915320856306,0,0,0,0.7256380956893838,0.5058856457471848,36,post_opening,0.05676031361023587,12,-0.01020588633844588,R1,0.3826834370613369,0.9238795305660376,78.83699035644531,70.8927993774414,0.4491253321369489,10.0,1
0.07939049914863139,12.165719026394575,1,9,12.148975372314453,-0.6375389099121094,49.76267623901367,49.34899139404297,1,37,1.1180340051651,1,1.0,29,0.9426644514831062,2.0474429243871626,11,30,0.4538750928182049,0,0,0,1.0127434171312462,0.4534878780444463,40,before_event,0.0790032843748728,12,-0.0003872147737585818,R1,0.9238795305660376,-0.3826834370613369,48.70025634765625,45.39432907104492,0.3744845936695735,1.0,1
0.1555359535568649,12.200967744536463,1,9,12.184101104736328,-0.64093017578125,51.13145065307617,49.281803131103516,1,38,1.1180340051651,1,1.0,30,0.7432756227895936,4.336330992584532,11,30,0.47120018285052917,0,0,0,2.0326812727389023,0.46650029470523197,40,pre_opening,0.1508360654115677,12,-0.004699888145297204,R1,0.7071067811865475,-0.7071067811865475,47.43263244628906,41.43745422363281,0.3156642292936643,1.0,1
0.0772597411920124,12.229833356229491,1,9,12.213188171386719,-0.6370811462402344,52.501808166503906,49.21776580810547,1,39,1.1180340051651,1,1.0,31,0.9425601008582457,2.0562268916102573,11,30,0.4905382290134324,0,0,0,1.014634455260571,0.4807991459965706,40,pre_opening,0.06752065817515057,12,-0.009739083016861827,R1,0.9238795305660376,-0.3826834370613369,51.37517547607422,45.26264572143555,0.41327848782142,1.0,1
0.08156987957480166,12.6057872111107,1,9,12.55508804321289,-0.9471817016601562,69.21861267089844,48.09138870239258,1,51,1.5,1,1.0,43,0.7582975081495572,4.283288955491429,11,30,0.8606495502821864,0,0,1,2.10453645695824,0.8755153318246206,40,post_opening,0.0964356611172359,12,0.014865781542434231,R1,0.7071067811865475,-0.7071067811865475,65.1488037109375,40.55329132080078,0.7790796707073847,1.0,1
0.057789610257224955,12.627917104947747,1,9,12.543418884277344,-1.2042999267578125,70.60722351074219,47.77797317504883,1,52,2.0,1,1.0,44,0.7714489989324348,4.1677669428854065,11,30,0.8157142613634236,0,0,1,2.0777821770031855,0.8421865552663803,40,post_opening,0.08426190416018164,12,0.02647229390295669,R1,0.7071067811865475,-0.7071067811865475,66.54908752441406,40.49699401855469,0.7579246511061987,2.0,1
0.032983461788166024,12.674325755923498,1,9,12.537227630615234,-1.5432548522949219,72.0003433227539,47.388099670410156,1,53,3.0,1,1.0,45,0.7881982622850399,4.019016902604229,11,30,0.7705500222949867,0,0,1,2.0374219502594078,0.8088532239198685,40,post_opening,0.07128666341304779,12,0.038303201624881766,R1,0.7071067811865475,-0.7071067811865475,67.94839477539062,40.446075439453125,0.7375665605068207,2.5,1
0.04627861571191061,13.370086593707903,1,9,12.585479736328125,-4.230052947998047,79.0235824584961,44.29785919189453,1,58,6.5,1,1.0,50,0.6570831717782237,5.2655502064534625,11,30,0.5529396371730001,0,0,1,2.578639642664032,0.5640621682008108,40,post_opening,0.0574011467397213,12,0.01112253102781069,R1,0.3826834370613369,-0.9238795305660376,71.03030395507812,37.44136047363281,0.5066610214610895,6.0,1
0.0920105107426929,13.55623273244585,1,9,12.58172607421875,-4.818653106689453,80.4093246459961,43.52186584472656,1,59,7.0,1,1.0,51,0.35765501573324004,7.243472478872564,11,30,0.5501556200584061,0,0,0,3.143757629394531,0.5501245856285095,40,post_opening,0.0919794763127963,12,-3.1034429896603655e-05,R1,-1.8369701465288538e-16,-1.0,67.82759857177734,36.340518951416016,0.45814510931571323,4.609772205352783,1
0.09248609095811844,12.14308514463623,1,8,11.190711975097656,-4.569522857666016,80.4093246459961,43.52186584472656,1,59,8.0,1,1.0,52,0.378030689850351,6.716472754957432,11,30,0.550000011920929,0,0,1,2.7975569831000433,0.5500014026959738,40,post_opening,0.09248748173316323,12,1.390775044796122e-06,R1,-1.8369701465288538e-16,-1.0,69.21861267089844,36.09138870239258,0.4575139209628105,5.0,1
0.09250000367561978,12.300573954466316,1,8,11.161979675292969,-5.062572479248047,81.76920318603516,42.71540069580078,1,60,8.5,1,1.0,53,0.4130552994745481,6.571105136834669,11,30,0.550000011920929,0,0,0,2.800506591796875,0.5499999274810156,40,post_opening,0.09249991923570638,12,-8.443991339479595e-08,R1,-1.8369701465288538e-16,-1.0,70.60722351074219,35.77797317504883,0.4575000082453092,5.830951690673828,1
0.12333333740631741,12.412120744957859,1,8,11.090507507324219,-5.498054504394531,83.09085083007812,41.890045166015625,1,61,9.0,1,1.0,54,0.4441605997783351,6.427959474005711,11,30,0.550000011920929,0,0,0,2.7974815368652344,0.5499985565741857,40,post_opening,0.12333188205957418,12,-1.4553467432287803e-06,R1,-1.8369701465288538e-16,-1.0,72.0003433227539,35.388099670410156,0.42666667451461154,6.041522979736328,1
0.12332783763607341,12.45184180894615,1,8,10.96026611328125,-5.855144500732422,84.36399841308594,41.05632019042969,1,62,10.0,1,1.0,55,0.4711939380980309,6.282648374308805,11,30,0.550000011920929,0,0,0,2.782656775580512,0.5499985565741857,40,post_opening,0.12332638228933018,12,-1.4553467432287803e-06,R1,-1.8369701465288538e-16,-1.0,73.40373229980469,34.91146469116211,0.42667217428485554,6.5,1
0.14695024366180093,12.407872050096248,1,8,10.766304016113281,-6.126117706298828,85.57867431640625,40.22441482543945,1,63,10.5,1,1.0,56,0.4945524228892497,6.132205870802796,11,30,0.5500000119209288,0,0,1,2.7547234429253473,0.550000011920929,40,post_opening,0.14695024366180104,12,1.1102230246251565e-16,R1,-1.8369701465288538e-16,-1.0,74.81237030029297,34.35053253173828,0.4030497682591279,7.211102485656738,1
0.13054426014423381,12.27485284853324,1,8,10.505020141601562,-6.31549072265625,86.72671508789062,39.40354537963867,1,64,11.335783958435059,1,1.0,57,0.51524413248761,5.97220842527414,11,30,0.5500000119209291,0,0,0,2.711969163682726,0.550000011920929,40,post_opening,0.1305442601442337,12,-1.1102230246251565e-16,R1,-1.8369701465288538e-16,-1.0,76.22169494628906,33.71903610229492,0.41945575177669525,7.632168769836426,1
0.14683251952131587,12.051019428661533,1,8,10.174797058105469,-6.428615570068359,87.80145263671875,38.601993560791016,1,65,11.401754379272461,1,1.0,58,0.5341371924054371,5.800146973131724,11,30,0.550000011920929,0,0,0,2.652808719211155,0.550000011920929,40,post_opening,0.14683251952131587,12,0.0,R1,-1.8369701465288538e-16,-1.0,77.62665557861328,33.030609130859375,0.4031674923996131,8.276473045349121,1
0.15452819565931958,10.47357618695928,1,7,8.777870178222656,-5.695865631103516,87.80145263671875,38.601993560791016,0,65,11.800423622131348,1,1.0,59,0.5443331610298566,5.403543166451817,11,30,0.550000011920929,0,0,0,2.285946369171143,0.550000011920929,40,post_opening,0.15452819565931958,12,0.0,R1,-1.8369701465288538e-16,-1.0,79.0235824584961,32.29785919189453,0.3954718162616094,8.5440034866333,1
0.13336560875177395,8.885354827996293,1,6,7.392127990722656,-4.919872283935547,87.80145263671875,38.601993560791016,0,65,12.349088668823242,1,1.0,60,0.5540596987942336,5.117903982760165,11,30,0.5500000119209291,0,0,0,1.9196390424455918,0.550000011920929,40,post_opening,0.13336560875177383,12,-1.1102230246251565e-16,R1,-1.8369701465288538e-16,-1.0,80.4093246459961,31.521865844726562,0.4166344031691551,9.013877868652344,1
0.005918676846173254,12.571414129992236,0,16,11.908533096313477,3.9967193603515625,25.908533096313477,49.99671936035156,1,15,0.0,0,1.0,0,0.8953442752997629,2.8224925868068693,12,29,0.3479402982265285,1,0,1,1.0523153139465857,0.533155620098114,39,before_event,0.17929664502541226,12,0.18521532187158551,R2,0.7071067811865475,0.7071067811865475,22.485280990600586,54.48528289794922,0.35385897507270175,1.0,1
0.04253729022043928,12.548389864105385,1,9,12.533164978027344,-0.16552352905273438,71.1946792602539,51.57467269897461,1,49,1.0,1,1.0,41,0.9187453702941891,2.486394173678465,12,29,0.9023868971715171,0,0,1,1.3005402866205305,0.9151392032702764,39,post_opening,0.05528959631919861,12,0.012752306098759325,R2,0.9238795305660376,0.3826834370613369,69.7480697631836,56.3323974609375,0.8598496069510778,1.0,1
0.07296856704352073,12.564436456267233,1,9,12.541191101074219,0.07128143310546875,72.58797454833984,51.74052429199219,1,50,1.5,1,1.0,42,0.7111143377323821,4.670273332540865,12,29,0.8577838685412981,0,0,1,2.2699426743111717,0.882302721341451,39,post_opening,0.0974874198436737,12,0.02451885280015298,R2,0.7071067811865475,0.7071067811865475,68.53206634521484,60.15452575683594,0.7848153014977773,1.5,1
0.05112461903975796,12.58075667181027,1,9,12.544055938720703,0.3495597839355469,73.98648071289062,51.947715759277344,1,51,2.5,1,1.0,43,0.7265293833161319,4.545976189988192,12,29,0.8129532353012402,0,0,1,2.2343731618264515,0.8489751567443212,39,post_opening,0.08714654048283899,12,0.03602192144308103,R2,0.7071067811865475,0.7071067811865475,69.92770385742188,60.08343505859375,0.7618286162614822,2.0,1
0.029644643152502037,12.752073440015229,1,9,12.566650390625,2.020416259765625,80.974853515625,53.411983489990234,1,56,6.0,1,1.0,48,0.9873208175768982,1.0491871291529435,12,29,0.5007394578211041,0,0,1,0.40454883575439454,0.598705473045508,39,post_opening,0.06832137207190192,12,0.09796601522440396,R2,1.0,0.0,80.408203125,51.39156723022461,0.5303841009736061,5.5,1
0.016524100879067638,12.75464273162966,1,9,12.524200439453125,2.3130836486816406,82.32405853271484,53.76933288574219,1,57,6.5,1,1.0,49,0.9833692315223368,1.1858690975947999,12,29,0.4276594354005997,0,0,1,0.49109611511230467,0.5244911313056946,39,post_opening,0.11335579678416252,12,0.09683169590509488,R2,1.0,0.0,81.79985809326172,51.45624923706055,0.41113533452153206,6.5,1
0.010943937240506574,12.713884854366313,1,9,12.437065124511719,2.5648765563964844,83.63174438476562,54.139549255371094,1,58,7.5,1,1.0,50,0.8275447456785257,3.6416904996004478,12,29,0.3796633585676207,0,0,1,1.723185624372904,0.4842637578646342,39,post_opening,0.11554433653752011,12,0.10460039929701354,R2,0.9238795305660376,-0.3826834370613369,82.28123474121094,46.98247146606445,0.3687194213271141,7.0,1
0.17435326221399516,12.391549155021853,1,9,12.272308349609375,-1.6576652526855469,72.52859497070312,45.88426971435547,1,50,1.5,1,1.0,42,0.7953951127468063,3.903776133145428,13,28,0.8477273177883328,0,0,1,1.912461467176513,0.9075013051430384,38,post_opening,0.2341272495687008,12,0.05977398735470563,R1,0.7071067811865475,-0.7071067811865475,68.74156951904297,39.05665588378906,0.6733740555743376,1.0,1
0.1855071317125877,12.439128428872301,1,9,12.30023193359375,-1.8021507263183594,73.90646362304688,45.621543884277344,1,51,2.0,1,1.0,43,0.8021437267655217,3.8476629523587125,13,28,0.7932494872281473,0,0,1,1.8916986483358518,0.801193875571092,38,post_opening,0.19345152005553246,12,0.007944388342944753,R1,0.7071067811865475,-0.7071067811865475,70.09151458740234,38.93841552734375,0.6077423555155596,1.5,1
0.14754355120396578,12.481046794155562,1,9,12.322166442871094,-1.9461135864257812,75.28651428222656,45.35499954223633,1,52,2.5,1,1.0,44,0.8087597586458506,3.790856127980002,13,28,0.716814411607742,0,0,0,1.8654027912226805,0.7047421609361967,38,post_opening,0.1354713005324205,12,-0.01207225067154527,R1,0.7071067811865475,-0.7071067811865475,71.44963073730469,38.815834045410156,0.5692708604037762,2.5,1
0.120582309720912,12.516249830951729,1,9,12.338470458984375,-2.0774192810058594,76.66484832763672,45.08778762817383,1,53,3.5,1,1.0,45,0.8146949605995207,3.738574946214884,13,28,0.6408142309466982,0,0,0,1.8380355275028832,0.5968287413318952,38,post_opening,0.07659682010610902,12,-0.043985489614802975,R1,0.7071067811865475,-0.7071067811865475,72.81166076660156,38.67992401123047,0.5202319212257862,3.0,1
0.12416417887997006,12.544036566467295,1,9,12.349983215332031,-2.185047149658203,78.03753662109375,44.822845458984375,1,54,4.0,1,1.0,46,0.8194857257565563,3.695565956665273,13,28,0.5656716065227129,0,0,0,1.8143539888266247,0.5120895976821581,38,post_opening,0.0705821700394153,12,-0.05358200884055475,R1,0.7071067811865475,-0.7071067811865475,74.17283630371094,38.522613525390625,0.4415074276427428,3.5,1
0.05594264561663592,8.139544880235194,1,6,7.9782562255859375,-1.6116523742675781,84.64310455322266,43.47613525390625,0,59,9.5,1,1.0,54,0.8331180478377522,3.4461507577640575,13,28,0.3970797642541977,0,0,1,1.1479462468780557,0.46424158414204914,38,post_opening,0.12310446550448734,12,0.06716181988785141,R1,0.7071067811865475,-0.7071067811865475,85.15013122558594,36.602508544921875,0.3411371186375618,9.0,1
0.0492278913007152,6.741522167970194,1,5,6.605567932128906,-1.346710205078125,84.64310455322266,43.47613525390625,0,59,10.0,1,1.0,55,0.8341097691191082,3.6909534149096803,13,28,0.4235111926343016,0,0,1,0.9476232232063717,0.47189651678005856,38,post_opening,0.09761321544647217,12,0.04838532414575697,R1,0.7071067811865475,-0.7071067811865475,86.52281951904297,36.337562561035156,0.3742833013335864,10.0,1
0.021557917530486692,5.341052203138043,1,4,5.2315216064453125,-1.0759468078613281,84.64310455322266,43.47613525390625,0,59,11.0,1,1.0,56,0.8350567576865998,4.04614530476954,13,28,0.4525738597762085,0,0,1,0.7470784477045337,0.491673747698466,38,post_opening,0.060657805452744185,12,0.03909988792225749,R1,0.7071067811865475,-0.7071067811865475,87.89686584472656,36.066802978515625,0.4310159422457218,10.5,1
0.12994971936912042,12.124178746468735,0,9,11.591621398925781,3.4769058227539062,49.09535598754883,58.768714904785156,1,32,0.0,0,1.0,24,0.4741402824653511,6.179468455536101,15,25,0.5237667740977874,1,0,0,2.6945986749967727,0.4539888898531596,35,before_event,0.060171835124492645,12,-0.06977788424462777,R2,0.7071067811865475,-0.7071067811865475,45.989013671875,46.80652618408203,0.39381705472866696,1.4142135381698608,1
0.1664397330108221,13.161767609272633,0,8,10.370567321777344,8.09670639038086,60.08806610107422,63.142173767089844,1,39,0.0,0,1.0,32,0.26691118210702236,7.629279415430406,17,22,0.2922690723316932,1,0,1,3.1789441856464276,0.7698143720626831,32,post_opening,0.3111055667201678,12,0.4775452997309899,R2,-0.3826834370613369,0.9238795305660376,45.12529754638672,66.13201904296875,0.4587088053425153,1.0,1
0.2777010609706097,12.985211750738959,0,10,8.731361389160156,-9.230396270751953,74.89082336425781,41.90177536010742,1,62,0.0,0,1.0,53,0.7264721316642305,4.580048485692632,22,33,0.6726180585721983,1,0,0,2.4577945362437856,0.500347145579078,43,post_opening,0.10543014797748945,12,-0.17227091299312025,R3,-1.8369701465288538e-16,-1.0,66.15946197509766,39.132171630859375,0.39491699760158855,1.0,1
0.3578035452029581,12.936671010403009,0,10,8.044944763183594,-9.795963287353516,75.39824676513672,40.70059585571289,1,63,0.0,0,1.0,54,0.7727935522461671,4.170698804558076,22,33,0.6773510940930719,1,0,0,2.280819285999645,0.48691708147525786,43,post_opening,0.16736953258514403,12,-0.19043401261781406,R3,-1.8369701465288538e-16,-1.0,67.35330200195312,38.496559143066406,0.31954754889011383,1.5,1
0.3505142599391062,12.895423723641322,0,10,7.3723297119140625,-10.296710968017578,75.85899353027344,39.48814010620117,1,64,0.0,0,1.0,55,0.8130780099567169,3.7832670705239178,22,33,0.6857053545660892,1,0,0,2.100760719992898,0.5220472179353237,43,post_opening,0.18685612330834073,12,-0.16365813663076545,R3,-1.8369701465288538e-16,-1.0,68.48666381835938,37.78485107421875,0.335191094626983,2.0,1
0.39124608475365213,12.890374525087305,0,10,6.737983703613281,-10.758289337158203,76.2906723022461,38.242652893066406,1,65,0.0,0,1.0,56,0.5798618892594687,5.667469604076624,22,33,0.6934134233832158,1,0,0,2.7415047988535934,0.5478065212567648,43,post_opening,0.24563918262720114,12,-0.145606902126451,R3,-0.3826834370613369,-0.9238795305660376,64.96048736572266,37.914390563964844,0.30216733862956363,1.1180340051651,1
0.3863842730573887,12.899332144785534,0,10,6.154258728027344,-11.158576965332031,76.69989776611328,36.99076461791992,1,66,0.0,0,1.0,57,0.6241805751818276,5.373350661731916,22,33,0.7029876666617467,1,0,0,2.6289318791169616,0.5873748064041138,43,post_opening,0.27077141279975575,12,-0.11561286025763295,R3,-0.3826834370613369,-0.9238795305660376,65.95343780517578,37.06278991699219,0.316603393604358,1.0,1
0.180924808139443,12.77286951923654,0,10,9.439285278320312,-8.247020721435547,74.67729949951172,42.47172927856445,1,56,0.0,0,1.0,47,0.8960485133975338,2.8087889469396066,23,26,0.6946995731739597,1,0,0,1.687092442244495,0.6647146821022034,36,post_opening,0.15093991706768672,12,-0.02998489107175628,R1,0.3826834370613369,-0.9238795305660376,69.83021545410156,39.63219451904297,0.5137747650345167,1.0,1
0.22813757373442894,12.647482989660658,0,10,8.829658508300781,-8.748504638671875,75.25524139404297,41.455787658691406,1,57,0.0,0,1.0,48,0.7038347497441446,4.704654383106869,23,26,0.670573804413782,1,0,0,2.4501058405095884,0.618649442990621,36,post_opening,0.1762132123112679,12,-0.051924361423161036,R1,-1.8369701465288538e-16,-1.0,66.42558288574219,38.20429229736328,0.44243623067935306,1.0,1
0.3152396833710396,12.477523807908481,0,10,8.196273803710938,-9.154006958007812,75.77437591552734,40.455474853515625,1,58,0.0,0,1.0,49,0.7450048190993315,4.338161495969984,23,26,0.6748309998028004,1,0,0,2.2987913651899863,0.5757067799568176,36,post_opening,0.21611546352505684,12,-0.09912421984598274,R1,-1.8369701465288538e-16,-1.0,67.5781021118164,37.60948181152344,0.3595913164317608,2.0,1
0.30389277996323555,12.25605539032071,0,10,7.535255432128906,-9.460334777832031,76.2177734375,39.484256744384766,1,59,0.0,0,1.0,50,0.7821985124983866,3.9758638642475446,23,26,0.6838651173979248,1,0,0,2.1392957513982602,0.5505126714706421,36,post_opening,0.17054033403595287,12,-0.13335244592728268,R1,-1.8369701465288538e-16,-1.0,68.6825180053711,36.9445915222168,0.3799723374346892,1.5,1
0.3758650372300239,10.964685616354132,0,9,6.486900329589844,-8.706287384033203,76.2177734375,39.484256744384766,0,59,0.0,0,1.0,51,0.5122056354933655,5.6659546337184725,23,26,0.6989769873394263,1,0,0,2.5045033115986697,0.5618443489074707,36,post_opening,0.23873239879806835,12,-0.13713263843195556,R1,-0.3826834370613369,-0.9238795305660376,65.138671875,37.10398864746094,0.32311195010940236,1.0,1
0.3507445499504973,9.667189490975776,0,8,5.496177673339844,-7.8684539794921875,76.2177734375,39.484256744384766,0,59,0.0,0,1.0,52,0.5382618591351416,5.294609090330673,23,26,0.7139558389986922,1,0,0,2.1648147825758826,0.5835127234458923,36,post_opening,0.22030143439769745,12,-0.13044311555279986,R1,-0.3826834370613369,-0.9238795305660376,66.12939453125,36.26615905761719,0.3632112890481949,1.0,1
0.0010347324776624478,12.117100998936756,1,9,12.104911804199219,0.07339859008789062,48.691741943359375,53.821102142333984,1,36,1.0,1,1.0,28,0.9999816172616754,0.06401921525453395,24,27,0.4417268501551971,0,0,1,0.087127685546875,0.5147774914900461,37,pre_opening,0.07201590885718662,12,0.07305064133484906,R1,1.0,0.0,48.586830139160156,53.747703552246094,0.44276158263285953,1.0,1
0.06935215693464541,12.172180041810766,0,9,12.16265869140625,-0.11307525634765625,50.062255859375,53.74605941772461,1,37,0.0,0,1.0,29,0.9999567864470273,0.09905031989862759,24,27,0.4909303531224595,1,1,1,0.04644069671630859,0.5171334991852442,37,pre_opening,0.09555530299743015,12,0.026203146062784732,R1,1.0,0.0,49.89959716796875,53.859134674072266,0.42157819618781406,1.5,1
0.1701675362788148,12.21605318342258,0,9,12.207382202148438,-0.2556343078613281,51.43428421020508,53.68224334716797,1,38,0.0,0,1.0,30,0.9156650233885092,2.4878590454720118,24,27,0.5390156042975691,1,1,0,1.1780857838847634,0.5133270050088564,37,pre_opening,0.1444789369901021,12,-0.0256885992887127,R1,0.9238795305660376,0.3826834370613369,50.313453674316406,58.53007888793945,0.3688480680187543,2.0,1
0.25105460957108955,12.253638026436466,0,9,12.245231628417969,-0.34998321533203125,52.804176330566406,53.638526916503906,1,39,0.0,0,1.0,31,0.9125693293470996,2.5380956214818746,24,27,0.5855570743522944,1,1,0,1.2202177012650801,0.5009843384226164,37,pre_opening,0.16648187364141148,12,-0.08457273592967807,R1,0.9238795305660376,0.3826834370613369,51.64550018310547,58.580711364746094,0.3345024647812049,2.5,1
0.35879357441466464,12.285034118373659,0,9,12.276847839355469,-0.3779716491699219,54.17913818359375,53.635093688964844,1,40,0.0,0,1.0,32,0.9116657565487298,2.555357821139043,24,27,0.6314376360098661,1,1,0,1.2514594973737807,0.48582356919844943,37,pre_opening,0.21317950760324794,12,-0.1456140668114167,R1,0.9238795305660376,0.3826834370613369,52.98884582519531,58.60526657104492,0.2726440615952015,3.5,1
0.4357824802330109,12.322250438244033,0,9,12.3133544921875,-0.3342247009277344,55.56524658203125,53.67945861816406,1,41,0.0,0,1.0,33,0.913155925740892,2.5384398897524925,24,27,0.6772073574295613,1,1,0,1.2703498236827537,0.47437669585148495,37,pre_opening,0.23295181865493458,12,-0.20283066157807633,R1,0.9238795305660376,0.3826834370613369,54.33844757080078,58.60588455200195,0.24142487719655037,4.0,1
0.6171075847795575,12.415338921004462,0,9,12.391910552978516,0.012332916259765625,58.35564422607422,53.964256286621094,1,43,0.0,0,1.0,35,0.7078101710940277,4.665098771435754,24,27,0.7992199147294928,1,1,0,2.2424076324168225,0.4519331604242325,37,pre_opening,0.26982083047429717,12,-0.34728675430526035,R1,0.7071067811865475,0.7071067811865475,54.449012756347656,62.43720245361328,0.1821123299499353,5.0,1
0.6939282184522575,12.46572776837086,0,9,12.421825408935547,0.3171653747558594,59.74973678588867,54.21119689941406,1,44,0.0,0,1.0,36,0.7249250148535747,4.533609171943595,24,27,0.8748666510662662,1,1,0,2.2178722323072115,0.45876725514729816,37,pre_opening,0.27782882253328955,12,-0.416099395918968,R1,0.7071067811865475,0.7071067811865475,55.813194274902344,62.379310607910156,0.18093843261400858,5.408327102661133,1
0.24523704011789949,12.984305712725558,1,9,12.62249755859375,2.481536865234375,65.42667388916016,56.12006378173828,1,48,1.0,1,1.0,40,0.8302292600148535,3.645597055819227,24,27,0.8298077075138885,0,0,1,1.9460231712331317,0.8663386106491089,37,post_opening,0.2817679432531198,12,0.03653090313522034,R1,0.7071067811865475,0.7071067811865475,61.289459228515625,62.123809814453125,0.5845706673959891,1.0,1
0.2388155345023446,13.188911453708865,1,9,12.666305541992188,3.179332733154297,66.84544372558594,56.81442642211914,1,49,2.0,1,1.0,41,0.596092310380054,5.650560414182518,24,27,0.7832310953637732,0,0,1,2.7029575844606275,0.7997287809848785,37,post_opening,0.2553132201234499,12,0.016497685621105318,R1,0.3826834370613369,0.9238795305660376,58.771339416503906,64.72164916992188,0.5444155608614286,1.5,1
0.23255164624147662,13.4099810250391,1,9,12.689826965332031,3.9084320068359375,68.25507354736328,57.587890625,1,50,2.5,1,1.0,42,0.6376752925558785,5.410568341498636,24,27,0.7379887012232647,0,0,1,2.6457377899585484,0.7554890165726343,37,post_opening,0.2500519615908463,12,0.01750031534936969,R1,0.3826834370613369,0.9238795305660376,60.157447814941406,64.7660140991211,0.505437054981788,2.0,1
0.23021633381116252,12.011573697947552,1,8,11.295631408691406,3.7999801635742188,68.25507354736328,57.587890625,1,50,3.0,1,1.0,43,0.318852294013421,6.97910478211196,24,27,0.7133059956577208,0,0,1,2.816592534383138,0.7224535296360651,37,post_opening,0.23936386778950686,12,0.009147533978344335,R1,6.123234262925839e-17,1.0,56.959442138671875,65.78791046142578,0.48308966184655827,2.5,1
0.2649749850874146,12.238405153291001,1,8,11.296417236328125,4.4714508056640625,69.65206146240234,58.435707092285156,1,51,4.0,1,1.0,44,0.6958513997296321,4.709196377450416,24,27,0.6642830084408323,0,0,1,2.2578631643679947,0.6789409269889196,37,post_opening,0.2796329036355019,12,0.01465791854808729,R1,0.3826834370613369,0.9238795305660376,62.947845458984375,65.05081176757812,0.3993080233534177,3.5,1
0.21396419231577118,12.480723917950254,1,8,11.283702850341797,5.141643524169922,71.03343963623047,59.352840423583984,1,52,4.5,1,1.0,45,0.4146507637848815,6.602253470679007,24,27,0.6166890258539061,0,0,1,2.8309126959906683,0.6369931250810623,37,post_opening,0.23426829154292744,12,0.020304099227156258,R1,6.123234262925839e-17,1.0,59.74973678588867,66.21119689941406,0.4027248335381349,4.0,1
0.20710616123421677,12.709906601077424,1,8,11.237159729003906,5.781864166259766,72.39665985107422,60.3339729309082,1,53,4.609772205352783,1,1.0,46,0.4575203115119877,6.421428424073406,24,27,0.5701995001409818,0,0,1,2.828637864854601,0.5873251656691233,37,post_opening,0.2242318267623583,12,0.017125665528141543,R1,6.123234262925839e-17,1.0,61.15950012207031,66.55210876464844,0.363093338906765,4.5,1
0.191811772086048,12.92367191307445,1,8,11.160285949707031,6.387889862060547,73.7393569946289,61.37343215942383,1,54,3.535533905029297,1,1.0,47,0.4967592589814774,6.245953943946252,24,27,0.5428067042408624,0,0,1,2.8177333407931857,0.5540864616632462,37,post_opening,0.20309152950843173,12,0.01127975742238374,R1,6.123234262925839e-17,1.0,62.579071044921875,66.98554229736328,0.3509949321548144,5.5,1
0.21393201030643522,13.10539655609358,1,8,11.046363830566406,6.9459686279296875,75.04942321777344,62.45515823364258,1,55,3.0,1,1.0,48,0.167831075624785,8.088713512387129,24,27,0.5448807120556806,0,0,0,3.189299487171743,0.5448253254095713,37,post_opening,0.21387662366032595,12,-5.53866461092678e-05,R1,-0.3826834370613369,0.9238795305660376,59.410858154296875,66.59574127197266,0.33094870174924534,4.27200174331665,1
0.2165035475367318,13.239027591219626,1,8,10.888877868652344,7.443538665771484,76.3155517578125,63.563602447509766,1,56,2.692582368850708,1,1.0,49,0.205455398588812,7.951971165449479,24,27,0.549434996552667,0,0,0,3.2179868492650154,0.5487790753444036,37,post_opening,0.21584762632846838,12,-0.0006559212082634103,R1,-0.3826834370613369,0.9238795305660376,60.83447265625,67.20661926269531,0.33293144901593524,4.924428939819336,1
0.14383134893406263,13.310606802161827,1,8,10.682601928710938,7.869960784912109,77.52804565429688,64.68438720703125,1,57,2.1213202476501465,1,1.0,50,0.2398786777841146,7.804903403057572,24,27,0.5499702061397714,0,0,0,3.232942013701656,0.5498719761768976,37,post_opening,0.14373311897118884,12,-9.822996287378594e-05,R1,-0.3826834370613369,0.9238795305660376,62.25324249267578,67.9009780883789,0.4061388572057088,5.7008771896362305,1
0.06375199056933639,13.308211098639857,1,8,10.423446655273438,8.216323852539062,78.67852020263672,65.80421447753906,1,58,2.1213202476501465,1,1.0,51,0.2713915310804969,7.643754167663349,24,27,0.5500030219283731,0,0,0,3.23225864890775,0.5499977270762125,37,post_opening,0.06374669571717578,12,-5.294852160608876e-06,R1,-0.3826834370613369,0.9238795305660376,63.662872314453125,68.67444610595703,0.48625103135903675,6.5,1
0.2944304795761901,12.148529887819137,0,9,12.147708892822266,0.00174713134765625,58.122379302978516,46.493186950683594,1,38,0.0,0,1.0,30,0.7070050749913854,4.621770301683889,25,25,0.6777494762539862,1,1,0,2.1562314211181866,0.45528634389241535,35,pre_opening,0.07196734721461928,12,-0.22246313236157084,R3,0.7071067811865475,-0.7071067811865475,54.45995330810547,38.00615692138672,0.38331899667779606,1.8027756214141846,1
0.3704950879302779,12.16710649180062,0,9,12.166339874267578,-0.049762725830078125,59.479000091552734,46.46876525878906,1,39,0.0,0,1.0,31,0.7099930481977373,4.601850624456265,25,25,0.7368780431933363,1,1,0,2.1502519634262485,0.4653388485312462,35,pre_opening,0.09895589326818782,12,-0.2715391946620901,R3,0.7071067811865475,-0.7071067811865475,55.797943115234375,38.03324890136719,0.36638295526305836,2.5,1
0.4248260640661688,12.194073731503416,0,9,12.193206787109375,-0.09416580200195312,60.84561538696289,46.44339370727539,1,40,0.0,0,1.0,32,0.7125463830560055,4.586926366722379,25,25,0.791351961201506,1,1,0,2.1456565408044512,0.47405578444401425,35,pre_opening,0.10752988730867707,12,-0.3172961767574917,R3,0.7071067811865475,-0.7071067811865475,57.13768768310547,38.052276611328125,0.3665258971353372,2.915475845336914,1
0.4743225564905975,12.217293242678466,0,9,12.21636962890625,-0.12270355224609375,62.217254638671875,46.426361083984375,1,41,0.0,0,1.0,33,0.7141730728471393,4.578584429359803,25,25,0.8449140703031395,1,1,0,2.1404887302623967,0.4740004539489746,35,pre_opening,0.10340894013643265,12,-0.37091361635416487,R3,0.7071067811865475,-0.7071067811865475,58.486167907714844,38.06378173828125,0.37059151381254196,3.640054941177368,1
0.5335352289271535,12.236234186531961,0,9,12.235286712646484,-0.13653564453125,63.588924407958984,46.41706848144531,1,42,0.0,0,1.0,34,0.714952991855332,4.5761367252218905,25,25,0.8959536644411268,1,1,0,2.136356450929516,0.4702329933643341,35,pre_opening,0.10781455785036087,12,-0.4257206710767927,R3,0.7071067811865475,-0.7071067811865475,59.83892059326172,38.068321228027344,0.36241843551397324,4.0,1
0.15927937139291937,12.368867200147516,1,9,12.366703033447266,-0.16123580932617188,70.48908233642578,46.33195114135742,1,47,1.0,1,1.0,39,0.7162650918688508,4.59225466995145,25,25,0.8946950213036873,0,0,1,2.1552840948335765,0.9087398201227188,35,post_opening,0.1733241702119509,12,0.014044798819031534,R3,0.7071067811865475,-0.7071067811865475,66.60765838623047,38.007904052734375,0.7354156499107679,1.0,1
0.16035925203765167,12.392718956628524,0,9,12.38705825805664,-0.23804855346679688,71.86605834960938,46.230716705322266,1,48,0.5,0,1.0,40,0.7205625763523932,4.561818580943075,25,25,0.8536808426599178,0,0,1,2.160913295355649,0.8728727102279663,35,post_opening,0.17955111960570014,12,0.01919186756804847,R3,0.7071067811865475,-0.7071067811865475,67.96427917480469,37.983482360839844,0.6933215906222662,1.5,1
0.18877747005686996,12.391146186209456,0,9,12.378772735595703,-0.35024261474609375,73.2243881225586,46.0931510925293,1,49,0.0,0,1.0,41,0.7268226575015838,4.509382196176139,25,25,0.8178493414964858,1,0,1,2.1594049102236625,0.8284535678950223,35,post_opening,0.1993816964554065,12,0.010604226398536531,R3,0.7071067811865475,-0.7071067811865475,69.33089447021484,37.95811462402344,0.6290718714396158,1.4142135381698608,1
0.033361366302114503,12.357789735302005,0,9,12.334732055664062,-0.5028152465820312,74.55198669433594,45.923545837402344,1,50,0.0,0,1.0,42,0.9075260403929044,2.6228390003936735,25,25,0.7775980739894924,1,0,1,1.2399131393805443,0.8162989258766175,35,post_opening,0.07206221818923952,12,0.03870085188712502,R3,0.9238795305660376,0.3826834370613369,73.3038101196289,51.01856231689453,0.7442367076873779,2.1213202476501465,1
0.02520663128325562,12.290557852857475,0,9,12.252368927001953,-0.6918373107910156,75.84129333496094,45.7252311706543,1,51,0.0,0,1.0,43,0.6661185066567095,4.96010335619513,25,25,0.7336402196291012,1,0,1,2.2494889773162283,0.782873660326004,35,post_opening,0.07444007198015845,12,0.04923344069690283,R3,0.7071067811865475,0.7071067811865475,72.07420349121094,54.90235137939453,0.7084335883458456,3.2015621662139893,1
0.029868872888328624,12.162999574990257,0,9,12.106208801269531,-0.90460205078125,77.07357025146484,45.51029968261719,1,52,0.0,0,1.0,44,0.8927956495200678,2.7952879651846665,25,25,0.6865390657657802,1,0,1,1.301386910265124,0.7590006504740033,35,post_opening,0.1023304575965518,12,0.07246158470822317,R3,0.9238795305660376,0.3826834370613369,76.05391693115234,51.007102966308594,0.6566701928774515,1.5811388492584229,1
0.007528629033156542,11.966707189990217,0,9,11.888328552246094,-1.134033203125,78.23607635498047,45.28519058227539,1,53,0.0,0,1.0,45,0.8833652594598141,2.8910465611210396,25,25,0.63488653414288,1,0,1,1.3453296626775895,0.7648950457572937,35,post_opening,0.13753714064757028,12,0.13000851161441374,R3,0.9238795305660376,0.3826834370613369,77.4343032836914,51.01142501831055,0.6273579051097234,1.4142135381698608,1
0.018878003604607674,10.588876561002404,0,8,10.510498046875,-1.1334495544433594,78.23607635498047,45.28519058227539,0,53,0.0,0,1.0,46,0.8775232507605516,2.8772781889349486,25,25,0.5952646490408946,1,0,1,1.2309046690317436,0.645132303237915,35,post_opening,0.06874565780162811,12,0.04986765419702044,R3,0.9238795305660376,0.3826834370613369,78.8121337890625,51.010841369628906,0.5763866454362869,1.1180340051651,1
0.19264961307437778,12.07951110342467,1,8,11.029239654541016,4.756256103515625,67.72386169433594,56.626346588134766,1,43,1.5,1,1.0,36,0.7172471836017769,4.514091978273428,26,21,0.8300964375355995,0,0,0,2.1757401180976266,0.7642113566398621,31,post_opening,0.12676453217864037,12,-0.06588508089573741,R1,0.3826834370613369,0.9238795305660376,61.28682327270508,62.956642150878906,0.6374468244612217,1.0,1
0.23669249446952245,12.168029273695236,1,8,10.901519775390625,5.268947601318359,68.98456573486328,57.46660232543945,1,44,2.0,1,1.0,37,0.7465860988560789,4.29103897417985,26,21,0.7811523018455893,0,0,0,2.1088672155373716,0.7251393894354502,31,post_opening,0.1806795820593834,12,-0.05601291241013906,R1,0.3826834370613369,0.9238795305660376,62.67524719238281,63.284210205078125,0.5444598073760668,1.5,1
0.17148042513493889,12.195159163518692,1,8,10.711952209472656,5.721706390380859,70.18473815917969,58.322696685791016,1,45,3.0,1,1.0,38,0.7728283867724827,4.0691816677249015,26,21,0.7331736290808936,0,0,0,2.0349856163592586,0.6946543604135513,31,post_opening,0.13296115646759665,12,-0.03851926866734223,R1,0.3826834370613369,0.9238795305660376,64.06498718261719,63.68754577636719,0.5616932039459547,2.5,1
0.16159347967869087,12.13591122435443,1,8,10.445613861083984,6.093242645263672,71.31675720214844,59.18387985229492,1,46,3.5,1,1.0,39,0.7960686172306359,3.8469327981128405,26,21,0.6852340936816339,0,0,0,1.9506763793855046,0.6627606203158697,31,post_opening,0.13912000631292665,12,-0.02247347336576422,R1,0.3826834370613369,0.9238795305660376,65.46334838867188,64.17719268798828,0.523640614002943,3.0,1
0.1466977061612716,13.273909823515174,1,9,11.080253601074219,7.2189178466796875,73.35313415527344,60.883201599121094,1,48,4.031128883361816,1,1.0,40,0.5458786057505702,6.033878653505475,26,21,0.628003196098736,0,0,1,2.931141471862793,0.6300202955802282,31,post_opening,0.1487148056427638,12,0.0020170994814922016,R1,6.123234262925839e-17,1.0,62.27288055419922,65.6642837524414,0.4813054899374644,3.5,1
0.12677463883303958,11.728401956919422,1,8,9.680133819580078,6.564502716064453,73.35313415527344,60.883201599121094,1,48,4.031128883361816,1,1.0,41,0.20181017817578895,7.4857944561433145,26,21,0.5859932215923405,0,0,1,2.974997975536357,0.5868720263242722,31,post_opening,0.12765344356497127,12,0.0008788047319316927,R1,-0.3826834370613369,0.9238795305660376,59.0807991027832,65.4052505493164,0.4592185827593009,2.5,1
0.15414780305969544,10.16808086352185,1,7,8.29632568359375,5.843616485595703,73.35313415527344,60.883201599121094,0,48,4.031128883361816,1,1.0,42,0.21915505990214434,6.957055688042367,26,21,0.550997509828685,0,0,0,2.56970110674116,0.5493873854478201,31,post_opening,0.1525376786788305,12,-0.0016101243808649413,R1,-0.3826834370613369,0.9238795305660376,60.46460723876953,66.12613677978516,0.39684970676898956,3.3541018962860107,1
0.06135165219287403,12.133864438501314,1,13,12.087148666381836,-1.0575332641601562,27.792247772216797,64.80841064453125,1,17,1.0,1,1.0,5,0.6427847931349236,5.099970368974062,27,26,0.4607335306682222,0,0,1,2.1042356007116125,0.4710957780480385,36,before_event,0.07171389957269031,12,0.01036224737981628,R1,0.7071067811865475,0.7071067811865475,24.190380096435547,74.35122680664062,0.3993818784753482,2.5,1
0.05968890119449549,12.700258634630751,1,13,12.651670455932617,-1.1036453247070312,28.975223541259766,64.7162857055664,1,18,1.0,1,1.0,6,0.6429818257102977,5.227483755022183,27,26,0.47899542032536124,0,0,0,2.2334655932661396,0.4710702399412791,36,before_event,0.05176372081041336,12,-0.007925180384082131,R1,0.7071067811865475,0.7071067811865475,24.808834075927734,74.30521392822266,0.41930651913086575,2.5,1
0.05101839899333549,12.010589966915562,1,12,11.963811874389648,-1.0537109375,28.975223541259766,64.7162857055664,1,18,1.0,1,1.0,7,0.6423418897191031,5.076725827297858,27,26,0.49084559280983836,0,0,1,2.144421433244557,0.49418716380993527,36,before_event,0.0543599699934324,12,0.00334157100009691,R1,0.7071067811865475,0.7071067811865475,25.496692657470703,74.25527954101562,0.43982719381650287,2.0,1
0.04591292992045032,12.461750468238407,1,12,12.413372039794922,-1.0920562744140625,30.17906951904297,64.62503051757812,1,19,1.0,1,1.0,8,0.6424184457364154,5.175792811571113,27,26,0.507126165974235,0,0,1,2.2482867261426076,0.5146843368808428,36,before_event,0.05347110082705814,12,0.0075581709066078195,R1,0.7071067811865475,0.7071067811865475,26.250978469848633,74.2023696899414,0.46121323605378467,2.0,1
0.42857064315646454,12.26362515670169,0,9,12.25094223022461,-0.5470046997070312,61.95248031616211,62.80632019042969,1,43,0.0,0,1.0,35,0.7379438815671953,4.393075544520034,27,26,0.9055270926055269,1,1,0,2.0566432059689346,0.550000011920929,36,pre_opening,0.07304356247186661,12,-0.35552708068459793,R1,0.7071067811865475,-0.7071067811865475,58.18682098388672,54.8680419921875,0.47695644944906235,5.590169906616211,1
0.22811629662585553,12.36434469887662,1,9,12.341575622558594,-0.672119140625,68.83769989013672,62.33091354370117,1,48,1.5,1,1.0,40,0.744512396681874,4.3565026646079765,27,26,0.8733108817505071,0,0,1,2.0820746817953655,0.9084548701842626,36,post_opening,0.2632602850596111,12,0.035143988433755546,R1,0.7071067811865475,-0.7071067811865475,64.98140716552734,54.51775360107422,0.6451945851246516,1.0,1
0.21539546386476693,12.396929412878741,1,9,12.3646240234375,-0.786834716796875,70.21781158447266,62.158077239990234,1,49,2.0,1,1.0,41,0.7505859731102581,4.3103170774117245,27,26,0.8286357319461936,0,0,1,2.0780903547594973,0.8421865552663803,36,post_opening,0.2289462871849537,12,0.013550823320186756,R1,0.7071067811865475,-0.7071067811865475,66.33847045898438,54.459632873535156,0.6132402680814266,2.0,1
0.18125849527959492,12.427087534345727,1,9,12.381103515625,-0.9364128112792969,71.59675598144531,61.95635986328125,1,50,3.0,1,1.0,42,0.7584208875081966,4.247434527960203,27,26,0.78407275863334,0,0,1,2.0657782150676223,0.8088532239198685,36,post_opening,0.20603896056612336,12,0.02478046528652844,R1,0.7071067811865475,-0.7071067811865475,67.70093536376953,54.407493591308594,0.6028142633537451,2.5,1
0.14806894020139683,12.443486180079976,1,9,12.379718780517578,-1.1159515380859375,72.959716796875,61.73063659667969,1,51,3.5,1,1.0,43,0.7677349410926306,4.1675443982968785,27,26,0.7398818264990996,0,0,1,2.044576259782956,0.7421865612268448,36,post_opening,0.150373674929142,12,0.0023047347277451724,R1,0.7071067811865475,-0.7071067811865475,69.06527709960938,54.361305236816406,0.5918128862977028,3.0,1
0.06133197660884615,12.426132695239561,1,9,12.340648651123047,-1.3206062316894531,74.29312896728516,61.485713958740234,1,52,3.535533905029297,1,1.0,44,0.7783322577827311,4.0680605402609755,27,26,0.6959471098148957,0,0,0,2.0102855838344924,0.6951585958401362,36,post_opening,0.06054346263408661,12,-0.0007885139747595415,R1,0.7071067811865475,-0.7071067811865475,70.43775939941406,54.32103729248047,0.6346151332060496,4.0,1
0.1278839502255778,12.261353176053241,1,9,12.122993469238281,-1.7451057434082031,76.82459259033203,60.95590591430664,1,54,2.0615527629852295,1,1.0,46,0.5104147634153196,5.999489872186865,27,26,0.6083132357419193,0,0,0,2.701737840438167,0.5909593453009924,36,post_opening,0.11053005978465086,12,-0.017353890440926945,R1,0.3826834370613369,-0.9238795305660376,69.2938003540039,51.61445617675781,0.4804292855163415,3.605551242828369,1
0.06361106197649047,12.421524195689335,1,9,12.383430480957031,0.3508110046386719,62.539405822753906,52.834197998046875,1,46,1.5,1,1.0,38,0.7268468531589516,4.510130970961046,28,24,0.8364818112116437,0,0,1,2.2035835740075695,0.9140800486008326,34,post_opening,0.14120929936567939,12,0.07759823738918892,R1,0.7071067811865475,0.7071067811865475,58.641258239746094,60.968666076660156,0.7728707492351532,1.0,1
0.06456526682957747,9.378373766610693,1,7,9.16269302368164,1.9527359008789062,70.31761932373047,54.59303283691406,0,52,4.4721360206604,1,1.0,46,0.5668488974161005,5.106760726254402,28,24,0.5294152778008058,0,0,0,2.002298993611592,0.5159402936697006,34,post_opening,0.05109028269847232,12,-0.01347498413110515,R1,0.3826834370613369,0.9238795305660376,65.74713134765625,63.72685241699219,0.4648500109712283,6.5,1
0.10747188847512168,12.601362272512958,1,9,12.465476989746094,-1.3596267700195312,73.57518768310547,55.5111198425293,1,48,1.0,1,1.0,40,0.7796082732677191,4.080957788848389,29,27,0.8509226890529211,0,0,1,2.072648488549686,0.8904853562513987,37,post_opening,0.14703455567359924,12,0.039562667198477564,R1,0.7071067811865475,-0.7071067811865475,69.5949935913086,48.385467529296875,0.7434508005777994,1.0,1
0.07022473432466525,12.708539003987749,1,9,12.49322509765625,-1.8516349792480469,74.97675323486328,55.03242492675781,1,49,2.0,1,1.0,41,0.8031347465638583,3.875204342185655,29,27,0.8050503603403284,0,0,1,2.007503217483198,0.8421495407819748,37,post_opening,0.10732391476631165,12,0.037099180441646396,R1,0.7071067811865475,-0.7071067811865475,70.96881103515625,48.398780822753906,0.7348256260156631,1.4142135381698608,1
0.13613634852046985,12.833980563700084,1,9,12.513225555419922,-2.409229278564453,76.3780288696289,54.478675842285156,1,50,2.5,1,1.0,42,0.5504525567038534,5.874491692274826,29,27,0.7594579264270784,0,0,0,2.730507776537956,0.7517837186654409,37,post_opening,0.12846214075883233,12,-0.007674207761637519,R1,0.3826834370613369,-0.9238795305660376,68.45700073242188,45.801353454589844,0.6233215779066086,1.8027756214141846,1
0.0894502639037692,12.97988929460494,1,9,12.5252685546875,-3.0082244873046875,77.77493286132812,53.851966857910156,1,51,3.5,1,1.0,43,0.5878569225533687,5.661117133014818,29,27,0.7143667242688262,0,0,1,2.68056224954828,0.7183714509010315,37,post_opening,0.0934549905359745,12,0.004004726632205302,R1,0.3826834370613369,-0.9238795305660376,69.84186553955078,45.77363586425781,0.624916460365057,1.1180340051651,1
0.06158546154921807,13.325152176954486,1,9,12.520149230957031,-4.267799377441406,80.54011535644531,52.40226364135742,1,53,3.3541018962860107,1,1.0,45,0.32264457989609724,7.35766714443052,29,27,0.626733209145323,0,0,0,3.130327606201172,0.6265244881312052,37,post_opening,0.06137674053510023,12,-0.00020872101411784083,R1,-1.8369701465288538e-16,-1.0,68.01996612548828,44.67006301879883,0.565147747596105,1.5811388492584229,1
0.09222022479944852,13.492698868309708,1,9,12.4830322265625,-4.879207611083984,81.89082336425781,51.60683822631836,1,54,3.1622776985168457,1,1.0,46,0.36404621987533625,7.185606756138311,29,27,0.5845772416509531,0,0,1,3.1299579620361326,0.5931928555170695,37,post_opening,0.10083583866556484,12,0.008615613866116312,R1,-1.8369701465288538e-16,-1.0,69.40779113769531,44.486045837402344,0.4923570168515046,1.0,1
0.0988584718342495,12.16719134205278,1,9,12.15847396850586,-0.10261154174804688,48.727806091308594,52.6064453125,1,36,1.1180340051651,1,1.0,28,0.7130490216092001,4.576064788014878,30,27,0.5189983110860856,0,0,0,2.1614341629682863,0.5110365351041158,37,pre_opening,0.09089669585227972,12,-0.007961775981969788,R1,0.7071067811865475,-0.7071067811865475,45.05461120605469,44.223777770996094,0.4201398392518361,1.1180340051651,1
0.13071288043743262,12.211475383192145,0,9,12.202030181884766,-0.2663307189941406,50.098777770996094,52.517913818359375,1,37,0.0,0,1.0,29,0.7223685770966227,4.510137219185365,30,27,0.5708637945302912,1,1,0,2.1371192751700847,0.5178317949175835,37,pre_opening,0.07768088082472485,12,-0.05303199961270777,R1,0.7071067811865475,-0.7071067811865475,46.38202667236328,44.29896545410156,0.4401509140928586,1.8027756214141846,1
0.17158837852186504,12.249511817266168,0,9,12.237545013427734,-0.4113121032714844,51.47046661376953,52.42131423950195,1,38,0.0,0,1.0,30,0.7304606388845303,4.451643067566933,30,27,0.6209450536698753,1,1,0,2.114676786405089,0.5229922731717428,37,pre_opening,0.07363559802373254,12,-0.0979527804981325,R1,0.7071067811865475,-0.7071067811865475,47.71820068359375,44.34734344482422,0.44935667514801025,2.2360680103302,1
0.2071179064498901,12.282343217939983,0,9,12.266727447509766,-0.5384025573730469,52.83915710449219,52.318363189697266,1,39,0.0,0,1.0,31,0.7374326435164726,4.40034824982592,30,27,0.6699040643758137,1,1,0,2.095425724444295,0.5275793522596359,37,pre_opening,0.06479319433371228,12,-0.1423247121161778,R1,0.7071067811865475,-0.7071067811865475,49.057708740234375,44.371482849121094,0.46278615792592365,2.692582368850708,1
0.23741732715541347,12.309765260644351,0,9,12.289939880371094,-0.6479110717773438,54.21189880371094,52.210758209228516,1,40,0.0,0,1.0,32,0.7433523400647974,4.356023189251206,30,27,0.7175089933372957,1,1,0,2.0770103164782965,0.5320240954558054,37,pre_opening,0.05193242927392322,12,-0.18548489788149025,R1,0.7071067811865475,-0.7071067811865475,50.40724182128906,44.373390197753906,0.4800916661818822,3.3541018962860107,1
0.1161535492039828,12.53164318431238,1,9,12.505813598632812,-0.3523712158203125,65.344970703125,51.96599197387695,1,48,1.0,1,1.0,40,0.6869102994944482,4.854604255854214,30,27,0.8937431087590365,0,0,1,2.328986160672604,0.9150919367869695,37,post_opening,0.13750237723191583,12,0.02134882802793303,R1,0.7071067811865475,0.7071067811865475,61.324440002441406,60.80364227294922,0.7775895595550537,1.0,1
0.0671068989439284,12.559869667937207,1,9,12.529151916503906,-0.085113525390625,66.74105072021484,52.12564468383789,1,49,2.0,1,1.0,41,0.7022870312946157,4.738261973168584,30,27,0.8393796844485875,0,0,1,2.3039243632838318,0.881768062710762,37,post_opening,0.10949527720610297,12,0.042388378262174564,R1,0.7071067811865475,0.7071067811865475,62.697181701660156,60.69603729248047,0.772272785504659,1.5,1
0.023283749362229378,13.310943737328332,1,8,10.6190185546875,-8.025409698486328,48.718936920166016,46.28047180175781,1,33,1.5811388492584229,1,1.0,26,0.8623410596045955,3.379834211057521,31,29,0.42328429673155055,0,0,1,1.6773212504396993,0.5093913301825523,39,before_event,0.10939078281323117,12,0.08610703345100179,R1,0.3826834370613369,-0.9238795305660376,42.69211959838867,43.219329833984375,0.40000054736932117,1.1180340051651,1
0.01770934945456576,13.335483750614404,1,8,10.650459289550781,-8.024856567382812,50.074256896972656,45.245609283447266,1,34,2.692582368850708,1,1.0,27,0.8616036243832339,3.3939824527882507,31,29,0.3826886091243465,0,0,1,1.685866446610228,0.4687837188442548,39,before_event,0.10380445917447406,12,0.0860951097199083,R1,0.3826834370613369,-0.9238795305660376,44.01599884033203,42.18391418457031,0.36497925966978073,1.5811388492584229,1
0.13637194917643802,12.70659043289055,1,7,9.725574493408203,-8.176887512207031,66.69963836669922,31.55457305908203,1,46,1.0,1,1.0,40,0.765417772103698,4.243656543001792,31,29,0.7642318247362448,0,0,1,2.058157444000244,0.8336587349573771,39,post_opening,0.20579885939757026,12,0.06942691022113223,R1,1.0,0.0,68.97406005859375,39.73146057128906,0.6278598755598068,1.1180340051651,1
0.10319766498780691,12.644402790833633,1,7,9.708332061767578,-8.099763870239258,68.07682800292969,30.458772659301758,1,47,1.0,1,1.0,41,0.7678521231725687,4.208857748154749,31,29,0.7073512409843647,0,0,1,2.0512384176254272,0.7649875481923422,39,post_opening,0.16083397219578432,12,0.05763630720797741,R1,1.0,0.0,70.36849975585938,38.558536529541016,0.6041535759965578,1.0,1
0.22210170548327152,12.05050149790615,0,8,8.977439880371094,-7.966094970703125,45.930259704589844,72.27272033691406,1,67,0.0,0,1.0,60,0.8994366637740009,2.6910774696782283,32,44,0.6506522444006541,1,0,0,1.385239481557114,0.55563371522086,54,post_opening,0.12708317630347749,12,-0.09501852917979403,R3,0.3826834370613369,-0.9238795305660376,41.545021057128906,69.15225982666016,0.42855053891738254,1.1180340051651,1
0.2347216243389268,12.402216380560336,0,8,8.955005645751953,-8.527877807617188,47.0419921875,70.99827575683594,1,68,0.0,0,1.0,61,0.9142573068671813,2.5288779023887082,32,44,0.6475540309988478,1,0,0,1.3190723853375554,0.5656490921974182,54,post_opening,0.15281668553749722,12,-0.08190493880142957,R3,0.3826834370613369,-0.9238795305660376,42.6791877746582,68.4395980834961,0.412832406659921,1.0,1
0.2718132087084455,12.054714896490868,0,7,7.0532379150390625,-9.775291442871094,63.83671569824219,48.44868469238281,1,84,0.0,0,1.0,78,0.8109427591082338,3.6978876825259026,32,44,0.6244605206939382,1,0,0,1.7667140960693364,0.5050706639885902,54,post_opening,0.15242335200309753,12,-0.11938985670534796,R3,-1.8369701465288538e-16,-1.0,56.783477783203125,46.223976135253906,0.3526473119854927,1.0,1
0.16561291927076582,13.492450014577098,0,9,10.07803726196289,-8.901702880859375,47.0130729675293,71.35250091552734,1,68,0.0,0,1.0,60,0.898437477516479,2.9524556652812994,34,42,0.5941945221421838,1,0,0,1.5540858169130092,0.5556338599749974,52,post_opening,0.12705225710357937,12,-0.038560662167186455,R3,0.3826834370613369,-0.9238795305660376,41.52723693847656,69.16764831542969,0.428581602871418,1.1180340051651,1
0.1918058572536615,12.155453738003224,0,8,8.944107055664062,-8.193351745605469,47.0130729675293,71.35250091552734,1,68,0.0,0,1.0,61,0.9062458102426654,2.612934755422128,34,42,0.5977064734524397,1,0,0,1.3384916889898593,0.5656490921974182,52,post_opening,0.15974847599864006,12,-0.032057381255021444,R3,0.3826834370613369,-0.9238795305660376,42.66116714477539,68.45929718017578,0.40590061619877815,1.0,1
0.010201716945369865,12.77832785082402,0,8,9.180068969726562,-8.87127685546875,59.479156494140625,58.78710174560547,1,79,0.5,0,1.0,72,0.7190975709878674,4.654341093588719,34,42,0.3764977733037871,0,0,1,2.292289310031467,0.4721701443195343,52,post_opening,0.08547065407037735,12,0.09567237101574722,R3,1.0,0.0,62.29908752441406,67.65837860107422,0.38669949024915695,1.0,1
0.0388427043818132,13.277684619113263,0,8,9.308589935302734,-9.4635009765625,61.691341400146484,61.69966125488281,1,60,0.7071067690849304,0,1.0,53,0.9270059510299193,2.49392403233798,37,33,0.32143944152819076,0,0,1,1.2292520319699523,0.5607998073101044,43,post_opening,0.2782030701637268,12,0.2393603657819136,R3,0.3826834370613369,-0.9238795305660376,56.974952697753906,60.07660675048828,0.28259673714637756,1.1180340051651,1
0.033691006635544696,13.532739832910355,0,8,10.082317352294922,-9.023967742919922,70.72886657714844,55.90791702270508,1,61,0.5,0,1.0,54,0.9436308315777648,2.272060791252546,39,30,0.4921133955169896,0,0,1,1.1409803115479737,0.5421017289161683,40,post_opening,0.08367934003472333,12,0.04998833339917863,R3,0.9238795305660376,-0.3826834370613369,71.73310089111328,60.339683532714844,0.45842238888144493,2.0615527629852295,1
0.020654832437409898,13.496413882089906,0,8,10.117767333984375,-8.926197052001953,72.0165786743164,54.87661361694336,1,62,0.5,0,1.0,55,0.9459739195129353,2.2204768763499816,39,30,0.4471156647948165,0,0,1,1.133400364642084,0.541957788169384,40,post_opening,0.11549695581197739,12,0.09484212337456749,R3,0.9238795305660376,-0.3826834370613369,72.98536682128906,59.210609436035156,0.4264608323574066,1.8027756214141846,1
0.03978205442937499,13.413430636063753,0,8,10.13778305053711,-8.773357391357422,73.2923583984375,53.88865280151367,1,63,0.5,0,1.0,56,0.9490230041336465,2.143725070263313,39,30,0.4046319335253267,0,0,1,1.1133307353224953,0.5396154721577963,40,post_opening,0.17476559306184453,12,0.13498353863246954,R3,0.9238795305660376,-0.3826834370613369,74.24112701416016,58.06980895996094,0.36484987909595173,1.5811388492584229,1
0.027188524670819614,13.273926749907618,0,8,10.132514953613281,-8.56142807006836,74.54325103759766,52.950679779052734,1,64,0.5,0,1.0,57,0.9526826791048089,2.0411366326529476,39,30,0.3598373756482404,0,0,1,1.0788256165108387,0.5336785435676574,40,post_opening,0.20102969259023662,12,0.173841167919417,R3,0.9238795305660376,-0.3826834370613369,75.4972915649414,56.91990661621094,0.3326488509774208,1.4142135381698608,1
0.039635502462650185,13.069707700888328,0,8,10.093551635742188,-8.28738021850586,75.75799560546875,52.06822204589844,1,65,0.5,0,1.0,58,0.7728671270134551,4.251917692396677,39,30,0.3153119180749504,0,0,1,2.1611275143093533,0.5299185514450073,40,post_opening,0.2542421358327071,12,0.21460663337005692,R3,1.0,0.0,77.66444396972656,60.3556022644043,0.2756764156123002,1.5,1
0.021937676933043715,12.801962830303916,0,8,10.0140380859375,-7.960391998291016,76.92716979980469,51.24542999267578,1,66,0.5,0,1.0,59,0.7828036227257102,4.102191045361077,39,30,0.27215113855067247,0,0,1,2.0923580593532987,0.4924507141113281,40,post_opening,0.24223725249369937,12,0.22029957556065566,R3,1.0,0.0,78.91313171386719,59.2058219909668,0.25021346161762875,1.0,1
0.11416296681349947,12.730999235513886,0,17,12.545196533203125,-1.7181625366210938,26.545196533203125,64.2818374633789,1,16,0.0,0,1.0,0,0.604618785637127,5.490747056396776,40,23,0.5164808185953446,1,0,0,1.8627708947401491,0.4904617721384222,33,before_event,0.08814392035657709,12,-0.02601904645692238,R1,0.7071067811865475,0.7071067811865475,22.485280990600586,74.48528289794922,0.4023178517818451,1.5,1
0.11481492997181475,12.60457900409765,0,16,12.418953895568848,-1.7248611450195312,26.545196533203125,64.2818374633789,1,16,0.0,0,1.0,1,0.6031078692338405,5.47085074289955,40,23,0.5162911343671089,1,0,0,1.9300804563927627,0.4904617721384222,33,before_event,0.08898556774312799,12,-0.02582936222868676,R1,0.7071067811865475,0.7071067811865475,22.611522674560547,74.49198150634766,0.4014762043952942,1.5,1
0.1144664265218821,12.366041383669566,0,15,12.180832862854004,-1.73895263671875,26.545196533203125,64.2818374633789,1,16,0.0,0,1.0,2,0.6000750682271436,5.435809575343622,40,23,0.5159226633611765,1,0,0,1.9715040810981814,0.4904617721384222,33,before_event,0.08900553529912775,12,-0.025460891222754356,R1,0.7071067811865475,0.7071067811865475,22.84964370727539,74.50607299804688,0.40145623683929443,1.5,1
0.11942883690749984,12.028512578787522,0,14,11.844017028808594,-1.7608795166015625,26.545196533203125,64.2818374633789,1,16,0.0,0,1.0,3,0.5954348220510834,5.3913113432566275,40,23,0.5153197359100519,1,0,0,1.9916076291001705,0.4721612589699881,33,before_event,0.07627035996743609,12,-0.04315847694006375,R1,0.7071067811865475,0.7071067811865475,23.186460494995117,74.52799987792969,0.39589089900255203,1.5,1
0.1281832794369649,12.7756393756005,0,14,12.554518699645996,-2.072795867919922,27.69087028503418,63.988277435302734,1,17,0.0,0,1.0,4,0.5824754000384806,5.657555358113385,40,23,0.5199526463966957,1,0,0,2.1988345570306387,0.4721612589699881,33,before_event,0.08039189201025732,12,-0.04779138742670758,R1,0.7071067811865475,0.7071067811865475,23.621631622314453,74.54635620117188,0.3917693669597308,1.5,1
0.1317468800098805,12.253596663935353,0,13,12.032694816589355,-2.087909698486328,27.69087028503418,63.988277435302734,1,17,0.0,0,1.0,5,0.5758056131336755,5.576211825699674,40,23,0.520195456142337,1,0,0,2.176745111141495,0.46135421097278595,33,before_event,0.07290563484032947,12,-0.058841245169551026,R1,0.7071067811865475,0.7071067811865475,24.143455505371094,74.56147003173828,0.3884485761324565,1.5,1
0.141441552214233,12.854728498702375,0,13,12.596227645874023,-2.388294219970703,28.86233139038086,63.6890983581543,1,18,0.0,0,1.0,6,0.5630059784310792,5.812369605889142,40,23,0.5218568080389578,1,0,0,2.355974584434072,0.46135421097278595,33,before_event,0.0809389551480611,12,-0.06050259706617189,R1,0.7071067811865475,0.7071067811865475,24.751384735107422,74.56267547607422,0.38041525582472485,1.5811388492584229,1
0.1339099992961681,12.293581130590402,1,9,12.268657684326172,-0.7536087036132812,65.61785125732422,57.65116882324219,1,46,1.5,1,1.0,38,0.7491292471641394,4.303856976202467,40,23,0.7591057384660836,0,0,1,2.017086938789872,0.8360258787870407,33,post_opening,0.21083013961712516,12,0.07692014032095706,R1,0.7071067811865475,-0.7071067811865475,61.83447265625,49.91949462890625,0.6251957391699156,1.0,1
0.07244141324508879,12.24692756924343,1,9,12.227645874023438,-0.6663017272949219,66.93055725097656,57.60676193237305,1,47,1.4142135381698608,1,1.0,39,0.74453347272128,4.334216976333139,40,23,0.678917740028587,0,0,1,2.037002909432773,0.7196384953955809,33,post_opening,0.11316216861208273,12,0.04072075536699393,R1,0.7071067811865475,-0.7071067811865475,63.188194274902344,49.78778076171875,0.6064763267834982,1.4142135381698608,1
0.04468113455171274,12.149261724081365,1,9,12.134037017822266,-0.5908126831054688,68.1978530883789,57.57059097290039,1,48,1.1180340051651,1,1.0,40,0.9413973330636356,2.068111208823529,40,23,0.6111659571329244,0,0,1,1.0179424756013198,0.6776011673112711,33,post_opening,0.11111634473005938,12,0.06643521017834664,R1,0.9238795305660376,-0.3826834370613369,67.1503677368164,53.5692024230957,0.5664848225812117,2.5,1
0.01037512768071458,10.781986605794016,1,8,10.769882202148438,-0.4984931945800781,68.1978530883789,57.57059097290039,0,48,1.1180340051651,1,1.0,41,0.9405853535448431,2.0529690370655667,40,23,0.568198055513318,0,0,1,0.9126735112001272,0.6482117758555845,33,post_opening,0.09038884802298108,12,0.0800137203422665,R1,0.9238795305660376,-0.3826834370613369,68.5145263671875,53.47688293457031,0.5578229278326035,2.2360680103302,1
0.038783571454769405,12.809499218280692,0,10,10.608707427978516,-7.11236572265625,34.080318450927734,61.65862274169922,1,19,0.0,0,1.0,10,0.5542783774293585,5.8571585768841965,41,21,0.5117171469657481,1,0,1,2.6972251848049007,0.5271919866402944,31,before_event,0.05425841112931573,12,0.015474839674546326,R1,0.9238795305660376,0.3826834370613369,34.55816650390625,73.36318969726562,0.4729335755109787,2.2360680103302,1
0.12384688521037612,12.29114426514771,1,9,12.286869049072266,0.2814788818359375,67.1133804321289,57.108619689941406,1,44,1.0,1,1.0,36,0.9148726273182635,2.5096573312084534,41,21,0.7544843893707803,0,0,1,1.2274677398188256,0.8386779129505157,31,post_opening,0.20804040879011154,12,0.08419352357973542,R1,0.9238795305660376,-0.3826834370613369,65.9130630493164,52.23493957519531,0.6306375041604042,1.0,1
0.089060033778943,12.201942233158654,1,9,12.196243286132812,0.3484687805175781,68.38024139404297,57.16903305053711,1,45,1.4142135381698608,1,1.0,37,0.912573158155319,2.5318781174525293,41,21,0.6779794647500886,0,0,1,1.2458946229649557,0.7772180115183195,31,post_opening,0.18829858054717385,12,0.09923854676823085,R1,0.9238795305660376,-0.3826834370613369,67.27055358886719,52.228363037109375,0.5889194309711456,1.5,1
0.07559969129379174,10.832111466674544,1,8,10.8265380859375,0.3299217224121094,68.38024139404297,57.16903305053711,0,45,1.4142135381698608,1,1.0,38,0.911794593062886,2.4644930225617974,41,21,0.6435837631644367,0,0,0,1.1136779882962555,0.6397040716626428,31,post_opening,0.07171999979199783,12,-0.0038796915017939027,R1,0.9238795305660376,-0.3826834370613369,68.6402587890625,52.246910095214844,0.5679840718706449,1.8027756214141846,1
0.0850255271957846,9.453293909539312,1,7,9.44803237915039,0.30059814453125,68.38024139404297,57.16903305053711,0,45,1.4142135381698608,1,1.0,39,0.9112430043092465,2.579933681420921,41,21,0.5989068429834179,0,0,0,0.975576359208766,0.5803194181485609,31,post_opening,0.06643810236092762,12,-0.01858742483485698,R1,0.9238795305660376,-0.3826834370613369,70.01876068115234,52.2762336730957,0.5138813157876333,1.5811388492584229,1
0.10958861493937089,12.277672671660756,0,9,12.275260925292969,-0.10532760620117188,67.88611602783203,58.530616760253906,1,44,0.7071067690849304,0,1.0,36,0.7131478432296181,4.598573697503227,42,21,0.8205589670327496,0,0,1,2.191955899135511,0.8694507131973902,31,post_opening,0.15848036110401154,12,0.04889174616464065,R1,0.7071067811865475,-0.7071067811865475,64.09613800048828,50.150665283203125,0.7109703520933787,1.0,1
0.07856351205836964,12.12119383819974,0,9,12.118194580078125,-0.17039108276367188,69.11261749267578,58.487422943115234,1,45,0.7071067690849304,0,1.0,37,0.7169783716261934,4.536944819710404,42,21,0.7677824230902516,0,0,1,2.1671670784551744,0.8163087964057922,31,post_opening,0.1270898853739103,12,0.04852637331554066,R1,0.7071067811865475,-0.7071067811865475,65.47970581054688,50.17253112792969,0.6892189110318819,1.0,1
0.08351693044123376,10.736273648145353,0,8,10.733474731445312,-0.19394683837890625,69.11261749267578,58.487422943115234,0,45,0.7071067690849304,0,1.0,38,0.9306424533951145,2.2062019249543554,42,21,0.7442773604394727,0,0,0,1.0166496184008276,0.7174144184047525,31,post_opening,0.05665398840651359,12,-0.026862942034720172,R1,0.9238795305660376,-0.3826834370613369,69.4656982421875,54.089168548583984,0.6607604299982389,2.1213202476501465,1
0.09537250094275107,7.968395607880254,0,6,7.965679168701172,-0.20240402221679688,69.11261749267578,58.487422943115234,0,45,0.7071067690849304,0,1.0,40,0.9333020885285753,2.6930542464378995,42,21,0.6728181644545042,0,0,0,0.7349155466408741,0.6301953513175249,31,post_opening,0.05274968780577183,12,-0.04262281313697924,R1,0.9238795305660376,-0.3826834370613369,72.23348999023438,54.097625732421875,0.5774456635117531,1.4142135381698608,1
0.05442481906471208,12.561377418131695,1,9,12.559825897216797,-0.194183349609375,66.50463104248047,52.96829605102539,1,49,1.5,1,1.0,41,0.69609124591225,4.794137040767664,43,27,0.8246946898227687,0,0,1,2.256503291867763,0.8536435638864835,37,post_opening,0.0833736931284269,12,0.028948874063714825,R1,0.7071067811865475,0.7071067811865475,62.430084228515625,61.64775848388672,0.7702698707580566,1.1180340051651,1
0.017003675848924593,12.568995868298257,1,9,12.567279815673828,-0.20172119140625,67.90673828125,52.93365478515625,1,50,2.0,1,1.0,42,0.6956671858251479,4.799134558125334,43,27,0.7680834338572458,0,0,1,2.2555554261034927,0.8096071581045786,37,post_opening,0.058527400096257454,12,0.04152372424733286,R1,0.7071067811865475,0.7071067811865475,63.824737548828125,61.62065887451172,0.7510797580083212,1.1180340051651,1
0.5585293786876036,12.197613162614275,0,7,9.867443084716797,-7.167961120605469,73.35018157958984,33.588348388671875,1,48,0.5,0,1.0,42,0.5877232177561263,5.493519654149462,44,27,0.2823654992230104,0,0,1,2.472645998001099,0.9010453820228577,37,post_opening,0.06015050411224365,12,0.6186798827998472,R1,-1.8369701465288538e-16,-1.0,63.48273849487305,28.756309509277344,0.840894877910614,1.0,1
0.1138907338911263,12.666133971408005,0,17,12.655755996704102,0.5102310180664062,22.6557559967041,66.5102310180664,1,16,0.5,0,1.0,0,0.7350174828750402,4.499842060099346,45,26,0.4926984623803663,0,0,1,1.6782616014409155,0.508548378944397,36,before_event,0.12974065045515698,12,0.015849916564030675,R1,0.7071067811865475,0.7071067811865475,18.485280990600586,74.48528289794922,0.37880772848924,1.1180340051651,1
0.11359665845868994,12.538779354177013,0,16,12.52852725982666,0.5045700073242188,22.6557559967041,66.5102310180664,1,16,0.5,0,1.0,1,0.7349887562487286,4.4732429769776445,45,26,0.49250464941102273,0,0,1,1.734002190352077,0.508548378944397,36,before_event,0.12964038799206418,12,0.01604372953337424,R1,0.7071067811865475,0.7071067811865475,18.612510681152344,74.4909439086914,0.3789079909523328,1.0,1
0.10692743404261512,12.296547340079918,0,15,12.286540031433105,0.493682861328125,22.6557559967041,66.5102310180664,1,16,0.5,0,1.0,2,0.7349258608476422,4.424795156025881,45,26,0.4921249319469158,0,0,1,1.7606711095510745,0.508548378944397,36,before_event,0.12335088104009628,12,0.01642344699748116,R1,0.7071067811865475,0.7071067811865475,18.854496002197266,74.5018310546875,0.3851974979043007,1.0,1
0.10111717890125499,13.108291791176402,0,15,13.098481178283691,0.4972686767578125,23.812313079833984,66.5295181274414,1,17,0.5,0,1.0,3,0.7334229378433446,4.612211941373075,45,26,0.4942636714420913,0,0,1,1.9301003658202316,0.5050708055496216,36,before_event,0.11192431300878525,12,0.010807134107530258,R1,0.7071067811865475,0.7071067811865475,19.199111938476562,74.51753234863281,0.39314649254083633,1.0,1
0.09561138549529302,12.661609273871456,0,14,12.652241706848145,0.47737884521484375,23.812313079833984,66.5295181274414,1,17,0.5,0,1.0,4,0.733264709542478,4.513593271341518,45,26,0.4937597284623264,0,0,1,1.908036362779338,0.5050708055496216,36,before_event,0.1069224625825882,12,0.011311077087295174,R1,0.7071067811865475,0.7071067811865475,19.64535140991211,74.53742218017578,0.3981483429670334,1.0,1
0.08834035253183065,12.125940185750654,0,13,12.117074966430664,0.45418548583984375,23.812313079833984,66.5295181274414,1,17,0.5,0,1.0,5,0.7330965195169054,4.4070526751352075,45,26,0.4932600563333036,0,0,1,1.8633147496453621,0.5177080631256104,36,before_event,0.11278835932413739,12,0.024448006792306742,R1,0.7071067811865475,0.7071067811865475,20.180519104003906,74.56061553955078,0.40491970380147296,1.0,1
0.09247602956468665,12.68342209013635,0,13,12.675042152404785,0.4197540283203125,24.992219924926758,66.52051544189453,1,18,0.7071067690849304,0,1.0,6,0.7301234820701339,4.544415434036756,45,26,0.4956024928587159,0,0,1,1.9769732398007949,0.5177080631256104,36,before_event,0.11458159983158112,12,0.02210557026689447,R1,0.7071067811865475,0.7071067811865475,20.802459716796875,74.58604431152344,0.40312646329402924,1.1180340051651,1
0.09794477581424937,13.188838777689217,0,13,13.180315971374512,0.3473052978515625,26.188444137573242,66.47754669189453,1,19,0.5,0,1.0,7,0.9336392799089062,2.3665896597906464,45,26,0.49778393119020686,0,0,0,1.0665178202064596,0.4942060460646947,36,before_event,0.09436689068873721,12,-0.003577885125512159,R1,0.9238795305660376,0.3826834370613369,24.094680786132812,70.72244262695312,0.3998391553759575,1.4142135381698608,1
0.09314653873671247,12.433783840496831,0,12,12.425882339477539,0.316680908203125,26.188444137573242,66.47754669189453,1,19,0.5,0,1.0,8,0.7248924366372415,4.534710505028262,45,26,0.49550007631608994,0,0,0,1.9882896649207529,0.4904617721384222,36,before_event,0.0881082345590447,12,-0.005038304177667763,R1,0.7071067811865475,0.7071067811865475,22.24784278869629,74.64614868164062,0.4023535375793775,1.4142135381698608,1
0.09972962006920122,12.838061150195335,0,12,12.82796573638916,0.20172882080078125,27.405725479125977,66.39460754394531,1,20,0.5,0,1.0,9,0.7181377432403141,4.676434824397063,45,26,0.4969547665615235,0,0,0,2.076080149796748,0.4857670307159424,36,before_event,0.08854188422362014,12,-0.011187735845581082,R1,0.7071067811865475,0.7071067811865475,23.06304168701172,74.67816162109375,0.39722514649232227,1.5,1
0.11147095955787051,13.203721800266836,0,12,13.187211990356445,0.0319061279296875,28.636049270629883,66.26144409179688,1,21,0.5,0,1.0,10,0.7088155336194825,4.836520803800263,45,26,0.4986578692732051,0,0,0,2.161539071013121,0.4857670307159424,36,before_event,0.09858012100060781,12,-0.012890838557262696,R1,0.7071067811865475,0.7071067811865475,23.934118270874023,74.7148208618164,0.3871869097153346,1.5,1
0.1177965089499664,12.286613283526952,0,11,12.271013259887695,-0.00893402099609375,28.636049270629883,66.26144409179688,1,21,0.5,0,1.0,11,0.7065917784963525,4.649824993502942,45,26,0.4974937796413612,0,0,0,2.032181332441446,0.48260188764996,36,before_event,0.10290461695856518,12,-0.01489189199140123,R1,0.7071067811865475,0.7071067811865475,24.850317001342773,74.75566101074219,0.3796972706913948,1.5811388492584229,1
0.1286522121798892,12.584969743724809,0,11,12.555150985717773,-0.24816131591796875,29.882076263427734,66.06610107421875,1,22,0.5,0,1.0,12,0.6929949650932855,4.817595085047244,45,26,0.5042860107195277,0,0,0,2.1118857434225795,0.4835248701274395,36,before_event,0.10789107158780098,12,-0.020761140592088223,R1,0.7071067811865475,0.7071067811865475,25.812206268310547,74.79954528808594,0.3756337985396385,1.5811388492584229,1
0.1303230523001268,12.866415840182022,0,11,12.811187744140625,-0.5488739013671875,31.14087677001953,65.80747985839844,1,23,0.5,0,1.0,13,0.6761916668777244,5.0082296851022665,45,26,0.5144024241895591,0,0,0,2.1941654392393253,0.4894929528236389,36,before_event,0.10541358093420666,12,-0.024909471365920144,R1,0.7071067811865475,0.7071067811865475,26.814970016479492,74.84163665771484,0.38407937188943225,1.5,1
0.12450271270216468,13.134810681635084,0,11,13.040481567382812,-0.9095230102539062,32.40959930419922,65.48690795898438,1,24,0.5,0,1.0,14,0.6561947254213593,5.220446109948973,45,26,0.5269389566932218,0,0,0,2.281290954914661,0.4999348719914754,36,before_event,0.09749862800041831,12,-0.027004084701746367,R1,0.7071067811865475,0.7071067811865475,27.854398727416992,74.8817138671875,0.4024362439910571,1.5,1
0.10099942279551172,12.066745912394364,0,10,11.973072052001953,-0.946929931640625,32.40959930419922,65.48690795898438,1,24,0.5,0,1.0,15,0.6491558500212591,5.0282035895205786,45,26,0.5352871546416853,0,0,0,2.12452013229859,0.5133972525596618,36,before_event,0.07910952071348826,12,-0.02188990208202346,R1,0.7071067811865475,0.7071067811865475,28.92180824279785,74.91912078857422,0.4342877318461736,1.5,1
0.06969347348579757,12.310148707200199,0,10,12.159561157226562,-1.3721923828125,33.688446044921875,65.09895324707031,1,25,0.5,0,1.0,16,0.6233539941692856,5.259994145759322,45,26,0.5379666735804974,0,0,0,2.220341283584515,0.5354104439417521,36,before_event,0.06713724384705222,12,-0.0025562296387453554,R1,0.7071067811865475,0.7071067811865475,30.0141658782959,74.95642852783203,0.46827320009469986,1.5,1
0.0592012049942624,13.060428801587024,0,8,9.574005126953125,-8.881134033203125,60.00002670288086,44.989864349365234,1,46,0.5,0,1.0,39,0.733137563828696,4.603259520159833,45,26,0.7581235162605258,0,0,1,2.2024059295654297,0.8084387345747515,36,post_opening,0.1095164233084881,12,0.050315218314225696,R1,1.0,0.0,62.426021575927734,53.87099838256836,0.6989223112662634,1.4142135381698608,1
0.05810461643617815,13.079291355677405,0,8,9.530986785888672,-8.954715728759766,61.192848205566406,43.81665802001953,1,47,0.5,0,1.0,40,0.7287960026662647,4.644431074802217,45,26,0.7040700932669786,0,0,1,2.2111680772569446,0.7648191601037979,36,post_opening,0.1188536832729975,12,0.060749066836819354,R1,1.0,0.0,63.661861419677734,52.7713737487793,0.6459654768308004,2.5,1
0.03409127981483484,13.131160580427547,0,8,9.511581420898438,-9.051063537597656,62.394805908203125,42.62855911254883,1,48,0.5,0,1.0,41,0.7244263872504899,4.693452305777902,45,26,0.654338020493781,0,0,1,2.228782229953342,0.7518893554806709,36,post_opening,0.1316426148017248,12,0.09755133498688995,R1,1.0,0.0,64.88322448730469,51.679622650146484,0.6202467406789461,1.8027756214141846,1
0.027914204510533946,13.206847508324573,0,8,9.510482788085938,-9.161895751953125,63.59945297241211,41.42338180541992,1,49,0.5,0,1.0,42,0.720181983252038,4.747052999272197,45,26,0.6118565532689135,0,0,1,2.251400841606988,0.722219760219256,36,post_opening,0.13827741146087646,12,0.11036320695034252,R1,1.0,0.0,66.08897399902344,50.58527755737305,0.5839423487583796,1.1180340051651,1
0.13196680250373527,9.590504849767523,1,6,7.42523193359375,-6.065801620483398,78.82848358154297,30.95941734313965,0,56,2.1213202476501465,1,1.0,51,0.6326510790497716,4.75259875423746,47,26,0.5500062994917934,0,0,1,1.9127077375139512,0.5500217427810034,36,post_opening,0.13198224579294526,12,1.544328920999316e-05,R2,-1.8369701465288538e-16,-1.0,71.40325164794922,25.025218963623047,0.4180394969880581,1.4142135381698608,1
0.03104485135624746,12.646280628950706,0,9,12.449344635009766,2.162586212158203,73.92694091796875,55.14675521850586,1,50,0.5,0,1.0,42,0.9757434559598527,1.3928598121076248,48,28,0.7873620633150147,0,0,1,0.7444229145969328,0.8700281456112862,38,post_opening,0.05162123094002402,12,0.08266608229627148,R1,0.9238795305660376,0.3826834370613369,72.56414794921875,57.57637023925781,0.8184069146712621,1.0,1
0.05664218132089227,12.693052187116265,0,9,12.483009338378906,2.2648696899414062,75.32677459716797,55.38102340698242,1,51,0.0,0,1.0,43,0.5414684601529546,5.917916133417056,48,28,0.7018756696521307,1,0,1,2.6701136473791345,0.7716814130544662,38,post_opening,0.12644792472322786,12,0.06980574340233558,R1,0.3826834370613369,0.9238795305660376,67.43596649169922,64.20270538330078,0.6452334883312384,1.5,1
0.004300379984014446,12.70565677295025,0,9,12.491477966308594,2.297649383544922,76.70714569091797,55.57549285888672,1,52,0.0,0,1.0,44,0.5435017361581882,5.908539926367598,48,28,0.6182749291435548,1,0,1,2.6606625930486176,0.6842582388357683,38,post_opening,0.06168292970819911,12,0.06598330969221355,R1,0.3826834370613369,0.9238795305660376,68.80786895751953,64.36439514160156,0.6225753091275692,1.5811388492584229,1
0.1102157135841948,12.688030641919982,0,9,12.480850219726562,2.241222381591797,78.07402038574219,55.720970153808594,1,53,0.0,0,1.0,45,0.5399504938841984,5.9260153769502715,48,28,0.5350428844454187,1,0,1,2.656397365556121,0.7135427461730109,38,post_opening,0.06828414814339745,12,0.17849986172759225,R1,0.3826834370613369,0.9238795305660376,70.18537139892578,64.56629943847656,0.6452585980296135,1.0,1
0.10242374593690007,12.679502454763039,0,9,12.582794189453125,1.4774665832519531,74.5855941772461,55.158687591552734,1,50,0.0,0,1.0,42,0.4878136765936417,6.24868316609894,49,28,0.7628630931643146,1,0,1,2.787128939141229,0.7802850703398386,38,post_opening,0.11984572311242414,12,0.017421977175524073,R1,0.3826834370613369,0.9238795305660376,66.59500122070312,64.76777648925781,0.6604393472274145,1.0,1
0.04079091797980938,12.674457400708032,0,9,12.568817138671875,1.5866966247558594,75.96822357177734,55.3266716003418,1,51,0.0,0,1.0,43,0.495382875112224,6.202292310021245,49,28,0.678178973503046,1,0,1,2.7668570855141827,0.7557349746877496,38,post_opening,0.11834691916451301,12,0.07755600118470363,R1,0.3826834370613369,0.9238795305660376,67.99160766601562,64.82653045654297,0.6373880555232366,2.0,1
0.03979232700780033,12.65330674167913,0,9,12.544586181640625,1.6251029968261719,77.3372802734375,55.45423126220703,1,52,0.0,0,1.0,44,0.4982053852143149,6.1797944402933345,49,28,0.594058947840184,1,0,1,2.7513457978148934,0.7326488345861435,38,post_opening,0.09879755973815918,12,0.1385898867459595,R1,0.3826834370613369,0.9238795305660376,69.38489532470703,64.91567993164062,0.6338512748479843,1.4142135381698608,1
0.19913199364306733,12.42556812301731,0,9,12.351249694824219,0.8443107604980469,82.74227142333984,55.352088928222656,1,56,0.0,0,1.0,48,0.7536845383540952,4.281649687441413,49,28,0.2603368801955163,1,0,1,1.958195585692824,0.5190693959593773,38,post_opening,0.05960052212079364,12,0.25873251576386097,R1,0.7071067811865475,0.7071067811865475,78.87630462646484,62.99305725097656,0.45946887383858365,1.1180340051651,1
0.044373969829086424,13.477769754503585,1,8,9.676322937011719,-9.376983642578125,79.21092224121094,30.349105834960938,1,57,1.1180340051651,1,1.0,50,0.9297769906819418,2.4941380543120744,51,29,0.41727644512653744,0,0,1,1.290386304584597,0.5115747029582659,39,post_opening,0.13867222766081488,12,0.09429825783172846,R3,0.9238795305660376,-0.3826834370613369,80.62115478515625,35.133888244628906,0.372902475297451,1.0,1
0.17766291508239673,12.0847815904077,1,8,11.228694915771484,4.358451843261719,73.4451904296875,57.463558197021484,1,54,1.1180340051651,1,1.0,47,0.3618503019619971,6.791111643958804,52,27,0.4899277747587578,0,0,0,2.8115450541178384,0.45273340290242975,37,post_opening,0.14046854322606867,12,-0.03719437185632807,R1,6.123234262925839e-17,1.0,62.216495513916016,65.1051025390625,0.3122648596763611,1.5,1
0.1478818000144263,12.187265820368525,0,8,11.17523193359375,4.774021148681641,74.79363250732422,58.21649169921875,1,55,0.7071067690849304,0,1.0,48,0.39285092536805966,6.6539581126419,52,27,0.49821983434622485,0,0,0,2.8093223571777344,0.4566268391079373,37,post_opening,0.10628880477613872,12,-0.04159299523828758,R1,6.123234262925839e-17,1.0,63.61840057373047,65.44247436523438,0.35033803433179855,1.8027756214141846,1
0.11799835158130595,12.23880990271482,0,8,11.06903076171875,5.149845123291016,76.09540557861328,58.99151611328125,1,56,0.7071067690849304,0,1.0,49,0.4218289813655093,6.50861191233055,52,27,0.5076876455817726,0,0,0,2.7985021803114147,0.4747708924114704,37,post_opening,0.08508159841100377,12,-0.03291675317030218,R1,6.123234262925839e-17,1.0,65.02637481689453,65.8416748046875,0.38968929400046665,2.5,1
0.07878454900495974,12.228441905617359,0,8,10.903709411621094,5.476161956787109,77.3392562866211,59.77976989746094,1,57,0.7071067690849304,0,1.0,50,0.448806593663687,6.353174245489936,52,27,0.5115324246556835,0,0,0,2.777965121799045,0.48665793027196613,37,post_opening,0.053910054621242376,12,-0.02487449438371736,R1,6.123234262925839e-17,1.0,66.435546875,66.30360412597656,0.43274787565072376,2.5,1
0.04979399597352996,12.751316112691802,0,9,12.576896667480469,1.9803047180175781,70.56105041503906,54.33259582519531,1,52,0.5,0,1.0,44,0.9721579971403054,1.5035890609435214,53,30,0.5087196752995874,0,0,1,0.8277402817366311,0.5353448390960693,40,post_opening,0.0764191597700119,12,0.026625163796481943,R1,0.9238795305660376,0.3826834370613369,69.07070922851562,56.94449234008789,0.45892567932605743,1.0,1
0.12945552199527632,11.787788273699055,1,7,8.10430908203125,-8.559860229492188,77.74868774414062,30.223201751708984,1,57,1.5811388492584229,1,1.0,51,0.7261657873473887,4.402112769390505,54,26,0.5500311854426564,0,0,0,2.0646648406982426,0.5500087787707647,36,post_opening,0.12943311532338464,12,-2.240667189168377e-05,R3,-1.8369701465288538e-16,-1.0,69.64437866210938,26.783061981201172,0.42057566344738007,1.5,1
0.07901520192562933,10.033842236091902,1,6,6.903358459472656,-7.281562805175781,77.74868774414062,30.223201751708984,0,57,2.5,1,1.0,52,0.7257020606110245,4.1809092187427765,54,26,0.5500001054002781,0,0,1,1.7591416495186947,0.5500013629595438,36,post_opening,0.07901645948489505,12,1.257559265721575e-06,R3,-1.8369701465288538e-16,-1.0,70.84532928466797,25.504764556884766,0.4709849034746488,2.0,1
0.047541523458099144,13.609436607391745,0,9,12.161380767822266,-5.833911895751953,65.98687744140625,46.11030578613281,1,46,0.0,0,1.0,38,0.6674764300271413,5.240684415446757,55,23,0.8166087473615649,1,0,1,2.298165334519123,0.9499873518943787,33,post_opening,0.08583708107471466,12,0.1333786045328138,R2,0.9238795305660376,0.3826834370613369,64.91204833984375,56.53641891479492,0.864150270819664,1.1180340051651,1
0.00544468772905593,12.184499769960375,0,8,10.772724151611328,-5.514415740966797,65.98687744140625,46.11030578613281,1,46,0.0,0,1.0,39,0.648022741483187,5.05574411846585,55,23,0.8010090841601538,1,0,1,2.1402211162095153,0.949999988079071,33,post_opening,0.1435462161898613,12,0.14899090391891723,R2,0.9238795305660376,0.3826834370613369,66.30070495605469,56.216922760009766,0.8064537718892097,1.0,1
0.061646013210217177,13.39765000223566,1,9,10.604759216308594,7.8599395751953125,89.23475646972656,42.18230438232422,1,68,3.0,1,1.0,60,0.5954507057041825,5.692122151643358,59,37,0.550000011920929,0,0,1,2.795845794677734,0.5500000566244125,47,post_opening,0.06164605791370076,12,4.470348358154297e-08,R2,6.123234262925839e-17,1.0,78.62999725341797,46.322364807128906,0.4883539987107118,2.0,1
0.09107792874177295,13.496220822560085,1,9,10.1494140625,8.601726531982422,90.10553741455078,43.42227554321289,1,69,3.5,1,1.0,61,0.6465448008607156,5.351608832292981,59,37,0.550000011920929,0,0,0,2.706559753417969,0.550000011920929,47,post_opening,0.09107792874177295,12,0.0,R2,6.123234262925839e-17,1.0,79.95612335205078,46.82054901123047,0.458922083179156,2.5,1
0.07248344024022418,12.048477909614391,1,8,8.834762573242188,7.995384216308594,90.10553741455078,43.42227554321289,1,69,4.527692794799805,1,1.0,62,0.3361884677670914,6.889097786636554,59,37,0.550000011920929,0,0,0,2.868197704889637,0.550000011920929,47,post_opening,0.07248344024022418,12,0.0,R2,-0.3826834370613369,0.9238795305660376,76.67857360839844,46.51344299316406,0.47751657168070477,1.5811388492584229,1
0.09875395148992538,12.086590532552094,1,8,8.335700988769531,8.572803497314453,90.8965072631836,44.70870590209961,1,70,5.0,1,1.0,63,0.3955998000320257,6.585013380559253,59,37,0.550000011920929,0,0,0,2.828007147989615,0.550000011920929,47,post_opening,0.09875395148992538,12,0.0,R2,-0.3826834370613369,0.9238795305660376,77.9686050415039,47.22245788574219,0.45124606043100357,2.2360680103302,1
0.12021582449475926,12.099672782556054,1,8,7.791481018066406,9.09261703491211,91.60626983642578,46.034263610839844,1,71,5.385164737701416,1,1.0,64,0.4525384288602863,6.27158993811058,59,37,0.550000011920929,0,0,0,2.7692845780697577,0.550000011920929,47,post_opening,0.12021582449475926,12,0.0,R2,-0.3826834370613369,0.9238795305660376,79.22258758544922,48.0281982421875,0.4297841874261697,2.915475845336914,1
0.09191831325491268,12.091881407444161,1,8,7.2119598388671875,9.554351806640625,92.23442840576172,47.39189910888672,1,72,5.7008771896362305,1,1.0,65,0.5068346200517115,5.951593624989284,59,37,0.550000011920929,0,0,0,2.6943122731664206,0.550000011920929,47,post_opening,0.09191831325491268,12,0.0,R2,-0.3826834370613369,0.9238795305660376,80.43026733398438,48.924102783203125,0.4580816986660163,3.640054941177368,1
0.1254762001335621,12.066767656708603,1,8,6.606422424316406,9.95819091796875,92.78157043457031,48.77494430541992,1,73,6.082762718200684,1,1.0,66,0.19832575835860616,7.581705593185306,59,37,0.550000011920929,0,0,0,2.9800099700214933,0.550000011920929,47,post_opening,0.1254762001335621,12,0.0,R2,-0.7071067811865475,0.7071067811865475,77.68986511230469,47.302032470703125,0.42452381178736687,2.8284270763397217,1
0.12799648195505142,12.016888096265468,1,8,5.983726501464844,10.2938232421875,93.24900817871094,50.16585922241211,1,74,6.51920223236084,1,1.0,67,0.255966571415396,7.290800109987113,59,37,0.550000011920929,0,0,0,2.945213232179976,0.550000011920929,47,post_opening,0.12799648195505142,12,0.0,R2,-0.7071067811865475,0.7071067811865475,78.77999877929688,48.35731506347656,0.42200352996587753,3.5,1
0.08575311675667752,13.38333911900557,1,9,5.6671905517578125,11.966560363769531,93.95393371582031,52.96291732788086,1,76,7.0,1,1.0,68,0.3364122536860609,7.287177507422619,59,37,0.5500000119209288,0,0,1,3.229920701059271,0.550000011920929,47,post_opening,0.08575311675667763,12,1.1102230246251565e-16,R2,-0.7071067811865475,0.7071067811865475,79.80146026611328,49.48163604736328,0.4642468951642513,4.031128883361816,1
0.05504737297693901,13.29321784785612,1,9,4.962738037109375,12.187858581542969,94.19749450683594,54.37016296386719,1,77,7.516648292541504,1,1.0,69,0.3882311947492584,6.974208445453038,59,37,0.5500000119209291,0,0,0,3.157263715193862,0.550000011920929,47,post_opening,0.0550473729769389,12,-1.1102230246251565e-16,R2,-0.7071067811865475,0.7071067811865475,80.74947357177734,50.66758728027344,0.49495263894399005,4.5,1
0.0550460045536359,12.937576982118022,1,9,2.9328079223632812,12.49267578125,94.53907775878906,58.526939392089844,1,80,8.86002254486084,1,1.0,72,0.16140336996957622,8.046117826680804,59,37,0.550000011920929,0,0,0,3.2454178445616817,0.547575463851293,47,post_opening,0.05262145648399991,12,-0.00242454806963599,R2,-0.9238795305660376,0.3826834370613369,80.51971435546875,50.62646484375,0.49495400736729306,4.5,1
0.07102930794159573,12.75909611790546,1,9,2.3037948608398438,12.452472686767578,94.53822326660156,59.8443717956543,1,81,9.656603813171387,1,1.0,73,0.5666707668632265,5.7476689558833645,59,37,0.550000011920929,0,0,0,2.7672135814486287,0.5383248751362165,47,post_opening,0.059354171156883295,12,-0.011675136784712437,R2,-0.7071067811865475,0.7071067811865475,83.7491455078125,55.87718200683594,0.4789707039793332,6.324555397033691,1
0.09249833898442733,12.536566907563065,1,9,1.7065353393554688,12.333244323730469,94.48810577392578,61.10818862915039,1,82,9.848857879638672,1,1.0,74,0.6035152834532312,5.447017428698648,59,37,0.5499983521967903,0,0,0,2.6494129375558066,0.5082707107067108,47,post_opening,0.05077069749434787,12,-0.04172764149007946,R2,-0.7071067811865475,0.7071067811865475,84.2962875366211,57.260223388671875,0.45750001321236294,6.7082037925720215,1
0.11395555523878353,12.273786256883636,1,9,1.1448516845703125,12.14321517944336,94.39385986328125,62.30907440185547,1,83,10.735455513000488,1,1.0,75,0.6376139101305325,5.150727826270251,59,37,0.5499848739588858,0,0,0,2.527892851140638,0.48821699370940524,47,post_opening,0.052187674989302935,12,-0.0617678802494806,R2,-0.7071067811865475,0.7071067811865475,84.76372528076172,58.65113830566406,0.4360293187201023,7.382411479949951,1
0.13288003514980956,10.826371173332612,1,8,0.7549591064453125,10.74930191040039,94.39385986328125,62.30907440185547,0,83,10.977249145507812,1,1.0,76,0.6558288082467657,4.7567812557870015,59,37,0.5499828501122761,0,0,0,2.178099229174366,0.4809642309943835,47,post_opening,0.06386141603191697,12,-0.06901861911789259,R2,-0.7071067811865475,0.7071067811865475,85.15361785888672,60.04505157470703,0.41710281496246654,7.905694007873535,1
0.059694056709607424,12.716919895684546,1,9,1.3204345703125,12.559165954589844,93.60350799560547,61.44150924682617,1,75,9.848857879638672,1,1.0,67,0.6292951118239626,5.309158344498501,62,36,0.550000011920929,0,0,0,2.5805662965356126,0.547827328244845,46,post_opening,0.057521373033523504,12,-0.0021726836760839197,R2,-0.7071067811865475,0.7071067811865475,83.79779052734375,57.36762237548828,0.49030595521132153,6.7082037925720215,1
0.07851546257734299,12.693012383679392,1,9,0.7659835815429688,12.593025207519531,93.47296905517578,62.85190200805664,1,76,10.29563045501709,1,1.0,68,0.6628711764284445,5.061114247278239,62,36,0.550000011920929,0,0,0,2.4799803137534537,0.5330418199300766,46,post_opening,0.06155727058649063,12,-0.016958191990852356,R2,-0.7071067811865475,0.7071067811865475,84.2217025756836,58.74415588378906,0.47148454934358597,7.211102485656738,1
0.09397436818068777,12.68303871020812,1,9,0.2641448974609375,12.61691665649414,93.31648254394531,64.25567626953125,1,77,10.547511100769043,1,1.0,69,0.6921512838331133,4.837946769646252,62,36,0.5499998990752851,0,0,0,2.386428201660538,0.5275936871767044,46,post_opening,0.07156815628210705,12,-0.02240621189858072,R2,-0.7071067811865475,0.7071067811865475,84.56705474853516,60.12403869628906,0.45602553089459735,7.632168769836426,1
0.10415398851169494,12.66114752114639,1,9,-0.184326171875,12.609573364257812,93.13812255859375,65.63803100585938,1,78,11.101801872253418,1,1.0,70,0.7173665950598686,4.634534885472348,62,36,0.5499942230694825,0,0,0,2.297579003511862,0.5183647374312083,46,post_opening,0.07252450287342066,12,-0.03162948563827428,R2,-0.7071067811865475,0.7071067811865475,84.83716583251953,61.51374053955078,0.4458402345577876,8.32165813446045,1
0.13232244806328358,12.61460569010871,1,9,-0.5792999267578125,12.56290054321289,92.94184875488281,66.98561096191406,1,79,11.280513763427734,1,1.0,71,0.42483390504246116,6.5942108469571785,62,36,0.5499778514786456,0,0,0,2.904548764867676,0.49703095108270645,46,post_opening,0.07937554766734439,12,-0.05294690039593919,R2,-0.9238795305660376,0.3826834370613369,82.4345932006836,59.01491165161133,0.41765540341536206,6.4031243324279785,1
0.15401032159768668,12.532116377605641,1,9,-0.9211654663085938,12.469707489013672,92.73151397705078,68.28643035888672,1,80,11.401754379272461,1,1.0,72,0.4497071241047824,6.430207208264447,62,36,0.5498324182137164,0,0,0,2.860743005757935,0.48105818529923755,46,post_opening,0.08523608868320781,12,-0.06877423291447887,R2,-0.9238795305660376,0.3826834370613369,82.56612396240234,60.4089241027832,0.39582209661602974,7.106335163116455,1
0.1825328574653538,12.393369907961635,1,9,-1.2109451293945312,12.313220977783203,92.5107421875,69.53036499023438,1,81,11.704699516296387,1,1.0,73,0.47126895895693016,6.267811135408594,62,36,0.5492596346712184,0,0,0,2.812266345270126,0.4535152092576027,46,post_opening,0.08678843205173808,12,-0.09574442541361572,R2,-0.9238795305660376,0.3826834370613369,82.6351318359375,61.80934524536133,0.3667267772058646,7.648529052734375,1
0.20763353763283565,10.99134597249795,1,8,-1.22235107421875,10.911243438720703,92.5107421875,69.53036499023438,0,81,11.88486385345459,1,1.0,74,0.48316027709794723,5.857320696716417,62,36,0.549165194315327,0,0,0,2.4749287752227453,0.4501297784348329,46,post_opening,0.10859812175234157,12,-0.09903541588049408,R2,-0.9238795305660376,0.3826834370613369,82.64653778076172,63.21132278442383,0.3415316566824913,7.762087345123291,1
0.18387214573512461,2.581088496794504,1,2,-0.4311065673828125,2.5447540283203125,92.5107421875,69.53036499023438,0,81,12.0,1,1.0,80,0.8152812673425396,5.003989398838456,62,36,0.5465533172815044,0,0,0,0.3776105869401,0.45897018909454346,46,post_opening,0.09628901754816371,12,-0.0875831281869609,R2,-0.7071067811865475,0.7071067811865475,84.4565658569336,75.47089385986328,0.36268117154637974,7.905694007873535,1
0.0696909380489617,12.479506141128644,0,16,3.867410659790039,11.8475341796875,13.867410659790039,53.8475341796875,1,15,0.0,0,1.0,0,0.6504869254223322,5.117516013133878,64,33,0.5187062102093328,1,0,0,1.7972378194184293,0.51750897616148,43,before_event,0.06849370400110882,12,-0.0011972340478528798,R1,0.9238795305660376,0.3826834370613369,21.0865535736084,46.592201232910156,0.4490152721603711,1.1180340051651,1
0.07166970513420445,12.339584952774151,0,15,3.8135948181152344,11.718376159667969,13.867410659790039,53.8475341796875,1,15,0.0,0,1.0,1,0.649803821194205,5.091127039906203,64,33,0.5194807945902858,1,0,0,1.860199173310071,0.5129875114985875,43,before_event,0.06517642204250607,12,-0.0064932830916983875,R1,0.9238795305660376,0.3826834370613369,21.140369415283203,46.72135925292969,0.4478110894560814,1.1180340051651,1
0.07443778892212999,12.07367341032169,0,14,3.7113208770751953,11.472919464111328,13.867410659790039,53.8475341796875,1,15,0.0,0,1.0,2,0.6484605262040247,5.043271277286118,64,33,0.5210023242220669,1,0,0,1.8903955148376677,0.5132785269192287,43,before_event,0.06671399161929176,12,-0.007723797302838231,R1,0.9238795305660376,0.3826834370613369,21.242643356323242,46.96681594848633,0.44656453529993695,1.1180340051651,1
0.07539912717134895,12.904246360930308,0,14,3.830216407775879,12.30331802368164,14.131635665893555,55.0267219543457,1,16,0.0,0,1.0,3,0.6400049301651534,5.294236608462214,64,33,0.5186625411767875,1,0,1,2.09600507605198,0.5231089847428458,43,before_event,0.07984557073740733,12,0.004446443566058389,R1,0.9238795305660376,0.3826834370613369,21.38797378540039,47.31560516357422,0.4432634140054385,1.1180340051651,1
0.00031339097190463683,13.181044550444332,0,11,2.8759775161743164,12.850101470947266,15.272027015686035,61.275970458984375,1,21,0.0,0,1.0,11,0.5355990303067294,6.085430743462029,64,33,0.48954393249582684,1,0,1,2.723518701670249,0.5498170256614685,43,before_event,0.05995970219373703,12,0.06027309316564167,R1,-0.7071067811865475,0.7071067811865475,3.910768508911133,56.91114807128906,0.4898573234677315,1.1180340051651,1
0.05436124625512717,13.104740849528017,0,8,10.59469223022461,-7.701107025146484,64.65150451660156,60.32095718383789,1,58,0.7071067690849304,0,1.0,51,0.9723178072423364,1.5737869082103693,65,33,0.6542814798880741,0,0,1,0.7025408031817282,0.7827754276139396,43,post_opening,0.07413270147073836,12,0.12849394772586553,R1,0.9238795305660376,-0.3826834370613369,65.14336395263672,63.42986297607422,0.7086427261432012,1.5811388492584229,1
0.06238557611258322,13.253145512988594,0,8,10.604122161865234,-7.938739776611328,65.9773941040039,59.22768783569336,1,59,0.7071067690849304,0,1.0,52,0.9689284342582458,1.6905663585902146,65,33,0.6023095030153642,0,0,1,0.7571338371001803,0.7300192515055338,43,post_opening,0.06532417237758636,12,0.12770974849016958,R1,0.9238795305660376,-0.3826834370613369,66.45982360839844,62.57422637939453,0.6646950791279475,1.4142135381698608,1
0.05074491198431408,13.39788445896706,0,8,10.609397888183594,-8.171741485595703,67.30261993408203,58.10862350463867,1,60,0.7071067690849304,0,1.0,53,0.9654509714788897,1.8056015471953835,65,33,0.555139232719233,0,0,1,0.8116742384126451,0.6584796667098999,43,post_opening,0.05259552200635276,12,0.10334043399066684,R1,0.9238795305660376,-0.3826834370613369,67.77977752685547,61.68816375732422,0.6058841447035471,1.1180340051651,1
0.06449295765005042,12.048051423298888,0,7,9.298591613769531,-7.65472412109375,69.9660873413086,55.77161407470703,1,62,0.7071067690849304,0,1.0,56,0.7720499913293061,4.058706956631964,65,33,0.5209125137412796,0,0,1,1.8625819683074951,0.559424638748169,43,post_opening,0.1030050826569398,12,0.038512125006889386,R1,1.0,0.0,72.66749572753906,63.42633819580078,0.45641955609122914,1.1180340051651,1
0.0572430658043267,12.17804368503495,1,7,9.301265716552734,-7.854732513427734,71.29705810546875,54.563270568847656,1,63,1.0,1,1.0,57,0.7640165395524328,4.152709025457309,65,33,0.47992038157590644,0,0,1,1.9123561382293701,0.5186752478281657,43,post_opening,0.09599793205658591,12,0.03875486625225921,R1,1.0,0.0,73.99578857421875,62.41800308227539,0.42267731577157974,1.1180340051651,1
0.045219522249033695,12.291344794083068,1,7,9.294677734375,-8.037361145019531,72.61982727050781,53.34260940551758,1,64,1.1180340051651,1,1.0,58,0.94914635300832,1.941645737428778,65,33,0.4312370807243691,0,0,1,0.9222139589746726,0.5186163385709127,43,post_opening,0.1325987800955773,12,0.0873792578465436,R1,0.9238795305660376,-0.3826834370613369,74.41170501708984,56.78776931762695,0.3860175584753354,1.1180340051651,1
0.024326442509657376,12.392381655614,1,7,9.290740966796875,-8.197002410888672,73.94224548339844,52.12395477294922,1,65,1.1180340051651,1,1.0,59,0.9459654264403092,2.01367458282263,65,33,0.3826942655739846,0,0,1,0.9673291606996663,0.5402815767696926,43,post_opening,0.18191375370536533,12,0.15758731119570796,R1,0.9238795305660376,-0.3826834370613369,75.7380599975586,55.728755950927734,0.35836782306432724,1.4142135381698608,1
0.03697944064361808,12.45936737226305,1,7,9.283554077148438,-8.30746078491211,75.26094818115234,50.92022705078125,1,66,1.1180340051651,1,1.0,60,0.9436623169331371,2.064822486370046,65,33,0.3375506488424833,0,0,1,1.005070302827612,0.5307321548461914,43,post_opening,0.23016094664732617,12,0.1931815060037081,R1,0.9238795305660376,-0.3826834370613369,77.06394958496094,54.6354866027832,0.30057120819886524,1.5811388492584229,1
0.026126944082903114,12.487336759221705,1,7,9.270095825195312,-8.36551284790039,76.57271575927734,49.74311065673828,1,67,1.1180340051651,1,1.0,61,0.9422697814491472,2.093884322546866,65,33,0.29764096742662516,0,0,1,1.0359480139157362,0.5285678207874298,43,post_opening,0.25705379744370777,12,0.23092685336080465,R1,0.9238795305660376,-0.3826834370613369,78.38917541503906,53.516422271728516,0.27151402334372204,1.5,1
0.015281940710209552,12.456806150011468,1,7,9.240142822265625,-8.353424072265625,77.8749771118164,48.60277557373047,1,68,1.1180340051651,1,1.0,62,0.9419712159535389,2.0949962382701957,65,33,0.2504249751186994,0,0,1,1.054530312713458,0.5126009285449982,43,post_opening,0.27745789413650834,12,0.2621759534262988,R1,0.9238795305660376,-0.3826834370613369,79.72138977050781,52.36399841308594,0.23514303440848985,1.1180340051651,1
0.0017564700739048367,12.084218461924202,0,7,9.388530731201172,-7.6046905517578125,71.25382995605469,53.67527389526367,1,69,0.5,0,1.0,63,0.9587830401361473,1.7290435934403503,66,36,0.4140136894282165,0,0,1,0.8217582103421917,0.5036826431751251,46,post_opening,0.09142542382081348,12,0.08966895374690864,R1,0.9238795305660376,-0.3826834370613369,72.95185089111328,56.68776321411133,0.41225721935431164,1.0,1
0.07095170303855941,12.28907253114415,0,7,9.438758850097656,-7.867973327636719,73.96402740478516,51.36329650878906,1,71,0.7071067690849304,0,1.0,65,0.768127579372368,4.1371777974954105,66,36,0.42146611248130206,0,0,1,1.9388349056243896,0.518548846244812,46,post_opening,0.16803443680206936,12,0.09708273376350995,R1,1.0,0.0,76.5252685546875,59.23126983642578,0.35051440944274265,1.1180340051651,1
0.05376130153100894,13.001096355418131,1,12,0.654362678527832,12.983760833740234,15.009302139282227,51.56937789916992,1,20,1.0,1,1.0,9,0.7418024387797302,4.515517696938171,67,43,0.4948893592691541,0,0,1,2.0436023330012185,0.49544441451629,53,before_event,0.054316356778144836,12,0.0005550552471358938,R3,0.7071067811865475,0.7071067811865475,22.840221405029297,47.070899963378906,0.4411280577381452,1.1180340051651,1
0.034139757411967786,13.162444909477195,0,10,5.272876739501953,11.798446655273438,20.83125114440918,78.03107452392578,1,41,0.0,0,1.0,32,0.6873350198489128,4.945365316279481,67,43,0.49721427764226106,1,0,1,2.1659392669807214,0.5217068791389465,53,before_event,0.05863235890865326,12,0.024492601496685473,R3,-0.3826834370613369,0.9238795305660376,10.96617317199707,77.31918334960938,0.4630745202302933,1.0,1
0.20978091110363833,12.266021431356796,1,9,12.115116119384766,-1.7074203491210938,63.66478729248047,70.78045654296875,1,76,1.5,1,1.0,68,0.7988669116527637,3.844318458442547,67,43,0.39535171736851565,0,0,1,1.7453179904454417,0.4804344152410825,53,post_opening,0.29486360897620517,12,0.08508269787256684,R3,0.7071067811865475,-0.7071067811865475,60.034950256347656,64.00259399414062,0.18557080626487732,1.1180340051651,1
0.1815553389714826,12.289049531651086,1,9,12.182083129882812,-1.3857574462890625,65.04248046875,70.7592544555664,1,77,1.5,1,1.0,69,0.7824963735609736,4.002174208901788,67,43,0.39195753834909886,0,0,1,1.8190542053725594,0.45351360986630124,53,post_opening,0.24311141048868498,12,0.06155607151720238,R3,0.7071067811865475,-0.7071067811865475,61.345680236816406,63.65972900390625,0.21040219937761626,1.5,1
0.22368330442107714,12.843433447608042,1,7,8.659660339355469,-9.482173919677734,84.9880142211914,41.46466064453125,1,58,4.27200174331665,1,1.0,52,0.7384070340823993,4.509134211901356,70,27,0.5318160298784276,0,0,0,2.201597690582276,0.4980691894888878,37,post_opening,0.18993646403153736,12,-0.03374684038953979,R3,-1.8369701465288538e-16,-1.0,76.32835388183594,38.946834564208984,0.30813272545735043,3.3541018962860107,1
0.18915597709125997,12.687820743767078,1,7,8.474929809570312,-9.439998626708984,86.08580017089844,40.18180465698242,1,59,5.0,1,1.0,53,0.431826275989577,6.585230883492771,70,27,0.53542027609653,0,0,0,2.915375017902575,0.5172157163421313,37,post_opening,0.17095141733686126,12,-0.01820455975439872,R3,-0.3826834370613369,-0.9238795305660376,73.01866912841797,38.535247802734375,0.34626429900527,3.535533905029297,1
0.1674880140147867,12.439255758738867,1,7,8.236289978027344,-9.320011138916016,87.12289428710938,38.95254135131836,1,60,5.522680282592773,1,1.0,54,0.4388776173363989,6.474775394975061,70,27,0.5456677107137702,0,0,0,2.8723269386191137,0.5361675570408503,37,post_opening,0.1579878603418668,12,-0.009500153672919898,R3,-0.3826834370613369,-0.9238795305660376,74.29440307617188,37.185997009277344,0.3781796966989835,4.27200174331665,1
0.09691688824432249,10.575464691500244,1,6,6.9697723388671875,-7.952659606933594,87.12289428710938,38.95254135131836,0,60,6.082762718200684,1,1.0,55,0.4425770750604269,5.989584967132226,70,27,0.5492287045591787,0,0,0,2.4359731054963403,0.5491635551055273,37,post_opening,0.09685173879067105,12,-6.514945365143632e-05,R3,-0.3826834370613369,-0.9238795305660376,75.56092071533203,35.81864929199219,0.45231181631485623,5.220153331756592,1
0.43039879697590816,12.517071862228944,0,9,12.463310241699219,1.1384201049804688,58.00030517578125,59.55158233642578,1,43,0.0,0,1.0,35,0.6398547284368382,5.206735086314181,72,27,0.8330256218515808,1,1,0,2.37632550092004,0.47277044256528217,37,pre_opening,0.07014361768960953,12,-0.36025517928629863,R2,0.7071067811865475,-0.7071067811865475,54.02227783203125,49.927879333496094,0.40262682487567264,1.5,1
0.5070110327841514,12.554623201876964,0,9,12.497310638427734,1.1886367797851562,59.403038024902344,59.677574157714844,1,44,0.0,0,1.0,36,0.6369782381169453,5.236437699691044,72,27,0.8904158017875426,1,1,0,2.4005573088504577,0.4945344254374504,37,pre_opening,0.11112965643405914,12,-0.39588137635009224,R2,0.7071067811865475,-0.7071067811865475,55.39100646972656,50.00365447998047,0.38340476900339127,1.5811388492584229,1
0.25275621619342714,12.640325284589133,1,9,12.595489501953125,0.4635200500488281,66.3978042602539,59.56889343261719,1,49,1.5,1,1.0,41,0.6806241924343595,4.923789299303996,72,27,0.8536704598021403,0,0,1,2.3906316923086632,0.8809537837902705,37,post_opening,0.2800395401815573,12,0.02728332398813016,R2,0.7071067811865475,-0.7071067811865475,62.28759765625,50.620094299316406,0.6009142436087132,1.5,1
0.20162311820710188,12.648911679202037,1,9,12.5919189453125,0.079010009765625,67.79263305664062,59.33217239379883,1,50,1.5,1,1.0,42,0.7026560944452453,4.7489869260265225,72,27,0.8089973281177331,0,0,1,2.346622560008206,0.8476979285478592,37,post_opening,0.240323718637228,12,0.03870060043012613,R2,0.7071067811865475,-0.7071067811865475,63.685997009277344,50.76788330078125,0.6073742099106312,1.5811388492584229,1
0.1773723700905766,12.683584470809063,1,9,12.602325439453125,-0.37888336181640625,69.2003402709961,59.027347564697266,1,51,1.5,1,1.0,43,0.728036681259744,4.5459787417304724,72,27,0.7639610024059739,0,0,1,2.2854620205873317,0.7755891035000483,37,post_opening,0.18900047118465102,12,0.011628101094074417,R2,0.7071067811865475,-0.7071067811865475,65.08329772949219,50.92095184326172,0.5865886323153973,1.4142135381698608,1
0.147409441877715,12.737237976327448,1,9,12.614852905273438,-0.8983955383300781,70.61515808105469,58.6531867980957,1,52,1.5,1,1.0,44,0.7555513866464528,4.318975811837236,72,27,0.7187867788566273,0,0,1,2.207244752726535,0.7239545931418737,37,post_opening,0.15257725616296136,12,0.005167814285246375,R2,0.7071067811865475,-0.7071067811865475,66.48558807373047,51.06629943847656,0.5713773369789124,1.1180340051651,1
0.10648290913505892,12.90033147407829,1,10,12.660163879394531,-2.2103538513183594,47.70089340209961,52.87284469604492,1,30,1.1180340051651,1,1.0,21,0.8442949999329241,3.4910962129140084,73,32,0.49290101827386557,0,0,0,1.8331074042567297,0.45650992045799893,42,before_event,0.07009181131919229,12,-0.036391097815866635,R1,0.9238795305660376,0.3826834370613369,46.127281188964844,59.67539978027344,0.38641810913880664,1.1180340051651,1
0.09320742608044669,12.959079080668678,1,10,12.782047271728516,-1.8475799560546875,49.024330139160156,52.839691162109375,1,31,1.1180340051651,1,1.0,22,0.8596307749204686,3.329620365368599,73,32,0.5088783921890867,0,0,0,1.7577610848528926,0.4687936305999756,42,before_event,0.05312266449133557,12,-0.04008476158911112,R1,0.9238795305660376,0.3826834370613369,47.328834533691406,59.27947235107422,0.41567096610864,1.4142135381698608,1
0.08866384111570524,13.020581552644838,1,10,12.894485473632812,-1.4983901977539062,50.3548583984375,52.83289337158203,1,32,2.0,1,1.0,23,0.8735321695616645,3.1766300868095723,73,32,0.519339533972017,0,0,0,1.6836025875641882,0.48664233088493347,42,before_event,0.055966638028621674,12,-0.03269720308708357,R1,0.9238795305660376,0.3826834370613369,48.54692840576172,58.923484802246094,0.4306756928563118,1.5,1
0.07089334386607493,13.080011082282272,1,10,12.992774963378906,-1.1795539855957031,51.68798828125,52.83944320678711,1,33,2.0,1,1.0,24,0.8854958366391641,3.0391952478211377,73,32,0.530004058361257,0,0,0,1.6132028598648847,0.517423689365387,42,before_event,0.058312974870204926,12,-0.012580368995870006,R1,0.9238795305660376,0.3826834370613369,49.781768798828125,58.61119842529297,0.45911071449518204,1.5811388492584229,1
0.06624591801875918,13.309353410240258,1,10,13.29610824584961,-0.4358100891113281,57.07884979248047,52.718204498291016,1,37,2.0,1,1.0,28,0.6835626595339315,5.067789886022331,73,32,0.5480561177364398,0,0,0,2.4321596963439522,0.5461387932300568,42,before_event,0.06432859351237613,12,-0.0019173245063830446,R1,0.7071067811865475,0.7071067811865475,52.26802062988281,61.63929748535156,0.48181019971768063,1.1180340051651,1
0.054435980716256605,12.099190135586934,1,9,12.092700958251953,-0.3037528991699219,59.79359436035156,52.569091796875,1,39,2.0615527629852295,1,1.0,31,0.35936343434824475,6.819027317424032,73,32,0.5495472623893701,0,0,0,2.799669632550404,0.5493898242712021,42,before_event,0.054278542598088564,12,-0.00015743811816804065,R1,0.3826834370613369,0.9238795305660376,52.293094635009766,63.95939636230469,0.4951112816731135,1.0,1
0.16676636413593277,12.680152666693637,1,10,5.029563903808594,-11.460769653320312,93.68067932128906,31.256549835205078,1,71,2.5,1,1.0,62,0.6922150989316861,4.814519758514117,73,32,0.5500001323805171,0,0,0,2.5033386226289953,0.5499689280986786,42,post_opening,0.1667351598540942,12,-3.120428183855939e-05,R1,-0.3826834370613369,-0.9238795305660376,84.05891418457031,31.630765914916992,0.3832337682445844,1.1180340051651,1
0.20506846203892687,12.389012498490251,1,10,4.3091278076171875,-11.462461471557617,93.81441497802734,30.194368362426758,1,72,2.5,1,1.0,63,0.41305766414225337,6.568114979997405,73,32,0.5500000893522229,0,0,0,2.9840899961173166,0.5499676416317621,42,post_opening,0.20503601431846613,12,-3.244772046073763e-05,R1,-0.7071067811865475,-0.7071067811865475,81.02000427246094,33.171546936035156,0.344931627313296,1.0,1
0.0540197497265984,12.376364986696359,1,9,12.365486145019531,-0.45723724365234375,67.80044555664062,55.35860061645508,1,48,1.5,1,1.0,40,0.9091077915705681,2.6044429621355296,74,26,0.8938041633027245,0,0,1,1.310267956666609,0.9151392330725988,36,post_opening,0.07535481949647271,12,0.021335069769874315,R1,0.9238795305660376,0.3826834370613369,66.52151489257812,60.40803909301758,0.8397844135761261,1.0,1
0.1089586003455204,12.644833309172338,0,11,9.333684921264648,8.522798538208008,33.71596145629883,37.2869987487793,1,17,0.0,0,1.0,7,0.6743012231949482,4.980175472582872,75,24,0.4531666545900387,1,0,1,2.1295858224232993,0.5474438667297363,34,before_event,0.20323581248521805,12,0.09427721213969764,R3,6.123234262925839e-17,1.0,24.38227653503418,40.764198303222656,0.3442080542445183,1.0,1
0.13592906558761186,12.468568764651865,1,9,12.406593322753906,0.8574447631835938,71.71257019042969,53.68468475341797,1,46,1.1180340051651,1,1.0,38,0.7541773535836113,4.288373527861894,75,24,0.6044125878388764,0,0,1,1.9474517133752998,0.9438908100128174,34,post_opening,0.2035491565863291,12,0.33947822217394097,R3,0.7071067811865475,0.7071067811865475,67.791259765625,61.312522888183594,0.7403416534264883,1.1180340051651,1
0.17930923357304807,12.534446815420225,1,9,12.532142639160156,-0.07715606689453125,70.3453369140625,61.23597717285156,1,46,1.0,1,1.0,38,0.7027400510093346,4.735304498965942,76,24,0.8928579124778199,0,0,1,2.239215261523213,0.9073615670204163,34,post_opening,0.19381288811564445,12,0.01450365454259639,R2,0.7071067811865475,0.7071067811865475,66.29847717285156,69.79841613769531,0.7135486789047718,1.0,1
0.17488620345352623,12.561672145452718,1,9,12.555976867675781,0.042095184326171875,71.74252319335938,61.33541488647461,1,47,1.0,1,1.0,39,0.7094734410913233,4.68662907009514,76,24,0.8387340087648087,0,0,1,2.2383452157000328,0.8674197842677435,34,post_opening,0.20357197895646095,12,0.02868577550293472,R2,0.7071067811865475,0.7071067811865475,67.67182922363281,69.77860260009766,0.6638478053112825,1.1180340051651,1
0.05469821207471215,10.761052773102008,1,8,10.673072814941406,1.1829757690429688,78.218017578125,62.347023010253906,0,52,1.0,1,1.0,45,0.9939135556545132,0.8888429873422987,76,24,0.4758502263551203,0,0,1,0.21505631340874565,0.760377049446106,34,post_opening,0.2298286110162735,12,0.28452682309098565,R2,1.0,0.0,79.5449447631836,61.16404724121094,0.5305484384298325,1.0,1
0.06551521252277787,12.563417899850654,0,16,11.676519393920898,-4.626338958740234,25.6765193939209,61.373661041259766,1,15,0.0,0,1.0,0,0.7179574038364964,4.6186995716925185,77,29,0.38932640086296494,1,0,1,1.6875832965738384,0.4987398535013199,39,before_event,0.1749286651611328,12,0.10941345263835495,R2,0.9238795305660376,0.3826834370613369,25.0865535736084,70.59220123291016,0.3238111883401871,1.0,1
0.06463468616654561,12.4262977031242,0,15,11.546333312988281,-4.583286285400391,25.6765193939209,61.373661041259766,1,15,0.0,0,1.0,1,0.7175129947778579,4.593499989316885,77,29,0.38852376784334663,1,0,1,1.74825948233787,0.4987398535013199,39,before_event,0.17485077182451886,12,0.11021608565797325,R2,0.9238795305660376,0.3826834370613369,25.216739654541016,70.54914855957031,0.323889081676801,1.0,1
0.05737056260944756,12.169424510676285,0,14,11.30212116241455,-4.503635406494141,25.6765193939209,61.373661041259766,1,15,0.0,0,1.0,2,0.7165924027400998,4.549195344918476,77,29,0.3869714804057415,1,0,1,1.7812882336103408,0.5282461047172546,39,before_event,0.19864518692096073,12,0.14127462431151316,R2,0.9238795305660376,0.3826834370613369,25.460952758789062,70.46949768066406,0.3296009177962939,1.0,1
0.05138321541494034,13.015755353832903,0,14,12.094751358032227,-4.8010711669921875,26.815595626831055,60.964080810546875,1,16,0.0,0,1.0,3,0.7175084276931342,4.723611678347519,77,29,0.3757114988838226,1,0,1,1.9732033144369558,0.5166420340538025,39,before_event,0.19231375058492023,12,0.1409305351699799,R2,0.9238795305660376,0.3826834370613369,25.807397842407227,70.35735321044922,0.32432828346888226,1.0,1
0.052410864596427076,12.542519871710917,0,13,11.646438598632812,-4.6495208740234375,26.815595626831055,60.964080810546875,1,16,0.0,0,1.0,4,0.7161436161153052,4.629333071378417,77,29,0.3717450363088256,1,0,1,1.9583583677400433,0.5166420340538025,39,before_event,0.19730786234140396,12,0.14489699774497689,R2,0.9238795305660376,0.3826834370613369,26.25571060180664,70.20580291748047,0.31933417171239853,1.0,1
0.04352269259077013,13.195923780625229,0,13,12.266404151916504,-4.855995178222656,27.970441818237305,60.56977081298828,1,17,0.0,0,1.0,5,0.7181565937083135,4.760789340017353,77,29,0.3566948044993649,1,0,1,2.11062788827872,0.45729395747184753,39,before_event,0.14412184556325275,12,0.10059915297248262,R2,0.9238795305660376,0.3826834370613369,26.790592193603516,70.0179672241211,0.3131721119085948,1.0,1
0.030099497042279322,12.532517534982937,0,12,11.64790153503418,-4.6160736083984375,27.970441818237305,60.56977081298828,1,17,0.0,0,1.0,6,0.7179019651611616,4.612684605706142,77,29,0.34822803070364483,1,0,1,2.043809212403863,0.45729395747184753,39,before_event,0.13916542381048203,12,0.1090659267682027,R2,0.9238795305660376,0.3826834370613369,27.409093856811523,69.77804565429688,0.3181285336613655,1.0,1
0.08207124494468054,12.288855941229901,0,9,12.282585144042969,-0.19415664672851562,58.056007385253906,56.956878662109375,1,40,0.0,0,1.0,32,0.718194629045275,4.559665985727764,77,29,0.5403519498602041,1,1,0,2.100806899192251,0.5185923452178637,39,pre_opening,0.06031164030234015,12,-0.02175960464234039,R2,0.7071067811865475,-0.7071067811865475,54.258705139160156,48.66575622558594,0.45828070491552353,1.0,1
0.10171357904887995,12.304038039070953,0,9,12.299701690673828,-0.06726455688476562,59.427894592285156,56.99973678588867,1,41,0.0,0,1.0,33,0.7109631722111635,4.620953706176589,77,29,0.549117317944932,1,1,0,2.1289429214288864,0.5260671327511469,39,pre_opening,0.07866339385509485,12,-0.0230501851937851,R2,0.7071067811865475,-0.7071067811865475,55.61347198486328,48.58171844482422,0.44740373889605206,1.1180340051651,1
0.11205270088646518,12.319968204704043,0,9,12.316585540771484,0.041599273681640625,60.8026237487793,57.04236602783203,1,42,0.0,0,1.0,34,0.7047145081803309,4.674038255482068,77,29,0.5578751732601097,1,1,0,2.1548827219658375,0.5341887101531029,39,pre_opening,0.08836623777945835,12,-0.02368646310700684,R2,0.7071067811865475,-0.7071067811865475,56.97132110595703,48.51548767089844,0.44582247237364453,1.4142135381698608,1
0.07647967200380001,12.929590128134734,0,11,9.40810775756836,8.853015899658203,33.813232421875,37.8602409362793,1,17,0.0,0,1.0,7,0.685295992266386,4.960241942330586,78,24,0.4206877262483183,1,0,1,2.1555424531300864,0.503822386264801,34,before_event,0.15961433202028275,12,0.08313466001648273,R3,6.123234262925839e-17,1.0,24.40512466430664,41.007225036621094,0.3442080542445183,1.0,1
0.08269697883987809,13.430118918139772,0,11,9.875572204589844,9.089942932128906,34.90541458129883,38.799625396728516,1,18,0.0,0,1.0,8,0.6772347204840197,5.147702363830246,78,24,0.4049965114321747,1,0,1,2.280695676803589,0.545046329498291,34,before_event,0.22274679690599442,12,0.14004981806611633,R3,6.123234262925839e-17,1.0,25.029842376708984,41.70968246459961,0.3222995325922966,1.0,1
0.19721505462657807,13.124547663061923,1,9,12.706367492675781,3.2781410217285156,71.9752197265625,56.202274322509766,1,46,1.1180340051651,1,1.0,38,0.8613313584879201,3.351562384729291,78,24,0.354838560824281,0,0,1,1.6226123974753581,0.9438753724098206,34,post_opening,0.3918217569589615,12,0.5890368115855396,R3,0.7071067811865475,0.7071067811865475,67.75413513183594,61.40941619873047,0.5520536154508591,1.1180340051651,1
0.10651854856296683,12.688300216846645,1,9,12.601055145263672,-0.3773384094238281,69.1412124633789,58.97291564941406,1,51,1.5,1,1.0,43,0.7279547770926933,4.546380828828167,79,30,0.8596901117114654,0,0,1,2.2884797349407116,0.8755583713452021,40,post_opening,0.12238680819670356,12,0.015868259633736725,R2,0.7071067811865475,-0.7071067811865475,65.02543640136719,50.86497497558594,0.7531715631484985,1.0,1
0.06413294183985507,12.763305064255698,1,9,12.619537353515625,-0.9581413269042969,70.55883026123047,58.54078674316406,1,52,1.5,1,1.0,44,0.7586106121829321,4.293887012556487,79,30,0.813775125223161,0,0,1,2.2082623462369826,0.8239531616369883,40,post_opening,0.07431097825368238,12,0.010178036413827307,R2,0.7071067811865475,-0.7071067811865475,66.42457580566406,51.013648986816406,0.7496421833833059,1.1180340051651,1
0.011826558799307385,12.454107976061445,1,9,12.377944946289062,0.7409553527832031,69.22368621826172,49.72515869140625,1,48,1.5,1,1.0,40,0.7480957150682392,4.3338022527823865,80,26,0.7866087296513328,0,0,1,2.1579256569933665,0.8306458443403244,36,post_opening,0.055863673488299015,12,0.04403711468899163,R2,0.7071067811865475,0.7071067811865475,65.33102416992188,57.469482421875,0.7747821708520254,1.5,1
0.041768642777585296,12.525113319696228,1,9,12.4027099609375,1.1780586242675781,70.61758422851562,50.09389114379883,1,49,2.5,1,1.0,41,0.955925845148222,1.8295240069018912,80,26,0.7143085537000331,0,0,1,1.0662202455991125,0.7542828271786371,36,post_opening,0.08174291625618935,12,0.03997427347860405,R2,0.9238795305660376,0.3826834370613369,69.30142974853516,53.508033752441406,0.6725399109224478,2.0,1
0.2572458273996401,12.302590549721916,0,9,12.148826599121094,1.8826065063476562,52.408199310302734,54.977542877197266,1,39,0.0,0,1.0,31,0.5904844390653462,5.49805947585278,81,27,0.6832179836262751,1,1,0,2.5019361918642824,0.5403256068627039,37,pre_opening,0.11435345063606894,12,-0.14289237676357114,R1,0.7071067811865475,-0.7071067811865475,48.744651794433594,44.609657287597656,0.425972156226635,1.0,1
0.3011850163006488,12.320399698200086,0,9,12.182579040527344,1.8072586059570312,53.7718620300293,55.217987060546875,1,40,0.0,0,1.0,32,0.9700340565222297,1.496427532539118,81,27,0.728322188771139,1,1,0,0.735580675444209,0.5427512178818384,37,pre_opening,0.11561404541134829,12,-0.18557097088930052,R1,0.9238795305660376,0.3826834370613369,52.67583465576172,58.0029296875,0.42713717247049016,2.0,1
0.3775461217368233,12.367733420212831,0,9,12.226905822753906,1.8266639709472656,55.155418395996094,55.50864028930664,1,41,0.0,0,1.0,33,0.9702829627457525,1.4957101364687486,81,27,0.7734237524970956,1,1,0,0.7672962361059377,0.5443396220604578,37,pre_opening,0.1484619913001855,12,-0.22908413043663778,R1,0.9238795305660376,0.3826834370613369,54.01506805419922,58.27417755126953,0.3958776307602723,2.5,1
0.4837240568023244,12.457308726505694,0,9,12.288536071777344,1.9658584594726562,56.562252044677734,55.87582778930664,1,42,0.0,0,1.0,34,0.9727308802326634,1.444164366917321,81,27,0.8185511247536857,1,1,0,0.774749334739659,0.5455976376930872,37,pre_opening,0.21077056974172587,12,-0.2729534870605985,R1,0.9238795305660376,0.3826834370613369,55.360267639160156,58.50217056274414,0.33482706795136136,3.0,1
0.5586906698061986,12.590558598114175,0,9,12.367107391357422,2.223217010498047,57.98599624633789,56.31945037841797,1,43,0.0,0,1.0,35,0.9770125766129579,1.3464675489282685,81,27,0.8630648343974316,1,1,0,0.7544740260413848,0.49837977687517804,37,pre_opening,0.19400561228394508,12,-0.3646850575222536,R1,0.9238795305660376,0.3826834370613369,56.7054443359375,58.68843460083008,0.30437416459123295,4.0,1
0.193044366623293,12.268725385138831,1,8,11.38521957397461,4.407768249511719,65.1570816040039,59.625755310058594,1,48,1.5,1,1.0,41,0.9147047091576255,2.5017883882312644,81,27,0.6568094935867494,0,0,0,1.3442165259325862,0.5314796629051367,37,post_opening,0.06771453594168025,12,-0.12532983068161274,R1,0.7071067811865475,0.7071067811865475,62.25714111328125,63.703269958496094,0.46376512696345645,1.0,1
0.19662228154658,13.320246200324577,1,8,10.731483459472656,7.879570007324219,77.30205535888672,68.36529541015625,1,57,8.0,1,1.0,50,0.23832838172377496,7.827836041647449,81,27,0.5431382611644141,0,0,0,3.2796801180133794,0.5053440953294436,37,post_opening,0.15882811571160949,12,-0.03779416583497053,R1,-0.3826834370613369,0.9238795305660376,61.978370666503906,71.57228088378906,0.3465159796178341,6.324555397033691,1
0.14673884003258475,13.139769323860689,1,8,10.482269287109375,7.91473388671875,78.46133422851562,69.3178939819336,1,58,8.5,1,1.0,51,0.6025808930699135,5.62510819059955,81,27,0.546414570648439,0,0,0,2.6991060045030384,0.5318683808048567,37,post_opening,0.1321926501890024,12,-0.014546189843582358,R1,6.123234262925839e-17,1.0,67.97906494140625,73.40316009521484,0.39967573061585426,8.0,1
0.09952801770759567,11.442292743182433,1,7,9.082267761230469,6.954826354980469,78.46133422851562,69.3178939819336,1,58,9.51314926147461,1,1.0,52,0.6079774674860307,5.194741687396159,81,27,0.5497892007906531,0,0,0,2.336493492126465,0.5473237782716751,37,post_opening,0.0970625951886177,12,-0.0024654225189779666,R1,6.123234262925839e-17,1.0,69.37906646728516,74.36306762695312,0.4502611830830574,8.514693260192871,1
0.08272595154366408,12.708326344254091,1,11,12.70832633972168,0.00017547607421875,35.02418899536133,74.00017547607422,1,23,1.5,1,1.0,13,0.7071165448219814,4.7389650764035895,82,23,0.4768301367473753,0,0,0,2.1715254447226275,0.46644406765699387,33,before_event,0.07233988245328266,12,-0.010386069090381422,R3,0.7071067811865475,0.7071067811865475,30.801143646240234,82.48528289794922,0.3941041852037112,5.315073013305664,1
0.07268834455533102,12.952938148592121,1,11,12.952938079833984,0.000579833984375,36.29708480834961,74.00057983398438,1,24,1.5,1,1.0,14,0.7071384338789728,4.794531936243408,82,23,0.4944802929334171,0,0,0,2.219880748802368,0.48302213102579117,33,before_event,0.06123018264770508,12,-0.011458161907625941,R3,0.7071067811865475,0.7071067811865475,31.82942771911621,82.48528289794922,0.4217919483780861,4.949747562408447,1
0.2484228106120136,13.314845031287074,0,10,13.314826965332031,-0.00811004638671875,52.188575744628906,73.99323272705078,1,36,0.0,0,1.0,27,0.7075373478966671,4.878190121706533,82,23,0.7115507266699181,1,1,0,2.342072600808744,0.5499985367059708,33,pre_opening,0.08687062064806622,12,-0.16155218996394738,R3,0.7071067811865475,-0.7071067811865475,47.359031677246094,65.51605987548828,0.46312791605790454,1.1180340051651,1
0.3004922876807558,12.006747031182801,0,9,12.006729125976562,-0.008758544921875,52.188575744628906,73.99323272705078,1,36,0.0,0,1.0,28,0.7076224058758567,4.589445735716723,82,23,0.7291512039852647,1,1,0,2.113568155701858,0.5499871373176575,33,pre_opening,0.12132822101314861,12,-0.1791640666676072,R3,0.7071067811865475,-0.7071067811865475,48.66712951660156,65.51670837402344,0.42865891630450886,1.4142135381698608,1
0.3681073475726031,12.039885338944469,0,9,12.039844512939453,-0.01723480224609375,53.535587310791016,73.9853515625,1,37,0.0,0,1.0,29,0.7081182652168463,4.5919153636011005,82,23,0.7734105166144751,1,1,0,2.1203630369013053,0.5498720705509186,33,pre_opening,0.14456890150904655,12,-0.22353844606355655,R3,0.7071067811865475,-0.7071067811865475,49.98102569580078,65.51730346679688,0.405303169041872,1.8027756214141846,1
0.44109452829849555,12.090557693615956,0,9,12.09048080444336,-0.02783203125,54.90403747558594,73.97539520263672,1,38,0.0,0,1.0,30,0.7087326482279419,4.596899895938371,82,23,0.8177487347631835,1,1,0,2.1273123441536965,0.5490397363901138,33,pre_opening,0.17238552992542583,12,-0.2687089983730697,R3,0.7071067811865475,-0.7071067811865475,51.29883575439453,65.5179443359375,0.376654206464688,2.692582368850708,1
0.5028835113149368,12.13342458416131,0,9,12.133319854736328,-0.03716278076171875,56.275672912597656,73.96663665771484,1,39,0.0,0,1.0,31,0.709269230416571,4.6010578942467255,82,23,0.8620221192937576,1,1,0,2.131973583294129,0.5484621822834015,33,pre_opening,0.1893235743045807,12,-0.3135599370103561,R3,0.7071067811865475,-0.7071067811865475,52.62763214111328,65.51851654052734,0.3591386079788208,3.1622776985168457,1
0.5703627334063005,12.172405038676143,0,9,12.172279357910156,-0.04524993896484375,57.647830963134766,73.95903778076172,1,40,0.0,0,1.0,32,0.7097305170034286,4.605109319388418,82,23,0.9061143786733102,1,1,0,2.1363522699621433,0.5464101483424505,33,pre_opening,0.21065850307544076,12,-0.35970423033085974,R3,0.7071067811865475,-0.7071067811865475,53.96083068847656,65.51900482177734,0.33575164526700974,3.640054941177368,1
0.14474648449206728,12.346944538208913,1,9,12.346820831298828,-0.04931640625,65.88240814208984,73.93603515625,1,46,1.5,1,1.0,38,0.7099254860645585,4.638885515966657,82,23,0.8705359246669648,0,0,1,2.174490919462173,0.8809990485509237,33,post_opening,0.15520960837602615,12,0.01046312388395887,R3,0.7071067811865475,-0.7071067811865475,62.02086639404297,65.50006866455078,0.7257894401748975,1.0,1
0.1246638669011233,12.284671662016835,1,9,12.284584045410156,-0.03993988037109375,67.1886215209961,73.93545532226562,1,47,2.0,1,1.0,39,0.7094019912779249,4.630294480204623,82,23,0.8274674265024302,0,0,1,2.1751343838277584,0.8475605448087057,33,post_opening,0.14475698520739877,12,0.02009311830627547,R3,0.7071067811865475,-0.7071067811865475,63.389320373535156,65.4901123046875,0.7028035596013069,2.0,1
0.11436548039174788,12.16796737922152,1,9,12.16790771484375,-0.03101348876953125,68.4435806274414,73.93562316894531,1,48,3.0,1,1.0,40,0.9248519076939915,2.3438086681206745,82,23,0.7850286682929268,0,0,1,1.1689264284685066,0.81421992679437,33,post_opening,0.1435567388931911,12,0.029191258501443218,R3,0.9238795305660376,-0.3826834370613369,67.36222839355469,69.37443542480469,0.670663187901179,2.5,1
0.11659688423828007,10.795788287927403,1,8,10.79574966430664,-0.02341461181640625,68.4435806274414,73.93562316894531,0,48,3.5,1,1.0,41,0.7086387393936682,4.385814895711499,82,23,0.7640602878804577,0,0,0,1.9293039472633116,0.7475531796614329,33,post_opening,0.10008977601925528,12,-0.01650710821902479,R3,0.7071067811865475,-0.7071067811865475,66.13311004638672,65.4737548828125,0.6474634036421776,3.0,1
0.1521973455924085,9.416573203306289,1,7,9.416549682617188,-0.01696014404296875,68.4435806274414,73.93562316894531,0,48,4.0,1,1.0,42,0.9245672819302689,2.4352489804816315,82,23,0.7368263001221708,0,0,0,0.908820153164509,0.714219848314921,33,post_opening,0.12959089378515876,12,-0.02260645180724974,R3,0.9238795305660376,-0.3826834370613369,70.11358642578125,69.36038208007812,0.5846289545297623,4.0,1
0.13078041434105414,8.036554201435688,1,6,8.036540985107422,-0.011627197265625,68.4435806274414,73.93562316894531,0,48,5.0,1,1.0,43,0.7081290759688793,4.242764629768364,82,23,0.7002205941559492,0,0,0,1.4398394242816412,0.6808865169684092,33,post_opening,0.11144633715351415,12,-0.01933407718753999,R3,0.7071067811865475,-0.7071067811865475,68.89231872558594,65.46196746826172,0.569440179814895,4.5,1
0.1214829746304299,6.658633172625299,1,5,6.658626556396484,-0.00736236572265625,68.4435806274414,73.93562316894531,0,48,5.5,1,1.0,44,0.7078881881943413,4.336236732600522,82,23,0.6486033934770371,0,0,0,1.1941541890960943,0.6142489264408747,33,post_opening,0.08712850759426749,12,-0.034354467036162406,R3,0.7071067811865475,-0.7071067811865475,70.27023315429688,65.45770263671875,0.5271204188466072,5.0,1
0.0623605473884018,5.275744374086768,1,4,5.2757415771484375,-0.00411224365234375,68.4435806274414,73.93562316894531,0,48,6.5,1,1.0,45,0.7076577295581006,4.534076839810782,82,23,0.5722663749305479,0,0,1,0.9452104453794584,0.5817630589008331,33,post_opening,0.07185723135868705,12,0.009496683970285247,R3,0.7071067811865475,-0.7071067811865475,71.65312194824219,65.45445251464844,0.5099058275421461,6.0,1
0.08235833415600563,12.130093288311494,1,9,12.128108978271484,0.03549957275390625,52.71563720703125,62.72987747192383,1,36,5.408327102661133,1,1.0,28,0.9227554443845262,2.3717322983923,83,29,0.5085198307455868,0,0,0,1.187842868279886,0.48907767484585446,39,before_event,0.06291617825627327,12,-0.01944215589973236,R1,0.9238795305660376,-0.3826834370613369,51.67407989501953,58.102176666259766,0.4261614965895812,5.147815227508545,1
0.08409856976668723,12.177677263935985,1,9,12.176029205322266,-0.04345703125,54.08555603027344,62.69577407836914,1,37,5.830951690673828,1,1.0,29,0.9252394594293766,2.3386980951086107,83,29,0.49328259102106775,0,0,0,1.1725079821831836,0.4707321797808011,39,pre_opening,0.06154815852642059,12,-0.022550411240266632,R1,0.9238795305660376,-0.3826834370613369,52.99607849121094,58.147029876708984,0.4091840212543805,5.590169906616211,1
0.05404027030340697,12.520341987356666,1,9,12.483604431152344,0.3745574951171875,72.0385513305664,62.8980598449707,1,50,1.5,1,1.0,42,0.7279951701608829,4.52134879662892,83,29,0.8581342719542172,0,0,1,2.214017784999715,0.881362110376358,39,post_opening,0.07726810872554779,12,0.023227838422140823,R1,0.7071067811865475,0.7071067811865475,68.04022979736328,71.00878143310547,0.8040940016508102,1.0,1
0.04436821116438061,12.568497469697762,1,9,12.49749755859375,0.7381782531738281,73.43518829345703,63.21319580078125,1,51,2.0,1,1.0,43,0.9448364042698132,2.0520856019507456,83,29,0.8127746718469316,0,0,1,1.1524316812993767,0.8480272591114044,39,post_opening,0.07962079842885339,12,0.03525258726447278,R1,0.9238795305660376,0.3826834370613369,72.02424621582031,67.06721496582031,0.768406460682551,2.0,1
0.039441115617997125,12.630323038149752,1,9,12.505931854248047,1.1797637939453125,74.82758331298828,63.605690002441406,1,52,3.0,1,1.0,44,0.9557371865661035,1.8479292054149823,83,29,0.7676310434542564,0,0,1,1.0784863511179794,0.8146938433249792,39,post_opening,0.08650391548871994,12,0.047062799870722816,R1,0.9238795305660376,0.3826834370613369,73.408203125,67.01812744140625,0.7281899278362592,2.5,1
0.1817970715683549,12.425126623858324,1,9,12.387882232666016,-0.6713218688964844,69.28556060791016,46.00203323364258,1,52,1.5,1,1.0,44,0.7443340223189205,4.3671586387882515,84,30,0.8337109975737184,0,0,1,2.131212107752713,0.8754156480232874,40,post_opening,0.22350172201792395,12,0.04170465044956906,R1,0.7071067811865475,-0.7071067811865475,65.3829574584961,38.188072204589844,0.6519139260053635,1.5,1
0.16931180224887588,12.457937390584897,1,9,12.407161712646484,-0.9057083129882812,70.67744445800781,45.80402755737305,1,53,2.5,1,1.0,45,0.7567112365713726,4.267055671659968,84,30,0.786709818403642,0,0,1,2.0895135668400595,0.8235513021548589,40,post_opening,0.20615328600009286,12,0.036841483751216986,R1,0.7071067811865475,-0.7071067811865475,66.75556182861328,38.224456787109375,0.6173980161547661,2.0,1
0.17612147199205908,12.487578135815466,1,9,12.421207427978516,-1.1410140991210938,72.06245422363281,45.59403610229492,1,54,3.0,1,1.0,46,0.7688247546504362,4.166226112801387,84,30,0.7412850086102123,0,0,0,2.04403556629278,0.704090860982736,40,post_opening,0.13892732436458277,12,-0.037194147627476304,R1,0.7071067811865475,-0.7071067811865475,68.12652587890625,38.24977111816406,0.5651635366181532,2.5,1
0.18225299571462616,12.500098780348818,1,9,12.416507720947266,-1.3525161743164062,73.43368530273438,45.375938415527344,1,55,3.5,1,1.0,47,0.7795200654050817,4.07218982046513,84,30,0.6874226928205107,0,0,0,1.9994869543313833,0.5638115753730139,40,post_opening,0.0586418782671293,12,-0.12361111744749687,R1,0.7071067811865475,-0.7071067811865475,69.50245666503906,38.24317169189453,0.5051696971058846,3.5,1
0.18159647985793875,12.498828837698081,1,9,12.397735595703125,-1.5298957824707031,74.79170989990234,45.15239334106445,1,56,4.5,1,1.0,48,0.7883845989812656,3.990134585397038,84,30,0.6338146498252722,0,0,0,1.9603188427683662,0.5205494451026121,40,post_opening,0.06833127513527865,12,-0.1132652047226601,R1,0.7071067811865475,-0.7071067811865475,70.87925720214844,38.19700622558594,0.4522181699673335,4.0,1
0.21032014352980233,12.506288379063815,1,9,12.38900375366211,-1.6744270324707031,76.15586853027344,44.926273345947266,1,57,5.0,1,1.0,49,0.7954431216138561,3.925137702128805,84,30,0.5802023583442268,0,0,0,1.9282466420556008,0.4594790004193783,40,post_opening,0.08959678560495377,12,-0.12072335792484856,R1,0.7071067811865475,-0.7071067811865475,72.25214385986328,38.11541748046875,0.3698822148144245,4.5,1
0.14633698924650335,10.731016082041315,1,8,10.566650390625,-1.8686866760253906,85.35836029052734,43.28370666503906,0,64,10.5,1,1.0,57,0.8194415201823533,3.4681185721849124,84,30,0.44918781185417955,0,0,1,1.5768119829029363,0.46666677047808963,40,post_opening,0.16381594787041343,12,0.01747895862391008,R1,0.7071067811865475,-0.7071067811865475,83.27699279785156,36.6671142578125,0.3028508226076762,10.0,1
0.10753865212228725,9.348243858930172,1,7,9.202491760253906,-1.6425666809082031,85.35836029052734,43.28370666503906,0,64,11.5,1,1.0,58,0.8203538808428135,3.440098166235862,84,30,0.4470851512752655,0,0,1,1.371556062645643,0.4738831991950671,40,post_opening,0.13433670004208886,12,0.026798047919801615,R1,0.7071067811865475,-0.7071067811865475,84.64115142822266,36.44099426269531,0.33954649915297824,11.0,1
0.08259080296016225,7.964955736287673,1,6,7.837760925292969,-1.4167442321777344,85.35836029052734,43.28370666503906,0,64,12.0,1,1.0,59,0.8216079343344568,3.5490657096594966,84,30,0.44424871921794107,0,0,1,1.164827721496696,0.46026450395584106,40,post_opening,0.09860658769806224,12,0.016015784737899996,R1,0.7071067811865475,-0.7071067811865475,86.0058822631836,36.215171813964844,0.3616579162577788,11.5,1
0.095281280448413,6.573011903476199,1,5,6.4656219482421875,-1.1827735900878906,85.35836029052734,43.28370666503906,0,64,12.5,1,1.0,60,0.5426856074922211,5.0397054814417945,84,30,0.4812286917074284,0,0,1,1.4109120319151927,0.5113262807329496,40,post_opening,0.12537886947393423,12,0.030097589025521232,R1,0.3826834370613369,-0.9238795305660376,83.48493957519531,33.37992858886719,0.3859474112590154,12.0,1
0.050219101333970784,5.187585095047253,1,4,5.1009521484375,-0.9438514709472656,85.35836029052734,43.28370666503906,0,64,13.5,1,1.0,61,0.8239593053926925,4.1330020884861085,84,30,0.526243833327646,0,0,1,0.7498629719744725,0.5311034296949705,40,post_opening,0.055078697701295254,12,0.00485959636732447,R1,0.7071067811865475,-0.7071067811865475,88.74269104003906,35.742279052734375,0.47602473199367523,13.0,1
0.06638447554864996,12.528592485273627,1,10,12.489477157592773,-0.9869499206542969,36.28538131713867,63.7281608581543,1,27,3.5,1,1.0,18,0.6492055771575206,5.141905811894662,85,27,0.4631020388201725,0,0,1,2.3469526234734897,0.4647391140460968,37,before_event,0.06802155077457428,12,0.0016370752259243226,R1,0.7071067811865475,0.7071067811865475,32.281185150146484,73.20039367675781,0.3967175632715225,4.031128883361816,1
0.056757832046402446,12.658389852013807,1,10,12.620433807373047,-0.9783401489257812,37.59471130371094,63.62958526611328,1,28,3.5,1,1.0,19,0.650340481208642,5.163808327333729,85,27,0.48069106735393696,0,0,0,2.37083955676975,0.47865196565787,37,before_event,0.054718730350335476,12,-0.0020391016960669694,R1,0.7071067811865475,0.7071067811865475,33.459556579589844,73.09320831298828,0.4239332353075345,4.0,1
0.05400027233695659,12.779509842789214,1,10,12.742544174194336,-0.9706954956054688,38.91617202758789,63.53337860107422,1,29,3.5,1,1.0,20,0.7587740227083718,4.318371036682877,85,27,0.4946448246472644,0,0,0,2.0517305325238,0.4911750952402751,37,before_event,0.05053054292996728,12,-0.003469729406989308,R1,0.7071067811865475,-0.7071067811865475,34.65890884399414,56.01879119873047,0.4406445523103078,1.4142135381698608,1
0.30373170795831345,12.312975227676246,0,9,12.300548553466797,-0.5410614013671875,55.22222900390625,62.72543716430664,1,41,0.0,0,1.0,33,0.7374970015328849,4.406440618785303,85,27,0.746990592010749,1,1,0,2.060250301851891,0.49672411133845645,37,pre_opening,0.05346522728602088,12,-0.25026648067229257,R1,0.7071067811865475,-0.7071067811865475,51.406959533691406,54.781219482421875,0.4432588840524356,7.433034420013428,1
0.3667055696409497,12.34367778481403,0,9,12.333198547363281,-0.49480438232421875,56.605125427246094,62.69194793701172,1,42,0.0,0,1.0,34,0.7348845080191749,4.434360206209864,85,27,0.7954459369343075,1,1,0,2.0745300587371274,0.49179287006457645,37,pre_opening,0.0630525027712186,12,-0.3036530668697311,R1,0.7071067811865475,-0.7071067811865475,52.75720977783203,54.70146942138672,0.42874036729335785,7.905694007873535,1
0.440090656981523,12.375287888548264,0,9,12.366592407226562,-0.4473228454589844,57.9912109375,62.66501235961914,1,43,0.0,0,1.0,35,0.7322053060864764,4.462996899848675,85,27,0.8429454410629026,1,1,0,2.08919540871002,0.4922463024655978,37,pre_opening,0.08939151838421822,12,-0.3506991385973048,R1,0.7071067811865475,-0.7071067811865475,54.109901428222656,54.627052307128906,0.4028547840813796,8.381526947021484,1
0.5113119395256902,12.40007138363045,0,9,12.392749786376953,-0.4102210998535156,59.37908935546875,62.63335418701172,1,44,0.0,0,1.0,36,0.730113327207388,4.485389858502464,85,27,0.8950452058693633,1,1,0,2.101424063924365,0.49816999584436417,37,pre_opening,0.11443672950069111,12,-0.39687521002499915,R1,0.7071067811865475,-0.7071067811865475,55.47161865234375,54.55829620361328,0.38373326634367305,9.340770721435547,1
0.21230031017285833,12.493730431401975,1,9,12.468399047851562,-0.669891357421875,66.30376434326172,62.095882415771484,1,49,1.5,1,1.0,41,0.7440245239627505,4.385929193701955,85,27,0.8348582731070344,0,0,1,2.120933132033003,0.8755153318246206,37,post_opening,0.2529573688904445,12,0.04065705871758618,R1,0.7071067811865475,-0.7071067811865475,62.320648193359375,54.280494689941406,0.6225579629341761,1.5,1
0.20272547269637442,12.5049660111575,1,9,12.468711853027344,-0.8086166381835938,67.6909408569336,61.91682052612305,1,50,2.5,1,1.0,42,0.7513854213144442,4.324316493264505,85,27,0.7902215596514449,0,0,1,2.1047174523844854,0.8421865552663803,37,post_opening,0.2546904683113098,12,0.051964995614935394,R1,0.7071067811865475,-0.7071067811865475,63.70751190185547,54.24015808105469,0.5874960869550705,2.0,1
0.18320188951884475,12.526883303291488,1,9,12.477569580078125,-0.9691925048828125,69.08269500732422,61.722755432128906,1,51,3.0,1,1.0,43,0.7597426882241234,4.255289876995719,85,27,0.7456306023636934,0,0,1,2.0822212853932256,0.7755198925733566,37,post_opening,0.213091179728508,12,0.029889290209663244,R1,0.7071067811865475,-0.7071067811865475,65.09040832519531,54.2066650390625,0.5624287128448486,2.5,1
0.13066880863501584,12.55843191415934,1,9,12.492790222167969,-1.1585197448730469,70.48400115966797,61.506492614746094,1,52,3.5,1,1.0,44,0.7693792075723789,4.175569343101293,85,27,0.7009824547826643,0,0,1,2.0504694007291433,0.7239500284194946,37,post_opening,0.15363638227184617,12,0.02296757363683033,R1,0.7071067811865475,-0.7071067811865475,66.47649383544922,54.17973327636719,0.5703136461476485,3.5,1
0.02992409015574149,12.58539775445623,1,9,12.5006103515625,-1.36102294921875,71.87969970703125,61.27233123779297,1,53,4.5,1,1.0,45,0.7794876567184661,4.088946513982103,85,27,0.6565367310730427,0,0,1,2.012766650795153,0.6906165132919947,37,post_opening,0.06400387237469352,12,0.034079782218952026,R1,0.7071067811865475,-0.7071067811865475,67.86437225341797,54.1480712890625,0.6266126409173012,4.0,1
0.1275196369227244,12.600269585577871,1,9,12.494117736816406,-1.5623664855957031,73.2547836303711,61.024559020996094,1,54,5.0,1,1.0,46,0.49436268391034077,6.187697224943357,85,27,0.6125295530494524,0,0,1,2.757949229995311,0.6221456279357275,37,post_opening,0.13713571180899942,12,0.009616074886275028,R1,0.3826834370613369,-0.9238795305660376,65.35286712646484,51.50037384033203,0.48500991612672806,4.5,1
0.06637514065064365,12.577998596161768,1,9,12.449787139892578,-1.7381744384765625,74.59272766113281,60.76769256591797,1,55,6.0,1,1.0,47,0.5067556075828581,6.106020478790881,85,27,0.568772546255165,0,0,1,2.7390799069394363,0.5910260876019796,37,post_opening,0.08862868199745821,12,0.022253541346814565,R1,0.3826834370613369,-0.9238795305660376,66.73513793945312,51.4193115234375,0.5023974056045214,5.5,1
0.08700452168051032,12.357586919290657,1,9,12.357551574707031,-0.01873016357421875,63.08628463745117,49.92953872680664,1,47,1.5,1,1.0,39,0.7081777193379268,4.655022686770064,86,24,0.8630250634676578,0,0,1,2.1753937386747553,0.8753149310747782,34,post_opening,0.09929438928763068,12,0.012289867607120364,R1,0.7071067811865475,-0.7071067811865475,59.214012145996094,41.462989807128906,0.7760205417871475,1.0,1
0.0690832536398952,12.359866613753109,1,9,12.359844207763672,-0.0102996826171875,64.45840454101562,49.9316520690918,1,48,2.0,1,1.0,40,0.7076957803887493,4.659332858502012,86,24,0.8180968464393998,0,0,1,2.1781498053925796,0.8415773312250773,34,post_opening,0.09256373842557264,12,0.023480484785677436,R1,0.7071067811865475,-0.7071067811865475,60.583839416503906,41.45667266845703,0.7490135927995046,2.0,1
0.04399049766182017,12.33777645463329,1,9,12.337760925292969,-0.00254058837890625,65.80523681640625,49.93431091308594,1,49,3.0,1,1.0,41,0.7072523734280973,4.658285737311009,86,24,0.7741873958440534,0,0,1,2.1803023292397277,0.8082000215848287,34,post_opening,0.07800312340259552,12,0.03401262574077535,R1,0.7071067811865475,-0.7071067811865475,61.9527587890625,41.451568603515625,0.7301968981822332,2.5,1
0.03790487861100966,12.17237485137604,1,9,12.172359466552734,0.0109100341796875,68.3754653930664,49.94093704223633,1,51,4.5,1,1.0,43,0.9235361620644501,2.364720486462751,86,24,0.6873023312833323,0,0,1,1.1786294987954393,0.7081663956244787,34,post_opening,0.05876894295215607,12,0.020864064341146404,R1,0.9238795305660376,-0.3826834370613369,67.28965759277344,45.337825775146484,0.6493974526723226,4.0,1
0.03884664374156532,8.048132449026124,1,6,8.048118591308594,0.0136566162109375,68.3754653930664,49.94093704223633,0,51,6.5,1,1.0,46,0.7059058961630014,4.255085799799028,86,24,0.5545269792036587,0,0,1,1.4454274702124361,0.5756798138221105,34,post_opening,0.05999947836001718,12,0.021152834618451855,R1,0.7071067811865475,-0.7071067811865475,68.81262969970703,41.44200134277344,0.5156803354620934,6.0,1
0.31765470102731047,13.33257426332409,0,10,13.309444427490234,0.578521728515625,54.47664260864258,65.12557220458984,1,38,0.0,0,1.0,29,0.9063895730568241,2.814143351556353,87,23,0.7888351375391449,1,1,0,1.4571380400085325,0.525838203728199,33,pre_opening,0.05465776721636456,12,-0.2629969338109459,R1,0.9238795305660376,-0.3826834370613369,52.253753662109375,59.95484924316406,0.47118043651183444,2.692582368850708,1
0.3707593645015416,12.002087883337001,0,9,11.988883972167969,0.4163055419921875,54.47664260864258,65.12557220458984,1,38,0.0,0,1.0,30,0.9100426292738153,2.544569890203858,87,23,0.8155549457032539,1,1,0,1.2752394299366387,0.5145761842528979,33,pre_opening,0.06978060305118555,12,-0.30097876145035607,R1,0.9238795305660376,-0.3826834370613369,53.574310302734375,60.1170654296875,0.4447955812017123,2.915475845336914,1
0.4493975361209583,12.02560692102036,0,9,12.015682220458984,0.37713623046875,55.82643127441406,65.21510314941406,1,39,0.0,0,1.0,31,0.6845757001452194,4.769858989502467,87,23,0.8602821225942643,1,1,0,2.1926320020205834,0.4632000960409641,33,pre_opening,0.052315509567658125,12,-0.39708202655330016,R1,0.7071067811865475,-0.7071067811865475,52.29602813720703,56.352684020996094,0.410884586473306,2.2360680103302,1
0.002683510075854545,12.689784802766425,1,9,12.135669708251953,3.5666656494140625,69.32115173339844,68.926025390625,1,49,3.5,1,1.0,41,0.9942971215874404,0.7335482088878336,87,23,0.5223513161730297,0,0,1,0.46662761133676633,0.583852065106233,33,post_opening,0.0588172388573488,12,0.06150074893320334,R1,0.9238795305660376,0.3826834370613369,68.27203369140625,69.9515609741211,0.5250348262488842,3.0,1
0.0008938607159779677,12.557086771008818,1,8,10.965385437011719,5.952625274658203,73.99214935302734,55.087093353271484,1,55,1.0,1,1.0,48,0.9945299419921512,0.6829047797672455,88,30,0.6686910784824218,0,0,1,0.18511097845790925,0.9499889612197876,40,post_opening,0.28219174345334375,12,0.2812978827373658,R1,0.9238795305660376,0.3826834370613369,74.11331939697266,53.72666931152344,0.6677972177664439,1.0,1
0.19997847627364168,13.027007081031089,0,9,12.108535766601562,4.753608703613281,77.82662200927734,53.20209503173828,1,55,0.5,0,1.0,47,0.9166011301212097,2.600641922817817,89,28,0.47541500329213765,0,0,1,1.3845284242900717,0.9499807953834534,38,post_opening,0.27458731581767404,12,0.4745657920913157,R1,0.7071067811865475,0.7071067811865475,74.203369140625,56.93376922607422,0.6753934795657793,1.1180340051651,1
0.16816271839030683,13.004841744570953,0,9,12.015815734863281,4.9481964111328125,79.13874053955078,53.78202438354492,1,56,0.5,0,1.0,48,0.9230908140608671,2.4987804996604814,89,28,0.3896695984156123,0,0,1,1.3100045690579816,0.9483407139778137,38,post_opening,0.3905083971718947,12,0.5586711155622015,R1,0.7071067811865475,0.7071067811865475,75.60820770263672,57.31910705566406,0.557832316805919,1.0,1
0.13356152488053596,12.97125648691647,0,9,11.931854248046875,5.075813293457031,80.44786071777344,54.35432052612305,1,57,0.5,0,1.0,49,0.9274772056157377,2.4240106767037912,89,28,0.30680768253146845,0,0,1,1.2506224243393942,0.8792285025119781,38,post_opening,0.4388592950999737,12,0.5724208199805096,R1,0.7071067811865475,0.7071067811865475,77.00128936767578,57.76378631591797,0.44036920741200447,1.0,1
8.940696716308594e-08,2.2926799219606013,1,2,-1.8831024169921875,-1.3071632385253906,79.30580139160156,25.38088607788086,0,81,3.8078866004943848,1,1.0,80,0.9771695704256866,4.886077745113031,90,34,0.550000011920929,0,0,1,0.12596989351109314,0.609380712111791,44,post_opening,0.059380610783894894,12,0.05938070019086206,R1,-0.9238795305660376,-0.3826834370613369,70.10234832763672,22.095848083496094,0.5500001013278961,3.535533905029297,1
0.20964593989327857,13.519417354639222,1,8,10.760467529296875,8.11032485961914,78.79371643066406,57.83406448364258,1,57,1.0,1,1.0,50,0.8616812289458404,3.4243779659424884,91,30,0.5644576405751239,0,0,0,1.7993997254103544,0.5320964728792509,40,post_opening,0.17728477219740552,12,-0.03236116769587305,R2,0.3826834370613369,0.9238795305660376,72.62545013427734,60.81029510498047,0.35481170068184537,1.0,1
0.21921848909660302,13.710540462252691,1,8,10.633193969726562,8.595268249511719,80.06848907470703,59.097496032714844,1,58,1.0,1,1.0,51,0.878401217193876,3.267265879746819,91,30,0.5358208458284947,0,0,0,1.7191366890383373,0.5221763675411543,40,post_opening,0.20557401080926263,12,-0.01364447828734039,R2,0.3826834370613369,0.9238795305660376,74.02749633789062,61.588783264160156,0.31660235673189163,1.0,1
0.19153351686888354,12.082555904184922,1,7,9.248832702636719,7.7386016845703125,80.06848907470703,59.097496032714844,1,58,1.5811388492584229,1,1.0,52,0.8863620124753959,2.867621456346183,91,30,0.5432496068625988,0,0,0,1.4584533091253975,0.5365288207928339,40,post_opening,0.18481273079911864,12,-0.006720786069764895,R2,0.3826834370613369,0.9238795305660376,75.41185760498047,62.44544982910156,0.3517160899937153,1.1180340051651,1
0.08619317645791974,12.25148833930586,1,7,9.146270751953125,8.121959686279297,81.33509063720703,60.40751647949219,1,59,2.5,1,1.0,53,0.8995983810468593,2.716999944425872,91,30,0.5488211436566095,0,0,0,1.394056212865952,0.5468476861715317,40,post_opening,0.08421971897284192,12,-0.001973457485077823,R2,0.3826834370613369,0.9238795305660376,76.78102111816406,63.372108459472656,0.46262796719868976,1.4142135381698608,1
0.008921112066605397,12.081036722836494,1,9,9.56552505493164,7.067859649658203,73.03678131103516,56.730525970458984,1,54,1.4142135381698608,1,1.0,46,0.9704632000744078,1.452790981936473,93,28,0.7291332636734831,0,0,1,0.45859988995542117,0.949999988079071,38,post_opening,0.22978783647219336,12,0.22086672440558797,R2,0.9238795305660376,0.3826834370613369,74.55780792236328,54.25486755371094,0.7202121516068777,1.0,1
0.0003103472604384372,12.041126734142647,1,9,9.050048828125,7.6726837158203125,73.80696105957031,57.81966781616211,1,55,1.5811388492584229,1,1.0,47,0.9966251782828447,0.4947908111158387,93,28,0.6840883302503854,0,0,1,0.5075332938575925,0.7857574820518494,38,post_opening,0.1019794990619024,12,0.10166915180146396,R2,0.7071067811865475,0.7071067811865475,73.24219512939453,58.63226318359375,0.683777982989947,1.1180340051651,1
0.014793808137506081,12.004761726109646,1,9,8.513519287109375,8.232685089111328,74.51051330566406,58.94347381591797,1,56,1.5811388492584229,1,1.0,48,0.930166355728034,2.228992931915184,93,28,0.6391068248700399,0,0,1,0.8520116232892614,0.7690484523773193,38,post_opening,0.14473543564478553,12,0.12994162750727944,R2,0.9238795305660376,0.3826834370613369,77.08354949951172,55.3029899597168,0.6243130167325338,1.5,1
0.0030881835266267643,13.283345734961959,1,10,8.532035827636719,9.921092987060547,75.71196746826172,61.27776336669922,1,58,1.8027756214141846,1,1.0,49,0.8925479293502996,2.954769787422184,93,28,0.5901074829940315,0,0,1,1.2123632168685639,0.7130782246589661,38,post_opening,0.12605892519156137,12,0.1229707416649346,R2,0.9238795305660376,0.3826834370613369,78.26648712158203,55.94887161254883,0.5870192994674047,1.8027756214141846,1
0.019840153705746433,12.422480290044303,0,9,12.403133392333984,0.5995254516601562,75.54501342773438,46.775203704833984,1,56,0.0,0,1.0,48,0.7404214615045096,4.402689312379306,95,36,0.8807428008831247,1,0,1,2.0673495844500236,0.949999988079071,46,post_opening,0.08909734090169275,12,0.06925718719594631,R1,0.7071067811865475,0.7071067811865475,71.62715911865234,54.66095733642578,0.8609026471773783,1.1180340051651,1
0.07192762321085644,13.097849858270859,0,9,12.536067962646484,-3.4339523315429688,70.32034301757812,48.74467468261719,1,52,0.5,0,1.0,44,0.7899515555707673,4.077997012433747,96,31,0.8566873036409508,0,0,1,1.7955947512054558,0.9500000357627869,41,post_opening,0.16524035533269255,12,0.0933127321218361,R2,0.9238795305660376,0.3826834370613369,68.8708267211914,56.77082824707031,0.7847596804300944,1.5,1
0.07139830590542895,13.262511892449405,0,9,12.512744903564453,-4.075141906738281,71.69573974609375,47.99214553833008,1,53,0.5,0,1.0,45,0.7599596720214026,4.3919490050131635,96,31,0.8105744997785165,0,0,1,1.936103712049924,0.950000211596489,41,post_opening,0.21082401772340142,12,0.13942571181797248,R2,0.9238795305660376,0.3826834370613369,70.26954650878906,56.659488677978516,0.7391761938730875,1.4142135381698608,1
0.05729598392250923,13.445540946213683,0,9,12.475990295410156,-4.7315826416015625,73.0548324584961,47.16933822631836,1,54,0.5,0,1.0,46,0.7281378942076732,4.713371268058012,96,31,0.765212727975873,0,0,1,2.083850425438797,0.9500002861022949,41,post_opening,0.24208354204893112,12,0.1847875581264219,R2,0.9238795305660376,0.3826834370613369,71.66539764404297,56.49312210083008,0.7079167440533638,1.4142135381698608,1
0.08513723790373706,12.026138894999605,0,8,11.076358795166016,-4.495502471923828,73.0548324584961,47.16933822631836,1,54,0.5,0,1.0,47,0.7121425213869083,4.543854710525922,96,31,0.743402950264278,0,0,1,1.9385266468633842,0.949999988079071,41,post_opening,0.29173427571853006,12,0.206597037814793,R2,0.9238795305660376,0.3826834370613369,73.06502532958984,56.257041931152344,0.658265712360541,1.0,1
0.056589444737864314,12.206897907352603,0,8,11.022418975830078,-5.078666687011719,74.39471435546875,46.28105163574219,1,55,0.5,0,1.0,48,0.6789511811998811,4.8355402833229455,96,31,0.6937971266719031,0,0,1,2.0711857000004077,0.949999988079071,41,post_opening,0.3127923061450323,12,0.25620286140716797,R2,0.9238795305660376,0.3826834370613369,74.45884704589844,55.95191955566406,0.6372076819340388,1.0,1
0.018310116736314552,12.824515997577747,0,8,10.795967102050781,-6.817867279052734,78.34355926513672,43.211246490478516,1,58,0.7071067690849304,0,1.0,51,0.8455114705539921,3.46168345802017,96,31,0.5612483640593507,0,0,1,1.5439876980251737,0.8186784386634827,41,post_opening,0.27574019134044647,12,0.2574300746041319,R2,1.0,0.0,79.54759216308594,50.02911376953125,0.5429382473230362,1.1180340051651,1
0.12313091515855146,13.110510042201284,0,9,12.542282104492188,-3.447765350341797,69.07891082763672,49.707923889160156,1,52,0.5,0,1.0,44,0.789400623307531,4.085345844058895,97,31,0.8703432307576751,0,0,1,1.7951376025114179,0.9500001158033099,41,post_opening,0.2027878002041863,12,0.07965688504563484,R2,0.9238795305660376,0.3826834370613369,67.62318420410156,57.74789047241211,0.7472123155991236,1.0,1
0.1021749769982403,13.278976909629078,0,9,12.520816802978516,-4.0915679931640625,70.45465087890625,48.95094299316406,1,53,0.5,0,1.0,45,0.7593119582318669,4.400709160297931,97,31,0.8240159819857981,0,0,1,1.9360561706573052,0.950000137090683,41,post_opening,0.22815913210312522,12,0.12598415510488492,R2,0.9238795305660376,0.3826834370613369,69.0203857421875,57.63471221923828,0.7218410049875578,1.5811388492584229,1
0.059694397468990856,13.466345607467893,0,9,12.4893798828125,-4.747089385986328,71.8205795288086,48.127872467041016,1,54,0.5,0,1.0,46,0.7276374719354997,4.722029901606115,97,31,0.7448511004642911,0,0,1,2.0840223041347556,0.949999988079071,41,post_opening,0.26484328508377075,12,0.2051488876147799,R2,0.9238795305660376,0.3826834370613369,70.41775512695312,57.4671630859375,0.6851567029953003,1.8027756214141846,1
0.08760543906241691,12.055028748791077,0,8,11.096187591552734,-4.521633148193359,71.8205795288086,48.127872467041016,1,54,0.5,0,1.0,47,0.711160119064917,4.556919737532162,97,31,0.720833870207767,0,0,1,1.944857329106507,0.949999988079071,41,post_opening,0.31677155693372094,12,0.22916611787130403,R2,0.9238795305660376,0.3826834370613369,71.81094360351562,57.24170684814453,0.6332284311453501,1.5811388492584229,1
0.06862385447815034,12.243274169925721,0,8,11.04949951171875,-5.113002777099609,73.16946411132812,47.239715576171875,1,55,0.5,0,1.0,48,0.6777531346441557,4.852637376230729,97,31,0.6235381638109184,0,0,1,2.082979179193919,0.9499899446964264,41,post_opening,0.3950756353636583,12,0.32645178088550797,R2,0.9238795305660376,0.3826834370613369,73.2065200805664,56.94491958618164,0.5549143093327681,1.5,1
0.05068198167806098,12.42927598449585,0,8,10.986305236816406,-5.681217193603516,74.49897003173828,46.3021354675293,1,56,0.5,0,1.0,49,0.8882623273150614,2.8854724861711145,97,31,0.5276678112499439,0,0,1,1.2560259501139324,0.949982225894928,41,post_opening,0.4729963963230451,12,0.4223144146449841,R2,1.0,0.0,75.51266479492188,51.98335266113281,0.4769858295718829,1.0,1
0.013183597443693462,12.60372110073161,0,8,10.911521911621094,-6.204936981201172,75.8179931640625,45.3298225402832,1,57,0.5,0,1.0,50,0.6139391539228054,5.399278432462472,97,31,0.43412132930576164,0,0,1,2.348809589078493,0.9242258071899414,41,post_opening,0.5032880753278732,12,0.49010447788417977,R2,0.9238795305660376,0.3826834370613369,75.99302673339844,56.12696075439453,0.4209377318620682,1.0,1
0.021897093172921267,12.86746569357542,1,8,10.723731994628906,-7.057140350341797,78.4155044555664,43.334564208984375,1,59,1.1180340051651,1,1.0,52,0.9821287309198136,1.2457493462647262,97,31,0.2844442457297906,0,0,1,0.4912754684748965,0.6725399494171143,41,post_opening,0.3661986105144024,12,0.38809570368732366,R2,0.9238795305660376,-0.3826834370613369,78.77832794189453,45.799503326416016,0.30634133890271187,1.1180340051651,1
0.07421769806324235,12.880663638277442,1,10,12.692317962646484,-2.093536376953125,44.76260757446289,67.10667419433594,1,27,1.5811388492584229,1,1.0,18,0.5826007459594,5.692331712194873,98,21,0.4831952786304433,0,0,0,2.6330165567426773,0.4663358082373937,31,before_event,0.05735822767019272,12,-0.016859470393049636,R1,0.7071067811865475,0.7071067811865475,40.555572509765625,77.68549346923828,0.40897758056720096,2.5495097637176514,1
0.08153014146667326,12.977284454762518,1,10,12.821769714355469,-1.8980178833007812,46.09568786621094,67.0016098022461,1,28,1.5811388492584229,1,1.0,19,0.5959390752267759,5.62623437617853,98,21,0.4969931742884875,0,0,0,2.622656585508418,0.4779118423660596,31,before_event,0.062448809544245365,12,-0.01908133192242789,R1,0.7071067811865475,0.7071067811865475,41.75920104980469,77.3849105834961,0.41546303282181424,2.5,1
0.08581573001189963,13.068531052220331,1,10,12.941089630126953,-1.7217636108398438,47.43484878540039,66.8953857421875,1,29,1.5811388492584229,1,1.0,20,0.6076741454367284,5.568617693537226,98,21,0.511921909765839,0,0,0,2.611074815451145,0.4967847764492035,31,before_event,0.07067859669526416,12,-0.015137133316635465,R1,0.7071067811865475,0.7071067811865475,42.979042053222656,77.10243225097656,0.42610617975393933,2.0,1
0.08112877637652377,13.154673037206912,0,10,13.049907684326172,-1.575653076171875,48.775997161865234,66.77842712402344,1,30,0.7071067690849304,0,1.0,21,0.6172473932501533,5.52399837336532,98,21,0.5240039356600028,0,0,0,2.6005185471857124,0.5210399354497591,31,pre_opening,0.07816477616628009,12,-0.002964000210243678,R1,0.7071067811865475,0.7071067811865475,44.21137237548828,76.83936309814453,0.44287515928347904,2.0615527629852295,1
0.12318655639143711,13.23741842459648,0,10,13.147933959960938,-1.4802398681640625,50.12577819824219,66.63136291503906,1,31,0.0,0,1.0,22,0.6235588830130487,5.501180757982806,98,21,0.5729450984721574,1,1,0,2.5904214496771476,0.5277284656961759,31,pre_opening,0.07796992361545568,12,-0.045216632775981425,R1,0.7071067811865475,0.7071067811865475,45.46312713623047,76.59688568115234,0.44975854208072025,2.5,1
0.16181930829358887,13.313183240851226,0,10,13.230331420898438,-1.4434432983398438,51.474727630615234,66.4467544555664,1,32,0.0,0,1.0,23,0.6262445928544335,5.502161519981966,98,21,0.6187422914234081,1,1,0,2.583806938597975,0.5320483396450678,31,pre_opening,0.0751253565152486,12,-0.08669395177834027,R1,0.7071067811865475,0.7071067811865475,46.72967529296875,76.37548065185547,0.4569229831298192,2.8284270763397217,1
0.15937603671078615,12.02056565770671,0,9,11.953231811523438,-1.2437515258789062,51.474727630615234,66.4467544555664,1,32,0.0,0,1.0,24,0.6301293390578419,5.164320065254435,98,21,0.6328761022162908,1,1,0,2.3200630322107507,0.5416205078363419,31,pre_opening,0.06812044233083725,12,-0.0912555943799489,R1,0.7071067811865475,0.7071067811865475,48.00677490234375,76.17578887939453,0.4735000655055046,2.8284270763397217,1
0.18773708167514114,12.080845830764769,0,9,12.006805419921875,-1.2922134399414062,52.82276916503906,66.22036743164062,1,33,0.0,0,1.0,25,0.6273825697769833,5.196165786188534,98,21,0.683780704168885,1,1,0,2.321741758045679,0.5462888131539027,31,pre_opening,0.050245190660158756,12,-0.13749189101498238,R1,0.7071067811865475,0.7071067811865475,49.301246643066406,75.99786376953125,0.4960436224937439,3.605551242828369,1
0.21771087993257077,12.428683134635058,1,8,11.087215423583984,-5.493450164794922,66.61651611328125,60.09537124633789,1,43,1.5,1,1.0,36,0.7530734517009106,4.2856748714390145,98,21,0.7737245162235978,0,0,0,2.106859980836371,0.72691993167003,31,post_opening,0.17090629537900293,12,-0.04680458455356784,R1,0.3826834370613369,-0.9238795305660376,60.12150192260742,54.50226593017578,0.5560136362910271,1.0,1
0.22450754269644296,12.570731470949443,1,8,10.99957275390625,-5.9854736328125,67.91004180908203,59.17298126220703,1,44,2.0,1,1.0,37,0.47797221359958864,6.268275843285584,98,21,0.7196335802444287,0,0,0,2.7806949615478516,0.6789584904909134,31,post_opening,0.18383245294292766,12,-0.0406750897535153,R1,-1.8369701465288538e-16,-1.0,56.91046905517578,53.15845489501953,0.49512603754798573,1.5,1
0.19897600615297267,12.638480106839312,1,8,10.844413757324219,-6.410022735595703,69.14842224121094,58.23750686645508,1,45,3.0,1,1.0,38,0.7995473823305586,3.9038481005565786,98,21,0.6646998572277477,0,0,0,1.985272717099195,0.6268834968407949,31,post_opening,0.16115964576601988,12,-0.037816360386952796,R1,0.3826834370613369,-0.9238795305660376,62.896209716796875,53.56097412109375,0.46572385107477504,2.0615527629852295,1
0.20838585933376258,12.62049356228393,1,8,10.617500305175781,-6.757362365722656,70.32286071777344,57.30072784423828,1,46,3.5,1,1.0,39,0.5369191099305278,5.9206537243523405,98,21,0.6069169286919525,0,0,0,2.7308495839436855,0.5544477850198746,31,post_opening,0.1559167156616847,12,-0.05246914367207789,R1,-1.8369701465288538e-16,-1.0,59.705360412597656,52.05809020996094,0.3985310693581899,1.4142135381698608,1
0.21684675131415293,12.509287163198268,1,8,10.31772232055664,-7.020153045654297,71.42670440673828,56.372886657714844,1,47,3.9051249027252197,1,1.0,40,0.5625347602370082,5.7283127876543825,98,21,0.5478763663686809,0,0,0,2.68022452460395,0.4901538963119189,31,post_opening,0.15912428125739098,12,-0.057722470056761954,R1,-1.8369701465288538e-16,-1.0,61.10898208618164,51.39303970336914,0.33102961505452794,1.0,1
0.3166221230294593,12.736912223227327,1,8,11.08511734008789,6.159629821777344,67.68282318115234,60.09403610229492,1,47,1.5,1,1.0,40,0.7832538442985448,4.0753073024155535,99,26,0.6966225119000959,0,0,0,2.0497983612484445,0.5366874759395918,36,post_opening,0.15668708706895512,12,-0.15993503596050418,R1,0.3826834370613369,0.9238795305660376,61.18990707397461,65.02095794677734,0.38000038887063664,1.0,1
0.2604819871749941,12.94787730732377,1,8,11.02383041381836,6.696540832519531,69.0262680053711,61.14908981323242,1,48,2.0,1,1.0,41,0.8067234226394031,3.8935218325144443,99,26,0.6439080027507209,0,0,0,1.9845700145285146,0.5280007099111875,36,post_opening,0.14457469433546072,12,-0.11590729283953338,R1,0.3826834370613369,0.9238795305660376,62.59463882446289,65.53910064697266,0.3834260155757268,1.5,1
0.285053731664012,13.137262072116954,1,8,10.946357727050781,7.187541961669922,70.35449981689453,62.235652923583984,1,49,3.0,1,1.0,42,0.8269775617111388,3.7275196570780524,99,26,0.5954266480247081,0,0,0,1.9176946438612248,0.5526551827788353,36,post_opening,0.24228226641813916,12,-0.04277146524587283,R1,0.3826834370613369,0.9238795305660376,64.0003433227539,66.1346664428711,0.31037291636069614,2.5,1
0.2572879516856486,13.296251409942082,1,8,10.85467529296875,7.6207427978515625,71.66525268554688,63.3389892578125,1,50,3.1622776985168457,1,1.0,43,0.2176585346740909,7.915457219266041,99,26,0.5622788852728023,0,0,1,3.212875164097709,0.5635541826486588,36,post_opening,0.258563249061505,12,0.0012752973758564101,R1,-0.3826834370613369,0.9238795305660376,56.21837615966797,66.80480194091797,0.30499093358715373,1.8027756214141846,1
0.21211873454912206,13.43228833773609,1,8,10.761821746826172,7.996665954589844,72.96785736083984,64.4566650390625,1,51,3.5,1,1.0,44,0.24386075468394658,7.830923300406933,99,26,0.5330487175590167,0,0,1,3.2361020859472944,0.5425684750080109,36,post_opening,0.2216384919981162,12,0.009519757448994137,R1,-0.3826834370613369,0.9238795305660376,57.613834381103516,67.54655456542969,0.32092998300989467,2.5495097637176514,1
0.18088319975007955,13.529312904200356,1,8,10.658462524414062,8.305850982666016,74.24903869628906,65.5753402709961,1,52,4.031128883361816,1,1.0,45,0.266032615777822,7.751048982729712,99,26,0.535659084249232,0,0,1,3.2535592838566085,0.5438267687956492,36,post_opening,0.1890508842964967,12,0.008167684546417142,R1,-0.3826834370613369,0.9238795305660376,58.998374938964844,68.35604095458984,0.3547758844991525,3.3541018962860107,1
0.148741209372878,13.572300714150305,1,8,10.535369873046875,8.540069580078125,75.49691772460938,66.68289947509766,1,53,4.5,1,1.0,46,0.28449305410509024,7.670202050943004,99,26,0.5386971894552309,0,0,1,3.2643898670099416,0.5455286900202433,36,post_opening,0.15557270993789035,12,0.006831500565012361,R1,-0.3826834370613369,0.9238795305660376,60.369346618652344,69.22938537597656,0.38995598008235294,4.123105525970459,1
0.08306595926428417,13.534061031122402,1,8,10.374320983886719,8.682182312011719,76.70114135742188,67.76848602294922,1,54,5.099019527435303,1,1.0,47,0.2994684541129013,7.57921166087573,99,26,0.5402451852455197,0,0,1,3.2603874811270015,0.543911412358284,36,post_opening,0.08673218637704849,12,0.00366622711276432,R1,-0.3826834370613369,0.9238795305660376,61.734619140625,70.17285919189453,0.4571792259812355,4.924428939819336,1
