arm,backtracking_ratio,barrier_violation_m,catastrophic_failure,curvature_energy,dataset,episode_id,excess_length_m,failure_score,hard_hazard_length_m,hard_hits,low_margin_length_m,max_risk,max_violation_severity_m,mean_rho,mean_safety_margin_m,min_hard_distance_m,oscillation,path_cvar_risk,path_length_m,path_length_ratio,regime,revisit_count,risk_exposure,soft_risk_violation_length_m,success
zero,0.0,0.0,0.0,0.34418540723870356,RELLIS-3D,00003_001631_00,-3.503541853232967,15.430451305887896,0.0,0.0,0.0,0.550000011920929,0.0,0.4541940791964346,4.6622965387513675,1.4142135381698608,1.0835226045595743,0.550000011920929,32.78045814676702,0.9034411351220105,R1,0.0,14.88869000360811,32.78045814676702,1.0
learned,0.0,0.0,0.0,0.34418540723870356,RELLIS-3D,00003_001631_00,-3.503541853232967,15.430451305887896,0.0,0.0,0.0,0.550000011920929,0.0,0.4541940791964346,4.6622965387513675,1.4142135381698608,1.0835226045595743,0.550000011920929,32.78045814676702,0.9034411351220105,R1,0.0,14.88869000360811,32.78045814676702,1.0
fixed,0.0,0.0,0.0,0.34418540723870356,RELLIS-3D,00003_001631_00,-3.503541853232967,15.430451305887896,0.0,0.0,0.0,0.550000011920929,0.0,0.4541940791964346,4.6622965387513675,1.4142135381698608,1.0835226045595743,0.550000011920929,32.78045814676702,0.9034411351220105,R1,0.0,14.88869000360811,32.78045814676702,1.0
zero,0.0,0.0,0.0,0.36421199368179574,RELLIS-3D,00003_001631_01,-3.8211646395408962,19.673735578969808,0.0,0.0,2.7630106545201096,0.5689160227775574,0.0,0.4548791041572207,6.9726847592624654,0.5,1.0664511473750078,0.5624209556915406,42.07823536045906,0.9167491374714942,R1,0.0,19.140510005282305,42.07823536045906,1.0
learned,0.0,0.0,0.0,0.36421199368179574,RELLIS-3D,00003_001631_01,-3.8211646395408962,19.673735578969808,0.0,0.0,2.7630106545201096,0.5689160227775574,0.0,0.4548791041572207,6.9726847592624654,0.5,1.0664511473750078,0.5624209556915406,42.07823536045906,0.9167491374714942,R1,0.0,19.140510005282305,42.07823536045906,1.0
fixed,0.0,0.0,0.0,0.36421199368179574,RELLIS-3D,00003_001631_01,-3.8211646395408962,19.673735578969808,0.0,0.0,2.7630106545201096,0.5689160227775574,0.0,0.4548791041572207,6.9726847592624654,0.5,1.0664511473750078,0.5624209556915406,42.07823536045906,0.9167491374714942,R1,0.0,19.140510005282305,42.07823536045906,1.0
zero,0.0,0.0,0.0,0.49849118207517407,RELLIS-3D,00003_001631_04,-3.6623826933765002,18.72495087086625,0.0,0.0,0.0,0.550000011920929,0.0,0.454546609631136,9.097867082795837,2.5495097637176514,1.4032489527862615,0.550000011920929,39.651217306623465,0.9154449712474487,R1,0.0,18.02332639447312,39.651217306623465,1.0
learned,0.0,0.0,0.0,0.4984805062583774,RELLIS-3D,00003_001631_04,-3.6624007698572285,18.72493894193088,0.0,0.0,0.0,0.550000011920929,0.0,0.4545469972965588,9.097866880050105,2.5495097637176514,1.4032107853237528,0.550000011920929,39.65119923014274,0.9154445539078435,R1,0.0,18.023333549269005,39.65119923014274,1.0
fixed,0.0,0.0,0.0,0.4983779099184285,RELLIS-3D,00003_001631_04,-3.66257251143044,18.724826399050087,0.0,0.0,0.0,0.550000011920929,0.0,0.45455061949229025,9.097861622948226,2.5495097637176514,1.4028545812299593,0.5500000119209291,39.651027488569525,0.9154405888351362,R1,0.0,18.023399108435108,39.651027488569525,1.0
zero,0.0,0.0,0.0,0.46566219521579416,RELLIS-3D,00003_001631_05,-2.6049043527260594,20.66406778641627,0.0,0.0,3.0702387810686997,0.6328809857368469,0.0,0.5088461295580168,5.818912225904225,0.5,1.338431526733209,0.6147602821349882,39.294495647273905,0.937829554773432,R1,0.0,19.994852023049663,39.294495647273905,1.0
learned,0.0,0.0,0.0,0.4656599657338095,RELLIS-3D,00003_001631_05,-2.604906097080736,20.664069752597626,0.0,0.0,3.0702387810686997,0.6328809857368469,0.0,0.5088462030665413,5.8189127566597225,0.5,1.3384314573516374,0.6147602850094107,39.29449390291923,0.9378295131414593,R1,0.0,19.994854023921807,39.29449390291923,1.0
fixed,0.0,0.0,0.0,0.46563975426300946,RELLIS-3D,00003_001631_05,-2.6049220938761266,20.664088963385105,0.0,0.0,3.0702387810686997,0.6328809857368469,0.0,0.508846956304709,5.818918524604499,0.5,1.338426962542709,0.6147603113696274,39.29447790612384,0.9378291313508993,R1,0.0,19.99487548211375,39.29447790612384,1.0
zero,0.0,0.0,0.0,0.21793343760413147,RELLIS-3D,00003_001631_06,-2.4918512588424413,13.934393730076911,0.0,0.0,0.0,0.550000011920929,0.0,0.4377299758541192,8.203479587931772,6.5,0.8855807956565727,0.550000011920929,30.821748741157553,0.9252001807417258,R1,0.0,13.491603332248625,30.821748741157553,1.0
learned,0.0,0.0,0.0,0.2179090728525142,RELLIS-3D,00003_001631_06,-2.4918975875257736,13.93437523714413,0.0,0.0,0.0,0.550000011920929,0.0,0.43773016373744345,8.20348058326242,6.5,0.8855727869300669,0.550000011920929,30.82170241247422,0.925198790057941,R1,0.0,13.491588843679096,30.82170241247422,1.0
fixed,0.0,0.0,0.0,0.21766925850216545,RELLIS-3D,00003_001631_06,-2.4923459207670575,13.934196738500848,0.0,0.0,0.0,0.550000011920929,0.0,0.4377320228837964,8.203491140156858,6.5,0.885493685165505,0.550000011920929,30.821254079232936,0.9251853320935877,R1,0.0,13.491449895918096,30.821254079232936,1.0
zero,0.0,0.0,0.0,0.5227133908532062,RELLIS-3D,00003_001631_07,-3.270641225866669,14.645095240256365,0.0,0.0,0.0,0.550000011920929,0.0,0.4408401239158845,7.993592273115381,6.363961219787598,1.3411393083275698,0.550000011920929,31.699758774133322,0.9064740115678783,R1,0.0,13.97452558609258,31.699758774133322,1.0
learned,0.0,0.0,0.0,0.522679692713348,RELLIS-3D,00003_001631_07,-3.270689417814893,14.645065154186241,0.0,0.0,0.0,0.550000011920929,0.0,0.4408403047073999,7.993593201342603,6.363961219787598,1.3411101639987504,0.550000011920929,31.699710582185098,0.9064726334896114,R1,0.0,13.974510072186867,31.699710582185098,1.0
fixed,0.0,0.0,0.0,0.5223474797604952,RELLIS-3D,00003_001631_07,-3.2711486663353817,14.644783923278199,0.0,0.0,0.0,0.550000011920929,0.0,0.44084211777876614,7.993601511385759,6.363961219787598,1.3408376666882298,0.550000011920929,31.69925133366461,0.906459500996975,R1,0.0,13.974365089934084,31.69925133366461,1.0
zero,0.0,1.2742250231190917,1.0,0.18861400040533072,RELLIS-3D,00003_001258_00,-4.2294998276667215,504.3521801431649,2.5484500462381834,1.0,2.5484500462381834,0.6697041392326355,0.5,0.42577560131904174,3.1260021726235383,0.0,1.0107680873257614,0.6447342502824703,32.13440017233327,0.8836895979895797,R1,0.0,13.682043556401918,32.13440017233327,1.0
learned,0.0,1.2742250231190917,1.0,0.1886229250400902,RELLIS-3D,00003_001258_00,-4.22949962061201,504.3521910162706,2.5484500462381834,1.0,2.5484500462381834,0.6697041392326355,0.5,0.4257755900019456,3.1259953974579133,0.0,1.0107903845556683,0.644734249665886,32.13440037938798,0.883689603683543,R1,0.0,13.682043280892662,32.13440037938798,1.0
fixed,0.0,1.2742250231190917,1.0,0.18875525856336775,RELLIS-3D,00003_001258_00,-4.229488995741107,504.35235729960795,2.5484500462381834,1.0,2.5484500462381834,0.6697041392326355,0.5,0.425775466136651,3.1258984166735497,0.0,1.01112186428558,0.644734218026288,32.13441100425889,0.8836898958653745,R1,0.0,13.682043824365055,32.13441100425889,1.0
zero,0.0,0.0,0.0,0.5393167119369113,RELLIS-3D,00003_001258_01,-2.2559828388442114,17.558708538575402,0.0,0.0,3.2143096794106043,0.5823912024497986,0.0,0.4313355189333622,3.726986542248624,0.5,1.7196106443312498,0.5768931759872198,38.71441716115575,0.9449362749974564,R1,0.0,16.69890321640978,38.71441716115575,1.0
learned,0.0,0.0,0.0,0.5392899055811199,RELLIS-3D,00003_001258_01,-2.256020676521544,17.558655527055436,0.0,0.0,3.2143096794106043,0.5823912024497986,0.0,0.431335379832829,3.726971922470574,0.5,1.7195480331412987,0.5768932022713777,38.71437932347842,0.9449353514605289,R1,0.0,16.698881510484785,38.71437932347842,1.0
fixed,0.0,0.0,0.0,0.538923797254641,RELLIS-3D,00003_001258_01,-2.256538275771348,17.55792995191714,0.0,0.0,3.2143096794106043,0.5823912024497986,0.0,0.43133347225484214,3.726767424876368,0.5,1.7186911000235638,0.5768935618298029,38.713861724228614,0.944922717967817,R1,0.0,16.698584401905357,38.713861724228614,1.0
zero,0.0,0.0,0.0,0.5711705438714479,RELLIS-3D,00003_001258_02,-4.24166804332787,18.112558131593595,0.0,0.0,0.0,0.550000011920929,0.0,0.42941387953154775,4.036027991225687,1.0,1.9576035829648617,0.550000011920929,39.90033195667211,0.903908566822349,R1,0.0,17.133756340111162,39.90033195667211,1.0
learned,0.0,0.0,0.0,0.5711705438714479,RELLIS-3D,00003_001258_02,-4.24166804332787,18.112558131593595,0.0,0.0,0.0,0.550000011920929,0.0,0.42941387953154775,4.036027991225687,1.0,1.9576035829648617,0.550000011920929,39.90033195667211,0.903908566822349,R1,0.0,17.133756340111162,39.90033195667211,1.0
fixed,0.0,0.0,0.0,0.5711705438714479,RELLIS-3D,00003_001258_02,-4.24166804332787,18.112558131593595,0.0,0.0,0.0,0.550000011920929,0.0,0.42941387953154775,4.036027991225687,1.0,1.9576035829648617,0.550000011920929,39.90033195667211,0.903908566822349,R1,0.0,17.133756340111162,39.90033195667211,1.0
zero,0.0,0.0,0.0,0.31707819974531687,RELLIS-3D,00003_001258_03,-0.3051186164839734,25.928460916005445,0.0,0.0,0.0,0.550000011920929,0.0,0.5251900329204695,5.461289031568319,1.5811388492584229,1.0257938221474705,0.550000011920929,48.39308138351596,0.9937344990885911,R1,0.0,25.41556400493171,48.39308138351596,1.0
learned,0.0,0.0,0.0,0.3170756980342045,RELLIS-3D,00003_001258_03,-0.30506969588147115,25.928508376188866,0.0,0.0,0.0,0.550000011920929,0.0,0.5251900023149914,5.461283767485056,1.5811388492584229,1.0258403194784163,0.550000011920929,48.393130304118465,0.9937355036555464,R1,0.0,25.415588216449656,48.393130304118465,1.0
fixed,0.0,0.0,0.0,0.31705317387892085,RELLIS-3D,00003_001258_03,-0.3044205242780933,25.929128621048825,0.0,0.0,0.0,0.550000011920929,0.0,0.5251896039541272,5.461214124930929,1.5811388492584229,1.0264374887021992,0.550000011920929,48.39377947572184,0.9937488341606446,R1,0.0,25.415909876697725,48.39377947572184,1.0
zero,0.0,5.11306874856099,1.0,0.11692891696497207,RELLIS-3D,00003_001258_04,-3.856039133819884,934.6435203946437,10.22613749712198,1.0,10.22613749712198,0.9975637197494507,0.5,0.65858251004863,3.231844650273761,0.0,0.5415474766947916,0.9975637197494507,33.3066608661801,0.8962389941037684,R1,0.0,21.935184314587367,33.3066608661801,1.0
learned,0.0,5.113068813540604,1.0,0.11694123435076678,RELLIS-3D,00003_001258_04,-3.856062457375529,934.6435468779437,10.226137627081208,1.0,10.226137627081208,0.9975637197494507,0.5,0.6585826293408154,3.231836234500425,0.0,0.5416089223082582,0.9975637197494507,33.30663754262446,0.8962383664971724,R1,0.0,21.935172927323126,33.30663754262446,1.0
fixed,0.0,5.1130714079211135,1.0,0.11719716581074728,RELLIS-3D,00003_001258_04,-3.8565528746182096,934.6442104256548,10.226142815842227,1.0,10.226142815842227,0.9975637197494507,0.5,0.6585856895897974,3.2316975269069466,0.0,0.5428073643672282,0.9975637197494506,33.30614712538178,0.896225170005995,R1,0.0,21.934951872148805,33.30614712538178,1.0
zero,0.0,8.00763769929891,1.0,0.3348681783150038,RELLIS-3D,00003_001258_05,-4.55125213135004,1356.2291050916742,16.01527539859782,2.0,16.01527539859782,0.9850705862045288,0.5,0.6798571230578778,2.768698471533745,0.0,1.2301360642942174,0.9850705862045288,36.439847868649935,0.8889697487661945,R1,0.0,24.773890136647086,36.439847868649935,1.0
learned,0.0,8.007645256470715,1.0,0.3348886833157959,RELLIS-3D,00003_001258_05,-4.5512277296239745,1356.2299738226804,16.01529051294143,2.0,16.01529051294143,0.9850705862045288,0.5,0.679857119141199,2.768698333894826,0.0,1.2301780545813523,0.9850705862045288,36.439872270376,0.8889703440594671,R1,0.0,24.773906583611087,36.439872270376,1.0
fixed,0.0,8.007791690662357,1.0,0.3352808221299611,RELLIS-3D,00003_001258_05,-4.55079259562951,1356.2469103945373,16.015583381324713,2.0,16.015583381324713,0.9850705862045288,0.5,0.6798571691723397,2.768691899474235,0.0,1.231240371945534,0.9850705862045288,36.440307404370465,0.8889809593880253,R1,0.0,24.774204235705156,36.440307404370465,1.0
zero,0.0,0.0,0.0,0.4355238460791224,RELLIS-3D,00003_001258_06,-2.6843597886723245,18.443284270742513,0.0,0.0,0.0,0.550000011920929,0.0,0.44224019995868263,5.740481311003609,2.8284270763397217,1.254355584282911,0.550000011920929,40.286040211327624,0.9375300255833707,R1,0.0,17.816106478601057,40.286040211327624,1.0
learned,0.0,0.0,0.0,0.4355238460791224,RELLIS-3D,00003_001258_06,-2.6843597886723245,18.443284270742513,0.0,0.0,0.0,0.550000011920929,0.0,0.44224019995868263,5.740481311003609,2.8284270763397217,1.254355584282911,0.550000011920929,40.286040211327624,0.9375300255833707,R1,0.0,17.816106478601057,40.286040211327624,1.0
fixed,0.0,0.0,0.0,0.4355238460791224,RELLIS-3D,00003_001258_06,-2.6843597886723245,18.443284270742513,0.0,0.0,0.0,0.550000011920929,0.0,0.44224019995868263,5.740481311003609,2.8284270763397217,1.254355584282911,0.550000011920929,40.286040211327624,0.9375300255833707,R1,0.0,17.816106478601057,40.286040211327624,1.0
zero,0.0,0.0,0.0,0.35420496399082896,RELLIS-3D,00003_001258_07,-3.387420793080878,18.068184368457526,0.0,0.0,5.941743470964042,0.5546852946281433,0.0,0.5118832337240444,2.8919607572322454,0.7071067690849304,1.243357514140821,0.5546852946281433,34.0829792069191,0.9095974210822174,R1,0.0,17.446505611387117,34.0829792069191,1.0
learned,0.0,0.0,0.0,0.35420496399082896,RELLIS-3D,00003_001258_07,-3.387420793080878,18.068184368457526,0.0,0.0,5.941743470964042,0.5546852946281433,0.0,0.5118832337240444,2.8919607572322454,0.7071067690849304,1.243357514140821,0.5546852946281433,34.0829792069191,0.9095974210822174,R1,0.0,17.446505611387117,34.0829792069191,1.0
fixed,0.0,0.0,0.0,0.35420496399082896,RELLIS-3D,00003_001258_07,-3.387420793080878,18.068184368457526,0.0,0.0,5.941743470964042,0.5546852946281433,0.0,0.5118832337240444,2.8919607572322454,0.7071067690849304,1.243357514140821,0.5546852946281433,34.0829792069191,0.9095974210822174,R1,0.0,17.446505611387117,34.0829792069191,1.0
zero,0.0,0.0,0.0,0.8196240797640166,RELLIS-3D,00003_000938_00,-1.58607014637537,17.44473250425559,0.0,0.0,5.755698503586755,0.5588308572769165,0.0,0.46652879198515673,7.054503334531426,0.5,1.8738476848795549,0.5588308572769165,35.38432985362462,0.9570989184218897,R1,0.0,16.50780866181581,35.38432985362462,1.0
learned,0.0,0.0,0.0,0.8196240797640166,RELLIS-3D,00003_000938_00,-1.58607014637537,17.44473250425559,0.0,0.0,5.755698503586755,0.5588308572769165,0.0,0.46652879198515673,7.054503334531426,0.5,1.8738476848795549,0.5588308572769165,35.38432985362462,0.9570989184218897,R1,0.0,16.50780866181581,35.38432985362462,1.0
fixed,0.0,0.0,0.0,0.8196240797640166,RELLIS-3D,00003_000938_00,-1.58607014637537,17.44473250425559,0.0,0.0,5.755698503586755,0.5588308572769165,0.0,0.46652879198515673,7.054503334531426,0.5,1.8738476848795549,0.5588308572769165,35.38432985362462,0.9570989184218897,R1,0.0,16.50780866181581,35.38432985362462,1.0
zero,0.0,0.0,0.0,0.23387656973140003,RELLIS-3D,00003_000938_01,-1.952320567628277,17.28143032173829,0.0,0.0,0.0,0.550000011920929,0.0,0.47220593077772455,12.968466654771927,9.013877868652344,0.8431267568821726,0.550000011920929,35.70447943237171,0.9481548998420397,R1,0.0,16.859866943297206,35.70447943237171,1.0
learned,0.0,0.0,0.0,0.23387425312110482,RELLIS-3D,00003_000938_01,-1.9523215646032384,17.281420606891214,0.0,0.0,0.0,0.550000011920929,0.0,0.4722058774650435,12.968465537554104,9.013877868652344,0.8431120757459362,0.550000011920929,35.70447843539675,0.9481548733667429,R1,0.0,16.859864569018246,35.70447843539675,1.0
fixed,0.0,0.0,0.0,0.23384491679610123,RELLIS-3D,00003_000938_01,-1.9523322348459828,17.281319234214084,0.0,0.0,0.0,0.550000011920929,0.0,0.47220526139816427,12.968456341642925,9.013877868652344,0.8429634001744113,0.550000011920929,35.70446776515401,0.9481545900117381,R1,0.0,16.85983753412688,35.70446776515401,1.0
zero,0.0,7.808907310926466,1.0,0.17531436446027376,RELLIS-3D,00003_000938_02,-1.7653258437131925,1335.145585808885,15.617814621852933,2.0,15.617814621852933,0.9226219058036804,0.5,0.6404557895002397,7.390860327712465,0.0,0.8703331753248813,0.9226219058036804,40.17547415628678,0.9579091041727102,R1,0.0,25.73061501931113,40.17547415628678,1.0
learned,0.0,7.808940536070299,1.0,0.1753376179163695,RELLIS-3D,00003_000938_02,-1.765288135228623,1335.1493169934568,15.617881072140598,2.0,15.617881072140598,0.9226219058036804,0.5,0.6404559747164844,7.390860128642935,0.0,0.8704228292760468,0.9226219058036804,40.17551186477135,0.9579100032610579,R1,0.0,25.73064661108582,40.17551186477135,1.0
fixed,0.0,7.80935505793159,1.0,0.17563834575228274,RELLIS-3D,00003_000938_02,-1.7648152690360206,1335.1959011650551,15.61871011586318,2.0,15.61871011586318,0.9226219058036804,0.5,0.6404584621249255,7.390853102365628,0.0,0.871590794865047,0.9226219058036804,40.175984730963954,0.9579212778717616,R1,0.0,25.731049395147664,40.175984730963954,1.0
zero,0.0,0.0,0.0,0.5290618193455594,RELLIS-3D,00003_000938_03,-1.6909646071581221,20.792087183930608,0.0,0.0,10.266512821351732,0.6996007561683655,0.0,0.5956913514457949,7.202920289570506,0.5,1.526748135198837,0.6996007561683655,33.62263539284187,0.9521157682264588,R1,0.0,20.02871311633119,33.62263539284187,1.0
learned,0.0,0.0,0.0,0.5290808210301224,RELLIS-3D,00003_000938_03,-1.6909313307983922,20.79213871073469,0.0,0.0,10.266525380669997,0.6996007561683655,0.0,0.5956913620268073,7.2029256678309235,0.5,1.5268108324038505,0.6996007561683655,33.6226686692016,0.952116710536496,R1,0.0,20.028733294532763,33.6226686692016,1.0
fixed,0.0,0.0,0.0,0.5293235022419933,RELLIS-3D,00003_000938_03,-1.6905176257857093,20.79283166502008,0.0,0.0,10.266695743427357,0.6996007561683655,0.0,0.5956915567672654,7.202989658705414,0.5,1.527690764420745,0.6996007561683655,33.623082374214285,0.9521284257117454,R1,0.0,20.028986282809708,33.623082374214285,1.0
zero,0.0,0.0,0.0,0.08195870162882711,RELLIS-3D,00003_000938_04,-3.212969100062679,19.076041822067992,0.0,0.0,0.0,0.6582975387573242,0.0,0.48729604671516336,7.738601193309863,1.5811388492584229,0.6850300078845976,0.6582975387573242,38.44383089993731,0.9228704773275268,R1,0.0,18.733526818125693,38.44383089993731,1.0
learned,0.0,0.0,0.0,0.08195870162882711,RELLIS-3D,00003_000938_04,-3.212969100062679,19.076041822067992,0.0,0.0,0.0,0.6582975387573242,0.0,0.48729604671516336,7.738601193309863,1.5811388492584229,0.6850300078845976,0.6582975387573242,38.44383089993731,0.9228704773275268,R1,0.0,18.733526818125693,38.44383089993731,1.0
fixed,0.0,0.0,0.0,0.08195870162882711,RELLIS-3D,00003_000938_04,-3.212969100062679,19.076041822067992,0.0,0.0,0.0,0.6582975387573242,0.0,0.48729604671516336,7.738601193309863,1.5811388492584229,0.6850300078845976,0.6582975387573242,38.44383089993731,0.9228704773275268,R1,0.0,18.733526818125693,38.44383089993731,1.0
zero,0.0,0.0,0.0,0.563365697610384,RELLIS-3D,00003_000938_05,-2.2869180056439617,20.903680005456906,0.0,0.0,0.0,0.550000011920929,0.0,0.49737356396582477,10.942789021770551,3.535533905029297,1.6789803570753525,0.550000011920929,40.34028199435599,0.9463507336713656,R1,0.0,20.06418982691923,40.34028199435599,1.0
learned,0.0,0.0,0.0,0.5633666704084179,RELLIS-3D,00003_000938_05,-2.2869095212441053,20.903692780812477,0.0,0.0,0.0,0.550000011920929,0.0,0.4973738642163111,10.94280279155119,3.535533905029297,1.6789732435704425,0.550000011920929,40.34029047875585,0.9463509327085967,R1,0.0,20.064206159027258,40.34029047875585,1.0
fixed,0.0,0.0,0.0,0.563385895246098,RELLIS-3D,00003_000938_05,-2.286798047054205,20.903979017270316,0.0,0.0,0.0,0.550000011920929,0.0,0.49737768223383616,10.942979813911798,3.535533905029297,1.6791267870656874,0.5500000119209291,40.34040195294575,0.9463535478038856,R1,0.0,20.064415623737474,40.34040195294575,1.0
zero,0.0,0.0,0.0,0.21770046391817677,RELLIS-3D,00003_000938_06,-2.5627120882840018,12.472554149416954,0.0,0.0,0.0,0.542539119720459,0.0,0.3909171408381981,7.16270991886292,4.031128883361816,0.9030099374660581,0.542539119720459,30.750887911715992,0.9230730966246817,R1,0.0,12.021049180683924,30.750887911715992,1.0
learned,0.0,0.0,0.0,0.21770224701658156,RELLIS-3D,00003_000938_06,-2.5627038918857217,12.472559894125258,0.0,0.0,0.0,0.542539119720459,0.0,0.3909171444369842,7.1627090807471525,4.031128883361816,0.9030147973257084,0.542539119720459,30.750896108114272,0.9230733426622844,R1,0.0,12.021052495462403,30.750896108114272,1.0
fixed,0.0,0.0,0.0,0.21772101938924482,RELLIS-3D,00003_000938_06,-2.5626292756782405,12.4726185984212,0.0,0.0,0.0,0.542539119720459,0.0,0.3909170737893081,7.162695611051447,4.031128883361816,0.9030782133773163,0.542539119720459,30.750970724321753,0.9230755824744776,R1,0.0,12.021079491732541,30.750970724321753,1.0
zero,0.0,0.0,0.0,0.546271825160007,RELLIS-3D,00003_000938_07,-2.8247519268578287,23.481952833765945,0.0,0.0,5.847354952460126,0.7467749714851379,0.0,0.5956946620598973,7.632895100263117,0.5,1.5175877915595375,0.7467749714851379,38.145648073142134,0.9310538357727083,R1,0.0,22.723158937986177,38.145648073142134,1.0
learned,0.0,0.0,0.0,0.5462691054882882,RELLIS-3D,00003_000938_07,-2.824758344182513,23.48194638943928,0.0,0.0,5.847371499645819,0.7467749714851379,0.0,0.5956947156300835,7.632893525382724,0.5,1.5175784615000756,0.7467749714851379,38.14564165581745,0.9310536791395125,R1,0.0,22.723157158689244,38.14564165581745,1.0
fixed,0.0,0.0,0.0,0.5462258921833296,RELLIS-3D,00003_000938_07,-2.824838704003753,23.481863522229308,0.0,0.0,5.847585602945306,0.7467749714851379,0.0,0.5956954148620652,7.632867279496596,0.5,1.5174551217290138,0.7467749714851379,38.14556129599621,0.931051717727829,R1,0.0,22.7231359613648,38.14556129599621,1.0
zero,0.0,0.0,0.0,0.6403165818452761,RELLIS-3D,00003_000958_01,-2.5526703404838216,16.079412429242723,0.0,0.0,0.0,0.5447239875793457,0.0,0.4428164486573808,7.165342635600256,4.123105525970459,1.6773512211319368,0.54123819939351,34.41772965951617,0.9309536726547772,R1,0.0,15.240736818676753,34.41772965951617,1.0
learned,0.0,0.0,0.0,0.6403439371125396,RELLIS-3D,00003_000958_01,-2.5525977354106644,16.07948181793177,0.0,0.0,0.0,0.5447239875793457,0.0,0.44281671069903167,7.165325773241078,4.123105525970459,1.6774076592732867,0.5412380957561373,34.41780226458933,0.9309556365251481,R1,0.0,15.240777988295129,34.41780226458933,1.0
fixed,0.0,0.0,0.0,0.6406769032852453,RELLIS-3D,00003_000958_01,-2.551762851154578,16.08028314277738,0.0,0.0,0.0,0.5447239875793457,0.0,0.44281954146987446,7.165149005592197,4.123105525970459,1.6780760450153331,0.5412371126916354,34.41863714884541,0.930978219030506,R1,0.0,15.241245120269713,34.41863714884541,1.0
zero,0.0,0.0,0.0,0.19256243886136182,RELLIS-3D,00003_000958_04,-3.811627943364293,16.153831365040784,0.0,0.0,0.0,0.5501188635826111,0.0,0.49097838656740256,5.434966432105184,1.4142135381698608,0.7494651985737282,0.5500941267708572,32.1380720566357,0.8939733031606858,R1,0.0,15.77909876575392,32.1380720566357,1.0
learned,0.0,0.0,0.0,0.19256243886136182,RELLIS-3D,00003_000958_04,-3.811627943364293,16.153831365040784,0.0,0.0,0.0,0.5501188635826111,0.0,0.49097838656740256,5.434966432105184,1.4142135381698608,0.7494651985737282,0.5500941267708572,32.1380720566357,0.8939733031606858,R1,0.0,15.77909876575392,32.1380720566357,1.0
fixed,0.0,0.0,0.0,0.19256243886136182,RELLIS-3D,00003_000958_04,-3.811627943364293,16.153831365040784,0.0,0.0,0.0,0.5501188635826111,0.0,0.49097838656740256,5.434966432105184,1.4142135381698608,0.7494651985737282,0.5500941267708572,32.1380720566357,0.8939733031606858,R1,0.0,15.77909876575392,32.1380720566357,1.0
zero,0.0,0.0,0.0,0.015066335126539881,RELLIS-3D,00003_000958_05,-3.426548363416437,13.317952991059743,0.0,0.0,8.785114965044382,0.5555526614189148,0.0,0.4429651552085922,2.9224972203947903,0.7071067690849304,0.22096210030621438,0.5555526614189148,29.81605163658356,0.8969229734311865,R1,0.0,13.207471940906636,29.81605163658356,1.0
learned,0.0,0.0,0.0,0.015062556994774046,RELLIS-3D,00003_000958_05,-3.4265589985531832,13.317938654867014,0.0,0.0,8.785071801346254,0.5555526614189148,0.0,0.442965194240387,2.922498502439896,0.7071067690849304,0.22094052236356634,0.5555526614189148,29.816041001446813,0.8969226535062484,R1,0.0,13.20746839368523,29.816041001446813,1.0
fixed,0.0,0.0,0.0,0.01502606084414977,RELLIS-3D,00003_000958_05,-3.426666053445313,13.31780361686429,0.0,0.0,8.784619016017105,0.5555526614189148,0.0,0.4429656088053274,2.9225119297860913,0.7071067690849304,0.22074056825853328,0.5555526614189148,29.815933946554683,0.8969194330935212,R1,0.0,13.207433332735024,29.815933946554683,1.0
zero,0.0,0.0,0.0,0.20704087329801266,RELLIS-3D,00003_000958_06,-1.7288091847449678,15.416097392748709,0.0,0.0,0.0,0.5498920679092407,0.0,0.4444639686715335,7.456180111434691,4.123105525970459,0.9777359599943929,0.5498827540324221,33.58479081525502,0.9510440967574825,R1,0.0,14.927229412751512,33.58479081525502,1.0
learned,0.0,0.0,0.0,0.207049417033335,RELLIS-3D,00003_000958_06,-1.7287633572744738,15.41613074052137,0.0,0.0,0.0,0.5498920679092407,0.0,0.4444641654555685,7.456161452363906,4.123105525970459,0.9777487003015526,0.5498827538393922,33.58483664272551,0.9510453944861336,R1,0.0,14.927256390370593,33.58483664272551,1.0
fixed,0.0,0.0,0.0,0.2071401922566383,RELLIS-3D,00003_000958_06,-1.7282534033630554,15.416495436558913,0.0,0.0,0.0,0.5498920679092407,0.0,0.4444661872596246,7.455962684389458,4.123105525970459,0.9778889739173723,0.5498827521147374,33.58534659663693,0.9510598352090114,R1,0.0,14.927550949600226,33.58534659663693,1.0
zero,0.0,0.0,0.0,0.2804682453991693,RELLIS-3D,00003_000958_07,-2.380835010346029,16.188359205176088,0.0,0.0,0.0,0.5500552654266357,0.0,0.5137452377558678,4.917525963206045,1.8027756214141846,0.9462317334354781,0.5500552654266357,30.58956498965397,0.9277887131989291,R1,0.0,15.715243338458349,30.58956498965397,1.0
learned,0.0,0.0,0.0,0.28044502827137013,RELLIS-3D,00003_000958_07,-2.3808449876158875,16.18829625027697,0.0,0.0,0.0,0.5500552654266357,0.0,0.5137439675835188,4.917527120937749,1.8027756214141846,0.946193783200884,0.5500552654266357,30.58955501238411,0.9277884105859836,R1,0.0,15.715199358676527,30.58955501238411,1.0
fixed,0.0,0.0,0.0,0.2801944920063291,RELLIS-3D,00003_000958_07,-2.3809683604918597,16.18758440795421,0.0,0.0,0.0,0.5500552654266357,0.0,0.5137297625601343,4.9175389130153695,1.8027756214141846,0.9457659098804714,0.5500552654266357,30.58943163950814,0.927784668657588,R1,0.0,15.714701453013973,30.58943163950814,1.0
zero,0.0,0.0,0.0,0.0,RELLIS-3D,00003_001891_00,-2.3673019409179688,11.501017514044236,0.0,0.0,10.333292007446289,0.564193844795227,0.0,0.3881191476764407,5.085715928641747,0.5,0.0,0.5502733682391238,29.63269805908203,0.9260218143463135,R1,0.0,11.501017514044236,29.63269805908203,1.0
learned,0.0,0.0,0.0,1.4441930270616528e-09,RELLIS-3D,00003_001891_00,-2.367275236168709,11.314203683303687,0.0,0.0,10.333292007446289,0.564193844795227,0.0,0.3818131157826626,5.039088580019389,0.5,8.142419039574343e-05,0.5423800857361062,29.63272476383129,0.9260226488697278,R1,0.0,11.31416297120849,29.63272476383129,1.0
fixed,0.0,0.0,0.0,2.1564787223730884e-07,RELLIS-3D,00003_001891_00,-2.3669125564551337,11.314990641304481,0.0,0.0,10.333292007446289,0.564193844795227,0.0,0.38181997829992953,5.039224184022025,0.5,0.0009716733005340364,0.5423948923529255,29.633087443544866,0.9260339826107771,R1,0.0,11.314504804654215,29.633087443544866,1.0
zero,0.0,0.0,0.0,0.15381915157778098,RELLIS-3D,00003_001891_02,-1.130562569172838,12.950691418544091,0.0,0.0,2.903727939527408,0.5600945353507996,0.0,0.3936072534069113,5.843140602081806,0.5,0.6223211281925711,0.5591277697005999,32.11203743082716,0.9659905491997366,R1,0.0,12.639530854447806,22.005327753258054,1.0
learned,0.0,0.0,0.0,0.1538039559312563,RELLIS-3D,00003_001891_02,-1.130577490162331,12.950608164858613,0.0,0.0,2.903723696860832,0.5600945353507996,0.0,0.3936070727112647,5.843119906906199,0.5,0.6221779718463408,0.5591277606030473,32.112022509837665,0.965990100348278,R1,0.0,12.639519178935442,22.005203508315436,1.0
fixed,0.0,0.0,0.0,0.15355924678478539,RELLIS-3D,00003_001891_02,-1.1308101774238963,12.949244101670832,0.0,0.0,2.903692452837586,0.5600945353507996,0.0,0.3936041253084869,5.8427666643495435,0.5,0.6198223129315874,0.5591277285215115,32.1117898225761,0.9659831006773268,R1,0.0,12.639332945205037,22.00314353289134,1.0
zero,0.0,0.0,0.0,0.20183336107001335,RELLIS-3D,00003_001891_03,-1.900228672695384,14.772167536769222,0.0,0.0,0.0,0.5495659708976746,0.0,0.4278433089055857,10.196866755190904,7.5,0.9529603728083971,0.5491698789172863,33.4133713273046,0.9461898907872496,R1,0.0,14.295687350365023,33.4133713273046,1.0
learned,0.0,0.0,0.0,0.20183454711497503,RELLIS-3D,00003_001891_03,-1.9002365501471559,14.772166985999643,0.0,0.0,0.0,0.5495659708976746,0.0,0.4278432785857137,10.19686326426135,7.5,0.9529680380771084,0.5491698401385762,33.41336344985283,0.9461896677159181,R1,0.0,14.295682966961088,33.41336344985283,1.0
fixed,0.0,0.0,0.0,0.20184439407640878,RELLIS-3D,00003_001891_03,-1.9003437340378895,14.772136052955286,0.0,0.0,0.0,0.5495659708976746,0.0,0.4278427643048775,10.196824569334412,7.5,0.9530322553975885,0.5491693370957095,33.4132562659621,0.9461866325144451,R1,0.0,14.295619925256492,33.4132562659621,1.0
zero,0.0,0.0,0.0,0.45257156647790375,RELLIS-3D,00003_001891_04,-2.1218825312761496,17.34710040092442,0.0,0.0,0.0,0.550000011920929,0.0,0.456634938975726,6.809277741616926,2.915475845336914,1.4522572146102517,0.5499999345406651,36.39881746872383,0.9449157847267534,R1,0.0,16.620971793619294,36.39881746872383,1.0
learned,0.0,0.0,0.0,0.4525709383241631,RELLIS-3D,00003_001891_04,-2.121877634462429,17.347103865229695,0.0,0.0,0.0,0.550000011920929,0.0,0.45663494379116093,6.80927586302185,2.915475845336914,1.4522593205560073,0.5499999345443713,36.39882236553755,0.9449159118483716,R1,0.0,16.62097420495169,36.39882236553755,1.0
fixed,0.0,0.0,0.0,0.4525488952812835,RELLIS-3D,00003_001891_04,-2.1218104726911093,17.347137622865084,0.0,0.0,0.0,0.550000011920929,0.0,0.45663502162787467,6.80925301195826,2.915475845336914,1.4522598326635565,0.5499999345918752,36.39888952730887,0.9449176553725371,R1,0.0,16.621007706533305,36.39888952730887,1.0
zero,0.0,0.0,0.0,0.3908621617258524,RELLIS-3D,00003_001891_07,-3.3101235348081275,17.577096458699835,0.0,0.0,0.0,0.5730822682380676,0.0,0.427443061730532,5.852621190239035,3.3541018962860107,1.2491729146777653,0.5643240060018448,39.66027646519182,0.9229673557889121,R1,0.0,16.952510001360952,39.66027646519182,1.0
learned,0.0,0.0,0.0,0.3908519792235604,RELLIS-3D,00003_001891_07,-3.310112785420017,17.57710804805465,0.0,0.0,0.0,0.5730822682380676,0.0,0.4274431376194515,5.852616376961217,3.3541018962860107,1.249180884331976,0.5643240653959672,39.66028721457993,0.9229676059468839,R1,0.0,16.952517605888662,39.66028721457993,1.0
fixed,0.0,0.0,0.0,0.3907268002564135,RELLIS-3D,00003_001891_07,-3.3099932592149273,17.57723604078655,0.0,0.0,0.0,0.5730822682380676,0.0,0.42744381280421223,5.85255604930328,3.3541018962860107,1.2492811322790365,0.5643246710557132,39.66040674078502,0.9229703875408437,R1,0.0,16.95259547464703,39.66040674078502,1.0
zero,0.0,0.0,0.0,0.4048628049664355,RELLIS-3D,00003_001185_00,-2.610946341846777,19.00896331500518,0.0,0.0,0.0,0.550000011920929,0.0,0.4995535962371958,11.478179143166484,3.535533905029297,1.4337647743672612,0.550000011920929,36.6168536581532,0.9334414282257282,R1,0.0,18.292080927821548,36.6168536581532,1.0
learned,0.0,0.0,0.0,0.4048628049664355,RELLIS-3D,00003_001185_00,-2.610946341846777,19.00896331500518,0.0,0.0,0.0,0.550000011920929,0.0,0.4995535962371958,11.478179143166484,3.535533905029297,1.4337647743672612,0.550000011920929,36.6168536581532,0.9334414282257282,R1,0.0,18.292080927821548,36.6168536581532,1.0
fixed,0.0,0.0,0.0,0.4048628049664355,RELLIS-3D,00003_001185_00,-2.610946341846777,19.00896331500518,0.0,0.0,0.0,0.550000011920929,0.0,0.4995535962371958,11.478179143166484,3.535533905029297,1.4337647743672612,0.550000011920929,36.6168536581532,0.9334414282257282,R1,0.0,18.292080927821548,36.6168536581532,1.0
zero,0.02644135621839531,5.085549633371485,1.0,14.111934109535532,RELLIS-3D,00003_001185_01,-4.37716877743955,939.0586600118236,10.17109926674297,1.0,10.17109926674297,0.8115636110305786,0.5,0.6081916010565814,7.8889489454718325,0.0,6.036416007196392,0.8115636110305786,43.7855312225604,0.909117039172647,R1,0.0,26.629992337361948,43.7855312225604,1.0
learned,0.02644135621839531,5.085549633371485,1.0,14.111934109535532,RELLIS-3D,00003_001185_01,-4.37716877743955,939.0586600118236,10.17109926674297,1.0,10.17109926674297,0.8115636110305786,0.5,0.6081916010565814,7.8889489454718325,0.0,6.036416007196392,0.8115636110305786,43.7855312225604,0.909117039172647,R1,0.0,26.629992337361948,43.7855312225604,1.0
fixed,0.026441357776322835,5.085549633371485,1.0,14.11193362377725,RELLIS-3D,00003_001185_01,-4.377171357287558,939.0586582227447,10.17109926674297,1.0,10.17109926674297,0.8115636110305786,0.5,0.6081916044852361,7.888948487573602,0.0,6.036415266871516,0.8115636110305786,43.78552864271239,0.9091169856073774,R1,0.0,26.62999091844551,43.78552864271239,1.0
zero,0.0,4.965812656173813,1.0,0.002896778369399442,RELLIS-3D,00003_001185_03,-2.0298544364014717,917.2086813088051,9.931625312347625,1.0,9.931625312347625,0.8640748262405396,0.5,0.6394333676377488,6.808069994768396,0.0,0.10333613855432892,0.8640748262405396,32.712745563598524,0.9415744810002282,R1,0.0,20.91762106040863,32.712745563598524,1.0
learned,0.0,4.965812656173813,1.0,0.002896778369399442,RELLIS-3D,00003_001185_03,-2.0298544364014717,917.2086813088051,9.931625312347625,1.0,9.931625312347625,0.8640748262405396,0.5,0.6394333676377488,6.808069994768396,0.0,0.10333613855432892,0.8640748262405396,32.712745563598524,0.9415744810002282,R1,0.0,20.91762106040863,32.712745563598524,1.0
fixed,0.0,4.965812656173813,1.0,0.002896778369399442,RELLIS-3D,00003_001185_03,-2.0298544364014717,917.2086813088051,9.931625312347625,1.0,9.931625312347625,0.8640748262405396,0.5,0.6394333676377488,6.808069994768396,0.0,0.10333613855432892,0.8640748262405396,32.712745563598524,0.9415744810002282,R1,0.0,20.91762106040863,32.712745563598524,1.0
zero,0.0,0.0,0.0,0.5460052256537815,RELLIS-3D,00003_001185_04,-3.879221215306792,20.219256478713547,0.0,0.0,0.0,0.550000011920929,0.0,0.47232080322846687,9.255867796234842,3.535533905029297,1.6695912918502651,0.550000011920929,41.04087878469315,0.9136417502341536,R1,0.0,19.384460832788413,41.04087878469315,1.0
learned,0.0,0.0,0.0,0.5460052256537815,RELLIS-3D,00003_001185_04,-3.879221215306792,20.219256478713547,0.0,0.0,0.0,0.550000011920929,0.0,0.47232080322846687,9.255867796234842,3.535533905029297,1.6695912918502651,0.550000011920929,41.04087878469315,0.9136417502341536,R1,0.0,19.384460832788413,41.04087878469315,1.0
fixed,0.0,0.0,0.0,0.5460052256537815,RELLIS-3D,00003_001185_04,-3.879221215306792,20.219256478713547,0.0,0.0,0.0,0.550000011920929,0.0,0.47232080322846687,9.255867796234842,3.535533905029297,1.6695912918502651,0.550000011920929,41.04087878469315,0.9136417502341536,R1,0.0,19.384460832788413,41.04087878469315,1.0
zero,0.0,0.0,0.0,0.3805182967520958,RELLIS-3D,00003_001185_05,-4.443047657310835,14.819131355189793,0.0,0.0,0.0,0.5499946475028992,0.0,0.4685407560120122,7.410944408085498,1.5811388492584229,1.1453132064108034,0.5482083538489135,30.40605234268915,0.872506100378178,R1,0.0,14.24647475198439,30.40605234268915,1.0
learned,0.0,0.0,0.0,0.3805182967520958,RELLIS-3D,00003_001185_05,-4.443047657310835,14.819131355189793,0.0,0.0,0.0,0.5499946475028992,0.0,0.4685407560120122,7.410944408085498,1.5811388492584229,1.1453132064108034,0.5482083538489135,30.40605234268915,0.872506100378178,R1,0.0,14.24647475198439,30.40605234268915,1.0
fixed,0.0,0.0,0.0,0.3805182967520958,RELLIS-3D,00003_001185_05,-4.443047657310835,14.819131355189793,0.0,0.0,0.0,0.5499946475028992,0.0,0.4685407560120122,7.410944408085498,1.5811388492584229,1.1453132064108034,0.5482083538489135,30.40605234268915,0.872506100378178,R1,0.0,14.24647475198439,30.40605234268915,1.0
zero,0.0,0.0,0.0,0.5573937661802871,RELLIS-3D,00003_001185_06,-4.167428242067977,20.967163991045503,0.0,0.0,0.0,0.550000011920929,0.0,0.4992502311099292,12.615945502052353,1.8027756214141846,1.5854517537356188,0.550000011920929,40.40947175793197,0.906511483704161,R1,0.0,20.174438114177693,40.40947175793197,1.0
learned,0.0,0.0,0.0,0.5573937436112784,RELLIS-3D,00003_001185_06,-4.167428070556369,20.9671650097189,0.0,0.0,0.0,0.550000011920929,0.0,0.4992502289753655,12.615945337702033,1.8027756214141846,1.5854537923411842,0.550000011920929,40.409471929443576,0.9065114875517056,R1,0.0,20.17443811354831,40.409471929443576,1.0
fixed,0.0,0.0,0.0,0.5573905314334782,RELLIS-3D,00003_001185_06,-4.167443958499241,20.96715855934588,0.0,0.0,0.0,0.550000011920929,0.0,0.49925017458600884,12.61593992962724,1.8027756214141846,1.5854611514020065,0.550000011920929,40.409456041500704,0.9065111311352013,R1,0.0,20.174427983644875,40.409456041500704,1.0
zero,0.0,0.0,0.0,0.8416316834533658,RELLIS-3D,00003_000335_00,-4.343288841296264,20.685526092235488,0.0,0.0,6.557613039972913,0.5537337064743042,0.0,0.47018351207936443,2.2856832833312692,0.7071067690849304,2.064922558490524,0.5530708686995918,41.7987111587037,0.9058712487257539,R1,0.0,19.653064812990227,41.7987111587037,1.0
learned,0.0,0.0,0.0,0.8416081898865511,RELLIS-3D,00003_000335_00,-4.343354384852837,20.68548730468173,0.0,0.0,6.557690959785317,0.5537337064743042,0.0,0.4701838410074019,2.285680171326521,0.7071067690849304,2.064879120889306,0.5530708718568215,41.79864561514713,0.9058698282507728,R1,0.0,19.653047744237075,41.79864561514713,1.0
fixed,0.0,0.0,0.0,0.841331271083774,RELLIS-3D,00003_000335_00,-4.344086115769855,20.685055403307047,0.0,0.0,6.558633553889024,0.5537337064743042,0.0,0.47018790384684395,2.285642628803219,0.7071067690849304,2.064363777819989,0.553070949935463,41.79791388423011,0.9058539700106225,R1,0.0,19.65287351439705,41.79791388423011,1.0
zero,0.0,0.0,0.0,0.2316947146646287,RELLIS-3D,00003_000335_01,-3.991583575188386,17.8480833129722,0.0,0.0,0.0,0.550000011920929,0.0,0.4886912641321264,7.485485422643856,1.5811388492584229,0.8376072255702814,0.550000011920929,35.665216424811604,0.8993468062176376,R1,0.0,17.42927970018706,35.665216424811604,1.0
learned,0.0,0.0,0.0,0.23169963586239395,RELLIS-3D,00003_000335_01,-3.991582075635172,17.848117039886603,0.0,0.0,0.0,0.550000011920929,0.0,0.48869167064802427,7.485469622349927,1.5811388492584229,0.837644216805796,0.550000011920929,35.66521792436482,0.8993468440309058,R1,0.0,17.429294931483703,35.66521792436482,1.0
fixed,0.0,0.0,0.0,0.23176480316654635,RELLIS-3D,00003_000335_01,-3.991567632054192,17.84852261835811,0.0,0.0,0.0,0.550000011920929,0.0,0.4886964861906897,7.485280599756153,1.5811388492584229,0.8380977619370901,0.550000011920929,35.6652323679458,0.8993472082453906,R1,0.0,17.429473737389564,35.6652323679458,1.0
zero,0.0,0.0,0.0,0.6355606965119046,RELLIS-3D,00003_000335_02,-3.979147587661714,19.896674297807504,0.0,0.0,3.758995296489591,0.5511386394500732,0.0,0.4549701678091406,3.247607000011782,0.5,2.0522515672762784,0.550593722591971,41.47645241233824,0.9124607839812539,R1,0.0,18.870548514169364,41.47645241233824,1.0
learned,0.0,0.0,0.0,0.635531029235573,RELLIS-3D,00003_000335_02,-3.9792145302702906,19.896615465453706,0.0,0.0,3.759016478761255,0.5511386394500732,0.0,0.45497000886218636,3.247605483838799,0.5,2.0522080014386836,0.5505937275343712,41.476385469729664,0.9124593112780318,R1,0.0,18.870511464734363,41.476385469729664,1.0
fixed,0.0,0.0,0.0,0.6351741773520385,RELLIS-3D,00003_000335_02,-3.9800328095497264,19.895930002480608,0.0,0.0,3.759383739977039,0.5511386394500732,0.0,0.45496809777023023,3.2475612674989316,0.5,2.05174018780019,0.5505937995686794,41.47556719045023,0.9124413095515244,R1,0.0,18.87005990858051,41.47556719045023,1.0
zero,0.0,0.0,0.0,0.4662713526105241,RELLIS-3D,00003_000335_04,-3.18036580684376,16.627724624028858,0.0,0.0,3.1148859251168295,0.5844313502311707,0.0,0.46304745848156637,3.9967992562171055,0.5,1.42016393540828,0.5814229037156463,34.37583419315622,0.9153171565056166,R1,0.0,15.917642656324716,34.37583419315622,1.0
learned,0.0,0.0,0.0,0.46625092143307967,RELLIS-3D,00003_000335_04,-3.1804185155041935,16.627692272716754,0.0,0.0,3.1148824353046627,0.5844313502311707,0.0,0.46304751362805807,3.996787483839051,0.5,1.42014425459909,0.5814229157072186,34.37578148449579,0.9153157530446585,R1,0.0,15.91762014541721,34.37578148449579,1.0
fixed,0.0,0.0,0.0,0.4660533467512072,RELLIS-3D,00003_000335_04,-3.1809541572349147,16.62736856745839,0.0,0.0,3.1148572837793584,0.5844313502311707,0.0,0.4630480504453857,3.9966717783742776,0.5,1.4199559927703516,0.58142313371938,34.37524584276507,0.9153014906397634,R1,0.0,15.917390571073215,34.37524584276507,1.0
zero,0.0,0.0,0.0,0.21078612649528358,RELLIS-3D,00003_000335_05,-1.781762897639176,16.986199705846197,0.0,0.0,10.224024302068441,0.550000011920929,0.0,0.49169554361496126,4.84774951241688,0.5,0.9974896667851422,0.5499981477216498,33.53183710236081,0.9495445692979708,R1,0.0,16.487454872453625,33.53183710236081,1.0
learned,0.0,0.0,0.0,0.21078612649528358,RELLIS-3D,00003_000335_05,-1.781762897639176,16.986199705846197,0.0,0.0,10.224024302068441,0.550000011920929,0.0,0.49169554361496126,4.84774951241688,0.5,0.9974896667851422,0.5499981477216498,33.53183710236081,0.9495445692979708,R1,0.0,16.487454872453625,33.53183710236081,1.0
fixed,0.0,0.0,0.0,0.21078612649528358,RELLIS-3D,00003_000335_05,-1.781762897639176,16.986199705846197,0.0,0.0,10.224024302068441,0.550000011920929,0.0,0.49169554361496126,4.84774951241688,0.5,0.9974896667851422,0.5499981477216498,33.53183710236081,0.9495445692979708,R1,0.0,16.487454872453625,33.53183710236081,1.0
zero,0.0,0.0,0.0,1.6620012509188662,RELLIS-3D,00003_000335_06,-1.7405053655619938,20.801986358586348,0.0,0.0,10.799606672913134,0.5791119337081909,0.0,0.506270616841221,3.6227763334023906,0.5,3.068380116169003,0.5767885297800371,38.05829463443798,0.9562673908368595,R1,0.0,19.267796300501846,38.05829463443798,1.0
learned,0.0,0.0,0.0,1.662014203090172,RELLIS-3D,00003_000335_06,-1.740501259571495,20.802004671411712,0.0,0.0,10.799600955205007,0.5791119337081909,0.0,0.5062706273148097,3.6227718738698815,0.5,3.068411787121115,0.5767885151403915,38.05829874042848,0.9562674940055605,R1,0.0,19.267798777851155,38.05829874042848,1.0
fixed,0.0,0.0,0.0,1.662163479286657,RELLIS-3D,00003_000335_06,-1.7404145396567827,20.802238574785004,0.0,0.0,10.799560759915998,0.5791119337081909,0.0,0.5062708045569699,3.6227201468380654,0.5,3.06877829527554,0.5767884024543307,38.05838546034319,0.9562696729635872,R1,0.0,19.267849427147233,38.05838546034319,1.0
zero,0.07265110873950585,5.434038902545746,1.0,2.361639021617386,RELLIS-3D,00003_000335_07,-0.4450580600998535,1068.9422546912838,10.868077805091492,2.0,17.30400117442889,0.6592961549758911,0.5,0.49002178261065804,1.6542201067803937,0.0,2.5807578432496268,0.6592961549758911,40.625941939900144,0.9891636906795584,R1,0.0,19.907596489626965,40.625941939900144,1.0
learned,0.07265110873950585,5.434038902545746,1.0,2.361639021617386,RELLIS-3D,00003_000335_07,-0.4450580600998535,1068.9422546912838,10.868077805091492,2.0,17.30400117442889,0.6592961549758911,0.5,0.49002178261065804,1.6542201067803937,0.0,2.5807578432496268,0.6592961549758911,40.625941939900144,0.9891636906795584,R1,0.0,19.907596489626965,40.625941939900144,1.0
fixed,0.07265110873950585,5.434038902545746,1.0,2.361639021617386,RELLIS-3D,00003_000335_07,-0.4450580600998535,1068.9422546912838,10.868077805091492,2.0,17.30400117442889,0.6592961549758911,0.5,0.49002178261065804,1.6542201067803937,0.0,2.5807578432496268,0.6592961549758911,40.625941939900144,0.9891636906795584,R1,0.0,19.907596489626965,40.625941939900144,1.0
zero,0.0,0.0,0.0,0.20834776664099414,RELLIS-3D,00003_001643_00,-1.7373132696189373,14.024182199915998,0.0,0.0,0.0,0.5505651831626892,0.0,0.4033987838252566,6.830533204362007,1.1180340051651,0.9590979350243612,0.5454990902277533,33.57628673038105,0.950803280616563,R1,0.0,13.544633232403818,33.57628673038105,1.0
learned,0.0,0.0,0.0,0.20834776664099414,RELLIS-3D,00003_001643_00,-1.7373132696189373,14.024182199915998,0.0,0.0,0.0,0.5505651831626892,0.0,0.4033987838252566,6.830533204362007,1.1180340051651,0.9590979350243612,0.5454990902277533,33.57628673038105,0.950803280616563,R1,0.0,13.544633232403818,33.57628673038105,1.0
fixed,0.0,0.0,0.0,0.20834776664099414,RELLIS-3D,00003_001643_00,-1.7373132696189373,14.024182199915998,0.0,0.0,0.0,0.5505651831626892,0.0,0.4033987838252566,6.830533204362007,1.1180340051651,0.9590979350243612,0.5454990902277533,33.57628673038105,0.950803280616563,R1,0.0,13.544633232403818,33.57628673038105,1.0
zero,0.0,0.0,0.0,0.2774162973759279,RELLIS-3D,00003_001643_01,-5.909443902862648,14.826858108447059,0.0,0.0,0.0,0.648889422416687,0.0,0.43307003513182823,2.1991456121943935,1.0,0.9004157163730522,0.6315332760093806,33.19705609713732,0.8488884481387327,R1,0.0,14.376650250260532,33.19705609713732,1.0
learned,0.0,0.0,0.0,0.2774137568972492,RELLIS-3D,00003_001643_01,-5.909453393503924,14.826844106160769,0.0,0.0,0.0,0.648889422416687,0.0,0.43306960079751616,2.1991394471530574,1.0,0.9004247692579725,0.6315332848181416,33.197046606496045,0.8488882054516786,R1,0.0,14.376631721531782,33.197046606496045,1.0
fixed,0.0,0.0,0.0,0.2773740851875103,RELLIS-3D,00003_001643_01,-5.909562483661105,14.82666724258955,0.0,0.0,0.0,0.648889422416687,0.0,0.4330640437691946,2.199062818972288,1.0,0.9005344820211201,0.6315333860707888,33.19693751633886,0.8488854158858218,R1,0.0,14.376400001578991,33.19693751633886,1.0
zero,0.0,1.3603563558864975,1.0,0.2877764644659967,RELLIS-3D,00003_001643_02,-3.8042826706080817,518.3932476017806,2.720712711772995,1.0,9.641406417311526,0.6378121972084045,0.5,0.4612326499092921,6.7982579715988525,0.0,1.06212265264656,0.6127439942615655,39.50931732939188,0.9121688644996471,R1,0.0,18.22298712794253,39.50931732939188,1.0
learned,0.0,1.3603549070591117,1.0,0.2877795908005671,RELLIS-3D,00003_001643_02,-3.804280863626815,518.3931020004429,2.7207098141182233,1.0,9.641404957756881,0.6378121972084045,0.5,0.4612326083885747,6.798259833729075,0.0,1.0621518060291932,0.612743932680405,39.50931913637314,0.9121689062182128,R1,0.0,18.222986320926015,39.50931913637314,1.0
fixed,0.0,1.3603464385353963,1.0,0.28781766891419447,RELLIS-3D,00003_001643_02,-3.804246242336646,518.3923229837015,2.7206928770707925,1.0,9.641404041263272,0.6378121972084045,0.5,0.4612322190280617,6.798273183634291,0.0,1.0624556775923857,0.6127435389731132,39.50935375766331,0.9121697055350594,R1,0.0,18.222986906011737,39.50935375766331,1.0
zero,0.0,0.0,0.0,0.1026853672840492,RELLIS-3D,00003_001643_03,-4.022608394053634,14.713692081393054,0.0,0.0,5.69207836674474,0.550000011920929,0.0,0.44649810836251586,4.285144193352721,0.5,0.6180835123913241,0.550000011920929,32.26139160594635,0.8891354758556489,R1,0.0,14.404650325197393,32.26139160594635,1.0
learned,0.0,0.0,0.0,0.10267410649491995,RELLIS-3D,00003_001643_03,-4.022609983254874,14.713680085307628,0.0,0.0,5.691923972689239,0.550000011920929,0.0,0.44649810842604787,4.285151452280071,0.5,0.6180609352719033,0.550000011920929,32.26139001674511,0.8891354320566951,R1,0.0,14.404649617671677,32.26139001674511,1.0
fixed,0.0,0.0,0.0,0.10256283590280853,RELLIS-3D,00003_001643_03,-4.0226246520651685,14.71355641144266,0.0,0.0,5.690405920237952,0.550000011920929,0.0,0.4464979999026935,4.2852270867032,0.5,0.6178336889594026,0.550000011920929,32.261375347934816,0.889135027779044,R1,0.0,14.404639566962958,32.261375347934816,1.0
zero,0.030674091334004654,0.0,0.0,16.399935351250306,RELLIS-3D,00003_001643_04,-2.1147168550606565,23.04927446973937,0.0,0.0,3.260562236288759,0.6687150597572327,0.0,0.45910500296272566,2.574060868076571,0.7071067690849304,6.748031865024756,0.661904272582176,42.855683144939306,0.9529753603467913,R1,0.0,19.67525853722699,42.855683144939306,1.0
learned,0.03067302243160711,0.0,0.0,16.394675437079425,RELLIS-3D,00003_001643_04,-2.114569299548492,23.049416101920393,0.0,0.0,3.260571062314111,0.6687150597572327,0.0,0.4591063691658776,2.5740540820366955,0.7071067690849304,6.748062542897138,0.6619045275198677,42.85583070045147,0.9529786415164532,R1,0.0,19.675384830471824,42.85583070045147,1.0
fixed,0.030662834057784062,0.0,0.0,16.343160099894195,RELLIS-3D,00003_001643_04,-2.112998336721404,23.050948652996738,0.0,0.0,3.2606628013008123,0.6687150597572327,0.0,0.4591202414395454,2.5739847016687687,0.7071067690849304,6.748496107761426,0.6619070578856503,42.85740166327856,0.953013574779824,R1,0.0,19.676700599116025,42.85740166327856,1.0
zero,0.0,0.0,0.0,0.9061819136251239,RELLIS-3D,00003_001643_05,-2.9795966157097666,21.84636013876657,0.0,0.0,0.0,0.687247633934021,0.0,0.45681364386295403,4.827656885277241,1.4142135381698608,2.301381091503658,0.6737301035175529,45.304403384290175,0.9382901869002201,R1,0.0,20.695669593014742,45.304403384290175,1.0
learned,0.0,0.0,0.0,0.9061335195397979,RELLIS-3D,00003_001643_05,-2.9796636790876363,21.84629171686731,0.0,0.0,0.0,0.687247633934021,0.0,0.4568136649882167,4.827676797595711,1.4142135381698608,2.301303604505156,0.6737306076848303,45.304336320912306,0.9382887979643849,R1,0.0,20.69563991461473,45.304336320912306,1.0
fixed,0.0,0.0,0.0,0.905568611496647,RELLIS-3D,00003_001643_05,-2.9804920948264666,21.845456322100958,0.0,0.0,0.0,0.687247633934021,0.0,0.45681412526890297,4.827878732353618,1.4142135381698608,2.3003479735726104,0.673736034522276,45.303507905173475,0.9382716408162856,R1,0.0,20.69528233531465,45.303507905173475,1.0
zero,0.0,5.050058669380841,1.0,0.05716357021710182,RELLIS-3D,00003_001643_06,-1.6893003592151814,922.9772892590469,10.100117338761683,1.0,18.958560572977074,0.5564783215522766,0.5,0.4848710881701708,1.4665767086334358,0.0,0.4641370845736479,0.5560148145974441,35.553299640784815,0.9546406437999715,R1,0.0,17.238767084867476,35.553299640784815,1.0
learned,0.0,5.050058669380841,1.0,0.05716368911214901,RELLIS-3D,00003_001643_06,-1.6892966740505813,922.9772912486025,10.100117338761683,1.0,18.95856819073087,0.5564783215522766,0.5,0.4848710965673626,1.4665755779118752,0.0,0.4641368929293792,0.5560148241118976,35.553303325949415,0.954640742750222,R1,0.0,17.238769170245153,35.553303325949415,1.0
fixed,0.0,5.050058669380841,1.0,0.0571649671007397,RELLIS-3D,00003_001643_06,-1.6892872707758357,922.9772954131292,10.100117338761683,1.0,18.9586252722167,0.5564783215522766,0.5,0.48487112582607617,1.466563764534243,0.0,0.46413402274244764,0.5560148975463481,35.55331272922416,0.9546409952372864,R1,0.0,17.238774769865483,35.55331272922416,1.0
zero,0.0,0.0,0.0,0.23258477445065315,RELLIS-3D,00003_000373_00,-3.1726289855530396,17.585414336050746,0.0,0.0,0.0,0.5390450954437256,0.0,0.519224519287015,3.465093544100475,1.4142135381698608,1.0075469214973256,0.5368032021576312,32.89837101444695,0.912044884102103,R1,0.0,17.081640875302085,32.89837101444695,1.0
learned,0.0,0.0,0.0,0.2326054995836089,RELLIS-3D,00003_000373_00,-3.1726287658143093,17.585415252771828,0.0,0.0,0.0,0.5390450954437256,0.0,0.5192245135315076,3.4650933333297016,1.4142135381698608,1.007548905445651,0.5368032021089348,32.89837123418568,0.9120448901939422,R1,0.0,17.081640800049,32.89837123418568,1.0
fixed,0.0,0.0,0.0,0.23289481182956878,RELLIS-3D,00003_000373_00,-3.1726205843840205,17.58543483776027,0.0,0.0,0.0,0.5390450954437256,0.0,0.519224436000064,3.4650911658218244,1.4142135381698608,1.00758468074191,0.536803200295846,32.89837941561597,0.9120451170085658,R1,0.0,17.081642497389318,32.89837941561597,1.0
zero,0.0,0.0,0.0,0.5010931172422363,RELLIS-3D,00003_000373_01,-2.5268790905388556,16.395995423531225,0.0,0.0,10.197740104932855,0.550000011920929,0.0,0.4253382126403398,8.061215976083183,0.5,1.4983946060040325,0.550000011920929,36.786720909461124,0.9357250648493433,R1,0.0,15.646798120529208,36.786720909461124,1.0
learned,0.0,0.0,0.0,0.5010931172422363,RELLIS-3D,00003_000373_01,-2.5268790905388556,16.395995423531225,0.0,0.0,10.197740104932855,0.550000011920929,0.0,0.4253382126403398,8.061215976083183,0.5,1.4983946060040325,0.550000011920929,36.786720909461124,0.9357250648493433,R1,0.0,15.646798120529208,36.786720909461124,1.0
fixed,0.0,0.0,0.0,0.5010931172422363,RELLIS-3D,00003_000373_01,-2.5268790905388556,16.395995423531225,0.0,0.0,10.197740104932855,0.550000011920929,0.0,0.4253382126403398,8.061215976083183,0.5,1.4983946060040325,0.550000011920929,36.786720909461124,0.9357250648493433,R1,0.0,15.646798120529208,36.786720909461124,1.0
zero,0.0,5.149862206748133,1.0,0.765626052397445,RELLIS-3D,00003_000373_02,-3.483399646836304,938.9398513829943,10.299724413496266,1.0,16.2022816976898,0.550000011920929,0.5,0.4964185784474932,7.504405216363219,0.0,2.075249201119553,0.550000011920929,43.14380035316365,0.925292540687918,R1,0.0,21.417384040139954,43.14380035316365,1.0
learned,0.0,5.149795939741143,1.0,0.7655853137641225,RELLIS-3D,00003_000373_02,-3.483525703807338,938.9324229302974,10.299591879482286,1.0,16.202232107948536,0.550000011920929,0.5,0.4964183833551392,7.504418389217979,0.0,2.075113025309968,0.550000011920929,43.143674296192614,0.9252898371807156,R1,0.0,21.41731304611661,43.143674296192614,1.0
fixed,0.0,5.149110136311486,1.0,0.7651587163676102,RELLIS-3D,00003_000373_02,-3.4847346826019105,938.8556048430233,10.298220272622972,1.0,16.201735902863238,0.550000011920929,0.5,0.4964164261438319,7.504569897686979,0.0,2.073722801725914,0.5500000119209291,43.14246531739804,0.9252639085640588,R1,0.0,21.416628447896954,43.14246531739804,1.0
zero,0.0,0.0,0.0,0.07701874756047715,RELLIS-3D,00003_000373_05,-1.7940654937209501,14.925910066783935,0.0,0.0,0.0,0.550000011920929,0.0,0.48999092822283946,4.603366432196043,1.5811388492584229,0.586882133560095,0.5479761347469467,29.862734506279047,0.943327642284724,R1,0.0,14.632469000003887,29.862734506279047,1.0
learned,0.0,0.0,0.0,0.07701874756047715,RELLIS-3D,00003_000373_05,-1.7940654937209501,14.925910066783935,0.0,0.0,0.0,0.550000011920929,0.0,0.48999092822283946,4.603366432196043,1.5811388492584229,0.586882133560095,0.5479761347469467,29.862734506279047,0.943327642284724,R1,0.0,14.632469000003887,29.862734506279047,1.0
fixed,0.0,0.0,0.0,0.07701874756047715,RELLIS-3D,00003_000373_05,-1.7940654937209501,14.925910066783935,0.0,0.0,0.0,0.550000011920929,0.0,0.48999092822283946,4.603366432196043,1.5811388492584229,0.586882133560095,0.5479761347469467,29.862734506279047,0.943327642284724,R1,0.0,14.632469000003887,29.862734506279047,1.0
zero,0.0,0.0,0.0,0.393399542718508,RELLIS-3D,00003_000373_06,-3.526629074725477,17.34342444386227,0.0,0.0,0.0,0.550000011920929,0.0,0.49479346696460813,4.812580374226018,1.5811388492584229,1.2517039230265716,0.5485926963948631,33.7869709252745,0.9054867642166534,R1,0.0,16.717572482348984,33.7869709252745,1.0
learned,0.0,0.0,0.0,0.393399542718508,RELLIS-3D,00003_000373_06,-3.526629074725477,17.34342444386227,0.0,0.0,0.0,0.550000011920929,0.0,0.49479346696460813,4.812580374226018,1.5811388492584229,1.2517039230265716,0.5485926963948631,33.7869709252745,0.9054867642166534,R1,0.0,16.717572482348984,33.7869709252745,1.0
fixed,0.0,0.0,0.0,0.393399542718508,RELLIS-3D,00003_000373_06,-3.526629074725477,17.34342444386227,0.0,0.0,0.0,0.550000011920929,0.0,0.49479346696460813,4.812580374226018,1.5811388492584229,1.2517039230265716,0.5485926963948631,33.7869709252745,0.9054867642166534,R1,0.0,16.717572482348984,33.7869709252745,1.0
zero,0.0,0.0,0.0,0.5131810983772377,RELLIS-3D,00003_000373_07,-2.6497429203790617,18.638028388646728,0.0,0.0,0.0,0.549643874168396,0.0,0.488262008131531,4.795409334364732,1.1180340051651,1.4729198102071346,0.5496438741683959,36.66385707962092,0.9325998402491997,R1,0.0,17.90156848354316,36.66385707962092,1.0
learned,0.0,0.0,0.0,0.5131857968753124,RELLIS-3D,00003_000373_07,-2.649745209249751,18.638029045251187,0.0,0.0,0.0,0.549643874168396,0.0,0.4882620115824199,4.795411778379692,1.1180340051651,1.4729231055074732,0.549643874168396,36.66385479075023,0.9325997820283629,R1,0.0,17.90156749249745,36.66385479075023,1.0
fixed,0.0,0.0,0.0,0.5132452680978966,RELLIS-3D,00003_000373_07,-2.6497690983539997,18.638038055697223,0.0,0.0,0.0,0.549643874168396,0.0,0.48826211207453196,4.795445465517234,1.1180340051651,1.472957085832126,0.5496438741683959,36.66383090164598,0.9325991743733975,R1,0.0,17.90155951278116,36.66383090164598,1.0
zero,0.0,0.0,0.0,0.4165905021495303,RELLIS-3D,00003_000611_01,-2.506754925136363,17.58679817273129,0.0,0.0,0.0,0.550000011920929,0.0,0.45761224310491755,6.012767928143492,1.8027756214141846,1.4870704728155217,0.550000011920929,36.80684507486362,0.9362369529848102,R1,0.0,16.843262936323526,36.80684507486362,1.0
learned,0.0,0.0,0.0,0.4165756132779057,RELLIS-3D,00003_000611_01,-2.5068042892410602,17.586761414058646,0.0,0.0,0.0,0.550000011920929,0.0,0.45761241991959933,6.012773579252145,1.8027756214141846,1.4870291187438556,0.550000011920929,36.80679571075892,0.9362356973352463,R1,0.0,16.84324685468672,36.80679571075892,1.0
fixed,0.0,0.0,0.0,0.4164258719566179,RELLIS-3D,00003_000611_01,-2.5072962229332916,17.58639596887995,0.0,0.0,0.0,0.550000011920929,0.0,0.4576142917302249,6.012833180156497,1.8027756214141846,1.486610669460147,0.550000011920929,36.80630377706669,0.9362231842687189,R1,0.0,16.843090634149874,36.80630377706669,1.0
zero,0.0,0.0,0.0,0.5351796848603724,RELLIS-3D,00003_000611_02,-2.3346244684527306,19.86957404137498,0.0,0.0,0.0,0.550000011920929,0.0,0.47303312433061584,11.181653087314524,6.964194297790527,1.6197023007197542,0.550000011920929,40.29257553154722,0.9452315782305023,R1,0.0,19.059722891015106,40.29257553154722,1.0
learned,0.0,0.0,0.0,0.5351862329797302,RELLIS-3D,00003_000611_02,-2.3345913249134966,19.8695947556432,0.0,0.0,0.0,0.550000011920929,0.0,0.4730331393537626,11.181650368832392,6.964194297790527,1.619711162628807,0.550000011920929,40.292608675086456,0.94523235575141,R1,0.0,19.059739174328797,40.292608675086456,1.0
fixed,0.0,0.0,0.0,0.5352594811092773,RELLIS-3D,00003_000611_02,-2.3342400745294256,19.869827053044265,0.0,0.0,0.0,0.550000011920929,0.0,0.4730332888778916,11.181621040483698,6.964194297790527,1.6198314017477125,0.550000011920929,40.29295992547053,0.9452405958043355,R1,0.0,19.05991135217041,40.29295992547053,1.0
zero,0.0,0.0,0.0,0.37903381090070776,RELLIS-3D,00003_000611_04,-1.1119222113429572,15.267401076390373,0.0,0.0,0.0,0.5499946475028992,0.0,0.45643797805154357,7.234979774388421,4.031128883361816,0.8253657252023332,0.5499519169968784,32.54487778865703,0.9669629254313257,R1,0.0,14.854718213789207,32.54487778865703,1.0
learned,0.0,0.0,0.0,0.37903207966692987,RELLIS-3D,00003_000611_04,-1.1119227885919045,15.267411054776014,0.0,0.0,0.0,0.5499946475028992,0.0,0.45643801343288565,7.2349713781889005,4.031128883361816,0.8253839059674308,0.5499519160724933,32.544877211408085,0.9669629082802909,R1,0.0,14.854719101792298,32.544877211408085,1.0
fixed,0.0,0.0,0.0,0.3790160601850224,RELLIS-3D,00003_000611_04,-1.1118971761105243,15.267522628074843,0.0,0.0,0.0,0.5499946475028992,0.0,0.4564384835964863,7.234893285952846,4.031128883361816,0.8255530686874637,0.549951909014528,32.544902823889466,0.9669636692700874,R1,0.0,14.854746093731112,32.544902823889466,1.0
zero,0.0,0.0,0.0,0.4259914920770327,RELLIS-3D,00003_000611_05,-2.996743642425571,17.970641433788863,0.0,0.0,3.6191136433902704,0.550000011920929,0.0,0.4925433127506328,6.583786361553409,0.7071067690849304,1.1802785790966694,0.550000011920929,35.28725635757441,0.921723340235462,R1,0.0,17.380502144240527,35.28725635757441,1.0
learned,0.0,0.0,0.0,0.426002605300257,RELLIS-3D,00003_000611_05,-2.996726931780181,17.97065356061816,0.0,0.0,3.619122123422584,0.550000011920929,0.0,0.49254319614419484,6.583782574354965,0.7071067690849304,1.1802946007684285,0.550000011920929,35.2872730682198,0.9217237767270875,R1,0.0,17.380506260233947,35.2872730682198,1.0
fixed,0.0,0.0,0.0,0.42613628823007826,RELLIS-3D,00003_000611_05,-2.9965214277276857,17.970803576046848,0.0,0.0,3.6192395880248083,0.550000011920929,0.0,0.49254183790896616,6.583735380622237,0.7071067690849304,1.1804880497731798,0.550000011920929,35.28747857227229,0.9217291446106026,R1,0.0,17.380559551160257,35.28747857227229,1.0
zero,0.0,0.0,0.0,0.640382969990058,RELLIS-3D,00003_000611_06,-3.722405406815703,15.590599167086232,0.0,0.0,0.0,0.5499705672264099,0.0,0.42231532270198785,6.131631557780848,2.5495097637176514,1.699539149238031,0.549724672177282,34.90479459318427,0.9036325333750387,R1,0.0,14.740829592467216,34.90479459318427,1.0
learned,0.0,0.0,0.0,0.640398737932617,RELLIS-3D,00003_000611_06,-3.722410605713904,15.590603778602302,0.0,0.0,0.0,0.5499705672264099,0.0,0.42231555826492445,6.1316342238914014,2.5495097637176514,1.6995363188695352,0.5497246731246567,34.90478939428607,0.9036323987833986,R1,0.0,14.740835619167536,34.90478939428607,1.0
fixed,0.0,0.0,0.0,0.6405535017417473,RELLIS-3D,00003_000611_06,-3.7224819829524094,15.590638776987417,0.0,0.0,0.0,0.5499705672264099,0.0,0.4223180305474332,6.131659566971718,2.5495097637176514,1.6994940144287605,0.5497246794481154,34.904718017047564,0.9036305509342533,R1,0.0,14.740891769773036,34.904718017047564,1.0
zero,0.0,0.0,0.0,0.21524128730153808,RELLIS-3D,00003_000611_07,-2.605042289606203,15.715526409371424,0.0,0.0,0.0,0.5499873757362366,0.0,0.49721840933226197,8.279162323764323,4.609772205352783,0.8933323834429092,0.5499873757362366,30.70855771039379,0.9218024383553203,R1,0.0,15.26886021764997,30.70855771039379,1.0
learned,0.0,0.0,0.0,0.2152372806504554,RELLIS-3D,00003_000611_07,-2.6050456042725934,15.715521608450329,0.0,0.0,0.0,0.5499873757362366,0.0,0.49721831340047007,8.279157993812747,4.609772205352783,0.8933319696803174,0.5499873757362366,30.7085543957274,0.9218023388564252,R1,0.0,15.26885562361017,30.7085543957274,1.0
fixed,0.0,0.0,0.0,0.21519058845752342,RELLIS-3D,00003_000611_07,-2.6050820936050236,15.715468092043432,0.0,0.0,0.0,0.5499873757362366,0.0,0.4972172254234568,8.279107670256266,4.609772205352783,0.8933280435183697,0.5499873757362366,30.70851790639497,0.9218012435280178,R1,0.0,15.268804070284247,30.70851790639497,1.0
zero,0.0,0.0,0.0,0.2494287716042266,RELLIS-3D,00003_001298_00,-2.3195187773989936,11.80943765694455,0.0,0.0,0.0,0.5277809500694275,0.0,0.38433091458821445,3.33347708662307,2.0,0.7500473366164297,0.5237562362397934,29.75148122260101,0.9276755081725236,R1,0.0,11.434413988636335,29.75148122260101,1.0
learned,0.0,0.0,0.0,0.24942969049019487,RELLIS-3D,00003_001298_00,-2.319518971614592,11.809439159630585,0.0,0.0,0.0,0.5277809500694275,0.0,0.3843310155868206,3.3334800147235795,2.0,0.7500444815583869,0.5237561796969209,29.751481028385413,0.9276755021167226,R1,0.0,11.434416918851392,29.751481028385413,1.0
fixed,0.0,0.0,0.0,0.2494438683190743,RELLIS-3D,00003_001298_00,-2.319498596282944,11.80947726793695,0.0,0.0,0.0,0.5277809500694275,0.0,0.38433230300390087,3.333514280023639,2.0,0.7500284312451665,0.5237558841694991,29.75150140371706,0.9276761374362213,R1,0.0,11.434463052314367,29.75150140371706,1.0
zero,0.0,2.8958816142920707,1.0,0.5679138140314863,RELLIS-3D,00003_001298_01,-4.02877749473619,686.5053870727202,5.791763228584141,1.0,5.791763228584141,0.5935974717140198,0.5,0.4903628740672645,2.1933255471002098,0.0,1.5790386005582824,0.5935974717140198,35.012622505263785,0.8968075557040426,R1,0.0,17.168890200313335,35.012622505263785,1.0
learned,0.0,2.8958816142920707,1.0,0.5679138140314863,RELLIS-3D,00003_001298_01,-4.02877749473619,686.5053870727202,5.791763228584141,1.0,5.791763228584141,0.5935974717140198,0.5,0.4903628740672645,2.1933255471002098,0.0,1.5790386005582824,0.5935974717140198,35.012622505263785,0.8968075557040426,R1,0.0,17.168890200313335,35.012622505263785,1.0
fixed,0.0,2.8958816142920707,1.0,0.5679138140314863,RELLIS-3D,00003_001298_01,-4.02877749473619,686.5053870727202,5.791763228584141,1.0,5.791763228584141,0.5935974717140198,0.5,0.4903628740672645,2.1933255471002098,0.0,1.5790386005582824,0.5935974717140198,35.012622505263785,0.8968075557040426,R1,0.0,17.168890200313335,35.012622505263785,1.0
zero,0.0,0.0,0.0,0.75043616686238,RELLIS-3D,00003_001298_02,-3.207406865260822,20.51390667906362,0.0,0.0,8.59370700170643,0.550000011920929,0.0,0.46788218609228005,3.807294751563141,0.7071067690849304,2.2686466393837117,0.550000011920929,41.419793134739145,0.9281288795788034,R1,0.0,19.379583359371765,41.419793134739145,1.0
learned,0.0,0.0,0.0,0.75043616686238,RELLIS-3D,00003_001298_02,-3.207406865260822,20.51390667906362,0.0,0.0,8.59370700170643,0.550000011920929,0.0,0.46788218609228005,3.807294751563141,0.7071067690849304,2.2686466393837117,0.550000011920929,41.419793134739145,0.9281288795788034,R1,0.0,19.379583359371765,41.419793134739145,1.0
fixed,0.0,0.0,0.0,0.75043616686238,RELLIS-3D,00003_001298_02,-3.207406865260822,20.51390667906362,0.0,0.0,8.59370700170643,0.550000011920929,0.0,0.46788218609228005,3.807294751563141,0.7071067690849304,2.2686466393837117,0.550000011920929,41.419793134739145,0.9281288795788034,R1,0.0,19.379583359371765,41.419793134739145,1.0
zero,0.0,1.3808910077153216,1.0,0.2406429237635993,RELLIS-3D,00003_001298_03,-3.678583112871813,514.4050487188292,2.761782015430643,1.0,2.761782015430643,0.663748562335968,0.5,0.3983131834075367,2.3002084804800793,0.0,1.0760772658567248,0.6545387578373301,30.049216887128182,0.8909332030884963,R1,0.0,11.968999237215536,30.049216887128182,1.0
learned,0.0,1.3808910077153216,1.0,0.2406429237635993,RELLIS-3D,00003_001298_03,-3.678583112871813,514.4050487188292,2.761782015430643,1.0,2.761782015430643,0.663748562335968,0.5,0.3983131834075367,2.3002084804800793,0.0,1.0760772658567248,0.6545387578373301,30.049216887128182,0.8909332030884963,R1,0.0,11.968999237215536,30.049216887128182,1.0
fixed,0.0,1.3808910077153216,1.0,0.2406429237635993,RELLIS-3D,00003_001298_03,-3.678583112871813,514.4050487188292,2.761782015430643,1.0,2.761782015430643,0.663748562335968,0.5,0.3983131834075367,2.3002084804800793,0.0,1.0760772658567248,0.6545387578373301,30.049216887128182,0.8909332030884963,R1,0.0,11.968999237215536,30.049216887128182,1.0
zero,0.0,2.982352697878475,1.0,0.6873480234355801,RELLIS-3D,00003_001298_04,-3.1265368237514437,699.4248176675471,5.96470539575695,1.0,5.96470539575695,0.798841655254364,0.5,0.5255875884179607,3.9465282678707263,0.0,1.810146228373901,0.798841655254364,38.929663176248546,0.9256581235643866,R1,0.0,20.460947786727964,38.929663176248546,1.0
learned,0.0,2.982352697878475,1.0,0.687360293284798,RELLIS-3D,00003_001298_04,-3.126534125260804,699.4248324571641,5.96470539575695,1.0,5.96470539575695,0.798841655254364,0.5,0.5255875961940032,3.9465365426167747,0.0,1.8101723655840298,0.798841655254364,38.929665874739186,0.9256581877283063,R1,0.0,20.460949507739883,38.929665874739186,1.0
fixed,0.0,2.982352697878475,1.0,0.6876192679618178,RELLIS-3D,00003_001298_04,-3.1264707289109808,699.4251466910341,5.96470539575695,1.0,5.96470539575695,0.798841655254364,0.5,0.5255876533056362,3.946671051365636,0.0,1.810729745972965,0.798841655254364,38.92972927108901,0.9256596951481355,R1,0.0,20.460985051415406,38.92972927108901,1.0
zero,0.0,1.4337395538942415,1.0,0.25147907042561696,RELLIS-3D,00003_001298_05,-4.678099635275437,520.6493691657363,2.867479107788483,1.0,13.150286761784724,0.5137384533882141,0.5,0.40628155832409474,1.3606798029283529,0.0,0.9827588183020899,0.5137384533882141,30.635500364724557,0.8675269687804291,R1,0.0,12.446638828218665,30.635500364724557,1.0
learned,0.0,1.4337393234067628,1.0,0.25148098058643387,RELLIS-3D,00003_001298_05,-4.67813517765406,520.6493228744068,2.8674786468135256,1.0,13.150260001739431,0.5137384533882141,0.5,0.4062813168195978,1.3606799474674351,0.0,0.9827606205195591,0.5137384533882141,30.635464822345934,0.8675259623019442,R1,0.0,12.446616989403172,30.635464822345934,1.0
fixed,0.0,1.4337289442290797,1.0,0.2515034046540561,RELLIS-3D,00003_001298_05,-4.67873576045719,520.6479017769796,2.8674578884581594,1.0,13.149939593548925,0.5137384533882141,0.5,0.40627809279016264,1.3606736735612301,0.0,0.9828873913074981,0.5137384533882141,30.634864239542804,0.8675089551771218,R1,0.0,12.446274216127007,30.634864239542804,1.0
zero,0.0,0.0,0.0,0.25114448648089616,RELLIS-3D,00003_001298_06,-4.072609062077646,16.24299751148371,0.0,0.0,0.0,0.550000011920929,0.0,0.4644078329630296,3.0605472557589812,1.1180340051651,0.9352498472580039,0.5499873071388043,33.968790937922336,0.8929427134101887,R1,0.0,15.77537258785471,33.968790937922336,1.0
learned,0.0,0.0,0.0,0.2511466821785444,RELLIS-3D,00003_001298_06,-4.072600365795637,16.243003316179557,0.0,0.0,0.0,0.550000011920929,0.0,0.46440800036179614,3.0605590520647117,1.1180340051651,0.9352420067364108,0.5499873074926968,33.968799634204345,0.892942942010661,R1,0.0,15.775382312811352,33.968799634204345,1.0
fixed,0.0,0.0,0.0,0.2511806087424474,RELLIS-3D,00003_001298_06,-4.0725140558745,16.24307211886749,0.0,0.0,0.0,0.550000011920929,0.0,0.4644104462172643,3.060732681509033,1.1180340051651,0.9351332801056385,0.5499873123333638,33.96888594412548,0.8929452108525316,R1,0.0,15.775505478814672,33.96888594412548,1.0
zero,0.0,0.0,0.0,0.5275004876743199,RELLIS-3D,00003_001298_07,-2.3544265987021475,18.51028388422974,0.0,0.0,8.59370700170643,0.550000011920929,0.0,0.46112996002179385,2.9833787905974756,0.7071067690849304,1.7231228315322005,0.550000011920929,38.27277340129782,0.9420480220467532,R1,0.0,17.64872246846364,38.27277340129782,1.0
learned,0.0,0.0,0.0,0.5275004876743199,RELLIS-3D,00003_001298_07,-2.3544265987021475,18.51028388422974,0.0,0.0,8.59370700170643,0.550000011920929,0.0,0.46112996002179385,2.9833787905974756,0.7071067690849304,1.7231228315322005,0.550000011920929,38.27277340129782,0.9420480220467532,R1,0.0,17.64872246846364,38.27277340129782,1.0
fixed,0.0,0.0,0.0,0.5275004876743199,RELLIS-3D,00003_001298_07,-2.3544265987021475,18.51028388422974,0.0,0.0,8.59370700170643,0.550000011920929,0.0,0.46112996002179385,2.9833787905974756,0.7071067690849304,1.7231228315322005,0.550000011920929,38.27277340129782,0.9420480220467532,R1,0.0,17.64872246846364,38.27277340129782,1.0
zero,0.0,0.0,0.0,0.21970491809708903,RELLIS-3D,00003_000307_00,-2.5691454741628412,15.329413010956149,0.0,0.0,0.0,0.550000011920929,0.0,0.48376967102581087,9.617231146055408,2.0615527629852295,0.9123567182478131,0.5499998658226626,30.744454525837153,0.9228799807237031,R1,0.0,14.873234651832242,30.744454525837153,1.0
learned,0.0,0.0,0.0,0.21970750956909063,RELLIS-3D,00003_000307_00,-2.569098074083236,15.329408841595473,0.0,0.0,0.0,0.550000011920929,0.0,0.48376911555320434,9.617212078836145,2.0615527629852295,0.9123366735418732,0.5499998658194059,30.744501925916758,0.9228814035684154,R1,0.0,14.873240504824537,30.744501925916758,1.0
fixed,0.0,0.0,0.0,0.2197419488394443,RELLIS-3D,00003_000307_00,-2.5685116050009356,15.3293384863805,0.0,0.0,0.0,0.550000011920929,0.0,0.4837619354880766,9.61695370863309,2.0615527629852295,0.9120700353275047,0.5499998657936574,30.74508839499906,0.922899008062745,R1,0.0,14.873303468716747,30.74508839499906,1.0
zero,0.0,0.0,0.0,0.5032138654613102,RELLIS-3D,00003_000307_01,-1.7628608490817967,21.058050067152358,0.0,0.0,0.0,0.550000011920929,0.0,0.5146139813825745,12.448672439713818,6.964194297790527,1.4093734521493904,0.550000011920929,39.55073915091817,0.9573297691539396,R1,0.0,20.353363341077664,39.55073915091817,1.0
learned,0.0,0.0,0.0,0.5032129112997005,RELLIS-3D,00003_000307_01,-1.762858759884132,21.05805683763967,0.0,0.0,0.0,0.550000011920929,0.0,0.5146140387043805,12.44868141708882,6.964194297790527,1.4093803086235246,0.550000011920929,39.55074124011583,0.9573298197231872,R1,0.0,20.353366683327906,39.55074124011583,1.0
fixed,0.0,0.0,0.0,0.5032094192353446,RELLIS-3D,00003_000307_01,-1.7628315206469836,21.05813825891689,0.0,0.0,0.0,0.550000011920929,0.0,0.5146146923878412,12.448783228614149,6.964194297790527,1.4094634084238609,0.550000011920929,39.55076847935298,0.9573304790517654,R1,0.0,20.35340655470496,39.55076847935298,1.0
zero,0.0,0.0,0.0,0.5069486004063566,RELLIS-3D,00003_000307_02,-3.7746128026673844,18.168925051643946,0.0,0.0,0.0,0.550000011920929,0.0,0.44161249641816214,8.55674045721433,2.5495097637176514,1.4160284191683061,0.550000011920929,39.53898719733258,0.9128538656988247,R1,0.0,17.460910842059793,39.53898719733258,1.0
learned,0.0,0.0,0.0,0.5069486004063566,RELLIS-3D,00003_000307_02,-3.7746128026673844,18.168925051643946,0.0,0.0,0.0,0.550000011920929,0.0,0.44161249641816214,8.55674045721433,2.5495097637176514,1.4160284191683061,0.550000011920929,39.53898719733258,0.9128538656988247,R1,0.0,17.460910842059793,39.53898719733258,1.0
fixed,0.0,0.0,0.0,0.5069486004063566,RELLIS-3D,00003_000307_02,-3.7746128026673844,18.168925051643946,0.0,0.0,0.0,0.550000011920929,0.0,0.44161249641816214,8.55674045721433,2.5495097637176514,1.4160284191683061,0.550000011920929,39.53898719733258,0.9128538656988247,R1,0.0,17.460910842059793,39.53898719733258,1.0
zero,0.0,0.0,0.0,0.2603040431347575,RELLIS-3D,00003_000307_04,-2.1340699750425216,12.626045133360442,0.0,0.0,0.0,0.550000011920929,0.0,0.42051498426885714,7.629726896184084,1.5811388492584229,0.8132479830692323,0.5499993118923278,29.058230024957478,0.9315834364557112,R1,0.0,12.219421141825826,29.058230024957478,1.0
learned,0.0,0.0,0.0,0.2603040431347575,RELLIS-3D,00003_000307_04,-2.1340699750425216,12.626045133360442,0.0,0.0,0.0,0.550000011920929,0.0,0.42051498426885714,7.629726896184084,1.5811388492584229,0.8132479830692323,0.5499993118923278,29.058230024957478,0.9315834364557112,R1,0.0,12.219421141825826,29.058230024957478,1.0
fixed,0.0,0.0,0.0,0.2603040431347575,RELLIS-3D,00003_000307_04,-2.1340699750425216,12.626045133360442,0.0,0.0,0.0,0.550000011920929,0.0,0.42051498426885714,7.629726896184084,1.5811388492584229,0.8132479830692323,0.5499993118923278,29.058230024957478,0.9315834364557112,R1,0.0,12.219421141825826,29.058230024957478,1.0
zero,0.0,0.0,0.0,0.2451790666110601,RELLIS-3D,00003_000307_05,-1.9584482944495392,17.679546198758786,0.0,0.0,10.055623557543585,0.550230860710144,0.0,0.48196834829530916,3.733304311452037,0.5,0.9481411807392048,0.5501404034310254,35.69835170555045,0.9479921742036089,R1,0.0,17.205475608389182,35.69835170555045,1.0
learned,0.0,0.0,0.0,0.24519065718024266,RELLIS-3D,00003_000307_05,-1.958439362039698,17.679566357621514,0.0,0.0,10.055657612744593,0.550230860710144,0.0,0.4819682042904752,3.733302609023043,0.5,0.9481831696600203,0.5501404019055463,35.69836063796029,0.9479924114093683,R1,0.0,17.205474772791504,35.69836063796029,1.0
fixed,0.0,0.0,0.0,0.24534184164909573,RELLIS-3D,00003_000307_05,-1.9583106047851118,17.679831126227423,0.0,0.0,10.05611048428098,0.550230860710144,0.0,0.481966400164655,3.733280423912333,0.5,0.9487174021991917,0.5501403829218101,35.69848939521488,0.9479958306392176,R1,0.0,17.205472425127827,35.69848939521488,1.0
zero,0.0,0.0,0.0,0.5163688786555174,RELLIS-3D,00003_000307_06,-3.8752954268585356,17.509637695022565,0.0,0.0,0.0,0.550000011920929,0.0,0.4260504053993314,7.233395561014218,2.0615527629852295,1.4138640867467032,0.5500000119209288,39.43830457314143,0.9105293619819517,R1,0.0,16.802705651649212,39.43830457314143,1.0
learned,0.0,0.0,0.0,0.5163802991723939,RELLIS-3D,00003_000307_06,-3.8752630845805456,17.509688514690506,0.0,0.0,0.0,0.550000011920929,0.0,0.42605040255348425,7.233396020389829,2.0615527629852295,1.413938391672249,0.550000011920929,39.43833691541942,0.9105301086822488,R1,0.0,16.802719318854383,39.43833691541942,1.0
fixed,0.0,0.0,0.0,0.5165304689372411,RELLIS-3D,00003_000307_06,-3.874864363510639,17.51058631727005,0.0,0.0,0.0,0.550000011920929,0.0,0.4260502672593228,7.233399622356829,2.0615527629852295,1.415404917947988,0.550000011920929,39.43873563648933,0.9105393141297273,R1,0.0,16.802883858296056,39.43873563648933,1.0
zero,0.0,0.0,0.0,0.0004043934762315582,RELLIS-3D,00003_000307_07,-1.1179662671669135,15.215472019966429,0.0,0.0,2.462116833245095,0.5594011545181274,0.0,0.4632786689128189,3.01774443477485,0.5,0.04335302173165376,0.5570577465464531,32.79623373283309,0.9670354521950418,R1,0.0,15.193795509100601,32.79623373283309,1.0
learned,0.0,0.0,0.0,0.0004043934762315582,RELLIS-3D,00003_000307_07,-1.1179662671669135,15.215472019966429,0.0,0.0,2.462116833245095,0.5594011545181274,0.0,0.4632786689128189,3.01774443477485,0.5,0.04335302173165376,0.5570577465464531,32.79623373283309,0.9670354521950418,R1,0.0,15.193795509100601,32.79623373283309,1.0
fixed,0.0,0.0,0.0,0.0004043934762315582,RELLIS-3D,00003_000307_07,-1.1179662671669135,15.215472019966429,0.0,0.0,2.462116833245095,0.5594011545181274,0.0,0.4632786689128189,3.01774443477485,0.5,0.04335302173165376,0.5570577465464531,32.79623373283309,0.9670354521950418,R1,0.0,15.193795509100601,32.79623373283309,1.0
zero,0.0,0.0,0.0,0.21537662732995289,RELLIS-3D,00003_001102_01,-1.806236736700761,15.855867000979107,0.0,0.0,0.0,0.550000011920929,0.0,0.4579492922405038,5.504118975742819,1.5811388492584229,1.0223874194115352,0.550000011920929,33.507363263299226,0.9488515264175625,R1,0.0,15.344673291273338,33.507363263299226,1.0
learned,0.0,0.0,0.0,0.21537662732995289,RELLIS-3D,00003_001102_01,-1.806236736700761,15.855867000979107,0.0,0.0,0.0,0.550000011920929,0.0,0.4579492922405038,5.504118975742819,1.5811388492584229,1.0223874194115352,0.550000011920929,33.507363263299226,0.9488515264175625,R1,0.0,15.344673291273338,33.507363263299226,1.0
fixed,0.0,0.0,0.0,0.21537662732995289,RELLIS-3D,00003_001102_01,-1.806236736700761,15.855867000979107,0.0,0.0,0.0,0.550000011920929,0.0,0.4579492922405038,5.504118975742819,1.5811388492584229,1.0223874194115352,0.550000011920929,33.507363263299226,0.9488515264175625,R1,0.0,15.344673291273338,33.507363263299226,1.0
zero,0.0,0.0,0.0,0.5681132241606315,RELLIS-3D,00003_001102_02,-2.2956052220659515,21.173481168181294,0.0,0.0,0.0,0.6057974696159363,0.0,0.5040046338217374,7.566073780712482,1.1180340051651,1.692341021363936,0.5977488011432512,40.331594777934,0.9461469385259658,R1,0.0,20.327310657499325,40.331594777934,1.0
learned,0.0,0.0,0.0,0.5681163539405168,RELLIS-3D,00003_001102_02,-2.2956115288188386,21.173468882455413,0.0,0.0,0.0,0.6057974696159363,0.0,0.5040043381627359,7.566051625824535,1.1180340051651,1.6923466559718872,0.5977477683038855,40.331588471181114,0.94614679057459,R1,0.0,20.32729555446947,40.331588471181114,1.0
fixed,0.0,0.0,0.0,0.5681574469314606,RELLIS-3D,00003_001102_02,-2.295655907077048,21.173345744258548,0.0,0.0,0.0,0.6057974696159363,0.0,0.5040006965923615,7.565763818859531,1.1180340051651,1.6924388535597203,0.5977347957691341,40.331544092922904,0.9461457494961656,R1,0.0,20.327126317478687,40.331544092922904,1.0
zero,0.0,0.0,0.0,0.5855092953204106,RELLIS-3D,00003_001102_03,-2.224864885241111,18.91859747512374,0.0,0.0,0.0,0.5500012636184692,0.0,0.4471679803481629,5.682581237791513,1.1180340051651,1.7039337610147318,0.5486664559265994,40.40233511475884,0.9478064502186136,R1,0.0,18.066630594616374,40.40233511475884,1.0
learned,0.0,0.0,0.0,0.5855029279506693,RELLIS-3D,00003_001102_03,-2.2248657319745533,18.918595972210884,0.0,0.0,0.0,0.5500012636184692,0.0,0.44716779719672306,5.682570273336997,1.1180340051651,1.7039463119445772,0.5486663872645802,40.4023342680254,0.9478064303549246,R1,0.0,18.066622816238596,40.4023342680254,1.0
fixed,0.0,0.0,0.0,0.5854218628228817,RELLIS-3D,00003_001102_03,-2.2248784123345544,18.918577263063174,0.0,0.0,0.0,0.5500012636184692,0.0,0.4471654385860941,5.6824292894005675,1.1180340051651,1.704110820836717,0.5486654991515955,40.4023215876654,0.9478061328838263,R1,0.0,18.066521852644815,40.4023215876654,1.0
zero,0.0,0.0,0.0,0.5080689634330355,RELLIS-3D,00003_001102_04,-1.8133254223535502,20.33254302556069,0.0,0.0,0.0,0.550000011920929,0.0,0.49677854307337854,9.519858224433966,4.609772205352783,1.4193083397581812,0.5500000119209288,39.500274577646415,0.9561082688907877,R1,0.0,19.622888855681598,39.500274577646415,1.0
learned,0.0,0.0,0.0,0.5080703934816334,RELLIS-3D,00003_001102_04,-1.8133188207041897,20.33254829743369,0.0,0.0,0.0,0.550000011920929,0.0,0.4967782957510918,9.519868471396162,4.609772205352783,1.4193318629884133,0.5500000119209288,39.500281179295776,0.9561084286843995,R1,0.0,19.622882365939482,39.500281179295776,1.0
fixed,0.0,0.0,0.0,0.5080919471222757,RELLIS-3D,00003_001102_04,-1.8132422556110157,20.33261209007408,0.0,0.0,0.0,0.550000011920929,0.0,0.49677572511403767,9.51997771324901,4.609772205352783,1.4195864586827276,0.550000011920929,39.50035774438895,0.9561102819504711,R1,0.0,19.622818860732714,39.50035774438895,1.0
zero,0.0,0.0,0.0,0.3690740947658314,RELLIS-3D,00003_001102_05,-1.0518451879816482,15.803441512602415,0.0,0.0,0.0,0.550000011920929,0.0,0.47235804672284404,9.329212611333796,7.566372871398926,0.8044574882216708,0.550000011920929,32.60495481201834,0.9687479145972984,R1,0.0,15.401212768491579,32.60495481201834,1.0
learned,0.0,0.0,0.0,0.3690755835446441,RELLIS-3D,00003_001102_05,-1.0518385504044474,15.803437771338725,0.0,0.0,0.0,0.550000011920929,0.0,0.4723577513330942,9.329205410623057,7.566372871398926,0.8044629974111022,0.550000011920929,32.60496144959554,0.9687481118108541,R1,0.0,15.401206272633175,32.60496144959554,1.0
fixed,0.0,0.0,0.0,0.36909661253637777,RELLIS-3D,00003_001102_05,-1.051809171791433,15.803433658282005,0.0,0.0,0.0,0.550000011920929,0.0,0.47235432268878025,9.329121302061324,7.566372871398926,0.8046505986993205,0.5500000119209291,32.60499082820856,0.9687489846987404,R1,0.0,15.401108358932344,32.60499082820856,1.0
zero,0.0,0.0,0.0,0.07998968461579449,RELLIS-3D,00003_001102_06,-2.5874030864123867,14.360009814489537,0.0,0.0,0.0,0.5678755640983582,0.0,0.38363376007834343,5.908342738384377,1.1180340051651,0.5412015983045445,0.5567148653867191,36.72619691358761,0.934185546823176,R1,0.0,14.089409015337266,36.72619691358761,1.0
learned,0.0,0.0,0.0,0.07998968461579449,RELLIS-3D,00003_001102_06,-2.5874030864123867,14.360009814489537,0.0,0.0,0.0,0.5678755640983582,0.0,0.38363376007834343,5.908342738384377,1.1180340051651,0.5412015983045445,0.5567148653867191,36.72619691358761,0.934185546823176,R1,0.0,14.089409015337266,36.72619691358761,1.0
fixed,0.0,0.0,0.0,0.07998968461579449,RELLIS-3D,00003_001102_06,-2.5874030864123867,14.360009814489537,0.0,0.0,0.0,0.5678755640983582,0.0,0.38363376007834343,5.908342738384377,1.1180340051651,0.5412015983045445,0.5567148653867191,36.72619691358761,0.934185546823176,R1,0.0,14.089409015337266,36.72619691358761,1.0
zero,0.0,0.0,0.0,0.23607543870586678,RELLIS-3D,00003_001102_07,-3.4365503947477407,12.653205532581357,0.0,0.0,0.0,0.550000011920929,0.0,0.4388642859587901,4.127600353786172,1.8027756214141846,0.837928125869105,0.550000011920929,27.877049605252257,0.8902537429504196,R1,0.0,12.234241469646804,27.877049605252257,1.0
learned,0.0,0.0,0.0,0.23607543870586678,RELLIS-3D,00003_001102_07,-3.4365503947477407,12.653205532581357,0.0,0.0,0.0,0.550000011920929,0.0,0.4388642859587901,4.127600353786172,1.8027756214141846,0.837928125869105,0.550000011920929,27.877049605252257,0.8902537429504196,R1,0.0,12.234241469646804,27.877049605252257,1.0
fixed,0.0,0.0,0.0,0.23607543870586678,RELLIS-3D,00003_001102_07,-3.4365503947477407,12.653205532581357,0.0,0.0,0.0,0.550000011920929,0.0,0.4388642859587901,4.127600353786172,1.8027756214141846,0.837928125869105,0.550000011920929,27.877049605252257,0.8902537429504196,R1,0.0,12.234241469646804,27.877049605252257,1.0
zero,0.0,0.0,0.0,0.08091103558731795,RELLIS-3D,00003_001124_01,-2.30226121825142,12.044699253033038,0.0,0.0,0.0,0.550000011920929,0.0,0.43153716875651366,7.608738873187305,6.5,0.4803980690340102,0.550000011920929,27.354538781748577,0.9223698707125711,R1,0.0,11.804500218516033,27.354538781748577,1.0
learned,0.0,0.0,0.0,0.08090107165206292,RELLIS-3D,00003_001124_01,-2.3022806905544435,12.044698660123814,0.0,0.0,0.0,0.550000011920929,0.0,0.431538046970055,7.6087377545019494,6.5,0.48036564304204565,0.550000011920929,27.354519309445553,0.9223692141244354,R1,0.0,11.804515838602791,27.354519309445553,1.0
fixed,0.0,0.0,0.0,0.08079083204798815,RELLIS-3D,00003_001124_01,-2.302513401007097,12.044695701652616,0.0,0.0,0.0,0.550000011920929,0.0,0.43154804751579184,7.60872327465483,6.5,0.4800134573396788,0.550000011920929,27.3542865989929,0.9223613673421577,R1,0.0,11.804688972982776,27.3542865989929,1.0
zero,0.0,0.0,0.0,0.5313373500352601,RELLIS-3D,00003_001124_03,-3.5974929290375144,18.236828525696502,0.0,0.0,0.0,0.550000011920929,0.0,0.4645042756992909,5.470514812846687,1.1180340051651,1.753906791844342,0.550000011920929,37.37290707096247,0.912192877564351,R1,0.0,17.35987512977433,37.37290707096247,1.0
learned,0.0,0.0,0.0,0.5313379657691484,RELLIS-3D,00003_001124_03,-3.5974921663396984,18.236832660974226,0.0,0.0,0.0,0.550000011920929,0.0,0.46450436298081216,5.470517336567122,1.1180340051651,1.7539078299185065,0.550000011920929,37.372907833660285,0.9121928961801764,R1,0.0,17.359878746014974,37.372907833660285,1.0
fixed,0.0,0.0,0.0,0.5313505176342018,RELLIS-3D,00003_001124_03,-3.5974843540040524,18.23689813770407,0.0,0.0,0.0,0.550000011920929,0.0,0.4645056488204009,5.470552781329037,1.1180340051651,1.7539354145012327,0.550000011920929,37.37291564599593,0.9121930868626117,R1,0.0,17.359930430453453,37.37291564599593,1.0
zero,0.0,0.0,0.0,0.6629404987279549,RELLIS-3D,00003_001124_04,-2.0076351164251136,16.906741944343516,0.0,0.0,3.778123135926228,0.550000011920929,0.0,0.4604724416455922,5.98103277113529,0.5,1.6147044634460452,0.5499984515653302,34.96276488357488,0.9456961483666633,R1,0.0,16.099389712620493,34.96276488357488,1.0
learned,0.0,0.0,0.0,0.6629329652205468,RELLIS-3D,00003_001124_04,-2.0076530618301547,16.90675400947441,0.0,0.0,3.778138721910518,0.550000011920929,0.0,0.4604726666386559,5.98102590276115,0.5,1.6147293876856887,0.5499984515545054,34.962746938169836,0.9456956629673967,R1,0.0,16.099389315631566,34.962746938169836,1.0
fixed,0.0,0.0,0.0,0.6628272974363814,RELLIS-3D,00003_001124_04,-2.0078883332824162,16.90692930903318,0.0,0.0,3.7783740509358243,0.550000011920929,0.0,0.46047576408062996,5.980927153739388,0.5,1.6150800702469343,0.549998451460775,34.962511666717575,0.9456892991884747,R1,0.0,16.099389273909715,34.962511666717575,1.0
zero,0.0,0.0,0.0,0.4040802257437847,RELLIS-3D,00003_001124_05,-2.647522343880972,15.152058790610917,0.0,0.0,0.0,0.5494339466094971,0.0,0.47465518853023425,6.329207629682865,3.041381359100342,1.192491838525879,0.5494339466094971,30.666077656119022,0.9205272818344168,R1,0.0,14.555812871347978,30.666077656119022,1.0
learned,0.0,0.0,0.0,0.40405876220083836,RELLIS-3D,00003_001124_05,-2.6475483331392375,15.152032402606725,0.0,0.0,0.0,0.5494339466094971,0.0,0.4746549519865943,6.329190072061732,3.041381359100342,1.1924782421090272,0.5494339466094971,30.666051666860756,0.9205265016948262,R1,0.0,14.555793281552212,30.666051666860756,1.0
fixed,0.0,0.0,0.0,0.40376663560360554,RELLIS-3D,00003_001124_05,-2.647889179734129,15.151670600046737,0.0,0.0,0.0,0.5494339466094971,0.0,0.47465155233953943,6.328928206104529,3.041381359100342,1.1922867112242654,0.5494339466094971,30.665710820265865,0.9205162702399582,R1,0.0,14.555527244434604,30.665710820265865,1.0
zero,0.03271614658535538,0.0,0.0,17.874361545167314,RELLIS-3D,00003_000455_00,-1.9414544000961058,21.3010889478856,0.0,0.0,6.020699754952833,0.550000011920929,0.0,0.45132550670268556,4.196940624488445,0.7071067690849304,7.062870770074142,0.550000011920929,39.372145599903874,0.953006893611399,R1,1.0,17.76965356284853,39.372145599903874,1.0
learned,0.03271938300713884,0.0,0.0,17.875212545665807,RELLIS-3D,00003_000455_00,-1.9411854151835897,21.301138033286627,0.0,0.0,6.020984031307748,0.550000011920929,0.0,0.451324715029381,4.196916045140046,0.7071067690849304,7.062788481551447,0.550000011920929,39.37241458481639,0.9530134044192811,R1,1.0,17.7697437925109,39.37241458481639,1.0
fixed,0.032753947213393926,0.0,0.0,17.88440563166508,RELLIS-3D,00003_000455_00,-1.9383316325142061,21.301642496507572,0.0,0.0,6.02402025608994,0.550000011920929,0.0,0.4513161448895572,4.196652130032042,0.7071067690849304,7.061896345804328,0.550000011920929,39.37526836748577,0.9530824805266497,R1,1.0,17.770694323605408,39.37526836748577,1.0
zero,0.0,0.0,0.0,0.06893996170172019,RELLIS-3D,00003_000455_01,-2.5480378492718785,17.2535980111226,0.0,0.0,0.0,0.550000011920929,0.0,0.45507015369710024,6.044378544456312,1.1180340051651,0.4745359840632981,0.5499219261136771,37.3927621507281,0.936204636630416,R1,0.0,17.01633001909095,37.3927621507281,1.0
learned,0.0,0.0,0.0,0.06893880965069804,RELLIS-3D,00003_000455_01,-2.5480485819657304,17.253570681621028,0.0,0.0,0.0,0.550000011920929,0.0,0.45506974321657445,6.0443690328016055,1.1180340051651,0.47452179130995853,0.5499219240695373,37.39275141803425,0.9362043679153714,R1,0.0,17.016309785966047,37.39275141803425,1.0
fixed,0.0,0.0,0.0,0.06892963692972622,RELLIS-3D,00003_000455_01,-2.548131502575231,17.253295558140323,0.0,0.0,0.0,0.550000011920929,0.0,0.4550653505645887,6.04427047809192,1.1180340051651,0.4743755196285525,0.549921901025239,37.39266849742475,0.9362022918275239,R1,0.0,17.016107798326047,37.39266849742475,1.0
zero,0.0,0.0,0.0,0.6946299060642132,RELLIS-3D,00003_000455_03,-2.1518249296353105,18.8217427144445,0.0,0.0,3.4407870393831113,0.550000011920929,0.0,0.4928952086292348,2.211704098018893,0.7071067690849304,1.6864102186150376,0.5499637172443335,36.47537507036466,0.9442924951941815,R1,0.0,17.97853760513698,36.47537507036466,1.0
learned,0.0,0.0,0.0,0.6946184256170251,RELLIS-3D,00003_000455_03,-2.15186283740109,18.82172095567014,0.0,0.0,3.440752511700479,0.550000011920929,0.0,0.49289510710529694,2.2117122978222623,0.7071067690849304,1.6864114764182911,0.5499637164910245,36.47533716259888,0.9442915138192494,R1,0.0,17.978515217460995,36.47533716259888,1.0
fixed,0.0,0.0,0.0,0.6944886964774089,RELLIS-3D,00003_000455_03,-2.1523109897130226,18.82146968083565,0.0,0.0,3.4402555951559215,0.550000011920929,0.0,0.49289368675004824,2.211810419186521,0.7071067690849304,1.6864543255129947,0.5499637070804224,36.47488901028695,0.944279911831222,R1,0.0,17.978242518079153,36.47488901028695,1.0
zero,0.0,0.0,0.0,0.5070066993520715,RELLIS-3D,00003_000455_04,-2.3100169218938404,20.143682015515935,0.0,0.0,10.636794777112788,0.5562794804573059,0.0,0.45511800653175843,5.823261244025344,0.7071067690849304,1.7687400219376421,0.5558218873564282,42.31718307810611,0.9482374667939318,R1,0.0,19.259312004547116,42.31718307810611,1.0
learned,0.0,0.0,0.0,0.5070083270487623,RELLIS-3D,00003_000455_04,-2.310013982873656,20.14368520830933,0.0,0.0,10.636820730388795,0.5562794804573059,0.0,0.45511791048391,5.823259393410937,0.7071067690849304,1.768751861271756,0.555821883632662,42.317186017126296,0.9482375326510815,R1,0.0,19.259309277673452,42.317186017126296,1.0
fixed,0.0,0.0,0.0,0.5070256044657503,RELLIS-3D,00003_000455_04,-2.3099694891384033,20.143717759051142,0.0,0.0,10.637078476616303,0.5562794804573059,0.0,0.455116879004869,5.823240355182902,0.7071067690849304,1.7688637616364293,0.5558218477368266,42.31723051086155,0.9482385296604222,R1,0.0,19.259285878232927,42.31723051086155,1.0
zero,0.0,0.0,0.0,0.5511059829248485,RELLIS-3D,00003_000455_05,-2.2691667977730248,20.13251610348875,0.0,0.0,0.0,0.550000011920929,0.0,0.47836529716486975,6.026729300278382,1.4142135381698608,1.6532671154315763,0.550000011920929,40.35803320222693,0.9467671628027873,R1,0.0,19.305882545772963,40.35803320222693,1.0
learned,0.0,0.0,0.0,0.5511059829248485,RELLIS-3D,00003_000455_05,-2.2691667977730248,20.13251610348875,0.0,0.0,0.0,0.550000011920929,0.0,0.47836529716486975,6.026729300278382,1.4142135381698608,1.6532671154315763,0.550000011920929,40.35803320222693,0.9467671628027873,R1,0.0,19.305882545772963,40.35803320222693,1.0
fixed,0.0,0.0,0.0,0.5511059829248485,RELLIS-3D,00003_000455_05,-2.2691667977730248,20.13251610348875,0.0,0.0,0.0,0.550000011920929,0.0,0.47836529716486975,6.026729300278382,1.4142135381698608,1.6532671154315763,0.550000011920929,40.35803320222693,0.9467671628027873,R1,0.0,19.305882545772963,40.35803320222693,1.0
zero,0.0,0.0,0.0,0.41007144152444985,RELLIS-3D,00003_000455_06,-2.4623841163899485,15.677776705660014,0.0,0.0,2.7153228408287284,0.5499260425567627,0.0,0.4059433527201723,3.034487587738133,0.7071067690849304,1.436541156104982,0.5494764510816582,36.85121588361003,0.9373655906253828,R1,0.0,14.959506127607522,36.85121588361003,1.0
learned,0.0,0.0,0.0,0.41007144152444985,RELLIS-3D,00003_000455_06,-2.4623841163899485,15.677776705660014,0.0,0.0,2.7153228408287284,0.5499260425567627,0.0,0.4059433527201723,3.034487587738133,0.7071067690849304,1.436541156104982,0.5494764510816582,36.85121588361003,0.9373655906253828,R1,0.0,14.959506127607522,36.85121588361003,1.0
fixed,0.0,0.0,0.0,0.41007144152444985,RELLIS-3D,00003_000455_06,-2.4623841163899485,15.677776705660014,0.0,0.0,2.7153228408287284,0.5499260425567627,0.0,0.4059433527201723,3.034487587738133,0.7071067690849304,1.436541156104982,0.5494764510816582,36.85121588361003,0.9373655906253828,R1,0.0,14.959506127607522,36.85121588361003,1.0
zero,0.0,0.0,0.0,0.0824945850638201,RELLIS-3D,00003_000455_07,-2.326989053233202,13.449267996502885,0.0,0.0,0.0,0.550000011920929,0.0,0.48324483876353613,7.484156455012323,5.7008771896362305,0.48455582418927967,0.550000011920929,27.329810946766795,0.9215360708763858,R1,0.0,13.206990084408245,27.329810946766795,1.0
learned,0.0,0.0,0.0,0.08248357942374536,RELLIS-3D,00003_000455_07,-2.3270088938474913,13.449250692996841,0.0,0.0,0.0,0.550000011920929,0.0,0.483245140599989,7.4841583034563,5.7008771896362305,0.4845238946716901,0.550000011920929,27.329791106152506,0.9215354018691332,R1,0.0,13.206988745660997,27.329791106152506,1.0
fixed,0.0,0.0,0.0,0.0823628130725773,RELLIS-3D,00003_000455_07,-2.3272558007212325,13.449042517017459,0.0,0.0,0.0,0.550000011920929,0.0,0.4832482570947619,7.484179507087465,5.7008771896362305,0.48417583104347117,0.550000011920929,27.329544199278764,0.9215270763966027,R1,0.0,13.206954601495722,27.329544199278764,1.0
zero,0.0,0.0,0.0,0.0900176319105666,RELLIS-3D,00003_000831_00,-2.3469555349428894,13.466984973461548,0.0,0.0,0.0,0.5499953031539917,0.0,0.4835942430095312,8.553467343945497,5.852349758148193,0.5202028253484402,0.5499953031539917,27.309844465057107,0.920862819490205,R1,0.0,13.206883560787327,27.309844465057107,1.0
learned,0.0,0.0,0.0,0.08999525049033959,RELLIS-3D,00003_000831_00,-2.347032022031197,13.46690137027153,0.0,0.0,0.0,0.5499953031539917,0.0,0.48359415240698306,8.553457222910593,5.852349758148193,0.5201145450686818,0.5499953031539917,27.3097679779688,0.9208602404159857,R1,0.0,13.20684409773719,27.3097679779688,1.0
fixed,0.0,0.0,0.0,0.08973608038511852,RELLIS-3D,00003_000831_00,-2.3479045701563166,13.465972475216441,0.0,0.0,0.0,0.5499953031539917,0.0,0.48359309577160753,8.553343468240918,5.852349758148193,0.5191583843904625,0.5499953031539917,27.30889542984368,0.9208308188962964,R1,0.0,13.20639328302121,27.30889542984368,1.0
zero,0.021312109067272034,0.0,0.0,16.866224493141655,RELLIS-3D,00003_000831_01,-2.867922944987839,23.03004622828328,0.0,0.0,0.0,0.550000011920929,0.0,0.4280785475963525,8.333361552983925,1.0,7.622596849566174,0.550000011920929,44.89537705501211,0.9399555109260072,R1,1.0,19.218747803500193,44.89537705501211,1.0
learned,0.02131208626645878,0.0,0.0,16.86619100009841,RELLIS-3D,00003_000831_01,-2.8678749135048847,23.03008451231991,0.0,0.0,0.0,0.550000011920929,0.0,0.428078948621153,8.333378086529185,1.0,7.6225962867867345,0.550000011920929,44.89542508649507,0.9399565165408402,R1,1.0,19.218786368926544,44.89542508649507,1.0
fixed,0.021311816038024328,0.0,0.0,16.8658056198812,RELLIS-3D,00003_000831_01,-2.8673056508754797,23.03053615759235,0.0,0.0,0.0,0.550000011920929,0.0,0.42808364477178573,8.33356843813473,1.0,7.622590521931304,0.550000011920929,44.89599434912447,0.939968434951616,R1,1.0,19.2192408966267,44.89599434912447,1.0
zero,0.0,0.0,0.0,0.3142897941595422,RELLIS-3D,00003_000831_03,-3.2430969362238464,15.786827846043881,0.0,0.0,0.0,0.550000011920929,0.0,0.4865136578911454,8.728450724658046,6.363961219787598,1.0360661297068863,0.5499715520457369,31.38410306377615,0.906342501379729,R1,0.0,15.268794781190438,31.38410306377615,1.0
learned,0.0,0.0,0.0,0.3142902231614409,RELLIS-3D,00003_000831_03,-3.243102519882605,15.786839206125618,0.0,0.0,0.0,0.550000011920929,0.0,0.4865136518463075,8.728452590971933,6.363961219787598,1.036094662346419,0.5499715520982982,31.38409748011739,0.9063423401290718,R1,0.0,15.26879187495241,31.38409748011739,1.0
fixed,0.0,0.0,0.0,0.31429897579488264,RELLIS-3D,00003_000831_03,-3.2432156887186068,15.786997353329019,0.0,0.0,0.0,0.550000011920929,0.0,0.4865135292161827,8.728480416145183,6.363961219787598,1.0365287703644064,0.5499715509823614,31.383984311281388,0.9063390719226906,R1,0.0,15.268732968146816,31.383984311281388,1.0
zero,0.0,0.0,0.0,0.42779979654687056,RELLIS-3D,00003_000831_04,-3.843031066014362,15.948948569514096,0.0,0.0,0.0,0.550000011920929,0.0,0.453670679279245,7.7702777814775565,1.4142135381698608,1.3085446371538043,0.5499999870530715,33.713168933985614,0.8976725263467985,R1,0.0,15.294676250937194,33.713168933985614,1.0
learned,0.0,0.0,0.0,0.4277810480547938,RELLIS-3D,00003_000831_04,-3.84304031642111,15.948845881984175,0.0,0.0,0.0,0.550000011920929,0.0,0.45366795599384374,7.770297502663215,1.4142135381698608,1.308531276481784,0.5499999870540568,33.713159683578866,0.8976722800384194,R1,0.0,15.294580243743283,33.713159683578866,1.0
fixed,0.0,0.0,0.0,0.42746888153405466,RELLIS-3D,00003_000831_04,-3.843217431164625,15.947146231565553,0.0,0.0,0.0,0.550000011920929,0.0,0.453623211321328,7.770617588654385,1.4142135381698608,1.3083096309410145,0.5499999870695231,33.71298256883535,0.8976675640462926,R1,0.0,15.292991416095045,33.71298256883535,1.0
zero,0.043143375315776104,0.0,0.0,19.13868287834672,RELLIS-3D,00003_000831_05,1.7996795053934527,19.37759174371229,0.0,0.0,0.0,0.550000011920929,0.0,0.4983943625403009,6.4772581026146305,3.1622776985168457,6.277448752712378,0.550000011920929,29.299679505393453,1.0654428911052165,R1,1.0,14.602795089725689,29.299679505393453,1.0
learned,0.04314459510720612,0.0,0.0,19.1378990274831,RELLIS-3D,00003_000831_05,1.799757667882247,19.377662639713687,0.0,0.0,0.0,0.550000011920929,0.0,0.4983936459628382,6.477251504098775,3.1622776985168457,6.277412510703651,0.550000011920929,29.299757667882247,1.0654457333775362,R1,1.0,14.602813049923459,29.299757667882247,1.0
fixed,0.04316201022409695,0.0,0.0,19.127155773590648,RELLIS-3D,00003_000831_05,1.8009079590989856,19.378742728270087,0.0,0.0,0.0,0.550000011920929,0.0,0.4983835056506182,6.477171474308634,3.1622776985168457,6.276928894283765,0.550000011920929,29.300907959098986,1.065487562149054,R1,1.0,14.603089227401853,29.300907959098986,1.0
zero,0.0,0.0,0.0,0.09303894554354772,RELLIS-3D,00003_000831_06,-1.3040744444307748,13.878032661839656,0.0,0.0,5.7757043095063585,0.550000011920929,0.0,0.44805477736219357,5.763163225774668,0.5,0.5566979414066486,0.550000011920929,30.352725555569222,0.9588058665300733,R1,0.0,13.599683691136331,30.352725555569222,1.0
learned,0.0,0.0,0.0,0.09303894554354772,RELLIS-3D,00003_000831_06,-1.3040744444307748,13.878032661839656,0.0,0.0,5.7757043095063585,0.550000011920929,0.0,0.44805477736219357,5.763163225774668,0.5,0.5566979414066486,0.550000011920929,30.352725555569222,0.9588058665300733,R1,0.0,13.599683691136331,30.352725555569222,1.0
fixed,0.0,0.0,0.0,0.09303894554354772,RELLIS-3D,00003_000831_06,-1.3040744444307748,13.878032661839656,0.0,0.0,5.7757043095063585,0.550000011920929,0.0,0.44805477736219357,5.763163225774668,0.5,0.5566979414066486,0.550000011920929,30.352725555569222,0.9588058665300733,R1,0.0,13.599683691136331,30.352725555569222,1.0
zero,0.0,0.0,0.0,0.8276770874508657,RELLIS-3D,00003_000831_07,-1.908878718294794,21.580790973507476,0.0,0.0,0.0,0.550000011920929,0.0,0.4672795528211017,9.696318521383375,1.8027756214141846,2.011148974276684,0.5499960405262094,44.03192128170515,0.958449162437424,R1,0.0,20.575216486369133,44.03192128170515,1.0
learned,0.0,0.0,0.0,0.8276229649674973,RELLIS-3D,00003_000831_07,-1.908972813668072,21.58071968862234,0.0,0.0,0.0,0.550000011920929,0.0,0.46727942935831707,9.696319614595076,1.8027756214141846,2.011105214778306,0.5499960405400318,44.031827186331874,0.9584471142499026,R1,0.0,20.57516708123319,44.031827186331874,1.0
fixed,0.0,0.0,0.0,0.8269458204354657,RELLIS-3D,00003_000831_07,-1.910156403052703,21.57982700410775,0.0,0.0,0.0,0.550000011920929,0.0,0.4672778688240985,9.696330535429947,1.8027756214141846,2.010563402345604,0.5499960407206836,44.03064359694724,0.9584213508895643,R1,0.0,20.574545302934947,44.03064359694724,1.0
zero,0.0,0.0,0.0,0.09492407558069801,RELLIS-3D,00003_001034_00,-2.764295123577295,14.49725255696913,0.0,0.0,0.0,0.5543079972267151,0.0,0.48704176574900626,3.296509509364374,1.1180340051651,0.5654828637131143,0.5543079972267151,29.185404876422705,0.9134797784149055,R1,0.0,14.214511125112573,29.185404876422705,1.0
learned,0.0,0.0,0.0,0.09492407558069801,RELLIS-3D,00003_001034_00,-2.764295123577295,14.49725255696913,0.0,0.0,0.0,0.5543079972267151,0.0,0.48704176574900626,3.296509509364374,1.1180340051651,0.5654828637131143,0.5543079972267151,29.185404876422705,0.9134797784149055,R1,0.0,14.214511125112573,29.185404876422705,1.0
fixed,0.0,0.0,0.0,0.09492407558069801,RELLIS-3D,00003_001034_00,-2.764295123577295,14.49725255696913,0.0,0.0,0.0,0.5543079972267151,0.0,0.48704176574900626,3.296509509364374,1.1180340051651,0.5654828637131143,0.5543079972267151,29.185404876422705,0.9134797784149055,R1,0.0,14.214511125112573,29.185404876422705,1.0
zero,0.0,0.0,0.0,0.21597653626896535,RELLIS-3D,00003_001034_01,-4.502616166970526,17.385598595791333,0.0,0.0,0.0,0.5500171780586243,0.0,0.45879328862769037,6.205644793660969,1.1180340051651,0.993932530830005,0.550014253363012,36.81098383302946,0.8910137057295775,R1,0.0,16.88863233037633,36.81098383302946,1.0
learned,0.0,0.0,0.0,0.21598701190276792,RELLIS-3D,00003_001034_01,-4.502551942151108,17.385654521408696,0.0,0.0,0.0,0.5500171780586243,0.0,0.45879310138911594,6.2056276403328745,1.1180340051651,0.9939992351288289,0.5500142533204535,36.81104805784888,0.8910152602980348,R1,0.0,16.88865490384428,36.81104805784888,1.0
fixed,0.0,0.0,0.0,0.21609902501950506,RELLIS-3D,00003_001034_01,-4.501886211540068,17.386242263954717,0.0,0.0,0.0,0.5500171780586243,0.0,0.458791117082344,6.205444382659512,1.1180340051651,0.9947099464633288,0.5500142528502198,36.81171378845992,0.8910313743769589,R1,0.0,16.88888729072305,36.81171378845992,1.0
zero,0.0,1.2188405144189762,1.0,0.22260934462847115,RELLIS-3D,00003_001034_02,-1.7544117556811756,499.83002800897486,2.4376810288379525,1.0,2.4376810288379525,0.5683530569076538,0.5,0.4532116150176728,3.912914195355292,0.0,1.0963150399952835,0.5675408426561076,33.55918824431881,0.9503190907842538,R1,0.0,15.209413902889828,33.55918824431881,1.0
learned,0.0,1.2188562947577213,1.0,0.22261330446561822,RELLIS-3D,00003_001034_02,-1.7543993796948385,499.83178276157196,2.4377125895154426,1.0,2.4377125895154426,0.5683530569076538,0.5,0.4532118901576008,3.912906855539092,0.0,1.096323185831911,0.5675408697774771,33.55920062030515,0.9503194412437463,R1,0.0,15.209428745306626,33.55920062030515,1.0
fixed,0.0,1.219024301966651,1.0,0.22265028293632524,RELLIS-3D,00003_001034_02,-1.7542443512337371,499.85047209393935,2.438048603933302,1.0,2.438048603933302,0.5683530569076538,0.5,0.45321483809828594,3.9128344946424294,0.0,1.0964018811387803,0.5675411570319624,33.55935564876625,0.9503238312935034,R1,0.0,15.209597937038394,33.55935564876625,1.0
zero,0.0,0.0,0.0,0.32471168134847883,RELLIS-3D,00003_001034_03,-1.5600029345849684,12.932082679365598,0.0,0.0,0.0,0.5500106811523438,0.0,0.41597812183667426,4.089752207555141,1.4142135381698608,0.824947125589443,0.5500106811523438,30.096797065415036,0.9507213952583657,R1,0.0,12.519609116570876,30.096797065415036,1.0
learned,0.0,0.0,0.0,0.32471168134847883,RELLIS-3D,00003_001034_03,-1.5600029345849684,12.932082679365598,0.0,0.0,0.0,0.5500106811523438,0.0,0.41597812183667426,4.089752207555141,1.4142135381698608,0.824947125589443,0.5500106811523438,30.096797065415036,0.9507213952583657,R1,0.0,12.519609116570876,30.096797065415036,1.0
fixed,0.0,0.0,0.0,0.32471168134847883,RELLIS-3D,00003_001034_03,-1.5600029345849684,12.932082679365598,0.0,0.0,0.0,0.5500106811523438,0.0,0.41597812183667426,4.089752207555141,1.4142135381698608,0.824947125589443,0.5500106811523438,30.096797065415036,0.9507213952583657,R1,0.0,12.519609116570876,30.096797065415036,1.0
zero,0.0,0.0,0.0,0.48804995933446127,RELLIS-3D,00003_001034_06,-2.124283879557531,16.405792853730212,0.0,0.0,0.0,0.5978312492370605,0.0,0.45424581903507727,6.651170288040986,2.5,1.4659749230025096,0.5901332084183564,34.502916120442464,0.9420025587662303,R1,0.0,15.672805392228957,34.502916120442464,1.0
learned,0.0,0.0,0.0,0.48804123292105284,RELLIS-3D,00003_001034_06,-2.1242908843203168,16.40580328726333,0.0,0.0,0.0,0.5978312492370605,0.0,0.45424624246597056,6.651165762438394,2.5,1.4659729346419015,0.5901331809120279,34.50290911567968,0.9420023675213962,R1,0.0,15.672816819942376,34.50290911567968,1.0
fixed,0.0,0.0,0.0,0.487934648773148,RELLIS-3D,00003_001034_06,-2.1243893814170605,16.40589982523262,0.0,0.0,0.0,0.5978312492370605,0.0,0.454251006619643,6.651115546345787,2.5,1.4659267410688246,0.5901330146730089,34.502810618582934,0.9419996783424051,R1,0.0,15.672936454698206,34.502810618582934,1.0
zero,0.0,0.0,0.0,0.49614641869367915,RELLIS-3D,00003_001034_07,-1.761401105331828,24.17730441445608,0.0,0.0,0.0,0.550000011920929,0.0,0.48494492912638393,7.739890776010152,2.0,1.625898464258961,0.550000011920929,48.1793988946681,0.9647302184720343,R1,0.0,23.3643551823266,48.1793988946681,1.0
learned,0.0,0.0,0.0,0.4961579473793156,RELLIS-3D,00003_001034_07,-1.7613719250105149,24.177324413565817,0.0,0.0,0.0,0.550000011920929,0.0,0.48494479042221905,7.739890992547181,2.0,1.6259235261554064,0.550000011920929,48.17942807498941,0.9647308027702697,R1,0.0,23.364362650488115,48.17942807498941,1.0
fixed,0.0,0.0,0.0,0.49626614807637626,RELLIS-3D,00003_001034_07,-1.7611243893543076,24.177485147173222,0.0,0.0,0.0,0.550000011920929,0.0,0.4849433842369758,7.739888027713694,2.0,1.6261404102141075,0.550000011920929,48.17967561064562,0.9647357593519865,R1,0.0,23.36441494206617,48.17967561064562,1.0
zero,0.0,0.0,0.0,0.42069456068542543,RELLIS-3D,00003_001944_00,-3.8956491569615253,20.3560997882661,0.0,0.0,10.365234031744011,0.556645929813385,0.0,0.5317338300126856,7.266744287158825,0.7071067690849304,1.4133996786235246,0.556645929813385,36.95345084303844,0.9046331704502295,R1,0.0,19.649399948954336,36.95345084303844,1.0
learned,0.0,0.0,0.0,0.42069456068542543,RELLIS-3D,00003_001944_00,-3.8956491569615253,20.3560997882661,0.0,0.0,10.365234031744011,0.556645929813385,0.0,0.5317338300126856,7.266744287158825,0.7071067690849304,1.4133996786235246,0.556645929813385,36.95345084303844,0.9046331704502295,R1,0.0,19.649399948954336,36.95345084303844,1.0
fixed,0.0,0.0,0.0,0.42069456068542543,RELLIS-3D,00003_001944_00,-3.8956491569615253,20.3560997882661,0.0,0.0,10.365234031744011,0.556645929813385,0.0,0.5317338300126856,7.266744287158825,0.7071067690849304,1.4133996786235246,0.556645929813385,36.95345084303844,0.9046331704502295,R1,0.0,19.649399948954336,36.95345084303844,1.0
zero,0.0,0.0,0.0,0.04246368861142995,RELLIS-3D,00003_001944_02,-3.5393753175226195,14.708876233437696,0.0,0.0,5.767936445318333,0.5487446188926697,0.0,0.4961518377640437,5.166879693158758,0.7071067690849304,0.35414562182022047,0.5487446188926697,29.289024682477375,0.8921855674500548,R1,0.0,14.531803422527586,29.289024682477375,1.0
learned,0.0,0.0,0.0,0.04246658016750699,RELLIS-3D,00003_001944_02,-3.5393647538614452,14.708870645928693,0.0,0.0,5.767931451465412,0.5487446188926697,0.0,0.4961519522077405,5.166874034194561,0.7071067690849304,0.3541172605514651,0.5487446188926697,29.28903524613855,0.8921858892342774,R1,0.0,14.53181201565296,29.28903524613855,1.0
fixed,0.0,0.0,0.0,0.042494522995558885,RELLIS-3D,00003_001944_02,-3.5392601742057437,14.708986468597304,0.0,0.0,5.767901936041141,0.5487446188926697,0.0,0.496153078703287,5.166812499808148,0.7071067690849304,0.3541791429168615,0.5487446188926697,29.28913982579425,0.8921890748801116,R1,0.0,14.531896897138873,29.28913982579425,1.0
zero,0.0,0.0,0.0,0.40548403742324907,RELLIS-3D,00003_001944_03,-3.712113806465119,15.033529634367511,0.0,0.0,0.0,0.5499997138977051,0.0,0.42873266440614377,8.271332260428828,3.3541018962860107,1.2549498612141097,0.549999450827709,33.60148619353486,0.9005157956759702,R1,0.0,14.406054703760455,33.60148619353486,1.0
learned,0.0,0.0,0.0,0.40548403742324907,RELLIS-3D,00003_001944_03,-3.712113806465119,15.033529634367511,0.0,0.0,0.0,0.5499997138977051,0.0,0.42873266440614377,8.271332260428828,3.3541018962860107,1.2549498612141097,0.549999450827709,33.60148619353486,0.9005157956759702,R1,0.0,14.406054703760455,33.60148619353486,1.0
fixed,0.0,0.0,0.0,0.40548403742324907,RELLIS-3D,00003_001944_03,-3.712113806465119,15.033529634367511,0.0,0.0,0.0,0.5499997138977051,0.0,0.42873266440614377,8.271332260428828,3.3541018962860107,1.2549498612141097,0.549999450827709,33.60148619353486,0.9005157956759702,R1,0.0,14.406054703760455,33.60148619353486,1.0
zero,0.0,0.0,0.0,0.5915244124039712,RELLIS-3D,00003_001944_04,-2.787656628546415,23.43625203763276,0.0,0.0,0.0,0.550000011920929,0.0,0.5132142357883043,8.572227525770632,1.1180340051651,1.8743485778880387,0.5499942227241876,43.83954337145352,0.9402139388908959,R1,0.0,22.49907774868874,43.83954337145352,1.0
learned,0.0,0.0,0.0,0.591502107236172,RELLIS-3D,00003_001944_04,-2.787655171185662,23.436242718751625,0.0,0.0,0.0,0.550000011920929,0.0,0.5132143898098672,8.572221229717673,1.1180340051651,1.8743149397787762,0.5499942226852244,43.839544828814276,0.9402139701464882,R1,0.0,22.499085248862237,43.839544828814276,1.0
fixed,0.0,0.0,0.0,0.5912613391008673,RELLIS-3D,00003_001944_04,-2.7875979114507956,23.43638895151897,0.0,0.0,0.0,0.550000011920929,0.0,0.5132160716987417,8.572138900259606,1.1180340051651,1.8744011655956587,0.549994222268019,43.83960208854914,0.9402151981793717,R1,0.0,22.499188368721143,43.83960208854914,1.0
zero,0.0,0.0,0.0,0.35057086385335456,RELLIS-3D,00003_001944_05,-1.956566651358706,19.00837796012107,0.0,0.0,10.047979097469236,0.5630457401275635,0.0,0.5376665958007681,6.55631570291079,0.5,1.2337653740999508,0.5630457401275635,34.206133348641295,0.945895448864197,R1,0.0,18.391495273071094,34.206133348641295,1.0
learned,0.0,0.0,0.0,0.35057086385335456,RELLIS-3D,00003_001944_05,-1.956566651358706,19.00837796012107,0.0,0.0,10.047979097469236,0.5630457401275635,0.0,0.5376665958007681,6.55631570291079,0.5,1.2337653740999508,0.5630457401275635,34.206133348641295,0.945895448864197,R1,0.0,18.391495273071094,34.206133348641295,1.0
fixed,0.0,0.0,0.0,0.35057086385335456,RELLIS-3D,00003_001944_05,-1.956566651358706,19.00837796012107,0.0,0.0,10.047979097469236,0.5630457401275635,0.0,0.5376665958007681,6.55631570291079,0.5,1.2337653740999508,0.5630457401275635,34.206133348641295,0.945895448864197,R1,0.0,18.391495273071094,34.206133348641295,1.0
zero,0.0,0.0,0.0,0.3129536274407874,RELLIS-3D,00003_001944_06,-0.959477263522416,17.040188664348776,0.0,0.0,5.612514053279999,0.5589406490325928,0.0,0.5074068514853338,6.308075215508272,0.7071067690849304,0.8986861652657446,0.5589406490325928,32.697322736477574,0.9714923206150788,R1,0.0,16.590845581715904,32.697322736477574,1.0
learned,0.0,0.0,0.0,0.31298914957645535,RELLIS-3D,00003_001944_06,-0.9594071809707714,17.04033757289236,0.0,0.0,5.612372106129679,0.5589406490325928,0.0,0.5074066411159696,6.308092782336238,0.7071067690849304,0.8989266186786337,0.5589406490325928,32.69739281902922,0.9714944028852781,R1,0.0,16.59087426355304,32.69739281902922,1.0
fixed,0.0,0.0,0.0,0.3133990131735695,RELLIS-3D,00003_001944_06,-0.9586267476114401,17.042007068914753,0.0,0.0,5.610785937040063,0.5589406490325928,0.0,0.5074044291018841,6.308290020293734,0.7071067690849304,0.901618274224083,0.5589406490325928,32.69817325238855,0.9715175908698557,R1,0.0,16.59119793180271,32.69817325238855,1.0
zero,0.0,0.0,0.0,0.5708669434430923,RELLIS-3D,00003_001944_07,-2.2390591710077317,18.056413257858758,0.0,0.0,0.0,0.550000011920929,0.0,0.4260037765148592,9.439388103584736,3.9051249027252197,1.7018254765881904,0.5500000119209291,40.38814082899222,0.947473463633367,R1,0.0,17.205500519564662,40.38814082899222,1.0
learned,0.0,0.0,0.0,0.5708785808399691,RELLIS-3D,00003_001944_07,-2.2390680591131016,18.056388452915186,0.0,0.0,0.0,0.550000011920929,0.0,0.42600374922734785,9.439398866840166,3.9051249027252197,1.701785643617173,0.550000011920929,40.38813194088685,0.9474732551255277,R1,0.0,17.2054956311066,40.38813194088685,1.0
fixed,0.0,0.0,0.0,0.5710253379571584,RELLIS-3D,00003_001944_07,-2.2391731193056827,18.056061203599064,0.0,0.0,0.0,0.550000011920929,0.0,0.4260034266794978,9.439539640425249,3.9051249027252197,1.7012467111992713,0.550000011920929,40.38802688069427,0.9474707904974832,R1,0.0,17.205437847999427,40.38802688069427,1.0
zero,0.0,0.0,0.0,0.21840236018100562,RELLIS-3D,00003_000381_00,-4.005765390624536,12.972593218103928,0.0,0.0,2.095283869076911,0.5456253290176392,0.0,0.42308851474885256,1.9333256719012357,0.5,0.8551620489128834,0.5417261224047465,29.651034609375454,0.8809819890594311,R1,0.0,12.545012193647485,29.651034609375454,1.0
learned,0.0,0.0,0.0,0.21839994514594302,RELLIS-3D,00003_000381_00,-4.005806759602244,12.972586208254304,0.0,0.0,2.0952718044736467,0.5456253290176392,0.0,0.4230887968707039,1.9333254719712138,0.5,0.855166304306094,0.5417260814264055,29.650993240397746,0.8809807599176913,R1,0.0,12.545003056101256,29.650993240397746,1.0
fixed,0.0,0.0,0.0,0.21837773304554564,RELLIS-3D,00003_000381_00,-4.00633430602301,12.972477269630451,0.0,0.0,2.09516857642287,0.5456253290176392,0.0,0.42309145769655726,1.9333143557961732,0.5,0.8552370355679357,0.5417257857849512,29.65046569397698,0.880965085628372,R1,0.0,12.544858751846483,29.65046569397698,1.0
zero,0.0,0.0,0.0,0.0041125897093636085,RELLIS-3D,00003_000381_01,-1.0427562369351548,18.639598811994166,0.0,0.0,2.8179529661296687,0.5499999523162842,0.0,0.5252936874850098,2.7909177840620756,0.7071067690849304,0.118405372050368,0.5494679827039834,35.37144376306484,0.9713640218119537,R1,0.0,18.58039612596898,35.37144376306484,1.0
learned,0.0,0.0,0.0,0.0041125897093636085,RELLIS-3D,00003_000381_01,-1.0427562369351548,18.639598811994166,0.0,0.0,2.8179529661296687,0.5499999523162842,0.0,0.5252936874850098,2.7909177840620756,0.7071067690849304,0.118405372050368,0.5494679827039834,35.37144376306484,0.9713640218119537,R1,0.0,18.58039612596898,35.37144376306484,1.0
fixed,0.0,0.0,0.0,0.0041125897093636085,RELLIS-3D,00003_000381_01,-1.0427562369351548,18.639598811994166,0.0,0.0,2.8179529661296687,0.5499999523162842,0.0,0.5252936874850098,2.7909177840620756,0.7071067690849304,0.118405372050368,0.5494679827039834,35.37144376306484,0.9713640218119537,R1,0.0,18.58039612596898,35.37144376306484,1.0
zero,0.0,0.0,0.0,0.0015742104967639734,RELLIS-3D,00003_000381_03,-2.6575250308090332,17.251581266820367,0.0,0.0,2.7509715313784446,0.549964964389801,0.0,0.4814279119636771,2.856917896447027,0.5,0.074639795277766,0.5494136905284942,35.75667496919096,0.930819201472137,R1,0.0,17.214261369181482,35.75667496919096,1.0
learned,0.0,0.0,0.0,0.0015742104967639734,RELLIS-3D,00003_000381_03,-2.6575250308090332,17.251581266820367,0.0,0.0,2.7509715313784446,0.549964964389801,0.0,0.4814279119636771,2.856917896447027,0.5,0.074639795277766,0.5494136905284942,35.75667496919096,0.930819201472137,R1,0.0,17.214261369181482,35.75667496919096,1.0
fixed,0.0,0.0,0.0,0.0015742104967639734,RELLIS-3D,00003_000381_03,-2.6575250308090332,17.251581266820367,0.0,0.0,2.7509715313784446,0.549964964389801,0.0,0.4814279119636771,2.856917896447027,0.5,0.074639795277766,0.5494136905284942,35.75667496919096,0.930819201472137,R1,0.0,17.214261369181482,35.75667496919096,1.0
zero,0.0,0.0,0.0,0.5293798720633741,RELLIS-3D,00003_000381_05,-1.6568909127663147,16.554774319095202,0.0,0.0,0.0,0.550000011920929,0.0,0.4692001297536248,6.8808846088471025,1.5,1.526084096570317,0.550000011920929,33.65670908723368,0.9530806569489852,R1,0.0,15.791732270810044,33.65670908723368,1.0
learned,0.0,0.0,0.0,0.5293798720633741,RELLIS-3D,00003_000381_05,-1.6568909127663147,16.554774319095202,0.0,0.0,0.0,0.550000011920929,0.0,0.4692001297536248,6.8808846088471025,1.5,1.526084096570317,0.550000011920929,33.65670908723368,0.9530806569489852,R1,0.0,15.791732270810044,33.65670908723368,1.0
fixed,0.0,0.0,0.0,0.5293798720633741,RELLIS-3D,00003_000381_05,-1.6568909127663147,16.554774319095202,0.0,0.0,0.0,0.550000011920929,0.0,0.4692001297536248,6.8808846088471025,1.5,1.526084096570317,0.550000011920929,33.65670908723368,0.9530806569489852,R1,0.0,15.791732270810044,33.65670908723368,1.0
zero,0.0,0.0,0.0,0.6730260001524475,RELLIS-3D,00003_000381_07,-3.9532573372668978,18.710521216598877,0.0,0.0,0.0,0.550000011920929,0.0,0.46301805123115364,4.973204846333227,1.0,1.6075753029496915,0.5467384492052522,38.673942662733054,0.9072597464232485,R1,0.0,17.906733565124032,38.673942662733054,1.0
learned,0.0,0.0,0.0,0.6730379783832403,RELLIS-3D,00003_000381_07,-3.953231835294595,18.710534722658956,0.0,0.0,0.0,0.550000011920929,0.0,0.46301792712863177,4.973208348700587,1.0,1.607588298396768,0.546738337793218,38.67396816470536,0.907260344679111,R1,0.0,17.90674057346057,38.67396816470536,1.0
fixed,0.0,0.0,0.0,0.6731565882462694,RELLIS-3D,00003_000381_07,-3.95289275922476,18.710724333367793,0.0,0.0,0.0,0.550000011920929,0.0,0.46301661552471285,4.973245096253497,1.0,1.607754973962333,0.5467368752078166,38.67430724077519,0.9072682991323671,R1,0.0,17.906846846386625,38.67430724077519,1.0
zero,0.0,0.0,0.0,0.3808166710130041,RELLIS-3D,00003_000680_00,-1.1237346690664793,13.704031191634654,0.0,0.0,0.0,0.550000011920929,0.0,0.40863750324162224,10.057795613880396,3.9051249027252197,0.8196012040108058,0.5499999708768215,32.53306533093351,0.9666119574924984,R1,0.0,13.294230589629251,32.53306533093351,1.0
learned,0.0,0.0,0.0,0.38080629132621535,RELLIS-3D,00003_000680_00,-1.1237253026171317,13.704037568207921,0.0,0.0,0.0,0.550000011920929,0.0,0.4086375643164726,10.057804163655174,3.9051249027252197,0.819602328287055,0.5499999708890091,32.53307469738286,0.9666122357854243,R1,0.0,13.294236404064394,32.53307469738286,1.0
fixed,0.0,0.0,0.0,0.38066985485842864,RELLIS-3D,00003_000680_00,-1.1235975526378468,13.704125236690047,0.0,0.0,0.0,0.550000011920929,0.0,0.40863836554835037,10.05791271906249,3.9051249027252197,0.8196211250927776,0.5499999710262508,32.53320244736214,0.9666160314516578,R1,0.0,13.294314674143658,32.53320244736214,1.0
zero,0.0,0.0,0.0,0.324400068296273,RELLIS-3D,00003_000680_02,-3.1266325827257937,16.48689114056504,0.0,0.0,0.0,0.550000011920929,0.0,0.5060901415030304,11.82561248313708,8.485280990600586,1.0895290378619786,0.5500000119209291,31.5005674172742,0.9097058791145171,R1,0.0,15.942126621634051,31.5005674172742,1.0
learned,0.0,0.0,0.0,0.32440845202770574,RELLIS-3D,00003_000680_02,-3.1266263542943875,16.486908835428007,0.0,0.0,0.0,0.550000011920929,0.0,0.5060902288462126,11.825615493076763,8.485280990600586,1.0895526205717698,0.550000011920929,31.500573645705607,0.909706058985584,R1,0.0,15.942132525142123,31.500573645705607,1.0
fixed,0.0,0.0,0.0,0.32451328774654953,RELLIS-3D,00003_000680_02,-3.1265384334459903,16.487137921787465,0.0,0.0,0.0,0.550000011920929,0.0,0.5060912423784075,11.825651185716143,8.485280990600586,1.089857947656788,0.550000011920929,31.500661566554005,0.9097085980545354,R1,0.0,15.94220894795907,31.500661566554005,1.0
zero,0.0,0.0,0.0,0.08260425287540364,RELLIS-3D,00003_000680_03,-1.3301586181106089,13.444845730499527,0.0,0.0,0.0,0.5496569275856018,0.0,0.43501479217721706,8.77441888950131,2.5,0.5046162646478486,0.5496333198273459,30.326641381889388,0.9579818990513694,R1,0.0,13.192537598175603,30.326641381889388,1.0
learned,0.0,0.0,0.0,0.08260425287540364,RELLIS-3D,00003_000680_03,-1.3301586181106089,13.444845730499527,0.0,0.0,0.0,0.5496569275856018,0.0,0.43501479217721706,8.77441888950131,2.5,0.5046162646478486,0.5496333198273459,30.326641381889388,0.9579818990513694,R1,0.0,13.192537598175603,30.326641381889388,1.0
fixed,0.0,0.0,0.0,0.08260425287540364,RELLIS-3D,00003_000680_03,-1.3301586181106089,13.444845730499527,0.0,0.0,0.0,0.5496569275856018,0.0,0.43501479217721706,8.77441888950131,2.5,0.5046162646478486,0.5496333198273459,30.326641381889388,0.9579818990513694,R1,0.0,13.192537598175603,30.326641381889388,1.0
zero,0.0,0.0,0.0,0.5060817924783403,RELLIS-3D,00003_000680_04,-3.768697793948654,17.83638964935415,0.0,0.0,0.0,0.550000011920929,0.0,0.433438262327626,13.073427729456467,3.9051249027252197,1.3922319064947257,0.550000011920929,39.54490220605131,0.9129904280884374,R1,0.0,17.140273696106785,39.54490220605131,1.0
learned,0.0,0.0,0.0,0.5060868485384148,RELLIS-3D,00003_000680_04,-3.7686726803872546,17.836427168325887,0.0,0.0,0.0,0.550000011920929,0.0,0.4334381691587012,13.073422330388057,3.9051249027252197,1.3922925427980943,0.550000011920929,39.54492731961271,0.9129910078961976,R1,0.0,17.14028089692684,39.54492731961271,1.0
fixed,0.0,0.0,0.0,0.5061229167237996,RELLIS-3D,00003_000680_04,-3.7684399934849964,17.836844701233765,0.0,0.0,0.0,0.550000011920929,0.0,0.43343724947869966,13.07336848160425,3.9051249027252197,1.3929986356296784,0.550000011920929,39.54516000651497,0.9129963800403338,R1,0.0,17.140345383418925,39.54516000651497,1.0
zero,0.0,0.0,0.0,0.40987259140742993,RELLIS-3D,00003_000680_05,-4.520455823959509,16.926990847172043,0.0,0.0,0.0,0.550000011920929,0.0,0.4401624135306978,11.561504107933537,1.0,1.4640634105262647,0.550000011920929,36.79314417604047,0.8905818949701911,R1,0.0,16.19495914190891,36.79314417604047,1.0
learned,0.0,0.0,0.0,0.4098726543963415,RELLIS-3D,00003_000680_05,-4.520455008856985,16.92700750905303,0.0,0.0,0.0,0.550000011920929,0.0,0.4401628655739544,11.561520475420256,1.0,1.4640627525470837,0.550000011920929,36.793144991142995,0.8905819146998328,R1,0.0,16.194976132779487,36.793144991142995,1.0
fixed,0.0,0.0,0.0,0.40987860951228333,RELLIS-3D,00003_000680_05,-4.520452743004498,16.927186450828472,0.0,0.0,0.0,0.550000011920929,0.0,0.4401676139365784,11.561689240331706,1.0,1.4640692269992108,0.550000011920929,36.79314725699548,0.8905819695450288,R1,0.0,16.195151837328865,36.79314725699548,1.0
zero,0.0,0.0,0.0,0.3743329851713888,RELLIS-3D,00003_000680_07,-2.6521995103973097,18.848580623589278,0.0,0.0,0.0,0.550000011920929,0.0,0.4977862043140153,12.531668210354923,1.5811388492584229,1.1980824580679785,0.5500000119209288,36.661400489602656,0.9325373532213455,R1,0.0,18.24953939455529,36.661400489602656,1.0
learned,0.0,0.0,0.0,0.3743257695096721,RELLIS-3D,00003_000680_07,-2.652212842070071,18.848565562826096,0.0,0.0,0.0,0.550000011920929,0.0,0.49778637510318063,12.531685987598502,1.5811388492584229,1.1980530864517522,0.550000011920929,36.661387157929894,0.9325370141103824,R1,0.0,18.24953901960022,36.661387157929894,1.0
fixed,0.0,0.0,0.0,0.37424489434107694,RELLIS-3D,00003_000680_07,-2.652365898061909,18.84839273483795,0.0,0.0,0.0,0.550000011920929,0.0,0.4977883147302415,12.531881774036497,1.5811388492584229,1.1977175906066941,0.550000011920929,36.66123410193806,0.9325331209031503,R1,0.0,18.249533939534604,36.66123410193806,1.0
zero,0.0,0.0,0.0,0.38994359448353494,RELLIS-3D,00003_000099_00,-1.1844615478394118,17.508351933337597,0.0,0.0,0.0,0.550000011920929,0.0,0.5262916619461623,17.18504381343822,7.433034420013428,0.8368619241434696,0.550000011920929,32.47233845216058,0.9648076600318684,R1,0.0,17.08992097126586,32.47233845216058,1.0
learned,0.0,0.0,0.0,0.38994534735991665,RELLIS-3D,00003_000099_00,-1.1844660105380314,17.508361415123556,0.0,0.0,0.0,0.550000011920929,0.0,0.526291899436334,17.185070783036373,7.433034420013428,0.8368701613571827,0.550000011920929,32.47233398946196,0.9648075274376046,R1,0.0,17.089926334444964,32.47233398946196,1.0
fixed,0.0,0.0,0.0,0.3899502501321917,RELLIS-3D,00003_000099_00,-1.1845379444431998,17.508453529474373,0.0,0.0,0.0,0.550000011920929,0.0,0.5262945672396593,17.185365797060502,7.433034420013428,0.8369568473046084,0.550000011920929,32.47226205555679,0.9648053901605856,R1,0.0,17.08997510582207,32.47226205555679,1.0
zero,0.0,0.0,0.0,0.481552590188736,RELLIS-3D,00003_000099_01,-4.241937580570138,16.390008606616927,0.0,0.0,0.0,0.550000011920929,0.0,0.4510647300268401,13.593633379140654,3.535533905029297,1.450448162299095,0.550000011920929,34.72846241942983,0.8911497551841875,R1,0.0,15.664784525467379,34.72846241942983,1.0
learned,0.0,0.0,0.0,0.4816035335424601,RELLIS-3D,00003_000099_01,-4.241798578355898,16.390124512748105,0.0,0.0,0.0,0.550000011920929,0.0,0.4510643909805504,13.593638993881939,3.535533905029297,1.4505781257758934,0.550000011920929,34.72860142164407,0.8911533220506872,R1,0.0,15.66483544986016,34.72860142164407,1.0
fixed,0.0,0.0,0.0,0.4821782023817839,RELLIS-3D,00003_000099_01,-4.240233047269392,16.391436260797505,0.0,0.0,0.0,0.550000011920929,0.0,0.45106071131470166,13.593707498525038,3.535533905029297,1.4520449020410147,0.550000011920929,34.73016695273058,0.8911934943631732,R1,0.0,15.665413809776998,34.73016695273058,1.0
zero,0.0,0.0,0.0,0.5098775789714117,RELLIS-3D,00003_000099_02,-1.7037899244161636,17.333950760843315,0.0,0.0,0.0,0.550000011920929,0.0,0.530476360870619,16.981081875293377,11.423659324645996,1.4955064623739474,0.550000011920929,31.266610075583834,0.9483236501705723,R1,0.0,16.586197529656342,31.266610075583834,1.0
learned,0.0,0.0,0.0,0.509877728721509,RELLIS-3D,00003_000099_02,-1.7037808399616523,17.333964679721966,0.0,0.0,0.0,0.550000011920929,0.0,0.5304764937256922,16.98109043455481,11.423659324645996,1.4955163540965573,0.550000011920929,31.266619160038346,0.948323925704218,R1,0.0,16.586206502673686,31.266619160038346,1.0
fixed,0.0,0.0,0.0,0.5098703075745982,RELLIS-3D,00003_000099_02,-1.7036533015109931,17.33413250987995,0.0,0.0,0.0,0.550000011920929,0.0,0.5304780500984919,16.981196787438115,11.423659324645996,1.4956193766840895,0.550000011920929,31.266746698489005,0.9483277939754752,R1,0.0,16.586322821537905,31.266746698489005,1.0
zero,0.0,0.0,0.0,0.21253468416914065,RELLIS-3D,00003_000099_03,-2.62600067139833,16.236757900951236,0.0,0.0,0.0,0.550000011920929,0.0,0.5146470518552204,13.33477509879129,3.9051249027252197,0.8869507559442993,0.550000011920929,30.687599328601664,0.9211733144602106,R1,0.0,15.793282522979087,30.687599328601664,1.0
learned,0.0,0.0,0.0,0.2125393113861865,RELLIS-3D,00003_000099_03,-2.6259887771508126,16.236765842547342,0.0,0.0,0.0,0.550000011920929,0.0,0.5146470628645531,13.334784754961936,3.9051249027252197,0.8869537207574292,0.550000011920929,30.68761122284918,0.921173671499003,R1,0.0,15.793288982168626,30.68761122284918,1.0
fixed,0.0,0.0,0.0,0.2125845722562721,RELLIS-3D,00003_000099_03,-2.625865468924541,16.236843415567613,0.0,0.0,0.0,0.550000011920929,0.0,0.5146471860698074,13.3348830483759,3.9051249027252197,0.8869743845847414,0.550000011920929,30.687734531075453,0.9211773729370425,R1,0.0,15.793356223275241,30.687734531075453,1.0
zero,0.0,0.0,0.0,0.059387497368909435,RELLIS-3D,00003_000099_04,-1.6623925822706695,11.209215409406077,0.0,0.0,0.0,0.5499834418296814,0.0,0.36677464949371097,11.683418133052651,2.5,0.4160542839936777,0.5491915796566461,29.994407417729327,0.9474870302029684,R1,0.0,11.001188267409239,29.994407417729327,1.0
learned,0.0,0.0,0.0,0.059361602901474936,RELLIS-3D,00003_000099_04,-1.6624606987629598,11.209113801241212,0.0,0.0,0.0,0.5499834418296814,0.0,0.36677483219063006,11.683422158157489,2.5,0.4158900747223538,0.5491915966171507,29.994339301237037,0.9474848784854135,R1,0.0,11.001168763880035,29.994339301237037,1.0
fixed,0.0,0.0,0.0,0.05908116462697943,RELLIS-3D,00003_000099_04,-1.6631647111369716,11.208022115811838,0.0,0.0,0.0,0.5499834418296814,0.0,0.3667768861553198,11.683476769917736,2.5,0.414099920168685,0.5491917707876229,29.993635288863025,0.9474626395865352,R1,0.0,11.000972155727496,29.993635288863025,1.0
zero,0.0,0.0,0.0,0.22732920491669864,RELLIS-3D,00003_000099_05,-3.4980377955337296,15.155506220054049,0.0,0.0,0.0,0.550000011920929,0.0,0.5301972487047917,13.666739828497091,7.905694007873535,0.815543336138085,0.550000011920929,27.815562204466268,0.8882901424450166,R1,0.0,14.747734551985006,27.815562204466268,1.0
learned,0.0,0.0,0.0,0.2273288491990516,RELLIS-3D,00003_000099_05,-3.498044370701784,15.155503835468712,0.0,0.0,0.0,0.550000011920929,0.0,0.5301972450184269,13.66673971671948,7.905694007873535,0.8155457443160045,0.550000011920929,27.815555629298213,0.8882899324669861,R1,0.0,14.74773096331071,27.815555629298213,1.0
fixed,0.0,0.0,0.0,0.22732851937521031,RELLIS-3D,00003_000099_05,-3.4981185095120715,15.155482646768851,0.0,0.0,0.0,0.550000011920929,0.0,0.530197174799572,13.666730062220372,7.905694007873535,0.8155858896447342,0.550000011920929,27.815481490487926,0.8882875648436439,R1,0.0,14.747689701946484,27.815481490487926,1.0
zero,0.0,0.0,0.0,0.39756181259322537,RELLIS-3D,00003_000099_07,-3.756681332484682,15.89220211060793,0.0,0.0,0.0,0.550000011920929,0.0,0.4554125289610966,13.820093822425747,2.692582368850708,1.219921832185916,0.550000011920929,33.5569186675153,0.8993213913295773,R1,0.0,15.282241194514972,33.5569186675153,1.0
learned,0.0,0.0,0.0,0.39760017773821543,RELLIS-3D,00003_000099_07,-3.7566085555108444,15.892344714420814,0.0,0.0,0.0,0.550000011920929,0.0,0.45541273182558856,13.820105302958945,2.692582368850708,1.2201271376762248,0.550000011920929,33.556991444489135,0.8993233417437383,R1,0.0,15.2822811455827,33.556991444489135,1.0
fixed,0.0,0.0,0.0,0.39800882129144266,RELLIS-3D,00003_000099_07,-3.755853512937101,15.89382879956823,0.0,0.0,0.0,0.550000011920929,0.0,0.4554148607464236,13.8202205466562,2.692582368850708,1.2222647123974049,0.550000011920929,33.55774648706288,0.8993435767940616,R1,0.0,15.282696443369527,33.55774648706288,1.0
zero,0.0,2.9577590942796332,1.0,0.5325966615402365,RELLIS-3D,00003_001038_00,-2.2925806984543513,693.5685029691413,5.9155181885592665,1.0,5.9155181885592665,0.5643112063407898,0.5,0.48563880364448203,1.9232511392462321,0.0,1.4723455746239984,0.5630171388826269,35.991419301545626,0.9401164795096032,R1,0.0,17.478829811069538,35.991419301545626,1.0
learned,0.0,2.9577835084572346,1.0,0.5326419398918617,RELLIS-3D,00003_001038_00,-2.292510160647332,693.5712519185518,5.915567016914469,1.0,5.915567016914469,0.5643112063407898,0.5,0.4856389202795532,1.9232465502416942,0.0,1.472395446840277,0.5630170551297584,35.991489839352646,0.9401183219975099,R1,0.0,17.47886826483573,35.991489839352646,1.0
fixed,0.0,2.9580448580678436,1.0,0.5331272709220475,RELLIS-3D,00003_001038_00,-2.2918037876837616,693.6006544961404,5.916089716135687,1.0,5.916089716135687,0.5643112063407898,0.5,0.4856390452127551,1.9231782131490383,0.0,1.4730086100364566,0.5630159653829024,35.992196212316216,0.9401367728637613,R1,0.0,17.479215803659386,35.992196212316216,1.0
zero,0.03956631218158012,0.0,0.0,18.93054916757558,RELLIS-3D,00003_001038_01,-1.8445304939290637,16.633525665147324,0.0,0.0,2.0485877378507653,0.545991063117981,0.0,0.4082628714985708,2.065365800948025,0.5,6.615104409925941,0.545991063117981,32.64066950607093,0.9465124025979532,R1,1.0,13.325973460184354,32.64066950607093,1.0
learned,0.03956631218158012,0.0,0.0,18.93054916757558,RELLIS-3D,00003_001038_01,-1.8445304939290637,16.633525665147324,0.0,0.0,2.0485877378507653,0.545991063117981,0.0,0.4082628714985708,2.065365800948025,0.5,6.615104409925941,0.545991063117981,32.64066950607093,0.9465124025979532,R1,1.0,13.325973460184354,32.64066950607093,1.0
fixed,0.03956631218158012,0.0,0.0,18.93054916757558,RELLIS-3D,00003_001038_01,-1.8445304939290637,16.633525665147324,0.0,0.0,2.0485877378507653,0.545991063117981,0.0,0.4082628714985708,2.065365800948025,0.5,6.615104409925941,0.545991063117981,32.64066950607093,0.9465124025979532,R1,1.0,13.325973460184354,32.64066950607093,1.0
zero,0.0,0.0,0.0,0.17233223002572895,RELLIS-3D,00003_001038_02,-0.6829825151766826,13.703170052471553,0.0,0.0,0.0,0.5498427748680115,0.0,0.41273629298506237,2.063159706957777,1.1180340051651,0.87117920665674,0.5496193439367311,32.14541748482331,0.979195376101891,R1,0.0,13.267580449143182,32.14541748482331,1.0
learned,0.0,0.0,0.0,0.17233223002572895,RELLIS-3D,00003_001038_02,-0.6829825151766826,13.703170052471553,0.0,0.0,0.0,0.5498427748680115,0.0,0.41273629298506237,2.063159706957777,1.1180340051651,0.87117920665674,0.5496193439367311,32.14541748482331,0.979195376101891,R1,0.0,13.267580449143182,32.14541748482331,1.0
fixed,0.0,0.0,0.0,0.17233223002572895,RELLIS-3D,00003_001038_02,-0.6829825151766826,13.703170052471553,0.0,0.0,0.0,0.5498427748680115,0.0,0.41273629298506237,2.063159706957777,1.1180340051651,0.87117920665674,0.5496193439367311,32.14541748482331,0.979195376101891,R1,0.0,13.267580449143182,32.14541748482331,1.0
zero,0.0,0.0,0.0,0.5083443102110493,RELLIS-3D,00003_001038_03,-1.8241307450267428,20.062366775885025,0.0,0.0,2.713192919457027,0.550000011920929,0.0,0.49017777855203815,7.412237823409273,0.5,1.4110129205664852,0.550000011920929,39.48946925497322,0.9558467249277055,R1,0.0,19.356860315601782,39.48946925497322,1.0
learned,0.0,0.0,0.0,0.5083443102110493,RELLIS-3D,00003_001038_03,-1.8241307450267428,20.062366775885025,0.0,0.0,2.713192919457027,0.550000011920929,0.0,0.49017777855203815,7.412237823409273,0.5,1.4110129205664852,0.550000011920929,39.48946925497322,0.9558467249277055,R1,0.0,19.356860315601782,39.48946925497322,1.0
fixed,0.0,0.0,0.0,0.5083443102110493,RELLIS-3D,00003_001038_03,-1.8241307450267428,20.062366775885025,0.0,0.0,2.713192919457027,0.550000011920929,0.0,0.49017777855203815,7.412237823409273,0.5,1.4110129205664852,0.550000011920929,39.48946925497322,0.9558467249277055,R1,0.0,19.356860315601782,39.48946925497322,1.0
zero,0.0,0.0,0.0,0.44950846678354117,RELLIS-3D,00003_001038_04,-0.9448207783063118,16.166782060933052,0.0,0.0,0.0,0.550583004951477,0.0,0.5111188786461126,3.5033215036056164,1.5,1.2894513585792189,0.550583004951477,30.36877922169369,0.9698271428929822,R1,0.0,15.522056381643441,30.36877922169369,1.0
learned,0.0,0.0,0.0,0.4495357464702205,RELLIS-3D,00003_001038_04,-0.9448191360201896,16.166749263281762,0.0,0.0,0.0,0.550583004951477,0.0,0.5111174360093952,3.5033325109062305,1.5,1.289471706706428,0.550583004951477,30.36878086397981,0.9698271953393992,R1,0.0,15.522013409928547,30.36878086397981,1.0
fixed,0.0,0.0,0.0,0.44983202343455103,RELLIS-3D,00003_001038_04,-0.9448059954422767,16.166378567100043,0.0,0.0,0.0,0.550583004951477,0.0,0.5111016787985074,3.503454087921748,1.5,1.28967393656909,0.550583004951477,30.368794004557724,0.9698276149838321,R1,0.0,15.5215415988155,30.368794004557724,1.0
zero,0.0,0.0,0.0,0.23131380708207339,RELLIS-3D,00003_001038_05,-2.003237562355764,15.680094082522643,0.0,0.0,0.0,0.5498427748680115,0.0,0.41503640724561813,1.8443656148799727,1.0,1.0775029262663793,0.5495436957643809,36.48196243764423,0.9479478458639746,R1,0.0,15.141342619389453,36.48196243764423,1.0
learned,0.0,0.0,0.0,0.23128660441954982,RELLIS-3D,00003_001038_05,-2.003218028708403,15.680080581576515,0.0,0.0,0.0,0.5498427748680115,0.0,0.41503641201425456,1.8443692389672401,1.0,1.0774593620858635,0.5495436926668391,36.48198197129159,0.9479483534265535,R1,0.0,15.141350900533583,36.48198197129159,1.0
fixed,0.0,0.0,0.0,0.2310160351002586,RELLIS-3D,00003_001038_05,-2.002802455225094,15.680025459257553,0.0,0.0,0.0,0.5498427748680115,0.0,0.41503683965764465,1.8444224912058975,1.0,1.0769729582807317,0.5495436616781665,36.4823975447749,0.9479591516940253,R1,0.0,15.141538980117188,36.4823975447749,1.0
zero,0.0,0.0,0.0,0.7058178316205488,RELLIS-3D,00003_001038_06,-2.221246901039372,24.163331748866163,0.0,0.0,2.8715033303233954,0.5598860383033752,0.0,0.5068845089990037,5.6394957971756385,0.7071067690849304,1.9775970492913049,0.5562091184752765,45.719553098960574,0.9536668787120913,R1,0.0,23.17453322422051,45.719553098960574,1.0
learned,0.0,0.0,0.0,0.7058178316205488,RELLIS-3D,00003_001038_06,-2.221246901039372,24.163331748866163,0.0,0.0,2.8715033303233954,0.5598860383033752,0.0,0.5068845089990037,5.6394957971756385,0.7071067690849304,1.9775970492913049,0.5562091184752765,45.719553098960574,0.9536668787120913,R1,0.0,23.17453322422051,45.719553098960574,1.0
fixed,0.0,0.0,0.0,0.7058178316205488,RELLIS-3D,00003_001038_06,-2.221246901039372,24.163331748866163,0.0,0.0,2.8715033303233954,0.5598860383033752,0.0,0.5068845089990037,5.6394957971756385,0.7071067690849304,1.9775970492913049,0.5562091184752765,45.719553098960574,0.9536668787120913,R1,0.0,23.17453322422051,45.719553098960574,1.0
zero,0.0,0.0,0.0,0.6467598836481948,RELLIS-3D,00003_001038_07,-2.5093274567487356,21.677261036410236,0.0,0.0,0.0,0.550000011920929,0.0,0.4862091134069221,4.727153340812753,1.1180340051651,2.0646012016981246,0.550000011920929,42.46107254325121,0.9442004639329706,R1,0.0,20.644960435561174,42.46107254325121,1.0
learned,0.0,0.0,0.0,0.6467628493804927,RELLIS-3D,00003_001038_07,-2.5093239801768448,21.677268032711638,0.0,0.0,0.0,0.550000011920929,0.0,0.4862091453227838,4.727152449475194,1.1180340051651,2.06460910325539,0.550000011920929,42.4610760198231,0.9442005412409752,R1,0.0,20.64496348108394,42.4610760198231,1.0
fixed,0.0,0.0,0.0,0.6467952488705887,RELLIS-3D,00003_001038_07,-2.5092812057019174,21.67734211081551,0.0,0.0,0.0,0.550000011920929,0.0,0.48620947149782456,4.727142025433786,1.1180340051651,2.0646879652670327,0.550000011920929,42.46111879429803,0.9442014924105206,R1,0.0,20.644998128181992,42.46111879429803,1.0
zero,0.0,1.2858606998395463,1.0,0.3477432998706901,RELLIS-3D,00003_001808_01,-2.081481141278715,505.78219028526377,2.5717213996790926,1.0,2.5717213996790926,0.5490779876708984,0.5,0.41938285052957164,4.506306243832841,0.0,1.0889295222146727,0.5490779876708984,32.88891885872128,0.9404787722966076,R1,0.0,13.793048541806318,32.88891885872128,1.0
learned,0.0,1.2858606998395463,1.0,0.3477416063729258,RELLIS-3D,00003_001808_01,-2.0814970982282333,505.78217774890294,2.5717213996790926,1.0,2.5717213996790926,0.5490779876708984,0.5,0.4193826121265005,4.506289206167005,0.0,1.0889335152659028,0.5490779876708984,32.888902901771765,0.9404783159978658,R1,0.0,13.793034008919886,32.888902901771765,1.0
fixed,0.0,1.2858606998395463,1.0,0.3477058391603443,RELLIS-3D,00003_001808_01,-2.0817394996026835,505.7819766478144,2.5717213996790926,1.0,2.5717213996790926,0.5490779876708984,0.5,0.4193793325107095,4.506067703906512,0.0,1.0889503552726318,0.5490779876708984,32.888660500397314,0.9404713843821436,R1,0.0,13.792824487827964,32.888660500397314,1.0
zero,0.0,0.0,0.0,2.510523370944141e-07,RELLIS-3D,00003_001808_02,-0.3302419678489166,12.266973315788274,0.0,0.0,0.0,0.5496543049812317,0.0,0.41343477226050546,3.803932220378726,1.5,0.0009273214831739705,0.5496393984338507,29.669758032151083,0.9889919344050361,R1,0.0,12.266509655046686,29.669758032151083,1.0
learned,0.0,0.0,0.0,2.430545631793328e-07,RELLIS-3D,00003_001808_02,-0.33023816045119503,12.266978408949548,0.0,0.0,0.0,0.5496543049812317,0.0,0.41343477461504174,3.8039376427664635,1.5,0.0009342198674432567,0.549639401172976,29.669761839548805,0.9889920613182935,R1,0.0,12.266511299015827,29.669761839548805,1.0
fixed,0.0,0.0,0.0,2.0430430787066504e-07,RELLIS-3D,00003_001808_02,-0.330165707109483,12.686530711526355,0.0,0.0,0.0,0.5496543049812317,0.0,0.4275734692141907,3.6282853756914215,1.0,0.0009934638099823438,0.5496394258371856,29.669834292890517,0.9889944764296839,R1,0.0,12.686033979621364,29.669834292890517,1.0
zero,0.0,1.6464987705547152,1.0,0.3323826820735498,RELLIS-3D,00003_001808_03,-2.359087988923193,547.9781074201444,3.2929975411094303,1.0,3.2929975411094303,0.5490700602531433,0.5,0.4741721408687932,5.550023046942092,0.0,1.2285172466034218,0.5479000533275631,34.2681120110768,0.935591910139918,R1,0.0,16.248984035823895,34.2681120110768,1.0
learned,0.0,1.646535080319309,1.0,0.33238098245224323,RELLIS-3D,00003_001808_03,-2.3590889498403556,547.9821083644399,3.293070160638618,1.0,3.293070160638618,0.5490700602531433,0.5,0.47417242967085443,5.549996876700606,0.0,1.2285121048623373,0.5479000520531526,34.26811105015964,0.9355918839048478,R1,0.0,16.248993476884852,34.26811105015964,1.0
fixed,0.0,1.6468976956677994,1.0,0.33235789803662774,RELLIS-3D,00003_001808_03,-2.359114631385623,548.0220464248754,3.293795391335599,1.0,3.293795391335599,0.5490700602531433,0.5,0.47417535499992636,5.549729993411386,0.0,1.2284367131738918,0.5478999849762519,34.26808536861437,0.9355911827443643,R1,0.0,16.249081544830503,34.26808536861437,1.0
zero,0.0,0.0,0.0,0.08271812636811383,RELLIS-3D,00003_001808_04,-1.3273222813795051,12.895063699342547,0.0,0.0,10.122256441444211,0.552677571773529,0.0,0.4168345378768522,3.2983771209268564,0.5,0.5053797409101757,0.552677571773529,30.329477718620492,0.958071495496086,R1,0.0,12.64237382888746,30.329477718620492,1.0
learned,0.0,0.0,0.0,0.08271812636811383,RELLIS-3D,00003_001808_04,-1.3273222813795051,12.895063699342547,0.0,0.0,10.122256441444211,0.552677571773529,0.0,0.4168345378768522,3.2983771209268564,0.5,0.5053797409101757,0.552677571773529,30.329477718620492,0.958071495496086,R1,0.0,12.64237382888746,30.329477718620492,1.0
fixed,0.0,0.0,0.0,0.08271812636811383,RELLIS-3D,00003_001808_04,-1.3273222813795051,12.895063699342547,0.0,0.0,10.122256441444211,0.552677571773529,0.0,0.4168345378768522,3.2983771209268564,0.5,0.5053797409101757,0.552677571773529,30.329477718620492,0.958071495496086,R1,0.0,12.64237382888746,30.329477718620492,1.0
zero,0.0,0.0,0.0,0.38584724067900195,RELLIS-3D,00003_001808_05,-3.7013182958597213,15.838511671598123,0.0,0.0,0.0,0.550000011920929,0.0,0.453423635535771,3.812569452353558,2.0615527629852295,1.1958174053087367,0.550000011920929,33.61228170414026,0.9008051140640484,R1,0.0,15.240602968943755,33.61228170414026,1.0
learned,0.0,0.0,0.0,0.38586343443063104,RELLIS-3D,00003_001808_05,-3.7012852361889657,15.838563811582537,0.0,0.0,0.0,0.550000011920929,0.0,0.4534235780005558,3.812564693663204,2.0615527629852295,1.1958955729888778,0.550000011920929,33.612314763811014,0.9008060000592554,R1,0.0,15.240616025088098,33.612314763811014,1.0
fixed,0.0,0.0,0.0,0.38602995323029343,RELLIS-3D,00003_001808_05,-3.7009675098010106,15.839085843749423,0.0,0.0,0.0,0.550000011920929,0.0,0.453422951722911,3.8125160551430755,2.0615527629852295,1.1966936097319707,0.550000011920929,33.61263249019897,0.9008145150883052,R1,0.0,15.240739038883438,33.61263249019897,1.0
zero,0.0,0.0,0.0,0.7787928009508199,RELLIS-3D,00003_001808_07,-1.165139680790297,20.628795580770053,0.0,0.0,0.0,0.550000011920929,0.0,0.4173502453271969,5.169262044333162,1.0,2.2139245424125527,0.550000011920929,46.77566031920965,0.9756962820647487,R1,0.0,19.521833309563775,46.77566031920965,1.0
learned,0.0,0.0,0.0,0.7787004465121435,RELLIS-3D,00003_001808_07,-1.1653098164352116,20.62867867419744,0.0,0.0,0.0,0.550000011920929,0.0,0.4173501179980702,5.1692613260390905,1.0,2.2138446533382465,0.550000011920929,46.775490183564735,0.9756927331952071,R1,0.0,19.521756347528317,46.775490183564735,1.0
fixed,0.0,0.0,0.0,0.7777386760460072,RELLIS-3D,00003_001808_07,-1.1671545245718633,20.62740273441062,0.0,0.0,0.0,0.550000011920929,0.0,0.41734885584209486,5.169251870843397,1.0,2.212950623353861,0.550000011920929,46.77364547542808,0.9756542543184122,R1,0.0,19.52092742273369,46.77364547542808,1.0
zero,0.0,0.0,0.0,0.22610046560055244,RELLIS-3D,00003_000108_00,-1.7759513319499902,16.708814133211902,0.0,0.0,0.0,0.550000011920929,0.0,0.4827339946064751,9.924423753277534,4.031128883361816,1.0381020439511994,0.550000011920929,33.53764866805,0.9497091394830889,R1,0.0,16.189763111236303,33.53764866805,1.0
learned,0.0,0.0,0.0,0.22609537016751724,RELLIS-3D,00003_000108_00,-1.7759456882832794,16.70880328740154,0.0,0.0,0.0,0.550000011920929,0.0,0.48273377748543345,9.924437900689725,4.031128883361816,1.0380894670118033,0.550000011920929,33.53765431171671,0.9497092992987608,R1,0.0,16.18975855389564,33.53765431171671,1.0
fixed,0.0,0.0,0.0,0.22604500564440014,RELLIS-3D,00003_000108_00,-1.775891752267583,16.70870053904642,0.0,0.0,0.0,0.550000011920929,0.0,0.48273151991190016,9.92458381997273,4.031128883361816,1.0379833245133692,0.550000011920929,33.537708247732404,0.9497108266427783,R1,0.0,16.189708876789734,33.537708247732404,1.0
zero,0.0,0.0,0.0,0.35888974982748917,DFC2018,0000,-11.575427751432585,8.098432690258193,0.0,0.0,0.0,0.25,0.0,0.025867152428785522,36.9861915861191,13.086252212524414,3.005772752535202,0.226030965676573,254.9776722485667,0.9565736517360608,soft-dominant-test,0.0,6.595546313990591,0.0,1.0
learned,0.0,0.0,0.0,0.35889767861486516,DFC2018,0000,-11.57544780852811,8.098764400553812,0.0,0.0,0.0,0.25,0.0,0.025867159651677123,36.98619037190967,13.086252212524414,3.0064335274144502,0.22603082938280833,254.97765219147118,0.9565735764899072,soft-dominant-test,0.0,6.595547636846586,0.0,1.0
fixed,0.0,0.0,0.0,0.3588982957297403,DFC2018,0000,-11.575436149443476,8.098628856553574,0.0,0.0,0.0,0.25,0.0,0.02586715502050842,36.98618964115369,13.086252212524414,3.0061641979283227,0.2260309149081611,254.9776638505558,0.9565736202301024,soft-dominant-test,0.0,6.595546757589413,0.0,1.0
zero,0.0,8.239576682503648,1.0,0.8076114733956912,DFC2018,0007,-583.4012356412529,3178.001521625302,16.479153365007296,20.0,25.026704338893566,0.7690701484680176,0.5,0.06733623162626899,12.270342850073808,0.0,6.273882782302362,0.525351073525734,274.90616435874585,0.32028870350965893,soft-dominant-test,1.0,18.511145158749684,23.416131040776026,1.0
learned,0.0,8.699500960496463,1.0,0.8075368739766919,DFC2018,0007,-583.401249607937,3328.7549596405843,17.399001920992927,21.0,25.024140594154805,0.7690701484680176,0.5,0.06792005054169029,12.268670957932196,0.0,6.2764287142459025,0.5312063262761622,274.9061503920618,0.3202886872373024,soft-dominant-test,1.0,18.67163962885035,23.41312964311845,1.0
fixed,0.0,8.698451249470068,1.0,0.8076495668735569,DFC2018,0007,-583.4010977106097,3328.69262349929,17.396902498940136,21.0,25.020719846723537,0.7690701484680176,0.5,0.06810684201756645,12.268796307241537,0.0,6.279971915852017,0.5323696584864871,274.90630228938903,0.32028886421040925,soft-dominant-test,1.0,18.723000099656783,23.40973413039712,1.0
zero,0.0,0.0,0.0,0.9632367270217846,DFC2018,0016,-12.979625872248562,12.374095245117651,0.0,0.0,2.9384619479941327,0.323424756526947,0.0,0.05111641754623632,9.448114209301256,0.5,6.649996125076298,0.252961599075903,177.02917412775116,0.9316893434817304,soft-dominant-test,0.0,9.049097182579503,1.1482694236872035,1.0
learned,0.0,0.0,0.0,0.9628204606344689,DFC2018,0016,-12.97830213237566,12.11617470674389,0.0,0.0,2.937910489316405,0.323424756526947,0.0,0.049645926831004765,9.408534562565164,0.5,6.65466312550296,0.25014389323376385,177.03049786762406,0.9316963102110235,soft-dominant-test,0.0,8.788843143992409,1.147966309411683,1.0
fixed,0.0,0.0,0.0,0.9622992182400764,DFC2018,0016,-12.97658238911822,12.114770671781494,0.0,0.0,2.93815350175577,0.323424756526947,0.0,0.049646352732064775,9.408457445882947,0.5,6.651533502664044,0.2501427760934995,177.0322176108815,0.931705361072128,soft-dominant-test,0.0,8.789003920449472,1.1478223881698348,1.0
zero,0.0,0.0,0.0,0.16697214341386177,DFC2018,0029,-12.80213553862518,11.108860477591488,0.0,0.0,0.0,0.24999919533729553,0.0,0.03626497926922679,24.050543571919327,1.1180340051651,1.5012308243226538,0.23545759900053836,285.626664461375,0.9571015413437806,soft-dominant-test,0.0,10.358245065430161,0.0,1.0
learned,0.0,0.0,0.0,0.167376176091107,DFC2018,0029,-12.800883657433019,10.944474986364478,0.0,0.0,0.0,0.24999919533729553,0.0,0.035665430766401454,24.05728887849742,1.1180340051651,1.5148646221942847,0.2322441693184782,285.6279163425672,0.9571057362512163,soft-dominant-test,0.0,10.187042675267335,0.0,1.0
fixed,0.0,0.0,0.0,0.1672849011957036,DFC2018,0029,-12.801142398486263,10.943069229811897,0.0,0.0,0.0,0.24999919533729553,0.0,0.03566479920984985,24.056879224223326,1.1180340051651,1.5124323453483202,0.23224202717164733,285.62765760151393,0.9571048692402132,soft-dominant-test,0.0,10.186853057137737,0.0,1.0
zero,0.0,0.0,0.0,1.2506558776930685,DFC2018,0030,-18.844218646934223,19.90691466032306,0.0,0.0,1.5738961941516698,0.2873270511627197,0.0,0.06803997029715848,11.040495450087255,0.5,8.643619217472747,0.2543085737859684,229.0580813530655,0.9239853012782284,soft-dominant-test,0.0,15.585105051586687,5.219530615515481,1.0
learned,0.0,0.0,0.0,1.249546983306214,DFC2018,0030,-18.84596847316493,19.607095042054688,0.0,0.0,1.573653651924027,0.2873270511627197,0.0,0.06671426897547433,11.133440840188346,0.5,8.651538660076021,0.25430943687710045,229.05633152683478,0.9239782427465781,soft-dominant-test,0.0,15.281325712016676,5.221131190098031,1.0
fixed,0.0,0.0,0.0,1.2496046837105754,DFC2018,0030,-18.842997810438618,19.604757248638347,0.0,0.0,1.5732183987894826,0.2873270511627197,0.0,0.06671414077184354,11.133330797419863,0.5,8.64652543452744,0.2543084703511014,229.0593021895611,0.9239902259461141,soft-dominant-test,0.0,15.281494531374626,5.220209177783215,1.0
zero,0.09887681951428477,0.0,0.0,0.6070544067022872,DFC2018,0036,-8.209817980428909,8.124379412727183,0.0,0.0,2.790897548137031,0.2873270511627197,0.0,0.0432011366238541,9.603917539884119,0.5,4.494966656161063,0.18311678889127017,136.03568201957083,0.9430844083147902,soft-dominant-test,0.0,5.876896084646652,2.790897548137031,1.0
learned,0.09887632842442687,0.0,0.0,0.606795608112164,DFC2018,0036,-8.209142330909799,8.126276156721334,0.0,0.0,2.7906201493377814,0.2873270511627197,0.0,0.04320047249140094,9.603705331133668,0.5,4.498882458814869,0.18311320928113178,136.03635766908994,0.9430890923397277,soft-dominant-test,0.0,5.876834927313899,2.7906201493377814,1.0
fixed,0.09887335238668792,0.0,0.0,0.6068254736109057,DFC2018,0036,-8.205047705568177,8.129638280583418,0.0,0.0,2.7903038346834435,0.2873270511627197,0.0,0.04319950854915923,9.603545011981705,0.5,4.505515197317266,0.18310796577447375,136.04045229443156,0.9431174788428881,soft-dominant-test,0.0,5.876880681924785,2.7903038346834435,1.0
zero,0.0,0.0,0.0,1.564978013198977,DFC2018,0046,-13.706484250664118,12.622028120203472,0.0,0.0,1.0078610701463848,0.24999749660491943,0.0,0.025669944751955658,7.575766919391389,0.7071067690849304,10.697221182208386,0.169234623666227,283.34371574933584,0.9538580204602989,soft-dominant-test,1.0,7.273417529099279,0.0,1.0
learned,0.0,0.0,0.0,1.5651274741499923,DFC2018,0046,-13.705004515120265,12.584460117811158,0.0,0.0,1.0079334359106606,0.24999749660491943,0.0,0.025533845684872193,7.576901390902816,0.7071067690849304,10.69913524150059,0.1682488911057317,283.3451954848797,0.9538630018928778,soft-dominant-test,1.0,7.234892497060863,0.0,1.0
fixed,0.0,0.0,0.0,1.5654086482750478,DFC2018,0046,-13.704566085008821,12.56463976651857,0.0,0.0,1.0080570046333437,0.24999749660491943,0.0,0.025461676859728614,7.577509754871738,0.7071067690849304,10.70036959232021,0.1680516587325964,283.34563391499114,0.9538644778390696,soft-dominant-test,1.0,7.214454970358465,0.0,1.0
zero,0.0,0.0,0.0,0.7078656384696472,DFC2018,0051,-17.32859419536473,10.629001816586829,0.0,0.0,1.5159554749636537,0.1853870004415512,0.0,0.03003224708653672,37.37368658344536,0.7071067690849304,6.148245201286418,0.11695159005448118,251.55890580463515,0.935554482096175,soft-dominant-test,0.0,7.554879215943619,0.0,1.0
learned,0.0,0.0,0.0,0.7081800332580894,DFC2018,0051,-17.32855531889078,10.612703695864946,0.0,0.0,1.5160085969250936,0.1853870004415512,0.0,0.0299628456412548,37.377391164616625,0.7071067690849304,6.1505637334158365,0.11692677911973799,251.5589446811091,0.9355546266788498,soft-dominant-test,0.0,7.537421829157028,0.0,1.0
fixed,0.0,0.0,0.0,0.7094916990079705,DFC2018,0051,-17.325025704891488,10.65489973870026,0.0,0.0,1.5159884444902432,0.1853870004415512,0.0,0.03012037761924004,37.37411232198588,0.7071067690849304,6.1554860362024595,0.11724454763607212,251.5624742951084,0.9355677534102869,soft-dominant-test,0.0,7.577156720599031,0.0,1.0
zero,0.0,0.0,0.0,1.0980371387070178,DFC2018,0064,-44.33816280088985,21.960205752424336,0.0,0.0,7.05785259904164,0.29999157786369324,0.0,0.06179959196876764,6.638654415707172,0.5,7.87967590566074,0.2524764408766867,291.59363719911164,0.8680143922043413,soft-dominant-test,0.0,18.020367799593966,13.667620103672538,1.0
learned,0.0,0.0,0.0,1.099317071828123,DFC2018,0064,-44.334044065092485,21.932440946428866,0.0,0.0,7.0577302764304815,0.29999157786369324,0.0,0.06168457174048256,6.639440448474681,0.5,7.890716502196499,0.25132283567843405,291.597755934909,0.8680266528352115,soft-dominant-test,0.0,17.987082695330617,12.749298049548258,1.0
fixed,0.0,0.0,0.0,1.1014843875379936,DFC2018,0064,-44.32691811665228,21.935261979445357,0.0,0.0,7.0575295538023415,0.29999157786369324,0.0,0.0616830009801131,6.639349209974779,0.5,7.8963955288579335,0.25131686138358433,291.6048818833492,0.8680478653207225,soft-dominant-test,0.0,17.987064215016392,12.748401581738014,1.0
zero,0.0,0.0,0.0,1.7783870651679128,DFC2018,0068,-30.713624549624512,19.55767037180643,0.0,0.0,7.381997892374521,0.3122517466545105,0.0,0.04607616249326523,9.494248992120896,0.5,11.202800022495143,0.2080806047937174,302.89567545037613,0.9079353466776122,soft-dominant-test,0.0,13.95627036055886,3.9928424295574763,1.0
learned,0.0,0.0,0.0,1.7794651388362313,DFC2018,0068,-30.709395024054913,19.554534312204314,0.0,0.0,7.382329974675459,0.3122517466545105,0.0,0.04605850252171995,9.492968659978168,0.5,11.206836550081968,0.20808221772438382,302.89990497594573,0.9079480247581382,soft-dominant-test,0.0,13.951116037163331,3.9933401684839,1.0
fixed,0.0,0.0,0.0,1.7817733472223627,DFC2018,0068,-30.70151266436892,19.557487778207328,0.0,0.0,7.382305845149178,0.3122517466545105,0.0,0.04605818606277915,9.49275052258434,0.5,11.212209098476128,0.2080823254811942,302.9077873356317,0.9079716522759741,soft-dominant-test,0.0,13.951383228969265,3.994032170997781,1.0
zero,0.0,0.0,0.0,0.49975002186989725,DFC2018,0087,-9.54275608456237,13.01207699971209,0.0,0.0,0.0,0.24864976108074188,0.0,0.035543440588655065,64.1592761202067,12.020814895629883,3.8825920409297163,0.16368837593073024,311.4718439154385,0.9702731399613527,soft-dominant-test,1.0,11.070780979247232,0.0,1.0
learned,0.0,0.0,0.0,0.49976733107769006,DFC2018,0087,-9.544724807159866,13.064598904635071,0.0,0.0,0.0,0.24864976108074188,0.0,0.035700213088052005,64.16271694606897,12.020814895629883,3.89011597948337,0.16373982079708518,311.469875192841,0.9702670071480866,soft-dominant-test,1.0,11.119540914893387,0.0,1.0
fixed,0.0,0.0,0.0,0.49976726182260683,DFC2018,0087,-9.544121928842515,13.070032884651635,0.0,0.0,0.0,0.24864976108074188,0.0,0.03572167743021297,64.16098735417648,12.020814895629883,3.8875698759189876,0.16373980909756797,311.47047807115837,0.9702688851882671,soft-dominant-test,1.0,11.126247946692141,0.0,1.0
zero,0.0,0.0,0.0,0.8921552557194596,DFC2018,0109,-17.428148828744156,15.232663506932356,0.0,0.0,2.2696660882268755,0.2956809401512146,0.0,0.04591833136904244,26.46689689117011,0.5,5.882383412407745,0.23486341143586845,267.68115117125615,0.9388720437083458,soft-dominant-test,1.0,12.291471800728484,3.321425218236379,1.0
learned,0.0,0.0,0.0,0.8926209456958047,DFC2018,0109,-17.425748024075972,15.172349708258427,0.0,0.0,2.269577858069857,0.2956809401512146,0.0,0.04566685080080009,26.466318392230047,0.5,5.896169756691351,0.23353167907044195,267.68355197592433,0.9388804643549826,soft-dominant-test,1.0,12.224264829912752,4.242813789428802,1.0
fixed,0.0,0.0,0.0,0.8942774759539462,DFC2018,0109,-17.419129628531266,15.186045360398225,0.0,0.0,2.27018943663197,0.2956809401512146,0.0,0.045714020565585316,26.4641794596991,0.5,5.897702813663708,0.23352663411341218,267.69017037146904,0.938903677892895,soft-dominant-test,1.0,12.237193953566372,4.2427487865672395,1.0
zero,0.0,0.0,0.0,1.036872105516307,DFC2018,0124,-17.456981063447813,14.832821603522756,0.0,0.0,4.463621648281195,0.26702576875686646,0.0,0.03421031080467899,7.570186557175111,0.5,7.422364666616781,0.12424103485974411,325.096118936553,0.9490386130983846,soft-dominant-test,0.0,11.121639270214366,1.0622588052184934,1.0
learned,0.0,0.0,0.0,1.0372103441060065,DFC2018,0124,-17.449892950023354,14.781858462301063,0.0,0.0,4.463893143505242,0.26702576875686646,0.0,0.03404898981839666,7.566643145351374,0.5,7.424845351056561,0.12424081019288298,325.10320704997747,0.9490593051120445,soft-dominant-test,0.0,11.069435786772782,1.0621818756943358,1.0
fixed,0.0,0.0,0.0,1.037559062161685,DFC2018,0124,-17.439114030409655,14.77939012766198,0.0,0.0,4.465442236472131,0.26702576875686646,0.0,0.03403928101833261,7.586616000758165,0.5,7.425487592505638,0.12424664818576295,325.11398596959117,0.9490907715317433,soft-dominant-test,0.0,11.06664633140916,1.0625314217016406,1.0
zero,0.026520232680113213,1.9533838526857104,1.0,2.9045003352137644,DFC2018,0126,-11.84425940342993,680.787317091276,3.9067677053714207,2.0,10.977115905956541,0.6809276342391968,0.5,0.07148926962685632,22.57030171646713,0.0,5.97618651168212,0.324056369753332,180.82434059656993,0.9385252220474435,soft-dominant-test,0.0,12.92700004000669,9.26675992191161,1.0
learned,0.02652036147698519,1.952989042526343,1.0,2.9066279214644353,DFC2018,0126,-11.840764627830055,680.7695446288875,3.905978085052686,2.0,10.976694992227982,0.6809276342391968,0.5,0.07161383321051813,22.583137431064944,0.0,5.981951017656312,0.32403604349430715,180.8278353721698,0.9385433608391297,soft-dominant-test,0.0,12.9497744421616,9.266353762981502,1.0
fixed,0.026523636282981117,1.9543034776161772,1.0,2.903318703554663,DFC2018,0126,-11.832766918351894,680.9257646703047,3.9086069552323544,2.0,10.981897775334383,0.6809276342391968,0.5,0.07167116964185564,22.583812122995006,0.0,5.983332924808391,0.32410872596682067,180.83583308164796,0.9385848710254193,soft-dominant-test,0.0,12.960715670121083,9.271597314075917,1.0
zero,0.0,0.0,0.0,0.5391872307647223,DFC2018,0130,-9.145674287659858,11.127431361094594,0.0,0.0,0.8794029677323683,0.21650288999080658,0.0,0.04418288526122991,35.19489767681333,0.7071067690849304,4.3616490672744295,0.15684119895170665,202.49032571233974,0.9567858290288047,soft-dominant-test,0.0,8.94660682745738,0.0,1.0
learned,0.0,0.0,0.0,0.5392014075582889,DFC2018,0130,-9.14521683558658,11.121372060962896,0.0,0.0,0.8795146871965529,0.21650288999080658,0.0,0.044138853931183546,35.19235246963195,0.7071067690849304,4.3673219209158205,0.1564150832715328,202.49078316441302,0.9567879905328649,soft-dominant-test,0.0,8.937711100504986,0.0,1.0
fixed,0.0,0.0,0.0,0.539479618067155,DFC2018,0130,-9.141766914382572,11.121848658029949,0.0,0.0,0.8798450289593582,0.21650288999080658,0.0,0.0441399114989989,35.19197620713584,0.7071067690849304,4.3675422611463155,0.1564192390235198,202.49423308561703,0.9568042917349477,soft-dominant-test,0.0,8.938077527456791,0.0,1.0
zero,0.056728853162346035,0.0,0.0,1.5299157812333848,DFC2018,0132,-16.996464955501153,18.24642339557897,0.0,0.0,6.2760078211415244,0.29730942845344543,0.0,0.03783465627944889,9.219464870906537,0.5,10.904494270585289,0.15818566327550254,338.16023504450055,0.9521437580777694,soft-dominant-test,0.0,12.794176260286324,2.6453500157725323,1.0
learned,0.05672588091417276,0.0,0.0,1.5311209575825384,DFC2018,0132,-16.98780119840876,18.19630564975341,0.0,0.0,6.27491865768554,0.29730942845344543,0.0,0.037670501533380786,9.218203722825782,0.5,10.914627257812622,0.15811838638070702,338.16889880159295,0.9521681522595274,soft-dominant-test,0.0,12.738992020847098,2.645407824400664,1.0
fixed,0.05672304133689008,0.0,0.0,1.531801144619204,DFC2018,0132,-16.978069723110366,18.198748226106083,0.0,0.0,6.274154842535043,0.29730942845344543,0.0,0.03767021984504655,9.217953684556386,0.5,10.918969753357743,0.15811622195388966,338.17863027689134,0.9521955527711844,soft-dominant-test,0.0,12.739263349427212,2.645913206367623,1.0
zero,0.0,0.0,0.0,0.8297802880639739,DFC2018,0142,-8.967449308694029,12.46580827710369,0.0,0.0,0.0,0.24999989569187164,0.0,0.037367461557258196,11.78971362728293,1.5811388492584229,5.667258895998465,0.1986047184450345,257.76915069130564,0.9663808817061699,soft-dominant-test,1.0,9.632178829104458,0.0,1.0
learned,0.0,0.0,0.0,0.8302144978985346,DFC2018,0142,-8.965377919742139,12.413550343279422,0.0,0.0,0.0,0.24999947845935822,0.0,0.03714951032955811,11.778637711146274,1.5811388492584229,5.6749513318921565,0.19705756994926085,257.77122208025753,0.966388647378192,soft-dominant-test,1.0,9.576074677333343,0.0,1.0
fixed,0.0,0.0,0.0,0.8298253312366217,DFC2018,0142,-8.966982282540073,12.411265624601112,0.0,0.0,0.0,0.24999947845935822,0.0,0.03714899196586081,11.77864903786208,1.5811388492584229,5.670768333944388,0.19705563753471916,257.7696177174596,0.9663826325950766,soft-dominant-test,1.0,9.575881457628919,0.0,1.0
zero,0.0,0.0,0.0,0.9398023906358873,DFC2018,0155,-5.9756867968858955,9.732622239288471,0.0,0.0,3.3938727956445884,0.24962852895259857,0.0,0.01890956578219064,16.943944327157396,0.5,7.492561638336853,0.10447928881844278,316.5774132031147,0.9814737889764945,soft-dominant-test,0.0,5.986341420120045,0.0,1.0
learned,0.0,0.0,0.0,0.9403162779012637,DFC2018,0155,-5.97654522181881,9.735188318287216,0.0,0.0,3.3932952544380424,0.24962852895259857,0.0,0.018908888276016268,16.943948842406673,0.5,7.498155226360867,0.104474502260285,316.5765547781818,0.9814711276319502,soft-dominant-test,0.0,5.986110705106783,0.0,1.0
fixed,0.0,0.0,0.0,0.940847893242635,DFC2018,0155,-5.976578457425376,9.737487301822377,0.0,0.0,3.3924932060036554,0.24962852895259857,0.0,0.018909719618951368,16.945016793600256,0.5,7.502228083018721,0.10447119253391457,316.5765215425752,0.9814710245927714,soft-dominant-test,0.0,5.986373260313015,0.0,1.0
zero,0.0,0.0,0.0,0.6173632029675606,DFC2018,0157,-9.323843039439112,8.678044802949342,0.0,0.0,0.9454267571694702,0.2659328281879425,0.0,0.04221667645337514,12.48258241269297,0.7071067690849304,4.296271502323073,0.23438426174351765,154.6760569605605,0.9431472638737027,soft-dominant-test,0.0,6.529909051787806,1.717099031932669,1.0
learned,0.0,0.0,0.0,0.6176878621372133,DFC2018,0157,-9.324286575663848,8.638151500909425,0.0,0.0,0.945226583142888,0.2659328281879425,0.0,0.04193746357357158,12.47963004840354,0.7071067690849304,4.30289719441301,0.23438179574567042,154.67561342433575,0.9431445593828784,soft-dominant-test,0.0,6.48670290370292,1.7162792109927287,1.0
fixed,0.0,0.0,0.0,0.6179520240859271,DFC2018,0157,-9.32257106719868,8.639591776431441,0.0,0.0,0.9450568831862285,0.2659328281879425,0.0,0.041937205973661504,12.479640724153423,0.7071067690849304,4.305713547041552,0.23438223290266486,154.67732893280092,0.9431550198067273,soft-dominant-test,0.0,6.486735002910664,1.7165596162382202,1.0
zero,0.0,0.0,0.0,0.6472814000852987,DFC2018,0167,-13.264562755188422,12.25808394678997,0.0,0.0,3.6071631147366863,0.25,0.0,0.044134010609978895,14.808203248915616,0.5,5.2036070372440895,0.2327529418283252,218.79453724481132,0.9428397216261356,soft-dominant-test,0.0,9.656280428167925,0.0,1.0
learned,0.0,0.0,0.0,0.6477967931565143,DFC2018,0167,-13.262934217352864,12.287709149643161,0.0,0.0,3.6076697124958246,0.25,0.0,0.04425543674795841,14.814592439627287,0.5,5.209578548306819,0.2332833761734339,218.79616578264688,0.9428467393980547,soft-dominant-test,0.0,9.682919875489752,0.0,1.0
fixed,0.0,0.0,0.0,0.6481603605794646,DFC2018,0167,-13.260162492091837,12.288129327438934,0.0,0.0,3.6079679080436606,0.25,0.0,0.04425632090863506,14.814435945614825,0.5,5.209786669241145,0.23328267830580715,218.7989375079079,0.9428586834470536,soft-dominant-test,0.0,9.68323599281836,0.0,1.0
zero,0.0,0.0,0.0,0.8894542173855251,DFC2018,0171,-8.025676452071735,10.331249966028647,0.0,0.0,0.0,0.1453554332256317,0.0,0.03983537095493612,10.3227965083504,1.0,6.329946697393539,0.11695850913930965,179.89732354792804,0.9572927398345507,soft-dominant-test,0.0,7.166276617331878,0.0,1.0
learned,0.0,0.0,0.0,0.8893889323420651,DFC2018,0171,-8.023571607995677,10.332355249545301,0.0,0.0,0.0,0.1453554332256317,0.0,0.0398344805409666,10.322637571501968,1.0,6.332309939865997,0.1169575778337569,179.8994283920041,0.9573039404011446,soft-dominant-test,0.0,7.166200279612302,0.0,1.0
fixed,0.0,0.0,0.0,0.8895099803728602,DFC2018,0171,-8.01992099289862,10.334770679773875,0.0,0.0,0.0,0.1453554332256317,0.0,0.0398352088003462,10.32249358857108,1.0,6.3365879274016415,0.11695819310481904,179.90307900710116,0.9573233665229981,soft-dominant-test,0.0,7.166476716073054,0.0,1.0
zero,0.0,0.0,0.0,0.9485535353450908,DFC2018,0215,-6.793796530409423,11.811531027841934,0.0,0.0,0.0,0.25,0.0,0.03128522909494624,16.036215458387957,1.4142135381698608,7.867032078601902,0.22160752194693764,251.81260346959013,0.973729201866584,soft-dominant-test,1.0,7.878014988540982,0.0,1.0
learned,0.0,0.0,0.0,0.9486117831752466,DFC2018,0215,-6.792470375677794,11.71870620681219,0.0,0.0,0.0,0.25,0.0,0.03091014405166997,16.06140117007688,1.4142135381698608,7.87020273581464,0.22162218790805344,251.81392962432176,0.9737343299482232,soft-dominant-test,1.0,7.7836048389048695,0.0,1.0
fixed,0.0,0.0,0.0,0.9487122541631547,DFC2018,0215,-6.791989090764844,11.718676257678244,0.0,0.0,0.0,0.25,0.0,0.03090975902395766,16.06137414282705,1.4142135381698608,7.870306995427887,0.22162097080150261,251.8144109092347,0.9737361910193837,soft-dominant-test,1.0,7.7835227599643,0.0,1.0
zero,0.0,0.0,0.0,0.7446412284839523,DFC2018,0224,-25.655323437212587,20.751527675940366,0.0,0.0,2.9732987837695264,0.271563321352005,0.0,0.06594960063476965,15.472260377279577,0.5,7.157957323856267,0.25115306092121076,260.38897656278755,0.9103099644453234,soft-dominant-test,0.0,17.172549014012233,1.6011283899869748,1.0
learned,0.0,0.0,0.0,0.7445502493436711,DFC2018,0224,-25.656656085255406,20.70116494473863,0.0,0.0,2.9727936700273734,0.271563321352005,0.0,0.06574457086794536,15.415660891419947,0.5,7.164182072496752,0.25114891322084076,260.38764391474473,0.9103053055584208,soft-dominant-test,0.0,17.119073908490254,1.6008939095895864,1.0
fixed,0.0,0.0,0.0,0.7433943074573479,DFC2018,0224,-25.65909159732888,20.711598277081226,0.0,0.0,2.9725490597051705,0.271563321352005,0.0,0.06579714716094104,15.417231123927285,0.5,7.157988802556729,0.2511488421979914,260.38520840267125,0.910296791100788,soft-dominant-test,0.0,17.13260387580286,1.600783043403066,1.0
zero,0.014020240091599795,0.0,0.0,1.3747919828982118,DFC2018,0227,13.110057190616686,16.748990500965068,0.0,0.0,2.5748077814240284,0.24275431036949158,0.0,0.044031667471143544,7.156557951616277,0.5,9.607650956395227,0.17980898190712952,238.21945719061637,1.0582386039437568,soft-dominant-test,0.0,10.489199924173535,0.0,1.0
learned,0.014018480119750222,0.0,0.0,1.3756345215574184,DFC2018,0227,13.114997878268412,16.797751234859618,0.0,0.0,2.5760382611722945,0.24275431036949158,0.0,0.044216939777355316,7.139457212475249,0.5,9.61536716656072,0.17981745474098842,238.2243978782681,1.0582605518839658,soft-dominant-test,0.0,10.533553854480111,0.0,1.0
fixed,0.014016899352825839,0.0,0.0,1.3769158110135853,DFC2018,0227,13.122740165944947,16.80178113099272,0.0,0.0,2.5767200961032852,0.24275431036949158,0.0,0.044218067086929984,7.139305137741946,0.5,9.620485483316134,0.17982307469464484,238.23214016594463,1.0582949453285602,soft-dominant-test,0.0,10.534164756120648,0.0,1.0
zero,0.0,0.0,0.0,1.0638669194458188,DFC2018,0231,-9.982630526529817,14.68643654626498,0.0,0.0,1.0291945328086827,0.25,0.0,0.03754108829245873,24.654965468830344,0.7071067690849304,7.886301074298398,0.23553721899372773,286.1740694734707,0.9662927412193282,soft-dominant-test,1.0,10.743286009115781,0.0,1.0
learned,0.0,0.0,0.0,1.064340189475357,DFC2018,0231,-9.979956185244873,14.544902947502997,0.0,0.0,1.029349860016519,0.25,0.0,0.037037023526279855,24.67179811306382,0.7071067690849304,7.891536308323461,0.23461607120382064,286.17674381475564,0.9663017713756101,soft-dominant-test,1.0,10.599134793341268,0.0,1.0
fixed,0.0,0.0,0.0,1.0810741825347787,DFC2018,0231,-9.913970185063135,14.397090595504569,0.0,0.0,0.0,0.25,0.0,0.0364965067884449,24.66959774509931,1.0,7.9004617273414155,0.2345087367311447,286.2427298149374,0.9665245790992973,soft-dominant-test,1.0,10.446859731833861,0.0,1.0
zero,0.1169590299788691,0.9820082642500685,1.0,0.7103014732757201,DFC2018,0249,-16.29669333708597,575.581062651127,1.964016528500137,2.0,11.176041705216992,0.425016313791275,0.5,0.07147745041082024,15.897932632480934,0.0,5.432761892682093,0.2526478720864279,207.67070666291383,0.9272363150302857,soft-dominant-test,0.0,14.84377263727842,8.1162230990804,1.0
learned,0.11695684773170796,0.9820801649333056,1.0,0.7104623450225105,DFC2018,0249,-16.287235688772597,575.1828833536845,1.9641603298666113,2.0,11.178442014020888,0.425016313791275,0.5,0.06950220500891185,15.865644861159993,0.0,5.439671709554764,0.24524920139494752,207.6801643112272,0.9272785428201934,soft-dominant-test,0.0,14.434229356243414,7.321556201058538,1.0
fixed,0.11695064708506697,0.9819731770443343,1.0,0.7104633279680633,DFC2018,0249,-16.27141833002952,575.1315032095158,1.9639463540886686,2.0,11.18230585454949,0.425016313791275,0.5,0.0693015397831759,15.878972826016788,0.0,5.441604796263628,0.24357068437836377,207.69598166997028,0.9273491663071075,soft-dominant-test,0.0,14.393651336507217,7.323145820170335,1.0
zero,0.0,0.0,0.0,0.6004863839319236,DFC2018,0251,-3.4269241059074886,8.370232736686626,0.0,0.0,0.0,0.24808794260025024,0.0,0.025434812562231884,19.04354789000961,1.1180340051651,4.086321884320603,0.12582399031251457,248.7563758940919,0.9864109792127096,soft-dominant-test,0.0,6.327071794526325,0.0,1.0
learned,0.0,0.0,0.0,0.6001676344834056,DFC2018,0251,-3.4279872487986154,8.357048433861745,0.0,0.0,0.0,0.24808794260025024,0.0,0.0253808643855185,19.03734485120992,1.1180340051651,4.086847151492558,0.12623407171063492,248.75531275120076,0.9864067634581726,soft-dominant-test,0.0,6.3136248581154675,0.0,1.0
fixed,0.0,0.0,0.0,0.6002071879473101,DFC2018,0251,-3.427627354225706,8.357118041779202,0.0,0.0,0.0,0.24808794260025024,0.0,0.025380956781840297,19.037374246743738,1.1180340051651,4.086922130238419,0.12623505325208534,248.75567264577367,0.9864081905731834,soft-dominant-test,0.0,6.313656976659994,0.0,1.0
zero,0.0,1.027983377036577,1.0,1.5625375717988599,DFC2018,0259,-14.95452648147014,576.2360852807017,2.055966754073154,2.0,3.712123393075821,0.5170161724090576,0.5,0.032540541242885586,10.857494665550371,0.0,11.778999855473055,0.16323122850158323,223.36487351852932,0.9372500665851367,soft-dominant-test,0.0,7.268413878941626,3.712123393075821,1.0
learned,0.0,1.0276835388941046,1.0,1.5623766459387787,DFC2018,0259,-14.95305455631376,576.2036169912049,2.055367077788209,2.0,3.71189974214109,0.5170161724090576,0.5,0.032540091612269506,10.85745355819742,0.0,11.780132738036032,0.1632255281324913,223.3663454436857,0.937256242855958,soft-dominant-test,0.0,7.26836134383537,3.71189974214109,1.0
fixed,0.0,1.0269327073956918,1.0,1.5626527496864917,DFC2018,0259,-14.948492503198992,576.1219010439033,2.0538654147913835,2.0,3.711449529101424,0.5170161724090576,0.5,0.032538696981057644,10.857280260600465,0.0,11.782209913910139,0.16321024064368103,223.37090749680047,0.9372753854566643,soft-dominant-test,0.0,7.268198273422248,3.711449529101424,1.0
zero,0.0,0.0,0.0,0.5816548006571557,DFC2018,0290,-19.530437749576038,9.447476115396995,0.0,0.0,1.6815916056336353,0.15262900292873383,0.0,0.031597948694376744,8.557570679117749,0.7071067690849304,4.699683598489173,0.14749872281148318,224.62326225042332,0.9200076109861285,soft-dominant-test,1.0,7.097634316152409,0.0,1.0
learned,0.0,0.0,0.0,0.5818497166134702,DFC2018,0290,-19.529153252359464,9.420503813904068,0.0,0.0,1.6815340658230005,0.15262900292873383,0.0,0.03146670265942571,8.55672422338096,0.7071067690849304,4.704619982775625,0.1474995805595023,224.6245467476399,0.9200128720049726,soft-dominant-test,1.0,7.068193822516255,0.0,1.0
fixed,0.0,0.0,0.0,0.5818709487982401,DFC2018,0290,-19.52824757882786,9.362840997821614,0.0,0.0,0.7610322872916937,0.15262900292873383,0.0,0.031208995417686018,8.558369515773206,0.7071067690849304,4.70501256502725,0.14654121276709883,224.6254524211715,0.9200165814450982,soft-dominant-test,1.0,7.01033471530799,0.0,1.0
zero,0.0,0.0,0.0,0.16607947558307984,DFC2018,0297,-11.922830211521728,8.24926763091364,0.0,0.0,0.0,0.25,0.0,0.04584560225319135,14.815411819189979,1.4142135381698608,1.5533943372834231,0.24996833682653077,162.99426978847805,0.931837251980957,soft-dominant-test,0.0,7.472570462271928,0.0,1.0
learned,0.0,0.0,0.0,0.1663605129703379,DFC2018,0297,-11.922003947442704,8.254888911511818,0.0,0.0,0.0,0.25,0.0,0.04586597029897851,14.865036736675615,1.4142135381698608,1.5579213541721717,0.24996833418904318,162.99509605255707,0.9318419757276863,soft-dominant-test,0.0,7.475928234425732,0.0,1.0
fixed,0.0,0.0,0.0,0.1664346778072749,DFC2018,0297,-11.92208750630337,8.245255964719323,0.0,0.0,0.0,0.25,0.0,0.045807352300964554,14.864215900533818,1.4142135381698608,1.5577720082409054,0.24996833445576713,162.9950124936964,0.9318414980221866,soft-dominant-test,0.0,7.46636996059887,0.0,1.0
