compute_ms,curvature_energy,episode_id,event_type,event_window_cvar_risk,event_window_cvar_violation,event_window_mean_risk,event_window_risk_exposure,full_episode_cvar_risk,full_episode_cvar_violation,hard_hazard_length_m,method,opportunity_normalized_delay,path_length_m,path_length_ratio,post_event_cvar_risk,post_event_cvar_violation,post_event_mean_risk,post_event_risk_exposure,reaction_delay,regime,replans,revisit_count,risk_exposure,route_deviation_delay,scene_id,sequence,stale_exposure,stuck,success
0.15070457053038158,1041.860114589993,0,delayed_required_escape,0.949999988079071,0.949999988079071,0.9009720751888931,36.67596036192179,0.949999988079071,0.949999988079071,0.0,semantic_apf,0.05,71.8639,1.8326549868666013,0.9499999880790709,0.9499999880790709,0.9154152636203517,52.825960159265996,4.0,R1,0.0,105.0,58.28789618088603,16.0,00000_000531,00000,1.022082895040512,1.0,0.0
1.8224503307321451,17.27180770190638,0,delayed_required_escape,0.7884259082801437,0.7884259082801437,0.3620135737308686,9.831130219094453,0.6932252582676546,0.6932252582676546,0.0,route_aware_stage2,0.05,41.72779999999999,1.0641317930278227,0.7884259082801437,0.7884259082801437,0.3620135737308686,9.831130219094453,4.0,R1,0.0,0.0,15.433811354438959,12.0,00000_000531,00000,1.022082895040512,0.0,1.0
0.1799890388438881,14.187556326565955,0,delayed_required_escape,0.5499261662694409,0.5499261662694409,0.360327229541047,11.066730200894174,0.5428700555444559,0.5428700555444559,0.0,dwa_semantic,0.0125,46.94079999999996,1.1970723994593626,0.5499261662694409,0.5499261662694409,0.360327229541047,11.066730200894174,1.0,R1,0.0,0.0,18.333144624368845,0.0,00000_000531,00000,0.1989324539899826,0.0,1.0
0.14341642880546196,981.4087876333207,1,delayed_required_escape,0.8131801688422059,0.8131801688422059,0.7148395540298764,39.31403095298112,0.8027601354679422,0.8027601354679422,0.0,semantic_apf,0.0,92.98809999999975,2.2696410091187738,0.8057457282773535,0.8057457282773535,0.7209352163421759,55.96201942038835,0.0,R1,0.0,98.0,62.747342218059316,16.0,00000_000531,00000,0.0,1.0,0.0
1.8513361717560801,9.86960440108936,1,delayed_required_escape,0.6561307920893448,0.6561307920893448,0.4389584838221262,11.399927408254147,0.6161783674556597,0.6161783674556597,0.0,route_aware_stage2,0.0,40.92009999999998,0.998772284380919,0.6561307920893448,0.6561307920893448,0.4389584838221262,11.399927408254147,0.0,R1,0.0,0.0,17.266125242966414,0.0,00000_000531,00000,0.0,0.0,1.0
0.17686346393969396,15.421256876702124,1,delayed_required_escape,0.7358752419372705,0.7358752419372705,0.43996173674770145,11.9726787421152,0.6631182253848676,0.6631182253848676,0.0,dwa_semantic,0.0,44.23369999999997,1.0796501864760901,0.7358752419372705,0.7358752419372705,0.43996173674770145,11.9726787421152,0.0,R1,0.0,0.0,19.426635756053024,14.0,00000_000531,00000,0.0,0.0,1.0
0.14487616385200194,1043.093815140129,2,delayed_required_escape,0.949999988079071,0.949999988079071,0.9009720751888931,36.67596036192179,0.949999988079071,0.949999988079071,0.0,semantic_apf,0.0,71.8639,2.0251795114582984,0.9499999880790709,0.9499999880790709,0.9154152636203517,52.825960159265996,0.0,R3,0.0,105.0,58.40742678792775,16.0,00000_000531,00000,0.0,1.0,0.0
3.6041166677023284,12.953855776429785,2,delayed_required_escape,0.9435510724423729,0.9435510724423729,0.5830563444591466,15.392337659914789,0.8993986450730673,0.8993986450730673,0.0,route_aware_stage2,0.0,40.55619999999998,1.1429046475713815,0.9435510724423729,0.9435510724423729,0.5830563444591466,15.392337659914789,0.0,R3,0.0,0.0,20.97380428857654,12.0,00000_000531,00000,0.0,0.0,1.0
0.17740467690699105,17.888657976974464,2,delayed_required_escape,0.8554880750590012,0.8554880750590012,0.4913631378277783,14.582429522883892,0.7531213130083606,0.7531213130083606,0.0,dwa_semantic,0.025,44.86979999999997,1.2644651854857794,0.8554880750590012,0.8554880750590012,0.4913631378277783,14.582429522883892,2.0,R3,0.0,0.0,21.230347275796536,3.0,00000_000531,00000,0.46810291707515717,0.0,1.0
0.1434273992864681,999.297445610295,3,delayed_required_escape,0.949999988079071,0.949999988079071,0.9026078816756298,36.742549300158025,0.949999988079071,0.949999988079071,0.0,semantic_apf,0.025,70.62129999999999,1.659483224536027,0.949999988079071,0.949999988079071,0.9153689407875135,50.99254912134409,2.0,R3,0.0,101.0,56.79028750486374,16.0,00000_000531,00000,0.5523005127906799,1.0,0.0
21.915172263938334,982.0256379083887,3,delayed_required_escape,0.9500042796134949,0.9500042796134949,0.9026097529643244,36.74262547489405,0.950004279613495,0.950004279613495,0.0,route_aware_stage2,0.025,70.62129999999999,1.659483224536027,0.9500042796134949,0.9500042796134949,0.9153708940085399,50.99265792962313,2.0,R3,0.0,99.0,56.79039631314278,15.0,00000_000531,00000,0.5523005127906799,1.0,0.0
0.17927850291844669,39.478417604357396,3,delayed_required_escape,0.6294983705534103,0.6294983705534103,0.5664745909488726,26.813678230351208,0.605836554512135,0.605836554512135,0.0,dwa_semantic,0.0,71.2336999999999,1.673873607135975,0.6190443979796443,0.6190443979796443,0.5640006917648448,31.41382333005668,0.0,R3,0.0,16.0,38.31202101836504,0.0,00000_000531,00000,0.0,1.0,1.0
0.14408537348832137,1026.4388577132906,4,delayed_required_escape,0.949999988079071,0.949999988079071,0.9061073579905946,36.69734799861908,0.949999988079071,0.949999988079071,0.0,semantic_apf,0.125,70.0,2.0588235294117645,0.949999988079071,0.949999988079071,0.9188131193319956,52.37234780192375,10.0,R3,0.0,104.0,58.243921011686325,16.0,00000_000531,00000,2.9723484218120575,1.0,0.0
11.34189022850478,1019.0366544124736,4,delayed_required_escape,0.949999988079071,0.949999988079071,0.9061073579905946,36.69734799861908,0.949999988079071,0.949999988079071,0.0,route_aware_stage2,0.125,70.0,2.0588235294117645,0.949999988079071,0.949999988079071,0.9188131193319956,52.37234780192375,10.0,R3,0.0,103.0,58.243921011686325,16.0,00000_000531,00000,2.9723484218120575,1.0,0.0
0.17977260036527046,515.686829956919,4,delayed_required_escape,0.9445347189903259,0.9445347189903259,0.8862202634774198,37.360210403364896,0.9445228799750858,0.9445228799750858,0.0,dwa_semantic,0.0,71.6568,2.1075529411764706,0.9445347189903259,0.9445347189903259,0.9024632146441497,52.935604288738965,0.0,R3,0.0,103.0,58.807177498501545,2.0,00000_000531,00000,0.0,1.0,0.0
0.14377696477043042,982.6424881834569,5,delayed_required_escape,0.949999988079071,0.949999988079071,0.894826271412883,36.425782513031365,0.949999988079071,0.949999988079071,0.0,semantic_apf,0.0,74.5562,1.5090729132299587,0.949999988079071,0.949999988079071,0.9089456824824997,49.72578234613836,0.0,R1,0.0,99.0,59.133634937810896,16.0,00000_000531,00000,0.0,1.0,0.0
0.2373742396627478,14.187556326565955,5,delayed_required_escape,0.5480613258320481,0.5480613258320481,0.4711859056375849,15.340022581118342,0.5436861971078221,0.5436861971078221,0.0,route_aware_stage2,0.0,50.748499999999986,1.027187366537599,0.5480613258320481,0.5480613258320481,0.4711859056375849,15.340022581118342,0.0,R1,0.0,0.0,23.43172146005928,0.0,00000_000531,00000,0.0,0.0,1.0
0.17907399243137578,32.6930645786085,5,delayed_required_escape,0.6660251539650532,0.6660251539650532,0.574878232019171,29.11637520748379,0.6301729761463478,0.6301729761463478,0.0,dwa_semantic,0.0375,75.78989999999986,1.5340439183650325,0.6530379650679631,0.6530379650679631,0.5718764373920207,32.93871029033068,3.0,R1,0.0,18.0,42.132601860189475,0.0,00000_000531,00000,1.1703118028461932,1.0,1.0
0.1417231438348868,978.3245362579802,6,delayed_required_escape,0.9443698482484401,0.9443698482484401,0.8679126251747572,36.22892954761982,0.9441442603792151,0.9441442603792151,0.0,semantic_apf,0.0,74.3491,1.6532897194599114,0.9442372340920067,0.9442372340920067,0.8874891439941106,49.91469693000317,0.0,R1,0.0,98.0,58.676707746553426,15.0,00000_000531,00000,0.0,1.0,0.0
4.911679443797436,18.50550825204255,6,delayed_required_escape,0.6615205459368619,0.6615205459368619,0.5446125644127595,17.260024775138497,0.6252954487928449,0.6252954487928449,0.0,route_aware_stage2,0.0,47.727799999999995,1.0613158877839644,0.6615205459368619,0.6615205459368619,0.5446125644127595,17.260024775138497,0.0,R1,0.0,0.0,24.01692607345581,0.0,00000_000531,00000,0.0,0.0,1.0
0.17936369202251792,26.524561827927656,6,delayed_required_escape,0.8978507937049778,0.8978507937049778,0.6198719751059449,24.6701607628465,0.793575437767455,0.793575437767455,0.0,dwa_semantic,0.025,57.283999999999935,1.2738156654154718,0.8978507937049778,0.8978507937049778,0.6198719751059449,24.6701607628465,2.0,R1,0.0,2.0,32.73602083240453,3.0,00000_000531,00000,0.5428712069988251,0.0,1.0
0.14055985853441857,1047.4117670656058,7,delayed_required_escape,0.949999988079071,0.949999988079071,0.7487188259613379,32.95912682199627,0.9499999880790712,0.9499999880790712,0.0,semantic_apf,0.0125,78.07690000000001,2.334158452841132,0.949999988079071,0.949999988079071,0.8059746819099914,49.584126613380015,1.0,R1,0.0,105.0,58.00190790333598,0.0,00000_000531,00000,0.382727477645874,1.0,0.0
16.697348196707342,291.7701801072042,7,delayed_required_escape,0.8868826123100668,0.8868826123100668,0.5706273424053416,22.23757578447312,0.8323383440488765,0.8323383440488765,0.0,route_aware_stage2,0.0125,51.59169999999996,1.542366598205663,0.8868826123100668,0.8868826123100668,0.5706273424053416,22.23757578447312,1.0,R1,0.0,28.0,27.01247328390925,0.0,00000_000531,00000,0.17652122676372528,1.0,1.0
0.17899911893580697,11.720155226293615,7,delayed_required_escape,0.8618933209996076,0.8618933209996076,0.6069064284938028,20.430109030458336,0.8025511354173055,0.8025511354173055,0.0,dwa_semantic,0.0,46.49109999999996,1.3898809256884206,0.8618933209996076,0.8618933209996076,0.6069064284938028,20.430109030458336,0.0,R1,0.0,0.0,26.062267432019127,0.0,00000_000531,00000,0.0,0.0,1.0
0.14343355828064627,1050.496018440946,8,delayed_required_escape,0.949999988079071,0.949999988079071,0.8969488729012056,36.69794557565451,0.949999988079071,0.949999988079071,0.0,semantic_apf,0.025,71.2426,2.162162326212379,0.949999988079071,0.949999988079071,0.912842174797194,53.32294536703825,2.0,R2,0.0,106.0,57.681532186892625,16.0,00000_001492,00000,0.4809848517179489,1.0,0.0
3.5229421432762007,14.187556326565954,8,delayed_required_escape,0.9471857053206543,0.9471857053206543,0.5611896325027583,14.766919513824583,0.9061947342618035,0.9061947342618035,0.0,route_aware_stage2,0.025,39.142,1.1879319083330049,0.9471857053206543,0.9471857053206543,0.5611896325027583,14.766919513824583,2.0,R2,0.0,0.0,19.125506333678963,12.0,00000_001492,00000,0.4809848517179489,0.0,1.0
0.17939664290419646,16.03810715177021,8,delayed_required_escape,0.597937372722859,0.597937372722859,0.38210463871375616,10.450217974646389,0.5635222552385475,0.5635222552385475,0.0,dwa_semantic,0.05,39.9704,1.213073260151079,0.597937372722859,0.597937372722859,0.38210463871375616,10.450217974646389,4.0,R2,0.0,0.0,14.270818508981165,7.0,00000_001492,00000,0.8367918133735657,0.0,1.0
0.1447149144951254,1067.1509758677844,9,delayed_required_escape,0.949999988079071,0.949999988079071,0.8889064971701319,36.92117581321001,0.949999988079071,0.949999988079071,0.0,semantic_apf,0.0375,72.48519999999999,2.2008629144160143,0.949999988079071,0.949999988079071,0.9077325181379822,54.49617559267283,3.0,R2,0.0,107.0,58.67045323006511,15.0,00000_001492,00000,0.5527885556221008,1.0,0.0
8.962031187473844,11.720155226293615,9,delayed_required_escape,0.9098107835343012,0.9098107835343012,0.5561121577030751,13.167345614014563,0.8331896441859197,0.8331896441859197,0.0,route_aware_stage2,0.025,36.12719999999999,1.096927575307652,0.9098107835343012,0.9098107835343012,0.5561121577030751,13.167345614014563,2.0,R2,0.0,0.0,17.34162325140685,8.0,00000_001492,00000,0.3575260043144226,0.0,1.0
0.17809231859347266,17.27180770190638,9,delayed_required_escape,0.9498701370480382,0.9498701370480382,0.5662460905451258,17.087891397425526,0.8728340339171999,0.8728340339171999,0.0,dwa_semantic,0.0,42.83429999999997,1.3005747702285408,0.9498701370480382,0.9498701370480382,0.5662460905451258,17.087891397425526,0.0,R2,0.0,0.0,20.834317682167896,3.0,00000_001492,00000,0.0,0.0,1.0
0.14363640802912414,1030.7568096387672,10,delayed_required_escape,0.949999988079071,0.949999988079071,0.9004000817868638,36.65267616930604,0.949999988079071,0.949999988079071,0.0,semantic_apf,0.075,71.8639,1.8841146242986744,0.949999988079071,0.949999988079071,0.914705971332417,52.32767597261071,6.0,R1,0.0,104.0,57.54889078408182,16.0,00000_001492,00000,1.4382372051477432,1.0,0.0
9.75593738429084,15.421256876702124,10,delayed_required_escape,0.9218699325556452,0.9218699325556452,0.5559628385014455,14.438577301017942,0.8158685915829691,0.8158685915829691,0.0,route_aware_stage2,0.025,42.28399999999997,1.1085942006187401,0.9218699325556452,0.9218699325556452,0.5559628385014455,14.438577301017942,2.0,R1,0.0,0.0,20.93632023297399,0.0,00000_001492,00000,0.7440771829247474,0.0,1.0
0.17860057511522123,17.27180770190638,10,delayed_required_escape,0.9306385533824323,0.9306385533824323,0.5549071718902993,21.08974648414553,0.8290030928287228,0.8290030928287228,0.0,dwa_semantic,0.0,54.31949999999994,1.424138744690891,0.9306385533824323,0.9306385533824323,0.5549071718902993,21.08974648414553,0.0,R1,0.0,0.0,26.840397372749468,0.0,00000_001492,00000,0.0,0.0,1.0
0.1442162731629131,990.6615417593418,11,delayed_required_escape,0.949999988079071,0.949999988079071,0.8938466888933565,36.38590654945075,0.949999988079071,0.949999988079071,0.0,semantic_apf,0.0125,70.62129999999999,1.6150206504786444,0.9499999880790712,0.9499999880790712,0.9085952056274879,50.16090637659728,1.0,R1,0.0,100.0,55.80413732455969,16.0,00000_001492,00000,0.1945454627275467,1.0,0.0
3.571694669560255,7.402203300817019,11,delayed_required_escape,0.7795602755279701,0.7795602755279701,0.3927329343893597,11.369500630691647,0.6995934296007487,0.6995934296007487,0.0,route_aware_stage2,0.0125,44.3639,1.0145468100384665,0.7795602755279701,0.7795602755279701,0.3927329343893597,11.369500630691647,1.0,R1,0.0,0.0,17.012731578654048,12.0,00000_001492,00000,0.1945454627275467,0.0,1.0
0.17889076771996457,16.654957426838294,11,delayed_required_escape,0.5523302815063387,0.5523302815063387,0.3635169766529926,11.904635709920525,0.5523236539050415,0.5523236539050415,0.0,dwa_semantic,0.0,51.06209999999995,1.1677262519495608,0.5523302815063387,0.5523302815063387,0.3635169766529926,11.904635709920525,0.0,R1,0.0,0.0,18.381620716032387,0.0,00000_001492,00000,0.0,0.0,1.0
0.14361134110783627,998.0637450601588,12,delayed_required_escape,0.949999988079071,0.949999988079071,0.9000218915350643,36.450886607170105,0.949999988079071,0.949999988079071,0.0,semantic_apf,0.125,71.0355,1.7546041516406006,0.949999988079071,0.949999988079071,0.9135294851956067,50.70088642835617,10.0,R2,0.0,101.0,55.82565299945473,16.0,00000_001492,00000,2.725887030363083,1.0,0.0
4.565805785421704,6.785353025748934,12,delayed_required_escape,0.9493133239808959,0.9493133239808959,0.5964503073593783,18.25525633219481,0.9291656375128976,0.9291656375128976,0.0,route_aware_stage2,0.125,46.141999999999975,1.139725134123087,0.9493133239808959,0.9493133239808959,0.5964503073593783,18.25525633219481,10.0,R2,0.0,0.0,23.380022903293376,12.0,00000_001492,00000,2.725887030363083,0.0,1.0
0.17876055492458612,11.720155226293613,12,delayed_required_escape,0.9248065311191523,0.9248065311191523,0.5758399669862408,19.61092108367681,0.8059443838683154,0.8059443838683154,0.0,dwa_semantic,0.0125,50.627199999999974,1.2505112979557962,0.9248065311191523,0.9248065311191523,0.5758399669862408,19.61092108367681,1.0,R2,0.0,0.0,25.111826278132206,4.0,00000_001492,00000,0.21629758179187775,0.0,1.0
0.1449631350364403,1014.101852211929,13,delayed_required_escape,0.949999988079071,0.949999988079071,0.8882021035626623,36.15613184993565,0.949999988079071,0.949999988079071,0.0,semantic_apf,0.0125,71.6568,1.8053073266099475,0.949999988079071,0.949999988079071,0.9052438511355549,50.88113166516125,1.0,R1,0.0,102.0,56.07427482165993,16.0,00000_001492,00000,0.21806195378303528,1.0,0.0
10.772629642862086,64.15242860708082,13,delayed_required_escape,0.634760441323178,0.634760441323178,0.3603587902600395,10.203054643906652,0.580431074097798,0.580431074097798,0.0,route_aware_stage2,0.0,45.4201,1.1443050667257884,0.634760441323178,0.634760441323178,0.3603587902600395,10.203054643906652,0.0,R1,0.0,4.0,15.899837514047325,0.0,00000_001492,00000,0.0,0.0,1.0
0.18063473027109742,14.804406601634039,13,delayed_required_escape,0.8178037380349578,0.8178037380349578,0.412486000944681,12.624752787913382,0.7228556706210566,0.7228556706210566,0.0,dwa_semantic,0.0875,46.470399999999984,1.1707661183655267,0.8178037380349578,0.8178037380349578,0.412486000944681,12.624752787913382,7.0,R1,0.0,0.0,17.60101440431029,3.0,00000_001492,00000,1.6908550262451172,0.0,1.0
0.1298786639901144,1036.30846211438,14,delayed_required_escape,0.671968771962634,0.671968771962634,0.5633397922076795,23.048596926343443,0.642318009265156,0.642318009265156,0.0,semantic_apf,0.0125,72.48519999999999,2.1712166687634418,0.6503803594236129,0.6503803594236129,0.5685123758943008,34.06196419180632,1.0,R1,0.0,104.0,38.54878239241242,19.0,00000_001492,00000,0.320064818572998,1.0,0.0
3.624504188268955,8.019053575885104,14,delayed_required_escape,0.6490451064380198,0.6490451064380198,0.42264995563853375,8.162892183220384,0.6053080694413941,0.6053080694413941,0.0,route_aware_stage2,0.0125,31.88460000000001,0.9550691037184813,0.6490451064380198,0.6490451064380198,0.42264995563853375,8.162892183220384,1.0,R1,0.0,0.0,12.649710383826491,80.0,00000_001492,00000,0.320064818572998,0.0,1.0
0.17894718621391803,14.804406601634039,14,delayed_required_escape,0.760963727155678,0.760963727155678,0.4280237150346886,9.45577150543183,0.6792442700678348,0.6792442700678348,0.0,dwa_semantic,0.0,35.284,1.0568944962647449,0.760963727155678,0.760963727155678,0.4280237150346886,9.45577150543183,0.0,R1,0.0,0.0,13.60543070703,0.0,00000_001492,00000,0.0,0.0,1.0
0.15164008551177435,1009.7839002864524,15,delayed_required_escape,0.9472237891402163,0.9472237891402163,0.8911570561131246,47.53449560448529,0.9452680052880966,0.9452680052880966,0.0,semantic_apf,0.0,91.33129999999976,2.4727642419500198,0.9457630230588175,0.9457630230588175,0.9043357020834087,69.97894356433756,0.0,R2,0.0,100.0,74.70600975735196,5.0,00000_001492,00000,0.0,1.0,0.0
7.6370829206314825,16.03810715177021,15,delayed_required_escape,0.7133376394473283,0.7133376394473283,0.3980026328217786,9.2105769287616,0.6492425810127332,0.6492425810127332,0.0,route_aware_stage2,0.0,38.541399999999996,1.043495447395282,0.7133376394473283,0.7133376394473283,0.3980026328217786,9.2105769287616,0.0,R2,0.0,0.0,15.09986847496629,0.0,00000_001492,00000,0.0,0.0,1.0
0.17961587482578542,27.758262378063826,15,delayed_required_escape,0.9052710796282802,0.9052710796282802,0.4960674651310321,15.193157468061147,0.788058971316115,0.788058971316115,0.0,dwa_semantic,0.0125,45.61239999999996,1.2349403951276428,0.9052710796282802,0.9052710796282802,0.4960674651310321,15.193157468061147,1.0,R2,0.0,4.0,19.96638461896927,0.0,00000_001492,00000,0.37760221713781356,0.0,1.0
0.14714748623581336,1038.7758632146524,16,delayed_required_escape,0.949999988079071,0.949999988079071,0.8712719735214821,36.73003833335042,0.949999988079071,0.949999988079071,0.0,semantic_apf,0.0125,73.31360000000001,1.7115629297082013,0.949999988079071,0.949999988079071,0.8929314911173853,51.93003814261556,1.0,R1,0.0,104.0,58.583487358790634,2.0,00000_002145,00000,0.22311089932918549,1.0,0.0
25.12109601333837,975.857135157708,16,delayed_required_escape,0.9491739836801104,0.9491739836801104,0.7011315787185494,31.735528987011307,0.8950135823942957,0.8950135823942957,0.0,route_aware_stage2,0.0125,76.42009999999998,1.7840865848163734,0.9152024519235054,0.9152024519235054,0.7102723420095349,43.51362757023274,1.0,R1,0.0,97.0,50.1153037666291,0.0,00000_002145,00000,0.2299194484949112,1.0,0.0
0.17574102036864953,28.991962928199996,16,delayed_required_escape,0.9300777553772606,0.9300777553772606,0.6242537137510585,30.132227359792605,0.8537846457094911,0.8537846457094911,0.0,dwa_semantic,0.0375,64.04729999999991,1.4952339597005182,0.9300777553772606,0.9300777553772606,0.6242537137510585,30.132227359792605,3.0,R1,0.0,2.0,36.77505415184499,0.0,00000_002145,00000,0.8370503187179565,0.0,1.0
0.15589220773628248,1052.9634195412184,17,delayed_required_escape,0.8115106464084769,0.8115106464084769,0.3333145331994165,14.189532992832362,0.6790003004868806,0.6790003004868806,0.0,semantic_apf,0.0125,72.6923,2.1322579982811063,0.7009461192986552,0.7009461192986552,0.2872273384087849,17.541260783962905,1.0,R2,0.0,105.0,22.348662605364623,2.0,00000_002145,00000,0.25704213976860046,1.0,0.0
6.670297220741149,283.1342762562511,17,delayed_required_escape,0.6015902520052707,0.6015902520052707,0.4240627826295497,16.059172765624524,0.5983723396949759,0.5983723396949759,0.0,route_aware_stage2,0.0125,53.21889999999995,1.5610515169381387,0.6015902520052707,0.6015902520052707,0.4240627826295497,16.059172765624524,1.0,R2,0.0,27.0,23.19763854721784,0.0,00000_002145,00000,0.2891058107256889,1.0,1.0
0.17578645804730644,273.88152213022977,17,delayed_required_escape,0.5959037833759038,0.5959037833759038,0.43460041104245545,20.841523471787575,0.6029517581940746,0.6029517581940746,0.0,dwa_semantic,0.0,81.59759999999991,2.3934740714015406,0.6075853886581366,0.6075853886581366,0.480035969099139,33.193479187670356,0.0,R2,0.0,73.0,38.05411099635661,0.0,00000_002145,00000,0.0,1.0,0.0
0.14470697247556277,1030.139959363699,18,delayed_required_escape,0.9499999880790709,0.9499999880790709,0.8482106096747761,36.460502698992194,0.949999988079071,0.949999988079071,0.0,semantic_apf,0.0125,73.10650000000001,1.6337195660189738,0.949999988079071,0.949999988079071,0.875187269842931,51.185502514217795,1.0,R1,0.0,104.0,57.71576731695085,0.0,00000_002145,00000,0.24658183753490448,1.0,0.0
19.361906492018274,977.7076859829122,18,delayed_required_escape,0.9459076534600362,0.9459076534600362,0.7303758148551032,39.109652870790654,0.9427363106015944,0.9427363106015944,0.0,route_aware_stage2,0.0125,91.33129999999977,2.040991318144738,0.9436810747778092,0.9436810747778092,0.753604147687471,56.87254565518944,1.0,R1,0.0,97.0,63.74058075944332,0.0,00000_002145,00000,0.2143346518278122,1.0,0.0
0.1761370136851578,470.0399096018809,18,delayed_required_escape,0.6956597541060315,0.6956597541060315,0.4250921869085657,21.089843613782524,0.6662605189958165,0.6662605189958165,0.0,dwa_semantic,0.0125,85.32539999999987,1.90677676346693,0.6917410880577242,0.6917410880577242,0.4120910501146916,28.11239813866914,1.0,R1,0.0,85.0,35.21957383295596,0.0,00000_002145,00000,0.24658183753490448,1.0,0.0
0.14331684235782763,962.9032793812783,19,delayed_required_escape,0.9500000642059168,0.9500000642059168,0.846918261024113,47.1041539171174,0.9500000339185476,0.9500000339185476,0.0,semantic_apf,0.0125,92.36679999999976,1.9324083449793683,0.9500000447521497,0.9500000447521497,0.8732500020235783,65.24050765118149,1.0,R1,0.0,96.0,72.90717032152263,0.0,00000_002145,00000,0.327068525031209,1.0,0.0
9.105331493317083,1056.047670916559,19,delayed_required_escape,0.5931007635553261,0.5931007635553261,0.48409068565015423,20.207203854820133,0.6164405534679641,0.6164405534679641,0.0,route_aware_stage2,0.0125,73.31360000000001,1.5337958275103154,0.5682253774936082,0.5682253774936082,0.4784363226295594,26.4300663964957,1.0,R1,0.0,105.0,35.95847025836706,0.0,00000_002145,00000,0.3142695724964142,1.0,0.0
0.17540805025159248,396.6347268687787,19,delayed_required_escape,0.34431230780975614,0.34431230780975614,0.2495931934577997,10.366978086866439,0.44910008362209164,0.44910008362209164,0.0,dwa_semantic,0.1,73.7278,1.5424613170205121,0.34010762392961763,0.34010762392961763,0.2453902319082206,13.505174108184875,8.0,R1,0.0,90.0,21.451393432484565,0.0,00000_002145,00000,1.4154319614171982,1.0,0.0
0.12885082833236083,1011.6344511116566,20,delayed_required_escape,0.949999988079071,0.949999988079071,0.8962388168450918,37.040116318100694,0.949999988079071,0.949999988079071,0.0,semantic_apf,0.0,71.4497,1.7891543487025139,0.9499999880790712,0.9499999880790712,0.9112429343582813,52.24009943806529,0.0,R1,0.0,102.0,58.45872373977601,4.0,00000_002145,00000,0.0,1.0,0.0
23.78964180825278,985.1098892837292,20,delayed_required_escape,0.949999988079071,0.949999988079071,0.8970265285227325,50.634187347564136,0.949999988079071,0.949999988079071,0.0,route_aware_stage2,0.0,93.19519999999974,2.3336780610443437,0.9499999880790706,0.9499999880790706,0.9121850203142485,72.13002707782684,0.0,R1,0.0,99.0,78.34865137953751,1.0,00000_002145,00000,0.0,1.0,0.0
0.17502213574646572,1002.3816969856355,20,delayed_required_escape,0.7478171582636841,0.7478171582636841,0.5939535178885826,24.91617188937068,0.7229722335069214,0.7229722335069214,0.0,dwa_semantic,0.0,74.14200000000001,1.8565715702305507,0.7320185523043534,0.7320185523043534,0.590378344473088,34.21224794871211,0.0,R1,0.0,100.0,41.100659579613804,4.0,00000_002145,00000,0.0,1.0,0.0
0.1436790222734479,1032.6073604639714,21,delayed_required_escape,0.9499999880790709,0.9499999880790709,0.8482106096747761,36.460502698992194,0.949999988079071,0.949999988079071,0.0,semantic_apf,0.0125,73.7278,1.625041327050153,0.949999988079071,0.949999988079071,0.875187269842931,51.185502514217795,1.0,R1,0.0,104.0,58.08437287242859,0.0,00000_002145,00000,0.24658183753490448,1.0,0.0
19.361988735909108,976.473985432776,21,delayed_required_escape,0.9459076534600362,0.9459076534600362,0.7303758148551032,39.109652870790654,0.9427465251509664,0.9427465251509664,0.0,route_aware_stage2,0.0125,91.12419999999976,2.008477004527236,0.9436810747778092,0.9436810747778092,0.753604147687471,56.87254565518944,1.0,R1,0.0,97.0,63.70414130008069,0.0,00000_002145,00000,0.2143346518278122,1.0,0.0
0.17514773686083832,489.7791184040597,21,delayed_required_escape,0.6956597541060315,0.6956597541060315,0.4250921869085657,21.089843613782524,0.6662320812645438,0.6662320812645438,0.0,dwa_semantic,0.0,85.53249999999989,1.8852298224810318,0.6917410880577242,0.6917410880577242,0.4120910501146916,28.11239813866914,0.0,R1,0.0,91.0,35.52821160876155,0.0,00000_002145,00000,0.0,1.0,0.0
0.1446629803727514,962.9032793812783,22,delayed_required_escape,0.949999988079071,0.949999988079071,0.8897835471696399,36.404782005608084,0.949999988079071,0.949999988079071,0.0,semantic_apf,0.075,71.4497,1.4288253986029662,0.949999988079071,0.949999988079071,0.9043031678228742,48.75478185063601,6.0,R3,0.0,97.0,56.877994793170686,16.0,00000_002145,00000,1.245648831129074,1.0,0.0
7.478846513549797,1085.039633844759,22,delayed_required_escape,0.6295735239982605,0.6295735239982605,0.6222425287152514,25.200822412967682,0.6295735239982605,0.6295735239982605,0.0,route_aware_stage2,0.0125,72.2781,1.4453914438096316,0.6295735239982605,0.6295735239982605,0.6222767050021163,33.29180371761322,1.0,R3,0.0,109.0,42.68671379314661,0.0,00000_002145,00000,0.30758994817733765,1.0,0.0
0.17693232719986035,100.54659483609784,22,delayed_required_escape,0.9308566438308785,0.9308566438308785,0.5162188823168352,24.648677302305398,0.7881932589021065,0.7881932589021065,0.0,dwa_semantic,0.0,82.21889999999989,1.6441839862896168,0.8555511738759666,0.8555511738759666,0.4750310056409346,30.037968101397155,0.0,R3,0.0,37.0,38.734416146335,9.0,00000_002145,00000,0.0,1.0,0.0
0.14853215023841976,1027.6725582634267,23,delayed_required_escape,0.949999988079071,0.949999988079071,0.8862317441652193,37.54423298664093,0.9499999880790712,0.9499999880790712,0.0,semantic_apf,0.0625,72.4852,1.8600065690883347,0.949999988079071,0.949999988079071,0.9041064691592913,53.2192327899456,5.0,R1,0.0,103.0,59.065581367686384,10.0,00000_002145,00000,1.1771038323640823,1.0,0.0
6.9189941753660715,132.62280913963832,23,delayed_required_escape,0.8490915858189534,0.8490915858189534,0.5110844016351866,17.72312933770418,0.7831768799975602,0.7831768799975602,0.0,route_aware_stage2,0.0125,49.334299999999956,1.265942869459897,0.8490915858189534,0.8490915858189534,0.5110844016351866,17.72312933770418,1.0,R1,0.0,11.0,24.453109244999286,0.0,00000_002145,00000,0.3142695724964142,1.0,1.0
0.17623574180125268,33.30991485367658,23,delayed_required_escape,0.949663473972053,0.949663473972053,0.5768794349044203,23.466013213324544,0.9202893619558818,0.9202893619558818,0.0,dwa_semantic,0.05,55.95559999999995,1.4358487467411156,0.949663473972053,0.949663473972053,0.5768794349044203,23.466013213324544,4.0,R1,0.0,11.0,30.020374396824835,6.0,00000_002145,00000,0.9458292424678802,1.0,1.0
0.14518705678970686,1018.4198041374055,24,delayed_required_escape,0.949999988079071,0.949999988079071,0.7932522734742106,32.12671707570553,0.9499999880790709,0.9499999880790709,0.0,semantic_apf,0.0125,72.071,1.6907279858869473,0.9499999880790709,0.9499999880790709,0.8376410068136401,47.326716884970665,1.0,R1,0.0,103.0,52.59035940322876,0.0,00000_000983,00000,0.16093763709068298,1.0,0.0
12.300713296728926,215.89759627382978,24,delayed_required_escape,0.8961662544421017,0.8961662544421017,0.5628316148418863,23.139358482025578,0.8289628005769808,0.8289628005769808,0.0,route_aware_stage2,0.0125,57.718899999999906,1.354039205014638,0.8961662544421017,0.8961662544421017,0.5628316148418863,23.139358482025578,1.0,R1,0.0,20.0,29.848042579181502,0.0,00000_000983,00000,0.24607853591442108,1.0,1.0
0.1790627553573552,53.04912365585525,24,delayed_required_escape,0.8145097019623545,0.8145097019623545,0.5321471998399945,22.89648470863551,0.7418288019292787,0.7418288019292787,0.0,dwa_semantic,0.025,59.4259999999999,1.3940864049245545,0.8145097019623545,0.8145097019623545,0.5321471998399945,22.89648470863551,2.0,R1,0.0,8.0,28.844940208335228,0.0,00000_000983,00000,0.29839806258678436,1.0,1.0
0.1445916639308312,1039.3927134897206,25,delayed_required_escape,0.949999988079071,0.949999988079071,0.8879503740204705,35.961990147829056,0.949999988079071,0.949999988079071,0.0,semantic_apf,0.125,70.8284,2.048780770009546,0.949999988079071,0.949999988079071,0.9062954773073612,52.11198994517326,10.0,R3,0.0,105.0,56.88144770796597,16.0,00000_000983,00000,2.2369905710220337,1.0,0.0
4.268759931756617,9.86960440108936,25,delayed_required_escape,0.9494559610366499,0.9494559610366499,0.5799942969821755,15.84173223005235,0.9409921840951528,0.9409921840951528,0.0,route_aware_stage2,0.125,40.64199999999998,1.175609614995227,0.9494559610366499,0.9494559610366499,0.5799942969821755,15.84173223005235,10.0,R3,0.0,0.0,20.61118999284506,12.0,00000_000983,00000,2.2369905710220337,0.0,1.0
0.1785136220860295,189.9898847209702,25,delayed_required_escape,0.8134958849741245,0.8134958849741245,0.3482296041648564,14.896600829924642,0.676367905550946,0.676367905550946,0.0,dwa_semantic,0.1,74.142,2.144629892106101,0.721974190585367,0.721974190585367,0.30309093626300193,18.118200297023357,8.0,R3,0.0,68.0,23.29928501600474,0.0,00000_000983,00000,2.0912355184555054,1.0,0.0
0.14732767137632305,1075.7868797187377,26,delayed_required_escape,0.949999988079071,0.949999988079071,0.8254582044886954,33.431057281792164,0.949999988079071,0.949999988079071,0.0,semantic_apf,0.0125,70.0,2.2870958783264985,0.949999988079071,0.949999988079071,0.8652278496688154,51.481057055294514,1.0,R1,0.0,109.0,55.12470058351755,0.0,00000_000983,00000,0.1795455515384674,1.0,0.0
9.937813012758653,194.9246869215149,26,delayed_required_escape,0.7401862892728175,0.7401862892728175,0.5182748739088123,16.587853786838057,0.6879547139186322,0.6879547139186322,0.0,route_aware_stage2,0.0125,44.16269999999996,1.4429189877967081,0.7401862892728175,0.7401862892728175,0.5182748739088123,16.587853786838057,1.0,R1,0.0,17.0,21.589792682325843,0.0,00000_000983,00000,0.20178067684173584,1.0,1.0
0.17957163492584943,111.03304951225532,26,delayed_required_escape,0.5577243084207547,0.5577243084207547,0.47126408681581833,15.490356280818576,0.5556648694291558,0.5556648694291558,0.0,dwa_semantic,0.0,44.81949999999996,1.4643784816950631,0.5577243084207547,0.5577243084207547,0.47126408681581833,15.490356280818576,0.0,R1,0.0,19.0,19.432520140790942,0.0,00000_000983,00000,0.0,1.0,1.0
0.14559474511770532,1030.139959363699,27,delayed_required_escape,0.949999988079071,0.949999988079071,0.9037486127195172,36.788985152834655,0.949999988079071,0.949999988079071,0.0,semantic_apf,0.0625,70.62129999999999,1.9805843485674546,0.949999988079071,0.949999988079071,0.9170886997617311,52.46398495613933,5.0,R1,0.0,104.0,59.073407250201704,16.0,00000_000983,00000,1.375080555677414,1.0,0.0
3.6814571047822633,11.720155226293613,27,delayed_required_escape,0.9476577495174956,0.9476577495174956,0.6023017879993932,17.874811313351994,0.9099292755629057,0.9099292755629057,0.0,route_aware_stage2,0.0625,43.09169999999996,1.2085128222386745,0.9476577495174956,0.9476577495174956,0.6023017879993932,17.874811313351994,5.0,R1,0.0,0.0,24.484233607414367,12.0,00000_000983,00000,1.375080555677414,0.0,1.0
0.17807609099265817,12.953855776429783,27,delayed_required_escape,0.8525197932633933,0.8525197932633933,0.4607471295111768,12.79867983827442,0.7409499549870481,0.7409499549870481,0.0,dwa_semantic,0.125,44.09169999999999,1.236557963698369,0.8525197932633933,0.8525197932633933,0.4607471295111768,12.79867983827442,10.0,R1,0.0,0.0,20.705916893388324,13.0,00000_000983,00000,2.9500805735588074,0.0,1.0
0.14737850807640435,1049.26231789081,28,delayed_required_escape,0.949999988079071,0.949999988079071,0.8179753555191888,33.128001898527145,0.949999988079071,0.949999988079071,0.0,semantic_apf,0.0125,71.8639,2.035020502016221,0.949999988079071,0.949999988079071,0.8578103739639809,49.75300168991089,1.0,R1,0.0,106.0,54.42919664041102,0.0,00000_000983,00000,0.16002598404884338,1.0,0.0
14.099977189185735,189.37303444590214,28,delayed_required_escape,0.9475996226332934,0.9475996226332934,0.6020608948193746,20.047905324411396,0.9281605740026058,0.9281605740026058,0.0,route_aware_stage2,0.0125,48.198199999999964,1.3648622626976568,0.9475996226332934,0.9475996226332934,0.6020608948193746,20.047905324411396,1.0,R1,0.0,17.0,25.658199126595253,0.0,00000_000983,00000,0.16721589863300323,1.0,1.0
0.17986214825754412,74.02203300817023,28,delayed_required_escape,0.9413708397711285,0.9413708397711285,0.5433844337037238,24.183813267974557,0.8613774470146695,0.8613774470146695,0.0,dwa_semantic,0.0,58.99109999999995,1.6704923882017115,0.9413708397711285,0.9413708397711285,0.5433844337037238,24.183813267974557,0.0,R1,0.0,16.0,29.424240136818593,0.0,00000_000983,00000,0.0,1.0,1.0
0.14406628678053884,1019.0366544124736,29,delayed_required_escape,0.949999988079071,0.949999988079071,0.9037378985473032,36.78854900995493,0.949999988079071,0.949999988079071,0.0,semantic_apf,0.025,71.6568,1.7489895143811158,0.949999988079071,0.949999988079071,0.916790821946812,51.988548819220064,2.0,R1,0.0,103.0,60.003308075881,16.0,00000_000983,00000,0.550000011920929,1.0,0.0
0.23697557870933003,4.317951925476595,29,delayed_required_escape,0.5638968115098989,0.5638968115098989,0.4017841631456182,9.51919092849493,0.5644034303515162,0.5644034303515162,0.0,route_aware_stage2,0.1125,39.4704,0.9633882022142823,0.5638968115098989,0.5638968115098989,0.4017841631456182,9.51919092849493,9.0,R1,0.0,0.0,17.988161947917934,0.0,00000_000983,00000,2.9822906608343125,0.0,1.0
0.1794511084361667,297.93868285788506,29,delayed_required_escape,0.4656821465496453,0.4656821465496453,0.24411503575306506,10.796670978279412,0.5510065778709557,0.5510065778709557,0.0,dwa_semantic,0.2125,76.62720000000002,1.870306367523873,0.4020260634314517,0.4020260634314517,0.23010417148535453,13.858668019385636,17.0,R1,0.0,85.0,22.659301512356105,1.0,00000_000983,00000,4.628271712343395,1.0,0.0
0.1451867649198643,1019.6535046875417,30,delayed_required_escape,0.949999988079071,0.949999988079071,0.9014537963602278,36.508878752589226,0.949999988079071,0.949999988079071,0.0,semantic_apf,0.125,71.8639,1.8279653860241758,0.9499999880790709,0.9499999880790709,0.9152013904752985,51.70887856185436,10.0,R1,0.0,103.0,57.271008282461764,16.0,00000_000983,00000,2.7838791757822037,1.0,0.0
5.103603443440309,9.252754126021275,30,delayed_required_escape,0.9494609984936188,0.9494609984936188,0.605333261608637,17.995226134449243,0.936407546870627,0.936407546870627,0.0,route_aware_stage2,0.125,45.09169999999997,1.1469745838590206,0.9494609984936188,0.9494609984936188,0.605333261608637,17.995226134449243,10.0,R1,0.0,0.0,23.557355855056652,12.0,00000_000983,00000,2.7838791757822037,0.0,1.0
0.1789844146270941,15.421256876702124,30,delayed_required_escape,0.8448036037288212,0.8448036037288212,0.5695748501997371,17.432692652638256,0.7399431936926923,0.7399431936926923,0.0,dwa_semantic,0.1375,47.627199999999974,1.2114688046884539,0.8448036037288212,0.8448036037288212,0.5695748501997371,17.432692652638256,11.0,R1,0.0,0.0,23.832165935035057,13.0,00000_000983,00000,3.18744295835495,0.0,1.0
0.1436040803257908,1000.5311461604311,31,delayed_required_escape,0.9499999880790709,0.9499999880790709,0.8938778957224216,50.27133530427072,0.9499999880790712,0.9499999880790712,0.0,semantic_apf,0.0125,97.13009999999973,2.008687829593626,0.9499999880790707,0.9499999880790707,0.9092488186502713,70.42368505139201,1.0,R1,0.0,101.0,80.2418802945151,14.0,00000_000983,00000,0.2809621483147144,1.0,0.0
2.7538785571648208,1223.830945735079,31,delayed_required_escape,0.5927862524986267,0.5927862524986267,0.5874248956456597,33.64481964059467,0.5927862524986268,0.5927862524986268,0.0,route_aware_stage2,0.0125,97.75139999999973,2.0215365525798736,0.5927862524986267,0.5927862524986267,0.5879752984992022,46.14906402613512,1.0,R1,0.0,123.0,56.057848106893786,0.0,00000_000983,00000,0.39536091647744176,1.0,0.0
0.1787267645875759,20.356059077246805,31,delayed_required_escape,0.5861543808225499,0.5861543808225499,0.5355369119160064,19.320511617502568,0.5754695825012688,0.5754695825012688,0.0,dwa_semantic,0.15,54.30469999999995,1.1230420845827727,0.5861543808225499,0.5861543808225499,0.5355369119160064,19.320511617502568,12.0,R1,0.0,0.0,28.45381103880704,0.0,00000_000983,00000,4.84745563418269,0.0,1.0
0.07170423550792691,9.86960440108936,32,delayed_required_escape,0.6722272699756423,0.6722272699756423,0.5513217857287351,23.74923343165815,0.6358086742094434,0.6358086742094434,0.0,semantic_apf,0.0125,65.9052999999999,0.9717750794388045,0.6722272699756423,0.6722272699756423,0.5513217857287351,23.74923343165815,1.0,R3,0.0,0.0,34.02806414594352,80.0,00000_002723,00000,0.2420203536748886,0.0,1.0
0.7539387112601771,46.88062090517443,32,delayed_required_escape,0.7808991577046527,0.7808991577046527,0.5750145185367899,26.3962139777869,0.7122239492849102,0.7122239492849102,0.0,route_aware_stage2,0.0125,68.7336999999999,1.0134798988491511,0.7808991577046527,0.7808991577046527,0.5750145185367899,26.3962139777869,1.0,R3,0.0,3.0,36.67504469207227,80.0,00000_002723,00000,0.2420203536748886,0.0,1.0
0.1770570219377987,1144.2572602512955,32,delayed_required_escape,0.6701112389564514,0.6701112389564514,0.6478965804900652,26.23981150984764,0.6701112389564514,0.6701112389564514,0.0,dwa_semantic,0.0125,73.31360000000001,1.0810106237881454,0.6701112389564514,0.6701112389564514,0.6481674909591675,31.11203956604004,1.0,R3,0.0,115.0,45.84868899894059,0.0,00000_002723,00000,0.3131118714809418,1.0,0.0
0.14216698618838564,951.1831241549846,33,delayed_required_escape,0.9448074258612149,0.9448074258612149,0.8952871092214975,37.37161168538928,0.9446025508065604,0.9446025508065604,0.0,semantic_apf,0.0625,73.5207,1.433599173231419,0.9446948646596672,0.9446948646596672,0.9068886172324255,49.64544081770778,5.0,R1,0.0,95.0,58.808054244661335,15.0,00000_002723,00000,1.38796266913414,1.0,0.0
4.3848563604360296,15.421256876702126,33,delayed_required_escape,0.6723904122651635,0.6723904122651635,0.4247595594645509,14.180427988900243,0.6303277745881698,0.6303277745881698,0.0,route_aware_stage2,0.0625,52.16269999999995,1.017133998908042,0.6723904122651635,0.6723904122651635,0.4247595594645509,14.180427988900243,5.0,R1,0.0,0.0,23.006910015259685,12.0,00000_002723,00000,1.38796266913414,0.0,1.0
0.17900714904369255,238.72105645134903,33,delayed_required_escape,0.47580256280587524,0.47580256280587524,0.4414855460173149,21.628862533488874,0.48007309052452096,0.48007309052452096,0.0,dwa_semantic,0.0125,85.32539999999987,1.6637820762811009,0.4753018957626773,0.4753018957626773,0.44262851118195906,28.630717040187132,1.0,R1,0.0,123.0,37.95409466305973,0.0,00000_002723,00000,0.24139245330691336,1.0,0.0
0.1171221723780036,869.7588878459978,34,delayed_required_escape,0.949999988079071,0.949999988079071,0.896932396173941,36.69727144353986,0.949999988079071,0.949999988079071,0.0,semantic_apf,0.0375,71.24260000000001,1.1040811076362327,0.9499999880790709,0.9499999880790709,0.9060608355940593,44.772271342211965,3.0,R3,0.0,87.0,54.55533137857318,14.0,00000_002723,00000,0.7377910315990448,1.0,0.0
18.02716682868777,855.5713315194321,34,delayed_required_escape,0.949999988079071,0.949999988079071,0.9108141887158315,50.469307173770694,0.949999988079071,0.949999988079071,0.0,route_aware_stage2,0.0375,89.26029999999976,1.3833101387644773,0.9499999880790707,0.9499999880790707,0.9177991787813908,61.88894244366888,3.0,R3,0.0,85.0,71.67200248003003,11.0,00000_002723,00000,0.7377910315990448,1.0,0.0
0.1793050585547462,1099.227190171325,34,delayed_required_escape,0.6835397481918335,0.6835397481918335,0.6562913641517547,37.58915351092814,0.6835397481918336,0.6835397481918336,0.0,dwa_semantic,0.0125,96.50879999999974,1.4956436570344618,0.6835397481918335,0.6835397481918335,0.6566236615180971,45.50126192382572,1.0,R3,0.0,110.0,61.0308776160389,0.0,00000_002723,00000,0.44526622617244715,1.0,0.0
0.12281128604497228,432.41204282272764,35,delayed_required_escape,0.9158740020220841,0.9158740020220841,0.5581433530534129,25.889256174041336,0.7812944039795059,0.7812944039795059,0.0,semantic_apf,0.0125,78.99109999999989,1.1706495465815412,0.859547413984382,0.859547413984382,0.5593604874586507,31.694875492723295,1.0,R3,0.0,41.0,41.83437672897726,0.0,00000_002723,00000,0.22530928254127502,1.0,0.0
7.6149245609745515,398.485277693983,35,delayed_required_escape,0.9128607378683483,0.9128607378683483,0.5783400800137916,27.85441977168024,0.8171320492205976,0.8171320492205976,0.0,route_aware_stage2,0.0125,88.63899999999988,1.3136316010213964,0.8747757411177304,0.8747757411177304,0.5735018694148111,33.75345252440871,1.0,R3,0.0,42.0,51.46845480358601,0.0,00000_002723,00000,0.41127975493669505,1.0,0.0
0.1792363275723931,918.4900595763763,35,delayed_required_escape,0.6701112389564514,0.6701112389564514,0.6423182553339558,26.54598578374386,0.6707324955944522,0.6707324955944522,0.0,dwa_semantic,0.0,76.4201,1.1325472795633453,0.6701112389564514,0.6701112389564514,0.6432668748918918,31.7313257114172,0.0,R3,0.0,95.0,46.163862454998494,0.0,00000_002723,00000,0.0,1.0,0.0
0.07204457474670009,13.570706051497869,36,delayed_required_escape,0.6883313131897612,0.6883313131897612,0.47052679247866697,16.2930253485173,0.6397858920533313,0.6397858920533313,0.0,semantic_apf,0.0125,55.112399999999916,0.9749816900361954,0.6883313131897612,0.6883313131897612,0.47052679247866697,16.2930253485173,1.0,R3,0.0,0.0,25.45784967761636,80.0,00000_002723,00000,0.2420203536748886,0.0,1.0
0.8632617280691983,18.50550825204255,36,delayed_required_escape,0.7093912903970125,0.7093912903970125,0.47619385924057933,16.686499499192834,0.653946578871168,0.653946578871168,0.0,route_aware_stage2,0.0125,55.52659999999992,0.9823092137153129,0.7093912903970125,0.7093912903970125,0.47619385924057933,16.686499499192834,1.0,R3,0.0,0.0,25.851323828291893,80.0,00000_002723,00000,0.2420203536748886,0.0,1.0
0.17793333681765944,199.2426388469916,36,delayed_required_escape,0.6234491028932574,0.6234491028932574,0.5824434951490624,29.378915850114826,0.6199630040404557,0.6199630040404557,0.0,dwa_semantic,0.0,87.81059999999984,1.5534385581301542,0.6229913839324592,0.6229913839324592,0.5818236154626782,37.72555959132314,0.0,R3,0.0,103.0,49.17514589008093,0.0,00000_002723,00000,0.0,1.0,0.0
0.14237322112811462,951.7999744300528,37,delayed_required_escape,0.949999988079071,0.949999988079071,0.9049442667059517,37.21248467449546,0.949999988079071,0.949999988079071,0.0,semantic_apf,0.1,73.7278,1.4612411704548167,0.949999988079071,0.949999988079071,0.9157667040430177,49.56248451952338,8.0,R3,0.0,95.0,59.10990454821884,15.0,00000_002723,00000,2.229186564683914,1.0,0.0
2.3758464564955584,17.888657976974464,37,delayed_required_escape,0.7178581894322151,0.7178581894322151,0.49074195400574816,15.832954884673656,0.659749930627408,0.659749930627408,0.0,route_aware_stage2,0.075,51.86979999999996,1.0280286033661277,0.7178581894322151,0.7178581894322151,0.49074195400574816,15.832954884673656,6.0,R3,0.0,0.0,25.083101812069113,10.0,00000_002723,00000,1.6722227036952972,0.0,1.0
0.1788184208895213,218.3649973741023,37,delayed_required_escape,0.4770396713298161,0.4770396713298161,0.4437291387660401,21.6468823055625,0.4820752886309032,0.4820752886309032,0.0,dwa_semantic,0.0125,85.53249999999987,1.695203307462401,0.4770424286485322,0.4770424286485322,0.44348768652152243,28.686291422346244,1.0,R3,0.0,119.0,38.085539847141504,0.0,00000_002723,00000,0.19692279398441315,1.0,0.0
0.12603486455710872,985.7267395587972,38,delayed_required_escape,0.949999988079071,0.949999988079071,0.9053443648197033,36.66644677519798,0.949999988079071,0.949999988079071,0.0,semantic_apf,0.0,71.4497,1.5949020955918476,0.949999988079071,0.949999988079071,0.9171172109517184,50.44144660234451,0.0,R1,0.0,99.0,58.36679651553929,15.0,00000_002723,00000,0.0,1.0,0.0
4.94278930834428,954.2673755303251,38,delayed_required_escape,0.9499656955228712,0.9499656955228712,0.9026572014330039,36.93149727087021,0.949961802247888,0.949961802247888,0.0,route_aware_stage2,0.0,71.8639,1.6041478789610448,0.9499633300588205,0.9499633300588205,0.9145350499460524,50.67822816472054,0.0,R1,0.0,96.0,58.23704293507635,10.0,00000_002723,00000,0.0,1.0,0.0
0.17928035709441506,231.3188531505321,38,delayed_required_escape,0.47714314007659386,0.47714314007659386,0.44458769050097824,21.688765893399722,0.47702960965816216,0.47702960965816216,0.0,dwa_semantic,0.0125,84.91119999999988,1.89539005509076,0.4770812071156363,0.4770812071156363,0.44382909376389224,29.466035449531688,1.0,R1,0.0,126.0,37.66466322085262,0.0,00000_002723,00000,0.23880638182163239,1.0,0.0
0.1350450296221035,971.5391832322314,39,delayed_required_escape,0.949999988079071,1.0686048157699772,0.8947836576747626,37.721215699863436,0.9499999880790709,1.0176270491828259,0.5,semantic_apf,0.0,73.9349,1.5636346332797577,0.9499999880790709,1.0382506481940086,0.9089150027359463,51.496215527009966,0.0,R3,0.0,98.0,60.02923184092641,13.0,00000_002723,00000,0.0,1.0,0.0
1.0218874640607585,11.720155226293615,39,delayed_required_escape,0.916717022116862,1.3954350246489016,0.5603482168274337,16.55347081258595,0.8034594391014304,1.105513070601126,1.4142,route_aware_stage2,0.0,46.819499999999955,0.9901763810168344,0.916717022116862,1.3954350246489016,0.5603482168274337,16.55347081258595,0.0,R3,0.0,0.0,25.086487126502398,10.0,00000_002723,00000,0.0,0.0,1.0
0.17866893550879986,231.93570342560008,39,delayed_required_escape,0.47580256280587524,0.47580256280587524,0.4431472469094734,21.7102710880667,0.47528992378080326,0.47528992378080326,0.0,dwa_semantic,0.0,85.11829999999986,1.8001501565011409,0.47612426558660653,0.47612426558660653,0.4426951123160121,29.48243201197685,0.0,R3,0.0,124.0,37.4859419261247,0.0,00000_002723,00000,0.0,1.0,0.0
0.14816860036392296,1054.8139703664228,40,delayed_required_escape,0.9499999880790709,0.9499999880790709,0.8783895988610277,37.757752584961054,0.949999988079071,0.949999988079071,0.0,semantic_apf,0.0,73.5207,2.2924355336596927,0.949999988079071,0.949999988079071,0.8995256614782656,54.85775237038433,0.0,R1,0.0,106.0,60.75386471020579,4.0,00000_001214,00000,0.0,1.0,0.0
14.058679411501737,23.440310452587227,40,delayed_required_escape,0.9494527481591809,0.9494527481591809,0.6539305463496652,17.309803134094174,0.9337201156743511,0.9337201156743511,0.0,route_aware_stage2,0.0,40.248499999999986,1.2549811356053753,0.9494527481591809,0.9494527481591809,0.6539305463496652,17.309803134094174,0.0,R1,0.0,0.0,23.9272265537098,2.0,00000_001214,00000,0.0,0.0,1.0
0.17761325152070426,14.187556326565954,40,delayed_required_escape,0.7127704443419093,0.7127704443419093,0.5807717855816767,15.112088401085137,0.662968023153845,0.662968023153845,0.0,dwa_semantic,0.0,38.349099999999986,1.1957562907299426,0.7127704443419093,0.7127704443419093,0.5807717855816767,15.112088401085137,0.0,R1,0.0,0.0,21.381452311372755,0.0,00000_001214,00000,0.0,0.0,1.0
0.1507201061550794,1078.8711310940782,41,delayed_required_escape,0.949999988079071,0.949999988079071,0.891053133445731,36.45672611242533,0.949999988079071,0.949999988079071,0.0,semantic_apf,0.0125,73.1065,2.304178039448055,0.949999988079071,0.949999988079071,0.9097463687394254,54.50672588592768,1.0,R1,0.0,109.0,60.27329215724468,5.0,00000_001214,00000,0.2394408881664276,1.0,0.0
15.422802208722088,17.888657976974464,41,delayed_required_escape,0.9469148027844764,0.9469148027844764,0.6543268219027263,15.08629007115364,0.9064915747882151,0.9064915747882151,0.0,route_aware_stage2,0.025,37.49109999999998,1.181648270601806,0.9469148027844764,0.9469148027844764,0.6543268219027263,15.08629007115364,2.0,R1,0.0,0.0,21.472861582386493,0.0,00000_001214,00000,0.8087207670271397,0.0,1.0
0.17815811451578487,11.720155226293615,41,delayed_required_escape,0.9497378700873218,0.9497378700873218,0.542660171735113,15.159157631403207,0.8645861162346843,0.8645861162346843,0.0,dwa_semantic,0.025,39.884599999999985,1.2570868449750687,0.9497378700873218,0.9497378700873218,0.542660171735113,15.159157631403207,2.0,R1,0.0,0.0,20.951244425901766,0.0,00000_001214,00000,0.5539200305938721,0.0,1.0
0.14968836226866447,1077.0205802688738,42,delayed_required_escape,0.949999988079071,0.949999988079071,0.8932614377987238,36.17708823084831,0.949999988079071,0.949999988079071,0.0,semantic_apf,0.0125,71.2426,2.369146353629743,0.949999988079071,0.949999988079071,0.9113796303252212,54.22708800435066,1.0,R1,0.0,109.0,59.72944065107703,5.0,00000_001214,00000,0.2500508427619934,1.0,0.0
13.531513196763537,30.84251375340425,42,delayed_required_escape,0.9499539531885642,0.9499539531885642,0.6653305599726483,16.47578025577068,0.9355595938928976,0.9355595938928976,0.0,route_aware_stage2,0.025,37.9556,1.2621994612749825,0.9499539531885642,0.9499539531885642,0.6653305599726483,16.47578025577068,2.0,R1,0.0,0.0,22.784527132681013,0.0,00000_001214,00000,0.8087207670271397,0.0,1.0
0.17785124281155212,14.804406601634039,42,delayed_required_escape,0.9499876029554907,0.9499876029554907,0.5646275571081921,15.938193756538627,0.8932601650178884,0.8932601650178884,0.0,dwa_semantic,0.0,39.76329999999998,1.3223138572046151,0.9499876029554907,0.9499876029554907,0.5646275571081921,15.938193756538627,0.0,R1,0.0,0.0,21.893564328104258,0.0,00000_001214,00000,0.0,0.0,1.0
0.146987042847156,1009.1670500113843,43,delayed_required_escape,0.949999988079071,0.949999988079071,0.8893765279595691,36.94069877706468,0.949999988079071,0.949999988079071,0.0,semantic_apf,0.075,71.8639,1.9083910475664427,0.949999988079071,0.949999988079071,0.9062352562562213,52.14069858632982,6.0,R1,0.0,101.0,57.31658208465278,16.0,00000_001214,00000,1.39317587018013,1.0,0.0
23.70940043640855,948.7157230547123,43,delayed_required_escape,0.9499999880790712,0.9499999880790712,0.8771403387228903,37.159085595622656,0.949999988079071,0.949999988079071,0.0,route_aware_stage2,0.0,73.9349,1.96338775466848,0.949999988079071,0.949999988079071,0.8971142333683628,52.35908540488779,0.0,R1,0.0,95.0,57.630910862478615,0.0,00000_001214,00000,0.0,1.0,0.0
0.17784301287195245,201.09318967219565,43,delayed_required_escape,0.607448324163244,0.607448324163244,0.5073896927933972,24.12201634096801,0.5966229251967329,0.5966229251967329,0.0,dwa_semantic,0.0375,80.97629999999992,2.150376558815405,0.6055722468870123,0.6055722468870123,0.5231843845665973,34.002328655806174,3.0,R1,0.0,57.0,39.70214648497104,0.0,00000_001214,00000,0.6747209098577499,1.0,0.0
0.14172437180864758,537.2765895843013,44,delayed_required_escape,0.9499910369766861,0.9499910369766861,0.8554043883269341,41.02143068485109,0.9499866735863521,0.9499866735863521,0.0,semantic_apf,0.0125,84.28989999999992,1.834750374394873,0.9499882435656889,0.9499882435656889,0.8808854726553547,58.344304130212905,1.0,R1,0.0,100.0,66.81663607376956,0.0,00000_001214,00000,0.3762404233753681,1.0,0.0
10.442288051739236,16.654957426838294,44,delayed_required_escape,0.9172846432882856,0.9172846432882856,0.5368700206486774,16.933632069288194,0.802548511571169,0.802548511571169,0.0,route_aware_stage2,0.0875,50.42599999999995,1.097629993382788,0.9172846432882856,0.9172846432882856,0.5368700206486774,16.933632069288194,7.0,R1,0.0,0.0,25.715362303824726,12.0,00000_001214,00000,2.147445040977001,0.0,1.0
0.17776966394324387,32.6930645786085,44,delayed_required_escape,0.5653804489584647,0.5653804489584647,0.534782924480186,22.639660759821542,0.5625309793452169,0.5625309793452169,0.0,dwa_semantic,0.0,58.52659999999996,1.2739569184689863,0.5653804489584647,0.5653804489584647,0.534782924480186,22.639660759821542,0.0,R1,0.0,3.0,30.781860429263123,0.0,00000_001214,00000,0.0,0.0,1.0
0.07797348591724806,4.93480220054468,45,delayed_required_escape,0.9499997567795527,1.2155552789523685,0.6467291318988652,17.220585940897468,0.9066183520541047,1.083210579099113,0.7071,semantic_apf,0.225,40.04139999999998,0.9591099081404123,0.9499997567795527,1.2155552789523685,0.6467291318988652,17.220585940897468,18.0,R1,0.0,0.0,24.174096387040603,80.0,00000_001214,00000,9.30341480151415,0.0,1.0
0.2360401484844233,5.551652475612765,45,delayed_required_escape,0.949999723627618,1.2126659098602097,0.6396538542674081,17.219545722264055,0.897077390512783,1.0723872384585758,0.7071,route_aware_stage2,0.2125,40.334299999999985,0.9661257290681103,0.949999723627618,1.2126659098602097,0.6396538542674081,17.219545722264055,17.0,R1,0.0,0.0,24.173056168407197,30.0,00000_001214,00000,8.634729136043788,0.0,1.0
0.17923008687960515,199.85948912205947,45,delayed_required_escape,0.5775897138225468,0.5775897138225468,0.5223373662895306,24.5081214600414,0.5753091432667854,0.5753091432667854,0.0,dwa_semantic,0.0,78.69819999999994,1.8850545528581861,0.5801772328749993,0.5801772328749993,0.5156559989101188,33.23691680335104,0.0,R1,0.0,71.0,40.50449801566603,0.0,00000_001214,00000,0.0,1.0,0.0
0.06409625676760991,12.938011242783642,46,delayed_required_escape,0.6325389019900937,0.6325389019900937,0.43164793854066047,9.898392538612836,0.6052337127142353,0.6052337127142353,0.0,semantic_apf,0.0,37.002633988749885,0.9897827979635971,0.6325389019900937,0.6325389019900937,0.43164793854066047,9.898392538612836,0.0,R2,0.0,0.0,13.86942725733792,80.0,00000_001214,00000,0.0,0.0,1.0
1.5057870802339777,8.019053575885104,46,delayed_required_escape,0.6093968662459933,0.6093968662459933,0.42195489900343863,9.291742244485022,0.5903256657149877,0.5903256657149877,0.0,route_aware_stage2,0.0,36.091699999999996,0.9654162409120334,0.6093968662459933,0.6093968662459933,0.42195489900343863,9.291742244485022,0.0,R2,0.0,0.0,13.262776963210106,80.0,00000_001214,00000,0.0,0.0,1.0
0.17749455167047148,255.99286415325528,46,delayed_required_escape,0.5938250351262001,0.5938250351262001,0.5047077258449512,22.217587387102846,0.5898185312596139,0.5898185312596139,0.0,dwa_semantic,0.0,76.83429999999998,2.0552393231437542,0.5968690588114182,0.5968690588114182,0.5169661750167491,31.804120963352922,0.0,R2,0.0,71.0,36.313505488935114,18.0,00000_001214,00000,0.0,1.0,1.0
0.1339876849669963,1025.2051571631546,47,delayed_required_escape,0.949999988079071,0.949999988079071,0.8980945816394147,49.76449848213796,0.949999988079071,0.949999988079071,0.0,semantic_apf,0.025,93.81649999999975,2.309204178481407,0.9499999880790706,0.9499999880790706,0.9134754773792961,71.93208320397137,2.0,R2,0.0,103.0,76.18057134608918,14.0,00000_001214,00000,0.3454195261001587,1.0,0.0
21.05612186486334,1022.1209057878141,47,delayed_required_escape,0.949999988079071,0.949999988079071,0.879345462030566,35.79560365742445,0.949999988079071,0.949999988079071,0.0,route_aware_stage2,0.025,72.2781,1.7790568879962203,0.949999988079071,0.949999988079071,0.8997240458042642,51.47060346072912,2.0,R2,0.0,103.0,55.71909160284698,16.0,00000_001214,00000,0.3454195261001587,1.0,0.0
0.17744162178132683,394.7841760435745,47,delayed_required_escape,0.882275619659795,0.882275619659795,0.552160298833762,26.707883222529308,0.7386967907779683,0.7386967907779683,0.0,dwa_semantic,0.025,84.49699999999987,2.079813523944548,0.7866876049799844,0.7866876049799844,0.5288808776539454,36.17042766319216,2.0,R2,0.0,70.0,40.57058291472492,4.0,00000_001214,00000,0.3112848848104477,1.0,0.0
0.14319525175129197,1013.485001936861,48,delayed_required_escape,0.949999988079071,0.949999988079071,0.9012873783046116,36.688795437383654,0.949999988079071,0.949999988079071,0.0,semantic_apf,0.025,72.4852,1.7220782244480517,0.949999988079071,0.949999988079071,0.9147206536649153,51.413795252609255,2.0,R1,0.0,102.0,57.73743504424989,16.0,00000_002215,00000,0.5185117423534393,1.0,0.0
4.568237258354202,17.27180770190638,48,delayed_required_escape,0.9417473546917782,0.9417473546917782,0.583806138482516,17.859622246615587,0.8787720126168904,0.8787720126168904,0.0,route_aware_stage2,0.025,46.869799999999955,1.1135164414837126,0.9417473546917782,0.9417473546917782,0.583806138482516,17.859622246615587,2.0,R1,0.0,0.0,24.183262038256228,10.0,00000_002215,00000,0.5185117423534393,0.0,1.0
0.1789846014746997,125.22060583882127,48,delayed_required_escape,0.949999988079071,0.949999988079071,0.8389532566966015,34.84634299352169,0.949999988079071,0.949999988079071,0.0,dwa_semantic,0.0,73.31360000000001,1.7417590641385372,0.949999988079071,0.949999988079071,0.8553897426175435,48.7875816650629,0.0,R1,0.0,88.0,54.76613891555667,0.0,00000_002215,00000,0.0,1.0,0.0
0.14343934869560013,1015.9524030371332,49,delayed_required_escape,0.949999988079071,0.949999988079071,0.9012873783046116,36.688795437383654,0.949999988079071,0.949999988079071,0.0,semantic_apf,0.025,72.6923,1.7185428428229657,0.949999988079071,0.949999988079071,0.9147206536649153,51.413795252609255,2.0,R1,0.0,102.0,58.04989978590608,16.0,00000_002215,00000,0.5185117423534393,1.0,0.0
4.559476232269588,19.73920880217872,49,delayed_required_escape,0.9417473546917782,0.9417473546917782,0.583806138482516,17.859622246615587,0.8777356910360778,0.8777356910360778,0.0,route_aware_stage2,0.025,47.07689999999995,1.112960651365996,0.9417473546917782,0.9417473546917782,0.583806138482516,17.859622246615587,2.0,R1,0.0,0.0,24.495726779912413,10.0,00000_002215,00000,0.5185117423534393,0.0,1.0
0.17883121514127456,115.35100143773191,49,delayed_required_escape,0.949999988079071,0.949999988079071,0.8417613256426938,34.96297754123211,0.949999988079071,0.949999988079071,0.0,dwa_semantic,0.0,73.7278,1.743023442745422,0.949999988079071,0.949999988079071,0.8541502475412471,48.7168864436388,0.0,R1,0.0,87.0,55.02947081410587,0.0,00000_002215,00000,0.0,1.0,0.0
0.06578060703376602,12.953855776429785,50,delayed_required_escape,0.6405568012590458,0.6405568012590458,0.4356226446719203,11.913887271396815,0.6068664847164075,0.6068664847164075,0.0,semantic_apf,0.0,44.62719999999998,0.963156883777245,0.6405568012590458,0.6405568012590458,0.4356226446719203,11.913887271396815,0.0,R1,0.0,0.0,19.08057728413492,80.0,00000_002215,00000,0.0,0.0,1.0
0.2345660396748791,16.03810715177021,50,delayed_required_escape,0.5599200353287371,0.5599200353287371,0.3897175291387364,10.69186144016832,0.5562371463094732,0.5562371463094732,0.0,route_aware_stage2,0.0,44.92009999999999,0.9694783346246736,0.5599200353287371,0.5599200353287371,0.3897175291387364,10.69186144016832,0.0,R1,0.0,0.0,17.94013213201016,12.0,00000_002215,00000,0.0,0.0,1.0
0.1793268970320879,43.796369529833996,50,delayed_required_escape,0.5194046040295874,0.5194046040295874,0.2941101066411566,9.965803319492935,0.5356057541287953,0.5356057541287953,0.0,dwa_semantic,0.0,51.99109999999997,1.1220866615013065,0.5194046040295874,0.5194046040295874,0.2941101066411566,9.965803319492935,0.0,R1,0.0,5.0,17.414071120733027,4.0,00000_002215,00000,0.0,0.0,1.0
0.12597207013251527,977.7076859829122,51,delayed_required_escape,0.8736072293827026,0.8736072293827026,0.7349688954443366,30.527300556728242,0.8681396956502366,0.8681396956502366,0.0,semantic_apf,0.0,73.5207,1.5884690173710148,0.8702727959214045,0.8702727959214045,0.7425107312450105,41.97821544630229,0.0,R3,0.0,98.0,48.773530982285735,12.0,00000_002215,00000,0.0,1.0,0.0
2.1334499507377456,951.7999744300528,51,delayed_required_escape,0.7463857612457714,0.7463857612457714,0.6381905128821195,26.243223537379503,0.7111059638757496,0.7111059638757496,0.0,route_aware_stage2,0.0,73.10650000000001,1.5795199204908836,0.7248333164996986,0.7248333164996986,0.6384591882355446,35.83115964072347,0.0,R3,0.0,95.0,42.61283002107143,14.0,00000_002215,00000,0.0,1.0,0.0
0.1783847002246018,449.06700024956615,51,delayed_required_escape,0.3455720045061718,0.3455720045061718,0.3148492847480622,14.511938777822255,0.37828395218908817,0.37828395218908817,0.0,dwa_semantic,0.0,80.35499999999992,1.7361291158931806,0.34564133682919723,0.34564133682919723,0.3149317054668799,19.89193683289289,0.0,R3,0.0,119.0,25.986737862965445,0.0,00000_002215,00000,0.0,1.0,0.0
0.09294390474678949,164.08217316811064,52,delayed_required_escape,0.8736536064646165,0.8736536064646165,0.4751415871098917,16.395188090655207,0.7754302908669669,0.7754302908669669,0.0,semantic_apf,0.0125,50.69819999999997,1.2337820046384065,0.8736536064646165,0.8736536064646165,0.4751415871098917,16.395188090655207,1.0,R1,0.0,15.0,22.70057903149724,1.0,00000_002215,00000,0.2329829521983862,1.0,1.0
6.359143681196577,17.27180770190638,52,delayed_required_escape,0.5550512289065301,0.5550512289065301,0.38161031930938366,9.199289162431656,0.55046759588072,0.55046759588072,0.0,route_aware_stage2,0.0,39.67749999999998,0.9655842907448465,0.5550512289065301,0.5550512289065301,0.38161031930938366,9.199289162431656,0.0,R1,0.0,0.0,15.582600635536014,28.0,00000_002215,00000,0.0,0.0,1.0
0.17892891844747136,43.1795192547659,52,delayed_required_escape,0.7656285905410994,0.7656285905410994,0.4459669200528419,13.528094342958921,0.6911744913974449,0.6911744913974449,0.0,dwa_semantic,0.0,46.52659999999996,1.1322627197219877,0.7656285905410994,0.7656285905410994,0.4459669200528419,13.528094342958921,0.0,R1,0.0,1.0,20.301939317566156,7.0,00000_002215,00000,0.0,0.0,1.0
0.07170939012188707,22.696169957795384,53,delayed_required_escape,0.6394064244136723,0.6394064244136723,0.4912237850480414,13.169873740355879,0.6050645530848341,0.6050645530848341,0.0,semantic_apf,0.0,44.08843398874987,0.9868151527894332,0.6394064244136723,0.6394064244136723,0.4912237850480414,13.169873740355879,0.0,R1,0.0,0.0,20.336563753093984,80.0,00000_002215,00000,0.0,0.0,1.0
1.4192436459492648,17.888657976974464,53,delayed_required_escape,0.5898930410516768,0.5898930410516768,0.4488640508126018,11.625309597615896,0.5722663235818979,0.5722663235818979,0.0,route_aware_stage2,0.0,43.17749999999999,0.9664260533825756,0.5898930410516768,0.5898930410516768,0.4488640508126018,11.625309597615896,0.0,R1,0.0,0.0,18.791999610354008,25.0,00000_002215,00000,0.0,0.0,1.0
0.17828923477425,44.413219804902106,53,delayed_required_escape,0.7495607728408229,0.7495607728408229,0.49399731030346233,17.744432785831396,0.6834205480778506,0.6834205480778506,0.0,dwa_semantic,0.0125,53.81949999999995,1.2046220133176653,0.7495607728408229,0.7495607728408229,0.49399731030346233,17.744432785831396,1.0,R1,0.0,3.0,25.059819796834894,3.0,00000_002215,00000,0.2471858412027359,0.0,1.0
0.13562981600573817,1031.9905101889035,54,delayed_required_escape,0.9499999880790708,0.9499999880790708,0.9051242444521825,50.528922996240894,0.9499999880790712,0.9499999880790712,0.0,semantic_apf,0.025,94.64489999999974,2.190945456060665,0.9499999880790706,0.9499999880790706,0.9183524914580817,72.6965077180743,2.0,R3,0.0,103.0,79.22694677709035,15.0,00000_002215,00000,0.39684824645519257,1.0,0.0
6.206942711699965,36.39416622901699,54,delayed_required_escape,0.8059065471215897,0.8059065471215897,0.4929387833809473,21.787006935627772,0.7502174133954124,0.7502174133954124,0.0,route_aware_stage2,0.0,59.68339999999991,1.381617752591542,0.8059065471215897,0.8059065471215897,0.4929387833809473,21.787006935627772,0.0,R3,0.0,0.0,28.29728756478579,12.0,00000_002215,00000,0.0,0.0,1.0
0.1771948269119353,439.1973958484768,54,delayed_required_escape,0.34557057706120364,0.34557057706120364,0.3148457262376033,14.511774760025743,0.4031568854121181,0.4031568854121181,0.0,dwa_semantic,0.0,80.56209999999992,1.8649411318064175,0.3458267122554783,0.3458267122554783,0.3151505689807253,20.44375437966585,0.0,R3,0.0,116.0,26.53139638850986,0.0,00000_002215,00000,0.0,1.0,0.0
0.1335514832005304,1058.5150720168313,55,delayed_required_escape,0.9499999880790708,0.9499999880790708,0.9035010250909935,50.43830612611477,0.9499999880790712,0.9499999880790712,0.0,semantic_apf,0.0,94.64489999999975,2.584005875414986,0.9499999880790706,0.9499999880790706,0.9180635797130977,74.62112582266029,0.0,R2,0.0,106.0,79.85409436046473,15.0,00000_002215,00000,0.0,1.0,0.0
6.410386863452996,32.07621430354042,55,delayed_required_escape,0.8126752244518645,0.8126752244518645,0.46248568537016865,18.766235406696794,0.7517316852509577,0.7517316852509577,0.0,route_aware_stage2,0.0,53.940799999999925,1.472697885724269,0.8126752244518645,0.8126752244518645,0.46248568537016865,18.766235406696794,0.0,R2,0.0,0.0,23.99920394450127,11.0,00000_002215,00000,0.0,0.0,1.0
0.17790230090862938,153.59571849195316,55,delayed_required_escape,0.2942626068653228,0.2942626068653228,0.21186589295196184,8.71220094384551,0.37050310109551615,0.37050310109551615,0.0,dwa_semantic,0.0,72.4852,1.9789992136991097,0.27906014729714274,0.27906014729714274,0.2079512651228572,12.294349130707978,0.0,R2,0.0,100.0,17.1007575407058,1.0,00000_002215,00000,0.0,1.0,0.0
0.14423221208354725,1013.485001936861,56,delayed_required_escape,0.8577113785746826,0.8577113785746826,0.7936269973742627,33.292414451751114,0.8543799622651453,0.8543799622651453,0.0,semantic_apf,0.0125,73.1065,1.6823263284824062,0.855553133074443,0.855553133074443,0.8076528863814582,46.80324246993959,1.0,R1,0.0,101.0,52.02995790281594,15.0,00000_001633,00000,0.23460593819618225,1.0,0.0
2.432449886899641,997.4468947850908,56,delayed_required_escape,0.6446470469966443,0.6446470469966443,0.5642769172333659,23.43752389574647,0.6259912295207753,0.6259912295207753,0.0,route_aware_stage2,0.0,72.8994,1.6775605445558237,0.6325885752958588,0.6325885752958588,0.5674891361844566,32.6507711949408,0.0,R1,0.0,100.0,37.9203972689718,12.0,00000_001633,00000,0.0,1.0,0.0
0.18031585724591942,305.34088615870206,56,delayed_required_escape,0.41445348762027895,0.41445348762027895,0.33210777550090187,14.206939631155135,0.4110921269851559,0.4110921269851559,0.0,dwa_semantic,0.0,74.55619999999996,1.715686815968483,0.41274902698200205,0.41274902698200205,0.33019225903819316,19.749987705206877,0.0,R1,0.0,130.0,24.483992318123583,0.0,00000_001633,00000,0.0,1.0,0.0
0.1426559211852561,954.8842258053932,57,delayed_required_escape,0.9499999880790712,1.0748106803892075,0.8797558110017593,49.84150976533149,0.9499999880790712,1.0257047619443826,0.7071,semantic_apf,0.0125,93.40229999999974,1.8820787793790459,0.9499999880790706,1.0442317414213593,0.8969658141187704,67.30687954616997,1.0,R2,0.0,97.0,73.77280103349534,13.0,00000_001633,00000,0.15785687305033205,1.0,0.0
2.32785738480743,948.0988727796442,57,delayed_required_escape,0.9499999880790712,1.1169109665300634,0.8560606901375154,36.26606947091669,0.949999988079071,1.0459068237638467,0.7071,route_aware_stage2,0.0125,73.7278,1.4856328787439155,0.9499999880790712,1.0777185917179044,0.8781183432402363,48.61605614331812,1.0,R2,0.0,95.0,55.08197763064354,12.0,00000_001633,00000,0.15785687305033205,1.0,0.0
0.1798390136432967,211.5796443483527,57,delayed_required_escape,0.4229840739273731,0.4229840739273731,0.34816785285502305,14.100798040628433,0.46149437787436254,0.46149437787436254,0.0,dwa_semantic,0.0,71.6568,1.443901731308638,0.42177568139316884,0.42177568139316884,0.34711548101122136,18.570678234100342,0.0,R2,0.0,122.0,25.503778297743203,0.0,00000_001633,00000,0.0,1.0,0.0
0.14525385714867817,1042.4769648650608,58,delayed_required_escape,0.9438309063972575,0.9438309063972575,0.879440877359762,36.7101487672776,0.9435927922794246,0.9435927922794246,0.0,semantic_apf,0.0125,72.2781,1.9595739143165443,0.9436644153918811,0.9436644153918811,0.8982687364454699,53.2157754457444,1.0,R3,0.0,104.0,57.60133169422448,15.0,00000_001633,00000,0.23264995217323303,1.0,0.0
6.30998998564982,20.97290935231489,58,delayed_required_escape,0.8038940347943944,0.8038940347943944,0.44135552329419875,16.42416308834702,0.7420114747691274,0.7420114747691274,0.0,route_aware_stage2,0.0125,50.24849999999996,1.362316522342657,0.8038940347943944,0.8038940347943944,0.44135552329419875,16.42416308834702,1.0,R3,0.0,0.0,20.809719336827104,12.0,00000_001633,00000,0.23264995217323303,0.0,1.0
0.1813449863610523,309.6588380841788,58,delayed_required_escape,0.7634099031427172,0.7634099031427172,0.599289399373458,27.994605712932337,0.7364199703470051,0.7364199703470051,0.0,dwa_semantic,0.0125,80.76919999999991,2.1897811010557233,0.7620842102550943,0.7620842102550943,0.6059666364140832,40.416883908873785,1.0,R3,0.0,102.0,44.9909132830739,8.0,00000_001633,00000,0.19577281177043915,1.0,0.0
0.14051135055654282,429.3277914473867,59,delayed_required_escape,0.8429610133171084,0.8429610133171084,0.7224822357160987,33.89893874802292,0.842961013317108,0.842961013317108,0.0,semantic_apf,0.025,79.73369999999991,1.3889606011988442,0.8429610133171083,0.8429610133171083,0.7310832466834991,43.40426613895,2.0,R2,0.0,91.0,51.1162973540336,14.0,00000_001633,00000,0.4291006475687027,1.0,0.0
18.78077323615019,914.1721076508998,59,delayed_required_escape,0.9499123692512512,0.9499123692512512,0.8758722643320836,36.742578727051615,0.9499123692512512,0.9499123692512512,0.0,route_aware_stage2,0.025,73.31360000000001,1.277122495658068,0.9499123692512513,0.9499123692512513,0.8904720541363151,47.15022812490165,2.0,R2,0.0,91.0,54.86225933998525,14.0,00000_001633,00000,0.4291006475687027,1.0,0.0
0.17834469305983344,205.41114159767187,59,delayed_required_escape,0.41975162389837667,0.41975162389837667,0.3466300405102012,14.038516640663147,0.4555217126583961,0.4555217126583961,0.0,dwa_semantic,0.0,70.62129999999999,1.230222644947419,0.4209441782780064,0.4209441782780064,0.34682997771837176,17.861743852496147,0.0,R2,0.0,121.0,25.04574460502267,0.0,00000_001633,00000,0.0,1.0,0.0
0.12689765779733925,1061.5993233921718,60,delayed_required_escape,0.9500000499939417,0.9500000499939417,0.8816502896172722,36.072016279459,0.9500000232277078,0.9500000232277078,0.0,semantic_apf,0.075,72.071,2.145500227734827,0.9500000303594888,0.9500000303594888,0.9033253561419722,54.12201605296135,6.0,R2,0.0,107.0,58.033757392567395,15.0,00000_001633,00000,1.1475323736667633,1.0,0.0
4.89303844450559,20.97290935231489,60,delayed_required_escape,0.8296274691084543,0.8296274691084543,0.4364118056332679,15.532638062557579,0.7690470075134691,0.7690470075134691,0.0,route_aware_stage2,0.075,47.74849999999996,1.4214374384148452,0.8296274691084543,0.8296274691084543,0.4364118056332679,15.532638062557579,6.0,R2,0.0,0.0,19.444379402163626,12.0,00000_001633,00000,1.1475323736667633,0.0,1.0
0.17892179332972905,445.3658985991574,60,delayed_required_escape,0.36502078580267633,0.36502078580267633,0.3095481778368538,12.536701202392578,0.3662285313815115,0.3662285313815115,0.0,dwa_semantic,0.0125,70.2071,2.0900133068585394,0.36745712010800335,0.36745712010800335,0.31033807016220416,18.465115174651146,1.0,R2,0.0,133.0,21.742040458995106,0.0,00000_001633,00000,0.13942508399486542,1.0,0.0
0.1352305933583661,908.620455175287,61,delayed_required_escape,0.949999988079071,1.1193952820952557,0.869643838939073,36.301194911298154,0.949999988079071,1.0464486688149781,0.7071,semantic_apf,0.0,73.31360000000001,1.2741017771552317,0.949999988079071,1.0853493007089936,0.8857942519347888,46.2761947861284,0.0,R1,0.0,91.0,54.90012527500093,14.0,00000_001633,00000,0.0,1.0,0.0
2.3699260979940715,904.3025032498105,61,delayed_required_escape,0.9500014185905455,1.0766641015704557,0.8960557235702304,50.02266919059752,0.9500014185905457,1.026726873886371,0.7071,route_aware_stage2,0.0375,92.15969999999975,1.6016242218646017,0.9500014185905454,1.0500515773101216,0.9073898846774595,64.12932640463708,3.0,R1,0.0,90.0,72.66005912013652,13.0,00000_001633,00000,0.4166402816772461,1.0,0.0
0.17929697849987342,198.0089382968549,61,delayed_required_escape,0.4229840739273731,0.4229840739273731,0.3483744889129827,14.1091668009758,0.48296317715792586,0.48296317715792586,0.0,dwa_semantic,0.0,71.6568,1.2453085952027592,0.4213678489128749,0.4213678489128749,0.3473989466826121,17.717346280813217,0.0,R1,0.0,115.0,26.137726926109195,0.0,00000_001633,00000,0.0,1.0,0.0
0.13193624243805452,934.5281667281465,62,delayed_required_escape,0.949999988079071,0.949999988079071,0.8866582914277612,36.827795463597774,0.949999988079071,0.949999988079071,0.0,semantic_apf,0.0625,73.9349,1.299262107395973,0.949999988079071,0.949999988079071,0.9003930447814594,47.75279532650709,5.0,R2,0.0,94.0,55.387561991864445,15.0,00000_001633,00000,1.6620975462555883,1.0,0.0
4.808435164782817,910.4710060004912,62,delayed_required_escape,0.9500097036361694,0.9500097036361694,0.9032238571270552,50.79694843528268,0.9500097036361693,0.9500097036361693,0.0,route_aware_stage2,0.0625,93.40229999999974,1.6413638096978633,0.9500097036361695,0.9500097036361695,0.9137174496340386,66.24716487907168,5.0,R2,0.0,91.0,73.88193154442907,12.0,00000_001633,00000,1.6620975462555883,1.0,0.0
0.1798766723368317,220.83239847437392,62,delayed_required_escape,0.4229840739273731,0.4229840739273731,0.3488497465480993,14.128414735198021,0.4206175612524385,0.4206175612524385,0.0,dwa_semantic,0.0,70.2071,1.2337532707849717,0.4230462364279307,0.4230462364279307,0.34848574806864446,18.12125889956951,0.0,R2,0.0,130.0,24.25825938947797,0.0,00000_001633,00000,0.0,1.0,0.0
0.1439641718336913,1014.7187024869971,63,delayed_required_escape,0.949999988079071,1.0748106803892075,0.8978695716606706,50.867723138949316,0.949999988079071,1.0252045111987984,0.7071,semantic_apf,0.0125,94.02359999999975,2.2997314392216084,0.9499999880790706,1.0391890749977521,0.9127478572320233,72.36356286921202,1.0,R2,0.0,103.0,77.525092929089,13.0,00000_001633,00000,0.2753790088355541,1.0,0.0
2.354893978710087,1007.9333494612481,63,delayed_required_escape,0.9500050544738768,1.1169156101064122,0.8802873902357258,37.29240697120726,0.950005054473877,1.0467267151710948,0.7071,route_aware_stage2,0.0125,73.10650000000001,1.7881182645788396,0.950005054473877,1.0711584059079169,0.8993992401404095,52.49244731163084,1.0,R2,0.0,101.0,57.65397737150788,12.0,00000_001633,00000,0.2753790088355541,1.0,0.0
0.18032869111801333,15.421256876702126,63,delayed_required_escape,0.9499999880790712,1.4835415769328733,0.631398609783931,16.735788411071898,0.9021079171067667,1.2317175457540432,1.4142,dwa_semantic,0.0375,42.905299999999976,1.0494244776761907,0.9499999880790712,1.4835415769328733,0.631398609783931,16.735788411071898,3.0,R2,0.0,0.0,22.12713827193677,15.0,00000_001633,00000,0.5631571412086487,0.0,1.0
0.13710616538966341,932.6776159029423,64,delayed_required_escape,0.9485042171729606,0.9485042171729606,0.7294527091149665,32.56422784031033,0.9465409018014821,0.9465409018014821,0.0,semantic_apf,0.0125,79.52659999999999,1.6103522150629956,0.9474947945217748,0.9474947945217748,0.7702282121576205,44.39749460518956,1.0,R1,0.0,93.0,56.2863183598697,0.0,00000_002565,00000,0.38888342944979665,1.0,0.0
9.848901164826072,1009.1670500113844,64,delayed_required_escape,0.5657312273979187,0.5657312273979187,0.47361710743305785,25.26283123390081,0.5657312273979187,0.5657312273979187,0.0,route_aware_stage2,0.0125,94.23069999999979,1.908098881027685,0.5657312273979186,0.5657312273979186,0.48865548646090956,35.04871703531148,1.0,R1,0.0,104.0,43.534335654351096,0.0,00000_002565,00000,0.24177168701291082,1.0,0.0
0.18275404228396447,291.7701801072043,64,delayed_required_escape,0.505617350903142,0.505617350903142,0.39377585657306385,18.639104527786365,0.5086895261330218,0.5086895261330218,0.0,dwa_semantic,0.0,82.2188999999999,1.6648692102396279,0.5059034579433341,0.5059034579433341,0.39422072615619436,24.683105794382087,0.0,R1,0.0,116.0,32.53689945881068,0.0,00000_002565,00000,0.0,1.0,0.0
0.14367506332096777,965.9875307566186,65,delayed_required_escape,0.949999988079071,0.949999988079071,0.906501998136073,36.713330924510956,0.949999988079071,0.949999988079071,0.0,semantic_apf,0.0,73.10650000000001,1.3764488142128788,0.9499999880790712,0.9499999880790712,0.917071603168951,49.06333076953888,0.0,R1,0.0,97.0,59.39329818549752,16.0,00000_002565,00000,0.0,1.0,0.0
4.112841562891845,918.4900595763763,65,delayed_required_escape,0.9467826454154116,0.9467826454154116,0.8762393633994867,48.5534746132016,0.9464608510610827,0.9464608510610827,0.0,route_aware_stage2,0.05,92.98809999999975,1.7507794789917206,0.9465842610761265,0.9465842610761265,0.884436387720812,65.26769078096743,4.0,R1,0.0,92.0,74.9886122263431,10.0,00000_002565,00000,1.5629059316933154,1.0,0.0
0.17901662961646383,133.85650968977458,65,delayed_required_escape,0.4632389678027577,0.4632389678027577,0.3901429575246752,17.901553548836702,0.4620993978008096,0.4620993978008096,0.0,dwa_semantic,0.025,80.56209999999992,1.5168228135049444,0.46299132348054733,0.46299132348054733,0.38646565840871405,23.477209049841754,2.0,R1,0.0,114.0,31.137786198335874,0.0,00000_002565,00000,0.43485069274902344,1.0,0.0
0.11360903341223352,908.620455175287,66,delayed_required_escape,0.9467856576563437,0.9467856576563437,0.8650355119988645,48.29095347154146,0.9466590211336475,0.9466590211336475,0.0,semantic_apf,0.0,93.19519999999974,1.6084555270206808,0.946714409566188,0.946714409566188,0.8721140209378189,62.86956602118025,0.0,R1,0.0,91.0,73.68428357798469,17.0,00000_002565,00000,0.0,1.0,0.0
3.779849800879934,850.6365293188874,66,delayed_required_escape,0.6835192626835476,0.7714531504693548,0.5925155764694195,33.69096894206999,0.6461873236683362,0.6996007629169587,0.5,route_aware_stage2,0.0,93.60939999999975,1.6156042029105548,0.6623693812044618,0.7307461976345905,0.5885571756400341,43.0377726229369,0.0,R1,0.0,85.0,53.22295097489344,0.0,00000_002565,00000,0.0,1.0,0.0
0.18155820746739795,133.23965941470647,66,delayed_required_escape,0.46254343650636137,0.46254343650636137,0.3907642818749395,18.091917333671443,0.4780771498287043,0.4780771498287043,0.0,dwa_semantic,0.0,81.39049999999992,1.4047182641592801,0.4629076123622572,0.4629076123622572,0.39390621890695615,23.41993058884441,0.0,R1,0.0,111.0,32.48841177732943,0.0,00000_002565,00000,0.0,1.0,0.0
0.06988855028618982,12.337005501361698,67,delayed_required_escape,0.6633076014886501,0.6633076014886501,0.4537784294837103,16.47832837689966,0.6242266013288773,0.6242266013288773,0.0,semantic_apf,0.0125,58.84909999999998,0.9718096578054766,0.6633076014886501,0.6633076014886501,0.4537784294837103,16.47832837689966,1.0,R3,0.0,0.0,27.400137842847403,80.0,00000_002565,00000,0.3882909768819809,0.0,1.0
0.2522082284981893,6.785353025748935,67,delayed_required_escape,0.6228699437671537,0.6228699437671537,0.44763639444884895,16.200990678811074,0.595077123692379,0.595077123692379,0.0,route_aware_stage2,0.0,59.14199999999999,0.9766464870649085,0.6228699437671537,0.6228699437671537,0.44763639444884895,16.200990678811074,0.0,R3,0.0,0.0,27.241958482059836,30.0,00000_002565,00000,0.0,0.0,1.0
0.17982977089039714,291.7701801072043,67,delayed_required_escape,0.5051531767905111,0.5051531767905111,0.3905474479577605,18.72893719528317,0.4998227419165862,0.4998227419165862,0.0,dwa_semantic,0.0,83.46149999999989,1.3782486351521384,0.5043803482143058,0.5043803482143058,0.3903079174626521,22.324910324612254,0.0,R3,0.0,116.0,33.08486886270939,0.0,00000_002565,00000,0.0,1.0,0.0
0.13997434393136896,1028.2894085384949,68,delayed_required_escape,0.9499846140887549,0.9499846140887549,0.8987386326315379,37.32955847566724,0.9499837371900131,0.9499837371900131,0.0,semantic_apf,0.0625,73.1065,1.934095791400786,0.9499840121644166,0.9499840121644166,0.9137208574486853,53.941967679911855,5.0,R3,0.0,103.0,61.203943531772495,16.0,00000_002565,00000,2.0360854107677935,1.0,0.0
5.882722449730084,830.2804702416404,68,delayed_required_escape,0.9228454764109707,1.0333102458820431,0.7653383299317692,34.64173842920064,0.902613497069826,0.9663149867928646,0.5,route_aware_stage2,0.0625,78.49109999999995,2.0765500492079108,0.9198279480740982,0.9974434749050096,0.7725226964300164,49.76598935629127,5.0,R3,0.0,101.0,57.027965208151905,13.0,00000_002565,00000,2.0360854107677935,1.0,0.0
0.1798452863041016,19.122358527110634,68,delayed_required_escape,0.950000004738535,2.3474971192261784,0.5168163663043966,13.074833887861667,0.930009978411318,1.814081684365893,3.5355,dwa_semantic,0.175,39.99109999999999,1.057999195741664,0.950000004738535,2.3474971192261784,0.5168163663043966,13.074833887861667,14.0,R3,0.0,0.0,20.470363674314317,0.0,00000_002565,00000,6.869976338285208,0.0,1.0
0.1545975381824454,883.3295938974957,69,delayed_required_escape,0.949999988079071,0.949999988079071,0.8751815169621151,36.53235198994279,0.9499999880790709,0.9499999880790709,0.0,semantic_apf,0.0125,72.071,1.1713795334050656,0.949999988079071,0.949999988079071,0.8890523095372592,45.557351876693964,1.0,R1,0.0,88.0,55.428597834783794,2.0,00000_002565,00000,0.22949130833148956,1.0,0.0
10.887773207546811,1049.26231789081,69,delayed_required_escape,0.4527877376629579,0.4527877376629579,0.3538177015529803,19.23908519433437,0.49482018121930416,0.49482018121930416,0.0,route_aware_stage2,0.0125,92.78099999999978,1.5079819135138284,0.441829229328744,0.441829229328744,0.3469584249716937,23.5274589723855,1.0,R1,0.0,105.0,35.48049836127455,0.0,00000_002565,00000,0.351439516800642,1.0,0.0
0.18170569965150207,1140.556158600887,69,delayed_required_escape,0.6962956786155701,0.6962956786155701,0.6699657020745454,27.13361093401909,0.6962956786155701,0.6962956786155701,0.0,dwa_semantic,0.0125,71.8639,1.1680135096039779,0.6962956786155701,0.6962956786155701,0.6696365773677826,33.48182886838913,1.0,R1,0.0,115.0,46.326514702597265,0.0,00000_002565,00000,0.34814783930778503,1.0,0.0
0.14741512111088792,1008.5501997363162,70,delayed_required_escape,0.949999988079071,0.949999988079071,0.8982462473395416,38.42526779331565,0.949999988079071,0.949999988079071,0.0,semantic_apf,0.0375,74.7633,1.6273835022463712,0.9499999880790712,0.9499999880790712,0.9123341449039827,53.625267602580784,3.0,R3,0.0,100.0,62.48540050505697,8.0,00000_002565,00000,0.8434199094772339,1.0,0.0
6.606330641564758,109.79934896211917,70,delayed_required_escape,0.7783189577448877,0.7783189577448877,0.48088028462368076,17.887881003488605,0.7234700223275548,0.7234700223275548,0.0,route_aware_stage2,0.0,54.425999999999924,1.1846985685926232,0.7783189577448877,0.7783189577448877,0.48088028462368076,17.887881003488605,0.0,R3,0.0,9.0,27.453531988124553,0.0,00000_002565,00000,0.0,1.0,1.0
0.18219664884132467,230.70200287546385,70,delayed_required_escape,0.5156542696922024,0.5156542696922024,0.32196391996651746,14.706506954270607,0.5545963149455029,0.5545963149455029,0.0,dwa_semantic,0.025,80.76919999999994,1.7581147912095574,0.4958346253370713,0.4958346253370713,0.31368265805567314,19.86687157009542,2.0,R3,0.0,90.0,29.254712038454397,5.0,00000_002565,00000,0.7818609223544597,1.0,0.0
0.11630440026887559,414.5233848457532,71,delayed_required_escape,0.8409383322712513,0.8409383322712513,0.56375019953879,24.9334310751617,0.7307515591691202,0.7307515591691202,0.0,semantic_apf,0.0125,75.17749999999994,1.2246964222296794,0.7993011270026243,0.7993011270026243,0.5619711830781217,29.583287019598487,1.0,R3,0.0,40.0,39.7745239048034,0.0,00000_002565,00000,0.22500179708003998,1.0,0.0
10.484646513733813,415.1402351208213,71,delayed_required_escape,0.8235629907783715,0.8235629907783715,0.5606570210783334,26.30608349469751,0.708267074267579,0.708267074267579,0.0,route_aware_stage2,0.0125,85.11829999999992,1.3866393199597289,0.7861387812014511,0.7861387812014511,0.5591519760886109,30.708682441984116,1.0,R3,0.0,41.0,46.49164148829728,0.0,00000_002565,00000,0.4006749087631702,1.0,0.0
0.179327793635561,1061.5993233921718,71,delayed_required_escape,0.6962956786155701,0.6962956786155701,0.6693074526610198,27.1069518327713,0.6962956786155701,0.6962956786155701,0.0,dwa_semantic,0.0125,73.5207,1.1977059392746723,0.6962956786155701,0.6962956786155701,0.6693617412724446,32.46404445171356,1.0,R3,0.0,107.0,46.25305166471303,0.0,00000_002565,00000,0.32148873805999756,1.0,0.0
0.14386987168109044,1012.8681516617928,72,delayed_required_escape,0.9499999880790713,0.9499999880790713,0.9035231448206321,49.87818203899268,0.949999988079071,0.949999988079071,0.0,semantic_apf,0.125,94.02359999999975,2.2949153535235154,0.9499999880790706,0.9499999880790706,0.9170349431302752,71.37402176925539,10.0,R2,0.0,102.0,76.98753614497774,14.0,00000_000882,00000,2.1842876374721527,1.0,0.0
2.4668742997164372,6.16850275068085,72,delayed_required_escape,0.9488754202916526,0.9488754202916526,0.5940660884678383,17.83427982206643,0.9157717351677372,0.9157717351677372,0.0,route_aware_stage2,0.125,46.212999999999965,1.1279606740476054,0.9488754202916526,0.9488754202916526,0.5940660884678383,17.83427982206643,10.0,R2,0.0,0.0,23.44779419778884,12.0,00000_000882,00000,2.1842876374721527,0.0,1.0
0.17890364240604237,15.421256876702124,72,delayed_required_escape,0.7627431797553229,0.7627431797553229,0.39437914316291683,10.95510327669382,0.6854410589587444,0.6854410589587444,0.0,dwa_semantic,0.0,43.970399999999984,1.0732235955714375,0.7627431797553229,0.7627431797553229,0.39437914316291683,10.95510327669382,0.0,R2,0.0,0.0,16.843718700078124,9.0,00000_000882,00000,0.0,0.0,1.0
0.14400614142817045,967.8380815818228,73,delayed_required_escape,0.949999988079071,0.949999988079071,0.9053419180858282,36.666347682476044,0.949999988079071,0.949999988079071,0.0,semantic_apf,0.125,72.2781,1.5029225417275758,0.9499999880790709,0.9499999880790709,0.9165064355841389,49.4913475215435,10.0,R1,0.0,98.0,56.15151699523628,15.0,00000_000882,00000,2.9413481056690216,1.0,0.0
8.080716249449845,962.9032793812783,73,delayed_required_escape,0.9455040693283081,0.9455040693283081,0.8601364850852576,36.26060177444219,0.9455040693283081,0.9455040693283081,0.0,route_aware_stage2,0.0,74.142,1.5416797493122525,0.945504069328308,0.945504069328308,0.8730012739116004,48.588457301843164,0.0,R1,0.0,97.0,55.36458322853148,1.0,00000_000882,00000,0.0,1.0,0.0
0.1782013797700139,81.42423630898719,73,delayed_required_escape,0.9499999880790709,0.9499999880790709,0.8418119777997112,36.18545622811615,0.949999988079071,0.949999988079071,0.0,dwa_semantic,0.0,76.42009999999999,1.5890496696935241,0.949999988079071,0.949999988079071,0.8489840862188685,47.95503590689003,0.0,R1,0.0,80.0,55.47267210604548,0.0,00000_000882,00000,0.0,1.0,0.0
0.1440548838997659,1025.2051571631546,74,delayed_required_escape,0.949999988079071,0.949999988079071,0.672286989471675,29.03762133535743,0.949999988079071,0.949999988079071,0.0,semantic_apf,0.0125,77.4556,2.1545548363407767,0.9499999880790712,0.9499999880790712,0.749051739314151,44.7126211386621,1.0,R1,0.0,103.0,50.06182344108224,0.0,00000_000882,00000,0.19222055496275423,1.0,0.0
25.266068542259745,984.4930390086611,74,delayed_required_escape,0.9499999880790712,0.9499999880790712,0.6285872300486671,27.54066946246028,0.949999988079071,0.949999988079071,0.0,route_aware_stage2,0.0125,74.142,2.062381605409781,0.949999988079071,0.949999988079071,0.7165161632826585,43.21566926576495,1.0,R1,0.0,98.0,47.15710743827224,0.0,00000_000882,00000,0.12508802115917206,1.0,0.0
0.18184983408510952,123.98690528868505,74,delayed_required_escape,0.9499999433574818,0.9499999433574818,0.47534208712489223,21.71243818464726,0.949999988079071,0.949999988079071,0.0,dwa_semantic,0.025,76.21299999999997,2.1199898747416523,0.949999988079071,0.949999988079071,0.6013006721410795,37.38737254205197,2.0,R1,0.0,72.0,41.635100194890796,0.0,00000_000882,00000,0.2731996029615402,1.0,0.0
0.14130600507737004,1018.4198041374055,75,delayed_required_escape,0.9444327642188655,0.9444327642188655,0.8652453980901857,35.75920791043043,0.943937619918543,0.943937619918543,0.0,semantic_apf,0.05,74.5562,2.072709783599849,0.9441022691583151,0.9441022691583151,0.8765960118074916,51.56874082101584,4.0,R3,0.0,102.0,57.99720212064683,17.0,00000_000882,00000,1.7586565674662589,1.0,0.0
5.996857251531245,1007.3164991861801,75,delayed_required_escape,0.6997654432787193,0.6997654432787193,0.6137983923426723,25.748658419257403,0.65752427119466,0.65752427119466,0.0,route_aware_stage2,0.05,75.17750000000001,2.0899823187954545,0.6716327939297563,0.6716327939297563,0.6091283321715285,36.21249660909772,4.0,R3,0.0,101.0,42.640957908728716,13.0,00000_000882,00000,1.7586565674662589,1.0,0.0
0.18174980278508585,12.953855776429785,75,delayed_required_escape,0.949999925100037,1.1575402813223044,0.6493147632841884,15.643096482613679,0.8816957032115172,1.0047032878591868,0.5,dwa_semantic,0.1125,40.64789999999999,1.1300374752574338,0.949999925100037,1.1575402813223044,0.6493147632841884,15.643096482613679,9.0,R3,0.0,0.0,22.33819896109401,0.0,00000_000882,00000,3.325976264467835,0.0,1.0
0.1464277705443757,1049.879168165878,76,delayed_required_escape,0.949999988079071,0.949999988079071,0.8962773677007652,36.29923339188099,0.949999988079071,0.949999988079071,0.0,semantic_apf,0.125,70.62129999999999,2.0982773169166413,0.949999988079071,0.949999988079071,0.9124867790218057,52.92423318326473,10.0,R2,0.0,106.0,56.401004516759514,16.0,00000_000882,00000,2.574233815073967,1.0,0.0
6.394180902942834,13.570706051497869,76,delayed_required_escape,0.946559785383713,0.946559785383713,0.5426468375430616,14.372110021695494,0.9005302072059849,0.9005302072059849,0.0,route_aware_stage2,0.0,39.31360000000001,1.1680730194195532,0.946559785383713,0.946559785383713,0.5426468375430616,14.372110021695494,0.0,R2,0.0,0.0,17.900086672630906,14.0,00000_000882,00000,0.0,0.0,1.0
0.17904759725853284,16.654957426838294,76,delayed_required_escape,0.8321904139498244,0.8321904139498244,0.42736231003777025,11.58429645703882,0.7106518346263297,0.7106518346263297,0.0,dwa_semantic,0.0,43.45559999999999,1.2911387891897033,0.8321904139498244,0.8321904139498244,0.42736231003777025,11.58429645703882,0.0,R2,0.0,0.0,16.00706806767434,3.0,00000_000882,00000,0.0,0.0,1.0
0.06592077319510281,12.209715281637937,77,delayed_required_escape,0.6310036902841869,0.6310036902841869,0.5496589041313603,14.803212424723164,0.6009014670695328,0.6009014670695328,0.0,semantic_apf,0.0,42.88133398874985,0.9979272706037157,0.6310036902841869,0.6310036902841869,0.5496589041313603,14.803212424723164,0.0,R2,0.0,0.0,19.70754445198263,80.0,00000_000882,00000,0.0,0.0,1.0
0.5951744989598975,5.551652475612765,77,delayed_required_escape,0.5984425846964213,0.5984425846964213,0.5425215865752042,14.116791447797413,0.580042642545579,0.580042642545579,0.0,route_aware_stage2,0.0,41.970399999999955,0.9767281663656844,0.5984425846964213,0.5984425846964213,0.5425215865752042,14.116791447797413,0.0,R2,0.0,0.0,19.02112347505688,80.0,00000_000882,00000,0.0,0.0,1.0
0.17817237172633982,21.589759627382975,77,delayed_required_escape,0.8646744978602724,1.08885604972544,0.6011429912568392,18.96089154442847,0.7616392523364388,0.9105303077131307,0.7071,dwa_semantic,0.025,47.49109999999997,1.1052049783106517,0.8646744978602724,1.08885604972544,0.6011429912568392,18.96089154442847,2.0,R2,0.0,0.0,24.21441862552464,5.0,00000_000882,00000,0.3477950990200043,0.0,1.0
0.13962999946670607,1017.1861035872694,78,delayed_required_escape,0.9444327642188655,0.9444327642188655,0.8652453980901857,35.75920791043043,0.943937619918543,0.943937619918543,0.0,semantic_apf,0.05,74.5562,2.003498777309005,0.9441022691583151,0.9441022691583151,0.8765960118074916,51.56874082101584,4.0,R3,0.0,102.0,57.96516048608422,17.0,00000_000882,00000,1.7586565674662589,1.0,0.0
16.532938577542414,444.1321980490212,78,delayed_required_escape,0.9499999880790709,1.0757299008096026,0.8833005977329462,49.676472296261764,0.949999988079071,1.0231110277323237,0.7071,route_aware_stage2,0.05,96.71589999999973,2.5989815387095834,0.9499999880790705,1.0373091112712434,0.8937314222228292,72.38160979612466,4.0,R3,0.0,100.0,78.77802946119306,11.0,00000_000882,00000,1.7586565674662589,1.0,0.0
0.1814536571535947,506.4340758308978,78,delayed_required_escape,0.7646904180676865,0.7646904180676865,0.6283051218963448,27.137943316483497,0.7233056084582262,0.7233056084582262,0.0,dwa_semantic,0.05,77.2485,2.07584715018945,0.7376234704863307,0.7376234704863307,0.6253905696216545,37.95639206864834,4.0,R3,0.0,99.0,44.65149454712868,0.0,00000_000882,00000,1.5376702845454215,1.0,0.0
0.13973196473671123,983.2593384585249,79,delayed_required_escape,0.9499999880790713,0.9499999880790713,0.908261814007815,50.139776006668846,0.9499999880790712,0.9499999880790712,0.0,semantic_apf,0.125,93.40229999999974,2.003171968293182,0.9499999880790706,0.9499999880790706,0.9195665138319826,69.62038076221944,10.0,R2,0.0,99.0,75.72260288897748,14.0,00000_000882,00000,2.4458816051483154,1.0,0.0
3.20137701123184,11.103304951225528,79,delayed_required_escape,0.9257363106749424,0.9257363106749424,0.6068031929176543,20.634888698038452,0.8316066705885788,0.8316066705885788,0.0,route_aware_stage2,0.0375,51.69819999999993,1.1087562624390912,0.9257363106749424,0.9257363106749424,0.6068031929176543,20.634888698038452,3.0,R2,0.0,0.0,26.73711082479656,10.0,00000_000882,00000,0.5232053697109222,0.0,1.0
0.17935008367114677,20.97290935231489,79,delayed_required_escape,0.6413273867747518,0.6413273867747518,0.4782292595077713,14.90999273830354,0.6093605762138732,0.6093605762138732,0.0,dwa_semantic,0.0625,49.076899999999966,1.052538003568733,0.6413273867747518,0.6413273867747518,0.4782292595077713,14.90999273830354,5.0,R2,0.0,0.0,21.264763923591374,6.0,00000_000882,00000,0.817587599158287,0.0,1.0
0.14473090559476987,1028.906258813563,80,delayed_required_escape,0.949999988079071,0.949999988079071,0.8838533214580866,35.796059519052505,0.949999988079071,0.949999988079071,0.0,semantic_apf,0.125,71.2426,1.9092931263667947,0.949999988079071,0.949999988079071,0.9030010407431084,51.47105932235718,10.0,R2,0.0,104.0,53.67404658903405,16.0,00000_000130,00000,2.0710599422454834,1.0,0.0
4.791700829963175,8.019053575885104,80,delayed_required_escape,0.9491340379956117,0.9491340379956117,0.6179948954497319,17.497660271805533,0.9285588485572651,0.9285588485572651,0.0,route_aware_stage2,0.125,42.556199999999976,1.1405010505552935,0.9491340379956117,0.9491340379956117,0.6179948954497319,17.497660271805533,10.0,R2,0.0,0.0,19.700647538482407,12.0,00000_000130,00000,2.0710599422454834,0.0,1.0
0.17773913658367327,3.7011016504085097,80,delayed_required_escape,0.550000011920929,0.550000011920929,0.545754171156242,11.998514603704214,0.550000011920929,0.550000011920929,0.0,dwa_semantic,0.025,39.7485,1.0652550276574766,0.550000011920929,0.550000011920929,0.545754171156242,11.998514603704214,2.0,R2,0.0,0.0,17.323244760224974,0.0,00000_000130,00000,0.7773821883022785,0.0,1.0
0.15661222091044433,1015.9524030371332,81,delayed_required_escape,0.949999988079071,0.949999988079071,0.8821978576299621,36.170112162828445,0.949999988079071,0.949999988079071,0.0,semantic_apf,0.0125,74.2278,1.6761764971547302,0.949999988079071,0.949999988079071,0.901230034598133,51.37011197209358,1.0,R1,0.0,101.0,54.880325865487755,3.0,00000_000130,00000,0.25937408208847046,1.0,0.0
12.584428302943707,11.720155226293613,81,delayed_required_escape,0.8830390108670448,0.8830390108670448,0.5298999328231662,16.823528017236296,0.7641744176348754,0.7641744176348754,0.0,route_aware_stage2,0.025,50.84019999999994,1.1480489567338088,0.8830390108670448,0.8830390108670448,0.5298999328231662,16.823528017236296,2.0,R1,0.0,0.0,21.728960953496404,0.0,00000_000130,00000,0.7617644440412521,0.0,1.0
0.17732094482718302,4.317951925476595,81,delayed_required_escape,0.550000011920929,0.550000011920929,0.5489003941785041,15.439031167137617,0.5500000119209288,0.5500000119209288,0.0,dwa_semantic,0.2375,47.01179999999997,1.06159786830458,0.550000011920929,0.550000011920929,0.5489003941785041,15.439031167137617,19.0,R1,0.0,0.0,20.267938179218774,0.0,00000_000130,00000,7.358265991991756,0.0,1.0
0.14314453645576058,1056.047670916559,82,delayed_required_escape,0.949999988079071,0.949999988079071,0.9055544984193495,36.67495718598366,0.949999988079071,0.949999988079071,0.0,semantic_apf,0.125,70.0,2.3333333333333335,0.9499999880790709,0.9499999880790709,0.9192300336992639,53.77495697140694,10.0,R3,0.0,107.0,58.6077865883708,16.0,00000_000130,00000,2.9499576091766357,1.0,0.0
3.4687744548798283,4.93480220054468,82,delayed_required_escape,0.9496648258255795,0.9496648258255795,0.6230571916735642,14.944151353728772,0.9473829779735277,0.9473829779735277,0.0,route_aware_stage2,0.125,35.485200000000006,1.1828400000000001,0.9496648258255795,0.9496648258255795,0.6230571916735642,14.944151353728772,10.0,R3,0.0,0.0,19.776980970692634,12.0,00000_000130,00000,2.9499576091766357,0.0,1.0
0.17919211325445963,11.720155226293613,82,delayed_required_escape,0.631599713975015,0.631599713975015,0.5672788052497988,13.411605513715742,0.6034214171432699,0.6034214171432699,0.0,dwa_semantic,0.0625,39.698199999999986,1.3232733333333329,0.631599713975015,0.631599713975015,0.5672788052497988,13.411605513715742,5.0,R3,0.0,0.0,19.646690843720734,0.0,00000_000130,00000,1.9267671857357025,0.0,1.0
0.14291641585129713,998.0637450601588,83,delayed_required_escape,0.949999988079071,0.949999988079071,0.8987808485089996,36.40062436461449,0.949999988079071,0.949999988079071,0.0,semantic_apf,0.125,70.8284,1.7144088145308098,0.949999988079071,0.949999988079071,0.9126238592036136,50.65062418580055,10.0,R1,0.0,101.0,57.143557482427354,16.0,00000_000130,00000,2.6756247878074646,1.0,0.0
16.73896229351937,467.57250850160847,83,delayed_required_escape,0.9461245956244292,0.9461245956244292,0.7988417310479247,32.35309010744095,0.9451514581153112,0.9451514581153112,0.0,route_aware_stage2,0.125,70.8284,1.7144088145308098,0.9455103664784817,0.9455103664784817,0.8045793653608443,44.654154777526855,10.0,R1,0.0,93.0,51.14708807415366,12.0,00000_000130,00000,2.6756247878074646,1.0,0.0
0.1776282810573725,1.8505508252042546,83,delayed_required_escape,0.550000011920929,0.550000011920929,0.5500000119209291,13.191860285925863,0.550000011920929,0.550000011920929,0.0,dwa_semantic,0.0,44.284000000000006,1.071898842027808,0.550000011920929,0.550000011920929,0.5500000119209291,13.191860285925863,0.0,R1,0.0,0.0,21.98102416081577,0.0,00000_000130,00000,0.0,0.0,1.0
0.14383154983599006,987.5772903840015,84,delayed_required_escape,0.949999988079071,0.949999988079071,0.8858512960098408,35.87697748839855,0.949999988079071,0.949999988079071,0.0,semantic_apf,0.125,70.62129999999999,1.6953126500355287,0.949999988079071,0.949999988079071,0.9027632239190015,49.65197731554508,10.0,R1,0.0,100.0,53.90527470911145,16.0,00000_000130,00000,2.15197791159153,1.0,0.0
8.765133963696613,19.122358527110634,84,delayed_required_escape,0.7929334753224532,0.7929334753224532,0.3980432197553655,11.221753864309191,0.70225830745123,0.70225830745123,0.0,route_aware_stage2,0.0,44.84910000000001,1.076633346776517,0.7929334753224532,0.7929334753224532,0.3980432197553655,11.221753864309191,0.0,R1,0.0,0.0,15.73321820297539,0.0,00000_000130,00000,0.0,0.0,1.0
0.18073981148464716,8.019053575885104,84,delayed_required_escape,0.6439422332227213,0.6439422332227213,0.34756608586296545,10.709762343347073,0.5944049714489555,0.5944049714489555,0.0,dwa_semantic,0.0625,51.81949999999998,1.2439625703366555,0.6439422332227213,0.6439422332227213,0.34756608586296545,10.709762343347073,5.0,R1,0.0,0.0,16.780271536887437,0.0,00000_000130,00000,1.2436033104926347,0.0,1.0
0.14469885791186243,1020.2703549626098,85,delayed_required_escape,0.949999988079071,0.949999988079071,0.900685939411521,36.66431260421872,0.949999988079071,0.949999988079071,0.0,semantic_apf,0.05,70.62129999999999,1.87539302330522,0.949999988079071,0.949999988079071,0.9145999780183409,51.86431241348386,4.0,R1,0.0,103.0,56.517453996893764,16.0,00000_000130,00000,1.0710699260234833,1.0,0.0
4.231889129106451,11.720155226293613,85,delayed_required_escape,0.7957952203943559,0.7957952203943559,0.4828811506297299,14.454998955985904,0.7177994647291095,0.7177994647291095,0.0,route_aware_stage2,0.05,43.84909999999998,1.1644404197913787,0.7957952203943559,0.7957952203943559,0.4828811506297299,14.454998955985904,4.0,R1,0.0,0.0,19.10814053939582,12.0,00000_000130,00000,1.0710699260234833,0.0,1.0
0.18027885158991683,11.720155226293615,85,delayed_required_escape,0.5500000119209288,0.5500000119209288,0.347749914684677,9.031204384326934,0.5493893673696305,0.5493893673696305,0.0,dwa_semantic,0.0625,42.57689999999997,1.1306563489197166,0.5500000119209288,0.5500000119209288,0.347749914684677,9.031204384326934,5.0,R1,0.0,0.0,13.78137744671851,0.0,00000_000130,00000,1.573530987086892,0.0,1.0
0.14267811701366945,1046.1780665154695,86,delayed_required_escape,0.949999988079071,0.949999988079071,0.7238393074568407,29.31549195200205,0.949999988079071,0.949999988079071,0.0,semantic_apf,0.0125,70.0,2.1875,0.949999988079071,0.949999988079071,0.7920774438514792,45.94049174338579,1.0,R1,0.0,106.0,52.544932313263416,0.0,00000_000130,00000,0.2752436697483063,1.0,0.0
16.622866854419584,312.12623918445104,86,delayed_required_escape,0.8299676760312882,0.8299676760312882,0.433076277256139,16.92968790761381,0.7643256238307136,0.7643256238307136,0.0,route_aware_stage2,0.0125,51.09169999999996,1.5966156249999988,0.8299676760312882,0.8299676760312882,0.433076277256139,16.92968790761381,1.0,R1,0.0,30.0,23.53269391290098,0.0,00000_000130,00000,0.2752436697483063,1.0,1.0
0.17889544020969575,14.187556326565955,86,delayed_required_escape,0.8932660643214572,0.8932660643214572,0.480627975736046,20.78643900862038,0.8246844652462592,0.8246844652462592,0.0,dwa_semantic,0.0125,55.45559999999996,1.7329874999999988,0.8932660643214572,0.8932660643214572,0.480627975736046,20.78643900862038,1.0,R1,0.0,0.0,25.187632085943214,0.0,00000_000130,00000,0.126436248421669,0.0,1.0
0.1430248569314634,1057.898221741763,87,delayed_required_escape,0.949999988079071,0.949999988079071,0.9003854138148903,36.65207907870412,0.949999988079071,0.949999988079071,0.0,semantic_apf,0.05,72.69229999999999,2.0786808272138724,0.949999988079071,0.949999988079071,0.9155975829861703,53.7520788641274,4.0,R1,0.0,107.0,59.69165764952898,16.0,00000_000130,00000,1.0588364005088806,1.0,0.0
3.4906229997951805,7.402203300817019,87,delayed_required_escape,0.9499889080106567,0.9499889080106567,0.6487580528865265,18.20168568339497,0.9480240384094554,0.9480240384094554,0.0,route_aware_stage2,0.05,42.04139999999995,1.2021995744972882,0.9499889080106567,0.9499889080106567,0.6487580528865265,18.20168568339497,4.0,R1,0.0,0.0,24.141264468796557,12.0,00000_000130,00000,1.0588364005088806,0.0,1.0
0.18172917771153152,3.0842513753404246,87,delayed_required_escape,0.5502807639896006,0.5502807639896006,0.5499031540402531,11.853822369122502,0.5507329856292352,0.5507329856292352,0.0,dwa_semantic,0.1,37.8195,1.0814717589733034,0.5502807639896006,0.5502807639896006,0.5499031540402531,11.853822369122502,8.0,R1,0.0,0.0,19.436673212817315,0.0,00000_000130,00000,3.110939183968305,0.0,1.0
0.1442027575519335,982.6424881834569,88,delayed_required_escape,0.949999988079071,0.949999988079071,0.8785513617988294,36.12717411393821,0.949999988079071,0.949999988079071,0.0,semantic_apf,0.1,72.6923,1.4677425868119376,0.949999988079071,0.949999988079071,0.8971774111911217,49.90217394108474,8.0,R1,0.0,98.0,55.5779374155283,15.0,00000_001939,00000,1.2976844161748886,1.0,0.0
6.704943436073206,951.1831241549846,88,delayed_required_escape,0.9500000476837157,0.9500000476837157,0.8963759160832546,49.112346804609956,0.9500000476837159,0.9500000476837159,0.0,route_aware_stage2,0.1,92.36679999999974,1.8649937609284681,0.9500000476837155,0.9500000476837155,0.9109797994364555,68.59295278240755,8.0,R1,0.0,95.0,74.26871625685112,12.0,00000_001939,00000,1.2976844161748886,1.0,0.0
0.1767430005462042,349.13725568853624,88,delayed_required_escape,0.6211112783643346,0.6211112783643346,0.5689492299225904,26.695154762890933,0.6160993736035711,0.6160993736035711,0.0,dwa_semantic,0.0,82.63309999999991,1.6684589695234486,0.6232679521195733,0.6232679521195733,0.5727669335608896,36.36560265540779,0.0,R1,0.0,94.0,42.93462174296977,3.0,00000_001939,00000,0.0,1.0,0.0
0.12813398622841174,993.7457931346823,89,delayed_required_escape,0.9445961744507687,0.9445961744507687,0.8335724638447647,34.62284907202422,0.9443842258225026,0.9443842258225026,0.0,semantic_apf,0.0625,72.4852,1.6821151172963709,0.9444612750709576,0.9444612750709576,0.8518906516657755,48.588009263083336,5.0,R1,0.0,100.0,53.42598767978549,15.0,00000_001939,00000,0.7759363651275635,1.0,0.0
5.791085949749686,1003.6153975357716,89,delayed_required_escape,0.9499314427375793,0.9499314427375793,0.871230597478224,36.18699848155677,0.9499314427375793,0.9499314427375793,0.0,route_aware_stage2,0.0625,72.4852,1.6821151172963709,0.9499314427375793,0.9499314427375793,0.8918515381242893,50.867198402687904,5.0,R1,0.0,101.0,55.70517681939006,15.0,00000_001939,00000,0.7759363651275635,1.0,0.0
0.17426821328366973,538.510290134438,89,delayed_required_escape,0.9500021934509277,0.9500021934509277,0.8910539728053825,42.361953342729805,0.9500021934509278,0.9500021934509278,0.0,dwa_semantic,0.1375,83.04729999999988,1.927222643803793,0.9500021934509277,0.9500021934509277,0.9077670950765089,60.23488559380172,11.0,R1,0.0,99.0,65.45608702909348,9.0,00000_001939,00000,2.4225973337888718,1.0,0.0
0.06788550379643238,22.823460177519145,90,delayed_required_escape,0.6367799559585261,0.6367799559585261,0.5510988809360328,18.142230270302292,0.6142645716531436,0.6142645716531436,0.0,semantic_apf,0.025,51.991099999999946,0.9757356805044668,0.6367799559585261,0.6367799559585261,0.5510988809360328,18.142230270302292,2.0,R1,0.0,0.0,24.758518392303582,80.0,00000_001939,00000,0.6820881926178932,0.0,1.0
0.23788284396574821,20.356059077246805,90,delayed_required_escape,0.6271842694766762,0.6271842694766762,0.541641745143401,18.036020143181084,0.6028019675325633,0.6028019675325633,0.0,route_aware_stage2,0.0,52.162699999999944,0.978956159447489,0.6271842694766762,0.6271842694766762,0.541641745143401,18.036020143181084,0.0,R1,0.0,0.0,24.513592309093468,80.0,00000_001939,00000,0.0,0.0,1.0
0.174036220414564,861.1229839950447,90,delayed_required_escape,0.7209165440168818,0.7209165440168818,0.614187066565354,34.03284238286613,0.6815141731123279,0.6815141731123279,0.0,dwa_semantic,0.0375,92.98809999999975,1.7451411305457523,0.6973335256978413,0.6973335256978413,0.6112856673393372,44.6780747544646,3.0,R1,0.0,86.0,51.3631242005646,2.0,00000_001939,00000,1.1318166314363478,1.0,0.0
0.1420152433898433,982.6424881834569,91,delayed_required_escape,0.9499484561896299,0.9499484561896299,0.8750877096514478,36.3472055642277,0.9499463934262256,0.9499463934262256,0.0,semantic_apf,0.075,72.8994,1.508695247260425,0.9499472155431087,0.9499472155431087,0.8944570890548549,50.121350213733315,6.0,R2,0.0,98.0,56.30632525091171,15.0,00000_001939,00000,0.9495114535093307,1.0,0.0
7.12834652762727,931.443915352806,91,delayed_required_escape,0.9500035643577576,0.9500035643577576,0.8911528937411983,49.01073569708467,0.9500035643577577,0.9500035643577577,0.0,route_aware_stage2,0.0625,92.36679999999976,1.9115843500036194,0.950003564357757,0.950003564357757,0.9071357728698967,68.4913815454185,5.0,R2,0.0,93.0,74.67635658259692,13.0,00000_001939,00000,0.7982662916183472,1.0,0.0
0.1746013357270775,354.0720578890809,91,delayed_required_escape,0.6211112783643346,0.6211112783643346,0.5689010649085465,26.692894855615496,0.61627950258596,0.61627950258596,0.0,dwa_semantic,0.0,82.01179999999992,1.6972816357785165,0.6232679521195733,0.6232679521195733,0.5727313394811612,36.363342748132354,0.0,R2,0.0,94.0,43.01480863355102,3.0,00000_001939,00000,0.0,1.0,0.0
0.14294490787766076,979.5582368081164,92,delayed_required_escape,0.949999988079071,0.949999988079071,0.8785513617988294,36.12717411393821,0.949999988079071,0.949999988079071,0.0,semantic_apf,0.1,71.8639,1.4756993071612523,0.949999988079071,0.949999988079071,0.8971774111911217,49.90217394108474,8.0,R2,0.0,98.0,55.76324915978313,15.0,00000_001939,00000,1.2976844161748886,1.0,0.0
6.630263072604846,948.0988727796442,92,delayed_required_escape,0.9500000476837157,0.9500000476837157,0.8963759160832546,49.112346804609956,0.9500000476837159,0.9500000476837159,0.0,route_aware_stage2,0.1,91.53839999999975,1.879708079559406,0.9500000476837155,0.9500000476837155,0.9109797994364555,68.59295278240755,8.0,R2,0.0,95.0,74.45402800110595,12.0,00000_001939,00000,1.2976844161748886,1.0,0.0
0.17463448602939025,351.60465678880854,92,delayed_required_escape,0.6211112783643346,0.6211112783643346,0.5689492299225904,26.695154762890933,0.6163401536089234,0.6163401536089234,0.0,dwa_semantic,0.0,81.80469999999991,1.6798300553203203,0.6232679521195733,0.6232679521195733,0.5727669335608896,36.36560265540779,0.0,R2,0.0,94.0,42.898824252298496,3.0,00000_001939,00000,0.0,1.0,0.0
0.14309917668080224,999.9142958853631,93,delayed_required_escape,0.9499484561896299,0.9499484561896299,0.8692475634128943,36.10463217013627,0.9499463856876164,0.9499463856876164,0.0,semantic_apf,0.075,73.10650000000001,1.6757091905966928,0.9499471532336112,0.9499471532336112,0.8911768621004799,50.82871791833192,6.0,R2,0.0,100.0,55.84865682594925,15.0,00000_001939,00000,0.9481228888034821,1.0,0.0
7.231667985407902,958.5853274558016,93,delayed_required_escape,0.9499999880790712,0.9499999880790712,0.8890513658321166,48.89515796666894,0.949999988079071,0.949999988079071,0.0,route_aware_stage2,0.075,92.98809999999975,2.131424890893749,0.9499999880790707,0.9499999880790707,0.9064207140591748,69.71925270536096,6.0,R2,0.0,96.0,74.73919161297825,12.0,00000_001939,00000,0.9481228888034821,1.0,0.0
0.1749678924430295,350.98780651374045,93,delayed_required_escape,0.6211112783643346,0.6211112783643346,0.5689010649085465,26.692894855615496,0.6178412700880002,0.6178412700880002,0.0,dwa_semantic,0.0,81.80469999999991,1.8750848094766552,0.6246922218414428,0.6246922218414428,0.5734159397920524,36.980224714723235,0.0,R2,0.0,96.0,42.35689046739043,3.0,00000_001939,00000,0.0,1.0,0.0
0.06443810189474311,9.86960440108936,94,delayed_required_escape,0.5950687988263533,0.5950687988263533,0.31686740730209495,6.463904988518358,0.5858493247009233,0.5858493247009233,0.0,semantic_apf,0.025,33.8491,0.9575661049361935,0.5950687988263533,0.5950687988263533,0.31686740730209495,6.463904988518358,2.0,R2,0.0,0.0,11.445253868329521,80.0,00000_001939,00000,0.5078997199058533,0.0,1.0
0.23057535478166477,9.86960440108936,94,delayed_required_escape,0.5950687988263533,0.5950687988263533,0.31686740730209495,6.463904988518358,0.5858493247009233,0.5858493247009233,0.0,route_aware_stage2,0.025,33.8491,0.9575661049361935,0.5950687988263533,0.5950687988263533,0.31686740730209495,6.463904988518358,2.0,R2,0.0,0.0,11.445253868329521,80.0,00000_001939,00000,0.5078997199058533,0.0,1.0
0.1771176591449018,33.92676512874466,94,delayed_required_escape,0.9319893704446273,0.9319893704446273,0.4107546159738277,11.063634505793447,0.7968451096285313,0.7968451096285313,0.0,dwa_semantic,0.0,41.834299999999985,1.183461530845198,0.9319893704446273,0.9319893704446273,0.4107546159738277,11.063634505793447,0.0,R2,0.0,2.0,16.75410396787524,0.0,00000_001939,00000,0.0,0.0,1.0
0.14033207303977438,930.827065077738,95,delayed_required_escape,0.9499999880790712,0.9499999880790712,0.8999595807145221,50.42698520638648,0.949999988079071,0.949999988079071,0.0,semantic_apf,0.05,91.95259999999975,1.6706079423851832,0.9499999880790707,0.9499999880790707,0.9112088780552823,65.87657480610912,4.0,R1,0.0,93.0,73.10621840194763,14.0,00000_001939,00000,0.7116720825433731,1.0,0.0
3.4357236010172136,889.4980966481764,95,delayed_required_escape,0.7367031396952837,0.7367031396952837,0.6238159959450997,25.78131700681746,0.7066329759358833,0.7066329759358833,0.0,route_aware_stage2,0.05,72.4852,1.3169214445853497,0.7214744453130426,0.7214744453130426,0.6271698802423338,33.132381301394105,4.0,R1,0.0,89.0,40.36202489723265,12.0,00000_001939,00000,0.7116720825433731,1.0,0.0
0.1748699225052925,239.95475700148512,95,delayed_required_escape,0.34954616532246674,0.34954616532246674,0.3103697043076718,15.976684009853003,0.3882359953283828,0.3882359953283828,0.0,dwa_semantic,0.0125,88.84609999999984,1.6141686076298916,0.3497007977606688,0.3497007977606688,0.31045878528343446,20.451689801695935,1.0,R1,0.0,128.0,28.33996474580763,0.0,00000_001939,00000,0.20134165663719175,1.0,0.0
0.15646860223828948,967.8380815818228,96,delayed_required_escape,0.949999988079071,0.949999988079071,0.666221396331506,28.361711063228547,0.949999988079071,0.949999988079071,0.0,semantic_apf,0.0125,73.31360000000001,1.4964677257706014,0.949999988079071,0.949999988079071,0.7364499636975754,41.66171089633554,1.0,R2,0.0,97.0,46.26548612692207,0.0,00000_000814,00000,0.1435684710741043,1.0,0.0
15.817693872252546,1031.9905101889035,96,delayed_required_escape,0.9205773472785951,0.9205773472785951,0.5982625445627872,26.583736341392992,0.920577347278595,0.920577347278595,0.0,route_aware_stage2,0.0125,74.55619999999998,1.5218315163366423,0.920577347278595,0.920577347278595,0.6674009580404947,38.999508243000506,1.0,R2,0.0,102.0,44.085409066575764,0.0,00000_000814,00000,0.17914342880249023,1.0,0.0
0.18113035621354356,244.8895592020299,96,delayed_required_escape,0.302678362400332,0.302678362400332,0.2784017871310521,13.985151854205139,0.3708394761911988,0.3708394761911988,0.0,dwa_semantic,0.0,85.94669999999985,1.754332929858688,0.29885255225556895,0.29885255225556895,0.27735128286969224,18.791769760066277,0.0,R2,0.0,100.0,24.938232166096565,0.0,00000_000814,00000,0.0,1.0,0.0
0.14251141983550042,981.4087876333207,97,delayed_required_escape,0.949999988079071,0.949999988079071,0.8899416971353837,36.04263873398304,0.949999988079071,0.949999988079071,0.0,semantic_apf,0.125,73.7278,1.5374179449323975,0.949999988079071,0.949999988079071,0.9053695149924776,49.342638567090034,10.0,R2,0.0,99.0,56.004690730234984,16.0,00000_000814,00000,2.3176391571760178,1.0,0.0
4.296864569121019,11.10330495122553,97,delayed_required_escape,0.9486313455690858,0.9486313455690858,0.5272627065895756,17.866085907705134,0.9028032510292558,0.9028032510292558,0.0,route_aware_stage2,0.125,53.11239999999993,1.1075328011744194,0.9486313455690858,0.9486313455690858,0.5272627065895756,17.866085907705134,10.0,R2,0.0,0.0,24.528138070850083,12.0,00000_000814,00000,2.3176391571760178,0.0,1.0
0.1781944331014529,144.95981464100004,97,delayed_required_escape,0.5705594279365154,0.5705594279365154,0.33926305313121724,15.426426731097703,0.5996609569651049,0.5996609569651049,0.0,dwa_semantic,0.0375,80.35499999999993,1.6756124415083957,0.6137326166934249,0.6137326166934249,0.35182268401064876,21.360210614338516,3.0,R2,0.0,105.0,27.770358187529432,0.0,00000_000814,00000,0.4780214875936508,1.0,0.0
0.14423132171421976,1077.0205802688738,98,delayed_required_escape,0.949999988079071,0.949999988079071,0.9035452251081113,36.59358161687851,0.949999988079071,0.949999988079071,0.0,semantic_apf,0.125,71.2426,2.1608048431320213,0.949999988079071,0.949999988079071,0.9183795191660649,54.64358139038086,10.0,R1,0.0,109.0,59.36925616518855,16.0,00000_000814,00000,2.8685820400714874,1.0,0.0
1.8754856255327468,12.953855776429783,98,delayed_required_escape,0.9056924196170203,0.9056924196170203,0.412192436500474,9.459692759954928,0.7867260292477842,0.7867260292477842,0.0,route_aware_stage2,0.125,34.4852,1.0459442408948634,0.9056924196170203,0.9056924196170203,0.412192436500474,9.459692759954928,10.0,R1,0.0,0.0,14.051442071869966,12.0,00000_000814,00000,2.8425437211990356,0.0,1.0
0.17871996344722532,17.88865797697446,98,delayed_required_escape,0.5625865138748597,0.5625865138748597,0.33520694632552017,6.641656351715326,0.5572522994953265,0.5572522994953265,0.0,dwa_semantic,0.075,32.384600000000006,0.982232547982433,0.5625865138748597,0.5625865138748597,0.33520694632552017,6.641656351715326,6.0,R1,0.0,1.0,11.562689283695818,0.0,00000_000814,00000,2.3273844381630417,0.0,1.0
0.14599941558636992,1020.8872052376779,99,delayed_required_escape,0.949999988079071,0.949999988079071,0.7661736472404805,31.730468661546706,0.949999988079071,0.949999988079071,0.0,semantic_apf,0.0125,72.571,1.78626634373031,0.949999988079071,0.949999988079071,0.818546547562625,47.40546846485138,1.0,R1,0.0,101.0,51.699545832070704,0.0,00000_000814,00000,0.1288548856973648,1.0,0.0
17.517140107963275,241.8053078266894,99,delayed_required_escape,0.8394386912491091,0.8394386912491091,0.4868870242336046,19.89897530302257,0.7608835408635016,0.7608835408635016,0.0,route_aware_stage2,0.0125,56.76919999999992,1.3973200220541893,0.8394386912491091,0.8394386912491091,0.4868870242336046,19.89897530302257,1.0,R1,0.0,24.0,25.006074388964482,0.0,00000_000814,00000,0.15872041881084442,1.0,1.0
0.18051355707159797,149.27776656647663,99,delayed_required_escape,0.38145466405049216,0.38145466405049216,0.2737954682180433,12.16607425072193,0.4067023496419491,0.4067023496419491,0.0,dwa_semantic,0.0,77.24849999999995,1.9013985704158791,0.39358696038680924,0.39358696038680924,0.2788356156704111,17.45279520535767,0.0,R1,0.0,99.0,21.817699242642522,0.0,00000_000814,00000,0.0,1.0,0.0
