arm,correct_activation,dataset,dot_safe,episode_id,false_activation,gate_active,lambda_hard_learned,lambda_soft_learned,lambda_soft_used,path_index,regime,soft_force_norm,soft_force_perp_norm
zero,0,RELLIS-3D,0.0,00003_001631_00,0,0,0.10990135371685028,0.14371056854724884,0.0,0,R1,0.0,0.0
learned,0,RELLIS-3D,0.0,00003_001631_00,0,0,0.10990135371685028,0.14371056854724884,0.0,0,R1,0.0,0.0
fixed,0,RELLIS-3D,0.0,00003_001631_00,0,0,0.10990135371685028,0.14371056854724884,0.0,0,R1,0.0,0.0
zero,0,RELLIS-3D,0.0,00003_001631_00,0,0,0.10053151845932007,0.12715142965316772,0.0,12,R1,0.0,0.0
learned,0,RELLIS-3D,0.0,00003_001631_00,0,0,0.10053151845932007,0.12715142965316772,0.0,12,R1,0.0,0.0
fixed,0,RELLIS-3D,0.0,00003_001631_00,0,0,0.10053151845932007,0.12715142965316772,0.0,12,R1,0.0,0.0
zero,0,RELLIS-3D,0.0,00003_001631_00,0,0,0.07540722191333771,0.10755136609077454,0.0,24,R1,0.0,0.0
learned,0,RELLIS-3D,0.0,00003_001631_00,0,0,0.07540722191333771,0.10755136609077454,0.0,24,R1,0.0,0.0
fixed,0,RELLIS-3D,0.0,00003_001631_00,0,0,0.07540722191333771,0.10755136609077454,0.0,24,R1,0.0,0.0
zero,0,RELLIS-3D,0.0,00003_001631_00,0,0,0.0695621520280838,0.10107894241809845,0.0,36,R1,0.0,0.0
learned,0,RELLIS-3D,0.0,00003_001631_00,0,0,0.0695621520280838,0.10107894241809845,0.0,36,R1,0.0,0.0
fixed,0,RELLIS-3D,0.0,00003_001631_00,0,0,0.0695621520280838,0.10107894241809845,0.0,36,R1,0.0,0.0
zero,0,RELLIS-3D,0.0,00003_001631_00,0,0,0.0760682001709938,0.11077593266963959,0.0,48,R1,0.0,0.0
learned,0,RELLIS-3D,0.0,00003_001631_00,0,0,0.0760682001709938,0.11077593266963959,0.0,48,R1,0.0,0.0
fixed,0,RELLIS-3D,0.0,00003_001631_00,0,0,0.0760682001709938,0.11077593266963959,0.0,48,R1,0.0,0.0
zero,0,RELLIS-3D,0.0,00003_001631_01,0,0,0.12216410040855408,0.1494802087545395,0.0,0,R1,0.0,0.0
learned,0,RELLIS-3D,0.0,00003_001631_01,0,0,0.12216410040855408,0.1494802087545395,0.0,0,R1,0.0,0.0
fixed,0,RELLIS-3D,0.0,00003_001631_01,0,0,0.12216410040855408,0.1494802087545395,0.0,0,R1,0.0,0.0
zero,0,RELLIS-3D,0.0,00003_001631_01,0,0,0.10697728395462036,0.13847295939922333,0.0,12,R1,0.0,0.0
learned,0,RELLIS-3D,0.0,00003_001631_01,0,0,0.10697728395462036,0.13847295939922333,0.0,12,R1,0.0,0.0
fixed,0,RELLIS-3D,0.0,00003_001631_01,0,0,0.10697728395462036,0.13847295939922333,0.0,12,R1,0.0,0.0
zero,0,RELLIS-3D,0.0,00003_001631_01,0,0,0.09739203751087189,0.12905995547771454,0.0,24,R1,0.0,0.0
learned,0,RELLIS-3D,0.0,00003_001631_01,0,0,0.09739203751087189,0.12905995547771454,0.0,24,R1,0.0,0.0
fixed,0,RELLIS-3D,0.0,00003_001631_01,0,0,0.09739203751087189,0.12905995547771454,0.0,24,R1,0.0,0.0
zero,0,RELLIS-3D,0.0,00003_001631_01,0,0,0.08515508472919464,0.11742591857910156,0.0,36,R1,0.0,0.0
learned,0,RELLIS-3D,0.0,00003_001631_01,0,0,0.08515508472919464,0.11742591857910156,0.0,36,R1,0.0,0.0
fixed,0,RELLIS-3D,0.0,00003_001631_01,0,0,0.08515508472919464,0.11742591857910156,0.0,36,R1,0.0,0.0
zero,0,RELLIS-3D,0.0,00003_001631_01,0,0,0.07807650417089462,0.10967227816581726,0.0,48,R1,0.0,0.0
learned,0,RELLIS-3D,0.0,00003_001631_01,0,0,0.07807650417089462,0.10967227816581726,0.0,48,R1,0.0,0.0
fixed,0,RELLIS-3D,0.0,00003_001631_01,0,0,0.07807650417089462,0.10967227816581726,0.0,48,R1,0.0,0.0
zero,0,RELLIS-3D,0.0,00003_001631_01,0,0,0.07135370373725891,0.10367303341627121,0.0,60,R1,0.0,0.0
learned,0,RELLIS-3D,0.0,00003_001631_01,0,0,0.07135370373725891,0.10367303341627121,0.0,60,R1,0.0,0.0
fixed,0,RELLIS-3D,0.0,00003_001631_01,0,0,0.07135370373725891,0.10367303341627121,0.0,60,R1,0.0,0.0
zero,0,RELLIS-3D,0.0,00003_001631_01,0,0,0.042492352426052094,0.07525038719177246,0.0,72,R1,0.0,0.0
learned,0,RELLIS-3D,0.0,00003_001631_01,0,0,0.042492352426052094,0.07525038719177246,0.0,72,R1,0.0,0.0
fixed,0,RELLIS-3D,0.0,00003_001631_01,0,0,0.042492352426052094,0.07525038719177246,0.0,72,R1,0.0,0.0
zero,0,RELLIS-3D,0.0,00003_001631_01,0,0,0.051824431866407394,0.07949177175760269,0.0,84,R1,0.0,0.0
learned,0,RELLIS-3D,0.0,00003_001631_01,0,0,0.051824431866407394,0.07949177175760269,0.0,84,R1,0.0,0.0
fixed,0,RELLIS-3D,0.0,00003_001631_01,0,0,0.051824431866407394,0.07949177175760269,0.0,84,R1,0.0,0.0
zero,0,RELLIS-3D,0.0,00003_001631_02,0,1,0.10637319833040237,0.13872011005878448,0.0,0,R3,0.0,0.0
learned,0,RELLIS-3D,0.0030926596373319626,00003_001631_02,0,1,0.10637319833040237,0.13872011005878448,0.13872011005878448,0,R3,0.02173708565533161,0.02106166072189808
fixed,1,RELLIS-3D,0.03344137221574783,00003_001631_02,0,1,0.10637319833040237,0.13872011005878448,1.5,0,R3,0.2350461483001709,0.22774268686771393
zero,0,RELLIS-3D,0.0,00003_001631_02,0,0,0.1031283438205719,0.13199451565742493,0.0,12,R3,0.0,0.0
learned,0,RELLIS-3D,0.0,00003_001631_02,0,0,0.1031283438205719,0.13199451565742493,0.0,12,R3,0.0,0.0
fixed,0,RELLIS-3D,0.0,00003_001631_02,0,0,0.1031283438205719,0.13199451565742493,0.0,12,R3,0.0,0.0
zero,0,RELLIS-3D,0.0,00003_001631_02,0,0,0.08205129206180573,0.11435579508543015,0.0,24,R3,0.0,0.0
learned,0,RELLIS-3D,0.0,00003_001631_02,0,0,0.08205129206180573,0.11435579508543015,0.0,24,R3,0.0,0.0
fixed,0,RELLIS-3D,0.0,00003_001631_02,0,0,0.08205129206180573,0.11435579508543015,0.0,24,R3,0.0,0.0
zero,0,RELLIS-3D,0.0,00003_001631_02,0,0,0.06899912655353546,0.10482555627822876,0.0,36,R3,0.0,0.0
learned,0,RELLIS-3D,0.0,00003_001631_02,0,0,0.06899912655353546,0.10482555627822876,0.0,36,R3,0.0,0.0
fixed,0,RELLIS-3D,0.0,00003_001631_02,0,0,0.06899912655353546,0.10482555627822876,0.0,36,R3,0.0,0.0
zero,0,RELLIS-3D,0.0,00003_001631_02,0,0,0.05044949799776077,0.08042044937610626,0.0,48,R3,0.0,0.0
learned,0,RELLIS-3D,0.0,00003_001631_02,0,0,0.05044949799776077,0.08042044937610626,0.0,48,R3,0.0,0.0
fixed,0,RELLIS-3D,0.0,00003_001631_02,0,0,0.05044949799776077,0.08042044937610626,0.0,48,R3,0.0,0.0
zero,0,RELLIS-3D,0.0,00003_001631_02,0,0,0.0437731109559536,0.07571975141763687,0.0,60,R3,0.0,0.0
learned,0,RELLIS-3D,0.0,00003_001631_02,0,0,0.0437731109559536,0.07571975141763687,0.0,60,R3,0.0,0.0
fixed,0,RELLIS-3D,0.0,00003_001631_02,0,0,0.0437731109559536,0.07571975141763687,0.0,60,R3,0.0,0.0
zero,0,RELLIS-3D,0.0,00003_001631_02,0,0,0.05493537336587906,0.09617011994123459,0.0,72,R3,0.0,0.0
learned,0,RELLIS-3D,0.0,00003_001631_02,0,0,0.05493537336587906,0.09617011994123459,0.0,72,R3,0.0,0.0
fixed,0,RELLIS-3D,0.0,00003_001631_02,0,0,0.05493537336587906,0.09617011994123459,0.0,72,R3,0.0,0.0
zero,0,RELLIS-3D,0.0,00003_001631_03,0,0,0.11633580923080444,0.15107768774032593,0.0,0,R2,0.0,0.0
learned,0,RELLIS-3D,0.0,00003_001631_03,0,0,0.11633580923080444,0.15107768774032593,0.0,0,R2,0.0,0.0
fixed,0,RELLIS-3D,0.0,00003_001631_03,0,0,0.11633580923080444,0.15107768774032593,0.0,0,R2,0.0,0.0
zero,0,RELLIS-3D,0.0,00003_001631_03,0,0,0.10484296828508377,0.1406000852584839,0.0,12,R2,0.0,0.0
learned,0,RELLIS-3D,0.0,00003_001631_03,0,0,0.10484296828508377,0.1406000852584839,0.0,12,R2,0.0,0.0
fixed,0,RELLIS-3D,0.0,00003_001631_03,0,0,0.10484296828508377,0.1406000852584839,0.0,12,R2,0.0,0.0
zero,0,RELLIS-3D,0.0,00003_001631_03,0,0,0.08850261569023132,0.11798292398452759,0.0,24,R2,0.0,0.0
learned,0,RELLIS-3D,0.0,00003_001631_03,0,0,0.08850261569023132,0.11798292398452759,0.0,24,R2,0.0,0.0
fixed,0,RELLIS-3D,0.0,00003_001631_03,0,0,0.08850261569023132,0.11798292398452759,0.0,24,R2,0.0,0.0
zero,0,RELLIS-3D,0.0,00003_001631_03,0,0,0.0736079290509224,0.10544490069150925,0.0,36,R2,0.0,0.0
learned,0,RELLIS-3D,0.0,00003_001631_03,0,0,0.0736079290509224,0.10544490069150925,0.0,36,R2,0.0,0.0
fixed,0,RELLIS-3D,0.0,00003_001631_03,0,0,0.0736079290509224,0.10544490069150925,0.0,36,R2,0.0,0.0
zero,0,RELLIS-3D,0.0,00003_001631_03,0,0,0.05792321637272835,0.08839361369609833,0.0,48,R2,0.0,0.0
learned,0,RELLIS-3D,0.0,00003_001631_03,0,0,0.05792321637272835,0.08839361369609833,0.0,48,R2,0.0,0.0
fixed,0,RELLIS-3D,0.0,00003_001631_03,0,0,0.05792321637272835,0.08839361369609833,0.0,48,R2,0.0,0.0
zero,0,RELLIS-3D,0.0,00003_001631_03,0,0,0.04491841793060303,0.07631441950798035,0.0,60,R2,0.0,0.0
learned,0,RELLIS-3D,0.0,00003_001631_03,0,0,0.04491841793060303,0.07631441950798035,0.0,60,R2,0.0,0.0
fixed,0,RELLIS-3D,0.0,00003_001631_03,0,0,0.04491841793060303,0.07631441950798035,0.0,60,R2,0.0,0.0
zero,0,RELLIS-3D,0.0,00003_001631_03,0,0,0.045725662261247635,0.08121892064809799,0.0,72,R2,0.0,0.0
learned,0,RELLIS-3D,0.0,00003_001631_03,0,0,0.045725662261247635,0.08121892064809799,0.0,72,R2,0.0,0.0
fixed,0,RELLIS-3D,0.0,00003_001631_03,0,0,0.045725662261247635,0.08121892064809799,0.0,72,R2,0.0,0.0
zero,0,RELLIS-3D,0.0,00003_001631_04,0,0,0.12135251611471176,0.152072936296463,0.0,0,R1,0.0,0.0
learned,0,RELLIS-3D,0.0,00003_001631_04,0,0,0.12135251611471176,0.152072936296463,0.0,0,R1,0.0,0.0
fixed,0,RELLIS-3D,0.0,00003_001631_04,0,0,0.12135251611471176,0.152072936296463,0.0,0,R1,0.0,0.0
zero,0,RELLIS-3D,0.0,00003_001631_04,0,0,0.10789421200752258,0.14062123000621796,0.0,12,R1,0.0,0.0
learned,0,RELLIS-3D,0.0,00003_001631_04,0,0,0.10789421200752258,0.14062123000621796,0.0,12,R1,0.0,0.0
fixed,0,RELLIS-3D,0.0,00003_001631_04,0,0,0.10789421200752258,0.14062123000621796,0.0,12,R1,0.0,0.0
zero,0,RELLIS-3D,0.0,00003_001631_04,0,0,0.09609811007976532,0.1290913075208664,0.0,24,R1,0.0,0.0
learned,0,RELLIS-3D,0.0,00003_001631_04,0,0,0.09609811007976532,0.1290913075208664,0.0,24,R1,0.0,0.0
fixed,0,RELLIS-3D,0.0,00003_001631_04,0,0,0.09609811007976532,0.1290913075208664,0.0,24,R1,0.0,0.0
zero,0,RELLIS-3D,0.0,00003_001631_04,0,0,0.08469007164239883,0.11789578944444656,0.0,36,R1,0.0,0.0
learned,0,RELLIS-3D,0.0,00003_001631_04,0,0,0.08469007164239883,0.11789578944444656,0.0,36,R1,0.0,0.0
fixed,0,RELLIS-3D,0.0,00003_001631_04,0,0,0.08469007164239883,0.11789578944444656,0.0,36,R1,0.0,0.0
zero,0,RELLIS-3D,0.0,00003_001631_04,0,0,0.07783805578947067,0.1102512925863266,0.0,48,R1,0.0,0.0
learned,0,RELLIS-3D,0.0,00003_001631_04,0,0,0.07783805578947067,0.1102512925863266,0.0,48,R1,0.0,0.0
fixed,0,RELLIS-3D,0.0,00003_001631_04,0,0,0.07783805578947067,0.1102512925863266,0.0,48,R1,0.0,0.0
zero,0,RELLIS-3D,0.0,00003_001631_04,0,0,0.07139536738395691,0.10208645462989807,0.0,60,R1,0.0,0.0
learned,0,RELLIS-3D,0.0,00003_001631_04,0,0,0.07139536738395691,0.10208645462989807,0.0,60,R1,0.0,0.0
fixed,0,RELLIS-3D,0.0,00003_001631_04,0,0,0.07139536738395691,0.10208645462989807,0.0,60,R1,0.0,0.0
zero,0,RELLIS-3D,0.0,00003_001631_04,0,0,0.04305550828576088,0.07629779726266861,0.0,72,R1,0.0,0.0
learned,0,RELLIS-3D,0.0,00003_001631_04,0,0,0.04305550828576088,0.07629779726266861,0.0,72,R1,0.0,0.0
fixed,0,RELLIS-3D,0.0,00003_001631_04,0,0,0.04305550828576088,0.07629779726266861,0.0,72,R1,0.0,0.0
zero,0,RELLIS-3D,0.0,00003_001631_05,0,0,0.10937069356441498,0.14074188470840454,0.0,0,R1,0.0,0.0
learned,0,RELLIS-3D,0.0,00003_001631_05,0,0,0.10937069356441498,0.14074188470840454,0.0,0,R1,0.0,0.0
fixed,0,RELLIS-3D,0.0,00003_001631_05,0,0,0.10937069356441498,0.14074188470840454,0.0,0,R1,0.0,0.0
zero,0,RELLIS-3D,0.0,00003_001631_05,0,0,0.10033182799816132,0.1299860030412674,0.0,12,R1,0.0,0.0
learned,0,RELLIS-3D,0.0,00003_001631_05,0,0,0.10033182799816132,0.1299860030412674,0.0,12,R1,0.0,0.0
fixed,0,RELLIS-3D,0.0,00003_001631_05,0,0,0.10033182799816132,0.1299860030412674,0.0,12,R1,0.0,0.0
zero,0,RELLIS-3D,0.0,00003_001631_05,0,0,0.08650943636894226,0.11893177032470703,0.0,24,R1,0.0,0.0
learned,0,RELLIS-3D,0.0,00003_001631_05,0,0,0.08650943636894226,0.11893177032470703,0.0,24,R1,0.0,0.0
fixed,0,RELLIS-3D,0.0,00003_001631_05,0,0,0.08650943636894226,0.11893177032470703,0.0,24,R1,0.0,0.0
zero,0,RELLIS-3D,0.0,00003_001631_05,0,0,0.07970251142978668,0.1113496795296669,0.0,36,R1,0.0,0.0
learned,0,RELLIS-3D,0.0,00003_001631_05,0,0,0.07970251142978668,0.1113496795296669,0.0,36,R1,0.0,0.0
fixed,0,RELLIS-3D,0.0,00003_001631_05,0,0,0.07970251142978668,0.1113496795296669,0.0,36,R1,0.0,0.0
zero,0,RELLIS-3D,0.0,00003_001631_05,0,0,0.0768432691693306,0.10896438360214233,0.0,48,R1,0.0,0.0
learned,0,RELLIS-3D,0.0,00003_001631_05,0,0,0.0768432691693306,0.10896438360214233,0.0,48,R1,0.0,0.0
fixed,0,RELLIS-3D,0.0,00003_001631_05,0,0,0.0768432691693306,0.10896438360214233,0.0,48,R1,0.0,0.0
zero,0,RELLIS-3D,0.0,00003_001631_05,0,0,0.04683778062462807,0.07786010205745697,0.0,60,R1,0.0,0.0
learned,0,RELLIS-3D,0.0,00003_001631_05,0,0,0.04683778062462807,0.07786010205745697,0.0,60,R1,0.0,0.0
fixed,0,RELLIS-3D,0.0,00003_001631_05,0,0,0.04683778062462807,0.07786010205745697,0.0,60,R1,0.0,0.0
zero,0,RELLIS-3D,0.0,00003_001631_05,0,0,0.04905461519956589,0.08073072880506516,0.0,72,R1,0.0,0.0
learned,0,RELLIS-3D,0.0,00003_001631_05,0,0,0.04905461519956589,0.08073072880506516,0.0,72,R1,0.0,0.0
fixed,0,RELLIS-3D,0.0,00003_001631_05,0,0,0.04905461519956589,0.08073072880506516,0.0,72,R1,0.0,0.0
zero,0,RELLIS-3D,0.0,00003_001631_06,0,1,0.11516423523426056,0.140305295586586,0.0,0,R1,0.0,0.0
learned,0,RELLIS-3D,-0.009830190800130367,00003_001631_06,0,1,0.11516423523426056,0.140305295586586,0.140305295586586,0,R1,0.04629809409379959,0.038036737591028214
fixed,0,RELLIS-3D,-0.10509428381919861,00003_001631_06,0,1,0.11516423523426056,0.140305295586586,1.5,0,R1,0.4949715733528137,0.406649649143219
zero,0,RELLIS-3D,0.0,00003_001631_06,0,0,0.10103321820497513,0.13166117668151855,0.0,12,R1,0.0,0.0
learned,0,RELLIS-3D,0.0,00003_001631_06,0,0,0.10103321820497513,0.13166117668151855,0.0,12,R1,0.0,0.0
fixed,0,RELLIS-3D,0.0,00003_001631_06,0,0,0.10103321820497513,0.13166117668151855,0.0,12,R1,0.0,0.0
zero,0,RELLIS-3D,0.0,00003_001631_06,0,0,0.08925536274909973,0.12015858292579651,0.0,24,R1,0.0,0.0
learned,0,RELLIS-3D,0.0,00003_001631_06,0,0,0.08925536274909973,0.12015858292579651,0.0,24,R1,0.0,0.0
fixed,0,RELLIS-3D,0.0,00003_001631_06,0,0,0.08925536274909973,0.12015858292579651,0.0,24,R1,0.0,0.0
zero,0,RELLIS-3D,0.0,00003_001631_06,0,0,0.07811656594276428,0.11040008813142776,0.0,36,R1,0.0,0.0
learned,0,RELLIS-3D,0.0,00003_001631_06,0,0,0.07811656594276428,0.11040008813142776,0.0,36,R1,0.0,0.0
fixed,0,RELLIS-3D,0.0,00003_001631_06,0,0,0.07811656594276428,0.11040008813142776,0.0,36,R1,0.0,0.0
zero,0,RELLIS-3D,0.0,00003_001631_06,0,0,0.0759456604719162,0.1078115701675415,0.0,48,R1,0.0,0.0
learned,0,RELLIS-3D,0.0,00003_001631_06,0,0,0.0759456604719162,0.1078115701675415,0.0,48,R1,0.0,0.0
fixed,0,RELLIS-3D,0.0,00003_001631_06,0,0,0.0759456604719162,0.1078115701675415,0.0,48,R1,0.0,0.0
zero,0,RELLIS-3D,0.0,00003_001631_07,0,1,0.11516423523426056,0.140305295586586,0.0,0,R1,0.0,0.0
learned,0,RELLIS-3D,-0.009830190800130367,00003_001631_07,0,1,0.11516423523426056,0.140305295586586,0.140305295586586,0,R1,0.04629809409379959,0.038036737591028214
fixed,0,RELLIS-3D,-0.10509428381919861,00003_001631_07,0,1,0.11516423523426056,0.140305295586586,1.5,0,R1,0.4949715733528137,0.406649649143219
zero,0,RELLIS-3D,0.0,00003_001631_07,0,0,0.10103321820497513,0.13166117668151855,0.0,12,R1,0.0,0.0
learned,0,RELLIS-3D,0.0,00003_001631_07,0,0,0.10103321820497513,0.13166117668151855,0.0,12,R1,0.0,0.0
fixed,0,RELLIS-3D,0.0,00003_001631_07,0,0,0.10103321820497513,0.13166117668151855,0.0,12,R1,0.0,0.0
zero,0,RELLIS-3D,0.0,00003_001631_07,0,0,0.08925536274909973,0.12015858292579651,0.0,24,R1,0.0,0.0
learned,0,RELLIS-3D,0.0,00003_001631_07,0,0,0.08925536274909973,0.12015858292579651,0.0,24,R1,0.0,0.0
fixed,0,RELLIS-3D,0.0,00003_001631_07,0,0,0.08925536274909973,0.12015858292579651,0.0,24,R1,0.0,0.0
zero,0,RELLIS-3D,0.0,00003_001631_07,0,0,0.07811656594276428,0.11040008813142776,0.0,36,R1,0.0,0.0
learned,0,RELLIS-3D,0.0,00003_001631_07,0,0,0.07811656594276428,0.11040008813142776,0.0,36,R1,0.0,0.0
fixed,0,RELLIS-3D,0.0,00003_001631_07,0,0,0.07811656594276428,0.11040008813142776,0.0,36,R1,0.0,0.0
zero,0,RELLIS-3D,0.0,00003_001631_07,0,0,0.07197491079568863,0.1006661206483841,0.0,48,R1,0.0,0.0
learned,0,RELLIS-3D,0.0,00003_001631_07,0,0,0.07197491079568863,0.1006661206483841,0.0,48,R1,0.0,0.0
fixed,0,RELLIS-3D,0.0,00003_001631_07,0,0,0.07197491079568863,0.1006661206483841,0.0,48,R1,0.0,0.0
zero,0,RELLIS-3D,0.0,00003_001258_00,0,0,0.06759633123874664,0.09718094766139984,0.0,0,R1,0.0,0.0
learned,0,RELLIS-3D,0.0,00003_001258_00,0,0,0.06759633123874664,0.09718094766139984,0.0,0,R1,0.0,0.0
fixed,0,RELLIS-3D,0.0,00003_001258_00,0,0,0.06759633123874664,0.09718094766139984,0.0,0,R1,0.0,0.0
zero,0,RELLIS-3D,0.0,00003_001258_00,0,0,0.036768246442079544,0.06700149178504944,0.0,12,R1,0.0,0.0
learned,0,RELLIS-3D,0.0,00003_001258_00,0,0,0.036768246442079544,0.06700149178504944,0.0,12,R1,0.0,0.0
fixed,0,RELLIS-3D,0.0,00003_001258_00,0,0,0.036768246442079544,0.06700149178504944,0.0,12,R1,0.0,0.0
zero,0,RELLIS-3D,0.0,00003_001258_00,0,0,0.03530886396765709,0.0627983957529068,0.0,24,R1,0.0,0.0
learned,0,RELLIS-3D,0.0,00003_001258_00,0,0,0.03530886396765709,0.0627983957529068,0.0,24,R1,0.0,0.0
fixed,0,RELLIS-3D,0.0,00003_001258_00,0,0,0.03530886396765709,0.0627983957529068,0.0,24,R1,0.0,0.0
zero,0,RELLIS-3D,0.0,00003_001258_00,0,0,0.05125114694237709,0.07792529463768005,0.0,36,R1,0.0,0.0
learned,0,RELLIS-3D,0.0,00003_001258_00,0,0,0.05125114694237709,0.07792529463768005,0.0,36,R1,0.0,0.0
fixed,0,RELLIS-3D,0.0,00003_001258_00,0,0,0.05125114694237709,0.07792529463768005,0.0,36,R1,0.0,0.0
zero,0,RELLIS-3D,0.0,00003_001258_00,0,0,0.07376526296138763,0.09925821423530579,0.0,48,R1,0.0,0.0
learned,0,RELLIS-3D,0.0,00003_001258_00,0,0,0.07376526296138763,0.09925821423530579,0.0,48,R1,0.0,0.0
fixed,0,RELLIS-3D,0.0,00003_001258_00,0,0,0.07376526296138763,0.09925821423530579,0.0,48,R1,0.0,0.0
zero,0,RELLIS-3D,0.0,00003_001258_00,0,0,0.07297082990407944,0.10438189655542374,0.0,60,R1,0.0,0.0
learned,0,RELLIS-3D,0.0,00003_001258_00,0,0,0.07297082990407944,0.10438189655542374,0.0,60,R1,0.0,0.0
fixed,0,RELLIS-3D,0.0,00003_001258_00,0,0,0.07297082990407944,0.10438189655542374,0.0,60,R1,0.0,0.0
zero,0,RELLIS-3D,0.0,00003_001258_01,0,0,0.08299867808818817,0.11459110677242279,0.0,0,R1,0.0,0.0
learned,0,RELLIS-3D,0.0,00003_001258_01,0,0,0.08299867808818817,0.11459110677242279,0.0,0,R1,0.0,0.0
fixed,0,RELLIS-3D,0.0,00003_001258_01,0,0,0.08299867808818817,0.11459110677242279,0.0,0,R1,0.0,0.0
zero,0,RELLIS-3D,0.0,00003_001258_01,0,0,0.03696330264210701,0.06784408539533615,0.0,12,R1,0.0,0.0
learned,0,RELLIS-3D,0.0,00003_001258_01,0,0,0.03696330264210701,0.06784408539533615,0.0,12,R1,0.0,0.0
fixed,0,RELLIS-3D,0.0,00003_001258_01,0,0,0.03696330264210701,0.06784408539533615,0.0,12,R1,0.0,0.0
zero,0,RELLIS-3D,0.0,00003_001258_01,0,0,0.03674250468611717,0.06489544361829758,0.0,24,R1,0.0,0.0
learned,0,RELLIS-3D,0.0,00003_001258_01,0,0,0.03674250468611717,0.06489544361829758,0.0,24,R1,0.0,0.0
fixed,0,RELLIS-3D,0.0,00003_001258_01,0,0,0.03674250468611717,0.06489544361829758,0.0,24,R1,0.0,0.0
zero,0,RELLIS-3D,0.0,00003_001258_01,0,0,0.044644828885793686,0.07201676070690155,0.0,36,R1,0.0,0.0
learned,0,RELLIS-3D,0.0,00003_001258_01,0,0,0.044644828885793686,0.07201676070690155,0.0,36,R1,0.0,0.0
fixed,0,RELLIS-3D,0.0,00003_001258_01,0,0,0.044644828885793686,0.07201676070690155,0.0,36,R1,0.0,0.0
zero,0,RELLIS-3D,0.0,00003_001258_01,0,0,0.07262196391820908,0.09943969547748566,0.0,48,R1,0.0,0.0
learned,0,RELLIS-3D,0.0,00003_001258_01,0,0,0.07262196391820908,0.09943969547748566,0.0,48,R1,0.0,0.0
fixed,0,RELLIS-3D,0.0,00003_001258_01,0,0,0.07262196391820908,0.09943969547748566,0.0,48,R1,0.0,0.0
zero,0,RELLIS-3D,0.0,00003_001258_01,0,0,0.07180114090442657,0.10350602865219116,0.0,60,R1,0.0,0.0
learned,0,RELLIS-3D,0.0,00003_001258_01,0,0,0.07180114090442657,0.10350602865219116,0.0,60,R1,0.0,0.0
fixed,0,RELLIS-3D,0.0,00003_001258_01,0,0,0.07180114090442657,0.10350602865219116,0.0,60,R1,0.0,0.0
zero,0,RELLIS-3D,0.0,00003_001258_02,0,0,0.08299867808818817,0.11459110677242279,0.0,0,R1,0.0,0.0
learned,0,RELLIS-3D,0.0,00003_001258_02,0,0,0.08299867808818817,0.11459110677242279,0.0,0,R1,0.0,0.0
fixed,0,RELLIS-3D,0.0,00003_001258_02,0,0,0.08299867808818817,0.11459110677242279,0.0,0,R1,0.0,0.0
zero,0,RELLIS-3D,0.0,00003_001258_02,0,0,0.03696330264210701,0.06784408539533615,0.0,12,R1,0.0,0.0
learned,0,RELLIS-3D,0.0,00003_001258_02,0,0,0.03696330264210701,0.06784408539533615,0.0,12,R1,0.0,0.0
fixed,0,RELLIS-3D,0.0,00003_001258_02,0,0,0.03696330264210701,0.06784408539533615,0.0,12,R1,0.0,0.0
zero,0,RELLIS-3D,0.0,00003_001258_02,0,0,0.03674250468611717,0.06489544361829758,0.0,24,R1,0.0,0.0
learned,0,RELLIS-3D,0.0,00003_001258_02,0,0,0.03674250468611717,0.06489544361829758,0.0,24,R1,0.0,0.0
fixed,0,RELLIS-3D,0.0,00003_001258_02,0,0,0.03674250468611717,0.06489544361829758,0.0,24,R1,0.0,0.0
zero,0,RELLIS-3D,0.0,00003_001258_02,0,0,0.044644828885793686,0.07201676070690155,0.0,36,R1,0.0,0.0
learned,0,RELLIS-3D,0.0,00003_001258_02,0,0,0.044644828885793686,0.07201676070690155,0.0,36,R1,0.0,0.0
fixed,0,RELLIS-3D,0.0,00003_001258_02,0,0,0.044644828885793686,0.07201676070690155,0.0,36,R1,0.0,0.0
zero,0,RELLIS-3D,0.0,00003_001258_02,0,0,0.07403438538312912,0.09876921027898788,0.0,48,R1,0.0,0.0
learned,0,RELLIS-3D,0.0,00003_001258_02,0,0,0.07403438538312912,0.09876921027898788,0.0,48,R1,0.0,0.0
fixed,0,RELLIS-3D,0.0,00003_001258_02,0,0,0.07403438538312912,0.09876921027898788,0.0,48,R1,0.0,0.0
zero,0,RELLIS-3D,0.0,00003_001258_02,0,0,0.06840699166059494,0.09856782853603363,0.0,60,R1,0.0,0.0
learned,0,RELLIS-3D,0.0,00003_001258_02,0,0,0.06840699166059494,0.09856782853603363,0.0,60,R1,0.0,0.0
fixed,0,RELLIS-3D,0.0,00003_001258_02,0,0,0.06840699166059494,0.09856782853603363,0.0,60,R1,0.0,0.0
zero,0,RELLIS-3D,0.0,00003_001258_02,0,0,0.07468581944704056,0.11040803790092468,0.0,72,R1,0.0,0.0
learned,0,RELLIS-3D,0.0,00003_001258_02,0,0,0.07468581944704056,0.11040803790092468,0.0,72,R1,0.0,0.0
fixed,0,RELLIS-3D,0.0,00003_001258_02,0,0,0.07468581944704056,0.11040803790092468,0.0,72,R1,0.0,0.0
zero,0,RELLIS-3D,0.0,00003_001258_03,0,0,0.08238427340984344,0.11203707754611969,0.0,0,R1,0.0,0.0
learned,0,RELLIS-3D,0.0,00003_001258_03,0,0,0.08238427340984344,0.11203707754611969,0.0,0,R1,0.0,0.0
fixed,0,RELLIS-3D,0.0,00003_001258_03,0,0,0.08238427340984344,0.11203707754611969,0.0,0,R1,0.0,0.0
zero,0,RELLIS-3D,0.0,00003_001258_03,0,0,0.0394102968275547,0.06796200573444366,0.0,12,R1,0.0,0.0
learned,0,RELLIS-3D,0.0,00003_001258_03,0,0,0.0394102968275547,0.06796200573444366,0.0,12,R1,0.0,0.0
fixed,0,RELLIS-3D,0.0,00003_001258_03,0,0,0.0394102968275547,0.06796200573444366,0.0,12,R1,0.0,0.0
zero,0,RELLIS-3D,0.0,00003_001258_03,0,0,0.03467245399951935,0.06299158930778503,0.0,24,R1,0.0,0.0
learned,0,RELLIS-3D,0.0,00003_001258_03,0,0,0.03467245399951935,0.06299158930778503,0.0,24,R1,0.0,0.0
fixed,0,RELLIS-3D,0.0,00003_001258_03,0,0,0.03467245399951935,0.06299158930778503,0.0,24,R1,0.0,0.0
zero,0,RELLIS-3D,0.0,00003_001258_03,0,0,0.04076974466443062,0.07232633233070374,0.0,36,R1,0.0,0.0
learned,0,RELLIS-3D,0.0,00003_001258_03,0,0,0.04076974466443062,0.07232633233070374,0.0,36,R1,0.0,0.0
fixed,0,RELLIS-3D,0.0,00003_001258_03,0,0,0.04076974466443062,0.07232633233070374,0.0,36,R1,0.0,0.0
zero,0,RELLIS-3D,0.0,00003_001258_03,0,0,0.06946245580911636,0.09966680407524109,0.0,48,R1,0.0,0.0
learned,0,RELLIS-3D,0.0,00003_001258_03,0,0,0.06946245580911636,0.09966680407524109,0.0,48,R1,0.0,0.0
fixed,0,RELLIS-3D,0.0,00003_001258_03,0,0,0.06946245580911636,0.09966680407524109,0.0,48,R1,0.0,0.0
zero,0,RELLIS-3D,0.0,00003_001258_03,0,0,0.07169865816831589,0.10292677581310272,0.0,60,R1,0.0,0.0
learned,0,RELLIS-3D,0.0,00003_001258_03,0,0,0.07169865816831589,0.10292677581310272,0.0,60,R1,0.0,0.0
fixed,0,RELLIS-3D,0.0,00003_001258_03,0,0,0.07169865816831589,0.10292677581310272,0.0,60,R1,0.0,0.0
zero,0,RELLIS-3D,0.0,00003_001258_03,0,0,0.07600162923336029,0.10941390693187714,0.0,72,R1,0.0,0.0
learned,0,RELLIS-3D,0.0,00003_001258_03,0,0,0.07600162923336029,0.10941390693187714,0.0,72,R1,0.0,0.0
fixed,0,RELLIS-3D,0.0,00003_001258_03,0,0,0.07600162923336029,0.10941390693187714,0.0,72,R1,0.0,0.0
zero,0,RELLIS-3D,0.0,00003_001258_04,0,0,0.03811214119195938,0.0691172182559967,0.0,0,R1,0.0,0.0
learned,0,RELLIS-3D,0.0,00003_001258_04,0,0,0.03811214119195938,0.0691172182559967,0.0,0,R1,0.0,0.0
fixed,0,RELLIS-3D,0.0,00003_001258_04,0,0,0.03811214119195938,0.0691172182559967,0.0,0,R1,0.0,0.0
zero,0,RELLIS-3D,0.0,00003_001258_04,0,0,0.03263193741440773,0.06207851320505142,0.0,12,R1,0.0,0.0
learned,0,RELLIS-3D,0.0,00003_001258_04,0,0,0.03263193741440773,0.06207851320505142,0.0,12,R1,0.0,0.0
fixed,0,RELLIS-3D,0.0,00003_001258_04,0,0,0.03263193741440773,0.06207851320505142,0.0,12,R1,0.0,0.0
zero,0,RELLIS-3D,0.0,00003_001258_04,0,0,0.036503199487924576,0.06396497040987015,0.0,24,R1,0.0,0.0
learned,0,RELLIS-3D,0.0,00003_001258_04,0,0,0.036503199487924576,0.06396497040987015,0.0,24,R1,0.0,0.0
fixed,0,RELLIS-3D,0.0,00003_001258_04,0,0,0.036503199487924576,0.06396497040987015,0.0,24,R1,0.0,0.0
zero,0,RELLIS-3D,0.0,00003_001258_04,0,0,0.06076329946517944,0.08960749208927155,0.0,36,R1,0.0,0.0
learned,0,RELLIS-3D,0.0,00003_001258_04,0,0,0.06076329946517944,0.08960749208927155,0.0,36,R1,0.0,0.0
fixed,0,RELLIS-3D,0.0,00003_001258_04,0,0,0.06076329946517944,0.08960749208927155,0.0,36,R1,0.0,0.0
zero,0,RELLIS-3D,0.0,00003_001258_04,0,0,0.07552893459796906,0.1061641275882721,0.0,48,R1,0.0,0.0
learned,0,RELLIS-3D,0.0,00003_001258_04,0,0,0.07552893459796906,0.1061641275882721,0.0,48,R1,0.0,0.0
fixed,0,RELLIS-3D,0.0,00003_001258_04,0,0,0.07552893459796906,0.1061641275882721,0.0,48,R1,0.0,0.0
zero,0,RELLIS-3D,0.0,00003_001258_05,0,0,0.0462707094848156,0.07636190950870514,0.0,0,R1,0.0,0.0
learned,0,RELLIS-3D,0.0,00003_001258_05,0,0,0.0462707094848156,0.07636190950870514,0.0,0,R1,0.0,0.0
fixed,0,RELLIS-3D,0.0,00003_001258_05,0,0,0.0462707094848156,0.07636190950870514,0.0,0,R1,0.0,0.0
zero,0,RELLIS-3D,0.0,00003_001258_05,0,0,0.03408673405647278,0.06159599870443344,0.0,12,R1,0.0,0.0
learned,0,RELLIS-3D,0.0,00003_001258_05,0,0,0.03408673405647278,0.06159599870443344,0.0,12,R1,0.0,0.0
fixed,0,RELLIS-3D,0.0,00003_001258_05,0,0,0.03408673405647278,0.06159599870443344,0.0,12,R1,0.0,0.0
zero,0,RELLIS-3D,0.0,00003_001258_05,0,0,0.029751865193247795,0.05631090700626373,0.0,24,R1,0.0,0.0
learned,0,RELLIS-3D,0.0,00003_001258_05,0,0,0.029751865193247795,0.05631090700626373,0.0,24,R1,0.0,0.0
fixed,0,RELLIS-3D,0.0,00003_001258_05,0,0,0.029751865193247795,0.05631090700626373,0.0,24,R1,0.0,0.0
zero,0,RELLIS-3D,0.0,00003_001258_05,0,1,0.04196995496749878,0.06954219937324524,0.0,36,R1,0.0,0.0
learned,0,RELLIS-3D,0.000978389522060752,00003_001258_05,0,1,0.04196995496749878,0.06954219937324524,0.06954219937324524,36,R1,0.0010383462067693472,0.0006956750876270235
fixed,1,RELLIS-3D,0.021103505045175552,00003_001258_05,0,1,0.04196995496749878,0.06954219937324524,1.5,36,R1,0.0223967507481575,0.015005458146333694
zero,0,RELLIS-3D,0.0,00003_001258_05,0,0,0.07120858877897263,0.10272394120693207,0.0,48,R1,0.0,0.0
learned,0,RELLIS-3D,0.0,00003_001258_05,0,0,0.07120858877897263,0.10272394120693207,0.0,48,R1,0.0,0.0
fixed,0,RELLIS-3D,0.0,00003_001258_05,0,0,0.07120858877897263,0.10272394120693207,0.0,48,R1,0.0,0.0
zero,0,RELLIS-3D,0.0,00003_001258_05,0,0,0.07952192425727844,0.10768277943134308,0.0,60,R1,0.0,0.0
learned,0,RELLIS-3D,0.0,00003_001258_05,0,0,0.07952192425727844,0.10768277943134308,0.0,60,R1,0.0,0.0
fixed,0,RELLIS-3D,0.0,00003_001258_05,0,0,0.07952192425727844,0.10768277943134308,0.0,60,R1,0.0,0.0
zero,0,RELLIS-3D,0.0,00003_001258_06,0,0,0.06679900735616684,0.1005391925573349,0.0,0,R1,0.0,0.0
learned,0,RELLIS-3D,0.0,00003_001258_06,0,0,0.06679900735616684,0.1005391925573349,0.0,0,R1,0.0,0.0
fixed,0,RELLIS-3D,0.0,00003_001258_06,0,0,0.06679900735616684,0.1005391925573349,0.0,0,R1,0.0,0.0
zero,0,RELLIS-3D,0.0,00003_001258_06,0,0,0.045024365186691284,0.07606581598520279,0.0,12,R1,0.0,0.0
learned,0,RELLIS-3D,0.0,00003_001258_06,0,0,0.045024365186691284,0.07606581598520279,0.0,12,R1,0.0,0.0
fixed,0,RELLIS-3D,0.0,00003_001258_06,0,0,0.045024365186691284,0.07606581598520279,0.0,12,R1,0.0,0.0
zero,0,RELLIS-3D,0.0,00003_001258_06,0,0,0.04423753172159195,0.07330363988876343,0.0,24,R1,0.0,0.0
learned,0,RELLIS-3D,0.0,00003_001258_06,0,0,0.04423753172159195,0.07330363988876343,0.0,24,R1,0.0,0.0
fixed,0,RELLIS-3D,0.0,00003_001258_06,0,0,0.04423753172159195,0.07330363988876343,0.0,24,R1,0.0,0.0
zero,0,RELLIS-3D,0.0,00003_001258_06,0,0,0.05892626941204071,0.08578474819660187,0.0,36,R1,0.0,0.0
learned,0,RELLIS-3D,0.0,00003_001258_06,0,0,0.05892626941204071,0.08578474819660187,0.0,36,R1,0.0,0.0
fixed,0,RELLIS-3D,0.0,00003_001258_06,0,0,0.05892626941204071,0.08578474819660187,0.0,36,R1,0.0,0.0
zero,0,RELLIS-3D,0.0,00003_001258_06,0,0,0.07207180559635162,0.10196433961391449,0.0,48,R1,0.0,0.0
learned,0,RELLIS-3D,0.0,00003_001258_06,0,0,0.07207180559635162,0.10196433961391449,0.0,48,R1,0.0,0.0
fixed,0,RELLIS-3D,0.0,00003_001258_06,0,0,0.07207180559635162,0.10196433961391449,0.0,48,R1,0.0,0.0
zero,0,RELLIS-3D,0.0,00003_001258_06,0,0,0.07615373283624649,0.10659980773925781,0.0,60,R1,0.0,0.0
learned,0,RELLIS-3D,0.0,00003_001258_06,0,0,0.07615373283624649,0.10659980773925781,0.0,60,R1,0.0,0.0
fixed,0,RELLIS-3D,0.0,00003_001258_06,0,0,0.07615373283624649,0.10659980773925781,0.0,60,R1,0.0,0.0
zero,0,RELLIS-3D,0.0,00003_001258_06,0,0,0.07744503021240234,0.11428273469209671,0.0,72,R1,0.0,0.0
learned,0,RELLIS-3D,0.0,00003_001258_06,0,0,0.07744503021240234,0.11428273469209671,0.0,72,R1,0.0,0.0
fixed,0,RELLIS-3D,0.0,00003_001258_06,0,0,0.07744503021240234,0.11428273469209671,0.0,72,R1,0.0,0.0
zero,0,RELLIS-3D,0.0,00003_001258_07,0,0,0.08868475258350372,0.11749891936779022,0.0,0,R1,0.0,0.0
learned,0,RELLIS-3D,0.0,00003_001258_07,0,0,0.08868475258350372,0.11749891936779022,0.0,0,R1,0.0,0.0
fixed,0,RELLIS-3D,0.0,00003_001258_07,0,0,0.08868475258350372,0.11749891936779022,0.0,0,R1,0.0,0.0
zero,0,RELLIS-3D,0.0,00003_001258_07,0,0,0.03909670561552048,0.0675184354186058,0.0,12,R1,0.0,0.0
learned,0,RELLIS-3D,0.0,00003_001258_07,0,0,0.03909670561552048,0.0675184354186058,0.0,12,R1,0.0,0.0
fixed,0,RELLIS-3D,0.0,00003_001258_07,0,0,0.03909670561552048,0.0675184354186058,0.0,12,R1,0.0,0.0
zero,0,RELLIS-3D,0.0,00003_001258_07,0,0,0.036561742424964905,0.06529650092124939,0.0,24,R1,0.0,0.0
learned,0,RELLIS-3D,0.0,00003_001258_07,0,0,0.036561742424964905,0.06529650092124939,0.0,24,R1,0.0,0.0
fixed,0,RELLIS-3D,0.0,00003_001258_07,0,0,0.036561742424964905,0.06529650092124939,0.0,24,R1,0.0,0.0
zero,0,RELLIS-3D,0.0,00003_001258_07,0,0,0.038910672068595886,0.06929849088191986,0.0,36,R1,0.0,0.0
learned,0,RELLIS-3D,0.0,00003_001258_07,0,0,0.038910672068595886,0.06929849088191986,0.0,36,R1,0.0,0.0
fixed,0,RELLIS-3D,0.0,00003_001258_07,0,0,0.038910672068595886,0.06929849088191986,0.0,36,R1,0.0,0.0
zero,0,RELLIS-3D,0.0,00003_001258_07,0,0,0.059213075786828995,0.09097222238779068,0.0,48,R1,0.0,0.0
learned,0,RELLIS-3D,0.0,00003_001258_07,0,0,0.059213075786828995,0.09097222238779068,0.0,48,R1,0.0,0.0
fixed,0,RELLIS-3D,0.0,00003_001258_07,0,0,0.059213075786828995,0.09097222238779068,0.0,48,R1,0.0,0.0
zero,0,RELLIS-3D,0.0,00003_001258_07,0,0,0.07057306915521622,0.10195194184780121,0.0,60,R1,0.0,0.0
learned,0,RELLIS-3D,0.0,00003_001258_07,0,0,0.07057306915521622,0.10195194184780121,0.0,60,R1,0.0,0.0
fixed,0,RELLIS-3D,0.0,00003_001258_07,0,0,0.07057306915521622,0.10195194184780121,0.0,60,R1,0.0,0.0
zero,0,RELLIS-3D,0.0,00003_000938_00,0,0,0.09750247001647949,0.12602199614048004,0.0,0,R1,0.0,0.0
learned,0,RELLIS-3D,0.0,00003_000938_00,0,0,0.09750247001647949,0.12602199614048004,0.0,0,R1,0.0,0.0
fixed,0,RELLIS-3D,0.0,00003_000938_00,0,0,0.09750247001647949,0.12602199614048004,0.0,0,R1,0.0,0.0
zero,0,RELLIS-3D,0.0,00003_000938_00,0,0,0.07458804547786713,0.10767900198698044,0.0,12,R1,0.0,0.0
learned,0,RELLIS-3D,0.0,00003_000938_00,0,0,0.07458804547786713,0.10767900198698044,0.0,12,R1,0.0,0.0
fixed,0,RELLIS-3D,0.0,00003_000938_00,0,0,0.07458804547786713,0.10767900198698044,0.0,12,R1,0.0,0.0
zero,0,RELLIS-3D,0.0,00003_000938_00,0,0,0.06335994601249695,0.09500628709793091,0.0,24,R1,0.0,0.0
learned,0,RELLIS-3D,0.0,00003_000938_00,0,0,0.06335994601249695,0.09500628709793091,0.0,24,R1,0.0,0.0
fixed,0,RELLIS-3D,0.0,00003_000938_00,0,0,0.06335994601249695,0.09500628709793091,0.0,24,R1,0.0,0.0
zero,0,RELLIS-3D,0.0,00003_000938_00,0,0,0.07240018993616104,0.1048070639371872,0.0,36,R1,0.0,0.0
learned,0,RELLIS-3D,0.0,00003_000938_00,0,0,0.07240018993616104,0.1048070639371872,0.0,36,R1,0.0,0.0
fixed,0,RELLIS-3D,0.0,00003_000938_00,0,0,0.07240018993616104,0.1048070639371872,0.0,36,R1,0.0,0.0
zero,0,RELLIS-3D,0.0,00003_000938_00,0,0,0.07852184772491455,0.10320063680410385,0.0,48,R1,0.0,0.0
learned,0,RELLIS-3D,0.0,00003_000938_00,0,0,0.07852184772491455,0.10320063680410385,0.0,48,R1,0.0,0.0
fixed,0,RELLIS-3D,0.0,00003_000938_00,0,0,0.07852184772491455,0.10320063680410385,0.0,48,R1,0.0,0.0
zero,0,RELLIS-3D,0.0,00003_000938_00,0,0,0.07620492577552795,0.10399258136749268,0.0,60,R1,0.0,0.0
learned,0,RELLIS-3D,0.0,00003_000938_00,0,0,0.07620492577552795,0.10399258136749268,0.0,60,R1,0.0,0.0
fixed,0,RELLIS-3D,0.0,00003_000938_00,0,0,0.07620492577552795,0.10399258136749268,0.0,60,R1,0.0,0.0
zero,0,RELLIS-3D,0.0,00003_000938_01,0,0,0.09622371941804886,0.1311047524213791,0.0,0,R1,0.0,0.0
learned,0,RELLIS-3D,0.0,00003_000938_01,0,0,0.09622371941804886,0.1311047524213791,0.0,0,R1,0.0,0.0
fixed,0,RELLIS-3D,0.0,00003_000938_01,0,0,0.09622371941804886,0.1311047524213791,0.0,0,R1,0.0,0.0
zero,0,RELLIS-3D,0.0,00003_000938_01,0,0,0.0996938943862915,0.12774692475795746,0.0,12,R1,0.0,0.0
learned,0,RELLIS-3D,0.0,00003_000938_01,0,0,0.0996938943862915,0.12774692475795746,0.0,12,R1,0.0,0.0
fixed,0,RELLIS-3D,0.0,00003_000938_01,0,0,0.0996938943862915,0.12774692475795746,0.0,12,R1,0.0,0.0
zero,0,RELLIS-3D,0.0,00003_000938_01,0,0,0.09569133818149567,0.1213311105966568,0.0,24,R1,0.0,0.0
learned,0,RELLIS-3D,0.0,00003_000938_01,0,0,0.09569133818149567,0.1213311105966568,0.0,24,R1,0.0,0.0
fixed,0,RELLIS-3D,0.0,00003_000938_01,0,0,0.09569133818149567,0.1213311105966568,0.0,24,R1,0.0,0.0
zero,0,RELLIS-3D,0.0,00003_000938_01,0,0,0.08499862253665924,0.11363209038972855,0.0,36,R1,0.0,0.0
learned,0,RELLIS-3D,0.0,00003_000938_01,0,0,0.08499862253665924,0.11363209038972855,0.0,36,R1,0.0,0.0
fixed,0,RELLIS-3D,0.0,00003_000938_01,0,0,0.08499862253665924,0.11363209038972855,0.0,36,R1,0.0,0.0
zero,0,RELLIS-3D,0.0,00003_000938_01,0,0,0.07916450500488281,0.10718923062086105,0.0,48,R1,0.0,0.0
learned,0,RELLIS-3D,0.0,00003_000938_01,0,0,0.07916450500488281,0.10718923062086105,0.0,48,R1,0.0,0.0
fixed,0,RELLIS-3D,0.0,00003_000938_01,0,0,0.07916450500488281,0.10718923062086105,0.0,48,R1,0.0,0.0
zero,0,RELLIS-3D,0.0,00003_000938_01,0,0,0.07699687033891678,0.10316917300224304,0.0,60,R1,0.0,0.0
learned,0,RELLIS-3D,0.0,00003_000938_01,0,0,0.07699687033891678,0.10316917300224304,0.0,60,R1,0.0,0.0
fixed,0,RELLIS-3D,0.0,00003_000938_01,0,0,0.07699687033891678,0.10316917300224304,0.0,60,R1,0.0,0.0
zero,0,RELLIS-3D,0.0,00003_000938_02,0,0,0.0841880738735199,0.11129702627658844,0.0,0,R1,0.0,0.0
learned,0,RELLIS-3D,0.0,00003_000938_02,0,0,0.0841880738735199,0.11129702627658844,0.0,0,R1,0.0,0.0
fixed,0,RELLIS-3D,0.0,00003_000938_02,0,0,0.0841880738735199,0.11129702627658844,0.0,0,R1,0.0,0.0
zero,0,RELLIS-3D,0.0,00003_000938_02,0,0,0.06397561728954315,0.09490305185317993,0.0,12,R1,0.0,0.0
learned,0,RELLIS-3D,0.0,00003_000938_02,0,0,0.06397561728954315,0.09490305185317993,0.0,12,R1,0.0,0.0
fixed,0,RELLIS-3D,0.0,00003_000938_02,0,0,0.06397561728954315,0.09490305185317993,0.0,12,R1,0.0,0.0
zero,0,RELLIS-3D,0.0,00003_000938_02,0,0,0.06070363521575928,0.0926835760474205,0.0,24,R1,0.0,0.0
learned,0,RELLIS-3D,0.0,00003_000938_02,0,0,0.06070363521575928,0.0926835760474205,0.0,24,R1,0.0,0.0
fixed,0,RELLIS-3D,0.0,00003_000938_02,0,0,0.06070363521575928,0.0926835760474205,0.0,24,R1,0.0,0.0
zero,0,RELLIS-3D,0.0,00003_000938_02,0,0,0.07781857252120972,0.11197809875011444,0.0,36,R1,0.0,0.0
learned,0,RELLIS-3D,0.0,00003_000938_02,0,0,0.07781857252120972,0.11197809875011444,0.0,36,R1,0.0,0.0
fixed,0,RELLIS-3D,0.0,00003_000938_02,0,0,0.07781857252120972,0.11197809875011444,0.0,36,R1,0.0,0.0
zero,0,RELLIS-3D,0.0,00003_000938_02,0,0,0.07756016403436661,0.11207877099514008,0.0,48,R1,0.0,0.0
learned,0,RELLIS-3D,0.0,00003_000938_02,0,0,0.07756016403436661,0.11207877099514008,0.0,48,R1,0.0,0.0
fixed,0,RELLIS-3D,0.0,00003_000938_02,0,0,0.07756016403436661,0.11207877099514008,0.0,48,R1,0.0,0.0
zero,0,RELLIS-3D,0.0,00003_000938_02,0,0,0.07629664242267609,0.1056167408823967,0.0,60,R1,0.0,0.0
learned,0,RELLIS-3D,0.0,00003_000938_02,0,0,0.07629664242267609,0.1056167408823967,0.0,60,R1,0.0,0.0
fixed,0,RELLIS-3D,0.0,00003_000938_02,0,0,0.07629664242267609,0.1056167408823967,0.0,60,R1,0.0,0.0
zero,0,RELLIS-3D,0.0,00003_000938_03,0,0,0.0841880738735199,0.11129702627658844,0.0,0,R1,0.0,0.0
learned,0,RELLIS-3D,0.0,00003_000938_03,0,0,0.0841880738735199,0.11129702627658844,0.0,0,R1,0.0,0.0
fixed,0,RELLIS-3D,0.0,00003_000938_03,0,0,0.0841880738735199,0.11129702627658844,0.0,0,R1,0.0,0.0
zero,0,RELLIS-3D,0.0,00003_000938_03,0,0,0.06407924741506577,0.09467832744121552,0.0,12,R1,0.0,0.0
learned,0,RELLIS-3D,0.0,00003_000938_03,0,0,0.06407924741506577,0.09467832744121552,0.0,12,R1,0.0,0.0
fixed,0,RELLIS-3D,0.0,00003_000938_03,0,0,0.06407924741506577,0.09467832744121552,0.0,12,R1,0.0,0.0
zero,0,RELLIS-3D,0.0,00003_000938_03,0,0,0.059287697076797485,0.08990254253149033,0.0,24,R1,0.0,0.0
learned,0,RELLIS-3D,0.0,00003_000938_03,0,0,0.059287697076797485,0.08990254253149033,0.0,24,R1,0.0,0.0
fixed,0,RELLIS-3D,0.0,00003_000938_03,0,0,0.059287697076797485,0.08990254253149033,0.0,24,R1,0.0,0.0
zero,0,RELLIS-3D,0.0,00003_000938_03,0,0,0.0700521171092987,0.10085351020097733,0.0,36,R1,0.0,0.0
learned,0,RELLIS-3D,0.0,00003_000938_03,0,0,0.0700521171092987,0.10085351020097733,0.0,36,R1,0.0,0.0
fixed,0,RELLIS-3D,0.0,00003_000938_03,0,0,0.0700521171092987,0.10085351020097733,0.0,36,R1,0.0,0.0
zero,0,RELLIS-3D,0.0,00003_000938_03,0,0,0.07528534531593323,0.10595797747373581,0.0,48,R1,0.0,0.0
learned,0,RELLIS-3D,0.0,00003_000938_03,0,0,0.07528534531593323,0.10595797747373581,0.0,48,R1,0.0,0.0
fixed,0,RELLIS-3D,0.0,00003_000938_03,0,0,0.07528534531593323,0.10595797747373581,0.0,48,R1,0.0,0.0
zero,0,RELLIS-3D,0.0,00003_000938_03,0,0,0.07651233673095703,0.10578866302967072,0.0,60,R1,0.0,0.0
learned,0,RELLIS-3D,0.0,00003_000938_03,0,0,0.07651233673095703,0.10578866302967072,0.0,60,R1,0.0,0.0
fixed,0,RELLIS-3D,0.0,00003_000938_03,0,0,0.07651233673095703,0.10578866302967072,0.0,60,R1,0.0,0.0
zero,0,RELLIS-3D,0.0,00003_000938_04,0,0,0.11297854781150818,0.1409929096698761,0.0,0,R1,0.0,0.0
learned,0,RELLIS-3D,0.0,00003_000938_04,0,0,0.11297854781150818,0.1409929096698761,0.0,0,R1,0.0,0.0
fixed,0,RELLIS-3D,0.0,00003_000938_04,0,0,0.11297854781150818,0.1409929096698761,0.0,0,R1,0.0,0.0
zero,0,RELLIS-3D,0.0,00003_000938_04,0,0,0.07228022813796997,0.10266496986150742,0.0,12,R1,0.0,0.0
learned,0,RELLIS-3D,0.0,00003_000938_04,0,0,0.07228022813796997,0.10266496986150742,0.0,12,R1,0.0,0.0
fixed,0,RELLIS-3D,0.0,00003_000938_04,0,0,0.07228022813796997,0.10266496986150742,0.0,12,R1,0.0,0.0
zero,0,RELLIS-3D,0.0,00003_000938_04,0,0,0.06084828823804855,0.09022381156682968,0.0,24,R1,0.0,0.0
learned,0,RELLIS-3D,0.0,00003_000938_04,0,0,0.06084828823804855,0.09022381156682968,0.0,24,R1,0.0,0.0
fixed,0,RELLIS-3D,0.0,00003_000938_04,0,0,0.06084828823804855,0.09022381156682968,0.0,24,R1,0.0,0.0
zero,0,RELLIS-3D,0.0,00003_000938_04,0,0,0.06726110726594925,0.09846343845129013,0.0,36,R1,0.0,0.0
learned,0,RELLIS-3D,0.0,00003_000938_04,0,0,0.06726110726594925,0.09846343845129013,0.0,36,R1,0.0,0.0
fixed,0,RELLIS-3D,0.0,00003_000938_04,0,0,0.06726110726594925,0.09846343845129013,0.0,36,R1,0.0,0.0
zero,0,RELLIS-3D,0.0,00003_000938_04,0,0,0.0732221007347107,0.10394981503486633,0.0,48,R1,0.0,0.0
learned,0,RELLIS-3D,0.0,00003_000938_04,0,0,0.0732221007347107,0.10394981503486633,0.0,48,R1,0.0,0.0
fixed,0,RELLIS-3D,0.0,00003_000938_04,0,0,0.0732221007347107,0.10394981503486633,0.0,48,R1,0.0,0.0
zero,0,RELLIS-3D,0.0,00003_000938_04,0,0,0.07487168908119202,0.10429306328296661,0.0,60,R1,0.0,0.0
learned,0,RELLIS-3D,0.0,00003_000938_04,0,0,0.07487168908119202,0.10429306328296661,0.0,60,R1,0.0,0.0
fixed,0,RELLIS-3D,0.0,00003_000938_04,0,0,0.07487168908119202,0.10429306328296661,0.0,60,R1,0.0,0.0
zero,0,RELLIS-3D,0.0,00003_000938_04,0,0,0.07581160962581635,0.10425218194723129,0.0,72,R1,0.0,0.0
learned,0,RELLIS-3D,0.0,00003_000938_04,0,0,0.07581160962581635,0.10425218194723129,0.0,72,R1,0.0,0.0
fixed,0,RELLIS-3D,0.0,00003_000938_04,0,0,0.07581160962581635,0.10425218194723129,0.0,72,R1,0.0,0.0
zero,0,RELLIS-3D,0.0,00003_000938_05,0,1,0.07870526611804962,0.11232905089855194,0.0,0,R1,0.0,0.0
learned,0,RELLIS-3D,-2.3462318495148793e-05,00003_000938_05,0,1,0.07870526611804962,0.11232905089855194,0.11232905089855194,0,R1,2.5593855752958916e-05,1.8425955204293132e-05
fixed,0,RELLIS-3D,-0.00031330701312981546,00003_000938_05,0,1,0.07870526611804962,0.11232905089855194,1.5,0,R1,0.00034177073393948376,0.0002460532996337861
zero,0,RELLIS-3D,0.0,00003_000938_05,0,0,0.09319394081830978,0.12609165906906128,0.0,12,R1,0.0,0.0
learned,0,RELLIS-3D,0.0,00003_000938_05,0,0,0.09319394081830978,0.12609165906906128,0.0,12,R1,0.0,0.0
fixed,0,RELLIS-3D,0.0,00003_000938_05,0,0,0.09319394081830978,0.12609165906906128,0.0,12,R1,0.0,0.0
zero,0,RELLIS-3D,0.0,00003_000938_05,0,0,0.08471369743347168,0.11818521469831467,0.0,24,R1,0.0,0.0
learned,0,RELLIS-3D,0.0,00003_000938_05,0,0,0.08471369743347168,0.11818521469831467,0.0,24,R1,0.0,0.0
fixed,0,RELLIS-3D,0.0,00003_000938_05,0,0,0.08471369743347168,0.11818521469831467,0.0,24,R1,0.0,0.0
zero,0,RELLIS-3D,0.0,00003_000938_05,0,0,0.07910296320915222,0.11346244066953659,0.0,36,R1,0.0,0.0
learned,0,RELLIS-3D,0.0,00003_000938_05,0,0,0.07910296320915222,0.11346244066953659,0.0,36,R1,0.0,0.0
fixed,0,RELLIS-3D,0.0,00003_000938_05,0,0,0.07910296320915222,0.11346244066953659,0.0,36,R1,0.0,0.0
zero,0,RELLIS-3D,0.0,00003_000938_05,0,0,0.07891882956027985,0.10781840234994888,0.0,48,R1,0.0,0.0
learned,0,RELLIS-3D,0.0,00003_000938_05,0,0,0.07891882956027985,0.10781840234994888,0.0,48,R1,0.0,0.0
fixed,0,RELLIS-3D,0.0,00003_000938_05,0,0,0.07891882956027985,0.10781840234994888,0.0,48,R1,0.0,0.0
zero,0,RELLIS-3D,0.0,00003_000938_05,0,0,0.07645504921674728,0.10567262768745422,0.0,60,R1,0.0,0.0
learned,0,RELLIS-3D,0.0,00003_000938_05,0,0,0.07645504921674728,0.10567262768745422,0.0,60,R1,0.0,0.0
fixed,0,RELLIS-3D,0.0,00003_000938_05,0,0,0.07645504921674728,0.10567262768745422,0.0,60,R1,0.0,0.0
zero,0,RELLIS-3D,0.0,00003_000938_06,0,0,0.10136730223894119,0.1316012293100357,0.0,0,R1,0.0,0.0
learned,0,RELLIS-3D,0.0,00003_000938_06,0,0,0.10136730223894119,0.1316012293100357,0.0,0,R1,0.0,0.0
fixed,0,RELLIS-3D,0.0,00003_000938_06,0,0,0.10136730223894119,0.1316012293100357,0.0,0,R1,0.0,0.0
zero,0,RELLIS-3D,0.0,00003_000938_06,0,0,0.09532444179058075,0.1283884197473526,0.0,12,R1,0.0,0.0
learned,0,RELLIS-3D,0.0,00003_000938_06,0,0,0.09532444179058075,0.1283884197473526,0.0,12,R1,0.0,0.0
fixed,0,RELLIS-3D,0.0,00003_000938_06,0,0,0.09532444179058075,0.1283884197473526,0.0,12,R1,0.0,0.0
zero,0,RELLIS-3D,0.0,00003_000938_06,0,0,0.08870881050825119,0.1208653599023819,0.0,24,R1,0.0,0.0
learned,0,RELLIS-3D,0.0,00003_000938_06,0,0,0.08870881050825119,0.1208653599023819,0.0,24,R1,0.0,0.0
fixed,0,RELLIS-3D,0.0,00003_000938_06,0,0,0.08870881050825119,0.1208653599023819,0.0,24,R1,0.0,0.0
zero,0,RELLIS-3D,0.0,00003_000938_06,0,0,0.0799081027507782,0.11407729238271713,0.0,36,R1,0.0,0.0
learned,0,RELLIS-3D,0.0,00003_000938_06,0,0,0.0799081027507782,0.11407729238271713,0.0,36,R1,0.0,0.0
fixed,0,RELLIS-3D,0.0,00003_000938_06,0,0,0.0799081027507782,0.11407729238271713,0.0,36,R1,0.0,0.0
zero,0,RELLIS-3D,0.0,00003_000938_06,0,0,0.07750991731882095,0.1111852303147316,0.0,48,R1,0.0,0.0
learned,0,RELLIS-3D,0.0,00003_000938_06,0,0,0.07750991731882095,0.1111852303147316,0.0,48,R1,0.0,0.0
fixed,0,RELLIS-3D,0.0,00003_000938_06,0,0,0.07750991731882095,0.1111852303147316,0.0,48,R1,0.0,0.0
zero,0,RELLIS-3D,0.0,00003_000938_07,0,1,0.07766079157590866,0.10867870599031448,0.0,0,R1,0.0,0.0
learned,0,RELLIS-3D,0.0017266231589019299,00003_000938_07,0,1,0.07766079157590866,0.10867870599031448,0.10867870599031448,0,R1,0.0026247682981193066,0.002487178659066558
fixed,1,RELLIS-3D,0.023831112310290337,00003_000938_07,0,1,0.07766079157590866,0.10867870599031448,1.5,0,R1,0.036227449774742126,0.03432841971516609
zero,0,RELLIS-3D,0.0,00003_000938_07,0,0,0.07458804547786713,0.10767900198698044,0.0,12,R1,0.0,0.0
learned,0,RELLIS-3D,0.0,00003_000938_07,0,0,0.07458804547786713,0.10767900198698044,0.0,12,R1,0.0,0.0
fixed,0,RELLIS-3D,0.0,00003_000938_07,0,0,0.07458804547786713,0.10767900198698044,0.0,12,R1,0.0,0.0
zero,0,RELLIS-3D,0.0,00003_000938_07,0,0,0.06889200210571289,0.10138306766748428,0.0,24,R1,0.0,0.0
learned,0,RELLIS-3D,0.0,00003_000938_07,0,0,0.06889200210571289,0.10138306766748428,0.0,24,R1,0.0,0.0
fixed,0,RELLIS-3D,0.0,00003_000938_07,0,0,0.06889200210571289,0.10138306766748428,0.0,24,R1,0.0,0.0
zero,0,RELLIS-3D,0.0,00003_000938_07,0,0,0.07406017929315567,0.10710493475198746,0.0,36,R1,0.0,0.0
learned,0,RELLIS-3D,0.0,00003_000938_07,0,0,0.07406017929315567,0.10710493475198746,0.0,36,R1,0.0,0.0
fixed,0,RELLIS-3D,0.0,00003_000938_07,0,0,0.07406017929315567,0.10710493475198746,0.0,36,R1,0.0,0.0
zero,0,RELLIS-3D,0.0,00003_000938_07,0,0,0.07761630415916443,0.10579194128513336,0.0,48,R1,0.0,0.0
learned,0,RELLIS-3D,0.0,00003_000938_07,0,0,0.07761630415916443,0.10579194128513336,0.0,48,R1,0.0,0.0
fixed,0,RELLIS-3D,0.0,00003_000938_07,0,0,0.07761630415916443,0.10579194128513336,0.0,48,R1,0.0,0.0
zero,0,RELLIS-3D,0.0,00003_000938_07,0,0,0.07642083615064621,0.1056220680475235,0.0,60,R1,0.0,0.0
learned,0,RELLIS-3D,0.0,00003_000938_07,0,0,0.07642083615064621,0.1056220680475235,0.0,60,R1,0.0,0.0
fixed,0,RELLIS-3D,0.0,00003_000938_07,0,0,0.07642083615064621,0.1056220680475235,0.0,60,R1,0.0,0.0
zero,0,RELLIS-3D,0.0,00003_000958_00,0,0,0.12131764739751816,0.14129824936389923,0.0,0,R2,0.0,0.0
learned,0,RELLIS-3D,0.0,00003_000958_00,0,0,0.12131764739751816,0.14129824936389923,0.0,0,R2,0.0,0.0
fixed,0,RELLIS-3D,0.0,00003_000958_00,0,0,0.12131764739751816,0.14129824936389923,0.0,0,R2,0.0,0.0
zero,0,RELLIS-3D,0.0,00003_000958_00,0,0,0.08791927248239517,0.11098717153072357,0.0,12,R2,0.0,0.0
learned,0,RELLIS-3D,0.0,00003_000958_00,0,0,0.08791927248239517,0.11098717153072357,0.0,12,R2,0.0,0.0
fixed,0,RELLIS-3D,0.0,00003_000958_00,0,0,0.08791927248239517,0.11098717153072357,0.0,12,R2,0.0,0.0
zero,0,RELLIS-3D,0.0,00003_000958_00,0,0,0.06832113116979599,0.09783516824245453,0.0,24,R2,0.0,0.0
learned,0,RELLIS-3D,0.0,00003_000958_00,0,0,0.06832113116979599,0.09783516824245453,0.0,24,R2,0.0,0.0
fixed,0,RELLIS-3D,0.0,00003_000958_00,0,0,0.06832113116979599,0.09783516824245453,0.0,24,R2,0.0,0.0
zero,0,RELLIS-3D,0.0,00003_000958_00,0,0,0.05823364853858948,0.0902102068066597,0.0,36,R2,0.0,0.0
learned,0,RELLIS-3D,0.0,00003_000958_00,0,0,0.05823364853858948,0.0902102068066597,0.0,36,R2,0.0,0.0
fixed,0,RELLIS-3D,0.0,00003_000958_00,0,0,0.05823364853858948,0.0902102068066597,0.0,36,R2,0.0,0.0
zero,0,RELLIS-3D,0.0,00003_000958_00,0,0,0.07018302381038666,0.10288923233747482,0.0,48,R2,0.0,0.0
learned,0,RELLIS-3D,0.0,00003_000958_00,0,0,0.07018302381038666,0.10288923233747482,0.0,48,R2,0.0,0.0
fixed,0,RELLIS-3D,0.0,00003_000958_00,0,0,0.07018302381038666,0.10288923233747482,0.0,48,R2,0.0,0.0
zero,0,RELLIS-3D,0.0,00003_000958_00,0,0,0.07629350572824478,0.10598424077033997,0.0,60,R2,0.0,0.0
learned,0,RELLIS-3D,0.0,00003_000958_00,0,0,0.07629350572824478,0.10598424077033997,0.0,60,R2,0.0,0.0
fixed,0,RELLIS-3D,0.0,00003_000958_00,0,0,0.07629350572824478,0.10598424077033997,0.0,60,R2,0.0,0.0
zero,0,RELLIS-3D,0.0,00003_000958_01,0,1,0.09893582761287689,0.12880858778953552,0.0,0,R1,0.0,0.0
learned,0,RELLIS-3D,0.009270017966628075,00003_000958_01,0,1,0.09893582761287689,0.12880858778953552,0.12880858778953552,0,R1,0.03373028337955475,0.0335102342069149
fixed,1,RELLIS-3D,0.1079510822892189,00003_000958_01,0,1,0.09893582761287689,0.12880858778953552,1.5,0,R1,0.3927954137325287,0.3902328610420227
zero,0,RELLIS-3D,0.0,00003_000958_01,0,0,0.09215010702610016,0.1239638477563858,0.0,12,R1,0.0,0.0
learned,0,RELLIS-3D,0.0,00003_000958_01,0,0,0.09215010702610016,0.1239638477563858,0.0,12,R1,0.0,0.0
fixed,0,RELLIS-3D,0.0,00003_000958_01,0,0,0.09215010702610016,0.1239638477563858,0.0,12,R1,0.0,0.0
zero,0,RELLIS-3D,0.0,00003_000958_01,0,0,0.09193689376115799,0.11968397349119186,0.0,24,R1,0.0,0.0
learned,0,RELLIS-3D,0.0,00003_000958_01,0,0,0.09193689376115799,0.11968397349119186,0.0,24,R1,0.0,0.0
fixed,0,RELLIS-3D,0.0,00003_000958_01,0,0,0.09193689376115799,0.11968397349119186,0.0,24,R1,0.0,0.0
zero,0,RELLIS-3D,0.0,00003_000958_01,0,0,0.08526091277599335,0.1116020530462265,0.0,36,R1,0.0,0.0
learned,0,RELLIS-3D,0.0,00003_000958_01,0,0,0.08526091277599335,0.1116020530462265,0.0,36,R1,0.0,0.0
fixed,0,RELLIS-3D,0.0,00003_000958_01,0,0,0.08526091277599335,0.1116020530462265,0.0,36,R1,0.0,0.0
zero,0,RELLIS-3D,0.0,00003_000958_01,0,0,0.07769005000591278,0.1045009195804596,0.0,48,R1,0.0,0.0
learned,0,RELLIS-3D,0.0,00003_000958_01,0,0,0.07769005000591278,0.1045009195804596,0.0,48,R1,0.0,0.0
fixed,0,RELLIS-3D,0.0,00003_000958_01,0,0,0.07769005000591278,0.1045009195804596,0.0,48,R1,0.0,0.0
zero,0,RELLIS-3D,0.0,00003_000958_01,0,0,0.0770103856921196,0.10834892094135284,0.0,60,R1,0.0,0.0
learned,0,RELLIS-3D,0.0,00003_000958_01,0,0,0.0770103856921196,0.10834892094135284,0.0,60,R1,0.0,0.0
fixed,0,RELLIS-3D,0.0,00003_000958_01,0,0,0.0770103856921196,0.10834892094135284,0.0,60,R1,0.0,0.0
zero,0,RELLIS-3D,0.0,00003_000958_02,0,0,0.10799650102853775,0.1324489265680313,0.0,0,R2,0.0,0.0
learned,0,RELLIS-3D,0.0,00003_000958_02,0,0,0.10799650102853775,0.1324489265680313,0.0,0,R2,0.0,0.0
fixed,0,RELLIS-3D,0.0,00003_000958_02,0,0,0.10799650102853775,0.1324489265680313,0.0,0,R2,0.0,0.0
zero,0,RELLIS-3D,0.0,00003_000958_02,0,0,0.09291242808103561,0.12228274345397949,0.0,12,R2,0.0,0.0
learned,0,RELLIS-3D,0.0,00003_000958_02,0,0,0.09291242808103561,0.12228274345397949,0.0,12,R2,0.0,0.0
fixed,0,RELLIS-3D,0.0,00003_000958_02,0,0,0.09291242808103561,0.12228274345397949,0.0,12,R2,0.0,0.0
zero,0,RELLIS-3D,0.0,00003_000958_02,0,0,0.0831439420580864,0.1140124648809433,0.0,24,R2,0.0,0.0
learned,0,RELLIS-3D,0.0,00003_000958_02,0,0,0.0831439420580864,0.1140124648809433,0.0,24,R2,0.0,0.0
fixed,0,RELLIS-3D,0.0,00003_000958_02,0,0,0.0831439420580864,0.1140124648809433,0.0,24,R2,0.0,0.0
zero,0,RELLIS-3D,0.0,00003_000958_02,0,0,0.0770728588104248,0.11210232228040695,0.0,36,R2,0.0,0.0
learned,0,RELLIS-3D,0.0,00003_000958_02,0,0,0.0770728588104248,0.11210232228040695,0.0,36,R2,0.0,0.0
fixed,0,RELLIS-3D,0.0,00003_000958_02,0,0,0.0770728588104248,0.11210232228040695,0.0,36,R2,0.0,0.0
zero,0,RELLIS-3D,0.0,00003_000958_02,0,0,0.07702499628067017,0.11116144061088562,0.0,48,R2,0.0,0.0
learned,0,RELLIS-3D,0.0,00003_000958_02,0,0,0.07702499628067017,0.11116144061088562,0.0,48,R2,0.0,0.0
fixed,0,RELLIS-3D,0.0,00003_000958_02,0,0,0.07702499628067017,0.11116144061088562,0.0,48,R2,0.0,0.0
zero,0,RELLIS-3D,0.0,00003_000958_02,0,0,0.07668723165988922,0.10857027769088745,0.0,60,R2,0.0,0.0
learned,0,RELLIS-3D,0.0,00003_000958_02,0,0,0.07668723165988922,0.10857027769088745,0.0,60,R2,0.0,0.0
fixed,0,RELLIS-3D,0.0,00003_000958_02,0,0,0.07668723165988922,0.10857027769088745,0.0,60,R2,0.0,0.0
zero,0,RELLIS-3D,0.0,00003_000958_02,0,0,0.07855907827615738,0.10758481919765472,0.0,72,R2,0.0,0.0
learned,0,RELLIS-3D,0.0,00003_000958_02,0,0,0.07855907827615738,0.10758481919765472,0.0,72,R2,0.0,0.0
fixed,0,RELLIS-3D,0.0,00003_000958_02,0,0,0.07855907827615738,0.10758481919765472,0.0,72,R2,0.0,0.0
zero,0,RELLIS-3D,0.0,00003_000958_03,0,0,0.10092911124229431,0.12584230303764343,0.0,0,R2,0.0,0.0
learned,0,RELLIS-3D,0.0,00003_000958_03,0,0,0.10092911124229431,0.12584230303764343,0.0,0,R2,0.0,0.0
fixed,0,RELLIS-3D,0.0,00003_000958_03,0,0,0.10092911124229431,0.12584230303764343,0.0,0,R2,0.0,0.0
zero,0,RELLIS-3D,0.0,00003_000958_03,0,0,0.09360955655574799,0.12200058251619339,0.0,12,R2,0.0,0.0
learned,0,RELLIS-3D,0.0,00003_000958_03,0,0,0.09360955655574799,0.12200058251619339,0.0,12,R2,0.0,0.0
fixed,0,RELLIS-3D,0.0,00003_000958_03,0,0,0.09360955655574799,0.12200058251619339,0.0,12,R2,0.0,0.0
zero,0,RELLIS-3D,0.0,00003_000958_03,0,0,0.08326106518507004,0.11631358414888382,0.0,24,R2,0.0,0.0
learned,0,RELLIS-3D,0.0,00003_000958_03,0,0,0.08326106518507004,0.11631358414888382,0.0,24,R2,0.0,0.0
fixed,0,RELLIS-3D,0.0,00003_000958_03,0,0,0.08326106518507004,0.11631358414888382,0.0,24,R2,0.0,0.0
zero,0,RELLIS-3D,0.0,00003_000958_03,0,0,0.0779273733496666,0.11298850923776627,0.0,36,R2,0.0,0.0
learned,0,RELLIS-3D,0.0,00003_000958_03,0,0,0.0779273733496666,0.11298850923776627,0.0,36,R2,0.0,0.0
fixed,0,RELLIS-3D,0.0,00003_000958_03,0,0,0.0779273733496666,0.11298850923776627,0.0,36,R2,0.0,0.0
zero,0,RELLIS-3D,0.0,00003_000958_03,0,0,0.07723140716552734,0.11052392423152924,0.0,48,R2,0.0,0.0
learned,0,RELLIS-3D,0.0,00003_000958_03,0,0,0.07723140716552734,0.11052392423152924,0.0,48,R2,0.0,0.0
fixed,0,RELLIS-3D,0.0,00003_000958_03,0,0,0.07723140716552734,0.11052392423152924,0.0,48,R2,0.0,0.0
zero,0,RELLIS-3D,0.0,00003_000958_03,0,0,0.07579131424427032,0.10821457207202911,0.0,60,R2,0.0,0.0
learned,0,RELLIS-3D,0.0,00003_000958_03,0,0,0.07579131424427032,0.10821457207202911,0.0,60,R2,0.0,0.0
fixed,0,RELLIS-3D,0.0,00003_000958_03,0,0,0.07579131424427032,0.10821457207202911,0.0,60,R2,0.0,0.0
zero,0,RELLIS-3D,0.0,00003_000958_04,0,0,0.108604796230793,0.12941014766693115,0.0,0,R1,0.0,0.0
learned,0,RELLIS-3D,0.0,00003_000958_04,0,0,0.108604796230793,0.12941014766693115,0.0,0,R1,0.0,0.0
fixed,0,RELLIS-3D,0.0,00003_000958_04,0,0,0.108604796230793,0.12941014766693115,0.0,0,R1,0.0,0.0
zero,0,RELLIS-3D,0.0,00003_000958_04,0,0,0.08657923340797424,0.11561764776706696,0.0,12,R1,0.0,0.0
learned,0,RELLIS-3D,0.0,00003_000958_04,0,0,0.08657923340797424,0.11561764776706696,0.0,12,R1,0.0,0.0
fixed,0,RELLIS-3D,0.0,00003_000958_04,0,0,0.08657923340797424,0.11561764776706696,0.0,12,R1,0.0,0.0
zero,0,RELLIS-3D,0.0,00003_000958_04,0,0,0.07343674451112747,0.10383933037519455,0.0,24,R1,0.0,0.0
learned,0,RELLIS-3D,0.0,00003_000958_04,0,0,0.07343674451112747,0.10383933037519455,0.0,24,R1,0.0,0.0
fixed,0,RELLIS-3D,0.0,00003_000958_04,0,0,0.07343674451112747,0.10383933037519455,0.0,24,R1,0.0,0.0
zero,0,RELLIS-3D,0.0,00003_000958_04,0,0,0.06565707921981812,0.098324716091156,0.0,36,R1,0.0,0.0
learned,0,RELLIS-3D,0.0,00003_000958_04,0,0,0.06565707921981812,0.098324716091156,0.0,36,R1,0.0,0.0
fixed,0,RELLIS-3D,0.0,00003_000958_04,0,0,0.06565707921981812,0.098324716091156,0.0,36,R1,0.0,0.0
zero,0,RELLIS-3D,0.0,00003_000958_04,0,0,0.07208586484193802,0.1046086922287941,0.0,48,R1,0.0,0.0
learned,0,RELLIS-3D,0.0,00003_000958_04,0,0,0.07208586484193802,0.1046086922287941,0.0,48,R1,0.0,0.0
fixed,0,RELLIS-3D,0.0,00003_000958_04,0,0,0.07208586484193802,0.1046086922287941,0.0,48,R1,0.0,0.0
zero,0,RELLIS-3D,0.0,00003_000958_04,0,0,0.0764157697558403,0.10458587110042572,0.0,60,R1,0.0,0.0
learned,0,RELLIS-3D,0.0,00003_000958_04,0,0,0.0764157697558403,0.10458587110042572,0.0,60,R1,0.0,0.0
fixed,0,RELLIS-3D,0.0,00003_000958_04,0,0,0.0764157697558403,0.10458587110042572,0.0,60,R1,0.0,0.0
zero,0,RELLIS-3D,0.0,00003_000958_05,0,1,0.1153927743434906,0.1338757574558258,0.0,0,R1,0.0,0.0
learned,0,RELLIS-3D,4.0061331674223766e-06,00003_000958_05,0,1,0.1153927743434906,0.1338757574558258,0.1338757574558258,0,R1,4.114171588298632e-06,9.366451649839291e-07
fixed,0,RELLIS-3D,4.4886393880005926e-05,00003_000958_05,0,1,0.1153927743434906,0.1338757574558258,1.5,0,R1,4.609690222423524e-05,1.0494565685803536e-05
zero,0,RELLIS-3D,0.0,00003_000958_05,0,0,0.0889277532696724,0.118181973695755,0.0,12,R1,0.0,0.0
learned,0,RELLIS-3D,0.0,00003_000958_05,0,0,0.0889277532696724,0.118181973695755,0.0,12,R1,0.0,0.0
fixed,0,RELLIS-3D,0.0,00003_000958_05,0,0,0.0889277532696724,0.118181973695755,0.0,12,R1,0.0,0.0
zero,0,RELLIS-3D,0.0,00003_000958_05,0,0,0.07780414074659348,0.10778046399354935,0.0,24,R1,0.0,0.0
learned,0,RELLIS-3D,0.0,00003_000958_05,0,0,0.07780414074659348,0.10778046399354935,0.0,24,R1,0.0,0.0
fixed,0,RELLIS-3D,0.0,00003_000958_05,0,0,0.07780414074659348,0.10778046399354935,0.0,24,R1,0.0,0.0
zero,0,RELLIS-3D,0.0,00003_000958_05,0,0,0.06361369788646698,0.09614602476358414,0.0,36,R1,0.0,0.0
learned,0,RELLIS-3D,0.0,00003_000958_05,0,0,0.06361369788646698,0.09614602476358414,0.0,36,R1,0.0,0.0
fixed,0,RELLIS-3D,0.0,00003_000958_05,0,0,0.06361369788646698,0.09614602476358414,0.0,36,R1,0.0,0.0
zero,0,RELLIS-3D,0.0,00003_000958_05,0,0,0.07098165899515152,0.10377231985330582,0.0,48,R1,0.0,0.0
learned,0,RELLIS-3D,0.0,00003_000958_05,0,0,0.07098165899515152,0.10377231985330582,0.0,48,R1,0.0,0.0
fixed,0,RELLIS-3D,0.0,00003_000958_05,0,0,0.07098165899515152,0.10377231985330582,0.0,48,R1,0.0,0.0
zero,0,RELLIS-3D,0.0,00003_000958_05,0,0,0.07670173794031143,0.10979896783828735,0.0,60,R1,0.0,0.0
learned,0,RELLIS-3D,0.0,00003_000958_05,0,0,0.07670173794031143,0.10979896783828735,0.0,60,R1,0.0,0.0
fixed,0,RELLIS-3D,0.0,00003_000958_05,0,0,0.07670173794031143,0.10979896783828735,0.0,60,R1,0.0,0.0
zero,0,RELLIS-3D,0.0,00003_000958_06,0,1,0.09893582761287689,0.12880858778953552,0.0,0,R1,0.0,0.0
learned,0,RELLIS-3D,0.009270017966628075,00003_000958_06,0,1,0.09893582761287689,0.12880858778953552,0.12880858778953552,0,R1,0.03373028337955475,0.0335102342069149
fixed,1,RELLIS-3D,0.1079510822892189,00003_000958_06,0,1,0.09893582761287689,0.12880858778953552,1.5,0,R1,0.3927954137325287,0.3902328610420227
zero,0,RELLIS-3D,0.0,00003_000958_06,0,0,0.09215010702610016,0.1239638477563858,0.0,12,R1,0.0,0.0
learned,0,RELLIS-3D,0.0,00003_000958_06,0,0,0.09215010702610016,0.1239638477563858,0.0,12,R1,0.0,0.0
fixed,0,RELLIS-3D,0.0,00003_000958_06,0,0,0.09215010702610016,0.1239638477563858,0.0,12,R1,0.0,0.0
zero,0,RELLIS-3D,0.0,00003_000958_06,0,0,0.09193689376115799,0.11968397349119186,0.0,24,R1,0.0,0.0
learned,0,RELLIS-3D,0.0,00003_000958_06,0,0,0.09193689376115799,0.11968397349119186,0.0,24,R1,0.0,0.0
fixed,0,RELLIS-3D,0.0,00003_000958_06,0,0,0.09193689376115799,0.11968397349119186,0.0,24,R1,0.0,0.0
zero,0,RELLIS-3D,0.0,00003_000958_06,0,0,0.08526091277599335,0.1116020530462265,0.0,36,R1,0.0,0.0
learned,0,RELLIS-3D,0.0,00003_000958_06,0,0,0.08526091277599335,0.1116020530462265,0.0,36,R1,0.0,0.0
fixed,0,RELLIS-3D,0.0,00003_000958_06,0,0,0.08526091277599335,0.1116020530462265,0.0,36,R1,0.0,0.0
zero,0,RELLIS-3D,0.0,00003_000958_06,0,0,0.07886053621768951,0.1074213832616806,0.0,48,R1,0.0,0.0
learned,0,RELLIS-3D,0.0,00003_000958_06,0,0,0.07886053621768951,0.1074213832616806,0.0,48,R1,0.0,0.0
fixed,0,RELLIS-3D,0.0,00003_000958_06,0,0,0.07886053621768951,0.1074213832616806,0.0,48,R1,0.0,0.0
zero,0,RELLIS-3D,0.0,00003_000958_06,0,0,0.07733751833438873,0.11052101105451584,0.0,60,R1,0.0,0.0
learned,0,RELLIS-3D,0.0,00003_000958_06,0,0,0.07733751833438873,0.11052101105451584,0.0,60,R1,0.0,0.0
fixed,0,RELLIS-3D,0.0,00003_000958_06,0,0,0.07733751833438873,0.11052101105451584,0.0,60,R1,0.0,0.0
zero,0,RELLIS-3D,0.0,00003_000958_07,0,0,0.10092911124229431,0.12584230303764343,0.0,0,R1,0.0,0.0
learned,0,RELLIS-3D,0.0,00003_000958_07,0,0,0.10092911124229431,0.12584230303764343,0.0,0,R1,0.0,0.0
fixed,0,RELLIS-3D,0.0,00003_000958_07,0,0,0.10092911124229431,0.12584230303764343,0.0,0,R1,0.0,0.0
zero,0,RELLIS-3D,0.0,00003_000958_07,0,0,0.08312833309173584,0.10932347178459167,0.0,12,R1,0.0,0.0
learned,0,RELLIS-3D,0.0,00003_000958_07,0,0,0.08312833309173584,0.10932347178459167,0.0,12,R1,0.0,0.0
fixed,0,RELLIS-3D,0.0,00003_000958_07,0,0,0.08312833309173584,0.10932347178459167,0.0,12,R1,0.0,0.0
zero,0,RELLIS-3D,0.0,00003_000958_07,0,0,0.06366318464279175,0.09589328616857529,0.0,24,R1,0.0,0.0
learned,0,RELLIS-3D,0.0,00003_000958_07,0,0,0.06366318464279175,0.09589328616857529,0.0,24,R1,0.0,0.0
fixed,0,RELLIS-3D,0.0,00003_000958_07,0,0,0.06366318464279175,0.09589328616857529,0.0,24,R1,0.0,0.0
zero,0,RELLIS-3D,0.0,00003_000958_07,0,0,0.07063380628824234,0.10046176612377167,0.0,36,R1,0.0,0.0
learned,0,RELLIS-3D,0.0,00003_000958_07,0,0,0.07063380628824234,0.10046176612377167,0.0,36,R1,0.0,0.0
fixed,0,RELLIS-3D,0.0,00003_000958_07,0,0,0.07063380628824234,0.10046176612377167,0.0,36,R1,0.0,0.0
zero,0,RELLIS-3D,0.0,00003_000958_07,0,0,0.0736754834651947,0.10095153748989105,0.0,48,R1,0.0,0.0
learned,0,RELLIS-3D,0.0,00003_000958_07,0,0,0.0736754834651947,0.10095153748989105,0.0,48,R1,0.0,0.0
fixed,0,RELLIS-3D,0.0,00003_000958_07,0,0,0.0736754834651947,0.10095153748989105,0.0,48,R1,0.0,0.0
zero,0,RELLIS-3D,0.0,00003_001891_00,0,0,0.11201123893260956,0.12789186835289001,0.0,0,R1,0.0,0.0
learned,0,RELLIS-3D,0.0,00003_001891_00,0,0,0.11201123893260956,0.12789186835289001,0.0,0,R1,0.0,0.0
fixed,0,RELLIS-3D,0.0,00003_001891_00,0,0,0.11201123893260956,0.12789186835289001,0.0,0,R1,0.0,0.0
zero,0,RELLIS-3D,0.0,00003_001891_00,0,0,0.11382262408733368,0.12438735365867615,0.0,12,R1,0.0,0.0
learned,0,RELLIS-3D,0.0,00003_001891_00,0,0,0.11382262408733368,0.12438735365867615,0.0,12,R1,0.0,0.0
fixed,0,RELLIS-3D,0.0,00003_001891_00,0,0,0.11382262408733368,0.12438735365867615,0.0,12,R1,0.0,0.0
zero,0,RELLIS-3D,0.0,00003_001891_00,0,0,0.11797667294740677,0.12388299405574799,0.0,24,R1,0.0,0.0
learned,0,RELLIS-3D,0.0,00003_001891_00,0,0,0.11797667294740677,0.12388299405574799,0.0,24,R1,0.0,0.0
fixed,0,RELLIS-3D,0.0,00003_001891_00,0,0,0.11797667294740677,0.12388299405574799,0.0,24,R1,0.0,0.0
zero,0,RELLIS-3D,0.0,00003_001891_00,0,0,0.10103607177734375,0.11629991233348846,0.0,36,R1,0.0,0.0
learned,0,RELLIS-3D,0.0,00003_001891_00,0,0,0.10103607177734375,0.11629991233348846,0.0,36,R1,0.0,0.0
fixed,0,RELLIS-3D,0.0,00003_001891_00,0,0,0.10103607177734375,0.11629991233348846,0.0,36,R1,0.0,0.0
zero,0,RELLIS-3D,0.0,00003_001891_00,0,0,0.08526445925235748,0.11426601558923721,0.0,48,R1,0.0,0.0
learned,0,RELLIS-3D,0.0,00003_001891_00,0,0,0.08526445925235748,0.11426601558923721,0.0,48,R1,0.0,0.0
fixed,0,RELLIS-3D,0.0,00003_001891_00,0,0,0.08526445925235748,0.11426601558923721,0.0,48,R1,0.0,0.0
zero,0,RELLIS-3D,0.0,00003_001891_00,0,0,0.0805627703666687,0.11573616415262222,0.0,60,R1,0.0,0.0
learned,0,RELLIS-3D,0.0,00003_001891_00,0,0,0.0805627703666687,0.11573616415262222,0.0,60,R1,0.0,0.0
fixed,0,RELLIS-3D,0.0,00003_001891_00,0,0,0.0805627703666687,0.11573616415262222,0.0,60,R1,0.0,0.0
zero,0,RELLIS-3D,0.0,00003_001891_01,0,0,0.11593858897686005,0.12496389448642731,0.0,0,R3,0.0,0.0
learned,0,RELLIS-3D,0.0,00003_001891_01,0,0,0.11593858897686005,0.12496389448642731,0.0,0,R3,0.0,0.0
fixed,0,RELLIS-3D,0.0,00003_001891_01,0,0,0.11593858897686005,0.12496389448642731,0.0,0,R3,0.0,0.0
zero,0,RELLIS-3D,0.0,00003_001891_01,0,0,0.11943663656711578,0.12449118494987488,0.0,12,R3,0.0,0.0
learned,0,RELLIS-3D,0.0,00003_001891_01,0,0,0.11943663656711578,0.12449118494987488,0.0,12,R3,0.0,0.0
fixed,0,RELLIS-3D,0.0,00003_001891_01,0,0,0.11943663656711578,0.12449118494987488,0.0,12,R3,0.0,0.0
zero,0,RELLIS-3D,0.0,00003_001891_01,0,0,0.1035870760679245,0.12148059904575348,0.0,24,R3,0.0,0.0
learned,0,RELLIS-3D,0.0,00003_001891_01,0,0,0.1035870760679245,0.12148059904575348,0.0,24,R3,0.0,0.0
fixed,0,RELLIS-3D,0.0,00003_001891_01,0,0,0.1035870760679245,0.12148059904575348,0.0,24,R3,0.0,0.0
zero,0,RELLIS-3D,0.0,00003_001891_01,0,0,0.09071756899356842,0.11741816252470016,0.0,36,R3,0.0,0.0
learned,0,RELLIS-3D,0.0,00003_001891_01,0,0,0.09071756899356842,0.11741816252470016,0.0,36,R3,0.0,0.0
fixed,0,RELLIS-3D,0.0,00003_001891_01,0,0,0.09071756899356842,0.11741816252470016,0.0,36,R3,0.0,0.0
zero,0,RELLIS-3D,0.0,00003_001891_01,0,0,0.08332924544811249,0.1122499406337738,0.0,48,R3,0.0,0.0
learned,0,RELLIS-3D,0.0,00003_001891_01,0,0,0.08332924544811249,0.1122499406337738,0.0,48,R3,0.0,0.0
fixed,0,RELLIS-3D,0.0,00003_001891_01,0,0,0.08332924544811249,0.1122499406337738,0.0,48,R3,0.0,0.0
zero,0,RELLIS-3D,0.0,00003_001891_01,0,0,0.07945127785205841,0.10906901210546494,0.0,60,R3,0.0,0.0
learned,0,RELLIS-3D,0.0,00003_001891_01,0,0,0.07945127785205841,0.10906901210546494,0.0,60,R3,0.0,0.0
fixed,0,RELLIS-3D,0.0,00003_001891_01,0,0,0.07945127785205841,0.10906901210546494,0.0,60,R3,0.0,0.0
zero,0,RELLIS-3D,0.0,00003_001891_02,0,0,0.054506342858076096,0.08533179014921188,0.0,0,R1,0.0,0.0
learned,0,RELLIS-3D,0.0,00003_001891_02,0,0,0.054506342858076096,0.08533179014921188,0.0,0,R1,0.0,0.0
fixed,0,RELLIS-3D,0.0,00003_001891_02,0,0,0.054506342858076096,0.08533179014921188,0.0,0,R1,0.0,0.0
zero,0,RELLIS-3D,0.0,00003_001891_02,0,0,0.07333733141422272,0.09885582327842712,0.0,12,R1,0.0,0.0
learned,0,RELLIS-3D,0.0,00003_001891_02,0,0,0.07333733141422272,0.09885582327842712,0.0,12,R1,0.0,0.0
fixed,0,RELLIS-3D,0.0,00003_001891_02,0,0,0.07333733141422272,0.09885582327842712,0.0,12,R1,0.0,0.0
zero,0,RELLIS-3D,0.0,00003_001891_02,0,0,0.1101544052362442,0.12328749895095825,0.0,24,R1,0.0,0.0
learned,0,RELLIS-3D,0.0,00003_001891_02,0,0,0.1101544052362442,0.12328749895095825,0.0,24,R1,0.0,0.0
fixed,0,RELLIS-3D,0.0,00003_001891_02,0,0,0.1101544052362442,0.12328749895095825,0.0,24,R1,0.0,0.0
zero,0,RELLIS-3D,0.0,00003_001891_02,0,0,0.09650558978319168,0.11523690074682236,0.0,36,R1,0.0,0.0
learned,0,RELLIS-3D,0.0,00003_001891_02,0,0,0.09650558978319168,0.11523690074682236,0.0,36,R1,0.0,0.0
fixed,0,RELLIS-3D,0.0,00003_001891_02,0,0,0.09650558978319168,0.11523690074682236,0.0,36,R1,0.0,0.0
zero,0,RELLIS-3D,0.0,00003_001891_02,0,0,0.08084578812122345,0.11097599565982819,0.0,48,R1,0.0,0.0
learned,0,RELLIS-3D,0.0,00003_001891_02,0,0,0.08084578812122345,0.11097599565982819,0.0,48,R1,0.0,0.0
fixed,0,RELLIS-3D,0.0,00003_001891_02,0,0,0.08084578812122345,0.11097599565982819,0.0,48,R1,0.0,0.0
zero,0,RELLIS-3D,0.0,00003_001891_02,0,0,0.07656290382146835,0.10875924676656723,0.0,60,R1,0.0,0.0
learned,0,RELLIS-3D,0.0,00003_001891_02,0,0,0.07656290382146835,0.10875924676656723,0.0,60,R1,0.0,0.0
fixed,0,RELLIS-3D,0.0,00003_001891_02,0,0,0.07656290382146835,0.10875924676656723,0.0,60,R1,0.0,0.0
zero,0,RELLIS-3D,0.0,00003_001891_03,0,0,0.10860950499773026,0.13240700960159302,0.0,0,R1,0.0,0.0
learned,0,RELLIS-3D,0.0,00003_001891_03,0,0,0.10860950499773026,0.13240700960159302,0.0,0,R1,0.0,0.0
fixed,0,RELLIS-3D,0.0,00003_001891_03,0,0,0.10860950499773026,0.13240700960159302,0.0,0,R1,0.0,0.0
zero,0,RELLIS-3D,0.0,00003_001891_03,0,0,0.11723592877388,0.12430687248706818,0.0,12,R1,0.0,0.0
learned,0,RELLIS-3D,0.0,00003_001891_03,0,0,0.11723592877388,0.12430687248706818,0.0,12,R1,0.0,0.0
fixed,0,RELLIS-3D,0.0,00003_001891_03,0,0,0.11723592877388,0.12430687248706818,0.0,12,R1,0.0,0.0
zero,0,RELLIS-3D,0.0,00003_001891_03,0,0,0.11715971678495407,0.12325724959373474,0.0,24,R1,0.0,0.0
learned,0,RELLIS-3D,0.0,00003_001891_03,0,0,0.11715971678495407,0.12325724959373474,0.0,24,R1,0.0,0.0
fixed,0,RELLIS-3D,0.0,00003_001891_03,0,0,0.11715971678495407,0.12325724959373474,0.0,24,R1,0.0,0.0
zero,0,RELLIS-3D,0.0,00003_001891_03,0,0,0.09877191483974457,0.12375859916210175,0.0,36,R1,0.0,0.0
learned,0,RELLIS-3D,0.0,00003_001891_03,0,0,0.09877191483974457,0.12375859916210175,0.0,36,R1,0.0,0.0
fixed,0,RELLIS-3D,0.0,00003_001891_03,0,0,0.09877191483974457,0.12375859916210175,0.0,36,R1,0.0,0.0
zero,0,RELLIS-3D,0.0,00003_001891_03,0,0,0.08903743326663971,0.11657385528087616,0.0,48,R1,0.0,0.0
learned,0,RELLIS-3D,0.0,00003_001891_03,0,0,0.08903743326663971,0.11657385528087616,0.0,48,R1,0.0,0.0
fixed,0,RELLIS-3D,0.0,00003_001891_03,0,0,0.08903743326663971,0.11657385528087616,0.0,48,R1,0.0,0.0
zero,0,RELLIS-3D,0.0,00003_001891_03,0,0,0.08449245989322662,0.11684302240610123,0.0,60,R1,0.0,0.0
learned,0,RELLIS-3D,0.0,00003_001891_03,0,0,0.08449245989322662,0.11684302240610123,0.0,60,R1,0.0,0.0
fixed,0,RELLIS-3D,0.0,00003_001891_03,0,0,0.08449245989322662,0.11684302240610123,0.0,60,R1,0.0,0.0
zero,0,RELLIS-3D,0.0,00003_001891_04,0,0,0.03081781044602394,0.059948261827230453,0.0,0,R1,0.0,0.0
learned,0,RELLIS-3D,0.0,00003_001891_04,0,0,0.03081781044602394,0.059948261827230453,0.0,0,R1,0.0,0.0
fixed,0,RELLIS-3D,0.0,00003_001891_04,0,0,0.03081781044602394,0.059948261827230453,0.0,0,R1,0.0,0.0
zero,0,RELLIS-3D,0.0,00003_001891_04,0,0,0.06930270791053772,0.09546525776386261,0.0,12,R1,0.0,0.0
learned,0,RELLIS-3D,0.0,00003_001891_04,0,0,0.06930270791053772,0.09546525776386261,0.0,12,R1,0.0,0.0
fixed,0,RELLIS-3D,0.0,00003_001891_04,0,0,0.06930270791053772,0.09546525776386261,0.0,12,R1,0.0,0.0
zero,0,RELLIS-3D,0.0,00003_001891_04,0,0,0.10562068969011307,0.12178300321102142,0.0,24,R1,0.0,0.0
learned,0,RELLIS-3D,0.0,00003_001891_04,0,0,0.10562068969011307,0.12178300321102142,0.0,24,R1,0.0,0.0
fixed,0,RELLIS-3D,0.0,00003_001891_04,0,0,0.10562068969011307,0.12178300321102142,0.0,24,R1,0.0,0.0
zero,0,RELLIS-3D,0.0,00003_001891_04,0,0,0.09118460863828659,0.11238336563110352,0.0,36,R1,0.0,0.0
learned,0,RELLIS-3D,0.0,00003_001891_04,0,0,0.09118460863828659,0.11238336563110352,0.0,36,R1,0.0,0.0
fixed,0,RELLIS-3D,0.0,00003_001891_04,0,0,0.09118460863828659,0.11238336563110352,0.0,36,R1,0.0,0.0
zero,0,RELLIS-3D,0.0,00003_001891_04,0,0,0.07723330706357956,0.10954879224300385,0.0,48,R1,0.0,0.0
learned,0,RELLIS-3D,0.0,00003_001891_04,0,0,0.07723330706357956,0.10954879224300385,0.0,48,R1,0.0,0.0
fixed,0,RELLIS-3D,0.0,00003_001891_04,0,0,0.07723330706357956,0.10954879224300385,0.0,48,R1,0.0,0.0
zero,0,RELLIS-3D,0.0,00003_001891_04,0,1,0.07499697804450989,0.10522189736366272,0.0,60,R1,0.0,0.0
learned,0,RELLIS-3D,0.0,00003_001891_04,0,1,0.07499697804450989,0.10522189736366272,0.10522189736366272,60,R1,0.0,0.0
fixed,0,RELLIS-3D,0.0,00003_001891_04,0,1,0.07499697804450989,0.10522189736366272,1.5,60,R1,0.0,0.0
zero,0,RELLIS-3D,0.0,00003_001891_05,0,0,0.11593858897686005,0.12496389448642731,0.0,0,R3,0.0,0.0
learned,0,RELLIS-3D,0.0,00003_001891_05,0,0,0.11593858897686005,0.12496389448642731,0.0,0,R3,0.0,0.0
fixed,0,RELLIS-3D,0.0,00003_001891_05,0,0,0.11593858897686005,0.12496389448642731,0.0,0,R3,0.0,0.0
zero,0,RELLIS-3D,0.0,00003_001891_05,0,0,0.11943663656711578,0.12449118494987488,0.0,12,R3,0.0,0.0
learned,0,RELLIS-3D,0.0,00003_001891_05,0,0,0.11943663656711578,0.12449118494987488,0.0,12,R3,0.0,0.0
fixed,0,RELLIS-3D,0.0,00003_001891_05,0,0,0.11943663656711578,0.12449118494987488,0.0,12,R3,0.0,0.0
zero,0,RELLIS-3D,0.0,00003_001891_05,0,0,0.1035870760679245,0.12148059904575348,0.0,24,R3,0.0,0.0
learned,0,RELLIS-3D,0.0,00003_001891_05,0,0,0.1035870760679245,0.12148059904575348,0.0,24,R3,0.0,0.0
fixed,0,RELLIS-3D,0.0,00003_001891_05,0,0,0.1035870760679245,0.12148059904575348,0.0,24,R3,0.0,0.0
zero,0,RELLIS-3D,0.0,00003_001891_05,0,0,0.09071756899356842,0.11741816252470016,0.0,36,R3,0.0,0.0
learned,0,RELLIS-3D,0.0,00003_001891_05,0,0,0.09071756899356842,0.11741816252470016,0.0,36,R3,0.0,0.0
fixed,0,RELLIS-3D,0.0,00003_001891_05,0,0,0.09071756899356842,0.11741816252470016,0.0,36,R3,0.0,0.0
zero,0,RELLIS-3D,0.0,00003_001891_05,0,0,0.08332924544811249,0.1122499406337738,0.0,48,R3,0.0,0.0
learned,0,RELLIS-3D,0.0,00003_001891_05,0,0,0.08332924544811249,0.1122499406337738,0.0,48,R3,0.0,0.0
fixed,0,RELLIS-3D,0.0,00003_001891_05,0,0,0.08332924544811249,0.1122499406337738,0.0,48,R3,0.0,0.0
zero,0,RELLIS-3D,0.0,00003_001891_05,0,0,0.08263453841209412,0.11570020765066147,0.0,60,R3,0.0,0.0
learned,0,RELLIS-3D,0.0,00003_001891_05,0,0,0.08263453841209412,0.11570020765066147,0.0,60,R3,0.0,0.0
fixed,0,RELLIS-3D,0.0,00003_001891_05,0,0,0.08263453841209412,0.11570020765066147,0.0,60,R3,0.0,0.0
zero,0,RELLIS-3D,0.0,00003_001891_06,0,1,0.10046258568763733,0.12458373606204987,0.0,0,R3,0.0,0.0
learned,1,RELLIS-3D,0.027487464249134064,00003_001891_06,0,1,0.10046258568763733,0.12458373606204987,0.12458373606204987,0,R3,0.04606425017118454,0.023631501942873
fixed,1,RELLIS-3D,0.33095166087150574,00003_001891_06,0,1,0.10046258568763733,0.12458373606204987,1.5,0,R3,0.5546179413795471,0.2845255136489868
zero,0,RELLIS-3D,0.0,00003_001891_06,0,1,0.11628449708223343,0.12617279589176178,0.0,12,R3,0.0,0.0
learned,0,RELLIS-3D,0.005078144371509552,00003_001891_06,0,1,0.11628449708223343,0.12617279589176178,0.12617279589176178,12,R3,0.011105015873908997,0.007180839776992798
fixed,1,RELLIS-3D,0.06037130951881409,00003_001891_06,0,1,0.11628449708223343,0.12617279589176178,1.5,12,R3,0.13202151656150818,0.08536911755800247
zero,0,RELLIS-3D,0.0,00003_001891_06,0,0,0.1089695543050766,0.12010383605957031,0.0,24,R3,0.0,0.0
learned,0,RELLIS-3D,0.0,00003_001891_06,0,0,0.1089695543050766,0.12010383605957031,0.0,24,R3,0.0,0.0
fixed,0,RELLIS-3D,0.0,00003_001891_06,0,0,0.1089695543050766,0.12010383605957031,0.0,24,R3,0.0,0.0
zero,0,RELLIS-3D,0.0,00003_001891_06,0,0,0.09015455842018127,0.11746398359537125,0.0,36,R3,0.0,0.0
learned,0,RELLIS-3D,0.0,00003_001891_06,0,0,0.09015455842018127,0.11746398359537125,0.0,36,R3,0.0,0.0
fixed,0,RELLIS-3D,0.0,00003_001891_06,0,0,0.09015455842018127,0.11746398359537125,0.0,36,R3,0.0,0.0
zero,0,RELLIS-3D,0.0,00003_001891_06,0,0,0.07838235795497894,0.11040866374969482,0.0,48,R3,0.0,0.0
learned,0,RELLIS-3D,0.0,00003_001891_06,0,0,0.07838235795497894,0.11040866374969482,0.0,48,R3,0.0,0.0
fixed,0,RELLIS-3D,0.0,00003_001891_06,0,0,0.07838235795497894,0.11040866374969482,0.0,48,R3,0.0,0.0
zero,0,RELLIS-3D,0.0,00003_001891_06,0,0,0.07308103144168854,0.11194493621587753,0.0,60,R3,0.0,0.0
learned,0,RELLIS-3D,0.0,00003_001891_06,0,0,0.07308103144168854,0.11194493621587753,0.0,60,R3,0.0,0.0
fixed,0,RELLIS-3D,0.0,00003_001891_06,0,0,0.07308103144168854,0.11194493621587753,0.0,60,R3,0.0,0.0
zero,0,RELLIS-3D,0.0,00003_001891_07,0,0,0.11647991836071014,0.12674732506275177,0.0,0,R1,0.0,0.0
learned,0,RELLIS-3D,0.0,00003_001891_07,0,0,0.11647991836071014,0.12674732506275177,0.0,0,R1,0.0,0.0
fixed,0,RELLIS-3D,0.0,00003_001891_07,0,0,0.11647991836071014,0.12674732506275177,0.0,0,R1,0.0,0.0
zero,0,RELLIS-3D,0.0,00003_001891_07,0,0,0.11785731464624405,0.12666767835617065,0.0,12,R1,0.0,0.0
learned,0,RELLIS-3D,0.0,00003_001891_07,0,0,0.11785731464624405,0.12666767835617065,0.0,12,R1,0.0,0.0
fixed,0,RELLIS-3D,0.0,00003_001891_07,0,0,0.11785731464624405,0.12666767835617065,0.0,12,R1,0.0,0.0
zero,0,RELLIS-3D,0.0,00003_001891_07,0,0,0.11625254154205322,0.12201681733131409,0.0,24,R1,0.0,0.0
learned,0,RELLIS-3D,0.0,00003_001891_07,0,0,0.11625254154205322,0.12201681733131409,0.0,24,R1,0.0,0.0
fixed,0,RELLIS-3D,0.0,00003_001891_07,0,0,0.11625254154205322,0.12201681733131409,0.0,24,R1,0.0,0.0
zero,0,RELLIS-3D,0.0,00003_001891_07,0,0,0.09326960891485214,0.1206137165427208,0.0,36,R1,0.0,0.0
learned,0,RELLIS-3D,0.0,00003_001891_07,0,0,0.09326960891485214,0.1206137165427208,0.0,36,R1,0.0,0.0
fixed,0,RELLIS-3D,0.0,00003_001891_07,0,0,0.09326960891485214,0.1206137165427208,0.0,36,R1,0.0,0.0
zero,0,RELLIS-3D,0.0,00003_001891_07,0,0,0.08296135812997818,0.11341039836406708,0.0,48,R1,0.0,0.0
learned,0,RELLIS-3D,0.0,00003_001891_07,0,0,0.08296135812997818,0.11341039836406708,0.0,48,R1,0.0,0.0
fixed,0,RELLIS-3D,0.0,00003_001891_07,0,0,0.08296135812997818,0.11341039836406708,0.0,48,R1,0.0,0.0
zero,0,RELLIS-3D,0.0,00003_001891_07,0,1,0.07801292091608047,0.11056185513734818,0.0,60,R1,0.0,0.0
learned,0,RELLIS-3D,0.007847599685192108,00003_001891_07,0,1,0.07801292091608047,0.11056185513734818,0.11056185513734818,60,R1,0.012530675157904625,0.012028507888317108
fixed,1,RELLIS-3D,0.10646890103816986,00003_001891_07,0,1,0.07801292091608047,0.11056185513734818,1.5,60,R1,0.17000450193881989,0.16319157183170319
zero,0,RELLIS-3D,0.0,00003_001891_07,0,0,0.07314575463533401,0.10994245111942291,0.0,72,R1,0.0,0.0
learned,0,RELLIS-3D,0.0,00003_001891_07,0,0,0.07314575463533401,0.10994245111942291,0.0,72,R1,0.0,0.0
fixed,0,RELLIS-3D,0.0,00003_001891_07,0,0,0.07314575463533401,0.10994245111942291,0.0,72,R1,0.0,0.0
zero,0,RELLIS-3D,0.0,00003_001185_00,0,0,0.029475076124072075,0.05758290737867355,0.0,0,R1,0.0,0.0
learned,0,RELLIS-3D,0.0,00003_001185_00,0,0,0.029475076124072075,0.05758290737867355,0.0,0,R1,0.0,0.0
fixed,0,RELLIS-3D,0.0,00003_001185_00,0,0,0.029475076124072075,0.05758290737867355,0.0,0,R1,0.0,0.0
zero,0,RELLIS-3D,0.0,00003_001185_00,0,0,0.07857364416122437,0.10217276215553284,0.0,12,R1,0.0,0.0
learned,0,RELLIS-3D,0.0,00003_001185_00,0,0,0.07857364416122437,0.10217276215553284,0.0,12,R1,0.0,0.0
fixed,0,RELLIS-3D,0.0,00003_001185_00,0,0,0.07857364416122437,0.10217276215553284,0.0,12,R1,0.0,0.0
zero,0,RELLIS-3D,0.0,00003_001185_00,0,0,0.09027925133705139,0.11162000894546509,0.0,24,R1,0.0,0.0
learned,0,RELLIS-3D,0.0,00003_001185_00,0,0,0.09027925133705139,0.11162000894546509,0.0,24,R1,0.0,0.0
fixed,0,RELLIS-3D,0.0,00003_001185_00,0,0,0.09027925133705139,0.11162000894546509,0.0,24,R1,0.0,0.0
zero,0,RELLIS-3D,0.0,00003_001185_00,0,0,0.08016084134578705,0.10936412215232849,0.0,36,R1,0.0,0.0
learned,0,RELLIS-3D,0.0,00003_001185_00,0,0,0.08016084134578705,0.10936412215232849,0.0,36,R1,0.0,0.0
fixed,0,RELLIS-3D,0.0,00003_001185_00,0,0,0.08016084134578705,0.10936412215232849,0.0,36,R1,0.0,0.0
zero,0,RELLIS-3D,0.0,00003_001185_00,0,0,0.07543545961380005,0.11136102676391602,0.0,48,R1,0.0,0.0
learned,0,RELLIS-3D,0.0,00003_001185_00,0,0,0.07543545961380005,0.11136102676391602,0.0,48,R1,0.0,0.0
fixed,0,RELLIS-3D,0.0,00003_001185_00,0,0,0.07543545961380005,0.11136102676391602,0.0,48,R1,0.0,0.0
zero,0,RELLIS-3D,0.0,00003_001185_00,0,1,0.07715477794408798,0.10627485066652298,0.0,60,R1,0.0,0.0
learned,0,RELLIS-3D,0.0,00003_001185_00,0,1,0.07715477794408798,0.10627485066652298,0.10627485066652298,60,R1,0.0,0.0
fixed,0,RELLIS-3D,0.0,00003_001185_00,0,1,0.07715477794408798,0.10627485066652298,1.5,60,R1,0.0,0.0
zero,0,RELLIS-3D,0.0,00003_001185_01,0,0,0.02451978251338005,0.05298159271478653,0.0,0,R1,0.0,0.0
learned,0,RELLIS-3D,0.0,00003_001185_01,0,0,0.02451978251338005,0.05298159271478653,0.0,0,R1,0.0,0.0
fixed,0,RELLIS-3D,0.0,00003_001185_01,0,0,0.02451978251338005,0.05298159271478653,0.0,0,R1,0.0,0.0
zero,0,RELLIS-3D,0.0,00003_001185_01,0,0,0.02508382312953472,0.05294740945100784,0.0,12,R1,0.0,0.0
learned,0,RELLIS-3D,0.0,00003_001185_01,0,0,0.02508382312953472,0.05294740945100784,0.0,12,R1,0.0,0.0
fixed,0,RELLIS-3D,0.0,00003_001185_01,0,0,0.02508382312953472,0.05294740945100784,0.0,12,R1,0.0,0.0
zero,0,RELLIS-3D,0.0,00003_001185_01,0,0,0.03535207360982895,0.06305018812417984,0.0,24,R1,0.0,0.0
learned,0,RELLIS-3D,0.0,00003_001185_01,0,0,0.03535207360982895,0.06305018812417984,0.0,24,R1,0.0,0.0
fixed,0,RELLIS-3D,0.0,00003_001185_01,0,0,0.03535207360982895,0.06305018812417984,0.0,24,R1,0.0,0.0
zero,0,RELLIS-3D,0.0,00003_001185_01,0,0,0.05512017756700516,0.08326868712902069,0.0,36,R1,0.0,0.0
learned,0,RELLIS-3D,0.0,00003_001185_01,0,0,0.05512017756700516,0.08326868712902069,0.0,36,R1,0.0,0.0
fixed,0,RELLIS-3D,0.0,00003_001185_01,0,0,0.05512017756700516,0.08326868712902069,0.0,36,R1,0.0,0.0
zero,0,RELLIS-3D,0.0,00003_001185_01,0,0,0.07983219623565674,0.1044207364320755,0.0,48,R1,0.0,0.0
learned,0,RELLIS-3D,0.0,00003_001185_01,0,0,0.07983219623565674,0.1044207364320755,0.0,48,R1,0.0,0.0
fixed,0,RELLIS-3D,0.0,00003_001185_01,0,0,0.07983219623565674,0.1044207364320755,0.0,48,R1,0.0,0.0
zero,0,RELLIS-3D,0.0,00003_001185_01,0,0,0.07877477258443832,0.10417509824037552,0.0,60,R1,0.0,0.0
learned,0,RELLIS-3D,0.0,00003_001185_01,0,0,0.07877477258443832,0.10417509824037552,0.0,60,R1,0.0,0.0
fixed,0,RELLIS-3D,0.0,00003_001185_01,0,0,0.07877477258443832,0.10417509824037552,0.0,60,R1,0.0,0.0
zero,0,RELLIS-3D,0.0,00003_001185_01,0,0,0.07605215162038803,0.11417494714260101,0.0,72,R1,0.0,0.0
learned,0,RELLIS-3D,0.0,00003_001185_01,0,0,0.07605215162038803,0.11417494714260101,0.0,72,R1,0.0,0.0
fixed,0,RELLIS-3D,0.0,00003_001185_01,0,0,0.07605215162038803,0.11417494714260101,0.0,72,R1,0.0,0.0
zero,0,RELLIS-3D,0.0,00003_001185_02,0,0,0.03147166967391968,0.058457277715206146,0.0,0,R3,0.0,0.0
learned,0,RELLIS-3D,0.0,00003_001185_02,0,0,0.03147166967391968,0.058457277715206146,0.0,0,R3,0.0,0.0
fixed,0,RELLIS-3D,0.0,00003_001185_02,0,0,0.03147166967391968,0.058457277715206146,0.0,0,R3,0.0,0.0
zero,0,RELLIS-3D,0.0,00003_001185_02,0,0,0.0806102305650711,0.1049778163433075,0.0,12,R3,0.0,0.0
learned,0,RELLIS-3D,0.0,00003_001185_02,0,0,0.0806102305650711,0.1049778163433075,0.0,12,R3,0.0,0.0
fixed,0,RELLIS-3D,0.0,00003_001185_02,0,0,0.0806102305650711,0.1049778163433075,0.0,12,R3,0.0,0.0
zero,0,RELLIS-3D,0.0,00003_001185_02,0,0,0.08949890732765198,0.11213713884353638,0.0,24,R3,0.0,0.0
learned,0,RELLIS-3D,0.0,00003_001185_02,0,0,0.08949890732765198,0.11213713884353638,0.0,24,R3,0.0,0.0
fixed,0,RELLIS-3D,0.0,00003_001185_02,0,0,0.08949890732765198,0.11213713884353638,0.0,24,R3,0.0,0.0
zero,0,RELLIS-3D,0.0,00003_001185_02,0,0,0.07904086261987686,0.10935927927494049,0.0,36,R3,0.0,0.0
learned,0,RELLIS-3D,0.0,00003_001185_02,0,0,0.07904086261987686,0.10935927927494049,0.0,36,R3,0.0,0.0
fixed,0,RELLIS-3D,0.0,00003_001185_02,0,0,0.07904086261987686,0.10935927927494049,0.0,36,R3,0.0,0.0
zero,0,RELLIS-3D,0.0,00003_001185_02,0,0,0.07516661286354065,0.11117558926343918,0.0,48,R3,0.0,0.0
learned,0,RELLIS-3D,0.0,00003_001185_02,0,0,0.07516661286354065,0.11117558926343918,0.0,48,R3,0.0,0.0
fixed,0,RELLIS-3D,0.0,00003_001185_02,0,0,0.07516661286354065,0.11117558926343918,0.0,48,R3,0.0,0.0
zero,0,RELLIS-3D,0.0,00003_001185_02,0,0,0.07678475230932236,0.10554341971874237,0.0,60,R3,0.0,0.0
learned,0,RELLIS-3D,0.0,00003_001185_02,0,0,0.07678475230932236,0.10554341971874237,0.0,60,R3,0.0,0.0
fixed,0,RELLIS-3D,0.0,00003_001185_02,0,0,0.07678475230932236,0.10554341971874237,0.0,60,R3,0.0,0.0
zero,0,RELLIS-3D,0.0,00003_001185_03,0,0,0.018884049728512764,0.041737109422683716,0.0,0,R1,0.0,0.0
learned,0,RELLIS-3D,0.0,00003_001185_03,0,0,0.018884049728512764,0.041737109422683716,0.0,0,R1,0.0,0.0
fixed,0,RELLIS-3D,0.0,00003_001185_03,0,0,0.018884049728512764,0.041737109422683716,0.0,0,R1,0.0,0.0
zero,0,RELLIS-3D,0.0,00003_001185_03,0,0,0.04087797924876213,0.0683746412396431,0.0,12,R1,0.0,0.0
learned,0,RELLIS-3D,0.0,00003_001185_03,0,0,0.04087797924876213,0.0683746412396431,0.0,12,R1,0.0,0.0
fixed,0,RELLIS-3D,0.0,00003_001185_03,0,0,0.04087797924876213,0.0683746412396431,0.0,12,R1,0.0,0.0
zero,0,RELLIS-3D,0.0,00003_001185_03,0,0,0.06502033025026321,0.09282738715410233,0.0,24,R1,0.0,0.0
learned,0,RELLIS-3D,0.0,00003_001185_03,0,0,0.06502033025026321,0.09282738715410233,0.0,24,R1,0.0,0.0
fixed,0,RELLIS-3D,0.0,00003_001185_03,0,0,0.06502033025026321,0.09282738715410233,0.0,24,R1,0.0,0.0
zero,0,RELLIS-3D,0.0,00003_001185_03,0,0,0.08230160176753998,0.11075517535209656,0.0,36,R1,0.0,0.0
learned,0,RELLIS-3D,0.0,00003_001185_03,0,0,0.08230160176753998,0.11075517535209656,0.0,36,R1,0.0,0.0
fixed,0,RELLIS-3D,0.0,00003_001185_03,0,0,0.08230160176753998,0.11075517535209656,0.0,36,R1,0.0,0.0
zero,0,RELLIS-3D,0.0,00003_001185_03,0,0,0.08374776691198349,0.10922930389642715,0.0,48,R1,0.0,0.0
learned,0,RELLIS-3D,0.0,00003_001185_03,0,0,0.08374776691198349,0.10922930389642715,0.0,48,R1,0.0,0.0
fixed,0,RELLIS-3D,0.0,00003_001185_03,0,0,0.08374776691198349,0.10922930389642715,0.0,48,R1,0.0,0.0
zero,0,RELLIS-3D,0.0,00003_001185_03,0,0,0.08189563453197479,0.10641495883464813,0.0,60,R1,0.0,0.0
learned,0,RELLIS-3D,0.0,00003_001185_03,0,0,0.08189563453197479,0.10641495883464813,0.0,60,R1,0.0,0.0
fixed,0,RELLIS-3D,0.0,00003_001185_03,0,0,0.08189563453197479,0.10641495883464813,0.0,60,R1,0.0,0.0
zero,0,RELLIS-3D,0.0,00003_001185_04,0,0,0.035301681607961655,0.06628283113241196,0.0,0,R1,0.0,0.0
learned,0,RELLIS-3D,0.0,00003_001185_04,0,0,0.035301681607961655,0.06628283113241196,0.0,0,R1,0.0,0.0
fixed,0,RELLIS-3D,0.0,00003_001185_04,0,0,0.035301681607961655,0.06628283113241196,0.0,0,R1,0.0,0.0
zero,0,RELLIS-3D,0.0,00003_001185_04,0,0,0.06728694587945938,0.09486733376979828,0.0,12,R1,0.0,0.0
learned,0,RELLIS-3D,0.0,00003_001185_04,0,0,0.06728694587945938,0.09486733376979828,0.0,12,R1,0.0,0.0
fixed,0,RELLIS-3D,0.0,00003_001185_04,0,0,0.06728694587945938,0.09486733376979828,0.0,12,R1,0.0,0.0
zero,0,RELLIS-3D,0.0,00003_001185_04,0,0,0.08465379476547241,0.10784897208213806,0.0,24,R1,0.0,0.0
learned,0,RELLIS-3D,0.0,00003_001185_04,0,0,0.08465379476547241,0.10784897208213806,0.0,24,R1,0.0,0.0
fixed,0,RELLIS-3D,0.0,00003_001185_04,0,0,0.08465379476547241,0.10784897208213806,0.0,24,R1,0.0,0.0
zero,0,RELLIS-3D,0.0,00003_001185_04,0,0,0.08667579293251038,0.11264778673648834,0.0,36,R1,0.0,0.0
learned,0,RELLIS-3D,0.0,00003_001185_04,0,0,0.08667579293251038,0.11264778673648834,0.0,36,R1,0.0,0.0
fixed,0,RELLIS-3D,0.0,00003_001185_04,0,0,0.08667579293251038,0.11264778673648834,0.0,36,R1,0.0,0.0
zero,0,RELLIS-3D,0.0,00003_001185_04,0,0,0.08310806006193161,0.10674770921468735,0.0,48,R1,0.0,0.0
learned,0,RELLIS-3D,0.0,00003_001185_04,0,0,0.08310806006193161,0.10674770921468735,0.0,48,R1,0.0,0.0
fixed,0,RELLIS-3D,0.0,00003_001185_04,0,0,0.08310806006193161,0.10674770921468735,0.0,48,R1,0.0,0.0
zero,0,RELLIS-3D,0.0,00003_001185_04,0,0,0.08302399516105652,0.10813696682453156,0.0,60,R1,0.0,0.0
learned,0,RELLIS-3D,0.0,00003_001185_04,0,0,0.08302399516105652,0.10813696682453156,0.0,60,R1,0.0,0.0
fixed,0,RELLIS-3D,0.0,00003_001185_04,0,0,0.08302399516105652,0.10813696682453156,0.0,60,R1,0.0,0.0
zero,0,RELLIS-3D,0.0,00003_001185_04,0,0,0.07986736297607422,0.10441552102565765,0.0,72,R1,0.0,0.0
learned,0,RELLIS-3D,0.0,00003_001185_04,0,0,0.07986736297607422,0.10441552102565765,0.0,72,R1,0.0,0.0
fixed,0,RELLIS-3D,0.0,00003_001185_04,0,0,0.07986736297607422,0.10441552102565765,0.0,72,R1,0.0,0.0
zero,0,RELLIS-3D,0.0,00003_001185_05,0,0,0.035734690725803375,0.06482825428247452,0.0,0,R1,0.0,0.0
learned,0,RELLIS-3D,0.0,00003_001185_05,0,0,0.035734690725803375,0.06482825428247452,0.0,0,R1,0.0,0.0
fixed,0,RELLIS-3D,0.0,00003_001185_05,0,0,0.035734690725803375,0.06482825428247452,0.0,0,R1,0.0,0.0
zero,0,RELLIS-3D,0.0,00003_001185_05,0,0,0.04577741026878357,0.07302027195692062,0.0,12,R1,0.0,0.0
learned,0,RELLIS-3D,0.0,00003_001185_05,0,0,0.04577741026878357,0.07302027195692062,0.0,12,R1,0.0,0.0
fixed,0,RELLIS-3D,0.0,00003_001185_05,0,0,0.04577741026878357,0.07302027195692062,0.0,12,R1,0.0,0.0
zero,0,RELLIS-3D,0.0,00003_001185_05,0,0,0.08982767164707184,0.11119098216295242,0.0,24,R1,0.0,0.0
learned,0,RELLIS-3D,0.0,00003_001185_05,0,0,0.08982767164707184,0.11119098216295242,0.0,24,R1,0.0,0.0
fixed,0,RELLIS-3D,0.0,00003_001185_05,0,0,0.08982767164707184,0.11119098216295242,0.0,24,R1,0.0,0.0
zero,0,RELLIS-3D,0.0,00003_001185_05,0,0,0.08099719136953354,0.10709569603204727,0.0,36,R1,0.0,0.0
learned,0,RELLIS-3D,0.0,00003_001185_05,0,0,0.08099719136953354,0.10709569603204727,0.0,36,R1,0.0,0.0
fixed,0,RELLIS-3D,0.0,00003_001185_05,0,0,0.08099719136953354,0.10709569603204727,0.0,36,R1,0.0,0.0
zero,0,RELLIS-3D,0.0,00003_001185_05,0,0,0.07485929131507874,0.10636094212532043,0.0,48,R1,0.0,0.0
learned,0,RELLIS-3D,0.0,00003_001185_05,0,0,0.07485929131507874,0.10636094212532043,0.0,48,R1,0.0,0.0
fixed,0,RELLIS-3D,0.0,00003_001185_05,0,0,0.07485929131507874,0.10636094212532043,0.0,48,R1,0.0,0.0
zero,0,RELLIS-3D,0.0,00003_001185_05,0,0,0.0732569769024849,0.10600237548351288,0.0,60,R1,0.0,0.0
learned,0,RELLIS-3D,0.0,00003_001185_05,0,0,0.0732569769024849,0.10600237548351288,0.0,60,R1,0.0,0.0
fixed,0,RELLIS-3D,0.0,00003_001185_05,0,0,0.0732569769024849,0.10600237548351288,0.0,60,R1,0.0,0.0
zero,0,RELLIS-3D,0.0,00003_001185_06,0,0,0.02296212688088417,0.04638521000742912,0.0,0,R1,0.0,0.0
learned,0,RELLIS-3D,0.0,00003_001185_06,0,0,0.02296212688088417,0.04638521000742912,0.0,0,R1,0.0,0.0
fixed,0,RELLIS-3D,0.0,00003_001185_06,0,0,0.02296212688088417,0.04638521000742912,0.0,0,R1,0.0,0.0
zero,0,RELLIS-3D,0.0,00003_001185_06,0,0,0.08143559098243713,0.10562965273857117,0.0,12,R1,0.0,0.0
learned,0,RELLIS-3D,0.0,00003_001185_06,0,0,0.08143559098243713,0.10562965273857117,0.0,12,R1,0.0,0.0
fixed,0,RELLIS-3D,0.0,00003_001185_06,0,0,0.08143559098243713,0.10562965273857117,0.0,12,R1,0.0,0.0
zero,0,RELLIS-3D,0.0,00003_001185_06,0,0,0.09132111072540283,0.1117495745420456,0.0,24,R1,0.0,0.0
learned,0,RELLIS-3D,0.0,00003_001185_06,0,0,0.09132111072540283,0.1117495745420456,0.0,24,R1,0.0,0.0
fixed,0,RELLIS-3D,0.0,00003_001185_06,0,0,0.09132111072540283,0.1117495745420456,0.0,24,R1,0.0,0.0
zero,0,RELLIS-3D,0.0,00003_001185_06,0,0,0.08502760529518127,0.11172983050346375,0.0,36,R1,0.0,0.0
learned,0,RELLIS-3D,0.0,00003_001185_06,0,0,0.08502760529518127,0.11172983050346375,0.0,36,R1,0.0,0.0
fixed,0,RELLIS-3D,0.0,00003_001185_06,0,0,0.08502760529518127,0.11172983050346375,0.0,36,R1,0.0,0.0
zero,0,RELLIS-3D,0.0,00003_001185_06,0,1,0.07489727437496185,0.10638424009084702,0.0,48,R1,0.0,0.0
learned,0,RELLIS-3D,-0.045540474355220795,00003_001185_06,0,1,0.07489727437496185,0.10638424009084702,0.10638424009084702,48,R1,0.04740098491311073,0.029576454311609268
fixed,0,RELLIS-3D,-0.6421130299568176,00003_001185_06,0,1,0.07489727437496185,0.10638424009084702,1.5,48,R1,0.6683459281921387,0.41702306270599365
zero,0,RELLIS-3D,0.0,00003_001185_06,0,0,0.0785924568772316,0.10327514261007309,0.0,60,R1,0.0,0.0
learned,0,RELLIS-3D,0.0,00003_001185_06,0,0,0.0785924568772316,0.10327514261007309,0.0,60,R1,0.0,0.0
fixed,0,RELLIS-3D,0.0,00003_001185_06,0,0,0.0785924568772316,0.10327514261007309,0.0,60,R1,0.0,0.0
zero,0,RELLIS-3D,0.0,00003_001185_06,0,0,0.08778481930494308,0.11193959414958954,0.0,72,R1,0.0,0.0
learned,0,RELLIS-3D,0.0,00003_001185_06,0,0,0.08778481930494308,0.11193959414958954,0.0,72,R1,0.0,0.0
fixed,0,RELLIS-3D,0.0,00003_001185_06,0,0,0.08778481930494308,0.11193959414958954,0.0,72,R1,0.0,0.0
zero,0,RELLIS-3D,0.0,00003_001185_07,0,0,0.05258866026997566,0.08494175970554352,0.0,0,R2,0.0,0.0
learned,0,RELLIS-3D,0.0,00003_001185_07,0,0,0.05258866026997566,0.08494175970554352,0.0,0,R2,0.0,0.0
fixed,0,RELLIS-3D,0.0,00003_001185_07,0,0,0.05258866026997566,0.08494175970554352,0.0,0,R2,0.0,0.0
zero,0,RELLIS-3D,0.0,00003_001185_07,0,0,0.059407204389572144,0.08821120858192444,0.0,12,R2,0.0,0.0
learned,0,RELLIS-3D,0.0,00003_001185_07,0,0,0.059407204389572144,0.08821120858192444,0.0,12,R2,0.0,0.0
fixed,0,RELLIS-3D,0.0,00003_001185_07,0,0,0.059407204389572144,0.08821120858192444,0.0,12,R2,0.0,0.0
zero,0,RELLIS-3D,0.0,00003_001185_07,0,0,0.09504508227109909,0.11552256345748901,0.0,24,R2,0.0,0.0
learned,0,RELLIS-3D,0.0,00003_001185_07,0,0,0.09504508227109909,0.11552256345748901,0.0,24,R2,0.0,0.0
fixed,0,RELLIS-3D,0.0,00003_001185_07,0,0,0.09504508227109909,0.11552256345748901,0.0,24,R2,0.0,0.0
zero,0,RELLIS-3D,0.0,00003_001185_07,0,0,0.08888557553291321,0.11030592024326324,0.0,36,R2,0.0,0.0
learned,0,RELLIS-3D,0.0,00003_001185_07,0,0,0.08888557553291321,0.11030592024326324,0.0,36,R2,0.0,0.0
fixed,0,RELLIS-3D,0.0,00003_001185_07,0,0,0.08888557553291321,0.11030592024326324,0.0,36,R2,0.0,0.0
zero,0,RELLIS-3D,0.0,00003_001185_07,0,0,0.0770362913608551,0.10912314057350159,0.0,48,R2,0.0,0.0
learned,0,RELLIS-3D,0.0,00003_001185_07,0,0,0.0770362913608551,0.10912314057350159,0.0,48,R2,0.0,0.0
fixed,0,RELLIS-3D,0.0,00003_001185_07,0,0,0.0770362913608551,0.10912314057350159,0.0,48,R2,0.0,0.0
zero,0,RELLIS-3D,0.0,00003_001185_07,0,0,0.0756305530667305,0.11317341774702072,0.0,60,R2,0.0,0.0
learned,0,RELLIS-3D,0.0,00003_001185_07,0,0,0.0756305530667305,0.11317341774702072,0.0,60,R2,0.0,0.0
fixed,0,RELLIS-3D,0.0,00003_001185_07,0,0,0.0756305530667305,0.11317341774702072,0.0,60,R2,0.0,0.0
zero,0,RELLIS-3D,0.0,00003_001185_07,0,0,0.07642748951911926,0.10479727387428284,0.0,72,R2,0.0,0.0
learned,0,RELLIS-3D,0.0,00003_001185_07,0,0,0.07642748951911926,0.10479727387428284,0.0,72,R2,0.0,0.0
fixed,0,RELLIS-3D,0.0,00003_001185_07,0,0,0.07642748951911926,0.10479727387428284,0.0,72,R2,0.0,0.0
zero,0,RELLIS-3D,0.0,00003_000335_00,0,0,0.0915256068110466,0.11732973158359528,0.0,0,R1,0.0,0.0
learned,0,RELLIS-3D,0.0,00003_000335_00,0,0,0.0915256068110466,0.11732973158359528,0.0,0,R1,0.0,0.0
fixed,0,RELLIS-3D,0.0,00003_000335_00,0,0,0.0915256068110466,0.11732973158359528,0.0,0,R1,0.0,0.0
zero,0,RELLIS-3D,0.0,00003_000335_00,0,0,0.07690547406673431,0.10211038589477539,0.0,12,R1,0.0,0.0
learned,0,RELLIS-3D,0.0,00003_000335_00,0,0,0.07690547406673431,0.10211038589477539,0.0,12,R1,0.0,0.0
fixed,0,RELLIS-3D,0.0,00003_000335_00,0,0,0.07690547406673431,0.10211038589477539,0.0,12,R1,0.0,0.0
zero,0,RELLIS-3D,0.0,00003_000335_00,0,0,0.07330456376075745,0.10006531327962875,0.0,24,R1,0.0,0.0
learned,0,RELLIS-3D,0.0,00003_000335_00,0,0,0.07330456376075745,0.10006531327962875,0.0,24,R1,0.0,0.0
fixed,0,RELLIS-3D,0.0,00003_000335_00,0,0,0.07330456376075745,0.10006531327962875,0.0,24,R1,0.0,0.0
zero,0,RELLIS-3D,0.0,00003_000335_00,0,0,0.07683484256267548,0.10532042384147644,0.0,36,R1,0.0,0.0
learned,0,RELLIS-3D,0.0,00003_000335_00,0,0,0.07683484256267548,0.10532042384147644,0.0,36,R1,0.0,0.0
fixed,0,RELLIS-3D,0.0,00003_000335_00,0,0,0.07683484256267548,0.10532042384147644,0.0,36,R1,0.0,0.0
zero,0,RELLIS-3D,0.0,00003_000335_00,0,0,0.05730092152953148,0.08893818408250809,0.0,48,R1,0.0,0.0
learned,0,RELLIS-3D,0.0,00003_000335_00,0,0,0.05730092152953148,0.08893818408250809,0.0,48,R1,0.0,0.0
fixed,0,RELLIS-3D,0.0,00003_000335_00,0,0,0.05730092152953148,0.08893818408250809,0.0,48,R1,0.0,0.0
zero,0,RELLIS-3D,0.0,00003_000335_00,0,0,0.04938889667391777,0.07990200817584991,0.0,60,R1,0.0,0.0
learned,0,RELLIS-3D,0.0,00003_000335_00,0,0,0.04938889667391777,0.07990200817584991,0.0,60,R1,0.0,0.0
fixed,0,RELLIS-3D,0.0,00003_000335_00,0,0,0.04938889667391777,0.07990200817584991,0.0,60,R1,0.0,0.0
zero,0,RELLIS-3D,0.0,00003_000335_00,0,0,0.031400810927152634,0.06178604066371918,0.0,72,R1,0.0,0.0
learned,0,RELLIS-3D,0.0,00003_000335_00,0,0,0.031400810927152634,0.06178604066371918,0.0,72,R1,0.0,0.0
fixed,0,RELLIS-3D,0.0,00003_000335_00,0,0,0.031400810927152634,0.06178604066371918,0.0,72,R1,0.0,0.0
zero,0,RELLIS-3D,0.0,00003_000335_01,0,0,0.08592254668474197,0.11621557921171188,0.0,0,R1,0.0,0.0
learned,0,RELLIS-3D,0.0,00003_000335_01,0,0,0.08592254668474197,0.11621557921171188,0.0,0,R1,0.0,0.0
fixed,0,RELLIS-3D,0.0,00003_000335_01,0,0,0.08592254668474197,0.11621557921171188,0.0,0,R1,0.0,0.0
zero,0,RELLIS-3D,0.0,00003_000335_01,0,0,0.08255966007709503,0.11279449611902237,0.0,12,R1,0.0,0.0
learned,0,RELLIS-3D,0.0,00003_000335_01,0,0,0.08255966007709503,0.11279449611902237,0.0,12,R1,0.0,0.0
fixed,0,RELLIS-3D,0.0,00003_000335_01,0,0,0.08255966007709503,0.11279449611902237,0.0,12,R1,0.0,0.0
zero,0,RELLIS-3D,0.0,00003_000335_01,0,0,0.08186376839876175,0.11259801685810089,0.0,24,R1,0.0,0.0
learned,0,RELLIS-3D,0.0,00003_000335_01,0,0,0.08186376839876175,0.11259801685810089,0.0,24,R1,0.0,0.0
fixed,0,RELLIS-3D,0.0,00003_000335_01,0,0,0.08186376839876175,0.11259801685810089,0.0,24,R1,0.0,0.0
zero,0,RELLIS-3D,0.0,00003_000335_01,0,0,0.07933886349201202,0.11094284057617188,0.0,36,R1,0.0,0.0
learned,0,RELLIS-3D,0.0,00003_000335_01,0,0,0.07933886349201202,0.11094284057617188,0.0,36,R1,0.0,0.0
fixed,0,RELLIS-3D,0.0,00003_000335_01,0,0,0.07933886349201202,0.11094284057617188,0.0,36,R1,0.0,0.0
zero,0,RELLIS-3D,0.0,00003_000335_01,0,0,0.07685817778110504,0.10989594459533691,0.0,48,R1,0.0,0.0
learned,0,RELLIS-3D,0.0,00003_000335_01,0,0,0.07685817778110504,0.10989594459533691,0.0,48,R1,0.0,0.0
fixed,0,RELLIS-3D,0.0,00003_000335_01,0,0,0.07685817778110504,0.10989594459533691,0.0,48,R1,0.0,0.0
zero,0,RELLIS-3D,0.0,00003_000335_01,0,0,0.07578858733177185,0.1105635017156601,0.0,60,R1,0.0,0.0
learned,0,RELLIS-3D,0.0,00003_000335_01,0,0,0.07578858733177185,0.1105635017156601,0.0,60,R1,0.0,0.0
fixed,0,RELLIS-3D,0.0,00003_000335_01,0,0,0.07578858733177185,0.1105635017156601,0.0,60,R1,0.0,0.0
zero,0,RELLIS-3D,0.0,00003_000335_01,0,0,0.07663904875516891,0.12683507800102234,0.0,72,R1,0.0,0.0
learned,0,RELLIS-3D,0.0,00003_000335_01,0,0,0.07663904875516891,0.12683507800102234,0.0,72,R1,0.0,0.0
fixed,0,RELLIS-3D,0.0,00003_000335_01,0,0,0.07663904875516891,0.12683507800102234,0.0,72,R1,0.0,0.0
zero,0,RELLIS-3D,0.0,00003_000335_02,0,1,0.09969182312488556,0.12757252156734467,0.0,0,R1,0.0,0.0
learned,0,RELLIS-3D,0.0034814374521374702,00003_000335_02,0,1,0.09969182312488556,0.12757252156734467,0.12757252156734467,0,R1,0.019948696717619896,0.019642559811472893
fixed,1,RELLIS-3D,0.04093480855226517,00003_000335_02,0,1,0.09969182312488556,0.12757252156734467,1.5,0,R1,0.2345571517944336,0.23095756769180298
zero,0,RELLIS-3D,0.0,00003_000335_02,0,0,0.08129175007343292,0.11138997226953506,0.0,12,R1,0.0,0.0
learned,0,RELLIS-3D,0.0,00003_000335_02,0,0,0.08129175007343292,0.11138997226953506,0.0,12,R1,0.0,0.0
fixed,0,RELLIS-3D,0.0,00003_000335_02,0,0,0.08129175007343292,0.11138997226953506,0.0,12,R1,0.0,0.0
zero,0,RELLIS-3D,0.0,00003_000335_02,0,0,0.07923808693885803,0.10991179943084717,0.0,24,R1,0.0,0.0
learned,0,RELLIS-3D,0.0,00003_000335_02,0,0,0.07923808693885803,0.10991179943084717,0.0,24,R1,0.0,0.0
fixed,0,RELLIS-3D,0.0,00003_000335_02,0,0,0.07923808693885803,0.10991179943084717,0.0,24,R1,0.0,0.0
zero,0,RELLIS-3D,0.0,00003_000335_02,0,0,0.07945060729980469,0.1083427295088768,0.0,36,R1,0.0,0.0
learned,0,RELLIS-3D,0.0,00003_000335_02,0,0,0.07945060729980469,0.1083427295088768,0.0,36,R1,0.0,0.0
fixed,0,RELLIS-3D,0.0,00003_000335_02,0,0,0.07945060729980469,0.1083427295088768,0.0,36,R1,0.0,0.0
zero,0,RELLIS-3D,0.0,00003_000335_02,0,0,0.07215557992458344,0.10197067260742188,0.0,48,R1,0.0,0.0
learned,0,RELLIS-3D,0.0,00003_000335_02,0,0,0.07215557992458344,0.10197067260742188,0.0,48,R1,0.0,0.0
fixed,0,RELLIS-3D,0.0,00003_000335_02,0,0,0.07215557992458344,0.10197067260742188,0.0,48,R1,0.0,0.0
zero,0,RELLIS-3D,0.0,00003_000335_02,0,0,0.05386187136173248,0.08369337767362595,0.0,60,R1,0.0,0.0
learned,0,RELLIS-3D,0.0,00003_000335_02,0,0,0.05386187136173248,0.08369337767362595,0.0,60,R1,0.0,0.0
fixed,0,RELLIS-3D,0.0,00003_000335_02,0,0,0.05386187136173248,0.08369337767362595,0.0,60,R1,0.0,0.0
zero,0,RELLIS-3D,0.0,00003_000335_02,0,0,0.030788671225309372,0.062075115740299225,0.0,72,R1,0.0,0.0
learned,0,RELLIS-3D,0.0,00003_000335_02,0,0,0.030788671225309372,0.062075115740299225,0.0,72,R1,0.0,0.0
fixed,0,RELLIS-3D,0.0,00003_000335_02,0,0,0.030788671225309372,0.062075115740299225,0.0,72,R1,0.0,0.0
zero,0,RELLIS-3D,0.0,00003_000335_03,0,0,0.08881276845932007,0.11976457387208939,0.0,0,R3,0.0,0.0
learned,0,RELLIS-3D,0.0,00003_000335_03,0,0,0.08881276845932007,0.11976457387208939,0.0,0,R3,0.0,0.0
fixed,0,RELLIS-3D,0.0,00003_000335_03,0,0,0.08881276845932007,0.11976457387208939,0.0,0,R3,0.0,0.0
zero,0,RELLIS-3D,0.0,00003_000335_03,0,0,0.0883040651679039,0.11795524507761002,0.0,12,R3,0.0,0.0
learned,0,RELLIS-3D,0.0,00003_000335_03,0,0,0.0883040651679039,0.11795524507761002,0.0,12,R3,0.0,0.0
fixed,0,RELLIS-3D,0.0,00003_000335_03,0,0,0.0883040651679039,0.11795524507761002,0.0,12,R3,0.0,0.0
zero,0,RELLIS-3D,0.0,00003_000335_03,0,0,0.08463014662265778,0.11537005007266998,0.0,24,R3,0.0,0.0
learned,0,RELLIS-3D,0.0,00003_000335_03,0,0,0.08463014662265778,0.11537005007266998,0.0,24,R3,0.0,0.0
fixed,0,RELLIS-3D,0.0,00003_000335_03,0,0,0.08463014662265778,0.11537005007266998,0.0,24,R3,0.0,0.0
zero,0,RELLIS-3D,0.0,00003_000335_03,0,0,0.078870989382267,0.11115818470716476,0.0,36,R3,0.0,0.0
learned,0,RELLIS-3D,0.0,00003_000335_03,0,0,0.078870989382267,0.11115818470716476,0.0,36,R3,0.0,0.0
fixed,0,RELLIS-3D,0.0,00003_000335_03,0,0,0.078870989382267,0.11115818470716476,0.0,36,R3,0.0,0.0
zero,0,RELLIS-3D,0.0,00003_000335_03,0,0,0.07645269483327866,0.11077641695737839,0.0,48,R3,0.0,0.0
learned,0,RELLIS-3D,0.0,00003_000335_03,0,0,0.07645269483327866,0.11077641695737839,0.0,48,R3,0.0,0.0
fixed,0,RELLIS-3D,0.0,00003_000335_03,0,0,0.07645269483327866,0.11077641695737839,0.0,48,R3,0.0,0.0
zero,0,RELLIS-3D,0.0,00003_000335_03,0,0,0.07549619674682617,0.10574997216463089,0.0,60,R3,0.0,0.0
learned,0,RELLIS-3D,0.0,00003_000335_03,0,0,0.07549619674682617,0.10574997216463089,0.0,60,R3,0.0,0.0
fixed,0,RELLIS-3D,0.0,00003_000335_03,0,0,0.07549619674682617,0.10574997216463089,0.0,60,R3,0.0,0.0
zero,0,RELLIS-3D,0.0,00003_000335_04,0,1,0.11530556529760361,0.1388549655675888,0.0,0,R1,0.0,0.0
learned,0,RELLIS-3D,-0.04272597283124924,00003_000335_04,0,1,0.11530556529760361,0.1388549655675888,0.1388549655675888,0,R1,0.044767215847969055,0.004003862384706736
fixed,0,RELLIS-3D,-0.46155327558517456,00003_000335_04,0,1,0.11530556529760361,0.1388549655675888,1.5,0,R1,0.4836040735244751,0.04325227439403534
zero,0,RELLIS-3D,0.0,00003_000335_04,0,0,0.09104985743761063,0.11276361346244812,0.0,12,R1,0.0,0.0
learned,0,RELLIS-3D,0.0,00003_000335_04,0,0,0.09104985743761063,0.11276361346244812,0.0,12,R1,0.0,0.0
fixed,0,RELLIS-3D,0.0,00003_000335_04,0,0,0.09104985743761063,0.11276361346244812,0.0,12,R1,0.0,0.0
zero,0,RELLIS-3D,0.0,00003_000335_04,0,0,0.08240504562854767,0.10521328449249268,0.0,24,R1,0.0,0.0
learned,0,RELLIS-3D,0.0,00003_000335_04,0,0,0.08240504562854767,0.10521328449249268,0.0,24,R1,0.0,0.0
fixed,0,RELLIS-3D,0.0,00003_000335_04,0,0,0.08240504562854767,0.10521328449249268,0.0,24,R1,0.0,0.0
zero,0,RELLIS-3D,0.0,00003_000335_04,0,0,0.0798642709851265,0.10776515305042267,0.0,36,R1,0.0,0.0
learned,0,RELLIS-3D,0.0,00003_000335_04,0,0,0.0798642709851265,0.10776515305042267,0.0,36,R1,0.0,0.0
fixed,0,RELLIS-3D,0.0,00003_000335_04,0,0,0.0798642709851265,0.10776515305042267,0.0,36,R1,0.0,0.0
zero,0,RELLIS-3D,0.0,00003_000335_04,0,0,0.04475213587284088,0.07615666091442108,0.0,48,R1,0.0,0.0
learned,0,RELLIS-3D,0.0,00003_000335_04,0,0,0.04475213587284088,0.07615666091442108,0.0,48,R1,0.0,0.0
fixed,0,RELLIS-3D,0.0,00003_000335_04,0,0,0.04475213587284088,0.07615666091442108,0.0,48,R1,0.0,0.0
zero,0,RELLIS-3D,0.0,00003_000335_04,0,0,0.04691244661808014,0.07740282267332077,0.0,60,R1,0.0,0.0
learned,0,RELLIS-3D,0.0,00003_000335_04,0,0,0.04691244661808014,0.07740282267332077,0.0,60,R1,0.0,0.0
fixed,0,RELLIS-3D,0.0,00003_000335_04,0,0,0.04691244661808014,0.07740282267332077,0.0,60,R1,0.0,0.0
zero,0,RELLIS-3D,0.0,00003_000335_05,0,0,0.07812336087226868,0.10759792476892471,0.0,0,R1,0.0,0.0
learned,0,RELLIS-3D,0.0,00003_000335_05,0,0,0.07812336087226868,0.10759792476892471,0.0,0,R1,0.0,0.0
fixed,0,RELLIS-3D,0.0,00003_000335_05,0,0,0.07812336087226868,0.10759792476892471,0.0,0,R1,0.0,0.0
zero,0,RELLIS-3D,0.0,00003_000335_05,0,0,0.08181069791316986,0.11030390858650208,0.0,12,R1,0.0,0.0
learned,0,RELLIS-3D,0.0,00003_000335_05,0,0,0.08181069791316986,0.11030390858650208,0.0,12,R1,0.0,0.0
fixed,0,RELLIS-3D,0.0,00003_000335_05,0,0,0.08181069791316986,0.11030390858650208,0.0,12,R1,0.0,0.0
zero,0,RELLIS-3D,0.0,00003_000335_05,0,0,0.07921639084815979,0.10918980836868286,0.0,24,R1,0.0,0.0
learned,0,RELLIS-3D,0.0,00003_000335_05,0,0,0.07921639084815979,0.10918980836868286,0.0,24,R1,0.0,0.0
fixed,0,RELLIS-3D,0.0,00003_000335_05,0,0,0.07921639084815979,0.10918980836868286,0.0,24,R1,0.0,0.0
zero,0,RELLIS-3D,0.0,00003_000335_05,0,0,0.07830838859081268,0.10919156670570374,0.0,36,R1,0.0,0.0
learned,0,RELLIS-3D,0.0,00003_000335_05,0,0,0.07830838859081268,0.10919156670570374,0.0,36,R1,0.0,0.0
fixed,0,RELLIS-3D,0.0,00003_000335_05,0,0,0.07830838859081268,0.10919156670570374,0.0,36,R1,0.0,0.0
zero,0,RELLIS-3D,0.0,00003_000335_05,0,0,0.07821663469076157,0.11178779602050781,0.0,48,R1,0.0,0.0
learned,0,RELLIS-3D,0.0,00003_000335_05,0,0,0.07821663469076157,0.11178779602050781,0.0,48,R1,0.0,0.0
fixed,0,RELLIS-3D,0.0,00003_000335_05,0,0,0.07821663469076157,0.11178779602050781,0.0,48,R1,0.0,0.0
zero,0,RELLIS-3D,0.0,00003_000335_05,0,0,0.07639957964420319,0.11422349512577057,0.0,60,R1,0.0,0.0
learned,0,RELLIS-3D,0.0,00003_000335_05,0,0,0.07639957964420319,0.11422349512577057,0.0,60,R1,0.0,0.0
fixed,0,RELLIS-3D,0.0,00003_000335_05,0,0,0.07639957964420319,0.11422349512577057,0.0,60,R1,0.0,0.0
zero,0,RELLIS-3D,0.0,00003_000335_06,0,1,0.10255621373653412,0.12730027735233307,0.0,0,R1,0.0,0.0
learned,0,RELLIS-3D,-0.010066469199955463,00003_000335_06,0,1,0.10255621373653412,0.12730027735233307,0.12730027735233307,0,R1,0.02066775970160961,0.012824265286326408
fixed,0,RELLIS-3D,-0.11861485242843628,00003_000335_06,0,1,0.10255621373653412,0.12730027735233307,1.5,0,R1,0.24353159964084625,0.1511104255914688
zero,0,RELLIS-3D,0.0,00003_000335_06,0,0,0.08588241040706635,0.10669800639152527,0.0,12,R1,0.0,0.0
learned,0,RELLIS-3D,0.0,00003_000335_06,0,0,0.08588241040706635,0.10669800639152527,0.0,12,R1,0.0,0.0
fixed,0,RELLIS-3D,0.0,00003_000335_06,0,0,0.08588241040706635,0.10669800639152527,0.0,12,R1,0.0,0.0
zero,0,RELLIS-3D,0.0,00003_000335_06,0,0,0.08090668171644211,0.10512535274028778,0.0,24,R1,0.0,0.0
learned,0,RELLIS-3D,0.0,00003_000335_06,0,0,0.08090668171644211,0.10512535274028778,0.0,24,R1,0.0,0.0
fixed,0,RELLIS-3D,0.0,00003_000335_06,0,0,0.08090668171644211,0.10512535274028778,0.0,24,R1,0.0,0.0
zero,0,RELLIS-3D,0.0,00003_000335_06,0,0,0.06011739745736122,0.09022719413042068,0.0,36,R1,0.0,0.0
learned,0,RELLIS-3D,0.0,00003_000335_06,0,0,0.06011739745736122,0.09022719413042068,0.0,36,R1,0.0,0.0
fixed,0,RELLIS-3D,0.0,00003_000335_06,0,0,0.06011739745736122,0.09022719413042068,0.0,36,R1,0.0,0.0
zero,0,RELLIS-3D,0.0,00003_000335_06,0,0,0.041088033467531204,0.07317441701889038,0.0,48,R1,0.0,0.0
learned,0,RELLIS-3D,0.0,00003_000335_06,0,0,0.041088033467531204,0.07317441701889038,0.0,48,R1,0.0,0.0
fixed,0,RELLIS-3D,0.0,00003_000335_06,0,0,0.041088033467531204,0.07317441701889038,0.0,48,R1,0.0,0.0
zero,0,RELLIS-3D,0.0,00003_000335_06,0,1,0.036306701600551605,0.06460774689912796,0.0,60,R1,0.0,0.0
learned,0,RELLIS-3D,0.01057311613112688,00003_000335_06,0,1,0.036306701600551605,0.06460774689912796,0.06460774689912796,60,R1,0.020337587222456932,0.017373159527778625
fixed,1,RELLIS-3D,0.2454763501882553,00003_000335_06,0,1,0.036306701600551605,0.06460774689912796,1.5,60,R1,0.4721783697605133,0.40335318446159363
zero,0,RELLIS-3D,0.0,00003_000335_07,0,0,0.09069009870290756,0.11391737312078476,0.0,0,R1,0.0,0.0
learned,0,RELLIS-3D,0.0,00003_000335_07,0,0,0.09069009870290756,0.11391737312078476,0.0,0,R1,0.0,0.0
fixed,0,RELLIS-3D,0.0,00003_000335_07,0,0,0.09069009870290756,0.11391737312078476,0.0,0,R1,0.0,0.0
zero,0,RELLIS-3D,0.0,00003_000335_07,0,0,0.08357426524162292,0.10588008910417557,0.0,12,R1,0.0,0.0
learned,0,RELLIS-3D,0.0,00003_000335_07,0,0,0.08357426524162292,0.10588008910417557,0.0,12,R1,0.0,0.0
fixed,0,RELLIS-3D,0.0,00003_000335_07,0,0,0.08357426524162292,0.10588008910417557,0.0,12,R1,0.0,0.0
zero,0,RELLIS-3D,0.0,00003_000335_07,0,0,0.07792866975069046,0.10353822261095047,0.0,24,R1,0.0,0.0
learned,0,RELLIS-3D,0.0,00003_000335_07,0,0,0.07792866975069046,0.10353822261095047,0.0,24,R1,0.0,0.0
fixed,0,RELLIS-3D,0.0,00003_000335_07,0,0,0.07792866975069046,0.10353822261095047,0.0,24,R1,0.0,0.0
zero,0,RELLIS-3D,0.0,00003_000335_07,0,0,0.0608244389295578,0.09121458232402802,0.0,36,R1,0.0,0.0
learned,0,RELLIS-3D,0.0,00003_000335_07,0,0,0.0608244389295578,0.09121458232402802,0.0,36,R1,0.0,0.0
fixed,0,RELLIS-3D,0.0,00003_000335_07,0,0,0.0608244389295578,0.09121458232402802,0.0,36,R1,0.0,0.0
zero,0,RELLIS-3D,0.0,00003_000335_07,0,0,0.041033145040273666,0.07308075577020645,0.0,48,R1,0.0,0.0
learned,0,RELLIS-3D,0.0,00003_000335_07,0,0,0.041033145040273666,0.07308075577020645,0.0,48,R1,0.0,0.0
fixed,0,RELLIS-3D,0.0,00003_000335_07,0,0,0.041033145040273666,0.07308075577020645,0.0,48,R1,0.0,0.0
zero,0,RELLIS-3D,0.0,00003_000335_07,0,0,0.03659761697053909,0.0651407539844513,0.0,60,R1,0.0,0.0
learned,0,RELLIS-3D,0.0,00003_000335_07,0,0,0.03659761697053909,0.0651407539844513,0.0,60,R1,0.0,0.0
fixed,0,RELLIS-3D,0.0,00003_000335_07,0,0,0.03659761697053909,0.0651407539844513,0.0,60,R1,0.0,0.0
zero,0,RELLIS-3D,0.0,00003_000335_07,0,0,0.023408595472574234,0.048980213701725006,0.0,72,R1,0.0,0.0
learned,0,RELLIS-3D,0.0,00003_000335_07,0,0,0.023408595472574234,0.048980213701725006,0.0,72,R1,0.0,0.0
fixed,0,RELLIS-3D,0.0,00003_000335_07,0,0,0.023408595472574234,0.048980213701725006,0.0,72,R1,0.0,0.0
zero,0,RELLIS-3D,0.0,00003_001643_00,0,0,0.1266896277666092,0.14038118720054626,0.0,0,R1,0.0,0.0
learned,0,RELLIS-3D,0.0,00003_001643_00,0,0,0.1266896277666092,0.14038118720054626,0.0,0,R1,0.0,0.0
fixed,0,RELLIS-3D,0.0,00003_001643_00,0,0,0.1266896277666092,0.14038118720054626,0.0,0,R1,0.0,0.0
zero,0,RELLIS-3D,0.0,00003_001643_00,0,0,0.1100388839840889,0.14274297654628754,0.0,12,R1,0.0,0.0
learned,0,RELLIS-3D,0.0,00003_001643_00,0,0,0.1100388839840889,0.14274297654628754,0.0,12,R1,0.0,0.0
fixed,0,RELLIS-3D,0.0,00003_001643_00,0,0,0.1100388839840889,0.14274297654628754,0.0,12,R1,0.0,0.0
zero,0,RELLIS-3D,0.0,00003_001643_00,0,0,0.09944237023591995,0.1324121356010437,0.0,24,R1,0.0,0.0
learned,0,RELLIS-3D,0.0,00003_001643_00,0,0,0.09944237023591995,0.1324121356010437,0.0,24,R1,0.0,0.0
fixed,0,RELLIS-3D,0.0,00003_001643_00,0,0,0.09944237023591995,0.1324121356010437,0.0,24,R1,0.0,0.0
zero,0,RELLIS-3D,0.0,00003_001643_00,0,0,0.09116242825984955,0.12614746391773224,0.0,36,R1,0.0,0.0
learned,0,RELLIS-3D,0.0,00003_001643_00,0,0,0.09116242825984955,0.12614746391773224,0.0,36,R1,0.0,0.0
fixed,0,RELLIS-3D,0.0,00003_001643_00,0,0,0.09116242825984955,0.12614746391773224,0.0,36,R1,0.0,0.0
zero,0,RELLIS-3D,0.0,00003_001643_00,0,0,0.07612480968236923,0.11155185103416443,0.0,48,R1,0.0,0.0
learned,0,RELLIS-3D,0.0,00003_001643_00,0,0,0.07612480968236923,0.11155185103416443,0.0,48,R1,0.0,0.0
fixed,0,RELLIS-3D,0.0,00003_001643_00,0,0,0.07612480968236923,0.11155185103416443,0.0,48,R1,0.0,0.0
zero,0,RELLIS-3D,0.0,00003_001643_00,0,0,0.06342469900846481,0.09893497824668884,0.0,60,R1,0.0,0.0
learned,0,RELLIS-3D,0.0,00003_001643_00,0,0,0.06342469900846481,0.09893497824668884,0.0,60,R1,0.0,0.0
fixed,0,RELLIS-3D,0.0,00003_001643_00,0,0,0.06342469900846481,0.09893497824668884,0.0,60,R1,0.0,0.0
zero,0,RELLIS-3D,0.0,00003_001643_01,0,0,0.11060350388288498,0.13522732257843018,0.0,0,R1,0.0,0.0
learned,0,RELLIS-3D,0.0,00003_001643_01,0,0,0.11060350388288498,0.13522732257843018,0.0,0,R1,0.0,0.0
fixed,0,RELLIS-3D,0.0,00003_001643_01,0,0,0.11060350388288498,0.13522732257843018,0.0,0,R1,0.0,0.0
zero,0,RELLIS-3D,0.0,00003_001643_01,0,0,0.10884427279233932,0.1313844621181488,0.0,12,R1,0.0,0.0
learned,0,RELLIS-3D,0.0,00003_001643_01,0,0,0.10884427279233932,0.1313844621181488,0.0,12,R1,0.0,0.0
fixed,0,RELLIS-3D,0.0,00003_001643_01,0,0,0.10884427279233932,0.1313844621181488,0.0,12,R1,0.0,0.0
zero,0,RELLIS-3D,0.0,00003_001643_01,0,0,0.09497728198766708,0.1220625713467598,0.0,24,R1,0.0,0.0
learned,0,RELLIS-3D,0.0,00003_001643_01,0,0,0.09497728198766708,0.1220625713467598,0.0,24,R1,0.0,0.0
fixed,0,RELLIS-3D,0.0,00003_001643_01,0,0,0.09497728198766708,0.1220625713467598,0.0,24,R1,0.0,0.0
zero,0,RELLIS-3D,0.0,00003_001643_01,0,0,0.08498921990394592,0.11375503242015839,0.0,36,R1,0.0,0.0
learned,0,RELLIS-3D,0.0,00003_001643_01,0,0,0.08498921990394592,0.11375503242015839,0.0,36,R1,0.0,0.0
fixed,0,RELLIS-3D,0.0,00003_001643_01,0,0,0.08498921990394592,0.11375503242015839,0.0,36,R1,0.0,0.0
zero,0,RELLIS-3D,0.0,00003_001643_01,0,0,0.07493230700492859,0.10366013646125793,0.0,48,R1,0.0,0.0
learned,0,RELLIS-3D,0.0,00003_001643_01,0,0,0.07493230700492859,0.10366013646125793,0.0,48,R1,0.0,0.0
fixed,0,RELLIS-3D,0.0,00003_001643_01,0,0,0.07493230700492859,0.10366013646125793,0.0,48,R1,0.0,0.0
zero,0,RELLIS-3D,0.0,00003_001643_01,0,0,0.053984880447387695,0.08182930946350098,0.0,60,R1,0.0,0.0
learned,0,RELLIS-3D,0.0,00003_001643_01,0,0,0.053984880447387695,0.08182930946350098,0.0,60,R1,0.0,0.0
fixed,0,RELLIS-3D,0.0,00003_001643_01,0,0,0.053984880447387695,0.08182930946350098,0.0,60,R1,0.0,0.0
zero,0,RELLIS-3D,0.0,00003_001643_02,0,0,0.12098607420921326,0.14938777685165405,0.0,0,R1,0.0,0.0
learned,0,RELLIS-3D,0.0,00003_001643_02,0,0,0.12098607420921326,0.14938777685165405,0.0,0,R1,0.0,0.0
fixed,0,RELLIS-3D,0.0,00003_001643_02,0,0,0.12098607420921326,0.14938777685165405,0.0,0,R1,0.0,0.0
zero,0,RELLIS-3D,0.0,00003_001643_02,0,0,0.10663960129022598,0.13214947283267975,0.0,12,R1,0.0,0.0
learned,0,RELLIS-3D,0.0,00003_001643_02,0,0,0.10663960129022598,0.13214947283267975,0.0,12,R1,0.0,0.0
fixed,0,RELLIS-3D,0.0,00003_001643_02,0,0,0.10663960129022598,0.13214947283267975,0.0,12,R1,0.0,0.0
zero,0,RELLIS-3D,0.0,00003_001643_02,0,0,0.09937595576047897,0.12673957645893097,0.0,24,R1,0.0,0.0
learned,0,RELLIS-3D,0.0,00003_001643_02,0,0,0.09937595576047897,0.12673957645893097,0.0,24,R1,0.0,0.0
fixed,0,RELLIS-3D,0.0,00003_001643_02,0,0,0.09937595576047897,0.12673957645893097,0.0,24,R1,0.0,0.0
zero,0,RELLIS-3D,0.0,00003_001643_02,0,0,0.09116242825984955,0.12614746391773224,0.0,36,R1,0.0,0.0
learned,0,RELLIS-3D,0.0,00003_001643_02,0,0,0.09116242825984955,0.12614746391773224,0.0,36,R1,0.0,0.0
fixed,0,RELLIS-3D,0.0,00003_001643_02,0,0,0.09116242825984955,0.12614746391773224,0.0,36,R1,0.0,0.0
zero,0,RELLIS-3D,0.0,00003_001643_02,0,0,0.07612480968236923,0.11155185103416443,0.0,48,R1,0.0,0.0
learned,0,RELLIS-3D,0.0,00003_001643_02,0,0,0.07612480968236923,0.11155185103416443,0.0,48,R1,0.0,0.0
fixed,0,RELLIS-3D,0.0,00003_001643_02,0,0,0.07612480968236923,0.11155185103416443,0.0,48,R1,0.0,0.0
zero,0,RELLIS-3D,0.0,00003_001643_02,0,0,0.06111081317067146,0.0982348695397377,0.0,60,R1,0.0,0.0
learned,0,RELLIS-3D,0.0,00003_001643_02,0,0,0.06111081317067146,0.0982348695397377,0.0,60,R1,0.0,0.0
fixed,0,RELLIS-3D,0.0,00003_001643_02,0,0,0.06111081317067146,0.0982348695397377,0.0,60,R1,0.0,0.0
zero,0,RELLIS-3D,0.0,00003_001643_02,0,0,0.04988111928105354,0.08487799763679504,0.0,72,R1,0.0,0.0
learned,0,RELLIS-3D,0.0,00003_001643_02,0,0,0.04988111928105354,0.08487799763679504,0.0,72,R1,0.0,0.0
fixed,0,RELLIS-3D,0.0,00003_001643_02,0,0,0.04988111928105354,0.08487799763679504,0.0,72,R1,0.0,0.0
zero,0,RELLIS-3D,0.0,00003_001643_03,0,0,0.11148092150688171,0.14060670137405396,0.0,0,R1,0.0,0.0
learned,0,RELLIS-3D,0.0,00003_001643_03,0,0,0.11148092150688171,0.14060670137405396,0.0,0,R1,0.0,0.0
fixed,0,RELLIS-3D,0.0,00003_001643_03,0,0,0.11148092150688171,0.14060670137405396,0.0,0,R1,0.0,0.0
zero,0,RELLIS-3D,0.0,00003_001643_03,0,0,0.10421175509691238,0.12933695316314697,0.0,12,R1,0.0,0.0
learned,0,RELLIS-3D,0.0,00003_001643_03,0,0,0.10421175509691238,0.12933695316314697,0.0,12,R1,0.0,0.0
fixed,0,RELLIS-3D,0.0,00003_001643_03,0,0,0.10421175509691238,0.12933695316314697,0.0,12,R1,0.0,0.0
zero,0,RELLIS-3D,0.0,00003_001643_03,0,0,0.0887787714600563,0.11859877407550812,0.0,24,R1,0.0,0.0
learned,0,RELLIS-3D,0.0,00003_001643_03,0,0,0.0887787714600563,0.11859877407550812,0.0,24,R1,0.0,0.0
fixed,0,RELLIS-3D,0.0,00003_001643_03,0,0,0.0887787714600563,0.11859877407550812,0.0,24,R1,0.0,0.0
zero,0,RELLIS-3D,0.0,00003_001643_03,0,0,0.07857672870159149,0.10916653275489807,0.0,36,R1,0.0,0.0
learned,0,RELLIS-3D,0.0,00003_001643_03,0,0,0.07857672870159149,0.10916653275489807,0.0,36,R1,0.0,0.0
fixed,0,RELLIS-3D,0.0,00003_001643_03,0,0,0.07857672870159149,0.10916653275489807,0.0,36,R1,0.0,0.0
zero,0,RELLIS-3D,0.0,00003_001643_03,0,0,0.0768609419465065,0.10939319431781769,0.0,48,R1,0.0,0.0
learned,0,RELLIS-3D,0.0,00003_001643_03,0,0,0.0768609419465065,0.10939319431781769,0.0,48,R1,0.0,0.0
fixed,0,RELLIS-3D,0.0,00003_001643_03,0,0,0.0768609419465065,0.10939319431781769,0.0,48,R1,0.0,0.0
zero,0,RELLIS-3D,0.0,00003_001643_04,0,1,0.12110154330730438,0.13939711451530457,0.0,0,R1,0.0,0.0
learned,0,RELLIS-3D,-0.03167729452252388,00003_001643_04,0,1,0.12110154330730438,0.13939711451530457,0.13939711451530457,0,R1,0.08718398958444595,0.06292028725147247
fixed,0,RELLIS-3D,-0.34086745977401733,00003_001643_04,0,1,0.12110154330730438,0.13939711451530457,1.5,0,R1,0.9381541609764099,0.6770616173744202
zero,0,RELLIS-3D,0.0,00003_001643_04,0,0,0.11044443398714066,0.13452205061912537,0.0,12,R1,0.0,0.0
learned,0,RELLIS-3D,0.0,00003_001643_04,0,0,0.11044443398714066,0.13452205061912537,0.0,12,R1,0.0,0.0
fixed,0,RELLIS-3D,0.0,00003_001643_04,0,0,0.11044443398714066,0.13452205061912537,0.0,12,R1,0.0,0.0
zero,0,RELLIS-3D,0.0,00003_001643_04,0,0,0.10071134567260742,0.125668466091156,0.0,24,R1,0.0,0.0
learned,0,RELLIS-3D,0.0,00003_001643_04,0,0,0.10071134567260742,0.125668466091156,0.0,24,R1,0.0,0.0
fixed,0,RELLIS-3D,0.0,00003_001643_04,0,0,0.10071134567260742,0.125668466091156,0.0,24,R1,0.0,0.0
zero,0,RELLIS-3D,0.0,00003_001643_04,0,0,0.08806829154491425,0.11601205170154572,0.0,36,R1,0.0,0.0
learned,0,RELLIS-3D,0.0,00003_001643_04,0,0,0.08806829154491425,0.11601205170154572,0.0,36,R1,0.0,0.0
fixed,0,RELLIS-3D,0.0,00003_001643_04,0,0,0.08806829154491425,0.11601205170154572,0.0,36,R1,0.0,0.0
zero,0,RELLIS-3D,0.0,00003_001643_04,0,0,0.08021765947341919,0.10750245302915573,0.0,48,R1,0.0,0.0
learned,0,RELLIS-3D,0.0,00003_001643_04,0,0,0.08021765947341919,0.10750245302915573,0.0,48,R1,0.0,0.0
fixed,0,RELLIS-3D,0.0,00003_001643_04,0,0,0.08021765947341919,0.10750245302915573,0.0,48,R1,0.0,0.0
zero,0,RELLIS-3D,0.0,00003_001643_04,0,0,0.05787710100412369,0.08636584877967834,0.0,60,R1,0.0,0.0
learned,0,RELLIS-3D,0.0,00003_001643_04,0,0,0.05787710100412369,0.08636584877967834,0.0,60,R1,0.0,0.0
fixed,0,RELLIS-3D,0.0,00003_001643_04,0,0,0.05787710100412369,0.08636584877967834,0.0,60,R1,0.0,0.0
zero,0,RELLIS-3D,0.0,00003_001643_04,0,0,0.052793778479099274,0.08708249777555466,0.0,72,R1,0.0,0.0
learned,0,RELLIS-3D,0.0,00003_001643_04,0,0,0.052793778479099274,0.08708249777555466,0.0,72,R1,0.0,0.0
fixed,0,RELLIS-3D,0.0,00003_001643_04,0,0,0.052793778479099274,0.08708249777555466,0.0,72,R1,0.0,0.0
zero,0,RELLIS-3D,0.0,00003_001643_05,0,0,0.11940575391054153,0.14387811720371246,0.0,0,R1,0.0,0.0
learned,0,RELLIS-3D,0.0,00003_001643_05,0,0,0.11940575391054153,0.14387811720371246,0.0,0,R1,0.0,0.0
fixed,0,RELLIS-3D,0.0,00003_001643_05,0,0,0.11940575391054153,0.14387811720371246,0.0,0,R1,0.0,0.0
zero,0,RELLIS-3D,0.0,00003_001643_05,0,0,0.11295665800571442,0.13966205716133118,0.0,12,R1,0.0,0.0
learned,0,RELLIS-3D,0.0,00003_001643_05,0,0,0.11295665800571442,0.13966205716133118,0.0,12,R1,0.0,0.0
fixed,0,RELLIS-3D,0.0,00003_001643_05,0,0,0.11295665800571442,0.13966205716133118,0.0,12,R1,0.0,0.0
zero,0,RELLIS-3D,0.0,00003_001643_05,0,0,0.10078952461481094,0.12615329027175903,0.0,24,R1,0.0,0.0
learned,0,RELLIS-3D,0.0,00003_001643_05,0,0,0.10078952461481094,0.12615329027175903,0.0,24,R1,0.0,0.0
fixed,0,RELLIS-3D,0.0,00003_001643_05,0,0,0.10078952461481094,0.12615329027175903,0.0,24,R1,0.0,0.0
zero,0,RELLIS-3D,0.0,00003_001643_05,0,0,0.08819696307182312,0.1164085865020752,0.0,36,R1,0.0,0.0
learned,0,RELLIS-3D,0.0,00003_001643_05,0,0,0.08819696307182312,0.1164085865020752,0.0,36,R1,0.0,0.0
fixed,0,RELLIS-3D,0.0,00003_001643_05,0,0,0.08819696307182312,0.1164085865020752,0.0,36,R1,0.0,0.0
zero,0,RELLIS-3D,0.0,00003_001643_05,0,1,0.08238212764263153,0.10963470488786697,0.0,48,R1,0.0,0.0
learned,1,RELLIS-3D,0.023769425228238106,00003_001643_05,0,1,0.08238212764263153,0.10963470488786697,0.10963470488786697,48,R1,0.04900510609149933,0.04711028188467026
fixed,1,RELLIS-3D,0.32520848512649536,00003_001643_05,0,1,0.08238212764263153,0.10963470488786697,1.5,48,R1,0.6704779863357544,0.6445534229278564
zero,0,RELLIS-3D,0.0,00003_001643_05,0,0,0.06277959048748016,0.09433598816394806,0.0,60,R1,0.0,0.0
learned,0,RELLIS-3D,0.0,00003_001643_05,0,0,0.06277959048748016,0.09433598816394806,0.0,60,R1,0.0,0.0
fixed,0,RELLIS-3D,0.0,00003_001643_05,0,0,0.06277959048748016,0.09433598816394806,0.0,60,R1,0.0,0.0
zero,0,RELLIS-3D,0.0,00003_001643_05,0,0,0.05285518616437912,0.08740582317113876,0.0,72,R1,0.0,0.0
learned,0,RELLIS-3D,0.0,00003_001643_05,0,0,0.05285518616437912,0.08740582317113876,0.0,72,R1,0.0,0.0
fixed,0,RELLIS-3D,0.0,00003_001643_05,0,0,0.05285518616437912,0.08740582317113876,0.0,72,R1,0.0,0.0
zero,0,RELLIS-3D,0.0,00003_001643_06,0,0,0.1066308468580246,0.13220299780368805,0.0,0,R1,0.0,0.0
learned,0,RELLIS-3D,0.0,00003_001643_06,0,0,0.1066308468580246,0.13220299780368805,0.0,0,R1,0.0,0.0
fixed,0,RELLIS-3D,0.0,00003_001643_06,0,0,0.1066308468580246,0.13220299780368805,0.0,0,R1,0.0,0.0
zero,0,RELLIS-3D,0.0,00003_001643_06,0,0,0.09691926836967468,0.12421730160713196,0.0,12,R1,0.0,0.0
learned,0,RELLIS-3D,0.0,00003_001643_06,0,0,0.09691926836967468,0.12421730160713196,0.0,12,R1,0.0,0.0
fixed,0,RELLIS-3D,0.0,00003_001643_06,0,0,0.09691926836967468,0.12421730160713196,0.0,12,R1,0.0,0.0
zero,0,RELLIS-3D,0.0,00003_001643_06,0,0,0.08526652306318283,0.11348000913858414,0.0,24,R1,0.0,0.0
learned,0,RELLIS-3D,0.0,00003_001643_06,0,0,0.08526652306318283,0.11348000913858414,0.0,24,R1,0.0,0.0
fixed,0,RELLIS-3D,0.0,00003_001643_06,0,0,0.08526652306318283,0.11348000913858414,0.0,24,R1,0.0,0.0
zero,0,RELLIS-3D,0.0,00003_001643_06,0,0,0.0779256522655487,0.10758183151483536,0.0,36,R1,0.0,0.0
learned,0,RELLIS-3D,0.0,00003_001643_06,0,0,0.0779256522655487,0.10758183151483536,0.0,36,R1,0.0,0.0
fixed,0,RELLIS-3D,0.0,00003_001643_06,0,0,0.0779256522655487,0.10758183151483536,0.0,36,R1,0.0,0.0
zero,0,RELLIS-3D,0.0,00003_001643_06,0,0,0.07182589173316956,0.10089854896068573,0.0,48,R1,0.0,0.0
learned,0,RELLIS-3D,0.0,00003_001643_06,0,0,0.07182589173316956,0.10089854896068573,0.0,48,R1,0.0,0.0
fixed,0,RELLIS-3D,0.0,00003_001643_06,0,0,0.07182589173316956,0.10089854896068573,0.0,48,R1,0.0,0.0
zero,0,RELLIS-3D,0.0,00003_001643_06,0,0,0.05249956250190735,0.08350201696157455,0.0,60,R1,0.0,0.0
learned,0,RELLIS-3D,0.0,00003_001643_06,0,0,0.05249956250190735,0.08350201696157455,0.0,60,R1,0.0,0.0
fixed,0,RELLIS-3D,0.0,00003_001643_06,0,0,0.05249956250190735,0.08350201696157455,0.0,60,R1,0.0,0.0
zero,0,RELLIS-3D,0.0,00003_001643_07,0,0,0.12142736464738846,0.14757360517978668,0.0,0,R2,0.0,0.0
learned,0,RELLIS-3D,0.0,00003_001643_07,0,0,0.12142736464738846,0.14757360517978668,0.0,0,R2,0.0,0.0
fixed,0,RELLIS-3D,0.0,00003_001643_07,0,0,0.12142736464738846,0.14757360517978668,0.0,0,R2,0.0,0.0
zero,0,RELLIS-3D,0.0,00003_001643_07,0,0,0.10583841800689697,0.13701239228248596,0.0,12,R2,0.0,0.0
learned,0,RELLIS-3D,0.0,00003_001643_07,0,0,0.10583841800689697,0.13701239228248596,0.0,12,R2,0.0,0.0
fixed,0,RELLIS-3D,0.0,00003_001643_07,0,0,0.10583841800689697,0.13701239228248596,0.0,12,R2,0.0,0.0
zero,0,RELLIS-3D,0.0,00003_001643_07,0,0,0.0956830233335495,0.12737956643104553,0.0,24,R2,0.0,0.0
learned,0,RELLIS-3D,0.0,00003_001643_07,0,0,0.0956830233335495,0.12737956643104553,0.0,24,R2,0.0,0.0
fixed,0,RELLIS-3D,0.0,00003_001643_07,0,0,0.0956830233335495,0.12737956643104553,0.0,24,R2,0.0,0.0
zero,0,RELLIS-3D,0.0,00003_001643_07,0,0,0.08492298424243927,0.11702471226453781,0.0,36,R2,0.0,0.0
learned,0,RELLIS-3D,0.0,00003_001643_07,0,0,0.08492298424243927,0.11702471226453781,0.0,36,R2,0.0,0.0
fixed,0,RELLIS-3D,0.0,00003_001643_07,0,0,0.08492298424243927,0.11702471226453781,0.0,36,R2,0.0,0.0
zero,0,RELLIS-3D,0.0,00003_001643_07,0,0,0.0782206654548645,0.10928378254175186,0.0,48,R2,0.0,0.0
learned,0,RELLIS-3D,0.0,00003_001643_07,0,0,0.0782206654548645,0.10928378254175186,0.0,48,R2,0.0,0.0
fixed,0,RELLIS-3D,0.0,00003_001643_07,0,0,0.0782206654548645,0.10928378254175186,0.0,48,R2,0.0,0.0
zero,0,RELLIS-3D,0.0,00003_001643_07,0,0,0.07861737161874771,0.11018864810466766,0.0,60,R2,0.0,0.0
learned,0,RELLIS-3D,0.0,00003_001643_07,0,0,0.07861737161874771,0.11018864810466766,0.0,60,R2,0.0,0.0
fixed,0,RELLIS-3D,0.0,00003_001643_07,0,0,0.07861737161874771,0.11018864810466766,0.0,60,R2,0.0,0.0
zero,0,RELLIS-3D,0.0,00003_000373_00,0,0,0.09798184782266617,0.12077532708644867,0.0,0,R1,0.0,0.0
learned,0,RELLIS-3D,0.0,00003_000373_00,0,0,0.09798184782266617,0.12077532708644867,0.0,0,R1,0.0,0.0
fixed,0,RELLIS-3D,0.0,00003_000373_00,0,0,0.09798184782266617,0.12077532708644867,0.0,0,R1,0.0,0.0
zero,0,RELLIS-3D,0.0,00003_000373_00,0,0,0.08258825540542603,0.10624047368764877,0.0,12,R1,0.0,0.0
learned,0,RELLIS-3D,0.0,00003_000373_00,0,0,0.08258825540542603,0.10624047368764877,0.0,12,R1,0.0,0.0
fixed,0,RELLIS-3D,0.0,00003_000373_00,0,0,0.08258825540542603,0.10624047368764877,0.0,12,R1,0.0,0.0
zero,0,RELLIS-3D,0.0,00003_000373_00,0,0,0.07399724423885345,0.09967774897813797,0.0,24,R1,0.0,0.0
learned,0,RELLIS-3D,0.0,00003_000373_00,0,0,0.07399724423885345,0.09967774897813797,0.0,24,R1,0.0,0.0
fixed,0,RELLIS-3D,0.0,00003_000373_00,0,0,0.07399724423885345,0.09967774897813797,0.0,24,R1,0.0,0.0
zero,0,RELLIS-3D,0.0,00003_000373_00,0,0,0.07348890602588654,0.1017012894153595,0.0,36,R1,0.0,0.0
learned,0,RELLIS-3D,0.0,00003_000373_00,0,0,0.07348890602588654,0.1017012894153595,0.0,36,R1,0.0,0.0
fixed,0,RELLIS-3D,0.0,00003_000373_00,0,0,0.07348890602588654,0.1017012894153595,0.0,36,R1,0.0,0.0
zero,0,RELLIS-3D,0.0,00003_000373_00,0,0,0.0696326494216919,0.0994119793176651,0.0,48,R1,0.0,0.0
learned,0,RELLIS-3D,0.0,00003_000373_00,0,0,0.0696326494216919,0.0994119793176651,0.0,48,R1,0.0,0.0
fixed,0,RELLIS-3D,0.0,00003_000373_00,0,0,0.0696326494216919,0.0994119793176651,0.0,48,R1,0.0,0.0
zero,0,RELLIS-3D,0.0,00003_000373_00,0,0,0.07524103671312332,0.10882136225700378,0.0,60,R1,0.0,0.0
learned,0,RELLIS-3D,0.0,00003_000373_00,0,0,0.07524103671312332,0.10882136225700378,0.0,60,R1,0.0,0.0
fixed,0,RELLIS-3D,0.0,00003_000373_00,0,0,0.07524103671312332,0.10882136225700378,0.0,60,R1,0.0,0.0
zero,0,RELLIS-3D,0.0,00003_000373_01,0,0,0.09252797812223434,0.12274639308452606,0.0,0,R1,0.0,0.0
learned,0,RELLIS-3D,0.0,00003_000373_01,0,0,0.09252797812223434,0.12274639308452606,0.0,0,R1,0.0,0.0
fixed,0,RELLIS-3D,0.0,00003_000373_01,0,0,0.09252797812223434,0.12274639308452606,0.0,0,R1,0.0,0.0
zero,0,RELLIS-3D,0.0,00003_000373_01,0,0,0.08045435696840286,0.1121876984834671,0.0,12,R1,0.0,0.0
learned,0,RELLIS-3D,0.0,00003_000373_01,0,0,0.08045435696840286,0.1121876984834671,0.0,12,R1,0.0,0.0
fixed,0,RELLIS-3D,0.0,00003_000373_01,0,0,0.08045435696840286,0.1121876984834671,0.0,12,R1,0.0,0.0
zero,0,RELLIS-3D,0.0,00003_000373_01,0,0,0.07899940758943558,0.110293909907341,0.0,24,R1,0.0,0.0
learned,0,RELLIS-3D,0.0,00003_000373_01,0,0,0.07899940758943558,0.110293909907341,0.0,24,R1,0.0,0.0
fixed,0,RELLIS-3D,0.0,00003_000373_01,0,0,0.07899940758943558,0.110293909907341,0.0,24,R1,0.0,0.0
zero,0,RELLIS-3D,0.0,00003_000373_01,0,0,0.07668893039226532,0.1089247465133667,0.0,36,R1,0.0,0.0
learned,0,RELLIS-3D,0.0,00003_000373_01,0,0,0.07668893039226532,0.1089247465133667,0.0,36,R1,0.0,0.0
fixed,0,RELLIS-3D,0.0,00003_000373_01,0,0,0.07668893039226532,0.1089247465133667,0.0,36,R1,0.0,0.0
zero,0,RELLIS-3D,0.0,00003_000373_01,0,0,0.07515079528093338,0.10877788811922073,0.0,48,R1,0.0,0.0
learned,0,RELLIS-3D,0.0,00003_000373_01,0,0,0.07515079528093338,0.10877788811922073,0.0,48,R1,0.0,0.0
fixed,0,RELLIS-3D,0.0,00003_000373_01,0,0,0.07515079528093338,0.10877788811922073,0.0,48,R1,0.0,0.0
zero,0,RELLIS-3D,0.0,00003_000373_01,0,0,0.07457123696804047,0.11227399110794067,0.0,60,R1,0.0,0.0
learned,0,RELLIS-3D,0.0,00003_000373_01,0,0,0.07457123696804047,0.11227399110794067,0.0,60,R1,0.0,0.0
fixed,0,RELLIS-3D,0.0,00003_000373_01,0,0,0.07457123696804047,0.11227399110794067,0.0,60,R1,0.0,0.0
zero,0,RELLIS-3D,0.0,00003_000373_02,0,0,0.11127941310405731,0.13173460960388184,0.0,0,R1,0.0,0.0
learned,0,RELLIS-3D,0.0,00003_000373_02,0,0,0.11127941310405731,0.13173460960388184,0.0,0,R1,0.0,0.0
fixed,0,RELLIS-3D,0.0,00003_000373_02,0,0,0.11127941310405731,0.13173460960388184,0.0,0,R1,0.0,0.0
zero,0,RELLIS-3D,0.0,00003_000373_02,0,0,0.07457561790943146,0.1027294173836708,0.0,12,R1,0.0,0.0
learned,0,RELLIS-3D,0.0,00003_000373_02,0,0,0.07457561790943146,0.1027294173836708,0.0,12,R1,0.0,0.0
fixed,0,RELLIS-3D,0.0,00003_000373_02,0,0,0.07457561790943146,0.1027294173836708,0.0,12,R1,0.0,0.0
zero,0,RELLIS-3D,0.0,00003_000373_02,0,0,0.0677274614572525,0.09666284918785095,0.0,24,R1,0.0,0.0
learned,0,RELLIS-3D,0.0,00003_000373_02,0,0,0.0677274614572525,0.09666284918785095,0.0,24,R1,0.0,0.0
fixed,0,RELLIS-3D,0.0,00003_000373_02,0,0,0.0677274614572525,0.09666284918785095,0.0,24,R1,0.0,0.0
zero,0,RELLIS-3D,0.0,00003_000373_02,0,0,0.0710543543100357,0.10130757093429565,0.0,36,R1,0.0,0.0
learned,0,RELLIS-3D,0.0,00003_000373_02,0,0,0.0710543543100357,0.10130757093429565,0.0,36,R1,0.0,0.0
fixed,0,RELLIS-3D,0.0,00003_000373_02,0,0,0.0710543543100357,0.10130757093429565,0.0,36,R1,0.0,0.0
zero,0,RELLIS-3D,0.0,00003_000373_02,0,0,0.0745643898844719,0.10611964762210846,0.0,48,R1,0.0,0.0
learned,0,RELLIS-3D,0.0,00003_000373_02,0,0,0.0745643898844719,0.10611964762210846,0.0,48,R1,0.0,0.0
fixed,0,RELLIS-3D,0.0,00003_000373_02,0,0,0.0745643898844719,0.10611964762210846,0.0,48,R1,0.0,0.0
zero,0,RELLIS-3D,0.0,00003_000373_02,0,0,0.0757400393486023,0.11088848859071732,0.0,60,R1,0.0,0.0
learned,0,RELLIS-3D,0.0,00003_000373_02,0,0,0.0757400393486023,0.11088848859071732,0.0,60,R1,0.0,0.0
fixed,0,RELLIS-3D,0.0,00003_000373_02,0,0,0.0757400393486023,0.11088848859071732,0.0,60,R1,0.0,0.0
zero,0,RELLIS-3D,0.0,00003_000373_02,0,0,0.07582360506057739,0.10426409542560577,0.0,72,R1,0.0,0.0
learned,0,RELLIS-3D,0.0,00003_000373_02,0,0,0.07582360506057739,0.10426409542560577,0.0,72,R1,0.0,0.0
fixed,0,RELLIS-3D,0.0,00003_000373_02,0,0,0.07582360506057739,0.10426409542560577,0.0,72,R1,0.0,0.0
zero,0,RELLIS-3D,0.0,00003_000373_03,0,1,0.10701745748519897,0.13120143115520477,0.0,0,R3,0.0,0.0
learned,0,RELLIS-3D,-0.01078026182949543,00003_000373_03,0,1,0.10701745748519897,0.13120143115520477,0.13120143115520477,0,R3,0.011501605622470379,0.0004215033841319382
fixed,0,RELLIS-3D,-0.12324860692024231,00003_000373_03,0,1,0.10701745748519897,0.13120143115520477,1.5,0,R3,0.13149558007717133,0.0048189652152359486
zero,0,RELLIS-3D,0.0,00003_000373_03,0,0,0.09119313955307007,0.11170224845409393,0.0,12,R3,0.0,0.0
learned,0,RELLIS-3D,0.0,00003_000373_03,0,0,0.09119313955307007,0.11170224845409393,0.0,12,R3,0.0,0.0
fixed,0,RELLIS-3D,0.0,00003_000373_03,0,0,0.09119313955307007,0.11170224845409393,0.0,12,R3,0.0,0.0
zero,0,RELLIS-3D,0.0,00003_000373_03,0,0,0.0804075300693512,0.1025637835264206,0.0,24,R3,0.0,0.0
learned,0,RELLIS-3D,0.0,00003_000373_03,0,0,0.0804075300693512,0.1025637835264206,0.0,24,R3,0.0,0.0
fixed,0,RELLIS-3D,0.0,00003_000373_03,0,0,0.0804075300693512,0.1025637835264206,0.0,24,R3,0.0,0.0
zero,0,RELLIS-3D,0.0,00003_000373_03,0,0,0.07580013573169708,0.1028456836938858,0.0,36,R3,0.0,0.0
learned,0,RELLIS-3D,0.0,00003_000373_03,0,0,0.07580013573169708,0.1028456836938858,0.0,36,R3,0.0,0.0
fixed,0,RELLIS-3D,0.0,00003_000373_03,0,0,0.07580013573169708,0.1028456836938858,0.0,36,R3,0.0,0.0
zero,0,RELLIS-3D,0.0,00003_000373_03,0,0,0.05497949570417404,0.08689391613006592,0.0,48,R3,0.0,0.0
learned,0,RELLIS-3D,0.0,00003_000373_03,0,0,0.05497949570417404,0.08689391613006592,0.0,48,R3,0.0,0.0
fixed,0,RELLIS-3D,0.0,00003_000373_03,0,0,0.05497949570417404,0.08689391613006592,0.0,48,R3,0.0,0.0
zero,0,RELLIS-3D,0.0,00003_000373_04,0,0,0.1079513281583786,0.12685225903987885,0.0,0,R2,0.0,0.0
learned,0,RELLIS-3D,0.0,00003_000373_04,0,0,0.1079513281583786,0.12685225903987885,0.0,0,R2,0.0,0.0
fixed,0,RELLIS-3D,0.0,00003_000373_04,0,0,0.1079513281583786,0.12685225903987885,0.0,0,R2,0.0,0.0
zero,0,RELLIS-3D,0.0,00003_000373_04,0,0,0.09119313955307007,0.11170224845409393,0.0,12,R2,0.0,0.0
learned,0,RELLIS-3D,0.0,00003_000373_04,0,0,0.09119313955307007,0.11170224845409393,0.0,12,R2,0.0,0.0
fixed,0,RELLIS-3D,0.0,00003_000373_04,0,0,0.09119313955307007,0.11170224845409393,0.0,12,R2,0.0,0.0
zero,0,RELLIS-3D,0.0,00003_000373_04,0,0,0.0804075300693512,0.1025637835264206,0.0,24,R2,0.0,0.0
learned,0,RELLIS-3D,0.0,00003_000373_04,0,0,0.0804075300693512,0.1025637835264206,0.0,24,R2,0.0,0.0
fixed,0,RELLIS-3D,0.0,00003_000373_04,0,0,0.0804075300693512,0.1025637835264206,0.0,24,R2,0.0,0.0
zero,0,RELLIS-3D,0.0,00003_000373_04,0,0,0.07580013573169708,0.1028456836938858,0.0,36,R2,0.0,0.0
learned,0,RELLIS-3D,0.0,00003_000373_04,0,0,0.07580013573169708,0.1028456836938858,0.0,36,R2,0.0,0.0
fixed,0,RELLIS-3D,0.0,00003_000373_04,0,0,0.07580013573169708,0.1028456836938858,0.0,36,R2,0.0,0.0
zero,0,RELLIS-3D,0.0,00003_000373_04,0,0,0.05497949570417404,0.08689391613006592,0.0,48,R2,0.0,0.0
learned,0,RELLIS-3D,0.0,00003_000373_04,0,0,0.05497949570417404,0.08689391613006592,0.0,48,R2,0.0,0.0
fixed,0,RELLIS-3D,0.0,00003_000373_04,0,0,0.05497949570417404,0.08689391613006592,0.0,48,R2,0.0,0.0
zero,0,RELLIS-3D,0.0,00003_000373_04,0,0,0.047146156430244446,0.08005064725875854,0.0,60,R2,0.0,0.0
learned,0,RELLIS-3D,0.0,00003_000373_04,0,0,0.047146156430244446,0.08005064725875854,0.0,60,R2,0.0,0.0
fixed,0,RELLIS-3D,0.0,00003_000373_04,0,0,0.047146156430244446,0.08005064725875854,0.0,60,R2,0.0,0.0
zero,0,RELLIS-3D,0.0,00003_000373_04,0,0,0.037064991891384125,0.07152001559734344,0.0,72,R2,0.0,0.0
learned,0,RELLIS-3D,0.0,00003_000373_04,0,0,0.037064991891384125,0.07152001559734344,0.0,72,R2,0.0,0.0
fixed,0,RELLIS-3D,0.0,00003_000373_04,0,0,0.037064991891384125,0.07152001559734344,0.0,72,R2,0.0,0.0
zero,0,RELLIS-3D,0.0,00003_000373_05,0,0,0.08330659568309784,0.11246495693922043,0.0,0,R1,0.0,0.0
learned,0,RELLIS-3D,0.0,00003_000373_05,0,0,0.08330659568309784,0.11246495693922043,0.0,0,R1,0.0,0.0
fixed,0,RELLIS-3D,0.0,00003_000373_05,0,0,0.08330659568309784,0.11246495693922043,0.0,0,R1,0.0,0.0
zero,0,RELLIS-3D,0.0,00003_000373_05,0,0,0.06791407614946365,0.09601369500160217,0.0,12,R1,0.0,0.0
learned,0,RELLIS-3D,0.0,00003_000373_05,0,0,0.06791407614946365,0.09601369500160217,0.0,12,R1,0.0,0.0
fixed,0,RELLIS-3D,0.0,00003_000373_05,0,0,0.06791407614946365,0.09601369500160217,0.0,12,R1,0.0,0.0
zero,0,RELLIS-3D,0.0,00003_000373_05,0,0,0.06830327212810516,0.09700557589530945,0.0,24,R1,0.0,0.0
learned,0,RELLIS-3D,0.0,00003_000373_05,0,0,0.06830327212810516,0.09700557589530945,0.0,24,R1,0.0,0.0
fixed,0,RELLIS-3D,0.0,00003_000373_05,0,0,0.06830327212810516,0.09700557589530945,0.0,24,R1,0.0,0.0
zero,0,RELLIS-3D,0.0,00003_000373_05,0,0,0.07210934907197952,0.10228392481803894,0.0,36,R1,0.0,0.0
learned,0,RELLIS-3D,0.0,00003_000373_05,0,0,0.07210934907197952,0.10228392481803894,0.0,36,R1,0.0,0.0
fixed,0,RELLIS-3D,0.0,00003_000373_05,0,0,0.07210934907197952,0.10228392481803894,0.0,36,R1,0.0,0.0
zero,0,RELLIS-3D,0.0,00003_000373_05,0,0,0.07463006675243378,0.1053479015827179,0.0,48,R1,0.0,0.0
learned,0,RELLIS-3D,0.0,00003_000373_05,0,0,0.07463006675243378,0.1053479015827179,0.0,48,R1,0.0,0.0
fixed,0,RELLIS-3D,0.0,00003_000373_05,0,0,0.07463006675243378,0.1053479015827179,0.0,48,R1,0.0,0.0
zero,0,RELLIS-3D,0.0,00003_000373_06,0,0,0.08330659568309784,0.11246495693922043,0.0,0,R1,0.0,0.0
learned,0,RELLIS-3D,0.0,00003_000373_06,0,0,0.08330659568309784,0.11246495693922043,0.0,0,R1,0.0,0.0
fixed,0,RELLIS-3D,0.0,00003_000373_06,0,0,0.08330659568309784,0.11246495693922043,0.0,0,R1,0.0,0.0
zero,0,RELLIS-3D,0.0,00003_000373_06,0,0,0.06791407614946365,0.09601369500160217,0.0,12,R1,0.0,0.0
learned,0,RELLIS-3D,0.0,00003_000373_06,0,0,0.06791407614946365,0.09601369500160217,0.0,12,R1,0.0,0.0
fixed,0,RELLIS-3D,0.0,00003_000373_06,0,0,0.06791407614946365,0.09601369500160217,0.0,12,R1,0.0,0.0
zero,0,RELLIS-3D,0.0,00003_000373_06,0,0,0.06830327212810516,0.09700557589530945,0.0,24,R1,0.0,0.0
learned,0,RELLIS-3D,0.0,00003_000373_06,0,0,0.06830327212810516,0.09700557589530945,0.0,24,R1,0.0,0.0
fixed,0,RELLIS-3D,0.0,00003_000373_06,0,0,0.06830327212810516,0.09700557589530945,0.0,24,R1,0.0,0.0
zero,0,RELLIS-3D,0.0,00003_000373_06,0,0,0.07210934907197952,0.10228392481803894,0.0,36,R1,0.0,0.0
learned,0,RELLIS-3D,0.0,00003_000373_06,0,0,0.07210934907197952,0.10228392481803894,0.0,36,R1,0.0,0.0
fixed,0,RELLIS-3D,0.0,00003_000373_06,0,0,0.07210934907197952,0.10228392481803894,0.0,36,R1,0.0,0.0
zero,0,RELLIS-3D,0.0,00003_000373_06,0,0,0.07463006675243378,0.1053479015827179,0.0,48,R1,0.0,0.0
learned,0,RELLIS-3D,0.0,00003_000373_06,0,0,0.07463006675243378,0.1053479015827179,0.0,48,R1,0.0,0.0
fixed,0,RELLIS-3D,0.0,00003_000373_06,0,0,0.07463006675243378,0.1053479015827179,0.0,48,R1,0.0,0.0
zero,0,RELLIS-3D,0.0,00003_000373_06,0,0,0.075370654463768,0.10503020882606506,0.0,60,R1,0.0,0.0
learned,0,RELLIS-3D,0.0,00003_000373_06,0,0,0.075370654463768,0.10503020882606506,0.0,60,R1,0.0,0.0
fixed,0,RELLIS-3D,0.0,00003_000373_06,0,0,0.075370654463768,0.10503020882606506,0.0,60,R1,0.0,0.0
zero,0,RELLIS-3D,0.0,00003_000373_07,0,0,0.0930413007736206,0.12109063565731049,0.0,0,R1,0.0,0.0
learned,0,RELLIS-3D,0.0,00003_000373_07,0,0,0.0930413007736206,0.12109063565731049,0.0,0,R1,0.0,0.0
fixed,0,RELLIS-3D,0.0,00003_000373_07,0,0,0.0930413007736206,0.12109063565731049,0.0,0,R1,0.0,0.0
zero,0,RELLIS-3D,0.0,00003_000373_07,0,0,0.06775716692209244,0.09718599915504456,0.0,12,R1,0.0,0.0
learned,0,RELLIS-3D,0.0,00003_000373_07,0,0,0.06775716692209244,0.09718599915504456,0.0,12,R1,0.0,0.0
fixed,0,RELLIS-3D,0.0,00003_000373_07,0,0,0.06775716692209244,0.09718599915504456,0.0,12,R1,0.0,0.0
zero,0,RELLIS-3D,0.0,00003_000373_07,0,0,0.06831861287355423,0.0976037085056305,0.0,24,R1,0.0,0.0
learned,0,RELLIS-3D,0.0,00003_000373_07,0,0,0.06831861287355423,0.0976037085056305,0.0,24,R1,0.0,0.0
fixed,0,RELLIS-3D,0.0,00003_000373_07,0,0,0.06831861287355423,0.0976037085056305,0.0,24,R1,0.0,0.0
zero,0,RELLIS-3D,0.0,00003_000373_07,0,0,0.07218817621469498,0.10257652401924133,0.0,36,R1,0.0,0.0
learned,0,RELLIS-3D,0.0,00003_000373_07,0,0,0.07218817621469498,0.10257652401924133,0.0,36,R1,0.0,0.0
fixed,0,RELLIS-3D,0.0,00003_000373_07,0,0,0.07218817621469498,0.10257652401924133,0.0,36,R1,0.0,0.0
zero,0,RELLIS-3D,0.0,00003_000373_07,0,0,0.07480970025062561,0.10578557103872299,0.0,48,R1,0.0,0.0
learned,0,RELLIS-3D,0.0,00003_000373_07,0,0,0.07480970025062561,0.10578557103872299,0.0,48,R1,0.0,0.0
fixed,0,RELLIS-3D,0.0,00003_000373_07,0,0,0.07480970025062561,0.10578557103872299,0.0,48,R1,0.0,0.0
zero,0,RELLIS-3D,0.0,00003_000373_07,0,1,0.07692534476518631,0.10589820146560669,0.0,60,R1,0.0,0.0
learned,0,RELLIS-3D,-0.0001852198038250208,00003_000373_07,0,1,0.07692534476518631,0.10589820146560669,0.10589820146560669,60,R1,0.0033708272967487574,0.003180414205417037
fixed,0,RELLIS-3D,-0.0026235561817884445,00003_000373_07,0,1,0.07692534476518631,0.10589820146560669,1.5,60,R1,0.047746241092681885,0.04504912346601486
zero,0,RELLIS-3D,0.0,00003_000611_00,0,0,0.10558970272541046,0.13048811256885529,0.0,0,R3,0.0,0.0
learned,0,RELLIS-3D,0.0,00003_000611_00,0,0,0.10558970272541046,0.13048811256885529,0.0,0,R3,0.0,0.0
fixed,0,RELLIS-3D,0.0,00003_000611_00,0,0,0.10558970272541046,0.13048811256885529,0.0,0,R3,0.0,0.0
zero,0,RELLIS-3D,0.0,00003_000611_00,0,0,0.09765197336673737,0.12405455857515335,0.0,12,R3,0.0,0.0
learned,0,RELLIS-3D,0.0,00003_000611_00,0,0,0.09765197336673737,0.12405455857515335,0.0,12,R3,0.0,0.0
fixed,0,RELLIS-3D,0.0,00003_000611_00,0,0,0.09765197336673737,0.12405455857515335,0.0,12,R3,0.0,0.0
zero,0,RELLIS-3D,0.0,00003_000611_00,0,0,0.08791844546794891,0.11526195704936981,0.0,24,R3,0.0,0.0
learned,0,RELLIS-3D,0.0,00003_000611_00,0,0,0.08791844546794891,0.11526195704936981,0.0,24,R3,0.0,0.0
fixed,0,RELLIS-3D,0.0,00003_000611_00,0,0,0.08791844546794891,0.11526195704936981,0.0,24,R3,0.0,0.0
zero,0,RELLIS-3D,0.0,00003_000611_00,0,0,0.07842268794775009,0.10771829634904861,0.0,36,R3,0.0,0.0
learned,0,RELLIS-3D,0.0,00003_000611_00,0,0,0.07842268794775009,0.10771829634904861,0.0,36,R3,0.0,0.0
fixed,0,RELLIS-3D,0.0,00003_000611_00,0,0,0.07842268794775009,0.10771829634904861,0.0,36,R3,0.0,0.0
zero,0,RELLIS-3D,0.0,00003_000611_00,0,0,0.07739880681037903,0.10566037893295288,0.0,48,R3,0.0,0.0
learned,0,RELLIS-3D,0.0,00003_000611_00,0,0,0.07739880681037903,0.10566037893295288,0.0,48,R3,0.0,0.0
fixed,0,RELLIS-3D,0.0,00003_000611_00,0,0,0.07739880681037903,0.10566037893295288,0.0,48,R3,0.0,0.0
zero,0,RELLIS-3D,0.0,00003_000611_00,0,0,0.07654514908790588,0.1078072115778923,0.0,60,R3,0.0,0.0
learned,0,RELLIS-3D,0.0,00003_000611_00,0,0,0.07654514908790588,0.1078072115778923,0.0,60,R3,0.0,0.0
fixed,0,RELLIS-3D,0.0,00003_000611_00,0,0,0.07654514908790588,0.1078072115778923,0.0,60,R3,0.0,0.0
zero,0,RELLIS-3D,0.0,00003_000611_01,0,1,0.11089618504047394,0.1359589695930481,0.0,0,R1,0.0,0.0
learned,0,RELLIS-3D,-0.025321418419480324,00003_000611_01,0,1,0.11089618504047394,0.1359589695930481,0.1359589695930481,0,R1,0.06062568724155426,0.041201334446668625
fixed,0,RELLIS-3D,-0.2793646454811096,00003_000611_01,0,1,0.11089618504047394,0.1359589695930481,1.5,0,R1,0.6688674688339233,0.4545636475086212
zero,0,RELLIS-3D,0.0,00003_000611_01,0,0,0.09589020907878876,0.12386917322874069,0.0,12,R1,0.0,0.0
learned,0,RELLIS-3D,0.0,00003_000611_01,0,0,0.09589020907878876,0.12386917322874069,0.0,12,R1,0.0,0.0
fixed,0,RELLIS-3D,0.0,00003_000611_01,0,0,0.09589020907878876,0.12386917322874069,0.0,12,R1,0.0,0.0
zero,0,RELLIS-3D,0.0,00003_000611_01,0,0,0.08789853751659393,0.11674454808235168,0.0,24,R1,0.0,0.0
learned,0,RELLIS-3D,0.0,00003_000611_01,0,0,0.08789853751659393,0.11674454808235168,0.0,24,R1,0.0,0.0
fixed,0,RELLIS-3D,0.0,00003_000611_01,0,0,0.08789853751659393,0.11674454808235168,0.0,24,R1,0.0,0.0
zero,0,RELLIS-3D,0.0,00003_000611_01,0,0,0.08295822143554688,0.11214662343263626,0.0,36,R1,0.0,0.0
learned,0,RELLIS-3D,0.0,00003_000611_01,0,0,0.08295822143554688,0.11214662343263626,0.0,36,R1,0.0,0.0
fixed,0,RELLIS-3D,0.0,00003_000611_01,0,0,0.08295822143554688,0.11214662343263626,0.0,36,R1,0.0,0.0
zero,0,RELLIS-3D,0.0,00003_000611_01,0,0,0.07504640519618988,0.10515297949314117,0.0,48,R1,0.0,0.0
learned,0,RELLIS-3D,0.0,00003_000611_01,0,0,0.07504640519618988,0.10515297949314117,0.0,48,R1,0.0,0.0
fixed,0,RELLIS-3D,0.0,00003_000611_01,0,0,0.07504640519618988,0.10515297949314117,0.0,48,R1,0.0,0.0
zero,0,RELLIS-3D,0.0,00003_000611_01,0,0,0.07750918716192245,0.10303813219070435,0.0,60,R1,0.0,0.0
learned,0,RELLIS-3D,0.0,00003_000611_01,0,0,0.07750918716192245,0.10303813219070435,0.0,60,R1,0.0,0.0
fixed,0,RELLIS-3D,0.0,00003_000611_01,0,0,0.07750918716192245,0.10303813219070435,0.0,60,R1,0.0,0.0
zero,0,RELLIS-3D,0.0,00003_000611_02,0,1,0.11076384782791138,0.13339881598949432,0.0,0,R1,0.0,0.0
learned,1,RELLIS-3D,0.02611321397125721,00003_000611_02,0,1,0.11076384782791138,0.13339881598949432,0.13339881598949432,0,R1,0.02944890595972538,0.022570690140128136
fixed,1,RELLIS-3D,0.2936294674873352,00003_000611_02,0,1,0.11076384782791138,0.13339881598949432,1.5,0,R1,0.3311375677585602,0.2537956237792969
zero,0,RELLIS-3D,0.0,00003_000611_02,0,0,0.10135457664728165,0.12485219538211823,0.0,12,R1,0.0,0.0
learned,0,RELLIS-3D,0.0,00003_000611_02,0,0,0.10135457664728165,0.12485219538211823,0.0,12,R1,0.0,0.0
fixed,0,RELLIS-3D,0.0,00003_000611_02,0,0,0.10135457664728165,0.12485219538211823,0.0,12,R1,0.0,0.0
zero,0,RELLIS-3D,0.0,00003_000611_02,0,0,0.0916600152850151,0.11783591657876968,0.0,24,R1,0.0,0.0
learned,0,RELLIS-3D,0.0,00003_000611_02,0,0,0.0916600152850151,0.11783591657876968,0.0,24,R1,0.0,0.0
fixed,0,RELLIS-3D,0.0,00003_000611_02,0,0,0.0916600152850151,0.11783591657876968,0.0,24,R1,0.0,0.0
zero,0,RELLIS-3D,0.0,00003_000611_02,0,0,0.08014343678951263,0.108628049492836,0.0,36,R1,0.0,0.0
learned,0,RELLIS-3D,0.0,00003_000611_02,0,0,0.08014343678951263,0.108628049492836,0.0,36,R1,0.0,0.0
fixed,0,RELLIS-3D,0.0,00003_000611_02,0,0,0.08014343678951263,0.108628049492836,0.0,36,R1,0.0,0.0
zero,0,RELLIS-3D,0.0,00003_000611_02,0,0,0.07791823893785477,0.10698865354061127,0.0,48,R1,0.0,0.0
learned,0,RELLIS-3D,0.0,00003_000611_02,0,0,0.07791823893785477,0.10698865354061127,0.0,48,R1,0.0,0.0
fixed,0,RELLIS-3D,0.0,00003_000611_02,0,0,0.07791823893785477,0.10698865354061127,0.0,48,R1,0.0,0.0
zero,0,RELLIS-3D,0.0,00003_000611_02,0,0,0.0762002021074295,0.10543392598628998,0.0,60,R1,0.0,0.0
learned,0,RELLIS-3D,0.0,00003_000611_02,0,0,0.0762002021074295,0.10543392598628998,0.0,60,R1,0.0,0.0
fixed,0,RELLIS-3D,0.0,00003_000611_02,0,0,0.0762002021074295,0.10543392598628998,0.0,60,R1,0.0,0.0
zero,0,RELLIS-3D,0.0,00003_000611_03,0,0,0.09540461003780365,0.12923741340637207,0.0,0,R3,0.0,0.0
learned,0,RELLIS-3D,0.0,00003_000611_03,0,0,0.09540461003780365,0.12923741340637207,0.0,0,R3,0.0,0.0
fixed,0,RELLIS-3D,0.0,00003_000611_03,0,0,0.09540461003780365,0.12923741340637207,0.0,0,R3,0.0,0.0
zero,0,RELLIS-3D,0.0,00003_000611_03,0,0,0.08916590362787247,0.12261165678501129,0.0,12,R3,0.0,0.0
learned,0,RELLIS-3D,0.0,00003_000611_03,0,0,0.08916590362787247,0.12261165678501129,0.0,12,R3,0.0,0.0
fixed,0,RELLIS-3D,0.0,00003_000611_03,0,0,0.08916590362787247,0.12261165678501129,0.0,12,R3,0.0,0.0
zero,0,RELLIS-3D,0.0,00003_000611_03,0,0,0.08047894388437271,0.11378222703933716,0.0,24,R3,0.0,0.0
learned,0,RELLIS-3D,0.0,00003_000611_03,0,0,0.08047894388437271,0.11378222703933716,0.0,24,R3,0.0,0.0
fixed,0,RELLIS-3D,0.0,00003_000611_03,0,0,0.08047894388437271,0.11378222703933716,0.0,24,R3,0.0,0.0
zero,0,RELLIS-3D,0.0,00003_000611_03,0,0,0.07725493609905243,0.11020971834659576,0.0,36,R3,0.0,0.0
learned,0,RELLIS-3D,0.0,00003_000611_03,0,0,0.07725493609905243,0.11020971834659576,0.0,36,R3,0.0,0.0
fixed,0,RELLIS-3D,0.0,00003_000611_03,0,0,0.07725493609905243,0.11020971834659576,0.0,36,R3,0.0,0.0
zero,0,RELLIS-3D,0.0,00003_000611_03,0,0,0.07574523985385895,0.10878951102495193,0.0,48,R3,0.0,0.0
learned,0,RELLIS-3D,0.0,00003_000611_03,0,0,0.07574523985385895,0.10878951102495193,0.0,48,R3,0.0,0.0
fixed,0,RELLIS-3D,0.0,00003_000611_03,0,0,0.07574523985385895,0.10878951102495193,0.0,48,R3,0.0,0.0
zero,0,RELLIS-3D,0.0,00003_000611_03,0,0,0.07554462552070618,0.10735899209976196,0.0,60,R3,0.0,0.0
learned,0,RELLIS-3D,0.0,00003_000611_03,0,0,0.07554462552070618,0.10735899209976196,0.0,60,R3,0.0,0.0
fixed,0,RELLIS-3D,0.0,00003_000611_03,0,0,0.07554462552070618,0.10735899209976196,0.0,60,R3,0.0,0.0
zero,0,RELLIS-3D,0.0,00003_000611_03,0,0,0.07847857475280762,0.10680153965950012,0.0,72,R3,0.0,0.0
learned,0,RELLIS-3D,0.0,00003_000611_03,0,0,0.07847857475280762,0.10680153965950012,0.0,72,R3,0.0,0.0
fixed,0,RELLIS-3D,0.0,00003_000611_03,0,0,0.07847857475280762,0.10680153965950012,0.0,72,R3,0.0,0.0
zero,0,RELLIS-3D,0.0,00003_000611_04,0,0,0.10673074424266815,0.13741658627986908,0.0,0,R1,0.0,0.0
learned,0,RELLIS-3D,0.0,00003_000611_04,0,0,0.10673074424266815,0.13741658627986908,0.0,0,R1,0.0,0.0
fixed,0,RELLIS-3D,0.0,00003_000611_04,0,0,0.10673074424266815,0.13741658627986908,0.0,0,R1,0.0,0.0
zero,0,RELLIS-3D,0.0,00003_000611_04,0,0,0.09002356976270676,0.12230195105075836,0.0,12,R1,0.0,0.0
learned,0,RELLIS-3D,0.0,00003_000611_04,0,0,0.09002356976270676,0.12230195105075836,0.0,12,R1,0.0,0.0
fixed,0,RELLIS-3D,0.0,00003_000611_04,0,0,0.09002356976270676,0.12230195105075836,0.0,12,R1,0.0,0.0
zero,0,RELLIS-3D,0.0,00003_000611_04,0,0,0.08308463543653488,0.11549338698387146,0.0,24,R1,0.0,0.0
learned,0,RELLIS-3D,0.0,00003_000611_04,0,0,0.08308463543653488,0.11549338698387146,0.0,24,R1,0.0,0.0
fixed,0,RELLIS-3D,0.0,00003_000611_04,0,0,0.08308463543653488,0.11549338698387146,0.0,24,R1,0.0,0.0
zero,0,RELLIS-3D,0.0,00003_000611_04,0,0,0.07893764972686768,0.11119731515645981,0.0,36,R1,0.0,0.0
learned,0,RELLIS-3D,0.0,00003_000611_04,0,0,0.07893764972686768,0.11119731515645981,0.0,36,R1,0.0,0.0
fixed,0,RELLIS-3D,0.0,00003_000611_04,0,0,0.07893764972686768,0.11119731515645981,0.0,36,R1,0.0,0.0
zero,0,RELLIS-3D,0.0,00003_000611_04,0,0,0.07410050183534622,0.10655076801776886,0.0,48,R1,0.0,0.0
learned,0,RELLIS-3D,0.0,00003_000611_04,0,0,0.07410050183534622,0.10655076801776886,0.0,48,R1,0.0,0.0
fixed,0,RELLIS-3D,0.0,00003_000611_04,0,0,0.07410050183534622,0.10655076801776886,0.0,48,R1,0.0,0.0
zero,0,RELLIS-3D,0.0,00003_000611_04,0,0,0.0763784646987915,0.10451740771532059,0.0,60,R1,0.0,0.0
learned,0,RELLIS-3D,0.0,00003_000611_04,0,0,0.0763784646987915,0.10451740771532059,0.0,60,R1,0.0,0.0
fixed,0,RELLIS-3D,0.0,00003_000611_04,0,0,0.0763784646987915,0.10451740771532059,0.0,60,R1,0.0,0.0
zero,0,RELLIS-3D,0.0,00003_000611_05,0,1,0.09091289341449738,0.12081289291381836,0.0,0,R1,0.0,0.0
learned,0,RELLIS-3D,-0.00015357043594121933,00003_000611_05,0,1,0.09091289341449738,0.12081289291381836,0.12081289291381836,0,R1,0.01654004119336605,0.015221577137708664
fixed,0,RELLIS-3D,-0.0019067227840423584,00003_000611_05,0,1,0.09091289341449738,0.12081289291381836,1.5,0,R1,0.20535938441753387,0.18898949027061462
zero,0,RELLIS-3D,0.0,00003_000611_05,0,0,0.08875728398561478,0.12105497717857361,0.0,12,R1,0.0,0.0
learned,0,RELLIS-3D,0.0,00003_000611_05,0,0,0.08875728398561478,0.12105497717857361,0.0,12,R1,0.0,0.0
fixed,0,RELLIS-3D,0.0,00003_000611_05,0,0,0.08875728398561478,0.12105497717857361,0.0,12,R1,0.0,0.0
zero,0,RELLIS-3D,0.0,00003_000611_05,0,0,0.07952336221933365,0.10982748866081238,0.0,24,R1,0.0,0.0
learned,0,RELLIS-3D,0.0,00003_000611_05,0,0,0.07952336221933365,0.10982748866081238,0.0,24,R1,0.0,0.0
fixed,0,RELLIS-3D,0.0,00003_000611_05,0,0,0.07952336221933365,0.10982748866081238,0.0,24,R1,0.0,0.0
zero,0,RELLIS-3D,0.0,00003_000611_05,0,0,0.07771783322095871,0.10561398416757584,0.0,36,R1,0.0,0.0
learned,0,RELLIS-3D,0.0,00003_000611_05,0,0,0.07771783322095871,0.10561398416757584,0.0,36,R1,0.0,0.0
fixed,0,RELLIS-3D,0.0,00003_000611_05,0,0,0.07771783322095871,0.10561398416757584,0.0,36,R1,0.0,0.0
zero,0,RELLIS-3D,0.0,00003_000611_05,0,0,0.07974965870380402,0.10430141538381577,0.0,48,R1,0.0,0.0
learned,0,RELLIS-3D,0.0,00003_000611_05,0,0,0.07974965870380402,0.10430141538381577,0.0,48,R1,0.0,0.0
fixed,0,RELLIS-3D,0.0,00003_000611_05,0,0,0.07974965870380402,0.10430141538381577,0.0,48,R1,0.0,0.0
zero,0,RELLIS-3D,0.0,00003_000611_06,0,1,0.11249582469463348,0.13397738337516785,0.0,0,R1,0.0,0.0
learned,0,RELLIS-3D,-0.024952363222837448,00003_000611_06,0,1,0.11249582469463348,0.13397738337516785,0.13397738337516785,0,R1,0.059742074459791183,0.04060082882642746
fixed,0,RELLIS-3D,-0.2793646454811096,00003_000611_06,0,1,0.11249582469463348,0.13397738337516785,1.5,0,R1,0.6688674688339233,0.4545636475086212
zero,0,RELLIS-3D,0.0,00003_000611_06,0,0,0.09973004460334778,0.12527722120285034,0.0,12,R1,0.0,0.0
learned,0,RELLIS-3D,0.0,00003_000611_06,0,0,0.09973004460334778,0.12527722120285034,0.0,12,R1,0.0,0.0
fixed,0,RELLIS-3D,0.0,00003_000611_06,0,0,0.09973004460334778,0.12527722120285034,0.0,12,R1,0.0,0.0
zero,0,RELLIS-3D,0.0,00003_000611_06,0,0,0.09196803718805313,0.11854778230190277,0.0,24,R1,0.0,0.0
learned,0,RELLIS-3D,0.0,00003_000611_06,0,0,0.09196803718805313,0.11854778230190277,0.0,24,R1,0.0,0.0
fixed,0,RELLIS-3D,0.0,00003_000611_06,0,0,0.09196803718805313,0.11854778230190277,0.0,24,R1,0.0,0.0
zero,0,RELLIS-3D,0.0,00003_000611_06,0,0,0.0851190984249115,0.11299437284469604,0.0,36,R1,0.0,0.0
learned,0,RELLIS-3D,0.0,00003_000611_06,0,0,0.0851190984249115,0.11299437284469604,0.0,36,R1,0.0,0.0
fixed,0,RELLIS-3D,0.0,00003_000611_06,0,0,0.0851190984249115,0.11299437284469604,0.0,36,R1,0.0,0.0
zero,0,RELLIS-3D,0.0,00003_000611_06,0,0,0.07668527215719223,0.10385710000991821,0.0,48,R1,0.0,0.0
learned,0,RELLIS-3D,0.0,00003_000611_06,0,0,0.07668527215719223,0.10385710000991821,0.0,48,R1,0.0,0.0
fixed,0,RELLIS-3D,0.0,00003_000611_06,0,0,0.07668527215719223,0.10385710000991821,0.0,48,R1,0.0,0.0
zero,0,RELLIS-3D,0.0,00003_000611_06,0,0,0.07809779047966003,0.1034257709980011,0.0,60,R1,0.0,0.0
learned,0,RELLIS-3D,0.0,00003_000611_06,0,0,0.07809779047966003,0.1034257709980011,0.0,60,R1,0.0,0.0
fixed,0,RELLIS-3D,0.0,00003_000611_06,0,0,0.07809779047966003,0.1034257709980011,0.0,60,R1,0.0,0.0
zero,0,RELLIS-3D,0.0,00003_000611_07,0,0,0.09605404734611511,0.12710364162921906,0.0,0,R1,0.0,0.0
learned,0,RELLIS-3D,0.0,00003_000611_07,0,0,0.09605404734611511,0.12710364162921906,0.0,0,R1,0.0,0.0
fixed,0,RELLIS-3D,0.0,00003_000611_07,0,0,0.09605404734611511,0.12710364162921906,0.0,0,R1,0.0,0.0
zero,0,RELLIS-3D,0.0,00003_000611_07,0,0,0.08756718039512634,0.12227150797843933,0.0,12,R1,0.0,0.0
learned,0,RELLIS-3D,0.0,00003_000611_07,0,0,0.08756718039512634,0.12227150797843933,0.0,12,R1,0.0,0.0
fixed,0,RELLIS-3D,0.0,00003_000611_07,0,0,0.08756718039512634,0.12227150797843933,0.0,12,R1,0.0,0.0
zero,0,RELLIS-3D,0.0,00003_000611_07,0,0,0.08095812797546387,0.11583760380744934,0.0,24,R1,0.0,0.0
learned,0,RELLIS-3D,0.0,00003_000611_07,0,0,0.08095812797546387,0.11583760380744934,0.0,24,R1,0.0,0.0
fixed,0,RELLIS-3D,0.0,00003_000611_07,0,0,0.08095812797546387,0.11583760380744934,0.0,24,R1,0.0,0.0
zero,0,RELLIS-3D,0.0,00003_000611_07,0,0,0.07682280242443085,0.11077916622161865,0.0,36,R1,0.0,0.0
learned,0,RELLIS-3D,0.0,00003_000611_07,0,0,0.07682280242443085,0.11077916622161865,0.0,36,R1,0.0,0.0
fixed,0,RELLIS-3D,0.0,00003_000611_07,0,0,0.07682280242443085,0.11077916622161865,0.0,36,R1,0.0,0.0
zero,0,RELLIS-3D,0.0,00003_000611_07,0,0,0.0754682645201683,0.10959368944168091,0.0,48,R1,0.0,0.0
learned,0,RELLIS-3D,0.0,00003_000611_07,0,0,0.0754682645201683,0.10959368944168091,0.0,48,R1,0.0,0.0
fixed,0,RELLIS-3D,0.0,00003_000611_07,0,0,0.0754682645201683,0.10959368944168091,0.0,48,R1,0.0,0.0
zero,0,RELLIS-3D,0.0,00003_001298_00,0,0,0.09496898204088211,0.12401534616947174,0.0,0,R1,0.0,0.0
learned,0,RELLIS-3D,0.0,00003_001298_00,0,0,0.09496898204088211,0.12401534616947174,0.0,0,R1,0.0,0.0
fixed,0,RELLIS-3D,0.0,00003_001298_00,0,0,0.09496898204088211,0.12401534616947174,0.0,0,R1,0.0,0.0
zero,0,RELLIS-3D,0.0,00003_001298_00,0,0,0.061061080545186996,0.09118478000164032,0.0,12,R1,0.0,0.0
learned,0,RELLIS-3D,0.0,00003_001298_00,0,0,0.061061080545186996,0.09118478000164032,0.0,12,R1,0.0,0.0
fixed,0,RELLIS-3D,0.0,00003_001298_00,0,0,0.061061080545186996,0.09118478000164032,0.0,12,R1,0.0,0.0
zero,0,RELLIS-3D,0.0,00003_001298_00,0,0,0.051030151546001434,0.08045259863138199,0.0,24,R1,0.0,0.0
learned,0,RELLIS-3D,0.0,00003_001298_00,0,0,0.051030151546001434,0.08045259863138199,0.0,24,R1,0.0,0.0
fixed,0,RELLIS-3D,0.0,00003_001298_00,0,0,0.051030151546001434,0.08045259863138199,0.0,24,R1,0.0,0.0
zero,0,RELLIS-3D,0.0,00003_001298_00,0,0,0.04169381409883499,0.07044552266597748,0.0,36,R1,0.0,0.0
learned,0,RELLIS-3D,0.0,00003_001298_00,0,0,0.04169381409883499,0.07044552266597748,0.0,36,R1,0.0,0.0
fixed,0,RELLIS-3D,0.0,00003_001298_00,0,0,0.04169381409883499,0.07044552266597748,0.0,36,R1,0.0,0.0
zero,0,RELLIS-3D,0.0,00003_001298_00,0,0,0.0663018748164177,0.09263856709003448,0.0,48,R1,0.0,0.0
learned,0,RELLIS-3D,0.0,00003_001298_00,0,0,0.0663018748164177,0.09263856709003448,0.0,48,R1,0.0,0.0
fixed,0,RELLIS-3D,0.0,00003_001298_00,0,0,0.0663018748164177,0.09263856709003448,0.0,48,R1,0.0,0.0
zero,0,RELLIS-3D,0.0,00003_001298_01,0,0,0.043820347636938095,0.0727664977312088,0.0,0,R1,0.0,0.0
learned,0,RELLIS-3D,0.0,00003_001298_01,0,0,0.043820347636938095,0.0727664977312088,0.0,0,R1,0.0,0.0
fixed,0,RELLIS-3D,0.0,00003_001298_01,0,0,0.043820347636938095,0.0727664977312088,0.0,0,R1,0.0,0.0
zero,0,RELLIS-3D,0.0,00003_001298_01,0,0,0.05399512127041817,0.08669964224100113,0.0,12,R1,0.0,0.0
learned,0,RELLIS-3D,0.0,00003_001298_01,0,0,0.05399512127041817,0.08669964224100113,0.0,12,R1,0.0,0.0
fixed,0,RELLIS-3D,0.0,00003_001298_01,0,0,0.05399512127041817,0.08669964224100113,0.0,12,R1,0.0,0.0
zero,0,RELLIS-3D,0.0,00003_001298_01,0,0,0.051432330161333084,0.08018191903829575,0.0,24,R1,0.0,0.0
learned,0,RELLIS-3D,0.0,00003_001298_01,0,0,0.051432330161333084,0.08018191903829575,0.0,24,R1,0.0,0.0
fixed,0,RELLIS-3D,0.0,00003_001298_01,0,0,0.051432330161333084,0.08018191903829575,0.0,24,R1,0.0,0.0
zero,0,RELLIS-3D,0.0,00003_001298_01,0,0,0.038289621472358704,0.06699294596910477,0.0,36,R1,0.0,0.0
learned,0,RELLIS-3D,0.0,00003_001298_01,0,0,0.038289621472358704,0.06699294596910477,0.0,36,R1,0.0,0.0
fixed,0,RELLIS-3D,0.0,00003_001298_01,0,0,0.038289621472358704,0.06699294596910477,0.0,36,R1,0.0,0.0
zero,0,RELLIS-3D,0.0,00003_001298_01,0,0,0.060239583253860474,0.08687746524810791,0.0,48,R1,0.0,0.0
learned,0,RELLIS-3D,0.0,00003_001298_01,0,0,0.060239583253860474,0.08687746524810791,0.0,48,R1,0.0,0.0
fixed,0,RELLIS-3D,0.0,00003_001298_01,0,0,0.060239583253860474,0.08687746524810791,0.0,48,R1,0.0,0.0
zero,0,RELLIS-3D,0.0,00003_001298_01,0,0,0.0716928243637085,0.09755972027778625,0.0,60,R1,0.0,0.0
learned,0,RELLIS-3D,0.0,00003_001298_01,0,0,0.0716928243637085,0.09755972027778625,0.0,60,R1,0.0,0.0
fixed,0,RELLIS-3D,0.0,00003_001298_01,0,0,0.0716928243637085,0.09755972027778625,0.0,60,R1,0.0,0.0
zero,0,RELLIS-3D,0.0,00003_001298_02,0,0,0.08434270322322845,0.11560709029436111,0.0,0,R1,0.0,0.0
learned,0,RELLIS-3D,0.0,00003_001298_02,0,0,0.08434270322322845,0.11560709029436111,0.0,0,R1,0.0,0.0
fixed,0,RELLIS-3D,0.0,00003_001298_02,0,0,0.08434270322322845,0.11560709029436111,0.0,0,R1,0.0,0.0
zero,0,RELLIS-3D,0.0,00003_001298_02,0,0,0.04609692841768265,0.07530009746551514,0.0,12,R1,0.0,0.0
learned,0,RELLIS-3D,0.0,00003_001298_02,0,0,0.04609692841768265,0.07530009746551514,0.0,12,R1,0.0,0.0
fixed,0,RELLIS-3D,0.0,00003_001298_02,0,0,0.04609692841768265,0.07530009746551514,0.0,12,R1,0.0,0.0
zero,0,RELLIS-3D,0.0,00003_001298_02,0,0,0.03559216484427452,0.06403790414333344,0.0,24,R1,0.0,0.0
learned,0,RELLIS-3D,0.0,00003_001298_02,0,0,0.03559216484427452,0.06403790414333344,0.0,24,R1,0.0,0.0
fixed,0,RELLIS-3D,0.0,00003_001298_02,0,0,0.03559216484427452,0.06403790414333344,0.0,24,R1,0.0,0.0
zero,0,RELLIS-3D,0.0,00003_001298_02,0,0,0.03527948260307312,0.06246190518140793,0.0,36,R1,0.0,0.0
learned,0,RELLIS-3D,0.0,00003_001298_02,0,0,0.03527948260307312,0.06246190518140793,0.0,36,R1,0.0,0.0
fixed,0,RELLIS-3D,0.0,00003_001298_02,0,0,0.03527948260307312,0.06246190518140793,0.0,36,R1,0.0,0.0
zero,0,RELLIS-3D,0.0,00003_001298_02,0,0,0.06638071686029434,0.09289214015007019,0.0,48,R1,0.0,0.0
learned,0,RELLIS-3D,0.0,00003_001298_02,0,0,0.06638071686029434,0.09289214015007019,0.0,48,R1,0.0,0.0
fixed,0,RELLIS-3D,0.0,00003_001298_02,0,0,0.06638071686029434,0.09289214015007019,0.0,48,R1,0.0,0.0
zero,0,RELLIS-3D,0.0,00003_001298_02,0,0,0.07500337064266205,0.10550494492053986,0.0,60,R1,0.0,0.0
learned,0,RELLIS-3D,0.0,00003_001298_02,0,0,0.07500337064266205,0.10550494492053986,0.0,60,R1,0.0,0.0
fixed,0,RELLIS-3D,0.0,00003_001298_02,0,0,0.07500337064266205,0.10550494492053986,0.0,60,R1,0.0,0.0
zero,0,RELLIS-3D,0.0,00003_001298_02,0,0,0.07937847822904587,0.10678920894861221,0.0,72,R1,0.0,0.0
learned,0,RELLIS-3D,0.0,00003_001298_02,0,0,0.07937847822904587,0.10678920894861221,0.0,72,R1,0.0,0.0
fixed,0,RELLIS-3D,0.0,00003_001298_02,0,0,0.07937847822904587,0.10678920894861221,0.0,72,R1,0.0,0.0
zero,0,RELLIS-3D,0.0,00003_001298_03,0,0,0.09500253945589066,0.12349623441696167,0.0,0,R1,0.0,0.0
learned,0,RELLIS-3D,0.0,00003_001298_03,0,0,0.09500253945589066,0.12349623441696167,0.0,0,R1,0.0,0.0
fixed,0,RELLIS-3D,0.0,00003_001298_03,0,0,0.09500253945589066,0.12349623441696167,0.0,0,R1,0.0,0.0
zero,0,RELLIS-3D,0.0,00003_001298_03,0,0,0.053004540503025055,0.08284653723239899,0.0,12,R1,0.0,0.0
learned,0,RELLIS-3D,0.0,00003_001298_03,0,0,0.053004540503025055,0.08284653723239899,0.0,12,R1,0.0,0.0
fixed,0,RELLIS-3D,0.0,00003_001298_03,0,0,0.053004540503025055,0.08284653723239899,0.0,12,R1,0.0,0.0
zero,0,RELLIS-3D,0.0,00003_001298_03,0,0,0.043567173182964325,0.07175270467996597,0.0,24,R1,0.0,0.0
learned,0,RELLIS-3D,0.0,00003_001298_03,0,0,0.043567173182964325,0.07175270467996597,0.0,24,R1,0.0,0.0
fixed,0,RELLIS-3D,0.0,00003_001298_03,0,0,0.043567173182964325,0.07175270467996597,0.0,24,R1,0.0,0.0
zero,0,RELLIS-3D,0.0,00003_001298_03,0,0,0.03681493178009987,0.06265053898096085,0.0,36,R1,0.0,0.0
learned,0,RELLIS-3D,0.0,00003_001298_03,0,0,0.03681493178009987,0.06265053898096085,0.0,36,R1,0.0,0.0
fixed,0,RELLIS-3D,0.0,00003_001298_03,0,0,0.03681493178009987,0.06265053898096085,0.0,36,R1,0.0,0.0
zero,0,RELLIS-3D,0.0,00003_001298_03,0,0,0.06322333961725235,0.08993323892354965,0.0,48,R1,0.0,0.0
learned,0,RELLIS-3D,0.0,00003_001298_03,0,0,0.06322333961725235,0.08993323892354965,0.0,48,R1,0.0,0.0
fixed,0,RELLIS-3D,0.0,00003_001298_03,0,0,0.06322333961725235,0.08993323892354965,0.0,48,R1,0.0,0.0
zero,0,RELLIS-3D,0.0,00003_001298_04,0,0,0.019035300239920616,0.041892677545547485,0.0,0,R1,0.0,0.0
learned,0,RELLIS-3D,0.0,00003_001298_04,0,0,0.019035300239920616,0.041892677545547485,0.0,0,R1,0.0,0.0
fixed,0,RELLIS-3D,0.0,00003_001298_04,0,0,0.019035300239920616,0.041892677545547485,0.0,0,R1,0.0,0.0
zero,0,RELLIS-3D,0.0,00003_001298_04,0,1,0.030649274587631226,0.05810200795531273,0.0,12,R1,0.0,0.0
learned,0,RELLIS-3D,-0.006326311733573675,00003_001298_04,0,1,0.030649274587631226,0.05810200795531273,0.05810200795531273,12,R1,0.006397991441190243,0.003303301753476262
fixed,0,RELLIS-3D,-0.1633242666721344,00003_001298_04,0,1,0.030649274587631226,0.05810200795531273,1.5,12,R1,0.16517478227615356,0.08528023213148117
zero,0,RELLIS-3D,0.0,00003_001298_04,0,0,0.04842593893408775,0.07765686511993408,0.0,24,R1,0.0,0.0
learned,0,RELLIS-3D,0.0,00003_001298_04,0,0,0.04842593893408775,0.07765686511993408,0.0,24,R1,0.0,0.0
fixed,0,RELLIS-3D,0.0,00003_001298_04,0,0,0.04842593893408775,0.07765686511993408,0.0,24,R1,0.0,0.0
zero,0,RELLIS-3D,0.0,00003_001298_04,0,0,0.042196452617645264,0.07111326605081558,0.0,36,R1,0.0,0.0
learned,0,RELLIS-3D,0.0,00003_001298_04,0,0,0.042196452617645264,0.07111326605081558,0.0,36,R1,0.0,0.0
fixed,0,RELLIS-3D,0.0,00003_001298_04,0,0,0.042196452617645264,0.07111326605081558,0.0,36,R1,0.0,0.0
zero,0,RELLIS-3D,0.0,00003_001298_04,0,0,0.06452331691980362,0.09224817901849747,0.0,48,R1,0.0,0.0
learned,0,RELLIS-3D,0.0,00003_001298_04,0,0,0.06452331691980362,0.09224817901849747,0.0,48,R1,0.0,0.0
fixed,0,RELLIS-3D,0.0,00003_001298_04,0,0,0.06452331691980362,0.09224817901849747,0.0,48,R1,0.0,0.0
zero,0,RELLIS-3D,0.0,00003_001298_04,0,0,0.07537204027175903,0.1058766096830368,0.0,60,R1,0.0,0.0
learned,0,RELLIS-3D,0.0,00003_001298_04,0,0,0.07537204027175903,0.1058766096830368,0.0,60,R1,0.0,0.0
fixed,0,RELLIS-3D,0.0,00003_001298_04,0,0,0.07537204027175903,0.1058766096830368,0.0,60,R1,0.0,0.0
zero,0,RELLIS-3D,0.0,00003_001298_04,0,0,0.08076781034469604,0.1105228140950203,0.0,72,R1,0.0,0.0
learned,0,RELLIS-3D,0.0,00003_001298_04,0,0,0.08076781034469604,0.1105228140950203,0.0,72,R1,0.0,0.0
fixed,0,RELLIS-3D,0.0,00003_001298_04,0,0,0.08076781034469604,0.1105228140950203,0.0,72,R1,0.0,0.0
zero,0,RELLIS-3D,0.0,00003_001298_05,0,1,0.09512654691934586,0.1222769170999527,0.0,0,R1,0.0,0.0
learned,0,RELLIS-3D,0.008002053946256638,00003_001298_05,0,1,0.09512654691934586,0.1222769170999527,0.1222769170999527,0,R1,0.019559770822525024,0.019551672041416168
fixed,1,RELLIS-3D,0.09816307574510574,00003_001298_05,0,1,0.09512654691934586,0.1222769170999527,1.5,0,R1,0.23994435369968414,0.23984500765800476
zero,0,RELLIS-3D,0.0,00003_001298_05,0,0,0.06831303983926773,0.09852529317140579,0.0,12,R1,0.0,0.0
learned,0,RELLIS-3D,0.0,00003_001298_05,0,0,0.06831303983926773,0.09852529317140579,0.0,12,R1,0.0,0.0
fixed,0,RELLIS-3D,0.0,00003_001298_05,0,0,0.06831303983926773,0.09852529317140579,0.0,12,R1,0.0,0.0
zero,0,RELLIS-3D,0.0,00003_001298_05,0,0,0.04505596682429314,0.07331258803606033,0.0,24,R1,0.0,0.0
learned,0,RELLIS-3D,0.0,00003_001298_05,0,0,0.04505596682429314,0.07331258803606033,0.0,24,R1,0.0,0.0
fixed,0,RELLIS-3D,0.0,00003_001298_05,0,0,0.04505596682429314,0.07331258803606033,0.0,24,R1,0.0,0.0
zero,0,RELLIS-3D,0.0,00003_001298_05,0,0,0.03561963886022568,0.06248370558023453,0.0,36,R1,0.0,0.0
learned,0,RELLIS-3D,0.0,00003_001298_05,0,0,0.03561963886022568,0.06248370558023453,0.0,36,R1,0.0,0.0
fixed,0,RELLIS-3D,0.0,00003_001298_05,0,0,0.03561963886022568,0.06248370558023453,0.0,36,R1,0.0,0.0
zero,0,RELLIS-3D,0.0,00003_001298_05,0,0,0.05806524679064751,0.0849921852350235,0.0,48,R1,0.0,0.0
learned,0,RELLIS-3D,0.0,00003_001298_05,0,0,0.05806524679064751,0.0849921852350235,0.0,48,R1,0.0,0.0
fixed,0,RELLIS-3D,0.0,00003_001298_05,0,0,0.05806524679064751,0.0849921852350235,0.0,48,R1,0.0,0.0
zero,0,RELLIS-3D,0.0,00003_001298_05,0,0,0.07215578854084015,0.09716000407934189,0.0,60,R1,0.0,0.0
learned,0,RELLIS-3D,0.0,00003_001298_05,0,0,0.07215578854084015,0.09716000407934189,0.0,60,R1,0.0,0.0
fixed,0,RELLIS-3D,0.0,00003_001298_05,0,0,0.07215578854084015,0.09716000407934189,0.0,60,R1,0.0,0.0
zero,0,RELLIS-3D,0.0,00003_001298_06,0,0,0.07008077949285507,0.10118193924427032,0.0,0,R1,0.0,0.0
learned,0,RELLIS-3D,0.0,00003_001298_06,0,0,0.07008077949285507,0.10118193924427032,0.0,0,R1,0.0,0.0
fixed,0,RELLIS-3D,0.0,00003_001298_06,0,0,0.07008077949285507,0.10118193924427032,0.0,0,R1,0.0,0.0
zero,0,RELLIS-3D,0.0,00003_001298_06,0,0,0.044820886105298996,0.07321713864803314,0.0,12,R1,0.0,0.0
learned,0,RELLIS-3D,0.0,00003_001298_06,0,0,0.044820886105298996,0.07321713864803314,0.0,12,R1,0.0,0.0
fixed,0,RELLIS-3D,0.0,00003_001298_06,0,0,0.044820886105298996,0.07321713864803314,0.0,12,R1,0.0,0.0
zero,0,RELLIS-3D,0.0,00003_001298_06,0,0,0.03807327151298523,0.06568648666143417,0.0,24,R1,0.0,0.0
learned,0,RELLIS-3D,0.0,00003_001298_06,0,0,0.03807327151298523,0.06568648666143417,0.0,24,R1,0.0,0.0
fixed,0,RELLIS-3D,0.0,00003_001298_06,0,0,0.03807327151298523,0.06568648666143417,0.0,24,R1,0.0,0.0
zero,0,RELLIS-3D,0.0,00003_001298_06,0,0,0.05192534998059273,0.08060909062623978,0.0,36,R1,0.0,0.0
learned,0,RELLIS-3D,0.0,00003_001298_06,0,0,0.05192534998059273,0.08060909062623978,0.0,36,R1,0.0,0.0
fixed,0,RELLIS-3D,0.0,00003_001298_06,0,0,0.05192534998059273,0.08060909062623978,0.0,36,R1,0.0,0.0
zero,0,RELLIS-3D,0.0,00003_001298_06,0,0,0.06790169328451157,0.09732800722122192,0.0,48,R1,0.0,0.0
learned,0,RELLIS-3D,0.0,00003_001298_06,0,0,0.06790169328451157,0.09732800722122192,0.0,48,R1,0.0,0.0
fixed,0,RELLIS-3D,0.0,00003_001298_06,0,0,0.06790169328451157,0.09732800722122192,0.0,48,R1,0.0,0.0
zero,0,RELLIS-3D,0.0,00003_001298_06,0,0,0.0776309221982956,0.10299395024776459,0.0,60,R1,0.0,0.0
learned,0,RELLIS-3D,0.0,00003_001298_06,0,0,0.0776309221982956,0.10299395024776459,0.0,60,R1,0.0,0.0
fixed,0,RELLIS-3D,0.0,00003_001298_06,0,0,0.0776309221982956,0.10299395024776459,0.0,60,R1,0.0,0.0
zero,0,RELLIS-3D,0.0,00003_001298_07,0,0,0.08434270322322845,0.11560709029436111,0.0,0,R1,0.0,0.0
learned,0,RELLIS-3D,0.0,00003_001298_07,0,0,0.08434270322322845,0.11560709029436111,0.0,0,R1,0.0,0.0
fixed,0,RELLIS-3D,0.0,00003_001298_07,0,0,0.08434270322322845,0.11560709029436111,0.0,0,R1,0.0,0.0
zero,0,RELLIS-3D,0.0,00003_001298_07,0,0,0.04609692841768265,0.07530009746551514,0.0,12,R1,0.0,0.0
learned,0,RELLIS-3D,0.0,00003_001298_07,0,0,0.04609692841768265,0.07530009746551514,0.0,12,R1,0.0,0.0
fixed,0,RELLIS-3D,0.0,00003_001298_07,0,0,0.04609692841768265,0.07530009746551514,0.0,12,R1,0.0,0.0
zero,0,RELLIS-3D,0.0,00003_001298_07,0,0,0.03559216484427452,0.06403790414333344,0.0,24,R1,0.0,0.0
learned,0,RELLIS-3D,0.0,00003_001298_07,0,0,0.03559216484427452,0.06403790414333344,0.0,24,R1,0.0,0.0
fixed,0,RELLIS-3D,0.0,00003_001298_07,0,0,0.03559216484427452,0.06403790414333344,0.0,24,R1,0.0,0.0
zero,0,RELLIS-3D,0.0,00003_001298_07,0,0,0.03527948260307312,0.06246190518140793,0.0,36,R1,0.0,0.0
learned,0,RELLIS-3D,0.0,00003_001298_07,0,0,0.03527948260307312,0.06246190518140793,0.0,36,R1,0.0,0.0
fixed,0,RELLIS-3D,0.0,00003_001298_07,0,0,0.03527948260307312,0.06246190518140793,0.0,36,R1,0.0,0.0
zero,0,RELLIS-3D,0.0,00003_001298_07,0,0,0.06638071686029434,0.09289214015007019,0.0,48,R1,0.0,0.0
learned,0,RELLIS-3D,0.0,00003_001298_07,0,0,0.06638071686029434,0.09289214015007019,0.0,48,R1,0.0,0.0
fixed,0,RELLIS-3D,0.0,00003_001298_07,0,0,0.06638071686029434,0.09289214015007019,0.0,48,R1,0.0,0.0
zero,0,RELLIS-3D,0.0,00003_001298_07,0,0,0.07500337064266205,0.10550494492053986,0.0,60,R1,0.0,0.0
learned,0,RELLIS-3D,0.0,00003_001298_07,0,0,0.07500337064266205,0.10550494492053986,0.0,60,R1,0.0,0.0
fixed,0,RELLIS-3D,0.0,00003_001298_07,0,0,0.07500337064266205,0.10550494492053986,0.0,60,R1,0.0,0.0
zero,0,RELLIS-3D,0.0,00003_000307_00,0,0,0.07771731913089752,0.10918845236301422,0.0,0,R1,0.0,0.0
learned,0,RELLIS-3D,0.0,00003_000307_00,0,0,0.07771731913089752,0.10918845236301422,0.0,0,R1,0.0,0.0
fixed,0,RELLIS-3D,0.0,00003_000307_00,0,0,0.07771731913089752,0.10918845236301422,0.0,0,R1,0.0,0.0
zero,0,RELLIS-3D,0.0,00003_000307_00,0,0,0.08966103941202164,0.12038908153772354,0.0,12,R1,0.0,0.0
learned,0,RELLIS-3D,0.0,00003_000307_00,0,0,0.08966103941202164,0.12038908153772354,0.0,12,R1,0.0,0.0
fixed,0,RELLIS-3D,0.0,00003_000307_00,0,0,0.08966103941202164,0.12038908153772354,0.0,12,R1,0.0,0.0
zero,0,RELLIS-3D,0.0,00003_000307_00,0,0,0.08762045949697495,0.12124082446098328,0.0,24,R1,0.0,0.0
learned,0,RELLIS-3D,0.0,00003_000307_00,0,0,0.08762045949697495,0.12124082446098328,0.0,24,R1,0.0,0.0
fixed,0,RELLIS-3D,0.0,00003_000307_00,0,0,0.08762045949697495,0.12124082446098328,0.0,24,R1,0.0,0.0
zero,0,RELLIS-3D,0.0,00003_000307_00,0,0,0.07921964675188065,0.11337108910083771,0.0,36,R1,0.0,0.0
learned,0,RELLIS-3D,0.0,00003_000307_00,0,0,0.07921964675188065,0.11337108910083771,0.0,36,R1,0.0,0.0
fixed,0,RELLIS-3D,0.0,00003_000307_00,0,0,0.07921964675188065,0.11337108910083771,0.0,36,R1,0.0,0.0
zero,0,RELLIS-3D,0.0,00003_000307_00,0,0,0.08261339366436005,0.11391127109527588,0.0,48,R1,0.0,0.0
learned,0,RELLIS-3D,0.0,00003_000307_00,0,0,0.08261339366436005,0.11391127109527588,0.0,48,R1,0.0,0.0
fixed,0,RELLIS-3D,0.0,00003_000307_00,0,0,0.08261339366436005,0.11391127109527588,0.0,48,R1,0.0,0.0
zero,0,RELLIS-3D,0.0,00003_000307_01,0,0,0.09617674350738525,0.12779997289180756,0.0,0,R1,0.0,0.0
learned,0,RELLIS-3D,0.0,00003_000307_01,0,0,0.09617674350738525,0.12779997289180756,0.0,0,R1,0.0,0.0
fixed,0,RELLIS-3D,0.0,00003_000307_01,0,0,0.09617674350738525,0.12779997289180756,0.0,0,R1,0.0,0.0
zero,0,RELLIS-3D,0.0,00003_000307_01,0,0,0.08966103941202164,0.12038908153772354,0.0,12,R1,0.0,0.0
learned,0,RELLIS-3D,0.0,00003_000307_01,0,0,0.08966103941202164,0.12038908153772354,0.0,12,R1,0.0,0.0
fixed,0,RELLIS-3D,0.0,00003_000307_01,0,0,0.08966103941202164,0.12038908153772354,0.0,12,R1,0.0,0.0
zero,0,RELLIS-3D,0.0,00003_000307_01,0,0,0.08741267770528793,0.12074119597673416,0.0,24,R1,0.0,0.0
learned,0,RELLIS-3D,0.0,00003_000307_01,0,0,0.08741267770528793,0.12074119597673416,0.0,24,R1,0.0,0.0
fixed,0,RELLIS-3D,0.0,00003_000307_01,0,0,0.08741267770528793,0.12074119597673416,0.0,24,R1,0.0,0.0
zero,0,RELLIS-3D,0.0,00003_000307_01,0,0,0.0793764591217041,0.11361014097929001,0.0,36,R1,0.0,0.0
learned,0,RELLIS-3D,0.0,00003_000307_01,0,0,0.0793764591217041,0.11361014097929001,0.0,36,R1,0.0,0.0
fixed,0,RELLIS-3D,0.0,00003_000307_01,0,0,0.0793764591217041,0.11361014097929001,0.0,36,R1,0.0,0.0
zero,0,RELLIS-3D,0.0,00003_000307_01,0,0,0.08406071364879608,0.10916027426719666,0.0,48,R1,0.0,0.0
learned,0,RELLIS-3D,0.0,00003_000307_01,0,0,0.08406071364879608,0.10916027426719666,0.0,48,R1,0.0,0.0
fixed,0,RELLIS-3D,0.0,00003_000307_01,0,0,0.08406071364879608,0.10916027426719666,0.0,48,R1,0.0,0.0
zero,0,RELLIS-3D,0.0,00003_000307_01,0,0,0.08021940290927887,0.1038297563791275,0.0,60,R1,0.0,0.0
learned,0,RELLIS-3D,0.0,00003_000307_01,0,0,0.08021940290927887,0.1038297563791275,0.0,60,R1,0.0,0.0
fixed,0,RELLIS-3D,0.0,00003_000307_01,0,0,0.08021940290927887,0.1038297563791275,0.0,60,R1,0.0,0.0
zero,0,RELLIS-3D,0.0,00003_000307_01,0,0,0.07720495015382767,0.11606550216674805,0.0,72,R1,0.0,0.0
learned,0,RELLIS-3D,0.0,00003_000307_01,0,0,0.07720495015382767,0.11606550216674805,0.0,72,R1,0.0,0.0
fixed,0,RELLIS-3D,0.0,00003_000307_01,0,0,0.07720495015382767,0.11606550216674805,0.0,72,R1,0.0,0.0
zero,0,RELLIS-3D,0.0,00003_000307_02,0,0,0.10026270151138306,0.12969473004341125,0.0,0,R1,0.0,0.0
learned,0,RELLIS-3D,0.0,00003_000307_02,0,0,0.10026270151138306,0.12969473004341125,0.0,0,R1,0.0,0.0
fixed,0,RELLIS-3D,0.0,00003_000307_02,0,0,0.10026270151138306,0.12969473004341125,0.0,0,R1,0.0,0.0
zero,0,RELLIS-3D,0.0,00003_000307_02,0,0,0.08625470846891403,0.1161348968744278,0.0,12,R1,0.0,0.0
learned,0,RELLIS-3D,0.0,00003_000307_02,0,0,0.08625470846891403,0.1161348968744278,0.0,12,R1,0.0,0.0
fixed,0,RELLIS-3D,0.0,00003_000307_02,0,0,0.08625470846891403,0.1161348968744278,0.0,12,R1,0.0,0.0
zero,0,RELLIS-3D,0.0,00003_000307_02,0,0,0.0885496437549591,0.11873462796211243,0.0,24,R1,0.0,0.0
learned,0,RELLIS-3D,0.0,00003_000307_02,0,0,0.0885496437549591,0.11873462796211243,0.0,24,R1,0.0,0.0
fixed,0,RELLIS-3D,0.0,00003_000307_02,0,0,0.0885496437549591,0.11873462796211243,0.0,24,R1,0.0,0.0
zero,0,RELLIS-3D,0.0,00003_000307_02,0,0,0.08435525745153427,0.11714062839746475,0.0,36,R1,0.0,0.0
learned,0,RELLIS-3D,0.0,00003_000307_02,0,0,0.08435525745153427,0.11714062839746475,0.0,36,R1,0.0,0.0
fixed,0,RELLIS-3D,0.0,00003_000307_02,0,0,0.08435525745153427,0.11714062839746475,0.0,36,R1,0.0,0.0
zero,0,RELLIS-3D,0.0,00003_000307_02,0,0,0.07694041728973389,0.11285702884197235,0.0,48,R1,0.0,0.0
learned,0,RELLIS-3D,0.0,00003_000307_02,0,0,0.07694041728973389,0.11285702884197235,0.0,48,R1,0.0,0.0
fixed,0,RELLIS-3D,0.0,00003_000307_02,0,0,0.07694041728973389,0.11285702884197235,0.0,48,R1,0.0,0.0
zero,0,RELLIS-3D,0.0,00003_000307_02,0,0,0.07368339598178864,0.10401935875415802,0.0,60,R1,0.0,0.0
learned,0,RELLIS-3D,0.0,00003_000307_02,0,0,0.07368339598178864,0.10401935875415802,0.0,60,R1,0.0,0.0
fixed,0,RELLIS-3D,0.0,00003_000307_02,0,0,0.07368339598178864,0.10401935875415802,0.0,60,R1,0.0,0.0
zero,0,RELLIS-3D,0.0,00003_000307_02,0,0,0.07453271001577377,0.1086253821849823,0.0,72,R1,0.0,0.0
learned,0,RELLIS-3D,0.0,00003_000307_02,0,0,0.07453271001577377,0.1086253821849823,0.0,72,R1,0.0,0.0
fixed,0,RELLIS-3D,0.0,00003_000307_02,0,0,0.07453271001577377,0.1086253821849823,0.0,72,R1,0.0,0.0
zero,0,RELLIS-3D,0.0,00003_000307_03,0,0,0.0842912346124649,0.1155177503824234,0.0,0,R3,0.0,0.0
learned,0,RELLIS-3D,0.0,00003_000307_03,0,0,0.0842912346124649,0.1155177503824234,0.0,0,R3,0.0,0.0
fixed,0,RELLIS-3D,0.0,00003_000307_03,0,0,0.0842912346124649,0.1155177503824234,0.0,0,R3,0.0,0.0
zero,0,RELLIS-3D,0.0,00003_000307_03,0,0,0.08420777320861816,0.11356301605701447,0.0,12,R3,0.0,0.0
learned,0,RELLIS-3D,0.0,00003_000307_03,0,0,0.08420777320861816,0.11356301605701447,0.0,12,R3,0.0,0.0
fixed,0,RELLIS-3D,0.0,00003_000307_03,0,0,0.08420777320861816,0.11356301605701447,0.0,12,R3,0.0,0.0
zero,0,RELLIS-3D,0.0,00003_000307_03,0,0,0.08764725923538208,0.1158369928598404,0.0,24,R3,0.0,0.0
learned,0,RELLIS-3D,0.0,00003_000307_03,0,0,0.08764725923538208,0.1158369928598404,0.0,24,R3,0.0,0.0
fixed,0,RELLIS-3D,0.0,00003_000307_03,0,0,0.08764725923538208,0.1158369928598404,0.0,24,R3,0.0,0.0
zero,0,RELLIS-3D,0.0,00003_000307_03,0,0,0.08511951565742493,0.115618996322155,0.0,36,R3,0.0,0.0
learned,0,RELLIS-3D,0.0,00003_000307_03,0,0,0.08511951565742493,0.115618996322155,0.0,36,R3,0.0,0.0
fixed,0,RELLIS-3D,0.0,00003_000307_03,0,0,0.08511951565742493,0.115618996322155,0.0,36,R3,0.0,0.0
zero,0,RELLIS-3D,0.0,00003_000307_03,0,0,0.0778394266963005,0.11324496567249298,0.0,48,R3,0.0,0.0
learned,0,RELLIS-3D,0.0,00003_000307_03,0,0,0.0778394266963005,0.11324496567249298,0.0,48,R3,0.0,0.0
fixed,0,RELLIS-3D,0.0,00003_000307_03,0,0,0.0778394266963005,0.11324496567249298,0.0,48,R3,0.0,0.0
zero,0,RELLIS-3D,0.0,00003_000307_03,0,0,0.07488781213760376,0.1106373593211174,0.0,60,R3,0.0,0.0
learned,0,RELLIS-3D,0.0,00003_000307_03,0,0,0.07488781213760376,0.1106373593211174,0.0,60,R3,0.0,0.0
fixed,0,RELLIS-3D,0.0,00003_000307_03,0,0,0.07488781213760376,0.1106373593211174,0.0,60,R3,0.0,0.0
zero,0,RELLIS-3D,0.0,00003_000307_04,0,0,0.07720845937728882,0.10519386827945709,0.0,0,R1,0.0,0.0
learned,0,RELLIS-3D,0.0,00003_000307_04,0,0,0.07720845937728882,0.10519386827945709,0.0,0,R1,0.0,0.0
fixed,0,RELLIS-3D,0.0,00003_000307_04,0,0,0.07720845937728882,0.10519386827945709,0.0,0,R1,0.0,0.0
zero,0,RELLIS-3D,0.0,00003_000307_04,0,0,0.0870686024427414,0.11570382863283157,0.0,12,R1,0.0,0.0
learned,0,RELLIS-3D,0.0,00003_000307_04,0,0,0.0870686024427414,0.11570382863283157,0.0,12,R1,0.0,0.0
fixed,0,RELLIS-3D,0.0,00003_000307_04,0,0,0.0870686024427414,0.11570382863283157,0.0,12,R1,0.0,0.0
zero,0,RELLIS-3D,0.0,00003_000307_04,0,0,0.09036067873239517,0.11927542090415955,0.0,24,R1,0.0,0.0
learned,0,RELLIS-3D,0.0,00003_000307_04,0,0,0.09036067873239517,0.11927542090415955,0.0,24,R1,0.0,0.0
fixed,0,RELLIS-3D,0.0,00003_000307_04,0,0,0.09036067873239517,0.11927542090415955,0.0,24,R1,0.0,0.0
zero,0,RELLIS-3D,0.0,00003_000307_04,0,0,0.07909528911113739,0.11223220825195312,0.0,36,R1,0.0,0.0
learned,0,RELLIS-3D,0.0,00003_000307_04,0,0,0.07909528911113739,0.11223220825195312,0.0,36,R1,0.0,0.0
fixed,0,RELLIS-3D,0.0,00003_000307_04,0,0,0.07909528911113739,0.11223220825195312,0.0,36,R1,0.0,0.0
zero,0,RELLIS-3D,0.0,00003_000307_04,0,0,0.07590010017156601,0.11183151602745056,0.0,48,R1,0.0,0.0
learned,0,RELLIS-3D,0.0,00003_000307_04,0,0,0.07590010017156601,0.11183151602745056,0.0,48,R1,0.0,0.0
fixed,0,RELLIS-3D,0.0,00003_000307_04,0,0,0.07590010017156601,0.11183151602745056,0.0,48,R1,0.0,0.0
zero,0,RELLIS-3D,0.0,00003_000307_05,0,0,0.08631981164216995,0.10833491384983063,0.0,0,R1,0.0,0.0
learned,0,RELLIS-3D,0.0,00003_000307_05,0,0,0.08631981164216995,0.10833491384983063,0.0,0,R1,0.0,0.0
fixed,0,RELLIS-3D,0.0,00003_000307_05,0,0,0.08631981164216995,0.10833491384983063,0.0,0,R1,0.0,0.0
zero,0,RELLIS-3D,0.0,00003_000307_05,0,0,0.08111608028411865,0.1038459986448288,0.0,12,R1,0.0,0.0
learned,0,RELLIS-3D,0.0,00003_000307_05,0,0,0.08111608028411865,0.1038459986448288,0.0,12,R1,0.0,0.0
fixed,0,RELLIS-3D,0.0,00003_000307_05,0,0,0.08111608028411865,0.1038459986448288,0.0,12,R1,0.0,0.0
zero,0,RELLIS-3D,0.0,00003_000307_05,0,0,0.08017449080944061,0.10530102998018265,0.0,24,R1,0.0,0.0
learned,0,RELLIS-3D,0.0,00003_000307_05,0,0,0.08017449080944061,0.10530102998018265,0.0,24,R1,0.0,0.0
fixed,0,RELLIS-3D,0.0,00003_000307_05,0,0,0.08017449080944061,0.10530102998018265,0.0,24,R1,0.0,0.0
zero,0,RELLIS-3D,0.0,00003_000307_05,0,0,0.07608778774738312,0.10786084830760956,0.0,36,R1,0.0,0.0
learned,0,RELLIS-3D,0.0,00003_000307_05,0,0,0.07608778774738312,0.10786084830760956,0.0,36,R1,0.0,0.0
fixed,0,RELLIS-3D,0.0,00003_000307_05,0,0,0.07608778774738312,0.10786084830760956,0.0,36,R1,0.0,0.0
zero,0,RELLIS-3D,0.0,00003_000307_05,0,0,0.07506491243839264,0.11033043265342712,0.0,48,R1,0.0,0.0
learned,0,RELLIS-3D,0.0,00003_000307_05,0,0,0.07506491243839264,0.11033043265342712,0.0,48,R1,0.0,0.0
fixed,0,RELLIS-3D,0.0,00003_000307_05,0,0,0.07506491243839264,0.11033043265342712,0.0,48,R1,0.0,0.0
zero,0,RELLIS-3D,0.0,00003_000307_05,0,0,0.07512898743152618,0.11327466368675232,0.0,60,R1,0.0,0.0
learned,0,RELLIS-3D,0.0,00003_000307_05,0,0,0.07512898743152618,0.11327466368675232,0.0,60,R1,0.0,0.0
fixed,0,RELLIS-3D,0.0,00003_000307_05,0,0,0.07512898743152618,0.11327466368675232,0.0,60,R1,0.0,0.0
zero,0,RELLIS-3D,0.0,00003_000307_06,0,0,0.08142947405576706,0.10933629423379898,0.0,0,R1,0.0,0.0
learned,0,RELLIS-3D,0.0,00003_000307_06,0,0,0.08142947405576706,0.10933629423379898,0.0,0,R1,0.0,0.0
fixed,0,RELLIS-3D,0.0,00003_000307_06,0,0,0.08142947405576706,0.10933629423379898,0.0,0,R1,0.0,0.0
zero,0,RELLIS-3D,0.0,00003_000307_06,0,0,0.0759575143456459,0.10470274835824966,0.0,12,R1,0.0,0.0
learned,0,RELLIS-3D,0.0,00003_000307_06,0,0,0.0759575143456459,0.10470274835824966,0.0,12,R1,0.0,0.0
fixed,0,RELLIS-3D,0.0,00003_000307_06,0,0,0.0759575143456459,0.10470274835824966,0.0,12,R1,0.0,0.0
zero,0,RELLIS-3D,0.0,00003_000307_06,0,0,0.08246293663978577,0.11168959736824036,0.0,24,R1,0.0,0.0
learned,0,RELLIS-3D,0.0,00003_000307_06,0,0,0.08246293663978577,0.11168959736824036,0.0,24,R1,0.0,0.0
fixed,0,RELLIS-3D,0.0,00003_000307_06,0,0,0.08246293663978577,0.11168959736824036,0.0,24,R1,0.0,0.0
zero,0,RELLIS-3D,0.0,00003_000307_06,0,0,0.08232031762599945,0.11354837566614151,0.0,36,R1,0.0,0.0
learned,0,RELLIS-3D,0.0,00003_000307_06,0,0,0.08232031762599945,0.11354837566614151,0.0,36,R1,0.0,0.0
fixed,0,RELLIS-3D,0.0,00003_000307_06,0,0,0.08232031762599945,0.11354837566614151,0.0,36,R1,0.0,0.0
zero,0,RELLIS-3D,0.0,00003_000307_06,0,0,0.07618635892868042,0.11048431694507599,0.0,48,R1,0.0,0.0
learned,0,RELLIS-3D,0.0,00003_000307_06,0,0,0.07618635892868042,0.11048431694507599,0.0,48,R1,0.0,0.0
fixed,0,RELLIS-3D,0.0,00003_000307_06,0,0,0.07618635892868042,0.11048431694507599,0.0,48,R1,0.0,0.0
zero,0,RELLIS-3D,0.0,00003_000307_06,0,0,0.07434731721878052,0.10762855410575867,0.0,60,R1,0.0,0.0
learned,0,RELLIS-3D,0.0,00003_000307_06,0,0,0.07434731721878052,0.10762855410575867,0.0,60,R1,0.0,0.0
fixed,0,RELLIS-3D,0.0,00003_000307_06,0,0,0.07434731721878052,0.10762855410575867,0.0,60,R1,0.0,0.0
zero,0,RELLIS-3D,0.0,00003_000307_06,0,0,0.07883249223232269,0.10972575843334198,0.0,72,R1,0.0,0.0
learned,0,RELLIS-3D,0.0,00003_000307_06,0,0,0.07883249223232269,0.10972575843334198,0.0,72,R1,0.0,0.0
fixed,0,RELLIS-3D,0.0,00003_000307_06,0,0,0.07883249223232269,0.10972575843334198,0.0,72,R1,0.0,0.0
zero,0,RELLIS-3D,0.0,00003_000307_07,0,0,0.08002263307571411,0.10520283877849579,0.0,0,R1,0.0,0.0
learned,0,RELLIS-3D,0.0,00003_000307_07,0,0,0.08002263307571411,0.10520283877849579,0.0,0,R1,0.0,0.0
fixed,0,RELLIS-3D,0.0,00003_000307_07,0,0,0.08002263307571411,0.10520283877849579,0.0,0,R1,0.0,0.0
zero,0,RELLIS-3D,0.0,00003_000307_07,0,0,0.07883375883102417,0.10344120860099792,0.0,12,R1,0.0,0.0
learned,0,RELLIS-3D,0.0,00003_000307_07,0,0,0.07883375883102417,0.10344120860099792,0.0,12,R1,0.0,0.0
fixed,0,RELLIS-3D,0.0,00003_000307_07,0,0,0.07883375883102417,0.10344120860099792,0.0,12,R1,0.0,0.0
zero,0,RELLIS-3D,0.0,00003_000307_07,0,0,0.08120763301849365,0.10743577778339386,0.0,24,R1,0.0,0.0
learned,0,RELLIS-3D,0.0,00003_000307_07,0,0,0.08120763301849365,0.10743577778339386,0.0,24,R1,0.0,0.0
fixed,0,RELLIS-3D,0.0,00003_000307_07,0,0,0.08120763301849365,0.10743577778339386,0.0,24,R1,0.0,0.0
zero,0,RELLIS-3D,0.0,00003_000307_07,0,0,0.07534782588481903,0.10564342886209488,0.0,36,R1,0.0,0.0
learned,0,RELLIS-3D,0.0,00003_000307_07,0,0,0.07534782588481903,0.10564342886209488,0.0,36,R1,0.0,0.0
fixed,0,RELLIS-3D,0.0,00003_000307_07,0,0,0.07534782588481903,0.10564342886209488,0.0,36,R1,0.0,0.0
zero,0,RELLIS-3D,0.0,00003_000307_07,0,0,0.07525114715099335,0.11101145297288895,0.0,48,R1,0.0,0.0
learned,0,RELLIS-3D,0.0,00003_000307_07,0,0,0.07525114715099335,0.11101145297288895,0.0,48,R1,0.0,0.0
fixed,0,RELLIS-3D,0.0,00003_000307_07,0,0,0.07525114715099335,0.11101145297288895,0.0,48,R1,0.0,0.0
zero,0,RELLIS-3D,0.0,00003_000307_07,0,0,0.07498697191476822,0.11264926195144653,0.0,60,R1,0.0,0.0
learned,0,RELLIS-3D,0.0,00003_000307_07,0,0,0.07498697191476822,0.11264926195144653,0.0,60,R1,0.0,0.0
fixed,0,RELLIS-3D,0.0,00003_000307_07,0,0,0.07498697191476822,0.11264926195144653,0.0,60,R1,0.0,0.0
zero,0,RELLIS-3D,0.0,00003_001102_00,0,0,0.04351026937365532,0.07695580273866653,0.0,0,R3,0.0,0.0
learned,0,RELLIS-3D,0.0,00003_001102_00,0,0,0.04351026937365532,0.07695580273866653,0.0,0,R3,0.0,0.0
fixed,0,RELLIS-3D,0.0,00003_001102_00,0,0,0.04351026937365532,0.07695580273866653,0.0,0,R3,0.0,0.0
zero,0,RELLIS-3D,0.0,00003_001102_00,0,0,0.054062362760305405,0.08614212274551392,0.0,12,R3,0.0,0.0
learned,0,RELLIS-3D,0.0,00003_001102_00,0,0,0.054062362760305405,0.08614212274551392,0.0,12,R3,0.0,0.0
fixed,0,RELLIS-3D,0.0,00003_001102_00,0,0,0.054062362760305405,0.08614212274551392,0.0,12,R3,0.0,0.0
zero,0,RELLIS-3D,0.0,00003_001102_00,0,0,0.07892563194036484,0.10946250706911087,0.0,24,R3,0.0,0.0
learned,0,RELLIS-3D,0.0,00003_001102_00,0,0,0.07892563194036484,0.10946250706911087,0.0,24,R3,0.0,0.0
fixed,0,RELLIS-3D,0.0,00003_001102_00,0,0,0.07892563194036484,0.10946250706911087,0.0,24,R3,0.0,0.0
zero,0,RELLIS-3D,0.0,00003_001102_00,0,0,0.07817438244819641,0.10821979492902756,0.0,36,R3,0.0,0.0
learned,0,RELLIS-3D,0.0,00003_001102_00,0,0,0.07817438244819641,0.10821979492902756,0.0,36,R3,0.0,0.0
fixed,0,RELLIS-3D,0.0,00003_001102_00,0,0,0.07817438244819641,0.10821979492902756,0.0,36,R3,0.0,0.0
zero,0,RELLIS-3D,0.0,00003_001102_00,0,0,0.07853996753692627,0.10666738450527191,0.0,48,R3,0.0,0.0
learned,0,RELLIS-3D,0.0,00003_001102_00,0,0,0.07853996753692627,0.10666738450527191,0.0,48,R3,0.0,0.0
fixed,0,RELLIS-3D,0.0,00003_001102_00,0,0,0.07853996753692627,0.10666738450527191,0.0,48,R3,0.0,0.0
zero,0,RELLIS-3D,0.0,00003_001102_01,0,1,0.11904097348451614,0.1261514574289322,0.0,0,R1,0.0,0.0
learned,1,RELLIS-3D,0.028108883649110794,00003_001102_01,0,1,0.11904097348451614,0.1261514574289322,0.1261514574289322,0,R1,0.02812797576189041,0.0097995325922966
fixed,1,RELLIS-3D,0.3342278003692627,00003_001102_01,0,1,0.11904097348451614,0.1261514574289322,1.5,0,R1,0.33445480465888977,0.11652103066444397
zero,0,RELLIS-3D,0.0,00003_001102_01,0,0,0.1057206466794014,0.12586884200572968,0.0,12,R1,0.0,0.0
learned,0,RELLIS-3D,0.0,00003_001102_01,0,0,0.1057206466794014,0.12586884200572968,0.0,12,R1,0.0,0.0
fixed,0,RELLIS-3D,0.0,00003_001102_01,0,0,0.1057206466794014,0.12586884200572968,0.0,12,R1,0.0,0.0
zero,0,RELLIS-3D,0.0,00003_001102_01,0,0,0.08174604177474976,0.11480250209569931,0.0,24,R1,0.0,0.0
learned,0,RELLIS-3D,0.0,00003_001102_01,0,0,0.08174604177474976,0.11480250209569931,0.0,24,R1,0.0,0.0
fixed,0,RELLIS-3D,0.0,00003_001102_01,0,0,0.08174604177474976,0.11480250209569931,0.0,24,R1,0.0,0.0
zero,0,RELLIS-3D,0.0,00003_001102_01,0,0,0.07553301006555557,0.10953749716281891,0.0,36,R1,0.0,0.0
learned,0,RELLIS-3D,0.0,00003_001102_01,0,0,0.07553301006555557,0.10953749716281891,0.0,36,R1,0.0,0.0
fixed,0,RELLIS-3D,0.0,00003_001102_01,0,0,0.07553301006555557,0.10953749716281891,0.0,36,R1,0.0,0.0
zero,0,RELLIS-3D,0.0,00003_001102_01,0,0,0.07607495784759521,0.1053977832198143,0.0,48,R1,0.0,0.0
learned,0,RELLIS-3D,0.0,00003_001102_01,0,0,0.07607495784759521,0.1053977832198143,0.0,48,R1,0.0,0.0
fixed,0,RELLIS-3D,0.0,00003_001102_01,0,0,0.07607495784759521,0.1053977832198143,0.0,48,R1,0.0,0.0
zero,0,RELLIS-3D,0.0,00003_001102_01,0,0,0.07787112891674042,0.1072770282626152,0.0,60,R1,0.0,0.0
learned,0,RELLIS-3D,0.0,00003_001102_01,0,0,0.07787112891674042,0.1072770282626152,0.0,60,R1,0.0,0.0
fixed,0,RELLIS-3D,0.0,00003_001102_01,0,0,0.07787112891674042,0.1072770282626152,0.0,60,R1,0.0,0.0
zero,0,RELLIS-3D,0.0,00003_001102_02,0,1,0.06322354823350906,0.0996272936463356,0.0,0,R1,0.0,0.0
learned,0,RELLIS-3D,0.001546911895275116,00003_001102_02,0,1,0.06322354823350906,0.0996272936463356,0.0996272936463356,0,R1,0.01488467026501894,0.014269155450165272
fixed,1,RELLIS-3D,0.023290477693080902,00003_001102_02,0,1,0.06322354823350906,0.0996272936463356,1.5,0,R1,0.22410531342029572,0.21483804285526276
zero,0,RELLIS-3D,0.0,00003_001102_02,0,0,0.1057206466794014,0.12586884200572968,0.0,12,R1,0.0,0.0
learned,0,RELLIS-3D,0.0,00003_001102_02,0,0,0.1057206466794014,0.12586884200572968,0.0,12,R1,0.0,0.0
fixed,0,RELLIS-3D,0.0,00003_001102_02,0,0,0.1057206466794014,0.12586884200572968,0.0,12,R1,0.0,0.0
zero,0,RELLIS-3D,0.0,00003_001102_02,0,0,0.08199562132358551,0.11616906523704529,0.0,24,R1,0.0,0.0
learned,0,RELLIS-3D,0.0,00003_001102_02,0,0,0.08199562132358551,0.11616906523704529,0.0,24,R1,0.0,0.0
fixed,0,RELLIS-3D,0.0,00003_001102_02,0,0,0.08199562132358551,0.11616906523704529,0.0,24,R1,0.0,0.0
zero,0,RELLIS-3D,0.0,00003_001102_02,0,0,0.0755956619977951,0.10993089526891708,0.0,36,R1,0.0,0.0
learned,0,RELLIS-3D,0.0,00003_001102_02,0,0,0.0755956619977951,0.10993089526891708,0.0,36,R1,0.0,0.0
fixed,0,RELLIS-3D,0.0,00003_001102_02,0,0,0.0755956619977951,0.10993089526891708,0.0,36,R1,0.0,0.0
zero,0,RELLIS-3D,0.0,00003_001102_02,0,1,0.07675573229789734,0.10707762837409973,0.0,48,R1,0.0,0.0
learned,0,RELLIS-3D,6.663543172180653e-05,00003_001102_02,0,1,0.07675573229789734,0.10707762837409973,0.10707762837409973,48,R1,0.00017146467871498317,0.00017146112804766744
fixed,0,RELLIS-3D,0.0009334643254987895,00003_001102_02,0,1,0.07675573229789734,0.10707762837409973,1.5,48,R1,0.0024019679985940456,0.0024019181728363037
zero,0,RELLIS-3D,0.0,00003_001102_02,0,1,0.07710419595241547,0.10859841108322144,0.0,60,R1,0.0,0.0
learned,1,RELLIS-3D,0.020598309114575386,00003_001102_02,0,1,0.07710419595241547,0.10859841108322144,0.10859841108322144,60,R1,0.030446406453847885,0.012831508181989193
fixed,1,RELLIS-3D,0.2845112085342407,00003_001102_02,0,1,0.07710419595241547,0.10859841108322144,1.5,60,R1,0.420536607503891,0.17723335325717926
zero,0,RELLIS-3D,0.0,00003_001102_03,0,0,0.07178958505392075,0.10958931595087051,0.0,0,R1,0.0,0.0
learned,0,RELLIS-3D,0.0,00003_001102_03,0,0,0.07178958505392075,0.10958931595087051,0.0,0,R1,0.0,0.0
fixed,0,RELLIS-3D,0.0,00003_001102_03,0,0,0.07178958505392075,0.10958931595087051,0.0,0,R1,0.0,0.0
zero,0,RELLIS-3D,0.0,00003_001102_03,0,0,0.10917393863201141,0.13019263744354248,0.0,12,R1,0.0,0.0
learned,0,RELLIS-3D,0.0,00003_001102_03,0,0,0.10917393863201141,0.13019263744354248,0.0,12,R1,0.0,0.0
fixed,0,RELLIS-3D,0.0,00003_001102_03,0,0,0.10917393863201141,0.13019263744354248,0.0,12,R1,0.0,0.0
zero,0,RELLIS-3D,0.0,00003_001102_03,0,0,0.10035702586174011,0.12371903657913208,0.0,24,R1,0.0,0.0
learned,0,RELLIS-3D,0.0,00003_001102_03,0,0,0.10035702586174011,0.12371903657913208,0.0,24,R1,0.0,0.0
fixed,0,RELLIS-3D,0.0,00003_001102_03,0,0,0.10035702586174011,0.12371903657913208,0.0,24,R1,0.0,0.0
zero,0,RELLIS-3D,0.0,00003_001102_03,0,0,0.07873282581567764,0.11251987516880035,0.0,36,R1,0.0,0.0
learned,0,RELLIS-3D,0.0,00003_001102_03,0,0,0.07873282581567764,0.11251987516880035,0.0,36,R1,0.0,0.0
fixed,0,RELLIS-3D,0.0,00003_001102_03,0,0,0.07873282581567764,0.11251987516880035,0.0,36,R1,0.0,0.0
zero,0,RELLIS-3D,0.0,00003_001102_03,0,0,0.07769665867090225,0.10834954679012299,0.0,48,R1,0.0,0.0
learned,0,RELLIS-3D,0.0,00003_001102_03,0,0,0.07769665867090225,0.10834954679012299,0.0,48,R1,0.0,0.0
fixed,0,RELLIS-3D,0.0,00003_001102_03,0,0,0.07769665867090225,0.10834954679012299,0.0,48,R1,0.0,0.0
zero,0,RELLIS-3D,0.0,00003_001102_03,0,0,0.07856636494398117,0.10953468084335327,0.0,60,R1,0.0,0.0
learned,0,RELLIS-3D,0.0,00003_001102_03,0,0,0.07856636494398117,0.10953468084335327,0.0,60,R1,0.0,0.0
fixed,0,RELLIS-3D,0.0,00003_001102_03,0,0,0.07856636494398117,0.10953468084335327,0.0,60,R1,0.0,0.0
zero,0,RELLIS-3D,0.0,00003_001102_04,0,0,0.11077137291431427,0.1345977783203125,0.0,0,R1,0.0,0.0
learned,0,RELLIS-3D,0.0,00003_001102_04,0,0,0.11077137291431427,0.1345977783203125,0.0,0,R1,0.0,0.0
fixed,0,RELLIS-3D,0.0,00003_001102_04,0,0,0.11077137291431427,0.1345977783203125,0.0,0,R1,0.0,0.0
zero,0,RELLIS-3D,0.0,00003_001102_04,0,0,0.08044929057359695,0.11431478708982468,0.0,12,R1,0.0,0.0
learned,0,RELLIS-3D,0.0,00003_001102_04,0,0,0.08044929057359695,0.11431478708982468,0.0,12,R1,0.0,0.0
fixed,0,RELLIS-3D,0.0,00003_001102_04,0,0,0.08044929057359695,0.11431478708982468,0.0,12,R1,0.0,0.0
zero,0,RELLIS-3D,0.0,00003_001102_04,0,0,0.08304166793823242,0.11631965637207031,0.0,24,R1,0.0,0.0
learned,0,RELLIS-3D,0.0,00003_001102_04,0,0,0.08304166793823242,0.11631965637207031,0.0,24,R1,0.0,0.0
fixed,0,RELLIS-3D,0.0,00003_001102_04,0,0,0.08304166793823242,0.11631965637207031,0.0,24,R1,0.0,0.0
zero,0,RELLIS-3D,0.0,00003_001102_04,0,0,0.07497856020927429,0.10794889181852341,0.0,36,R1,0.0,0.0
learned,0,RELLIS-3D,0.0,00003_001102_04,0,0,0.07497856020927429,0.10794889181852341,0.0,36,R1,0.0,0.0
fixed,0,RELLIS-3D,0.0,00003_001102_04,0,0,0.07497856020927429,0.10794889181852341,0.0,36,R1,0.0,0.0
zero,0,RELLIS-3D,0.0,00003_001102_04,0,0,0.07707438617944717,0.1061878353357315,0.0,48,R1,0.0,0.0
learned,0,RELLIS-3D,0.0,00003_001102_04,0,0,0.07707438617944717,0.1061878353357315,0.0,48,R1,0.0,0.0
fixed,0,RELLIS-3D,0.0,00003_001102_04,0,0,0.07707438617944717,0.1061878353357315,0.0,48,R1,0.0,0.0
zero,0,RELLIS-3D,0.0,00003_001102_04,0,0,0.0789375752210617,0.10359077155590057,0.0,60,R1,0.0,0.0
learned,0,RELLIS-3D,0.0,00003_001102_04,0,0,0.0789375752210617,0.10359077155590057,0.0,60,R1,0.0,0.0
fixed,0,RELLIS-3D,0.0,00003_001102_04,0,0,0.0789375752210617,0.10359077155590057,0.0,60,R1,0.0,0.0
zero,0,RELLIS-3D,0.0,00003_001102_04,0,0,0.07867604494094849,0.1061236560344696,0.0,72,R1,0.0,0.0
learned,0,RELLIS-3D,0.0,00003_001102_04,0,0,0.07867604494094849,0.1061236560344696,0.0,72,R1,0.0,0.0
fixed,0,RELLIS-3D,0.0,00003_001102_04,0,0,0.07867604494094849,0.1061236560344696,0.0,72,R1,0.0,0.0
zero,0,RELLIS-3D,0.0,00003_001102_05,0,0,0.09855591505765915,0.12110161781311035,0.0,0,R1,0.0,0.0
learned,0,RELLIS-3D,0.0,00003_001102_05,0,0,0.09855591505765915,0.12110161781311035,0.0,0,R1,0.0,0.0
fixed,0,RELLIS-3D,0.0,00003_001102_05,0,0,0.09855591505765915,0.12110161781311035,0.0,0,R1,0.0,0.0
zero,0,RELLIS-3D,0.0,00003_001102_05,0,0,0.10761019587516785,0.1285591870546341,0.0,12,R1,0.0,0.0
learned,0,RELLIS-3D,0.0,00003_001102_05,0,0,0.10761019587516785,0.1285591870546341,0.0,12,R1,0.0,0.0
fixed,0,RELLIS-3D,0.0,00003_001102_05,0,0,0.10761019587516785,0.1285591870546341,0.0,12,R1,0.0,0.0
zero,0,RELLIS-3D,0.0,00003_001102_05,0,0,0.09969502687454224,0.12268795073032379,0.0,24,R1,0.0,0.0
learned,0,RELLIS-3D,0.0,00003_001102_05,0,0,0.09969502687454224,0.12268795073032379,0.0,24,R1,0.0,0.0
fixed,0,RELLIS-3D,0.0,00003_001102_05,0,0,0.09969502687454224,0.12268795073032379,0.0,24,R1,0.0,0.0
zero,0,RELLIS-3D,0.0,00003_001102_05,0,0,0.08516539633274078,0.11618402600288391,0.0,36,R1,0.0,0.0
learned,0,RELLIS-3D,0.0,00003_001102_05,0,0,0.08516539633274078,0.11618402600288391,0.0,36,R1,0.0,0.0
fixed,0,RELLIS-3D,0.0,00003_001102_05,0,0,0.08516539633274078,0.11618402600288391,0.0,36,R1,0.0,0.0
zero,0,RELLIS-3D,0.0,00003_001102_05,0,0,0.07869462668895721,0.10853414237499237,0.0,48,R1,0.0,0.0
learned,0,RELLIS-3D,0.0,00003_001102_05,0,0,0.07869462668895721,0.10853414237499237,0.0,48,R1,0.0,0.0
fixed,0,RELLIS-3D,0.0,00003_001102_05,0,0,0.07869462668895721,0.10853414237499237,0.0,48,R1,0.0,0.0
zero,0,RELLIS-3D,0.0,00003_001102_05,0,0,0.0776761844754219,0.10248218476772308,0.0,60,R1,0.0,0.0
learned,0,RELLIS-3D,0.0,00003_001102_05,0,0,0.0776761844754219,0.10248218476772308,0.0,60,R1,0.0,0.0
fixed,0,RELLIS-3D,0.0,00003_001102_05,0,0,0.0776761844754219,0.10248218476772308,0.0,60,R1,0.0,0.0
zero,0,RELLIS-3D,0.0,00003_001102_06,0,1,0.11729837954044342,0.1456422507762909,0.0,0,R1,0.0,0.0
learned,0,RELLIS-3D,-0.02855582907795906,00003_001102_06,0,1,0.11729837954044342,0.1456422507762909,0.1456422507762909,0,R1,0.036180078983306885,0.009597315452992916
fixed,0,RELLIS-3D,-0.2941024899482727,00003_001102_06,0,1,0.11729837954044342,0.1456422507762909,1.5,0,R1,0.3726262152194977,0.09884475916624069
zero,0,RELLIS-3D,0.0,00003_001102_06,0,0,0.11179185658693314,0.1326979547739029,0.0,12,R1,0.0,0.0
learned,0,RELLIS-3D,0.0,00003_001102_06,0,0,0.11179185658693314,0.1326979547739029,0.0,12,R1,0.0,0.0
fixed,0,RELLIS-3D,0.0,00003_001102_06,0,0,0.11179185658693314,0.1326979547739029,0.0,12,R1,0.0,0.0
zero,0,RELLIS-3D,0.0,00003_001102_06,0,0,0.10384638607501984,0.1271287500858307,0.0,24,R1,0.0,0.0
learned,0,RELLIS-3D,0.0,00003_001102_06,0,0,0.10384638607501984,0.1271287500858307,0.0,24,R1,0.0,0.0
fixed,0,RELLIS-3D,0.0,00003_001102_06,0,0,0.10384638607501984,0.1271287500858307,0.0,24,R1,0.0,0.0
zero,0,RELLIS-3D,0.0,00003_001102_06,0,0,0.07958308607339859,0.11519433557987213,0.0,36,R1,0.0,0.0
learned,0,RELLIS-3D,0.0,00003_001102_06,0,0,0.07958308607339859,0.11519433557987213,0.0,36,R1,0.0,0.0
fixed,0,RELLIS-3D,0.0,00003_001102_06,0,0,0.07958308607339859,0.11519433557987213,0.0,36,R1,0.0,0.0
zero,0,RELLIS-3D,0.0,00003_001102_06,0,0,0.0761779174208641,0.10749377310276031,0.0,48,R1,0.0,0.0
learned,0,RELLIS-3D,0.0,00003_001102_06,0,0,0.0761779174208641,0.10749377310276031,0.0,48,R1,0.0,0.0
fixed,0,RELLIS-3D,0.0,00003_001102_06,0,0,0.0761779174208641,0.10749377310276031,0.0,48,R1,0.0,0.0
zero,0,RELLIS-3D,0.0,00003_001102_06,0,0,0.07818195968866348,0.10894828289747238,0.0,60,R1,0.0,0.0
learned,0,RELLIS-3D,0.0,00003_001102_06,0,0,0.07818195968866348,0.10894828289747238,0.0,60,R1,0.0,0.0
fixed,0,RELLIS-3D,0.0,00003_001102_06,0,0,0.07818195968866348,0.10894828289747238,0.0,60,R1,0.0,0.0
zero,0,RELLIS-3D,0.0,00003_001102_07,0,1,0.11904097348451614,0.1261514574289322,0.0,0,R1,0.0,0.0
learned,1,RELLIS-3D,0.028108883649110794,00003_001102_07,0,1,0.11904097348451614,0.1261514574289322,0.1261514574289322,0,R1,0.02812797576189041,0.0097995325922966
fixed,1,RELLIS-3D,0.3342278003692627,00003_001102_07,0,1,0.11904097348451614,0.1261514574289322,1.5,0,R1,0.33445480465888977,0.11652103066444397
zero,0,RELLIS-3D,0.0,00003_001102_07,0,0,0.1057206466794014,0.12586884200572968,0.0,12,R1,0.0,0.0
learned,0,RELLIS-3D,0.0,00003_001102_07,0,0,0.1057206466794014,0.12586884200572968,0.0,12,R1,0.0,0.0
fixed,0,RELLIS-3D,0.0,00003_001102_07,0,0,0.1057206466794014,0.12586884200572968,0.0,12,R1,0.0,0.0
zero,0,RELLIS-3D,0.0,00003_001102_07,0,0,0.08174604177474976,0.11480250209569931,0.0,24,R1,0.0,0.0
learned,0,RELLIS-3D,0.0,00003_001102_07,0,0,0.08174604177474976,0.11480250209569931,0.0,24,R1,0.0,0.0
fixed,0,RELLIS-3D,0.0,00003_001102_07,0,0,0.08174604177474976,0.11480250209569931,0.0,24,R1,0.0,0.0
zero,0,RELLIS-3D,0.0,00003_001102_07,0,0,0.07553301006555557,0.10953749716281891,0.0,36,R1,0.0,0.0
learned,0,RELLIS-3D,0.0,00003_001102_07,0,0,0.07553301006555557,0.10953749716281891,0.0,36,R1,0.0,0.0
fixed,0,RELLIS-3D,0.0,00003_001102_07,0,0,0.07553301006555557,0.10953749716281891,0.0,36,R1,0.0,0.0
zero,0,RELLIS-3D,0.0,00003_001102_07,0,0,0.07586386799812317,0.10471124947071075,0.0,48,R1,0.0,0.0
learned,0,RELLIS-3D,0.0,00003_001102_07,0,0,0.07586386799812317,0.10471124947071075,0.0,48,R1,0.0,0.0
fixed,0,RELLIS-3D,0.0,00003_001102_07,0,0,0.07586386799812317,0.10471124947071075,0.0,48,R1,0.0,0.0
zero,0,RELLIS-3D,0.0,00003_001124_00,0,1,0.09703733026981354,0.12368228286504745,0.0,0,R2,0.0,0.0
learned,0,RELLIS-3D,0.01340466644614935,00003_001124_00,0,1,0.09703733026981354,0.12368228286504745,0.12368228286504745,0,R2,0.013417684473097324,0.004583829548209906
fixed,1,RELLIS-3D,0.1625697761774063,00003_001124_00,0,1,0.09703733026981354,0.12368228286504745,1.5,0,R2,0.16272765398025513,0.05559198930859566
zero,0,RELLIS-3D,0.0,00003_001124_00,0,0,0.10624892264604568,0.12397865951061249,0.0,12,R2,0.0,0.0
learned,0,RELLIS-3D,0.0,00003_001124_00,0,0,0.10624892264604568,0.12397865951061249,0.0,12,R2,0.0,0.0
fixed,0,RELLIS-3D,0.0,00003_001124_00,0,0,0.10624892264604568,0.12397865951061249,0.0,12,R2,0.0,0.0
zero,0,RELLIS-3D,0.0,00003_001124_00,0,0,0.08855082094669342,0.11668035387992859,0.0,24,R2,0.0,0.0
learned,0,RELLIS-3D,0.0,00003_001124_00,0,0,0.08855082094669342,0.11668035387992859,0.0,24,R2,0.0,0.0
fixed,0,RELLIS-3D,0.0,00003_001124_00,0,0,0.08855082094669342,0.11668035387992859,0.0,24,R2,0.0,0.0
zero,0,RELLIS-3D,0.0,00003_001124_00,0,0,0.07700422406196594,0.1124795526266098,0.0,36,R2,0.0,0.0
learned,0,RELLIS-3D,0.0,00003_001124_00,0,0,0.07700422406196594,0.1124795526266098,0.0,36,R2,0.0,0.0
fixed,0,RELLIS-3D,0.0,00003_001124_00,0,0,0.07700422406196594,0.1124795526266098,0.0,36,R2,0.0,0.0
zero,0,RELLIS-3D,0.0,00003_001124_00,0,0,0.07662063091993332,0.10799942910671234,0.0,48,R2,0.0,0.0
learned,0,RELLIS-3D,0.0,00003_001124_00,0,0,0.07662063091993332,0.10799942910671234,0.0,48,R2,0.0,0.0
fixed,0,RELLIS-3D,0.0,00003_001124_00,0,0,0.07662063091993332,0.10799942910671234,0.0,48,R2,0.0,0.0
zero,0,RELLIS-3D,0.0,00003_001124_01,0,1,0.09457355737686157,0.12261078506708145,0.0,0,R1,0.0,0.0
learned,0,RELLIS-3D,-0.033403180539608,00003_001124_01,0,1,0.09457355737686157,0.12261078506708145,0.12261078506708145,0,R1,0.04454672709107399,0.014446353539824486
fixed,0,RELLIS-3D,-0.4086489677429199,00003_001124_01,0,1,0.09457355737686157,0.12261078506708145,1.5,0,R1,0.5449772477149963,0.1767343133687973
zero,0,RELLIS-3D,0.0,00003_001124_01,0,0,0.10337591916322708,0.1290561407804489,0.0,12,R1,0.0,0.0
learned,0,RELLIS-3D,0.0,00003_001124_01,0,0,0.10337591916322708,0.1290561407804489,0.0,12,R1,0.0,0.0
fixed,0,RELLIS-3D,0.0,00003_001124_01,0,0,0.10337591916322708,0.1290561407804489,0.0,12,R1,0.0,0.0
zero,0,RELLIS-3D,0.0,00003_001124_01,0,0,0.09361486881971359,0.12093686312437057,0.0,24,R1,0.0,0.0
learned,0,RELLIS-3D,0.0,00003_001124_01,0,0,0.09361486881971359,0.12093686312437057,0.0,24,R1,0.0,0.0
fixed,0,RELLIS-3D,0.0,00003_001124_01,0,0,0.09361486881971359,0.12093686312437057,0.0,24,R1,0.0,0.0
zero,0,RELLIS-3D,0.0,00003_001124_01,0,0,0.08395956456661224,0.11536716669797897,0.0,36,R1,0.0,0.0
learned,0,RELLIS-3D,0.0,00003_001124_01,0,0,0.08395956456661224,0.11536716669797897,0.0,36,R1,0.0,0.0
fixed,0,RELLIS-3D,0.0,00003_001124_01,0,0,0.08395956456661224,0.11536716669797897,0.0,36,R1,0.0,0.0
zero,0,RELLIS-3D,0.0,00003_001124_01,0,0,0.07790084183216095,0.1081933006644249,0.0,48,R1,0.0,0.0
learned,0,RELLIS-3D,0.0,00003_001124_01,0,0,0.07790084183216095,0.1081933006644249,0.0,48,R1,0.0,0.0
fixed,0,RELLIS-3D,0.0,00003_001124_01,0,0,0.07790084183216095,0.1081933006644249,0.0,48,R1,0.0,0.0
zero,0,RELLIS-3D,0.0,00003_001124_02,0,0,0.037987228482961655,0.07055360078811646,0.0,0,R3,0.0,0.0
learned,0,RELLIS-3D,0.0,00003_001124_02,0,0,0.037987228482961655,0.07055360078811646,0.0,0,R3,0.0,0.0
fixed,0,RELLIS-3D,0.0,00003_001124_02,0,0,0.037987228482961655,0.07055360078811646,0.0,0,R3,0.0,0.0
zero,0,RELLIS-3D,0.0,00003_001124_02,0,0,0.08662974834442139,0.11046680808067322,0.0,12,R3,0.0,0.0
learned,0,RELLIS-3D,0.0,00003_001124_02,0,0,0.08662974834442139,0.11046680808067322,0.0,12,R3,0.0,0.0
fixed,0,RELLIS-3D,0.0,00003_001124_02,0,0,0.08662974834442139,0.11046680808067322,0.0,12,R3,0.0,0.0
zero,0,RELLIS-3D,0.0,00003_001124_02,0,0,0.078380286693573,0.11276040971279144,0.0,24,R3,0.0,0.0
learned,0,RELLIS-3D,0.0,00003_001124_02,0,0,0.078380286693573,0.11276040971279144,0.0,24,R3,0.0,0.0
fixed,0,RELLIS-3D,0.0,00003_001124_02,0,0,0.078380286693573,0.11276040971279144,0.0,24,R3,0.0,0.0
zero,0,RELLIS-3D,0.0,00003_001124_02,0,0,0.074578657746315,0.10777231305837631,0.0,36,R3,0.0,0.0
learned,0,RELLIS-3D,0.0,00003_001124_02,0,0,0.074578657746315,0.10777231305837631,0.0,36,R3,0.0,0.0
fixed,0,RELLIS-3D,0.0,00003_001124_02,0,0,0.074578657746315,0.10777231305837631,0.0,36,R3,0.0,0.0
zero,0,RELLIS-3D,0.0,00003_001124_02,0,0,0.07526685297489166,0.10503798723220825,0.0,48,R3,0.0,0.0
learned,0,RELLIS-3D,0.0,00003_001124_02,0,0,0.07526685297489166,0.10503798723220825,0.0,48,R3,0.0,0.0
fixed,0,RELLIS-3D,0.0,00003_001124_02,0,0,0.07526685297489166,0.10503798723220825,0.0,48,R3,0.0,0.0
zero,0,RELLIS-3D,0.0,00003_001124_03,0,1,0.07150682806968689,0.0989641323685646,0.0,0,R1,0.0,0.0
learned,0,RELLIS-3D,0.0026603112928569317,00003_001124_03,0,1,0.07150682806968689,0.0989641323685646,0.0989641323685646,0,R1,0.0038636880926787853,0.0015705915866419673
fixed,1,RELLIS-3D,0.040322355926036835,00003_001124_03,0,1,0.07150682806968689,0.0989641323685646,1.5,0,R1,0.05856194347143173,0.023805467411875725
zero,0,RELLIS-3D,0.0,00003_001124_03,0,0,0.10773808509111404,0.1268509179353714,0.0,12,R1,0.0,0.0
learned,0,RELLIS-3D,0.0,00003_001124_03,0,0,0.10773808509111404,0.1268509179353714,0.0,12,R1,0.0,0.0
fixed,0,RELLIS-3D,0.0,00003_001124_03,0,0,0.10773808509111404,0.1268509179353714,0.0,12,R1,0.0,0.0
zero,0,RELLIS-3D,0.0,00003_001124_03,0,0,0.10495997220277786,0.12154725193977356,0.0,24,R1,0.0,0.0
learned,0,RELLIS-3D,0.0,00003_001124_03,0,0,0.10495997220277786,0.12154725193977356,0.0,24,R1,0.0,0.0
fixed,0,RELLIS-3D,0.0,00003_001124_03,0,0,0.10495997220277786,0.12154725193977356,0.0,24,R1,0.0,0.0
zero,0,RELLIS-3D,0.0,00003_001124_03,0,0,0.08080820739269257,0.11094532161951065,0.0,36,R1,0.0,0.0
learned,0,RELLIS-3D,0.0,00003_001124_03,0,0,0.08080820739269257,0.11094532161951065,0.0,36,R1,0.0,0.0
fixed,0,RELLIS-3D,0.0,00003_001124_03,0,0,0.08080820739269257,0.11094532161951065,0.0,36,R1,0.0,0.0
zero,0,RELLIS-3D,0.0,00003_001124_03,0,0,0.07434310019016266,0.10945058614015579,0.0,48,R1,0.0,0.0
learned,0,RELLIS-3D,0.0,00003_001124_03,0,0,0.07434310019016266,0.10945058614015579,0.0,48,R1,0.0,0.0
fixed,0,RELLIS-3D,0.0,00003_001124_03,0,0,0.07434310019016266,0.10945058614015579,0.0,48,R1,0.0,0.0
zero,0,RELLIS-3D,0.0,00003_001124_03,0,0,0.07754351943731308,0.10671570897102356,0.0,60,R1,0.0,0.0
learned,0,RELLIS-3D,0.0,00003_001124_03,0,0,0.07754351943731308,0.10671570897102356,0.0,60,R1,0.0,0.0
fixed,0,RELLIS-3D,0.0,00003_001124_03,0,0,0.07754351943731308,0.10671570897102356,0.0,60,R1,0.0,0.0
zero,0,RELLIS-3D,0.0,00003_001124_04,0,1,0.07362235337495804,0.09936857223510742,0.0,0,R1,0.0,0.0
learned,0,RELLIS-3D,0.010748710483312607,00003_001124_04,0,1,0.07362235337495804,0.09936857223510742,0.09936857223510742,0,R1,0.03145749866962433,0.03142707049846649
fixed,1,RELLIS-3D,0.1622551679611206,00003_001124_04,0,1,0.07362235337495804,0.09936857223510742,1.5,0,R1,0.4748608469963074,0.4744015634059906
zero,0,RELLIS-3D,0.0,00003_001124_04,0,0,0.10624892264604568,0.12397865951061249,0.0,12,R1,0.0,0.0
learned,0,RELLIS-3D,0.0,00003_001124_04,0,0,0.10624892264604568,0.12397865951061249,0.0,12,R1,0.0,0.0
fixed,0,RELLIS-3D,0.0,00003_001124_04,0,0,0.10624892264604568,0.12397865951061249,0.0,12,R1,0.0,0.0
zero,0,RELLIS-3D,0.0,00003_001124_04,0,0,0.08905898034572601,0.11264070123434067,0.0,24,R1,0.0,0.0
learned,0,RELLIS-3D,0.0,00003_001124_04,0,0,0.08905898034572601,0.11264070123434067,0.0,24,R1,0.0,0.0
fixed,0,RELLIS-3D,0.0,00003_001124_04,0,0,0.08905898034572601,0.11264070123434067,0.0,24,R1,0.0,0.0
zero,0,RELLIS-3D,0.0,00003_001124_04,0,0,0.07590433955192566,0.11061679571866989,0.0,36,R1,0.0,0.0
learned,0,RELLIS-3D,0.0,00003_001124_04,0,0,0.07590433955192566,0.11061679571866989,0.0,36,R1,0.0,0.0
fixed,0,RELLIS-3D,0.0,00003_001124_04,0,0,0.07590433955192566,0.11061679571866989,0.0,36,R1,0.0,0.0
zero,0,RELLIS-3D,0.0,00003_001124_04,0,0,0.07527405023574829,0.10399430990219116,0.0,48,R1,0.0,0.0
learned,0,RELLIS-3D,0.0,00003_001124_04,0,0,0.07527405023574829,0.10399430990219116,0.0,48,R1,0.0,0.0
fixed,0,RELLIS-3D,0.0,00003_001124_04,0,0,0.07527405023574829,0.10399430990219116,0.0,48,R1,0.0,0.0
zero,0,RELLIS-3D,0.0,00003_001124_04,0,0,0.0777219906449318,0.1069873720407486,0.0,60,R1,0.0,0.0
learned,0,RELLIS-3D,0.0,00003_001124_04,0,0,0.0777219906449318,0.1069873720407486,0.0,60,R1,0.0,0.0
fixed,0,RELLIS-3D,0.0,00003_001124_04,0,0,0.0777219906449318,0.1069873720407486,0.0,60,R1,0.0,0.0
zero,0,RELLIS-3D,0.0,00003_001124_05,0,0,0.06398714333772659,0.09566128998994827,0.0,0,R1,0.0,0.0
learned,0,RELLIS-3D,0.0,00003_001124_05,0,0,0.06398714333772659,0.09566128998994827,0.0,0,R1,0.0,0.0
fixed,0,RELLIS-3D,0.0,00003_001124_05,0,0,0.06398714333772659,0.09566128998994827,0.0,0,R1,0.0,0.0
zero,0,RELLIS-3D,0.0,00003_001124_05,0,0,0.10330848395824432,0.12190115451812744,0.0,12,R1,0.0,0.0
learned,0,RELLIS-3D,0.0,00003_001124_05,0,0,0.10330848395824432,0.12190115451812744,0.0,12,R1,0.0,0.0
fixed,0,RELLIS-3D,0.0,00003_001124_05,0,0,0.10330848395824432,0.12190115451812744,0.0,12,R1,0.0,0.0
zero,0,RELLIS-3D,0.0,00003_001124_05,0,0,0.09605836123228073,0.11251173168420792,0.0,24,R1,0.0,0.0
learned,0,RELLIS-3D,0.0,00003_001124_05,0,0,0.09605836123228073,0.11251173168420792,0.0,24,R1,0.0,0.0
fixed,0,RELLIS-3D,0.0,00003_001124_05,0,0,0.09605836123228073,0.11251173168420792,0.0,24,R1,0.0,0.0
zero,0,RELLIS-3D,0.0,00003_001124_05,0,0,0.08081504702568054,0.11266041547060013,0.0,36,R1,0.0,0.0
learned,0,RELLIS-3D,0.0,00003_001124_05,0,0,0.08081504702568054,0.11266041547060013,0.0,36,R1,0.0,0.0
fixed,0,RELLIS-3D,0.0,00003_001124_05,0,0,0.08081504702568054,0.11266041547060013,0.0,36,R1,0.0,0.0
zero,0,RELLIS-3D,0.0,00003_001124_05,0,1,0.07557784765958786,0.10375316441059113,0.0,48,R1,0.0,0.0
learned,0,RELLIS-3D,0.006401518825441599,00003_001124_05,0,1,0.07557784765958786,0.10375316441059113,0.10375316441059113,48,R1,0.006910067051649094,0.006909913849085569
fixed,1,RELLIS-3D,0.09254925698041916,00003_001124_05,0,1,0.07557784765958786,0.10375316441059113,1.5,48,R1,0.09990153461694717,0.09989932179450989
zero,0,RELLIS-3D,0.0,00003_001124_06,0,0,0.04463985189795494,0.08015844970941544,0.0,0,R3,0.0,0.0
learned,0,RELLIS-3D,0.0,00003_001124_06,0,0,0.04463985189795494,0.08015844970941544,0.0,0,R3,0.0,0.0
fixed,0,RELLIS-3D,0.0,00003_001124_06,0,0,0.04463985189795494,0.08015844970941544,0.0,0,R3,0.0,0.0
zero,0,RELLIS-3D,0.0,00003_001124_06,0,1,0.08625458180904388,0.11488446593284607,0.0,12,R3,0.0,0.0
learned,0,RELLIS-3D,-0.002466669073328376,00003_001124_06,0,1,0.08625458180904388,0.11488446593284607,0.11488446593284607,12,R3,0.004352950025349855,0.00236963527277112
fixed,0,RELLIS-3D,-0.032206300646066666,00003_001124_06,0,1,0.08625458180904388,0.11488446593284607,1.5,12,R3,0.05683470889925957,0.030939370393753052
zero,0,RELLIS-3D,0.0,00003_001124_06,0,0,0.10446559637784958,0.12262721359729767,0.0,24,R3,0.0,0.0
learned,0,RELLIS-3D,0.0,00003_001124_06,0,0,0.10446559637784958,0.12262721359729767,0.0,24,R3,0.0,0.0
fixed,0,RELLIS-3D,0.0,00003_001124_06,0,0,0.10446559637784958,0.12262721359729767,0.0,24,R3,0.0,0.0
zero,0,RELLIS-3D,0.0,00003_001124_06,0,0,0.08116509020328522,0.11738316714763641,0.0,36,R3,0.0,0.0
learned,0,RELLIS-3D,0.0,00003_001124_06,0,0,0.08116509020328522,0.11738316714763641,0.0,36,R3,0.0,0.0
fixed,0,RELLIS-3D,0.0,00003_001124_06,0,0,0.08116509020328522,0.11738316714763641,0.0,36,R3,0.0,0.0
zero,0,RELLIS-3D,0.0,00003_001124_06,0,0,0.078659787774086,0.11052587628364563,0.0,48,R3,0.0,0.0
learned,0,RELLIS-3D,0.0,00003_001124_06,0,0,0.078659787774086,0.11052587628364563,0.0,48,R3,0.0,0.0
fixed,0,RELLIS-3D,0.0,00003_001124_06,0,0,0.078659787774086,0.11052587628364563,0.0,48,R3,0.0,0.0
zero,0,RELLIS-3D,0.0,00003_001124_06,0,0,0.07872787117958069,0.10888852924108505,0.0,60,R3,0.0,0.0
learned,0,RELLIS-3D,0.0,00003_001124_06,0,0,0.07872787117958069,0.10888852924108505,0.0,60,R3,0.0,0.0
fixed,0,RELLIS-3D,0.0,00003_001124_06,0,0,0.07872787117958069,0.10888852924108505,0.0,60,R3,0.0,0.0
zero,0,RELLIS-3D,0.0,00003_001124_07,0,0,0.10588742047548294,0.12827228009700775,0.0,0,R2,0.0,0.0
learned,0,RELLIS-3D,0.0,00003_001124_07,0,0,0.10588742047548294,0.12827228009700775,0.0,0,R2,0.0,0.0
fixed,0,RELLIS-3D,0.0,00003_001124_07,0,0,0.10588742047548294,0.12827228009700775,0.0,0,R2,0.0,0.0
zero,0,RELLIS-3D,0.0,00003_001124_07,0,0,0.10696134716272354,0.1282399594783783,0.0,12,R2,0.0,0.0
learned,0,RELLIS-3D,0.0,00003_001124_07,0,0,0.10696134716272354,0.1282399594783783,0.0,12,R2,0.0,0.0
fixed,0,RELLIS-3D,0.0,00003_001124_07,0,0,0.10696134716272354,0.1282399594783783,0.0,12,R2,0.0,0.0
zero,0,RELLIS-3D,0.0,00003_001124_07,0,0,0.10398279875516891,0.12183712422847748,0.0,24,R2,0.0,0.0
learned,0,RELLIS-3D,0.0,00003_001124_07,0,0,0.10398279875516891,0.12183712422847748,0.0,24,R2,0.0,0.0
fixed,0,RELLIS-3D,0.0,00003_001124_07,0,0,0.10398279875516891,0.12183712422847748,0.0,24,R2,0.0,0.0
zero,0,RELLIS-3D,0.0,00003_001124_07,0,0,0.08255060762166977,0.11839107424020767,0.0,36,R2,0.0,0.0
learned,0,RELLIS-3D,0.0,00003_001124_07,0,0,0.08255060762166977,0.11839107424020767,0.0,36,R2,0.0,0.0
fixed,0,RELLIS-3D,0.0,00003_001124_07,0,0,0.08255060762166977,0.11839107424020767,0.0,36,R2,0.0,0.0
zero,0,RELLIS-3D,0.0,00003_001124_07,0,0,0.07752000540494919,0.10857024788856506,0.0,48,R2,0.0,0.0
learned,0,RELLIS-3D,0.0,00003_001124_07,0,0,0.07752000540494919,0.10857024788856506,0.0,48,R2,0.0,0.0
fixed,0,RELLIS-3D,0.0,00003_001124_07,0,0,0.07752000540494919,0.10857024788856506,0.0,48,R2,0.0,0.0
zero,0,RELLIS-3D,0.0,00003_001124_07,0,0,0.07832550257444382,0.10957367718219757,0.0,60,R2,0.0,0.0
learned,0,RELLIS-3D,0.0,00003_001124_07,0,0,0.07832550257444382,0.10957367718219757,0.0,60,R2,0.0,0.0
fixed,0,RELLIS-3D,0.0,00003_001124_07,0,0,0.07832550257444382,0.10957367718219757,0.0,60,R2,0.0,0.0
zero,0,RELLIS-3D,0.0,00003_001124_07,0,0,0.07856903970241547,0.10578149557113647,0.0,72,R2,0.0,0.0
learned,0,RELLIS-3D,0.0,00003_001124_07,0,0,0.07856903970241547,0.10578149557113647,0.0,72,R2,0.0,0.0
fixed,0,RELLIS-3D,0.0,00003_001124_07,0,0,0.07856903970241547,0.10578149557113647,0.0,72,R2,0.0,0.0
zero,0,RELLIS-3D,0.0,00003_000455_00,0,0,0.10332749038934708,0.1277165710926056,0.0,0,R1,0.0,0.0
learned,0,RELLIS-3D,0.0,00003_000455_00,0,0,0.10332749038934708,0.1277165710926056,0.0,0,R1,0.0,0.0
fixed,0,RELLIS-3D,0.0,00003_000455_00,0,0,0.10332749038934708,0.1277165710926056,0.0,0,R1,0.0,0.0
zero,0,RELLIS-3D,0.0,00003_000455_00,0,0,0.08920805156230927,0.11601275205612183,0.0,12,R1,0.0,0.0
learned,0,RELLIS-3D,0.0,00003_000455_00,0,0,0.08920805156230927,0.11601275205612183,0.0,12,R1,0.0,0.0
fixed,0,RELLIS-3D,0.0,00003_000455_00,0,0,0.08920805156230927,0.11601275205612183,0.0,12,R1,0.0,0.0
zero,0,RELLIS-3D,0.0,00003_000455_00,0,0,0.07731922715902328,0.10838470607995987,0.0,24,R1,0.0,0.0
learned,0,RELLIS-3D,0.0,00003_000455_00,0,0,0.07731922715902328,0.10838470607995987,0.0,24,R1,0.0,0.0
fixed,0,RELLIS-3D,0.0,00003_000455_00,0,0,0.07731922715902328,0.10838470607995987,0.0,24,R1,0.0,0.0
zero,0,RELLIS-3D,0.0,00003_000455_00,0,0,0.06762871146202087,0.09843817353248596,0.0,36,R1,0.0,0.0
learned,0,RELLIS-3D,0.0,00003_000455_00,0,0,0.06762871146202087,0.09843817353248596,0.0,36,R1,0.0,0.0
fixed,0,RELLIS-3D,0.0,00003_000455_00,0,0,0.06762871146202087,0.09843817353248596,0.0,36,R1,0.0,0.0
zero,0,RELLIS-3D,0.0,00003_000455_00,0,0,0.0706285908818245,0.10111382603645325,0.0,48,R1,0.0,0.0
learned,0,RELLIS-3D,0.0,00003_000455_00,0,0,0.0706285908818245,0.10111382603645325,0.0,48,R1,0.0,0.0
fixed,0,RELLIS-3D,0.0,00003_000455_00,0,0,0.0706285908818245,0.10111382603645325,0.0,48,R1,0.0,0.0
zero,0,RELLIS-3D,0.0,00003_000455_00,0,0,0.07570797204971313,0.10274223238229752,0.0,60,R1,0.0,0.0
learned,0,RELLIS-3D,0.0,00003_000455_00,0,0,0.07570797204971313,0.10274223238229752,0.0,60,R1,0.0,0.0
fixed,0,RELLIS-3D,0.0,00003_000455_00,0,0,0.07570797204971313,0.10274223238229752,0.0,60,R1,0.0,0.0
zero,0,RELLIS-3D,0.0,00003_000455_00,0,0,0.07837565243244171,0.11186335235834122,0.0,72,R1,0.0,0.0
learned,0,RELLIS-3D,0.0,00003_000455_00,0,0,0.07837565243244171,0.11186335235834122,0.0,72,R1,0.0,0.0
fixed,0,RELLIS-3D,0.0,00003_000455_00,0,0,0.07837565243244171,0.11186335235834122,0.0,72,R1,0.0,0.0
zero,0,RELLIS-3D,0.0,00003_000455_01,0,1,0.10712888836860657,0.12720903754234314,0.0,0,R1,0.0,0.0
learned,0,RELLIS-3D,-0.010297189466655254,00003_000455_01,0,1,0.10712888836860657,0.12720903754234314,0.12720903754234314,0,R1,0.023624813184142113,0.01570354960858822
fixed,0,RELLIS-3D,-0.1214204952120781,00003_000455_01,0,1,0.10712888836860657,0.12720903754234314,1.5,0,R1,0.27857470512390137,0.1851702183485031
zero,0,RELLIS-3D,0.0,00003_000455_01,0,0,0.10103621333837509,0.12151442468166351,0.0,12,R1,0.0,0.0
learned,0,RELLIS-3D,0.0,00003_000455_01,0,0,0.10103621333837509,0.12151442468166351,0.0,12,R1,0.0,0.0
fixed,0,RELLIS-3D,0.0,00003_000455_01,0,0,0.10103621333837509,0.12151442468166351,0.0,12,R1,0.0,0.0
zero,0,RELLIS-3D,0.0,00003_000455_01,0,0,0.08948550373315811,0.1167023628950119,0.0,24,R1,0.0,0.0
learned,0,RELLIS-3D,0.0,00003_000455_01,0,0,0.08948550373315811,0.1167023628950119,0.0,24,R1,0.0,0.0
fixed,0,RELLIS-3D,0.0,00003_000455_01,0,0,0.08948550373315811,0.1167023628950119,0.0,24,R1,0.0,0.0
zero,0,RELLIS-3D,0.0,00003_000455_01,0,0,0.06780936568975449,0.0991288274526596,0.0,36,R1,0.0,0.0
learned,0,RELLIS-3D,0.0,00003_000455_01,0,0,0.06780936568975449,0.0991288274526596,0.0,36,R1,0.0,0.0
fixed,0,RELLIS-3D,0.0,00003_000455_01,0,0,0.06780936568975449,0.0991288274526596,0.0,36,R1,0.0,0.0
zero,0,RELLIS-3D,0.0,00003_000455_01,0,0,0.07655633985996246,0.10797516256570816,0.0,48,R1,0.0,0.0
learned,0,RELLIS-3D,0.0,00003_000455_01,0,0,0.07655633985996246,0.10797516256570816,0.0,48,R1,0.0,0.0
fixed,0,RELLIS-3D,0.0,00003_000455_01,0,0,0.07655633985996246,0.10797516256570816,0.0,48,R1,0.0,0.0
zero,0,RELLIS-3D,0.0,00003_000455_02,0,0,0.12387033551931381,0.1416974514722824,0.0,0,R3,0.0,0.0
learned,0,RELLIS-3D,0.0,00003_000455_02,0,0,0.12387033551931381,0.1416974514722824,0.0,0,R3,0.0,0.0
fixed,0,RELLIS-3D,0.0,00003_000455_02,0,0,0.12387033551931381,0.1416974514722824,0.0,0,R3,0.0,0.0
zero,0,RELLIS-3D,0.0,00003_000455_02,0,0,0.10792312026023865,0.12767380475997925,0.0,12,R3,0.0,0.0
learned,0,RELLIS-3D,0.0,00003_000455_02,0,0,0.10792312026023865,0.12767380475997925,0.0,12,R3,0.0,0.0
fixed,0,RELLIS-3D,0.0,00003_000455_02,0,0,0.10792312026023865,0.12767380475997925,0.0,12,R3,0.0,0.0
zero,0,RELLIS-3D,0.0,00003_000455_02,0,0,0.09905398637056351,0.11689026653766632,0.0,24,R3,0.0,0.0
learned,0,RELLIS-3D,0.0,00003_000455_02,0,0,0.09905398637056351,0.11689026653766632,0.0,24,R3,0.0,0.0
fixed,0,RELLIS-3D,0.0,00003_000455_02,0,0,0.09905398637056351,0.11689026653766632,0.0,24,R3,0.0,0.0
zero,0,RELLIS-3D,0.0,00003_000455_02,0,0,0.08310601115226746,0.10718660056591034,0.0,36,R3,0.0,0.0
learned,0,RELLIS-3D,0.0,00003_000455_02,0,0,0.08310601115226746,0.10718660056591034,0.0,36,R3,0.0,0.0
fixed,0,RELLIS-3D,0.0,00003_000455_02,0,0,0.08310601115226746,0.10718660056591034,0.0,36,R3,0.0,0.0
zero,0,RELLIS-3D,0.0,00003_000455_02,0,0,0.07657315582036972,0.10401824116706848,0.0,48,R3,0.0,0.0
learned,0,RELLIS-3D,0.0,00003_000455_02,0,0,0.07657315582036972,0.10401824116706848,0.0,48,R3,0.0,0.0
fixed,0,RELLIS-3D,0.0,00003_000455_02,0,0,0.07657315582036972,0.10401824116706848,0.0,48,R3,0.0,0.0
zero,0,RELLIS-3D,0.0,00003_000455_02,0,0,0.07369174063205719,0.1033753901720047,0.0,60,R3,0.0,0.0
learned,0,RELLIS-3D,0.0,00003_000455_02,0,0,0.07369174063205719,0.1033753901720047,0.0,60,R3,0.0,0.0
fixed,0,RELLIS-3D,0.0,00003_000455_02,0,0,0.07369174063205719,0.1033753901720047,0.0,60,R3,0.0,0.0
zero,0,RELLIS-3D,0.0,00003_000455_03,0,1,0.09934261441230774,0.12173596024513245,0.0,0,R1,0.0,0.0
learned,0,RELLIS-3D,-0.0308699868619442,00003_000455_03,0,1,0.09934261441230774,0.12173596024513245,0.12173596024513245,0,R1,0.03137854486703873,0.00661527318879962
fixed,0,RELLIS-3D,-0.38037222623825073,00003_000455_03,0,1,0.09934261441230774,0.12173596024513245,1.5,0,R1,0.3866385519504547,0.0815117284655571
zero,0,RELLIS-3D,0.0,00003_000455_03,0,0,0.0936838835477829,0.11474309861660004,0.0,12,R1,0.0,0.0
learned,0,RELLIS-3D,0.0,00003_000455_03,0,0,0.0936838835477829,0.11474309861660004,0.0,12,R1,0.0,0.0
fixed,0,RELLIS-3D,0.0,00003_000455_03,0,0,0.0936838835477829,0.11474309861660004,0.0,12,R1,0.0,0.0
zero,0,RELLIS-3D,0.0,00003_000455_03,0,0,0.08186008781194687,0.10743024945259094,0.0,24,R1,0.0,0.0
learned,0,RELLIS-3D,0.0,00003_000455_03,0,0,0.08186008781194687,0.10743024945259094,0.0,24,R1,0.0,0.0
fixed,0,RELLIS-3D,0.0,00003_000455_03,0,0,0.08186008781194687,0.10743024945259094,0.0,24,R1,0.0,0.0
zero,0,RELLIS-3D,0.0,00003_000455_03,0,0,0.07522380352020264,0.10346168279647827,0.0,36,R1,0.0,0.0
learned,0,RELLIS-3D,0.0,00003_000455_03,0,0,0.07522380352020264,0.10346168279647827,0.0,36,R1,0.0,0.0
fixed,0,RELLIS-3D,0.0,00003_000455_03,0,0,0.07522380352020264,0.10346168279647827,0.0,36,R1,0.0,0.0
zero,0,RELLIS-3D,0.0,00003_000455_03,0,0,0.0715675875544548,0.09925183653831482,0.0,48,R1,0.0,0.0
learned,0,RELLIS-3D,0.0,00003_000455_03,0,0,0.0715675875544548,0.09925183653831482,0.0,48,R1,0.0,0.0
fixed,0,RELLIS-3D,0.0,00003_000455_03,0,0,0.0715675875544548,0.09925183653831482,0.0,48,R1,0.0,0.0
zero,0,RELLIS-3D,0.0,00003_000455_03,0,0,0.0725037008523941,0.10207656770944595,0.0,60,R1,0.0,0.0
learned,0,RELLIS-3D,0.0,00003_000455_03,0,0,0.0725037008523941,0.10207656770944595,0.0,60,R1,0.0,0.0
fixed,0,RELLIS-3D,0.0,00003_000455_03,0,0,0.0725037008523941,0.10207656770944595,0.0,60,R1,0.0,0.0
zero,0,RELLIS-3D,0.0,00003_000455_04,0,0,0.11488881707191467,0.13653536140918732,0.0,0,R1,0.0,0.0
learned,0,RELLIS-3D,0.0,00003_000455_04,0,0,0.11488881707191467,0.13653536140918732,0.0,0,R1,0.0,0.0
fixed,0,RELLIS-3D,0.0,00003_000455_04,0,0,0.11488881707191467,0.13653536140918732,0.0,0,R1,0.0,0.0
zero,0,RELLIS-3D,0.0,00003_000455_04,0,0,0.09964345395565033,0.12084944546222687,0.0,12,R1,0.0,0.0
learned,0,RELLIS-3D,0.0,00003_000455_04,0,0,0.09964345395565033,0.12084944546222687,0.0,12,R1,0.0,0.0
fixed,0,RELLIS-3D,0.0,00003_000455_04,0,0,0.09964345395565033,0.12084944546222687,0.0,12,R1,0.0,0.0
zero,0,RELLIS-3D,0.0,00003_000455_04,0,0,0.0905313789844513,0.11477714776992798,0.0,24,R1,0.0,0.0
learned,0,RELLIS-3D,0.0,00003_000455_04,0,0,0.0905313789844513,0.11477714776992798,0.0,24,R1,0.0,0.0
fixed,0,RELLIS-3D,0.0,00003_000455_04,0,0,0.0905313789844513,0.11477714776992798,0.0,24,R1,0.0,0.0
zero,0,RELLIS-3D,0.0,00003_000455_04,0,0,0.07330634444952011,0.10242944955825806,0.0,36,R1,0.0,0.0
learned,0,RELLIS-3D,0.0,00003_000455_04,0,0,0.07330634444952011,0.10242944955825806,0.0,36,R1,0.0,0.0
fixed,0,RELLIS-3D,0.0,00003_000455_04,0,0,0.07330634444952011,0.10242944955825806,0.0,36,R1,0.0,0.0
zero,0,RELLIS-3D,0.0,00003_000455_04,0,0,0.07247758656740189,0.10256430506706238,0.0,48,R1,0.0,0.0
learned,0,RELLIS-3D,0.0,00003_000455_04,0,0,0.07247758656740189,0.10256430506706238,0.0,48,R1,0.0,0.0
fixed,0,RELLIS-3D,0.0,00003_000455_04,0,0,0.07247758656740189,0.10256430506706238,0.0,48,R1,0.0,0.0
zero,0,RELLIS-3D,0.0,00003_000455_04,0,0,0.075781911611557,0.10600652545690536,0.0,60,R1,0.0,0.0
learned,0,RELLIS-3D,0.0,00003_000455_04,0,0,0.075781911611557,0.10600652545690536,0.0,60,R1,0.0,0.0
fixed,0,RELLIS-3D,0.0,00003_000455_04,0,0,0.075781911611557,0.10600652545690536,0.0,60,R1,0.0,0.0
zero,0,RELLIS-3D,0.0,00003_000455_04,0,0,0.07724679261445999,0.11788861453533173,0.0,72,R1,0.0,0.0
learned,0,RELLIS-3D,0.0,00003_000455_04,0,0,0.07724679261445999,0.11788861453533173,0.0,72,R1,0.0,0.0
fixed,0,RELLIS-3D,0.0,00003_000455_04,0,0,0.07724679261445999,0.11788861453533173,0.0,72,R1,0.0,0.0
zero,0,RELLIS-3D,0.0,00003_000455_05,0,0,0.10782399773597717,0.13189835846424103,0.0,0,R1,0.0,0.0
learned,0,RELLIS-3D,0.0,00003_000455_05,0,0,0.10782399773597717,0.13189835846424103,0.0,0,R1,0.0,0.0
fixed,0,RELLIS-3D,0.0,00003_000455_05,0,0,0.10782399773597717,0.13189835846424103,0.0,0,R1,0.0,0.0
zero,0,RELLIS-3D,0.0,00003_000455_05,0,0,0.08607377111911774,0.11200180649757385,0.0,12,R1,0.0,0.0
learned,0,RELLIS-3D,0.0,00003_000455_05,0,0,0.08607377111911774,0.11200180649757385,0.0,12,R1,0.0,0.0
fixed,0,RELLIS-3D,0.0,00003_000455_05,0,0,0.08607377111911774,0.11200180649757385,0.0,12,R1,0.0,0.0
zero,0,RELLIS-3D,0.0,00003_000455_05,0,0,0.0697518065571785,0.10089118778705597,0.0,24,R1,0.0,0.0
learned,0,RELLIS-3D,0.0,00003_000455_05,0,0,0.0697518065571785,0.10089118778705597,0.0,24,R1,0.0,0.0
fixed,0,RELLIS-3D,0.0,00003_000455_05,0,0,0.0697518065571785,0.10089118778705597,0.0,24,R1,0.0,0.0
zero,0,RELLIS-3D,0.0,00003_000455_05,0,0,0.06904821842908859,0.09970305860042572,0.0,36,R1,0.0,0.0
learned,0,RELLIS-3D,0.0,00003_000455_05,0,0,0.06904821842908859,0.09970305860042572,0.0,36,R1,0.0,0.0
fixed,0,RELLIS-3D,0.0,00003_000455_05,0,0,0.06904821842908859,0.09970305860042572,0.0,36,R1,0.0,0.0
zero,0,RELLIS-3D,0.0,00003_000455_05,0,0,0.07161842286586761,0.10278552025556564,0.0,48,R1,0.0,0.0
learned,0,RELLIS-3D,0.0,00003_000455_05,0,0,0.07161842286586761,0.10278552025556564,0.0,48,R1,0.0,0.0
fixed,0,RELLIS-3D,0.0,00003_000455_05,0,0,0.07161842286586761,0.10278552025556564,0.0,48,R1,0.0,0.0
zero,0,RELLIS-3D,0.0,00003_000455_05,0,0,0.07417953014373779,0.10917967557907104,0.0,60,R1,0.0,0.0
learned,0,RELLIS-3D,0.0,00003_000455_05,0,0,0.07417953014373779,0.10917967557907104,0.0,60,R1,0.0,0.0
fixed,0,RELLIS-3D,0.0,00003_000455_05,0,0,0.07417953014373779,0.10917967557907104,0.0,60,R1,0.0,0.0
zero,0,RELLIS-3D,0.0,00003_000455_06,0,0,0.1187492161989212,0.13725924491882324,0.0,0,R1,0.0,0.0
learned,0,RELLIS-3D,0.0,00003_000455_06,0,0,0.1187492161989212,0.13725924491882324,0.0,0,R1,0.0,0.0
fixed,0,RELLIS-3D,0.0,00003_000455_06,0,0,0.1187492161989212,0.13725924491882324,0.0,0,R1,0.0,0.0
zero,0,RELLIS-3D,0.0,00003_000455_06,0,0,0.10526710748672485,0.12593482434749603,0.0,12,R1,0.0,0.0
learned,0,RELLIS-3D,0.0,00003_000455_06,0,0,0.10526710748672485,0.12593482434749603,0.0,12,R1,0.0,0.0
fixed,0,RELLIS-3D,0.0,00003_000455_06,0,0,0.10526710748672485,0.12593482434749603,0.0,12,R1,0.0,0.0
zero,0,RELLIS-3D,0.0,00003_000455_06,0,0,0.09727552533149719,0.11792722344398499,0.0,24,R1,0.0,0.0
learned,0,RELLIS-3D,0.0,00003_000455_06,0,0,0.09727552533149719,0.11792722344398499,0.0,24,R1,0.0,0.0
fixed,0,RELLIS-3D,0.0,00003_000455_06,0,0,0.09727552533149719,0.11792722344398499,0.0,24,R1,0.0,0.0
zero,0,RELLIS-3D,0.0,00003_000455_06,0,0,0.07895823568105698,0.1059674546122551,0.0,36,R1,0.0,0.0
learned,0,RELLIS-3D,0.0,00003_000455_06,0,0,0.07895823568105698,0.1059674546122551,0.0,36,R1,0.0,0.0
fixed,0,RELLIS-3D,0.0,00003_000455_06,0,0,0.07895823568105698,0.1059674546122551,0.0,36,R1,0.0,0.0
zero,0,RELLIS-3D,0.0,00003_000455_06,0,0,0.07388021796941757,0.10237396508455276,0.0,48,R1,0.0,0.0
learned,0,RELLIS-3D,0.0,00003_000455_06,0,0,0.07388021796941757,0.10237396508455276,0.0,48,R1,0.0,0.0
fixed,0,RELLIS-3D,0.0,00003_000455_06,0,0,0.07388021796941757,0.10237396508455276,0.0,48,R1,0.0,0.0
zero,0,RELLIS-3D,0.0,00003_000455_06,0,0,0.07175043970346451,0.09967054426670074,0.0,60,R1,0.0,0.0
learned,0,RELLIS-3D,0.0,00003_000455_06,0,0,0.07175043970346451,0.09967054426670074,0.0,60,R1,0.0,0.0
fixed,0,RELLIS-3D,0.0,00003_000455_06,0,0,0.07175043970346451,0.09967054426670074,0.0,60,R1,0.0,0.0
zero,0,RELLIS-3D,0.0,00003_000455_07,0,1,0.11057941615581512,0.12787814438343048,0.0,0,R1,0.0,0.0
learned,0,RELLIS-3D,-0.01164036151021719,00003_000455_07,0,1,0.11057941615581512,0.12787814438343048,0.12787814438343048,0,R1,0.017587432637810707,0.007725922856479883
fixed,0,RELLIS-3D,-0.1365404725074768,00003_000455_07,0,1,0.11057941615581512,0.12787814438343048,1.5,0,R1,0.20629914104938507,0.09062442928552628
zero,0,RELLIS-3D,0.0,00003_000455_07,0,0,0.0981651246547699,0.11452983319759369,0.0,12,R1,0.0,0.0
learned,0,RELLIS-3D,0.0,00003_000455_07,0,0,0.0981651246547699,0.11452983319759369,0.0,12,R1,0.0,0.0
fixed,0,RELLIS-3D,0.0,00003_000455_07,0,0,0.0981651246547699,0.11452983319759369,0.0,12,R1,0.0,0.0
zero,0,RELLIS-3D,0.0,00003_000455_07,0,0,0.0891454666852951,0.11365237832069397,0.0,24,R1,0.0,0.0
learned,0,RELLIS-3D,0.0,00003_000455_07,0,0,0.0891454666852951,0.11365237832069397,0.0,24,R1,0.0,0.0
fixed,0,RELLIS-3D,0.0,00003_000455_07,0,0,0.0891454666852951,0.11365237832069397,0.0,24,R1,0.0,0.0
zero,0,RELLIS-3D,0.0,00003_000455_07,0,0,0.07991944253444672,0.1067584678530693,0.0,36,R1,0.0,0.0
learned,0,RELLIS-3D,0.0,00003_000455_07,0,0,0.07991944253444672,0.1067584678530693,0.0,36,R1,0.0,0.0
fixed,0,RELLIS-3D,0.0,00003_000455_07,0,0,0.07991944253444672,0.1067584678530693,0.0,36,R1,0.0,0.0
zero,0,RELLIS-3D,0.0,00003_000455_07,0,0,0.07676266878843307,0.1059408113360405,0.0,48,R1,0.0,0.0
learned,0,RELLIS-3D,0.0,00003_000455_07,0,0,0.07676266878843307,0.1059408113360405,0.0,48,R1,0.0,0.0
fixed,0,RELLIS-3D,0.0,00003_000455_07,0,0,0.07676266878843307,0.1059408113360405,0.0,48,R1,0.0,0.0
zero,0,RELLIS-3D,0.0,00003_000831_00,0,1,0.08785597234964371,0.12223150581121445,0.0,0,R1,0.0,0.0
learned,0,RELLIS-3D,-0.01903688535094261,00003_000831_00,0,1,0.08785597234964371,0.12223150581121445,0.12223150581121445,0,R1,0.05864271521568298,0.04395953193306923
fixed,0,RELLIS-3D,-0.23361678421497345,00003_000831_00,0,1,0.08785597234964371,0.12223150581121445,1.5,0,R1,0.719651460647583,0.5394623875617981
zero,0,RELLIS-3D,0.0,00003_000831_00,0,0,0.08612875640392303,0.1202855333685875,0.0,12,R1,0.0,0.0
learned,0,RELLIS-3D,0.0,00003_000831_00,0,0,0.08612875640392303,0.1202855333685875,0.0,12,R1,0.0,0.0
fixed,0,RELLIS-3D,0.0,00003_000831_00,0,0,0.08612875640392303,0.1202855333685875,0.0,12,R1,0.0,0.0
zero,0,RELLIS-3D,0.0,00003_000831_00,0,0,0.0814347043633461,0.1151634082198143,0.0,24,R1,0.0,0.0
learned,0,RELLIS-3D,0.0,00003_000831_00,0,0,0.0814347043633461,0.1151634082198143,0.0,24,R1,0.0,0.0
fixed,0,RELLIS-3D,0.0,00003_000831_00,0,0,0.0814347043633461,0.1151634082198143,0.0,24,R1,0.0,0.0
zero,0,RELLIS-3D,0.0,00003_000831_00,0,0,0.0790969654917717,0.11200443655252457,0.0,36,R1,0.0,0.0
learned,0,RELLIS-3D,0.0,00003_000831_00,0,0,0.0790969654917717,0.11200443655252457,0.0,36,R1,0.0,0.0
fixed,0,RELLIS-3D,0.0,00003_000831_00,0,0,0.0790969654917717,0.11200443655252457,0.0,36,R1,0.0,0.0
zero,0,RELLIS-3D,0.0,00003_000831_00,0,0,0.07764557003974915,0.10972185432910919,0.0,48,R1,0.0,0.0
learned,0,RELLIS-3D,0.0,00003_000831_00,0,0,0.07764557003974915,0.10972185432910919,0.0,48,R1,0.0,0.0
fixed,0,RELLIS-3D,0.0,00003_000831_00,0,0,0.07764557003974915,0.10972185432910919,0.0,48,R1,0.0,0.0
zero,0,RELLIS-3D,0.0,00003_000831_01,0,0,0.05852029472589493,0.09344981610774994,0.0,0,R1,0.0,0.0
learned,0,RELLIS-3D,0.0,00003_000831_01,0,0,0.05852029472589493,0.09344981610774994,0.0,0,R1,0.0,0.0
fixed,0,RELLIS-3D,0.0,00003_000831_01,0,0,0.05852029472589493,0.09344981610774994,0.0,0,R1,0.0,0.0
zero,0,RELLIS-3D,0.0,00003_000831_01,0,0,0.060697417706251144,0.09285476058721542,0.0,12,R1,0.0,0.0
learned,0,RELLIS-3D,0.0,00003_000831_01,0,0,0.060697417706251144,0.09285476058721542,0.0,12,R1,0.0,0.0
fixed,0,RELLIS-3D,0.0,00003_000831_01,0,0,0.060697417706251144,0.09285476058721542,0.0,12,R1,0.0,0.0
zero,0,RELLIS-3D,0.0,00003_000831_01,0,0,0.07705503702163696,0.10716467350721359,0.0,24,R1,0.0,0.0
learned,0,RELLIS-3D,0.0,00003_000831_01,0,0,0.07705503702163696,0.10716467350721359,0.0,24,R1,0.0,0.0
fixed,0,RELLIS-3D,0.0,00003_000831_01,0,0,0.07705503702163696,0.10716467350721359,0.0,24,R1,0.0,0.0
zero,0,RELLIS-3D,0.0,00003_000831_01,0,0,0.09504194557666779,0.1226944550871849,0.0,36,R1,0.0,0.0
learned,0,RELLIS-3D,0.0,00003_000831_01,0,0,0.09504194557666779,0.1226944550871849,0.0,36,R1,0.0,0.0
fixed,0,RELLIS-3D,0.0,00003_000831_01,0,0,0.09504194557666779,0.1226944550871849,0.0,36,R1,0.0,0.0
zero,0,RELLIS-3D,0.0,00003_000831_01,0,0,0.08439914137125015,0.11439444124698639,0.0,48,R1,0.0,0.0
learned,0,RELLIS-3D,0.0,00003_000831_01,0,0,0.08439914137125015,0.11439444124698639,0.0,48,R1,0.0,0.0
fixed,0,RELLIS-3D,0.0,00003_000831_01,0,0,0.08439914137125015,0.11439444124698639,0.0,48,R1,0.0,0.0
zero,0,RELLIS-3D,0.0,00003_000831_01,0,0,0.08018936216831207,0.11062425374984741,0.0,60,R1,0.0,0.0
learned,0,RELLIS-3D,0.0,00003_000831_01,0,0,0.08018936216831207,0.11062425374984741,0.0,60,R1,0.0,0.0
fixed,0,RELLIS-3D,0.0,00003_000831_01,0,0,0.08018936216831207,0.11062425374984741,0.0,60,R1,0.0,0.0
zero,0,RELLIS-3D,0.0,00003_000831_01,0,0,0.07764837145805359,0.10697057843208313,0.0,72,R1,0.0,0.0
learned,0,RELLIS-3D,0.0,00003_000831_01,0,0,0.07764837145805359,0.10697057843208313,0.0,72,R1,0.0,0.0
fixed,0,RELLIS-3D,0.0,00003_000831_01,0,0,0.07764837145805359,0.10697057843208313,0.0,72,R1,0.0,0.0
zero,0,RELLIS-3D,0.0,00003_000831_01,0,0,0.0844564288854599,0.1134510487318039,0.0,84,R1,0.0,0.0
learned,0,RELLIS-3D,0.0,00003_000831_01,0,0,0.0844564288854599,0.1134510487318039,0.0,84,R1,0.0,0.0
fixed,0,RELLIS-3D,0.0,00003_000831_01,0,0,0.0844564288854599,0.1134510487318039,0.0,84,R1,0.0,0.0
zero,0,RELLIS-3D,0.0,00003_000831_02,0,1,0.0991215854883194,0.12701264023780823,0.0,0,R3,0.0,0.0
learned,0,RELLIS-3D,0.0011470232857391238,00003_000831_02,0,1,0.0991215854883194,0.12701264023780823,0.12701264023780823,0,R3,0.0011817392660304904,0.0007016362505964935
fixed,0,RELLIS-3D,0.013546171598136425,00003_000831_02,0,1,0.0991215854883194,0.12701264023780823,1.5,0,R3,0.01395616214722395,0.008286218158900738
zero,0,RELLIS-3D,0.0,00003_000831_02,0,0,0.0846811830997467,0.11769171059131622,0.0,12,R3,0.0,0.0
learned,0,RELLIS-3D,0.0,00003_000831_02,0,0,0.0846811830997467,0.11769171059131622,0.0,12,R3,0.0,0.0
fixed,0,RELLIS-3D,0.0,00003_000831_02,0,0,0.0846811830997467,0.11769171059131622,0.0,12,R3,0.0,0.0
zero,0,RELLIS-3D,0.0,00003_000831_02,0,0,0.0906715840101242,0.12256024777889252,0.0,24,R3,0.0,0.0
learned,0,RELLIS-3D,0.0,00003_000831_02,0,0,0.0906715840101242,0.12256024777889252,0.0,24,R3,0.0,0.0
fixed,0,RELLIS-3D,0.0,00003_000831_02,0,0,0.0906715840101242,0.12256024777889252,0.0,24,R3,0.0,0.0
zero,0,RELLIS-3D,0.0,00003_000831_02,0,0,0.07939894497394562,0.11176510155200958,0.0,36,R3,0.0,0.0
learned,0,RELLIS-3D,0.0,00003_000831_02,0,0,0.07939894497394562,0.11176510155200958,0.0,36,R3,0.0,0.0
fixed,0,RELLIS-3D,0.0,00003_000831_02,0,0,0.07939894497394562,0.11176510155200958,0.0,36,R3,0.0,0.0
zero,0,RELLIS-3D,0.0,00003_000831_02,0,0,0.07961510121822357,0.11056827008724213,0.0,48,R3,0.0,0.0
learned,0,RELLIS-3D,0.0,00003_000831_02,0,0,0.07961510121822357,0.11056827008724213,0.0,48,R3,0.0,0.0
fixed,0,RELLIS-3D,0.0,00003_000831_02,0,0,0.07961510121822357,0.11056827008724213,0.0,48,R3,0.0,0.0
zero,0,RELLIS-3D,0.0,00003_000831_03,0,0,0.061129406094551086,0.09378623962402344,0.0,0,R1,0.0,0.0
learned,0,RELLIS-3D,0.0,00003_000831_03,0,0,0.061129406094551086,0.09378623962402344,0.0,0,R1,0.0,0.0
fixed,0,RELLIS-3D,0.0,00003_000831_03,0,0,0.061129406094551086,0.09378623962402344,0.0,0,R1,0.0,0.0
zero,0,RELLIS-3D,0.0,00003_000831_03,0,0,0.08266143500804901,0.11142534017562866,0.0,12,R1,0.0,0.0
learned,0,RELLIS-3D,0.0,00003_000831_03,0,0,0.08266143500804901,0.11142534017562866,0.0,12,R1,0.0,0.0
fixed,0,RELLIS-3D,0.0,00003_000831_03,0,0,0.08266143500804901,0.11142534017562866,0.0,12,R1,0.0,0.0
zero,0,RELLIS-3D,0.0,00003_000831_03,0,0,0.09546162188053131,0.1213449165225029,0.0,24,R1,0.0,0.0
learned,0,RELLIS-3D,0.0,00003_000831_03,0,0,0.09546162188053131,0.1213449165225029,0.0,24,R1,0.0,0.0
fixed,0,RELLIS-3D,0.0,00003_000831_03,0,0,0.09546162188053131,0.1213449165225029,0.0,24,R1,0.0,0.0
zero,0,RELLIS-3D,0.0,00003_000831_03,0,0,0.08517192304134369,0.11477084457874298,0.0,36,R1,0.0,0.0
learned,0,RELLIS-3D,0.0,00003_000831_03,0,0,0.08517192304134369,0.11477084457874298,0.0,36,R1,0.0,0.0
fixed,0,RELLIS-3D,0.0,00003_000831_03,0,0,0.08517192304134369,0.11477084457874298,0.0,36,R1,0.0,0.0
zero,0,RELLIS-3D,0.0,00003_000831_03,0,0,0.07957984507083893,0.1103377416729927,0.0,48,R1,0.0,0.0
learned,0,RELLIS-3D,0.0,00003_000831_03,0,0,0.07957984507083893,0.1103377416729927,0.0,48,R1,0.0,0.0
fixed,0,RELLIS-3D,0.0,00003_000831_03,0,0,0.07957984507083893,0.1103377416729927,0.0,48,R1,0.0,0.0
zero,0,RELLIS-3D,0.0,00003_000831_04,0,0,0.054170358926057816,0.08584185689687729,0.0,0,R1,0.0,0.0
learned,0,RELLIS-3D,0.0,00003_000831_04,0,0,0.054170358926057816,0.08584185689687729,0.0,0,R1,0.0,0.0
fixed,0,RELLIS-3D,0.0,00003_000831_04,0,0,0.054170358926057816,0.08584185689687729,0.0,0,R1,0.0,0.0
zero,0,RELLIS-3D,0.0,00003_000831_04,0,0,0.07659949362277985,0.10860267281532288,0.0,12,R1,0.0,0.0
learned,0,RELLIS-3D,0.0,00003_000831_04,0,0,0.07659949362277985,0.10860267281532288,0.0,12,R1,0.0,0.0
fixed,0,RELLIS-3D,0.0,00003_000831_04,0,0,0.07659949362277985,0.10860267281532288,0.0,12,R1,0.0,0.0
zero,0,RELLIS-3D,0.0,00003_000831_04,0,0,0.09414230287075043,0.12240507453680038,0.0,24,R1,0.0,0.0
learned,0,RELLIS-3D,0.0,00003_000831_04,0,0,0.09414230287075043,0.12240507453680038,0.0,24,R1,0.0,0.0
fixed,0,RELLIS-3D,0.0,00003_000831_04,0,0,0.09414230287075043,0.12240507453680038,0.0,24,R1,0.0,0.0
zero,0,RELLIS-3D,0.0,00003_000831_04,0,0,0.08427883684635162,0.11444616317749023,0.0,36,R1,0.0,0.0
learned,0,RELLIS-3D,0.0,00003_000831_04,0,0,0.08427883684635162,0.11444616317749023,0.0,36,R1,0.0,0.0
fixed,0,RELLIS-3D,0.0,00003_000831_04,0,0,0.08427883684635162,0.11444616317749023,0.0,36,R1,0.0,0.0
zero,0,RELLIS-3D,0.0,00003_000831_04,0,0,0.08014325052499771,0.11076663434505463,0.0,48,R1,0.0,0.0
learned,0,RELLIS-3D,0.0,00003_000831_04,0,0,0.08014325052499771,0.11076663434505463,0.0,48,R1,0.0,0.0
fixed,0,RELLIS-3D,0.0,00003_000831_04,0,0,0.08014325052499771,0.11076663434505463,0.0,48,R1,0.0,0.0
zero,0,RELLIS-3D,0.0,00003_000831_04,0,0,0.07774851471185684,0.10689466446638107,0.0,60,R1,0.0,0.0
learned,0,RELLIS-3D,0.0,00003_000831_04,0,0,0.07774851471185684,0.10689466446638107,0.0,60,R1,0.0,0.0
fixed,0,RELLIS-3D,0.0,00003_000831_04,0,0,0.07774851471185684,0.10689466446638107,0.0,60,R1,0.0,0.0
zero,0,RELLIS-3D,0.0,00003_000831_05,0,0,0.06680980324745178,0.10001569241285324,0.0,0,R1,0.0,0.0
learned,0,RELLIS-3D,0.0,00003_000831_05,0,0,0.06680980324745178,0.10001569241285324,0.0,0,R1,0.0,0.0
fixed,0,RELLIS-3D,0.0,00003_000831_05,0,0,0.06680980324745178,0.10001569241285324,0.0,0,R1,0.0,0.0
zero,0,RELLIS-3D,0.0,00003_000831_05,0,0,0.0879010409116745,0.11818469315767288,0.0,12,R1,0.0,0.0
learned,0,RELLIS-3D,0.0,00003_000831_05,0,0,0.0879010409116745,0.11818469315767288,0.0,12,R1,0.0,0.0
fixed,0,RELLIS-3D,0.0,00003_000831_05,0,0,0.0879010409116745,0.11818469315767288,0.0,12,R1,0.0,0.0
zero,0,RELLIS-3D,0.0,00003_000831_05,0,0,0.09090598672628403,0.11878781020641327,0.0,24,R1,0.0,0.0
learned,0,RELLIS-3D,0.0,00003_000831_05,0,0,0.09090598672628403,0.11878781020641327,0.0,24,R1,0.0,0.0
fixed,0,RELLIS-3D,0.0,00003_000831_05,0,0,0.09090598672628403,0.11878781020641327,0.0,24,R1,0.0,0.0
zero,0,RELLIS-3D,0.0,00003_000831_05,0,0,0.08412694931030273,0.11322873830795288,0.0,36,R1,0.0,0.0
learned,0,RELLIS-3D,0.0,00003_000831_05,0,0,0.08412694931030273,0.11322873830795288,0.0,36,R1,0.0,0.0
fixed,0,RELLIS-3D,0.0,00003_000831_05,0,0,0.08412694931030273,0.11322873830795288,0.0,36,R1,0.0,0.0
zero,0,RELLIS-3D,0.0,00003_000831_05,0,0,0.07892817258834839,0.10798780620098114,0.0,48,R1,0.0,0.0
learned,0,RELLIS-3D,0.0,00003_000831_05,0,0,0.07892817258834839,0.10798780620098114,0.0,48,R1,0.0,0.0
fixed,0,RELLIS-3D,0.0,00003_000831_05,0,0,0.07892817258834839,0.10798780620098114,0.0,48,R1,0.0,0.0
zero,0,RELLIS-3D,0.0,00003_000831_06,0,1,0.09232785552740097,0.12000375986099243,0.0,0,R1,0.0,0.0
learned,0,RELLIS-3D,-0.0022411001846194267,00003_000831_06,0,1,0.09232785552740097,0.12000375986099243,0.12000375986099243,0,R1,0.03410637006163597,0.03058444894850254
fixed,0,RELLIS-3D,-0.028012871742248535,00003_000831_06,0,1,0.09232785552740097,0.12000375986099243,1.5,0,R1,0.4263162910938263,0.38229361176490784
zero,0,RELLIS-3D,0.0,00003_000831_06,0,0,0.07288093864917755,0.10487797856330872,0.0,12,R1,0.0,0.0
learned,0,RELLIS-3D,0.0,00003_000831_06,0,0,0.07288093864917755,0.10487797856330872,0.0,12,R1,0.0,0.0
fixed,0,RELLIS-3D,0.0,00003_000831_06,0,0,0.07288093864917755,0.10487797856330872,0.0,12,R1,0.0,0.0
zero,0,RELLIS-3D,0.0,00003_000831_06,0,0,0.09694188833236694,0.12583549320697784,0.0,24,R1,0.0,0.0
learned,0,RELLIS-3D,0.0,00003_000831_06,0,0,0.09694188833236694,0.12583549320697784,0.0,24,R1,0.0,0.0
fixed,0,RELLIS-3D,0.0,00003_000831_06,0,0,0.09694188833236694,0.12583549320697784,0.0,24,R1,0.0,0.0
zero,0,RELLIS-3D,0.0,00003_000831_06,0,0,0.08299334347248077,0.1137768030166626,0.0,36,R1,0.0,0.0
learned,0,RELLIS-3D,0.0,00003_000831_06,0,0,0.08299334347248077,0.1137768030166626,0.0,36,R1,0.0,0.0
fixed,0,RELLIS-3D,0.0,00003_000831_06,0,0,0.08299334347248077,0.1137768030166626,0.0,36,R1,0.0,0.0
zero,0,RELLIS-3D,0.0,00003_000831_06,0,0,0.08081856369972229,0.11061742156744003,0.0,48,R1,0.0,0.0
learned,0,RELLIS-3D,0.0,00003_000831_06,0,0,0.08081856369972229,0.11061742156744003,0.0,48,R1,0.0,0.0
fixed,0,RELLIS-3D,0.0,00003_000831_06,0,0,0.08081856369972229,0.11061742156744003,0.0,48,R1,0.0,0.0
zero,0,RELLIS-3D,0.0,00003_000831_07,0,0,0.061129406094551086,0.09378623962402344,0.0,0,R1,0.0,0.0
learned,0,RELLIS-3D,0.0,00003_000831_07,0,0,0.061129406094551086,0.09378623962402344,0.0,0,R1,0.0,0.0
fixed,0,RELLIS-3D,0.0,00003_000831_07,0,0,0.061129406094551086,0.09378623962402344,0.0,0,R1,0.0,0.0
zero,0,RELLIS-3D,0.0,00003_000831_07,0,1,0.08298832178115845,0.11377789080142975,0.0,12,R1,0.0,0.0
learned,0,RELLIS-3D,-0.031089624390006065,00003_000831_07,0,1,0.08298832178115845,0.11377789080142975,0.11377789080142975,12,R1,0.0384552925825119,0.03280748799443245
fixed,0,RELLIS-3D,-0.40987253189086914,00003_000831_07,0,1,0.08298832178115845,0.11377789080142975,1.5,12,R1,0.506978452205658,0.43252015113830566
zero,0,RELLIS-3D,0.0,00003_000831_07,0,1,0.09226594120264053,0.12142106890678406,0.0,24,R1,0.0,0.0
learned,0,RELLIS-3D,-0.010469634085893631,00003_000831_07,0,1,0.09226594120264053,0.12142106890678406,0.12142106890678406,24,R1,0.01600492000579834,0.00717750983312726
fixed,0,RELLIS-3D,-0.12933875620365143,00003_000831_07,0,1,0.09226594120264053,0.12142106890678406,1.5,24,R1,0.19772005081176758,0.0886688306927681
zero,0,RELLIS-3D,0.0,00003_000831_07,0,0,0.08355845510959625,0.11392168700695038,0.0,36,R1,0.0,0.0
learned,0,RELLIS-3D,0.0,00003_000831_07,0,0,0.08355845510959625,0.11392168700695038,0.0,36,R1,0.0,0.0
fixed,0,RELLIS-3D,0.0,00003_000831_07,0,0,0.08355845510959625,0.11392168700695038,0.0,36,R1,0.0,0.0
zero,0,RELLIS-3D,0.0,00003_000831_07,0,0,0.07964567840099335,0.11018878221511841,0.0,48,R1,0.0,0.0
learned,0,RELLIS-3D,0.0,00003_000831_07,0,0,0.07964567840099335,0.11018878221511841,0.0,48,R1,0.0,0.0
fixed,0,RELLIS-3D,0.0,00003_000831_07,0,0,0.07964567840099335,0.11018878221511841,0.0,48,R1,0.0,0.0
zero,0,RELLIS-3D,0.0,00003_000831_07,0,0,0.07765986770391464,0.10675451159477234,0.0,60,R1,0.0,0.0
learned,0,RELLIS-3D,0.0,00003_000831_07,0,0,0.07765986770391464,0.10675451159477234,0.0,60,R1,0.0,0.0
fixed,0,RELLIS-3D,0.0,00003_000831_07,0,0,0.07765986770391464,0.10675451159477234,0.0,60,R1,0.0,0.0
zero,0,RELLIS-3D,0.0,00003_001034_00,0,0,0.10442568361759186,0.1326667219400406,0.0,0,R1,0.0,0.0
learned,0,RELLIS-3D,0.0,00003_001034_00,0,0,0.10442568361759186,0.1326667219400406,0.0,0,R1,0.0,0.0
fixed,0,RELLIS-3D,0.0,00003_001034_00,0,0,0.10442568361759186,0.1326667219400406,0.0,0,R1,0.0,0.0
zero,0,RELLIS-3D,0.0,00003_001034_00,0,0,0.09663446247577667,0.1268225759267807,0.0,12,R1,0.0,0.0
learned,0,RELLIS-3D,0.0,00003_001034_00,0,0,0.09663446247577667,0.1268225759267807,0.0,12,R1,0.0,0.0
fixed,0,RELLIS-3D,0.0,00003_001034_00,0,0,0.09663446247577667,0.1268225759267807,0.0,12,R1,0.0,0.0
zero,0,RELLIS-3D,0.0,00003_001034_00,0,0,0.09055495262145996,0.1176004484295845,0.0,24,R1,0.0,0.0
learned,0,RELLIS-3D,0.0,00003_001034_00,0,0,0.09055495262145996,0.1176004484295845,0.0,24,R1,0.0,0.0
fixed,0,RELLIS-3D,0.0,00003_001034_00,0,0,0.09055495262145996,0.1176004484295845,0.0,24,R1,0.0,0.0
zero,0,RELLIS-3D,0.0,00003_001034_00,0,0,0.07270906120538712,0.10322972387075424,0.0,36,R1,0.0,0.0
learned,0,RELLIS-3D,0.0,00003_001034_00,0,0,0.07270906120538712,0.10322972387075424,0.0,36,R1,0.0,0.0
fixed,0,RELLIS-3D,0.0,00003_001034_00,0,0,0.07270906120538712,0.10322972387075424,0.0,36,R1,0.0,0.0
zero,0,RELLIS-3D,0.0,00003_001034_00,0,0,0.06821741163730621,0.09936381131410599,0.0,48,R1,0.0,0.0
learned,0,RELLIS-3D,0.0,00003_001034_00,0,0,0.06821741163730621,0.09936381131410599,0.0,48,R1,0.0,0.0
fixed,0,RELLIS-3D,0.0,00003_001034_00,0,0,0.06821741163730621,0.09936381131410599,0.0,48,R1,0.0,0.0
zero,0,RELLIS-3D,0.0,00003_001034_00,0,0,0.07936488091945648,0.10346679389476776,0.0,60,R1,0.0,0.0
learned,0,RELLIS-3D,0.0,00003_001034_00,0,0,0.07936488091945648,0.10346679389476776,0.0,60,R1,0.0,0.0
fixed,0,RELLIS-3D,0.0,00003_001034_00,0,0,0.07936488091945648,0.10346679389476776,0.0,60,R1,0.0,0.0
zero,0,RELLIS-3D,0.0,00003_001034_01,0,1,0.10420584678649902,0.12831279635429382,0.0,0,R1,0.0,0.0
learned,1,RELLIS-3D,0.056667670607566833,00003_001034_01,0,1,0.10420584678649902,0.12831279635429382,0.12831279635429382,0,R1,0.07504750043153763,0.023771552368998528
fixed,1,RELLIS-3D,0.6624554395675659,00003_001034_01,0,1,0.10420584678649902,0.12831279635429382,1.5,0,R1,0.8773189783096313,0.2778937518596649
zero,0,RELLIS-3D,0.0,00003_001034_01,0,0,0.09855922311544418,0.12520095705986023,0.0,12,R1,0.0,0.0
learned,0,RELLIS-3D,0.0,00003_001034_01,0,0,0.09855922311544418,0.12520095705986023,0.0,12,R1,0.0,0.0
fixed,0,RELLIS-3D,0.0,00003_001034_01,0,0,0.09855922311544418,0.12520095705986023,0.0,12,R1,0.0,0.0
zero,0,RELLIS-3D,0.0,00003_001034_01,0,0,0.09590986371040344,0.11922205984592438,0.0,24,R1,0.0,0.0
learned,0,RELLIS-3D,0.0,00003_001034_01,0,0,0.09590986371040344,0.11922205984592438,0.0,24,R1,0.0,0.0
fixed,0,RELLIS-3D,0.0,00003_001034_01,0,0,0.09590986371040344,0.11922205984592438,0.0,24,R1,0.0,0.0
zero,0,RELLIS-3D,0.0,00003_001034_01,0,0,0.08143386989831924,0.10837141424417496,0.0,36,R1,0.0,0.0
learned,0,RELLIS-3D,0.0,00003_001034_01,0,0,0.08143386989831924,0.10837141424417496,0.0,36,R1,0.0,0.0
fixed,0,RELLIS-3D,0.0,00003_001034_01,0,0,0.08143386989831924,0.10837141424417496,0.0,36,R1,0.0,0.0
zero,0,RELLIS-3D,0.0,00003_001034_01,0,0,0.07585209608078003,0.10461726039648056,0.0,48,R1,0.0,0.0
learned,0,RELLIS-3D,0.0,00003_001034_01,0,0,0.07585209608078003,0.10461726039648056,0.0,48,R1,0.0,0.0
fixed,0,RELLIS-3D,0.0,00003_001034_01,0,0,0.07585209608078003,0.10461726039648056,0.0,48,R1,0.0,0.0
zero,0,RELLIS-3D,0.0,00003_001034_01,0,0,0.07838377356529236,0.10609456151723862,0.0,60,R1,0.0,0.0
learned,0,RELLIS-3D,0.0,00003_001034_01,0,0,0.07838377356529236,0.10609456151723862,0.0,60,R1,0.0,0.0
fixed,0,RELLIS-3D,0.0,00003_001034_01,0,0,0.07838377356529236,0.10609456151723862,0.0,60,R1,0.0,0.0
zero,0,RELLIS-3D,0.0,00003_001034_01,0,0,0.07959354668855667,0.11121776700019836,0.0,72,R1,0.0,0.0
learned,0,RELLIS-3D,0.0,00003_001034_01,0,0,0.07959354668855667,0.11121776700019836,0.0,72,R1,0.0,0.0
fixed,0,RELLIS-3D,0.0,00003_001034_01,0,0,0.07959354668855667,0.11121776700019836,0.0,72,R1,0.0,0.0
zero,0,RELLIS-3D,0.0,00003_001034_02,0,0,0.10649747401475906,0.13665059208869934,0.0,0,R1,0.0,0.0
learned,0,RELLIS-3D,0.0,00003_001034_02,0,0,0.10649747401475906,0.13665059208869934,0.0,0,R1,0.0,0.0
fixed,0,RELLIS-3D,0.0,00003_001034_02,0,0,0.10649747401475906,0.13665059208869934,0.0,0,R1,0.0,0.0
zero,0,RELLIS-3D,0.0,00003_001034_02,0,0,0.09859133511781693,0.12915438413619995,0.0,12,R1,0.0,0.0
learned,0,RELLIS-3D,0.0,00003_001034_02,0,0,0.09859133511781693,0.12915438413619995,0.0,12,R1,0.0,0.0
fixed,0,RELLIS-3D,0.0,00003_001034_02,0,0,0.09859133511781693,0.12915438413619995,0.0,12,R1,0.0,0.0
zero,0,RELLIS-3D,0.0,00003_001034_02,0,0,0.09750372171401978,0.12429244816303253,0.0,24,R1,0.0,0.0
learned,0,RELLIS-3D,0.0,00003_001034_02,0,0,0.09750372171401978,0.12429244816303253,0.0,24,R1,0.0,0.0
fixed,0,RELLIS-3D,0.0,00003_001034_02,0,0,0.09750372171401978,0.12429244816303253,0.0,24,R1,0.0,0.0
zero,0,RELLIS-3D,0.0,00003_001034_02,0,0,0.07505439966917038,0.10549050569534302,0.0,36,R1,0.0,0.0
learned,0,RELLIS-3D,0.0,00003_001034_02,0,0,0.07505439966917038,0.10549050569534302,0.0,36,R1,0.0,0.0
fixed,0,RELLIS-3D,0.0,00003_001034_02,0,0,0.07505439966917038,0.10549050569534302,0.0,36,R1,0.0,0.0
zero,0,RELLIS-3D,0.0,00003_001034_02,0,0,0.07088671624660492,0.10219066590070724,0.0,48,R1,0.0,0.0
learned,0,RELLIS-3D,0.0,00003_001034_02,0,0,0.07088671624660492,0.10219066590070724,0.0,48,R1,0.0,0.0
fixed,0,RELLIS-3D,0.0,00003_001034_02,0,0,0.07088671624660492,0.10219066590070724,0.0,48,R1,0.0,0.0
zero,0,RELLIS-3D,0.0,00003_001034_02,0,0,0.07454269379377365,0.1102428063750267,0.0,60,R1,0.0,0.0
learned,0,RELLIS-3D,0.0,00003_001034_02,0,0,0.07454269379377365,0.1102428063750267,0.0,60,R1,0.0,0.0
fixed,0,RELLIS-3D,0.0,00003_001034_02,0,0,0.07454269379377365,0.1102428063750267,0.0,60,R1,0.0,0.0
zero,0,RELLIS-3D,0.0,00003_001034_03,0,0,0.10312523692846298,0.13290904462337494,0.0,0,R1,0.0,0.0
learned,0,RELLIS-3D,0.0,00003_001034_03,0,0,0.10312523692846298,0.13290904462337494,0.0,0,R1,0.0,0.0
fixed,0,RELLIS-3D,0.0,00003_001034_03,0,0,0.10312523692846298,0.13290904462337494,0.0,0,R1,0.0,0.0
zero,0,RELLIS-3D,0.0,00003_001034_03,0,0,0.09644900262355804,0.1260373592376709,0.0,12,R1,0.0,0.0
learned,0,RELLIS-3D,0.0,00003_001034_03,0,0,0.09644900262355804,0.1260373592376709,0.0,12,R1,0.0,0.0
fixed,0,RELLIS-3D,0.0,00003_001034_03,0,0,0.09644900262355804,0.1260373592376709,0.0,12,R1,0.0,0.0
zero,0,RELLIS-3D,0.0,00003_001034_03,0,0,0.09053763002157211,0.11750832945108414,0.0,24,R1,0.0,0.0
learned,0,RELLIS-3D,0.0,00003_001034_03,0,0,0.09053763002157211,0.11750832945108414,0.0,24,R1,0.0,0.0
fixed,0,RELLIS-3D,0.0,00003_001034_03,0,0,0.09053763002157211,0.11750832945108414,0.0,24,R1,0.0,0.0
zero,0,RELLIS-3D,0.0,00003_001034_03,0,0,0.07409831881523132,0.10484269261360168,0.0,36,R1,0.0,0.0
learned,0,RELLIS-3D,0.0,00003_001034_03,0,0,0.07409831881523132,0.10484269261360168,0.0,36,R1,0.0,0.0
fixed,0,RELLIS-3D,0.0,00003_001034_03,0,0,0.07409831881523132,0.10484269261360168,0.0,36,R1,0.0,0.0
zero,0,RELLIS-3D,0.0,00003_001034_03,0,0,0.06735090911388397,0.09703502058982849,0.0,48,R1,0.0,0.0
learned,0,RELLIS-3D,0.0,00003_001034_03,0,0,0.06735090911388397,0.09703502058982849,0.0,48,R1,0.0,0.0
fixed,0,RELLIS-3D,0.0,00003_001034_03,0,0,0.06735090911388397,0.09703502058982849,0.0,48,R1,0.0,0.0
zero,0,RELLIS-3D,0.0,00003_001034_04,0,1,0.10155723243951797,0.13321813941001892,0.0,0,R2,0.0,0.0
learned,0,RELLIS-3D,0.012476976960897446,00003_001034_04,0,1,0.10155723243951797,0.13321813941001892,0.13321813941001892,0,R2,0.01431376300752163,0.0017061913385987282
fixed,1,RELLIS-3D,0.14048737287521362,00003_001034_04,0,1,0.10155723243951797,0.13321813941001892,1.5,0,R2,0.16116906702518463,0.01921124942600727
zero,0,RELLIS-3D,0.0,00003_001034_04,0,0,0.09343929588794708,0.12498387694358826,0.0,12,R2,0.0,0.0
learned,0,RELLIS-3D,0.0,00003_001034_04,0,0,0.09343929588794708,0.12498387694358826,0.0,12,R2,0.0,0.0
fixed,0,RELLIS-3D,0.0,00003_001034_04,0,0,0.09343929588794708,0.12498387694358826,0.0,12,R2,0.0,0.0
zero,0,RELLIS-3D,0.0,00003_001034_04,0,0,0.07901634275913239,0.11087752133607864,0.0,24,R2,0.0,0.0
learned,0,RELLIS-3D,0.0,00003_001034_04,0,0,0.07901634275913239,0.11087752133607864,0.0,24,R2,0.0,0.0
fixed,0,RELLIS-3D,0.0,00003_001034_04,0,0,0.07901634275913239,0.11087752133607864,0.0,24,R2,0.0,0.0
zero,0,RELLIS-3D,0.0,00003_001034_04,0,0,0.07337045669555664,0.10609722882509232,0.0,36,R2,0.0,0.0
learned,0,RELLIS-3D,0.0,00003_001034_04,0,0,0.07337045669555664,0.10609722882509232,0.0,36,R2,0.0,0.0
fixed,0,RELLIS-3D,0.0,00003_001034_04,0,0,0.07337045669555664,0.10609722882509232,0.0,36,R2,0.0,0.0
zero,0,RELLIS-3D,0.0,00003_001034_04,0,0,0.0779886394739151,0.10996966063976288,0.0,48,R2,0.0,0.0
learned,0,RELLIS-3D,0.0,00003_001034_04,0,0,0.0779886394739151,0.10996966063976288,0.0,48,R2,0.0,0.0
fixed,0,RELLIS-3D,0.0,00003_001034_04,0,0,0.0779886394739151,0.10996966063976288,0.0,48,R2,0.0,0.0
zero,0,RELLIS-3D,0.0,00003_001034_04,0,0,0.07919709384441376,0.10787632316350937,0.0,60,R2,0.0,0.0
learned,0,RELLIS-3D,0.0,00003_001034_04,0,0,0.07919709384441376,0.10787632316350937,0.0,60,R2,0.0,0.0
fixed,0,RELLIS-3D,0.0,00003_001034_04,0,0,0.07919709384441376,0.10787632316350937,0.0,60,R2,0.0,0.0
zero,0,RELLIS-3D,0.0,00003_001034_05,0,0,0.09408514201641083,0.12546265125274658,0.0,0,R3,0.0,0.0
learned,0,RELLIS-3D,0.0,00003_001034_05,0,0,0.09408514201641083,0.12546265125274658,0.0,0,R3,0.0,0.0
fixed,0,RELLIS-3D,0.0,00003_001034_05,0,0,0.09408514201641083,0.12546265125274658,0.0,0,R3,0.0,0.0
zero,0,RELLIS-3D,0.0,00003_001034_05,0,0,0.09577235579490662,0.12628714740276337,0.0,12,R3,0.0,0.0
learned,0,RELLIS-3D,0.0,00003_001034_05,0,0,0.09577235579490662,0.12628714740276337,0.0,12,R3,0.0,0.0
fixed,0,RELLIS-3D,0.0,00003_001034_05,0,0,0.09577235579490662,0.12628714740276337,0.0,12,R3,0.0,0.0
zero,0,RELLIS-3D,0.0,00003_001034_05,0,0,0.08691317588090897,0.11700055003166199,0.0,24,R3,0.0,0.0
learned,0,RELLIS-3D,0.0,00003_001034_05,0,0,0.08691317588090897,0.11700055003166199,0.0,24,R3,0.0,0.0
fixed,0,RELLIS-3D,0.0,00003_001034_05,0,0,0.08691317588090897,0.11700055003166199,0.0,24,R3,0.0,0.0
zero,0,RELLIS-3D,0.0,00003_001034_05,0,0,0.07315810769796371,0.10670188814401627,0.0,36,R3,0.0,0.0
learned,0,RELLIS-3D,0.0,00003_001034_05,0,0,0.07315810769796371,0.10670188814401627,0.0,36,R3,0.0,0.0
fixed,0,RELLIS-3D,0.0,00003_001034_05,0,0,0.07315810769796371,0.10670188814401627,0.0,36,R3,0.0,0.0
zero,0,RELLIS-3D,0.0,00003_001034_05,0,0,0.07440772652626038,0.103258416056633,0.0,48,R3,0.0,0.0
learned,0,RELLIS-3D,0.0,00003_001034_05,0,0,0.07440772652626038,0.103258416056633,0.0,48,R3,0.0,0.0
fixed,0,RELLIS-3D,0.0,00003_001034_05,0,0,0.07440772652626038,0.103258416056633,0.0,48,R3,0.0,0.0
zero,0,RELLIS-3D,0.0,00003_001034_06,0,0,0.09408514201641083,0.12546265125274658,0.0,0,R1,0.0,0.0
learned,0,RELLIS-3D,0.0,00003_001034_06,0,0,0.09408514201641083,0.12546265125274658,0.0,0,R1,0.0,0.0
fixed,0,RELLIS-3D,0.0,00003_001034_06,0,0,0.09408514201641083,0.12546265125274658,0.0,0,R1,0.0,0.0
zero,0,RELLIS-3D,0.0,00003_001034_06,0,0,0.0961260199546814,0.12480918318033218,0.0,12,R1,0.0,0.0
learned,0,RELLIS-3D,0.0,00003_001034_06,0,0,0.0961260199546814,0.12480918318033218,0.0,12,R1,0.0,0.0
fixed,0,RELLIS-3D,0.0,00003_001034_06,0,0,0.0961260199546814,0.12480918318033218,0.0,12,R1,0.0,0.0
zero,0,RELLIS-3D,0.0,00003_001034_06,0,0,0.0923677384853363,0.11887726187705994,0.0,24,R1,0.0,0.0
learned,0,RELLIS-3D,0.0,00003_001034_06,0,0,0.0923677384853363,0.11887726187705994,0.0,24,R1,0.0,0.0
fixed,0,RELLIS-3D,0.0,00003_001034_06,0,0,0.0923677384853363,0.11887726187705994,0.0,24,R1,0.0,0.0
zero,0,RELLIS-3D,0.0,00003_001034_06,0,0,0.07498076558113098,0.10557667165994644,0.0,36,R1,0.0,0.0
learned,0,RELLIS-3D,0.0,00003_001034_06,0,0,0.07498076558113098,0.10557667165994644,0.0,36,R1,0.0,0.0
fixed,0,RELLIS-3D,0.0,00003_001034_06,0,0,0.07498076558113098,0.10557667165994644,0.0,36,R1,0.0,0.0
zero,0,RELLIS-3D,0.0,00003_001034_06,0,0,0.07095460593700409,0.10279468446969986,0.0,48,R1,0.0,0.0
learned,0,RELLIS-3D,0.0,00003_001034_06,0,0,0.07095460593700409,0.10279468446969986,0.0,48,R1,0.0,0.0
fixed,0,RELLIS-3D,0.0,00003_001034_06,0,0,0.07095460593700409,0.10279468446969986,0.0,48,R1,0.0,0.0
zero,0,RELLIS-3D,0.0,00003_001034_07,0,1,0.11397188901901245,0.141952246427536,0.0,0,R1,0.0,0.0
learned,0,RELLIS-3D,-0.002629633294418454,00003_001034_07,0,1,0.11397188901901245,0.141952246427536,0.141952246427536,0,R1,0.007302995305508375,0.005288196261972189
fixed,0,RELLIS-3D,-0.027787163853645325,00003_001034_07,0,1,0.11397188901901245,0.141952246427536,1.5,0,R1,0.07717026770114899,0.05588001757860184
zero,0,RELLIS-3D,0.0,00003_001034_07,0,0,0.09430323541164398,0.12798109650611877,0.0,12,R1,0.0,0.0
learned,0,RELLIS-3D,0.0,00003_001034_07,0,0,0.09430323541164398,0.12798109650611877,0.0,12,R1,0.0,0.0
fixed,0,RELLIS-3D,0.0,00003_001034_07,0,0,0.09430323541164398,0.12798109650611877,0.0,12,R1,0.0,0.0
zero,0,RELLIS-3D,0.0,00003_001034_07,0,0,0.08460217714309692,0.11791598051786423,0.0,24,R1,0.0,0.0
learned,0,RELLIS-3D,0.0,00003_001034_07,0,0,0.08460217714309692,0.11791598051786423,0.0,24,R1,0.0,0.0
fixed,0,RELLIS-3D,0.0,00003_001034_07,0,0,0.08460217714309692,0.11791598051786423,0.0,24,R1,0.0,0.0
zero,0,RELLIS-3D,0.0,00003_001034_07,0,0,0.07406020909547806,0.1049785241484642,0.0,36,R1,0.0,0.0
learned,0,RELLIS-3D,0.0,00003_001034_07,0,0,0.07406020909547806,0.1049785241484642,0.0,36,R1,0.0,0.0
fixed,0,RELLIS-3D,0.0,00003_001034_07,0,0,0.07406020909547806,0.1049785241484642,0.0,36,R1,0.0,0.0
zero,0,RELLIS-3D,0.0,00003_001034_07,0,0,0.07208173722028732,0.10055598616600037,0.0,48,R1,0.0,0.0
learned,0,RELLIS-3D,0.0,00003_001034_07,0,0,0.07208173722028732,0.10055598616600037,0.0,48,R1,0.0,0.0
fixed,0,RELLIS-3D,0.0,00003_001034_07,0,0,0.07208173722028732,0.10055598616600037,0.0,48,R1,0.0,0.0
zero,0,RELLIS-3D,0.0,00003_001034_07,0,0,0.07301083952188492,0.10024397075176239,0.0,60,R1,0.0,0.0
learned,0,RELLIS-3D,0.0,00003_001034_07,0,0,0.07301083952188492,0.10024397075176239,0.0,60,R1,0.0,0.0
fixed,0,RELLIS-3D,0.0,00003_001034_07,0,0,0.07301083952188492,0.10024397075176239,0.0,60,R1,0.0,0.0
zero,0,RELLIS-3D,0.0,00003_001034_07,0,0,0.07628931850194931,0.10279089212417603,0.0,72,R1,0.0,0.0
learned,0,RELLIS-3D,0.0,00003_001034_07,0,0,0.07628931850194931,0.10279089212417603,0.0,72,R1,0.0,0.0
fixed,0,RELLIS-3D,0.0,00003_001034_07,0,0,0.07628931850194931,0.10279089212417603,0.0,72,R1,0.0,0.0
zero,0,RELLIS-3D,0.0,00003_001944_00,0,0,0.023165617138147354,0.05004396662116051,0.0,0,R1,0.0,0.0
learned,0,RELLIS-3D,0.0,00003_001944_00,0,0,0.023165617138147354,0.05004396662116051,0.0,0,R1,0.0,0.0
fixed,0,RELLIS-3D,0.0,00003_001944_00,0,0,0.023165617138147354,0.05004396662116051,0.0,0,R1,0.0,0.0
zero,0,RELLIS-3D,0.0,00003_001944_00,0,0,0.031255170702934265,0.06105808913707733,0.0,12,R1,0.0,0.0
learned,0,RELLIS-3D,0.0,00003_001944_00,0,0,0.031255170702934265,0.06105808913707733,0.0,12,R1,0.0,0.0
fixed,0,RELLIS-3D,0.0,00003_001944_00,0,0,0.031255170702934265,0.06105808913707733,0.0,12,R1,0.0,0.0
zero,0,RELLIS-3D,0.0,00003_001944_00,0,0,0.06624937802553177,0.09646258503198624,0.0,24,R1,0.0,0.0
learned,0,RELLIS-3D,0.0,00003_001944_00,0,0,0.06624937802553177,0.09646258503198624,0.0,24,R1,0.0,0.0
fixed,0,RELLIS-3D,0.0,00003_001944_00,0,0,0.06624937802553177,0.09646258503198624,0.0,24,R1,0.0,0.0
zero,0,RELLIS-3D,0.0,00003_001944_00,0,0,0.07227814942598343,0.10251294076442719,0.0,36,R1,0.0,0.0
learned,0,RELLIS-3D,0.0,00003_001944_00,0,0,0.07227814942598343,0.10251294076442719,0.0,36,R1,0.0,0.0
fixed,0,RELLIS-3D,0.0,00003_001944_00,0,0,0.07227814942598343,0.10251294076442719,0.0,36,R1,0.0,0.0
zero,0,RELLIS-3D,0.0,00003_001944_00,0,0,0.0776640921831131,0.11103063076734543,0.0,48,R1,0.0,0.0
learned,0,RELLIS-3D,0.0,00003_001944_00,0,0,0.0776640921831131,0.11103063076734543,0.0,48,R1,0.0,0.0
fixed,0,RELLIS-3D,0.0,00003_001944_00,0,0,0.0776640921831131,0.11103063076734543,0.0,48,R1,0.0,0.0
zero,0,RELLIS-3D,0.0,00003_001944_00,0,0,0.07640709728002548,0.1103457659482956,0.0,60,R1,0.0,0.0
learned,0,RELLIS-3D,0.0,00003_001944_00,0,0,0.07640709728002548,0.1103457659482956,0.0,60,R1,0.0,0.0
fixed,0,RELLIS-3D,0.0,00003_001944_00,0,0,0.07640709728002548,0.1103457659482956,0.0,60,R1,0.0,0.0
zero,0,RELLIS-3D,0.0,00003_001944_00,0,0,0.08900529146194458,0.1183944046497345,0.0,72,R1,0.0,0.0
learned,0,RELLIS-3D,0.0,00003_001944_00,0,0,0.08900529146194458,0.1183944046497345,0.0,72,R1,0.0,0.0
fixed,0,RELLIS-3D,0.0,00003_001944_00,0,0,0.08900529146194458,0.1183944046497345,0.0,72,R1,0.0,0.0
zero,0,RELLIS-3D,0.0,00003_001944_01,0,0,0.10200096666812897,0.13432654738426208,0.0,0,R3,0.0,0.0
learned,0,RELLIS-3D,0.0,00003_001944_01,0,0,0.10200096666812897,0.13432654738426208,0.0,0,R3,0.0,0.0
fixed,0,RELLIS-3D,0.0,00003_001944_01,0,0,0.10200096666812897,0.13432654738426208,0.0,0,R3,0.0,0.0
zero,0,RELLIS-3D,0.0,00003_001944_01,0,1,0.07642745226621628,0.11267015337944031,0.0,12,R3,0.0,0.0
learned,0,RELLIS-3D,-0.008963808417320251,00003_001944_01,0,1,0.07642745226621628,0.11267015337944031,0.11267015337944031,12,R3,0.015710441395640373,0.015350427478551865
fixed,0,RELLIS-3D,-0.11933694779872894,00003_001944_01,0,1,0.07642745226621628,0.11267015337944031,1.5,12,R3,0.20915620028972626,0.20436327159404755
zero,0,RELLIS-3D,0.0,00003_001944_01,0,0,0.049123913049697876,0.08361010998487473,0.0,24,R3,0.0,0.0
learned,0,RELLIS-3D,0.0,00003_001944_01,0,0,0.049123913049697876,0.08361010998487473,0.0,24,R3,0.0,0.0
fixed,0,RELLIS-3D,0.0,00003_001944_01,0,0,0.049123913049697876,0.08361010998487473,0.0,24,R3,0.0,0.0
zero,0,RELLIS-3D,0.0,00003_001944_01,0,0,0.041599418967962265,0.0740198940038681,0.0,36,R3,0.0,0.0
learned,0,RELLIS-3D,0.0,00003_001944_01,0,0,0.041599418967962265,0.0740198940038681,0.0,36,R3,0.0,0.0
fixed,0,RELLIS-3D,0.0,00003_001944_01,0,0,0.041599418967962265,0.0740198940038681,0.0,36,R3,0.0,0.0
zero,0,RELLIS-3D,0.0,00003_001944_01,0,0,0.05880684033036232,0.08757005631923676,0.0,48,R3,0.0,0.0
learned,0,RELLIS-3D,0.0,00003_001944_01,0,0,0.05880684033036232,0.08757005631923676,0.0,48,R3,0.0,0.0
fixed,0,RELLIS-3D,0.0,00003_001944_01,0,0,0.05880684033036232,0.08757005631923676,0.0,48,R3,0.0,0.0
zero,0,RELLIS-3D,0.0,00003_001944_01,0,0,0.07736043632030487,0.10002061724662781,0.0,60,R3,0.0,0.0
learned,0,RELLIS-3D,0.0,00003_001944_01,0,0,0.07736043632030487,0.10002061724662781,0.0,60,R3,0.0,0.0
fixed,0,RELLIS-3D,0.0,00003_001944_01,0,0,0.07736043632030487,0.10002061724662781,0.0,60,R3,0.0,0.0
zero,0,RELLIS-3D,0.0,00003_001944_02,0,0,0.11203606426715851,0.14251859486103058,0.0,0,R1,0.0,0.0
learned,0,RELLIS-3D,0.0,00003_001944_02,0,0,0.11203606426715851,0.14251859486103058,0.0,0,R1,0.0,0.0
fixed,0,RELLIS-3D,0.0,00003_001944_02,0,0,0.11203606426715851,0.14251859486103058,0.0,0,R1,0.0,0.0
zero,0,RELLIS-3D,0.0,00003_001944_02,0,0,0.08677433431148529,0.12085691839456558,0.0,12,R1,0.0,0.0
learned,0,RELLIS-3D,0.0,00003_001944_02,0,0,0.08677433431148529,0.12085691839456558,0.0,12,R1,0.0,0.0
fixed,0,RELLIS-3D,0.0,00003_001944_02,0,0,0.08677433431148529,0.12085691839456558,0.0,12,R1,0.0,0.0
zero,0,RELLIS-3D,0.0,00003_001944_02,0,0,0.0653831958770752,0.09985779225826263,0.0,24,R1,0.0,0.0
learned,0,RELLIS-3D,0.0,00003_001944_02,0,0,0.0653831958770752,0.09985779225826263,0.0,24,R1,0.0,0.0
fixed,0,RELLIS-3D,0.0,00003_001944_02,0,0,0.0653831958770752,0.09985779225826263,0.0,24,R1,0.0,0.0
zero,0,RELLIS-3D,0.0,00003_001944_02,0,0,0.06066054478287697,0.09444386512041092,0.0,36,R1,0.0,0.0
learned,0,RELLIS-3D,0.0,00003_001944_02,0,0,0.06066054478287697,0.09444386512041092,0.0,36,R1,0.0,0.0
fixed,0,RELLIS-3D,0.0,00003_001944_02,0,0,0.06066054478287697,0.09444386512041092,0.0,36,R1,0.0,0.0
zero,0,RELLIS-3D,0.0,00003_001944_02,0,0,0.07491191476583481,0.10518857091665268,0.0,48,R1,0.0,0.0
learned,0,RELLIS-3D,0.0,00003_001944_02,0,0,0.07491191476583481,0.10518857091665268,0.0,48,R1,0.0,0.0
fixed,0,RELLIS-3D,0.0,00003_001944_02,0,0,0.07491191476583481,0.10518857091665268,0.0,48,R1,0.0,0.0
zero,0,RELLIS-3D,0.0,00003_001944_02,0,0,0.08095851540565491,0.1016455814242363,0.0,60,R1,0.0,0.0
learned,0,RELLIS-3D,0.0,00003_001944_02,0,0,0.08095851540565491,0.1016455814242363,0.0,60,R1,0.0,0.0
fixed,0,RELLIS-3D,0.0,00003_001944_02,0,0,0.08095851540565491,0.1016455814242363,0.0,60,R1,0.0,0.0
zero,0,RELLIS-3D,0.0,00003_001944_03,0,0,0.05740576237440109,0.09510837495326996,0.0,0,R1,0.0,0.0
learned,0,RELLIS-3D,0.0,00003_001944_03,0,0,0.05740576237440109,0.09510837495326996,0.0,0,R1,0.0,0.0
fixed,0,RELLIS-3D,0.0,00003_001944_03,0,0,0.05740576237440109,0.09510837495326996,0.0,0,R1,0.0,0.0
zero,0,RELLIS-3D,0.0,00003_001944_03,0,0,0.0712568461894989,0.10674332082271576,0.0,12,R1,0.0,0.0
learned,0,RELLIS-3D,0.0,00003_001944_03,0,0,0.0712568461894989,0.10674332082271576,0.0,12,R1,0.0,0.0
fixed,0,RELLIS-3D,0.0,00003_001944_03,0,0,0.0712568461894989,0.10674332082271576,0.0,12,R1,0.0,0.0
zero,0,RELLIS-3D,0.0,00003_001944_03,0,0,0.09352416545152664,0.12264960259199142,0.0,24,R1,0.0,0.0
learned,0,RELLIS-3D,0.0,00003_001944_03,0,0,0.09352416545152664,0.12264960259199142,0.0,24,R1,0.0,0.0
fixed,0,RELLIS-3D,0.0,00003_001944_03,0,0,0.09352416545152664,0.12264960259199142,0.0,24,R1,0.0,0.0
zero,0,RELLIS-3D,0.0,00003_001944_03,0,0,0.08766905218362808,0.11672185361385345,0.0,36,R1,0.0,0.0
learned,0,RELLIS-3D,0.0,00003_001944_03,0,0,0.08766905218362808,0.11672185361385345,0.0,36,R1,0.0,0.0
fixed,0,RELLIS-3D,0.0,00003_001944_03,0,0,0.08766905218362808,0.11672185361385345,0.0,36,R1,0.0,0.0
zero,0,RELLIS-3D,0.0,00003_001944_03,0,0,0.08118417114019394,0.11413846164941788,0.0,48,R1,0.0,0.0
learned,0,RELLIS-3D,0.0,00003_001944_03,0,0,0.08118417114019394,0.11413846164941788,0.0,48,R1,0.0,0.0
fixed,0,RELLIS-3D,0.0,00003_001944_03,0,0,0.08118417114019394,0.11413846164941788,0.0,48,R1,0.0,0.0
zero,0,RELLIS-3D,0.0,00003_001944_03,0,0,0.0820765569806099,0.10496190935373306,0.0,60,R1,0.0,0.0
learned,0,RELLIS-3D,0.0,00003_001944_03,0,0,0.0820765569806099,0.10496190935373306,0.0,60,R1,0.0,0.0
fixed,0,RELLIS-3D,0.0,00003_001944_03,0,0,0.0820765569806099,0.10496190935373306,0.0,60,R1,0.0,0.0
zero,0,RELLIS-3D,0.0,00003_001944_04,0,1,0.0999687910079956,0.12913979589939117,0.0,0,R1,0.0,0.0
learned,0,RELLIS-3D,0.005472363904118538,00003_001944_04,0,1,0.0999687910079956,0.12913979589939117,0.12913979589939117,0,R1,0.043232470750808716,0.04171450436115265
fixed,1,RELLIS-3D,0.0635632574558258,00003_001944_04,0,1,0.0999687910079956,0.12913979589939117,1.5,0,R1,0.5021589994430542,0.4845273196697235
zero,0,RELLIS-3D,0.0,00003_001944_04,0,0,0.08382485806941986,0.11855863034725189,0.0,12,R1,0.0,0.0
learned,0,RELLIS-3D,0.0,00003_001944_04,0,0,0.08382485806941986,0.11855863034725189,0.0,12,R1,0.0,0.0
fixed,0,RELLIS-3D,0.0,00003_001944_04,0,0,0.08382485806941986,0.11855863034725189,0.0,12,R1,0.0,0.0
zero,0,RELLIS-3D,0.0,00003_001944_04,0,0,0.06241901218891144,0.09654566645622253,0.0,24,R1,0.0,0.0
learned,0,RELLIS-3D,0.0,00003_001944_04,0,0,0.06241901218891144,0.09654566645622253,0.0,24,R1,0.0,0.0
fixed,0,RELLIS-3D,0.0,00003_001944_04,0,0,0.06241901218891144,0.09654566645622253,0.0,24,R1,0.0,0.0
zero,0,RELLIS-3D,0.0,00003_001944_04,0,0,0.05761713162064552,0.09147348999977112,0.0,36,R1,0.0,0.0
learned,0,RELLIS-3D,0.0,00003_001944_04,0,0,0.05761713162064552,0.09147348999977112,0.0,36,R1,0.0,0.0
fixed,0,RELLIS-3D,0.0,00003_001944_04,0,0,0.05761713162064552,0.09147348999977112,0.0,36,R1,0.0,0.0
zero,0,RELLIS-3D,0.0,00003_001944_04,0,0,0.07346466928720474,0.10430304706096649,0.0,48,R1,0.0,0.0
learned,0,RELLIS-3D,0.0,00003_001944_04,0,0,0.07346466928720474,0.10430304706096649,0.0,48,R1,0.0,0.0
fixed,0,RELLIS-3D,0.0,00003_001944_04,0,0,0.07346466928720474,0.10430304706096649,0.0,48,R1,0.0,0.0
zero,0,RELLIS-3D,0.0,00003_001944_04,0,0,0.07856037467718124,0.10234673321247101,0.0,60,R1,0.0,0.0
learned,0,RELLIS-3D,0.0,00003_001944_04,0,0,0.07856037467718124,0.10234673321247101,0.0,60,R1,0.0,0.0
fixed,0,RELLIS-3D,0.0,00003_001944_04,0,0,0.07856037467718124,0.10234673321247101,0.0,60,R1,0.0,0.0
zero,0,RELLIS-3D,0.0,00003_001944_04,0,0,0.0791516900062561,0.1044316440820694,0.0,72,R1,0.0,0.0
learned,0,RELLIS-3D,0.0,00003_001944_04,0,0,0.0791516900062561,0.1044316440820694,0.0,72,R1,0.0,0.0
fixed,0,RELLIS-3D,0.0,00003_001944_04,0,0,0.0791516900062561,0.1044316440820694,0.0,72,R1,0.0,0.0
zero,0,RELLIS-3D,0.0,00003_001944_05,0,0,0.023165617138147354,0.05004396662116051,0.0,0,R1,0.0,0.0
learned,0,RELLIS-3D,0.0,00003_001944_05,0,0,0.023165617138147354,0.05004396662116051,0.0,0,R1,0.0,0.0
fixed,0,RELLIS-3D,0.0,00003_001944_05,0,0,0.023165617138147354,0.05004396662116051,0.0,0,R1,0.0,0.0
zero,0,RELLIS-3D,0.0,00003_001944_05,0,0,0.0311442818492651,0.06031246483325958,0.0,12,R1,0.0,0.0
learned,0,RELLIS-3D,0.0,00003_001944_05,0,0,0.0311442818492651,0.06031246483325958,0.0,12,R1,0.0,0.0
fixed,0,RELLIS-3D,0.0,00003_001944_05,0,0,0.0311442818492651,0.06031246483325958,0.0,12,R1,0.0,0.0
zero,0,RELLIS-3D,0.0,00003_001944_05,0,0,0.06606996804475784,0.09912317991256714,0.0,24,R1,0.0,0.0
learned,0,RELLIS-3D,0.0,00003_001944_05,0,0,0.06606996804475784,0.09912317991256714,0.0,24,R1,0.0,0.0
fixed,0,RELLIS-3D,0.0,00003_001944_05,0,0,0.06606996804475784,0.09912317991256714,0.0,24,R1,0.0,0.0
zero,0,RELLIS-3D,0.0,00003_001944_05,0,1,0.0893818661570549,0.11728409677743912,0.0,36,R1,0.0,0.0
learned,0,RELLIS-3D,-0.0033081648871302605,00003_001944_05,0,1,0.0893818661570549,0.11728409677743912,0.11728409677743912,36,R1,0.00534339202567935,0.005142739973962307
fixed,0,RELLIS-3D,-0.042309634387493134,00003_001944_05,0,1,0.0893818661570549,0.11728409677743912,1.5,36,R1,0.06833908706903458,0.06577285379171371
zero,0,RELLIS-3D,0.0,00003_001944_05,0,0,0.08240959793329239,0.10896451771259308,0.0,48,R1,0.0,0.0
learned,0,RELLIS-3D,0.0,00003_001944_05,0,0,0.08240959793329239,0.10896451771259308,0.0,48,R1,0.0,0.0
fixed,0,RELLIS-3D,0.0,00003_001944_05,0,0,0.08240959793329239,0.10896451771259308,0.0,48,R1,0.0,0.0
zero,0,RELLIS-3D,0.0,00003_001944_06,0,0,0.09348450601100922,0.12735754251480103,0.0,0,R1,0.0,0.0
learned,0,RELLIS-3D,0.0,00003_001944_06,0,0,0.09348450601100922,0.12735754251480103,0.0,0,R1,0.0,0.0
fixed,0,RELLIS-3D,0.0,00003_001944_06,0,0,0.09348450601100922,0.12735754251480103,0.0,0,R1,0.0,0.0
zero,0,RELLIS-3D,0.0,00003_001944_06,0,0,0.060826316475868225,0.09495288133621216,0.0,12,R1,0.0,0.0
learned,0,RELLIS-3D,0.0,00003_001944_06,0,0,0.060826316475868225,0.09495288133621216,0.0,12,R1,0.0,0.0
fixed,0,RELLIS-3D,0.0,00003_001944_06,0,0,0.060826316475868225,0.09495288133621216,0.0,12,R1,0.0,0.0
zero,0,RELLIS-3D,0.0,00003_001944_06,0,0,0.059752918779850006,0.09351110458374023,0.0,24,R1,0.0,0.0
learned,0,RELLIS-3D,0.0,00003_001944_06,0,0,0.059752918779850006,0.09351110458374023,0.0,24,R1,0.0,0.0
fixed,0,RELLIS-3D,0.0,00003_001944_06,0,0,0.059752918779850006,0.09351110458374023,0.0,24,R1,0.0,0.0
zero,0,RELLIS-3D,0.0,00003_001944_06,0,0,0.06296250969171524,0.09647544473409653,0.0,36,R1,0.0,0.0
learned,0,RELLIS-3D,0.0,00003_001944_06,0,0,0.06296250969171524,0.09647544473409653,0.0,36,R1,0.0,0.0
fixed,0,RELLIS-3D,0.0,00003_001944_06,0,0,0.06296250969171524,0.09647544473409653,0.0,36,R1,0.0,0.0
zero,0,RELLIS-3D,0.0,00003_001944_06,0,0,0.07935594767332077,0.10339020937681198,0.0,48,R1,0.0,0.0
learned,0,RELLIS-3D,0.0,00003_001944_06,0,0,0.07935594767332077,0.10339020937681198,0.0,48,R1,0.0,0.0
fixed,0,RELLIS-3D,0.0,00003_001944_06,0,0,0.07935594767332077,0.10339020937681198,0.0,48,R1,0.0,0.0
zero,0,RELLIS-3D,0.0,00003_001944_06,0,0,0.08038082718849182,0.09902726858854294,0.0,60,R1,0.0,0.0
learned,0,RELLIS-3D,0.0,00003_001944_06,0,0,0.08038082718849182,0.09902726858854294,0.0,60,R1,0.0,0.0
fixed,0,RELLIS-3D,0.0,00003_001944_06,0,0,0.08038082718849182,0.09902726858854294,0.0,60,R1,0.0,0.0
zero,0,RELLIS-3D,0.0,00003_001944_07,0,0,0.05542439967393875,0.09356410056352615,0.0,0,R1,0.0,0.0
learned,0,RELLIS-3D,0.0,00003_001944_07,0,0,0.05542439967393875,0.09356410056352615,0.0,0,R1,0.0,0.0
fixed,0,RELLIS-3D,0.0,00003_001944_07,0,0,0.05542439967393875,0.09356410056352615,0.0,0,R1,0.0,0.0
zero,0,RELLIS-3D,0.0,00003_001944_07,0,0,0.08424948155879974,0.11703528463840485,0.0,12,R1,0.0,0.0
learned,0,RELLIS-3D,0.0,00003_001944_07,0,0,0.08424948155879974,0.11703528463840485,0.0,12,R1,0.0,0.0
fixed,0,RELLIS-3D,0.0,00003_001944_07,0,0,0.08424948155879974,0.11703528463840485,0.0,12,R1,0.0,0.0
zero,0,RELLIS-3D,0.0,00003_001944_07,0,0,0.07644586265087128,0.10983811318874359,0.0,24,R1,0.0,0.0
learned,0,RELLIS-3D,0.0,00003_001944_07,0,0,0.07644586265087128,0.10983811318874359,0.0,24,R1,0.0,0.0
fixed,0,RELLIS-3D,0.0,00003_001944_07,0,0,0.07644586265087128,0.10983811318874359,0.0,24,R1,0.0,0.0
zero,0,RELLIS-3D,0.0,00003_001944_07,0,0,0.07164589315652847,0.10387924313545227,0.0,36,R1,0.0,0.0
learned,0,RELLIS-3D,0.0,00003_001944_07,0,0,0.07164589315652847,0.10387924313545227,0.0,36,R1,0.0,0.0
fixed,0,RELLIS-3D,0.0,00003_001944_07,0,0,0.07164589315652847,0.10387924313545227,0.0,36,R1,0.0,0.0
zero,0,RELLIS-3D,0.0,00003_001944_07,0,0,0.08118574321269989,0.1084793284535408,0.0,48,R1,0.0,0.0
learned,0,RELLIS-3D,0.0,00003_001944_07,0,0,0.08118574321269989,0.1084793284535408,0.0,48,R1,0.0,0.0
fixed,0,RELLIS-3D,0.0,00003_001944_07,0,0,0.08118574321269989,0.1084793284535408,0.0,48,R1,0.0,0.0
zero,0,RELLIS-3D,0.0,00003_001944_07,0,0,0.08053823560476303,0.10354187339544296,0.0,60,R1,0.0,0.0
learned,0,RELLIS-3D,0.0,00003_001944_07,0,0,0.08053823560476303,0.10354187339544296,0.0,60,R1,0.0,0.0
fixed,0,RELLIS-3D,0.0,00003_001944_07,0,0,0.08053823560476303,0.10354187339544296,0.0,60,R1,0.0,0.0
zero,0,RELLIS-3D,0.0,00003_000381_00,0,0,0.11273548752069473,0.13305440545082092,0.0,0,R1,0.0,0.0
learned,0,RELLIS-3D,0.0,00003_000381_00,0,0,0.11273548752069473,0.13305440545082092,0.0,0,R1,0.0,0.0
fixed,0,RELLIS-3D,0.0,00003_000381_00,0,0,0.11273548752069473,0.13305440545082092,0.0,0,R1,0.0,0.0
zero,0,RELLIS-3D,0.0,00003_000381_00,0,0,0.0891687273979187,0.11187787353992462,0.0,12,R1,0.0,0.0
learned,0,RELLIS-3D,0.0,00003_000381_00,0,0,0.0891687273979187,0.11187787353992462,0.0,12,R1,0.0,0.0
fixed,0,RELLIS-3D,0.0,00003_000381_00,0,0,0.0891687273979187,0.11187787353992462,0.0,12,R1,0.0,0.0
zero,0,RELLIS-3D,0.0,00003_000381_00,0,0,0.07901140302419662,0.10426491498947144,0.0,24,R1,0.0,0.0
learned,0,RELLIS-3D,0.0,00003_000381_00,0,0,0.07901140302419662,0.10426491498947144,0.0,24,R1,0.0,0.0
fixed,0,RELLIS-3D,0.0,00003_000381_00,0,0,0.07901140302419662,0.10426491498947144,0.0,24,R1,0.0,0.0
zero,0,RELLIS-3D,0.0,00003_000381_00,0,0,0.07369790971279144,0.09940886497497559,0.0,36,R1,0.0,0.0
learned,0,RELLIS-3D,0.0,00003_000381_00,0,0,0.07369790971279144,0.09940886497497559,0.0,36,R1,0.0,0.0
fixed,0,RELLIS-3D,0.0,00003_000381_00,0,0,0.07369790971279144,0.09940886497497559,0.0,36,R1,0.0,0.0
zero,0,RELLIS-3D,0.0,00003_000381_00,0,0,0.07261117547750473,0.10241628438234329,0.0,48,R1,0.0,0.0
learned,0,RELLIS-3D,0.0,00003_000381_00,0,0,0.07261117547750473,0.10241628438234329,0.0,48,R1,0.0,0.0
fixed,0,RELLIS-3D,0.0,00003_000381_00,0,0,0.07261117547750473,0.10241628438234329,0.0,48,R1,0.0,0.0
zero,0,RELLIS-3D,0.0,00003_000381_00,0,0,0.05101238191127777,0.0827849805355072,0.0,60,R1,0.0,0.0
learned,0,RELLIS-3D,0.0,00003_000381_00,0,0,0.05101238191127777,0.0827849805355072,0.0,60,R1,0.0,0.0
fixed,0,RELLIS-3D,0.0,00003_000381_00,0,0,0.05101238191127777,0.0827849805355072,0.0,60,R1,0.0,0.0
zero,0,RELLIS-3D,0.0,00003_000381_01,0,0,0.09184733033180237,0.11584125459194183,0.0,0,R1,0.0,0.0
learned,0,RELLIS-3D,0.0,00003_000381_01,0,0,0.09184733033180237,0.11584125459194183,0.0,0,R1,0.0,0.0
fixed,0,RELLIS-3D,0.0,00003_000381_01,0,0,0.09184733033180237,0.11584125459194183,0.0,0,R1,0.0,0.0
zero,0,RELLIS-3D,0.0,00003_000381_01,0,0,0.08080869913101196,0.10630865395069122,0.0,12,R1,0.0,0.0
learned,0,RELLIS-3D,0.0,00003_000381_01,0,0,0.08080869913101196,0.10630865395069122,0.0,12,R1,0.0,0.0
fixed,0,RELLIS-3D,0.0,00003_000381_01,0,0,0.08080869913101196,0.10630865395069122,0.0,12,R1,0.0,0.0
zero,0,RELLIS-3D,0.0,00003_000381_01,0,0,0.07145606726408005,0.09865902364253998,0.0,24,R1,0.0,0.0
learned,0,RELLIS-3D,0.0,00003_000381_01,0,0,0.07145606726408005,0.09865902364253998,0.0,24,R1,0.0,0.0
fixed,0,RELLIS-3D,0.0,00003_000381_01,0,0,0.07145606726408005,0.09865902364253998,0.0,24,R1,0.0,0.0
zero,0,RELLIS-3D,0.0,00003_000381_01,0,0,0.0720350369811058,0.10045748949050903,0.0,36,R1,0.0,0.0
learned,0,RELLIS-3D,0.0,00003_000381_01,0,0,0.0720350369811058,0.10045748949050903,0.0,36,R1,0.0,0.0
fixed,0,RELLIS-3D,0.0,00003_000381_01,0,0,0.0720350369811058,0.10045748949050903,0.0,36,R1,0.0,0.0
zero,0,RELLIS-3D,0.0,00003_000381_01,0,0,0.06442807614803314,0.09515136480331421,0.0,48,R1,0.0,0.0
learned,0,RELLIS-3D,0.0,00003_000381_01,0,0,0.06442807614803314,0.09515136480331421,0.0,48,R1,0.0,0.0
fixed,0,RELLIS-3D,0.0,00003_000381_01,0,0,0.06442807614803314,0.09515136480331421,0.0,48,R1,0.0,0.0
zero,0,RELLIS-3D,0.0,00003_000381_01,0,0,0.06294597685337067,0.09674090147018433,0.0,60,R1,0.0,0.0
learned,0,RELLIS-3D,0.0,00003_000381_01,0,0,0.06294597685337067,0.09674090147018433,0.0,60,R1,0.0,0.0
fixed,0,RELLIS-3D,0.0,00003_000381_01,0,0,0.06294597685337067,0.09674090147018433,0.0,60,R1,0.0,0.0
zero,0,RELLIS-3D,0.0,00003_000381_02,0,0,0.10641305148601532,0.13077454268932343,0.0,0,R2,0.0,0.0
learned,0,RELLIS-3D,0.0,00003_000381_02,0,0,0.10641305148601532,0.13077454268932343,0.0,0,R2,0.0,0.0
fixed,0,RELLIS-3D,0.0,00003_000381_02,0,0,0.10641305148601532,0.13077454268932343,0.0,0,R2,0.0,0.0
zero,0,RELLIS-3D,0.0,00003_000381_02,0,0,0.07254744321107864,0.09948715567588806,0.0,12,R2,0.0,0.0
learned,0,RELLIS-3D,0.0,00003_000381_02,0,0,0.07254744321107864,0.09948715567588806,0.0,12,R2,0.0,0.0
fixed,0,RELLIS-3D,0.0,00003_000381_02,0,0,0.07254744321107864,0.09948715567588806,0.0,12,R2,0.0,0.0
zero,0,RELLIS-3D,0.0,00003_000381_02,0,0,0.06581784784793854,0.09623558074235916,0.0,24,R2,0.0,0.0
learned,0,RELLIS-3D,0.0,00003_000381_02,0,0,0.06581784784793854,0.09623558074235916,0.0,24,R2,0.0,0.0
fixed,0,RELLIS-3D,0.0,00003_000381_02,0,0,0.06581784784793854,0.09623558074235916,0.0,24,R2,0.0,0.0
zero,0,RELLIS-3D,0.0,00003_000381_02,0,0,0.0693560242652893,0.09954258799552917,0.0,36,R2,0.0,0.0
learned,0,RELLIS-3D,0.0,00003_000381_02,0,0,0.0693560242652893,0.09954258799552917,0.0,36,R2,0.0,0.0
fixed,0,RELLIS-3D,0.0,00003_000381_02,0,0,0.0693560242652893,0.09954258799552917,0.0,36,R2,0.0,0.0
zero,0,RELLIS-3D,0.0,00003_000381_02,0,0,0.07271402329206467,0.10464415699243546,0.0,48,R2,0.0,0.0
learned,0,RELLIS-3D,0.0,00003_000381_02,0,0,0.07271402329206467,0.10464415699243546,0.0,48,R2,0.0,0.0
fixed,0,RELLIS-3D,0.0,00003_000381_02,0,0,0.07271402329206467,0.10464415699243546,0.0,48,R2,0.0,0.0
zero,0,RELLIS-3D,0.0,00003_000381_02,0,0,0.07545748353004456,0.1096116453409195,0.0,60,R2,0.0,0.0
learned,0,RELLIS-3D,0.0,00003_000381_02,0,0,0.07545748353004456,0.1096116453409195,0.0,60,R2,0.0,0.0
fixed,0,RELLIS-3D,0.0,00003_000381_02,0,0,0.07545748353004456,0.1096116453409195,0.0,60,R2,0.0,0.0
zero,0,RELLIS-3D,0.0,00003_000381_03,0,0,0.10261011123657227,0.12493949383497238,0.0,0,R1,0.0,0.0
learned,0,RELLIS-3D,0.0,00003_000381_03,0,0,0.10261011123657227,0.12493949383497238,0.0,0,R1,0.0,0.0
fixed,0,RELLIS-3D,0.0,00003_000381_03,0,0,0.10261011123657227,0.12493949383497238,0.0,0,R1,0.0,0.0
zero,0,RELLIS-3D,0.0,00003_000381_03,0,0,0.08208905160427094,0.1056012362241745,0.0,12,R1,0.0,0.0
learned,0,RELLIS-3D,0.0,00003_000381_03,0,0,0.08208905160427094,0.1056012362241745,0.0,12,R1,0.0,0.0
fixed,0,RELLIS-3D,0.0,00003_000381_03,0,0,0.08208905160427094,0.1056012362241745,0.0,12,R1,0.0,0.0
zero,0,RELLIS-3D,0.0,00003_000381_03,0,0,0.07531028985977173,0.1016014888882637,0.0,24,R1,0.0,0.0
learned,0,RELLIS-3D,0.0,00003_000381_03,0,0,0.07531028985977173,0.1016014888882637,0.0,24,R1,0.0,0.0
fixed,0,RELLIS-3D,0.0,00003_000381_03,0,0,0.07531028985977173,0.1016014888882637,0.0,24,R1,0.0,0.0
zero,0,RELLIS-3D,0.0,00003_000381_03,0,0,0.07219614088535309,0.10025280714035034,0.0,36,R1,0.0,0.0
learned,0,RELLIS-3D,0.0,00003_000381_03,0,0,0.07219614088535309,0.10025280714035034,0.0,36,R1,0.0,0.0
fixed,0,RELLIS-3D,0.0,00003_000381_03,0,0,0.07219614088535309,0.10025280714035034,0.0,36,R1,0.0,0.0
zero,0,RELLIS-3D,0.0,00003_000381_03,0,0,0.0675121545791626,0.09752191603183746,0.0,48,R1,0.0,0.0
learned,0,RELLIS-3D,0.0,00003_000381_03,0,0,0.0675121545791626,0.09752191603183746,0.0,48,R1,0.0,0.0
fixed,0,RELLIS-3D,0.0,00003_000381_03,0,0,0.0675121545791626,0.09752191603183746,0.0,48,R1,0.0,0.0
zero,0,RELLIS-3D,0.0,00003_000381_03,0,0,0.06289698928594589,0.09722889214754105,0.0,60,R1,0.0,0.0
learned,0,RELLIS-3D,0.0,00003_000381_03,0,0,0.06289698928594589,0.09722889214754105,0.0,60,R1,0.0,0.0
fixed,0,RELLIS-3D,0.0,00003_000381_03,0,0,0.06289698928594589,0.09722889214754105,0.0,60,R1,0.0,0.0
zero,0,RELLIS-3D,0.0,00003_000381_03,0,0,0.06331657618284225,0.10325060039758682,0.0,72,R1,0.0,0.0
learned,0,RELLIS-3D,0.0,00003_000381_03,0,0,0.06331657618284225,0.10325060039758682,0.0,72,R1,0.0,0.0
fixed,0,RELLIS-3D,0.0,00003_000381_03,0,0,0.06331657618284225,0.10325060039758682,0.0,72,R1,0.0,0.0
zero,0,RELLIS-3D,0.0,00003_000381_04,0,0,0.104853555560112,0.1312187910079956,0.0,0,R2,0.0,0.0
learned,0,RELLIS-3D,0.0,00003_000381_04,0,0,0.104853555560112,0.1312187910079956,0.0,0,R2,0.0,0.0
fixed,0,RELLIS-3D,0.0,00003_000381_04,0,0,0.104853555560112,0.1312187910079956,0.0,0,R2,0.0,0.0
zero,0,RELLIS-3D,0.0,00003_000381_04,0,0,0.07107614725828171,0.10120002925395966,0.0,12,R2,0.0,0.0
learned,0,RELLIS-3D,0.0,00003_000381_04,0,0,0.07107614725828171,0.10120002925395966,0.0,12,R2,0.0,0.0
fixed,0,RELLIS-3D,0.0,00003_000381_04,0,0,0.07107614725828171,0.10120002925395966,0.0,12,R2,0.0,0.0
zero,0,RELLIS-3D,0.0,00003_000381_04,0,0,0.06817387789487839,0.09831921756267548,0.0,24,R2,0.0,0.0
learned,0,RELLIS-3D,0.0,00003_000381_04,0,0,0.06817387789487839,0.09831921756267548,0.0,24,R2,0.0,0.0
fixed,0,RELLIS-3D,0.0,00003_000381_04,0,0,0.06817387789487839,0.09831921756267548,0.0,24,R2,0.0,0.0
zero,0,RELLIS-3D,0.0,00003_000381_04,0,0,0.07018445432186127,0.10115251690149307,0.0,36,R2,0.0,0.0
learned,0,RELLIS-3D,0.0,00003_000381_04,0,0,0.07018445432186127,0.10115251690149307,0.0,36,R2,0.0,0.0
fixed,0,RELLIS-3D,0.0,00003_000381_04,0,0,0.07018445432186127,0.10115251690149307,0.0,36,R2,0.0,0.0
zero,0,RELLIS-3D,0.0,00003_000381_04,0,0,0.0756743997335434,0.10716802626848221,0.0,48,R2,0.0,0.0
learned,0,RELLIS-3D,0.0,00003_000381_04,0,0,0.0756743997335434,0.10716802626848221,0.0,48,R2,0.0,0.0
fixed,0,RELLIS-3D,0.0,00003_000381_04,0,0,0.0756743997335434,0.10716802626848221,0.0,48,R2,0.0,0.0
zero,0,RELLIS-3D,0.0,00003_000381_04,0,0,0.07425545901060104,0.10603144764900208,0.0,60,R2,0.0,0.0
learned,0,RELLIS-3D,0.0,00003_000381_04,0,0,0.07425545901060104,0.10603144764900208,0.0,60,R2,0.0,0.0
fixed,0,RELLIS-3D,0.0,00003_000381_04,0,0,0.07425545901060104,0.10603144764900208,0.0,60,R2,0.0,0.0
zero,0,RELLIS-3D,0.0,00003_000381_04,0,0,0.07484369724988937,0.10966403782367706,0.0,72,R2,0.0,0.0
learned,0,RELLIS-3D,0.0,00003_000381_04,0,0,0.07484369724988937,0.10966403782367706,0.0,72,R2,0.0,0.0
fixed,0,RELLIS-3D,0.0,00003_000381_04,0,0,0.07484369724988937,0.10966403782367706,0.0,72,R2,0.0,0.0
zero,0,RELLIS-3D,0.0,00003_000381_05,0,0,0.07807639241218567,0.10760859400033951,0.0,0,R1,0.0,0.0
learned,0,RELLIS-3D,0.0,00003_000381_05,0,0,0.07807639241218567,0.10760859400033951,0.0,0,R1,0.0,0.0
fixed,0,RELLIS-3D,0.0,00003_000381_05,0,0,0.07807639241218567,0.10760859400033951,0.0,0,R1,0.0,0.0
zero,0,RELLIS-3D,0.0,00003_000381_05,0,0,0.07536672800779343,0.1066674143075943,0.0,12,R1,0.0,0.0
learned,0,RELLIS-3D,0.0,00003_000381_05,0,0,0.07536672800779343,0.1066674143075943,0.0,12,R1,0.0,0.0
fixed,0,RELLIS-3D,0.0,00003_000381_05,0,0,0.07536672800779343,0.1066674143075943,0.0,12,R1,0.0,0.0
zero,0,RELLIS-3D,0.0,00003_000381_05,0,0,0.07650173455476761,0.10701620578765869,0.0,24,R1,0.0,0.0
learned,0,RELLIS-3D,0.0,00003_000381_05,0,0,0.07650173455476761,0.10701620578765869,0.0,24,R1,0.0,0.0
fixed,0,RELLIS-3D,0.0,00003_000381_05,0,0,0.07650173455476761,0.10701620578765869,0.0,24,R1,0.0,0.0
zero,0,RELLIS-3D,0.0,00003_000381_05,0,0,0.07634326815605164,0.10793223232030869,0.0,36,R1,0.0,0.0
learned,0,RELLIS-3D,0.0,00003_000381_05,0,0,0.07634326815605164,0.10793223232030869,0.0,36,R1,0.0,0.0
fixed,0,RELLIS-3D,0.0,00003_000381_05,0,0,0.07634326815605164,0.10793223232030869,0.0,36,R1,0.0,0.0
zero,0,RELLIS-3D,0.0,00003_000381_05,0,0,0.07572384178638458,0.10884390026330948,0.0,48,R1,0.0,0.0
learned,0,RELLIS-3D,0.0,00003_000381_05,0,0,0.07572384178638458,0.10884390026330948,0.0,48,R1,0.0,0.0
fixed,0,RELLIS-3D,0.0,00003_000381_05,0,0,0.07572384178638458,0.10884390026330948,0.0,48,R1,0.0,0.0
zero,0,RELLIS-3D,0.0,00003_000381_05,0,0,0.07656681537628174,0.10586020350456238,0.0,60,R1,0.0,0.0
learned,0,RELLIS-3D,0.0,00003_000381_05,0,0,0.07656681537628174,0.10586020350456238,0.0,60,R1,0.0,0.0
fixed,0,RELLIS-3D,0.0,00003_000381_05,0,0,0.07656681537628174,0.10586020350456238,0.0,60,R1,0.0,0.0
zero,0,RELLIS-3D,0.0,00003_000381_06,0,0,0.10030284523963928,0.12122570723295212,0.0,0,R3,0.0,0.0
learned,0,RELLIS-3D,0.0,00003_000381_06,0,0,0.10030284523963928,0.12122570723295212,0.0,0,R3,0.0,0.0
fixed,0,RELLIS-3D,0.0,00003_000381_06,0,0,0.10030284523963928,0.12122570723295212,0.0,0,R3,0.0,0.0
zero,0,RELLIS-3D,0.0,00003_000381_06,0,0,0.08691136538982391,0.10811761021614075,0.0,12,R3,0.0,0.0
learned,0,RELLIS-3D,0.0,00003_000381_06,0,0,0.08691136538982391,0.10811761021614075,0.0,12,R3,0.0,0.0
fixed,0,RELLIS-3D,0.0,00003_000381_06,0,0,0.08691136538982391,0.10811761021614075,0.0,12,R3,0.0,0.0
zero,0,RELLIS-3D,0.0,00003_000381_06,0,0,0.0758160650730133,0.09916527569293976,0.0,24,R3,0.0,0.0
learned,0,RELLIS-3D,0.0,00003_000381_06,0,0,0.0758160650730133,0.09916527569293976,0.0,24,R3,0.0,0.0
fixed,0,RELLIS-3D,0.0,00003_000381_06,0,0,0.0758160650730133,0.09916527569293976,0.0,24,R3,0.0,0.0
zero,0,RELLIS-3D,0.0,00003_000381_06,0,0,0.0745597630739212,0.10193395614624023,0.0,36,R3,0.0,0.0
learned,0,RELLIS-3D,0.0,00003_000381_06,0,0,0.0745597630739212,0.10193395614624023,0.0,36,R3,0.0,0.0
fixed,0,RELLIS-3D,0.0,00003_000381_06,0,0,0.0745597630739212,0.10193395614624023,0.0,36,R3,0.0,0.0
zero,0,RELLIS-3D,0.0,00003_000381_06,0,0,0.05251199007034302,0.08482275903224945,0.0,48,R3,0.0,0.0
learned,0,RELLIS-3D,0.0,00003_000381_06,0,0,0.05251199007034302,0.08482275903224945,0.0,48,R3,0.0,0.0
fixed,0,RELLIS-3D,0.0,00003_000381_06,0,0,0.05251199007034302,0.08482275903224945,0.0,48,R3,0.0,0.0
zero,0,RELLIS-3D,0.0,00003_000381_06,0,0,0.05017863214015961,0.08525851368904114,0.0,60,R3,0.0,0.0
learned,0,RELLIS-3D,0.0,00003_000381_06,0,0,0.05017863214015961,0.08525851368904114,0.0,60,R3,0.0,0.0
fixed,0,RELLIS-3D,0.0,00003_000381_06,0,0,0.05017863214015961,0.08525851368904114,0.0,60,R3,0.0,0.0
zero,0,RELLIS-3D,0.0,00003_000381_07,0,1,0.1029260903596878,0.12772317230701447,0.0,0,R1,0.0,0.0
learned,0,RELLIS-3D,-0.007518770173192024,00003_000381_07,0,1,0.1029260903596878,0.12772317230701447,0.12772317230701447,0,R1,0.019275257363915443,0.0192746389657259
fixed,0,RELLIS-3D,-0.08830155432224274,00003_000381_07,0,1,0.1029260903596878,0.12772317230701447,1.5,0,R1,0.22637149691581726,0.22636422514915466
zero,0,RELLIS-3D,0.0,00003_000381_07,0,0,0.08230113238096237,0.10496416687965393,0.0,12,R1,0.0,0.0
learned,0,RELLIS-3D,0.0,00003_000381_07,0,0,0.08230113238096237,0.10496416687965393,0.0,12,R1,0.0,0.0
fixed,0,RELLIS-3D,0.0,00003_000381_07,0,0,0.08230113238096237,0.10496416687965393,0.0,12,R1,0.0,0.0
zero,0,RELLIS-3D,0.0,00003_000381_07,0,1,0.07288452982902527,0.10003413259983063,0.0,24,R1,0.0,0.0
learned,0,RELLIS-3D,-0.022561505436897278,00003_000381_07,0,1,0.07288452982902527,0.10003413259983063,0.10003413259983063,24,R1,0.026970313861966133,0.005504081025719643
fixed,0,RELLIS-3D,-0.33830708265304565,00003_000381_07,0,1,0.07288452982902527,0.10003413259983063,1.5,24,R1,0.40441665053367615,0.08253304660320282
zero,0,RELLIS-3D,0.0,00003_000381_07,0,0,0.0720350369811058,0.10045748949050903,0.0,36,R1,0.0,0.0
learned,0,RELLIS-3D,0.0,00003_000381_07,0,0,0.0720350369811058,0.10045748949050903,0.0,36,R1,0.0,0.0
fixed,0,RELLIS-3D,0.0,00003_000381_07,0,0,0.0720350369811058,0.10045748949050903,0.0,36,R1,0.0,0.0
zero,0,RELLIS-3D,0.0,00003_000381_07,0,0,0.06442807614803314,0.09515136480331421,0.0,48,R1,0.0,0.0
learned,0,RELLIS-3D,0.0,00003_000381_07,0,0,0.06442807614803314,0.09515136480331421,0.0,48,R1,0.0,0.0
fixed,0,RELLIS-3D,0.0,00003_000381_07,0,0,0.06442807614803314,0.09515136480331421,0.0,48,R1,0.0,0.0
zero,0,RELLIS-3D,0.0,00003_000381_07,0,0,0.07602012902498245,0.10848952829837799,0.0,60,R1,0.0,0.0
learned,0,RELLIS-3D,0.0,00003_000381_07,0,0,0.07602012902498245,0.10848952829837799,0.0,60,R1,0.0,0.0
fixed,0,RELLIS-3D,0.0,00003_000381_07,0,0,0.07602012902498245,0.10848952829837799,0.0,60,R1,0.0,0.0
zero,0,RELLIS-3D,0.0,00003_000680_00,0,0,0.1226496621966362,0.14218257367610931,0.0,0,R1,0.0,0.0
learned,0,RELLIS-3D,0.0,00003_000680_00,0,0,0.1226496621966362,0.14218257367610931,0.0,0,R1,0.0,0.0
fixed,0,RELLIS-3D,0.0,00003_000680_00,0,0,0.1226496621966362,0.14218257367610931,0.0,0,R1,0.0,0.0
zero,0,RELLIS-3D,0.0,00003_000680_00,0,0,0.10516113042831421,0.12864552438259125,0.0,12,R1,0.0,0.0
learned,0,RELLIS-3D,0.0,00003_000680_00,0,0,0.10516113042831421,0.12864552438259125,0.0,12,R1,0.0,0.0
fixed,0,RELLIS-3D,0.0,00003_000680_00,0,0,0.10516113042831421,0.12864552438259125,0.0,12,R1,0.0,0.0
zero,0,RELLIS-3D,0.0,00003_000680_00,0,0,0.09912565350532532,0.12452308088541031,0.0,24,R1,0.0,0.0
learned,0,RELLIS-3D,0.0,00003_000680_00,0,0,0.09912565350532532,0.12452308088541031,0.0,24,R1,0.0,0.0
fixed,0,RELLIS-3D,0.0,00003_000680_00,0,0,0.09912565350532532,0.12452308088541031,0.0,24,R1,0.0,0.0
zero,0,RELLIS-3D,0.0,00003_000680_00,0,0,0.08870026469230652,0.11650402098894119,0.0,36,R1,0.0,0.0
learned,0,RELLIS-3D,0.0,00003_000680_00,0,0,0.08870026469230652,0.11650402098894119,0.0,36,R1,0.0,0.0
fixed,0,RELLIS-3D,0.0,00003_000680_00,0,0,0.08870026469230652,0.11650402098894119,0.0,36,R1,0.0,0.0
zero,0,RELLIS-3D,0.0,00003_000680_00,0,0,0.07984515279531479,0.10924921929836273,0.0,48,R1,0.0,0.0
learned,0,RELLIS-3D,0.0,00003_000680_00,0,0,0.07984515279531479,0.10924921929836273,0.0,48,R1,0.0,0.0
fixed,0,RELLIS-3D,0.0,00003_000680_00,0,0,0.07984515279531479,0.10924921929836273,0.0,48,R1,0.0,0.0
zero,0,RELLIS-3D,0.0,00003_000680_00,0,0,0.07922983914613724,0.10383923351764679,0.0,60,R1,0.0,0.0
learned,0,RELLIS-3D,0.0,00003_000680_00,0,0,0.07922983914613724,0.10383923351764679,0.0,60,R1,0.0,0.0
fixed,0,RELLIS-3D,0.0,00003_000680_00,0,0,0.07922983914613724,0.10383923351764679,0.0,60,R1,0.0,0.0
zero,0,RELLIS-3D,0.0,00003_000680_01,0,0,0.090751051902771,0.12713190913200378,0.0,0,R3,0.0,0.0
learned,0,RELLIS-3D,0.0,00003_000680_01,0,0,0.090751051902771,0.12713190913200378,0.0,0,R3,0.0,0.0
fixed,0,RELLIS-3D,0.0,00003_000680_01,0,0,0.090751051902771,0.12713190913200378,0.0,0,R3,0.0,0.0
zero,0,RELLIS-3D,0.0,00003_000680_01,0,0,0.08812662214040756,0.12119412422180176,0.0,12,R3,0.0,0.0
learned,0,RELLIS-3D,0.0,00003_000680_01,0,0,0.08812662214040756,0.12119412422180176,0.0,12,R3,0.0,0.0
fixed,0,RELLIS-3D,0.0,00003_000680_01,0,0,0.08812662214040756,0.12119412422180176,0.0,12,R3,0.0,0.0
zero,0,RELLIS-3D,0.0,00003_000680_01,0,0,0.08275815844535828,0.1166815310716629,0.0,24,R3,0.0,0.0
learned,0,RELLIS-3D,0.0,00003_000680_01,0,0,0.08275815844535828,0.1166815310716629,0.0,24,R3,0.0,0.0
fixed,0,RELLIS-3D,0.0,00003_000680_01,0,0,0.08275815844535828,0.1166815310716629,0.0,24,R3,0.0,0.0
zero,0,RELLIS-3D,0.0,00003_000680_01,0,0,0.0769321545958519,0.11057162284851074,0.0,36,R3,0.0,0.0
learned,0,RELLIS-3D,0.0,00003_000680_01,0,0,0.0769321545958519,0.11057162284851074,0.0,36,R3,0.0,0.0
fixed,0,RELLIS-3D,0.0,00003_000680_01,0,0,0.0769321545958519,0.11057162284851074,0.0,36,R3,0.0,0.0
zero,0,RELLIS-3D,0.0,00003_000680_01,0,0,0.07533645629882812,0.107826828956604,0.0,48,R3,0.0,0.0
learned,0,RELLIS-3D,0.0,00003_000680_01,0,0,0.07533645629882812,0.107826828956604,0.0,48,R3,0.0,0.0
fixed,0,RELLIS-3D,0.0,00003_000680_01,0,0,0.07533645629882812,0.107826828956604,0.0,48,R3,0.0,0.0
zero,0,RELLIS-3D,0.0,00003_000680_01,0,0,0.0762869343161583,0.10411018133163452,0.0,60,R3,0.0,0.0
learned,0,RELLIS-3D,0.0,00003_000680_01,0,0,0.0762869343161583,0.10411018133163452,0.0,60,R3,0.0,0.0
fixed,0,RELLIS-3D,0.0,00003_000680_01,0,0,0.0762869343161583,0.10411018133163452,0.0,60,R3,0.0,0.0
zero,0,RELLIS-3D,0.0,00003_000680_02,0,1,0.08886894583702087,0.1189579963684082,0.0,0,R1,0.0,0.0
learned,0,RELLIS-3D,0.008401257917284966,00003_000680_02,0,1,0.08886894583702087,0.1189579963684082,0.1189579963684082,0,R1,0.020166881382465363,0.020153086632490158
fixed,1,RELLIS-3D,0.10593558847904205,00003_000680_02,0,1,0.08886894583702087,0.1189579963684082,1.5,0,R1,0.25429415702819824,0.25412020087242126
zero,0,RELLIS-3D,0.0,00003_000680_02,0,0,0.08836034685373306,0.12059576064348221,0.0,12,R1,0.0,0.0
learned,0,RELLIS-3D,0.0,00003_000680_02,0,0,0.08836034685373306,0.12059576064348221,0.0,12,R1,0.0,0.0
fixed,0,RELLIS-3D,0.0,00003_000680_02,0,0,0.08836034685373306,0.12059576064348221,0.0,12,R1,0.0,0.0
zero,0,RELLIS-3D,0.0,00003_000680_02,0,0,0.0796961784362793,0.11150872707366943,0.0,24,R1,0.0,0.0
learned,0,RELLIS-3D,0.0,00003_000680_02,0,0,0.0796961784362793,0.11150872707366943,0.0,24,R1,0.0,0.0
fixed,0,RELLIS-3D,0.0,00003_000680_02,0,0,0.0796961784362793,0.11150872707366943,0.0,24,R1,0.0,0.0
zero,0,RELLIS-3D,0.0,00003_000680_02,0,0,0.07585029304027557,0.10429393500089645,0.0,36,R1,0.0,0.0
learned,0,RELLIS-3D,0.0,00003_000680_02,0,0,0.07585029304027557,0.10429393500089645,0.0,36,R1,0.0,0.0
fixed,0,RELLIS-3D,0.0,00003_000680_02,0,0,0.07585029304027557,0.10429393500089645,0.0,36,R1,0.0,0.0
zero,0,RELLIS-3D,0.0,00003_000680_02,0,0,0.07832668721675873,0.1033128872513771,0.0,48,R1,0.0,0.0
learned,0,RELLIS-3D,0.0,00003_000680_02,0,0,0.07832668721675873,0.1033128872513771,0.0,48,R1,0.0,0.0
fixed,0,RELLIS-3D,0.0,00003_000680_02,0,0,0.07832668721675873,0.1033128872513771,0.0,48,R1,0.0,0.0
zero,0,RELLIS-3D,0.0,00003_000680_03,0,1,0.1068810373544693,0.13246500492095947,0.0,0,R1,0.0,0.0
learned,0,RELLIS-3D,0.0002942062565125525,00003_000680_03,0,1,0.1068810373544693,0.13246500492095947,0.13246500492095947,0,R1,0.0004447681421879679,0.00042075588135048747
fixed,0,RELLIS-3D,0.0033315166365355253,00003_000680_03,0,1,0.1068810373544693,0.13246500492095947,1.5,0,R1,0.00503644160926342,0.004764532670378685
zero,0,RELLIS-3D,0.0,00003_000680_03,0,0,0.09197860211133957,0.12272230535745621,0.0,12,R1,0.0,0.0
learned,0,RELLIS-3D,0.0,00003_000680_03,0,0,0.09197860211133957,0.12272230535745621,0.0,12,R1,0.0,0.0
fixed,0,RELLIS-3D,0.0,00003_000680_03,0,0,0.09197860211133957,0.12272230535745621,0.0,12,R1,0.0,0.0
zero,0,RELLIS-3D,0.0,00003_000680_03,0,0,0.08301825821399689,0.1144372820854187,0.0,24,R1,0.0,0.0
learned,0,RELLIS-3D,0.0,00003_000680_03,0,0,0.08301825821399689,0.1144372820854187,0.0,24,R1,0.0,0.0
fixed,0,RELLIS-3D,0.0,00003_000680_03,0,0,0.08301825821399689,0.1144372820854187,0.0,24,R1,0.0,0.0
zero,0,RELLIS-3D,0.0,00003_000680_03,0,0,0.07797612994909286,0.10947130620479584,0.0,36,R1,0.0,0.0
learned,0,RELLIS-3D,0.0,00003_000680_03,0,0,0.07797612994909286,0.10947130620479584,0.0,36,R1,0.0,0.0
fixed,0,RELLIS-3D,0.0,00003_000680_03,0,0,0.07797612994909286,0.10947130620479584,0.0,36,R1,0.0,0.0
zero,0,RELLIS-3D,0.0,00003_000680_03,0,0,0.07563388347625732,0.10642704367637634,0.0,48,R1,0.0,0.0
learned,0,RELLIS-3D,0.0,00003_000680_03,0,0,0.07563388347625732,0.10642704367637634,0.0,48,R1,0.0,0.0
fixed,0,RELLIS-3D,0.0,00003_000680_03,0,0,0.07563388347625732,0.10642704367637634,0.0,48,R1,0.0,0.0
zero,0,RELLIS-3D,0.0,00003_000680_04,0,0,0.12268529832363129,0.14274729788303375,0.0,0,R1,0.0,0.0
learned,0,RELLIS-3D,0.0,00003_000680_04,0,0,0.12268529832363129,0.14274729788303375,0.0,0,R1,0.0,0.0
fixed,0,RELLIS-3D,0.0,00003_000680_04,0,0,0.12268529832363129,0.14274729788303375,0.0,0,R1,0.0,0.0
zero,0,RELLIS-3D,0.0,00003_000680_04,0,0,0.10526861250400543,0.12896719574928284,0.0,12,R1,0.0,0.0
learned,0,RELLIS-3D,0.0,00003_000680_04,0,0,0.10526861250400543,0.12896719574928284,0.0,12,R1,0.0,0.0
fixed,0,RELLIS-3D,0.0,00003_000680_04,0,0,0.10526861250400543,0.12896719574928284,0.0,12,R1,0.0,0.0
zero,0,RELLIS-3D,0.0,00003_000680_04,0,0,0.09903546422719955,0.12353754043579102,0.0,24,R1,0.0,0.0
learned,0,RELLIS-3D,0.0,00003_000680_04,0,0,0.09903546422719955,0.12353754043579102,0.0,24,R1,0.0,0.0
fixed,0,RELLIS-3D,0.0,00003_000680_04,0,0,0.09903546422719955,0.12353754043579102,0.0,24,R1,0.0,0.0
zero,0,RELLIS-3D,0.0,00003_000680_04,0,0,0.08870210498571396,0.11552263051271439,0.0,36,R1,0.0,0.0
learned,0,RELLIS-3D,0.0,00003_000680_04,0,0,0.08870210498571396,0.11552263051271439,0.0,36,R1,0.0,0.0
fixed,0,RELLIS-3D,0.0,00003_000680_04,0,0,0.08870210498571396,0.11552263051271439,0.0,36,R1,0.0,0.0
zero,0,RELLIS-3D,0.0,00003_000680_04,0,0,0.07996043562889099,0.10862503945827484,0.0,48,R1,0.0,0.0
learned,0,RELLIS-3D,0.0,00003_000680_04,0,0,0.07996043562889099,0.10862503945827484,0.0,48,R1,0.0,0.0
fixed,0,RELLIS-3D,0.0,00003_000680_04,0,0,0.07996043562889099,0.10862503945827484,0.0,48,R1,0.0,0.0
zero,0,RELLIS-3D,0.0,00003_000680_04,0,0,0.07896241545677185,0.10364904254674911,0.0,60,R1,0.0,0.0
learned,0,RELLIS-3D,0.0,00003_000680_04,0,0,0.07896241545677185,0.10364904254674911,0.0,60,R1,0.0,0.0
fixed,0,RELLIS-3D,0.0,00003_000680_04,0,0,0.07896241545677185,0.10364904254674911,0.0,60,R1,0.0,0.0
zero,0,RELLIS-3D,0.0,00003_000680_04,0,0,0.07599768042564392,0.10441810637712479,0.0,72,R1,0.0,0.0
learned,0,RELLIS-3D,0.0,00003_000680_04,0,0,0.07599768042564392,0.10441810637712479,0.0,72,R1,0.0,0.0
fixed,0,RELLIS-3D,0.0,00003_000680_04,0,0,0.07599768042564392,0.10441810637712479,0.0,72,R1,0.0,0.0
zero,0,RELLIS-3D,0.0,00003_000680_05,0,0,0.10719511657953262,0.1303383857011795,0.0,0,R1,0.0,0.0
learned,0,RELLIS-3D,0.0,00003_000680_05,0,0,0.10719511657953262,0.1303383857011795,0.0,0,R1,0.0,0.0
fixed,0,RELLIS-3D,0.0,00003_000680_05,0,0,0.10719511657953262,0.1303383857011795,0.0,0,R1,0.0,0.0
zero,0,RELLIS-3D,0.0,00003_000680_05,0,0,0.10244370251893997,0.12749509513378143,0.0,12,R1,0.0,0.0
learned,0,RELLIS-3D,0.0,00003_000680_05,0,0,0.10244370251893997,0.12749509513378143,0.0,12,R1,0.0,0.0
fixed,0,RELLIS-3D,0.0,00003_000680_05,0,0,0.10244370251893997,0.12749509513378143,0.0,12,R1,0.0,0.0
zero,0,RELLIS-3D,0.0,00003_000680_05,0,0,0.09310197830200195,0.11964081227779388,0.0,24,R1,0.0,0.0
learned,0,RELLIS-3D,0.0,00003_000680_05,0,0,0.09310197830200195,0.11964081227779388,0.0,24,R1,0.0,0.0
fixed,0,RELLIS-3D,0.0,00003_000680_05,0,0,0.09310197830200195,0.11964081227779388,0.0,24,R1,0.0,0.0
zero,0,RELLIS-3D,0.0,00003_000680_05,0,0,0.0845051184296608,0.11257608234882355,0.0,36,R1,0.0,0.0
learned,0,RELLIS-3D,0.0,00003_000680_05,0,0,0.0845051184296608,0.11257608234882355,0.0,36,R1,0.0,0.0
fixed,0,RELLIS-3D,0.0,00003_000680_05,0,0,0.0845051184296608,0.11257608234882355,0.0,36,R1,0.0,0.0
zero,0,RELLIS-3D,0.0,00003_000680_05,0,0,0.07822506874799728,0.10786920040845871,0.0,48,R1,0.0,0.0
learned,0,RELLIS-3D,0.0,00003_000680_05,0,0,0.07822506874799728,0.10786920040845871,0.0,48,R1,0.0,0.0
fixed,0,RELLIS-3D,0.0,00003_000680_05,0,0,0.07822506874799728,0.10786920040845871,0.0,48,R1,0.0,0.0
zero,0,RELLIS-3D,0.0,00003_000680_05,0,0,0.07784568518400192,0.10334797203540802,0.0,60,R1,0.0,0.0
learned,0,RELLIS-3D,0.0,00003_000680_05,0,0,0.07784568518400192,0.10334797203540802,0.0,60,R1,0.0,0.0
fixed,0,RELLIS-3D,0.0,00003_000680_05,0,0,0.07784568518400192,0.10334797203540802,0.0,60,R1,0.0,0.0
zero,0,RELLIS-3D,0.0,00003_000680_05,0,0,0.07842405885457993,0.1058993861079216,0.0,72,R1,0.0,0.0
learned,0,RELLIS-3D,0.0,00003_000680_05,0,0,0.07842405885457993,0.1058993861079216,0.0,72,R1,0.0,0.0
fixed,0,RELLIS-3D,0.0,00003_000680_05,0,0,0.07842405885457993,0.1058993861079216,0.0,72,R1,0.0,0.0
zero,0,RELLIS-3D,0.0,00003_000680_06,0,0,0.11107505112886429,0.1342267096042633,0.0,0,R2,0.0,0.0
learned,0,RELLIS-3D,0.0,00003_000680_06,0,0,0.11107505112886429,0.1342267096042633,0.0,0,R2,0.0,0.0
fixed,0,RELLIS-3D,0.0,00003_000680_06,0,0,0.11107505112886429,0.1342267096042633,0.0,0,R2,0.0,0.0
zero,0,RELLIS-3D,0.0,00003_000680_06,0,0,0.09458623826503754,0.12373324483633041,0.0,12,R2,0.0,0.0
learned,0,RELLIS-3D,0.0,00003_000680_06,0,0,0.09458623826503754,0.12373324483633041,0.0,12,R2,0.0,0.0
fixed,0,RELLIS-3D,0.0,00003_000680_06,0,0,0.09458623826503754,0.12373324483633041,0.0,12,R2,0.0,0.0
zero,0,RELLIS-3D,0.0,00003_000680_06,0,0,0.08526820689439774,0.11599607020616531,0.0,24,R2,0.0,0.0
learned,0,RELLIS-3D,0.0,00003_000680_06,0,0,0.08526820689439774,0.11599607020616531,0.0,24,R2,0.0,0.0
fixed,0,RELLIS-3D,0.0,00003_000680_06,0,0,0.08526820689439774,0.11599607020616531,0.0,24,R2,0.0,0.0
zero,0,RELLIS-3D,0.0,00003_000680_06,0,0,0.0793214961886406,0.11034402251243591,0.0,36,R2,0.0,0.0
learned,0,RELLIS-3D,0.0,00003_000680_06,0,0,0.0793214961886406,0.11034402251243591,0.0,36,R2,0.0,0.0
fixed,0,RELLIS-3D,0.0,00003_000680_06,0,0,0.0793214961886406,0.11034402251243591,0.0,36,R2,0.0,0.0
zero,0,RELLIS-3D,0.0,00003_000680_06,0,0,0.07711535692214966,0.10540419816970825,0.0,48,R2,0.0,0.0
learned,0,RELLIS-3D,0.0,00003_000680_06,0,0,0.07711535692214966,0.10540419816970825,0.0,48,R2,0.0,0.0
fixed,0,RELLIS-3D,0.0,00003_000680_06,0,0,0.07711535692214966,0.10540419816970825,0.0,48,R2,0.0,0.0
zero,0,RELLIS-3D,0.0,00003_000680_07,0,0,0.09425892680883408,0.12540552020072937,0.0,0,R1,0.0,0.0
learned,0,RELLIS-3D,0.0,00003_000680_07,0,0,0.09425892680883408,0.12540552020072937,0.0,0,R1,0.0,0.0
fixed,0,RELLIS-3D,0.0,00003_000680_07,0,0,0.09425892680883408,0.12540552020072937,0.0,0,R1,0.0,0.0
zero,0,RELLIS-3D,0.0,00003_000680_07,0,0,0.09301941096782684,0.12045043706893921,0.0,12,R1,0.0,0.0
learned,0,RELLIS-3D,0.0,00003_000680_07,0,0,0.09301941096782684,0.12045043706893921,0.0,12,R1,0.0,0.0
fixed,0,RELLIS-3D,0.0,00003_000680_07,0,0,0.09301941096782684,0.12045043706893921,0.0,12,R1,0.0,0.0
zero,0,RELLIS-3D,0.0,00003_000680_07,0,0,0.08451078832149506,0.11417939513921738,0.0,24,R1,0.0,0.0
learned,0,RELLIS-3D,0.0,00003_000680_07,0,0,0.08451078832149506,0.11417939513921738,0.0,24,R1,0.0,0.0
fixed,0,RELLIS-3D,0.0,00003_000680_07,0,0,0.08451078832149506,0.11417939513921738,0.0,24,R1,0.0,0.0
zero,0,RELLIS-3D,0.0,00003_000680_07,0,0,0.07769129425287247,0.10797029733657837,0.0,36,R1,0.0,0.0
learned,0,RELLIS-3D,0.0,00003_000680_07,0,0,0.07769129425287247,0.10797029733657837,0.0,36,R1,0.0,0.0
fixed,0,RELLIS-3D,0.0,00003_000680_07,0,0,0.07769129425287247,0.10797029733657837,0.0,36,R1,0.0,0.0
zero,0,RELLIS-3D,0.0,00003_000680_07,0,0,0.07663187384605408,0.10497242212295532,0.0,48,R1,0.0,0.0
learned,0,RELLIS-3D,0.0,00003_000680_07,0,0,0.07663187384605408,0.10497242212295532,0.0,48,R1,0.0,0.0
fixed,0,RELLIS-3D,0.0,00003_000680_07,0,0,0.07663187384605408,0.10497242212295532,0.0,48,R1,0.0,0.0
zero,0,RELLIS-3D,0.0,00003_000680_07,0,0,0.07717704772949219,0.10233887284994125,0.0,60,R1,0.0,0.0
learned,0,RELLIS-3D,0.0,00003_000680_07,0,0,0.07717704772949219,0.10233887284994125,0.0,60,R1,0.0,0.0
fixed,0,RELLIS-3D,0.0,00003_000680_07,0,0,0.07717704772949219,0.10233887284994125,0.0,60,R1,0.0,0.0
zero,0,RELLIS-3D,0.0,00003_000099_00,0,0,0.09319358319044113,0.12362205982208252,0.0,0,R1,0.0,0.0
learned,0,RELLIS-3D,0.0,00003_000099_00,0,0,0.09319358319044113,0.12362205982208252,0.0,0,R1,0.0,0.0
fixed,0,RELLIS-3D,0.0,00003_000099_00,0,0,0.09319358319044113,0.12362205982208252,0.0,0,R1,0.0,0.0
zero,0,RELLIS-3D,0.0,00003_000099_00,0,0,0.0851399153470993,0.11686011403799057,0.0,12,R1,0.0,0.0
learned,0,RELLIS-3D,0.0,00003_000099_00,0,0,0.0851399153470993,0.11686011403799057,0.0,12,R1,0.0,0.0
fixed,0,RELLIS-3D,0.0,00003_000099_00,0,0,0.0851399153470993,0.11686011403799057,0.0,12,R1,0.0,0.0
zero,0,RELLIS-3D,0.0,00003_000099_00,0,0,0.07751031965017319,0.10979962348937988,0.0,24,R1,0.0,0.0
learned,0,RELLIS-3D,0.0,00003_000099_00,0,0,0.07751031965017319,0.10979962348937988,0.0,24,R1,0.0,0.0
fixed,0,RELLIS-3D,0.0,00003_000099_00,0,0,0.07751031965017319,0.10979962348937988,0.0,24,R1,0.0,0.0
zero,0,RELLIS-3D,0.0,00003_000099_00,0,0,0.07690379023551941,0.10523215681314468,0.0,36,R1,0.0,0.0
learned,0,RELLIS-3D,0.0,00003_000099_00,0,0,0.07690379023551941,0.10523215681314468,0.0,36,R1,0.0,0.0
fixed,0,RELLIS-3D,0.0,00003_000099_00,0,0,0.07690379023551941,0.10523215681314468,0.0,36,R1,0.0,0.0
zero,0,RELLIS-3D,0.0,00003_000099_00,0,0,0.07597581297159195,0.1043999195098877,0.0,48,R1,0.0,0.0
learned,0,RELLIS-3D,0.0,00003_000099_00,0,0,0.07597581297159195,0.1043999195098877,0.0,48,R1,0.0,0.0
fixed,0,RELLIS-3D,0.0,00003_000099_00,0,0,0.07597581297159195,0.1043999195098877,0.0,48,R1,0.0,0.0
zero,0,RELLIS-3D,0.0,00003_000099_00,0,0,0.07642170041799545,0.10561303794384003,0.0,60,R1,0.0,0.0
learned,0,RELLIS-3D,0.0,00003_000099_00,0,0,0.07642170041799545,0.10561303794384003,0.0,60,R1,0.0,0.0
fixed,0,RELLIS-3D,0.0,00003_000099_00,0,0,0.07642170041799545,0.10561303794384003,0.0,60,R1,0.0,0.0
zero,0,RELLIS-3D,0.0,00003_000099_01,0,0,0.09898040443658829,0.1227995902299881,0.0,0,R1,0.0,0.0
learned,0,RELLIS-3D,0.0,00003_000099_01,0,0,0.09898040443658829,0.1227995902299881,0.0,0,R1,0.0,0.0
fixed,0,RELLIS-3D,0.0,00003_000099_01,0,0,0.09898040443658829,0.1227995902299881,0.0,0,R1,0.0,0.0
zero,0,RELLIS-3D,0.0,00003_000099_01,0,0,0.09168531000614166,0.12514819204807281,0.0,12,R1,0.0,0.0
learned,0,RELLIS-3D,0.0,00003_000099_01,0,0,0.09168531000614166,0.12514819204807281,0.0,12,R1,0.0,0.0
fixed,0,RELLIS-3D,0.0,00003_000099_01,0,0,0.09168531000614166,0.12514819204807281,0.0,12,R1,0.0,0.0
zero,0,RELLIS-3D,0.0,00003_000099_01,0,0,0.08553877472877502,0.11863981187343597,0.0,24,R1,0.0,0.0
learned,0,RELLIS-3D,0.0,00003_000099_01,0,0,0.08553877472877502,0.11863981187343597,0.0,24,R1,0.0,0.0
fixed,0,RELLIS-3D,0.0,00003_000099_01,0,0,0.08553877472877502,0.11863981187343597,0.0,24,R1,0.0,0.0
zero,0,RELLIS-3D,0.0,00003_000099_01,0,0,0.07753123342990875,0.11207260191440582,0.0,36,R1,0.0,0.0
learned,0,RELLIS-3D,0.0,00003_000099_01,0,0,0.07753123342990875,0.11207260191440582,0.0,36,R1,0.0,0.0
fixed,0,RELLIS-3D,0.0,00003_000099_01,0,0,0.07753123342990875,0.11207260191440582,0.0,36,R1,0.0,0.0
zero,0,RELLIS-3D,0.0,00003_000099_01,0,0,0.07910168915987015,0.10716595500707626,0.0,48,R1,0.0,0.0
learned,0,RELLIS-3D,0.0,00003_000099_01,0,0,0.07910168915987015,0.10716595500707626,0.0,48,R1,0.0,0.0
fixed,0,RELLIS-3D,0.0,00003_000099_01,0,0,0.07910168915987015,0.10716595500707626,0.0,48,R1,0.0,0.0
zero,0,RELLIS-3D,0.0,00003_000099_01,0,0,0.07900594919919968,0.1039038896560669,0.0,60,R1,0.0,0.0
learned,0,RELLIS-3D,0.0,00003_000099_01,0,0,0.07900594919919968,0.1039038896560669,0.0,60,R1,0.0,0.0
fixed,0,RELLIS-3D,0.0,00003_000099_01,0,0,0.07900594919919968,0.1039038896560669,0.0,60,R1,0.0,0.0
zero,0,RELLIS-3D,0.0,00003_000099_02,0,0,0.09341555833816528,0.12282763421535492,0.0,0,R1,0.0,0.0
learned,0,RELLIS-3D,0.0,00003_000099_02,0,0,0.09341555833816528,0.12282763421535492,0.0,0,R1,0.0,0.0
fixed,0,RELLIS-3D,0.0,00003_000099_02,0,0,0.09341555833816528,0.12282763421535492,0.0,0,R1,0.0,0.0
zero,0,RELLIS-3D,0.0,00003_000099_02,0,0,0.08434461057186127,0.11625633388757706,0.0,12,R1,0.0,0.0
learned,0,RELLIS-3D,0.0,00003_000099_02,0,0,0.08434461057186127,0.11625633388757706,0.0,12,R1,0.0,0.0
fixed,0,RELLIS-3D,0.0,00003_000099_02,0,0,0.08434461057186127,0.11625633388757706,0.0,12,R1,0.0,0.0
zero,0,RELLIS-3D,0.0,00003_000099_02,0,0,0.0765102431178093,0.10871674120426178,0.0,24,R1,0.0,0.0
learned,0,RELLIS-3D,0.0,00003_000099_02,0,0,0.0765102431178093,0.10871674120426178,0.0,24,R1,0.0,0.0
fixed,0,RELLIS-3D,0.0,00003_000099_02,0,0,0.0765102431178093,0.10871674120426178,0.0,24,R1,0.0,0.0
zero,0,RELLIS-3D,0.0,00003_000099_02,0,0,0.07690379023551941,0.10523215681314468,0.0,36,R1,0.0,0.0
learned,0,RELLIS-3D,0.0,00003_000099_02,0,0,0.07690379023551941,0.10523215681314468,0.0,36,R1,0.0,0.0
fixed,0,RELLIS-3D,0.0,00003_000099_02,0,0,0.07690379023551941,0.10523215681314468,0.0,36,R1,0.0,0.0
zero,0,RELLIS-3D,0.0,00003_000099_02,0,0,0.07780417799949646,0.10263759642839432,0.0,48,R1,0.0,0.0
learned,0,RELLIS-3D,0.0,00003_000099_02,0,0,0.07780417799949646,0.10263759642839432,0.0,48,R1,0.0,0.0
fixed,0,RELLIS-3D,0.0,00003_000099_02,0,0,0.07780417799949646,0.10263759642839432,0.0,48,R1,0.0,0.0
zero,0,RELLIS-3D,0.0,00003_000099_03,0,1,0.10112758725881577,0.13331887125968933,0.0,0,R1,0.0,0.0
learned,0,RELLIS-3D,0.00022128992713987827,00003_000099_03,0,1,0.10112758725881577,0.13331887125968933,0.13331887125968933,0,R1,0.001220754231326282,0.0011938288807868958
fixed,0,RELLIS-3D,0.0024897814728319645,00003_000099_03,0,1,0.10112758725881577,0.13331887125968933,1.5,0,R1,0.013734975829720497,0.01343203242868185
zero,0,RELLIS-3D,0.0,00003_000099_03,0,0,0.08757694810628891,0.11915334314107895,0.0,12,R1,0.0,0.0
learned,0,RELLIS-3D,0.0,00003_000099_03,0,0,0.08757694810628891,0.11915334314107895,0.0,12,R1,0.0,0.0
fixed,0,RELLIS-3D,0.0,00003_000099_03,0,0,0.08757694810628891,0.11915334314107895,0.0,12,R1,0.0,0.0
zero,0,RELLIS-3D,0.0,00003_000099_03,0,0,0.07995404303073883,0.11296574771404266,0.0,24,R1,0.0,0.0
learned,0,RELLIS-3D,0.0,00003_000099_03,0,0,0.07995404303073883,0.11296574771404266,0.0,24,R1,0.0,0.0
fixed,0,RELLIS-3D,0.0,00003_000099_03,0,0,0.07995404303073883,0.11296574771404266,0.0,24,R1,0.0,0.0
zero,0,RELLIS-3D,0.0,00003_000099_03,0,0,0.0727444514632225,0.10571806877851486,0.0,36,R1,0.0,0.0
learned,0,RELLIS-3D,0.0,00003_000099_03,0,0,0.0727444514632225,0.10571806877851486,0.0,36,R1,0.0,0.0
fixed,0,RELLIS-3D,0.0,00003_000099_03,0,0,0.0727444514632225,0.10571806877851486,0.0,36,R1,0.0,0.0
zero,0,RELLIS-3D,0.0,00003_000099_03,0,0,0.07586111128330231,0.10429508239030838,0.0,48,R1,0.0,0.0
learned,0,RELLIS-3D,0.0,00003_000099_03,0,0,0.07586111128330231,0.10429508239030838,0.0,48,R1,0.0,0.0
fixed,0,RELLIS-3D,0.0,00003_000099_03,0,0,0.07586111128330231,0.10429508239030838,0.0,48,R1,0.0,0.0
zero,0,RELLIS-3D,0.0,00003_000099_04,0,0,0.09922744333744049,0.13024649024009705,0.0,0,R1,0.0,0.0
learned,0,RELLIS-3D,0.0,00003_000099_04,0,0,0.09922744333744049,0.13024649024009705,0.0,0,R1,0.0,0.0
fixed,0,RELLIS-3D,0.0,00003_000099_04,0,0,0.09922744333744049,0.13024649024009705,0.0,0,R1,0.0,0.0
zero,0,RELLIS-3D,0.0,00003_000099_04,0,0,0.09266183525323868,0.12446709722280502,0.0,12,R1,0.0,0.0
learned,0,RELLIS-3D,0.0,00003_000099_04,0,0,0.09266183525323868,0.12446709722280502,0.0,12,R1,0.0,0.0
fixed,0,RELLIS-3D,0.0,00003_000099_04,0,0,0.09266183525323868,0.12446709722280502,0.0,12,R1,0.0,0.0
zero,0,RELLIS-3D,0.0,00003_000099_04,0,0,0.08543777465820312,0.11788083612918854,0.0,24,R1,0.0,0.0
learned,0,RELLIS-3D,0.0,00003_000099_04,0,0,0.08543777465820312,0.11788083612918854,0.0,24,R1,0.0,0.0
fixed,0,RELLIS-3D,0.0,00003_000099_04,0,0,0.08543777465820312,0.11788083612918854,0.0,24,R1,0.0,0.0
zero,0,RELLIS-3D,0.0,00003_000099_04,0,0,0.07776050269603729,0.11211677640676498,0.0,36,R1,0.0,0.0
learned,0,RELLIS-3D,0.0,00003_000099_04,0,0,0.07776050269603729,0.11211677640676498,0.0,36,R1,0.0,0.0
fixed,0,RELLIS-3D,0.0,00003_000099_04,0,0,0.07776050269603729,0.11211677640676498,0.0,36,R1,0.0,0.0
zero,0,RELLIS-3D,0.0,00003_000099_04,0,0,0.07916726917028427,0.10721287131309509,0.0,48,R1,0.0,0.0
learned,0,RELLIS-3D,0.0,00003_000099_04,0,0,0.07916726917028427,0.10721287131309509,0.0,48,R1,0.0,0.0
fixed,0,RELLIS-3D,0.0,00003_000099_04,0,0,0.07916726917028427,0.10721287131309509,0.0,48,R1,0.0,0.0
zero,0,RELLIS-3D,0.0,00003_000099_05,0,0,0.09619072824716568,0.12237095087766647,0.0,0,R1,0.0,0.0
learned,0,RELLIS-3D,0.0,00003_000099_05,0,0,0.09619072824716568,0.12237095087766647,0.0,0,R1,0.0,0.0
fixed,0,RELLIS-3D,0.0,00003_000099_05,0,0,0.09619072824716568,0.12237095087766647,0.0,0,R1,0.0,0.0
zero,0,RELLIS-3D,0.0,00003_000099_05,0,0,0.08690208196640015,0.12037140130996704,0.0,12,R1,0.0,0.0
learned,0,RELLIS-3D,0.0,00003_000099_05,0,0,0.08690208196640015,0.12037140130996704,0.0,12,R1,0.0,0.0
fixed,0,RELLIS-3D,0.0,00003_000099_05,0,0,0.08690208196640015,0.12037140130996704,0.0,12,R1,0.0,0.0
zero,0,RELLIS-3D,0.0,00003_000099_05,0,0,0.08051232993602753,0.11513516306877136,0.0,24,R1,0.0,0.0
learned,0,RELLIS-3D,0.0,00003_000099_05,0,0,0.08051232993602753,0.11513516306877136,0.0,24,R1,0.0,0.0
fixed,0,RELLIS-3D,0.0,00003_000099_05,0,0,0.08051232993602753,0.11513516306877136,0.0,24,R1,0.0,0.0
zero,0,RELLIS-3D,0.0,00003_000099_05,0,0,0.07608886063098907,0.11287710070610046,0.0,36,R1,0.0,0.0
learned,0,RELLIS-3D,0.0,00003_000099_05,0,0,0.07608886063098907,0.11287710070610046,0.0,36,R1,0.0,0.0
fixed,0,RELLIS-3D,0.0,00003_000099_05,0,0,0.07608886063098907,0.11287710070610046,0.0,36,R1,0.0,0.0
zero,0,RELLIS-3D,0.0,00003_000099_05,0,0,0.07747897505760193,0.10515548288822174,0.0,48,R1,0.0,0.0
learned,0,RELLIS-3D,0.0,00003_000099_05,0,0,0.07747897505760193,0.10515548288822174,0.0,48,R1,0.0,0.0
fixed,0,RELLIS-3D,0.0,00003_000099_05,0,0,0.07747897505760193,0.10515548288822174,0.0,48,R1,0.0,0.0
zero,0,RELLIS-3D,0.0,00003_000099_06,0,0,0.04136108234524727,0.07406250387430191,0.0,0,R3,0.0,0.0
learned,0,RELLIS-3D,0.0,00003_000099_06,0,0,0.04136108234524727,0.07406250387430191,0.0,0,R3,0.0,0.0
fixed,0,RELLIS-3D,0.0,00003_000099_06,0,0,0.04136108234524727,0.07406250387430191,0.0,0,R3,0.0,0.0
zero,0,RELLIS-3D,0.0,00003_000099_06,0,0,0.04330792278051376,0.07445266842842102,0.0,12,R3,0.0,0.0
learned,0,RELLIS-3D,0.0,00003_000099_06,0,0,0.04330792278051376,0.07445266842842102,0.0,12,R3,0.0,0.0
fixed,0,RELLIS-3D,0.0,00003_000099_06,0,0,0.04330792278051376,0.07445266842842102,0.0,12,R3,0.0,0.0
zero,0,RELLIS-3D,0.0,00003_000099_06,0,0,0.07492155581712723,0.10663188248872757,0.0,24,R3,0.0,0.0
learned,0,RELLIS-3D,0.0,00003_000099_06,0,0,0.07492155581712723,0.10663188248872757,0.0,24,R3,0.0,0.0
fixed,0,RELLIS-3D,0.0,00003_000099_06,0,0,0.07492155581712723,0.10663188248872757,0.0,24,R3,0.0,0.0
zero,0,RELLIS-3D,0.0,00003_000099_06,0,0,0.074561707675457,0.10741450637578964,0.0,36,R3,0.0,0.0
learned,0,RELLIS-3D,0.0,00003_000099_06,0,0,0.074561707675457,0.10741450637578964,0.0,36,R3,0.0,0.0
fixed,0,RELLIS-3D,0.0,00003_000099_06,0,0,0.074561707675457,0.10741450637578964,0.0,36,R3,0.0,0.0
zero,0,RELLIS-3D,0.0,00003_000099_06,0,0,0.07782627642154694,0.10601278394460678,0.0,48,R3,0.0,0.0
learned,0,RELLIS-3D,0.0,00003_000099_06,0,0,0.07782627642154694,0.10601278394460678,0.0,48,R3,0.0,0.0
fixed,0,RELLIS-3D,0.0,00003_000099_06,0,0,0.07782627642154694,0.10601278394460678,0.0,48,R3,0.0,0.0
zero,0,RELLIS-3D,0.0,00003_000099_06,0,0,0.07743667811155319,0.10589385032653809,0.0,60,R3,0.0,0.0
learned,0,RELLIS-3D,0.0,00003_000099_06,0,0,0.07743667811155319,0.10589385032653809,0.0,60,R3,0.0,0.0
fixed,0,RELLIS-3D,0.0,00003_000099_06,0,0,0.07743667811155319,0.10589385032653809,0.0,60,R3,0.0,0.0
zero,0,RELLIS-3D,0.0,00003_000099_07,0,0,0.1029161810874939,0.13523124158382416,0.0,0,R1,0.0,0.0
learned,0,RELLIS-3D,0.0,00003_000099_07,0,0,0.1029161810874939,0.13523124158382416,0.0,0,R1,0.0,0.0
fixed,0,RELLIS-3D,0.0,00003_000099_07,0,0,0.1029161810874939,0.13523124158382416,0.0,0,R1,0.0,0.0
zero,0,RELLIS-3D,0.0,00003_000099_07,0,0,0.09195879101753235,0.12647800147533417,0.0,12,R1,0.0,0.0
learned,0,RELLIS-3D,0.0,00003_000099_07,0,0,0.09195879101753235,0.12647800147533417,0.0,12,R1,0.0,0.0
fixed,0,RELLIS-3D,0.0,00003_000099_07,0,0,0.09195879101753235,0.12647800147533417,0.0,12,R1,0.0,0.0
zero,0,RELLIS-3D,0.0,00003_000099_07,0,0,0.08563195168972015,0.1197894960641861,0.0,24,R1,0.0,0.0
learned,0,RELLIS-3D,0.0,00003_000099_07,0,0,0.08563195168972015,0.1197894960641861,0.0,24,R1,0.0,0.0
fixed,0,RELLIS-3D,0.0,00003_000099_07,0,0,0.08563195168972015,0.1197894960641861,0.0,24,R1,0.0,0.0
zero,0,RELLIS-3D,0.0,00003_000099_07,0,0,0.07717150449752808,0.11255089938640594,0.0,36,R1,0.0,0.0
learned,0,RELLIS-3D,0.0,00003_000099_07,0,0,0.07717150449752808,0.11255089938640594,0.0,36,R1,0.0,0.0
fixed,0,RELLIS-3D,0.0,00003_000099_07,0,0,0.07717150449752808,0.11255089938640594,0.0,36,R1,0.0,0.0
zero,0,RELLIS-3D,0.0,00003_000099_07,0,0,0.07889240980148315,0.10697002708911896,0.0,48,R1,0.0,0.0
learned,0,RELLIS-3D,0.0,00003_000099_07,0,0,0.07889240980148315,0.10697002708911896,0.0,48,R1,0.0,0.0
fixed,0,RELLIS-3D,0.0,00003_000099_07,0,0,0.07889240980148315,0.10697002708911896,0.0,48,R1,0.0,0.0
zero,0,RELLIS-3D,0.0,00003_000099_07,0,0,0.07667075097560883,0.10600395500659943,0.0,60,R1,0.0,0.0
learned,0,RELLIS-3D,0.0,00003_000099_07,0,0,0.07667075097560883,0.10600395500659943,0.0,60,R1,0.0,0.0
fixed,0,RELLIS-3D,0.0,00003_000099_07,0,0,0.07667075097560883,0.10600395500659943,0.0,60,R1,0.0,0.0
zero,0,RELLIS-3D,0.0,00003_001038_00,0,1,0.10384726524353027,0.13337033987045288,0.0,0,R1,0.0,0.0
learned,0,RELLIS-3D,0.007893220521509647,00003_001038_00,0,1,0.10384726524353027,0.13337033987045288,0.13337033987045288,0,R1,0.021288452669978142,0.02128669247031212
fixed,1,RELLIS-3D,0.08877409249544144,00003_001038_00,0,1,0.10384726524353027,0.13337033987045288,1.5,0,R1,0.23942863941192627,0.23940885066986084
zero,0,RELLIS-3D,0.0,00003_001038_00,0,0,0.08814237266778946,0.11848041415214539,0.0,12,R1,0.0,0.0
learned,0,RELLIS-3D,0.0,00003_001038_00,0,0,0.08814237266778946,0.11848041415214539,0.0,12,R1,0.0,0.0
fixed,0,RELLIS-3D,0.0,00003_001038_00,0,0,0.08814237266778946,0.11848041415214539,0.0,12,R1,0.0,0.0
zero,0,RELLIS-3D,0.0,00003_001038_00,0,0,0.07929055392742157,0.10640517622232437,0.0,24,R1,0.0,0.0
learned,0,RELLIS-3D,0.0,00003_001038_00,0,0,0.07929055392742157,0.10640517622232437,0.0,24,R1,0.0,0.0
fixed,0,RELLIS-3D,0.0,00003_001038_00,0,0,0.07929055392742157,0.10640517622232437,0.0,24,R1,0.0,0.0
zero,0,RELLIS-3D,0.0,00003_001038_00,0,0,0.06121150776743889,0.09001223742961884,0.0,36,R1,0.0,0.0
learned,0,RELLIS-3D,0.0,00003_001038_00,0,0,0.06121150776743889,0.09001223742961884,0.0,36,R1,0.0,0.0
fixed,0,RELLIS-3D,0.0,00003_001038_00,0,0,0.06121150776743889,0.09001223742961884,0.0,36,R1,0.0,0.0
zero,0,RELLIS-3D,0.0,00003_001038_00,0,1,0.07036429643630981,0.09705189615488052,0.0,48,R1,0.0,0.0
learned,0,RELLIS-3D,-0.04849548265337944,00003_001038_00,0,1,0.07036429643630981,0.09705189615488052,0.09705189615488052,48,R1,0.07133976370096207,0.029780438169836998
fixed,0,RELLIS-3D,-0.7495291233062744,00003_001038_00,0,1,0.07036429643630981,0.09705189615488052,1.5,48,R1,1.1026023626327515,0.4602760076522827
zero,0,RELLIS-3D,0.0,00003_001038_01,0,0,0.09990670531988144,0.130818173289299,0.0,0,R1,0.0,0.0
learned,0,RELLIS-3D,0.0,00003_001038_01,0,0,0.09990670531988144,0.130818173289299,0.0,0,R1,0.0,0.0
fixed,0,RELLIS-3D,0.0,00003_001038_01,0,0,0.09990670531988144,0.130818173289299,0.0,0,R1,0.0,0.0
zero,0,RELLIS-3D,0.0,00003_001038_01,0,0,0.08421346545219421,0.11698368191719055,0.0,12,R1,0.0,0.0
learned,0,RELLIS-3D,0.0,00003_001038_01,0,0,0.08421346545219421,0.11698368191719055,0.0,12,R1,0.0,0.0
fixed,0,RELLIS-3D,0.0,00003_001038_01,0,0,0.08421346545219421,0.11698368191719055,0.0,12,R1,0.0,0.0
zero,0,RELLIS-3D,0.0,00003_001038_01,0,0,0.06574016809463501,0.0992419421672821,0.0,24,R1,0.0,0.0
learned,0,RELLIS-3D,0.0,00003_001038_01,0,0,0.06574016809463501,0.0992419421672821,0.0,24,R1,0.0,0.0
fixed,0,RELLIS-3D,0.0,00003_001038_01,0,0,0.06574016809463501,0.0992419421672821,0.0,24,R1,0.0,0.0
zero,0,RELLIS-3D,0.0,00003_001038_01,0,0,0.057877376675605774,0.0891062468290329,0.0,36,R1,0.0,0.0
learned,0,RELLIS-3D,0.0,00003_001038_01,0,0,0.057877376675605774,0.0891062468290329,0.0,36,R1,0.0,0.0
fixed,0,RELLIS-3D,0.0,00003_001038_01,0,0,0.057877376675605774,0.0891062468290329,0.0,36,R1,0.0,0.0
zero,0,RELLIS-3D,0.0,00003_001038_01,0,0,0.0668560191988945,0.09514153003692627,0.0,48,R1,0.0,0.0
learned,0,RELLIS-3D,0.0,00003_001038_01,0,0,0.0668560191988945,0.09514153003692627,0.0,48,R1,0.0,0.0
fixed,0,RELLIS-3D,0.0,00003_001038_01,0,0,0.0668560191988945,0.09514153003692627,0.0,48,R1,0.0,0.0
zero,0,RELLIS-3D,0.0,00003_001038_01,0,0,0.07394595444202423,0.10771709680557251,0.0,60,R1,0.0,0.0
learned,0,RELLIS-3D,0.0,00003_001038_01,0,0,0.07394595444202423,0.10771709680557251,0.0,60,R1,0.0,0.0
fixed,0,RELLIS-3D,0.0,00003_001038_01,0,0,0.07394595444202423,0.10771709680557251,0.0,60,R1,0.0,0.0
zero,0,RELLIS-3D,0.0,00003_001038_02,0,0,0.11164462566375732,0.14184978604316711,0.0,0,R1,0.0,0.0
learned,0,RELLIS-3D,0.0,00003_001038_02,0,0,0.11164462566375732,0.14184978604316711,0.0,0,R1,0.0,0.0
fixed,0,RELLIS-3D,0.0,00003_001038_02,0,0,0.11164462566375732,0.14184978604316711,0.0,0,R1,0.0,0.0
zero,0,RELLIS-3D,0.0,00003_001038_02,0,0,0.09179314970970154,0.12365404516458511,0.0,12,R1,0.0,0.0
learned,0,RELLIS-3D,0.0,00003_001038_02,0,0,0.09179314970970154,0.12365404516458511,0.0,12,R1,0.0,0.0
fixed,0,RELLIS-3D,0.0,00003_001038_02,0,0,0.09179314970970154,0.12365404516458511,0.0,12,R1,0.0,0.0
zero,0,RELLIS-3D,0.0,00003_001038_02,0,0,0.07890879362821579,0.10959554463624954,0.0,24,R1,0.0,0.0
learned,0,RELLIS-3D,0.0,00003_001038_02,0,0,0.07890879362821579,0.10959554463624954,0.0,24,R1,0.0,0.0
fixed,0,RELLIS-3D,0.0,00003_001038_02,0,0,0.07890879362821579,0.10959554463624954,0.0,24,R1,0.0,0.0
zero,0,RELLIS-3D,0.0,00003_001038_02,0,0,0.05907415971159935,0.09058135747909546,0.0,36,R1,0.0,0.0
learned,0,RELLIS-3D,0.0,00003_001038_02,0,0,0.05907415971159935,0.09058135747909546,0.0,36,R1,0.0,0.0
fixed,0,RELLIS-3D,0.0,00003_001038_02,0,0,0.05907415971159935,0.09058135747909546,0.0,36,R1,0.0,0.0
zero,0,RELLIS-3D,0.0,00003_001038_02,0,0,0.059839993715286255,0.08965525776147842,0.0,48,R1,0.0,0.0
learned,0,RELLIS-3D,0.0,00003_001038_02,0,0,0.059839993715286255,0.08965525776147842,0.0,48,R1,0.0,0.0
fixed,0,RELLIS-3D,0.0,00003_001038_02,0,0,0.059839993715286255,0.08965525776147842,0.0,48,R1,0.0,0.0
zero,0,RELLIS-3D,0.0,00003_001038_02,0,0,0.0675036832690239,0.09543029963970184,0.0,60,R1,0.0,0.0
learned,0,RELLIS-3D,0.0,00003_001038_02,0,0,0.0675036832690239,0.09543029963970184,0.0,60,R1,0.0,0.0
fixed,0,RELLIS-3D,0.0,00003_001038_02,0,0,0.0675036832690239,0.09543029963970184,0.0,60,R1,0.0,0.0
zero,0,RELLIS-3D,0.0,00003_001038_03,0,0,0.08416641503572464,0.11413900554180145,0.0,0,R1,0.0,0.0
learned,0,RELLIS-3D,0.0,00003_001038_03,0,0,0.08416641503572464,0.11413900554180145,0.0,0,R1,0.0,0.0
fixed,0,RELLIS-3D,0.0,00003_001038_03,0,0,0.08416641503572464,0.11413900554180145,0.0,0,R1,0.0,0.0
zero,0,RELLIS-3D,0.0,00003_001038_03,0,0,0.09950797259807587,0.12508296966552734,0.0,12,R1,0.0,0.0
learned,0,RELLIS-3D,0.0,00003_001038_03,0,0,0.09950797259807587,0.12508296966552734,0.0,12,R1,0.0,0.0
fixed,0,RELLIS-3D,0.0,00003_001038_03,0,0,0.09950797259807587,0.12508296966552734,0.0,12,R1,0.0,0.0
zero,0,RELLIS-3D,0.0,00003_001038_03,0,0,0.09822971373796463,0.1203002855181694,0.0,24,R1,0.0,0.0
learned,0,RELLIS-3D,0.0,00003_001038_03,0,0,0.09822971373796463,0.1203002855181694,0.0,24,R1,0.0,0.0
fixed,0,RELLIS-3D,0.0,00003_001038_03,0,0,0.09822971373796463,0.1203002855181694,0.0,24,R1,0.0,0.0
zero,0,RELLIS-3D,0.0,00003_001038_03,0,0,0.08455970883369446,0.10889861732721329,0.0,36,R1,0.0,0.0
learned,0,RELLIS-3D,0.0,00003_001038_03,0,0,0.08455970883369446,0.10889861732721329,0.0,36,R1,0.0,0.0
fixed,0,RELLIS-3D,0.0,00003_001038_03,0,0,0.08455970883369446,0.10889861732721329,0.0,36,R1,0.0,0.0
zero,0,RELLIS-3D,0.0,00003_001038_03,0,0,0.07738034427165985,0.10412432253360748,0.0,48,R1,0.0,0.0
learned,0,RELLIS-3D,0.0,00003_001038_03,0,0,0.07738034427165985,0.10412432253360748,0.0,48,R1,0.0,0.0
fixed,0,RELLIS-3D,0.0,00003_001038_03,0,0,0.07738034427165985,0.10412432253360748,0.0,48,R1,0.0,0.0
zero,0,RELLIS-3D,0.0,00003_001038_03,0,0,0.07832824438810349,0.10711665451526642,0.0,60,R1,0.0,0.0
learned,0,RELLIS-3D,0.0,00003_001038_03,0,0,0.07832824438810349,0.10711665451526642,0.0,60,R1,0.0,0.0
fixed,0,RELLIS-3D,0.0,00003_001038_03,0,0,0.07832824438810349,0.10711665451526642,0.0,60,R1,0.0,0.0
zero,0,RELLIS-3D,0.0,00003_001038_03,0,0,0.07865331321954727,0.10953956097364426,0.0,72,R1,0.0,0.0
learned,0,RELLIS-3D,0.0,00003_001038_03,0,0,0.07865331321954727,0.10953956097364426,0.0,72,R1,0.0,0.0
fixed,0,RELLIS-3D,0.0,00003_001038_03,0,0,0.07865331321954727,0.10953956097364426,0.0,72,R1,0.0,0.0
zero,0,RELLIS-3D,0.0,00003_001038_04,0,0,0.09990670531988144,0.130818173289299,0.0,0,R1,0.0,0.0
learned,0,RELLIS-3D,0.0,00003_001038_04,0,0,0.09990670531988144,0.130818173289299,0.0,0,R1,0.0,0.0
fixed,0,RELLIS-3D,0.0,00003_001038_04,0,0,0.09990670531988144,0.130818173289299,0.0,0,R1,0.0,0.0
zero,0,RELLIS-3D,0.0,00003_001038_04,0,0,0.08804810047149658,0.11849404126405716,0.0,12,R1,0.0,0.0
learned,0,RELLIS-3D,0.0,00003_001038_04,0,0,0.08804810047149658,0.11849404126405716,0.0,12,R1,0.0,0.0
fixed,0,RELLIS-3D,0.0,00003_001038_04,0,0,0.08804810047149658,0.11849404126405716,0.0,12,R1,0.0,0.0
zero,0,RELLIS-3D,0.0,00003_001038_04,0,0,0.07429219782352448,0.10204217582941055,0.0,24,R1,0.0,0.0
learned,0,RELLIS-3D,0.0,00003_001038_04,0,0,0.07429219782352448,0.10204217582941055,0.0,24,R1,0.0,0.0
fixed,0,RELLIS-3D,0.0,00003_001038_04,0,0,0.07429219782352448,0.10204217582941055,0.0,24,R1,0.0,0.0
zero,0,RELLIS-3D,0.0,00003_001038_04,0,0,0.060667734593153,0.09076040983200073,0.0,36,R1,0.0,0.0
learned,0,RELLIS-3D,0.0,00003_001038_04,0,0,0.060667734593153,0.09076040983200073,0.0,36,R1,0.0,0.0
fixed,0,RELLIS-3D,0.0,00003_001038_04,0,0,0.060667734593153,0.09076040983200073,0.0,36,R1,0.0,0.0
zero,0,RELLIS-3D,0.0,00003_001038_04,0,0,0.06506531685590744,0.09280766546726227,0.0,48,R1,0.0,0.0
learned,0,RELLIS-3D,0.0,00003_001038_04,0,0,0.06506531685590744,0.09280766546726227,0.0,48,R1,0.0,0.0
fixed,0,RELLIS-3D,0.0,00003_001038_04,0,0,0.06506531685590744,0.09280766546726227,0.0,48,R1,0.0,0.0
zero,0,RELLIS-3D,0.0,00003_001038_05,0,1,0.11076489090919495,0.14352518320083618,0.0,0,R1,0.0,0.0
learned,0,RELLIS-3D,0.0,00003_001038_05,0,1,0.11076489090919495,0.14352518320083618,0.14352518320083618,0,R1,0.0,0.0
fixed,0,RELLIS-3D,0.0,00003_001038_05,0,1,0.11076489090919495,0.14352518320083618,1.5,0,R1,0.0,0.0
zero,0,RELLIS-3D,0.0,00003_001038_05,0,0,0.09179314970970154,0.12365404516458511,0.0,12,R1,0.0,0.0
learned,0,RELLIS-3D,0.0,00003_001038_05,0,0,0.09179314970970154,0.12365404516458511,0.0,12,R1,0.0,0.0
fixed,0,RELLIS-3D,0.0,00003_001038_05,0,0,0.09179314970970154,0.12365404516458511,0.0,12,R1,0.0,0.0
zero,0,RELLIS-3D,0.0,00003_001038_05,0,0,0.07890879362821579,0.10959554463624954,0.0,24,R1,0.0,0.0
learned,0,RELLIS-3D,0.0,00003_001038_05,0,0,0.07890879362821579,0.10959554463624954,0.0,24,R1,0.0,0.0
fixed,0,RELLIS-3D,0.0,00003_001038_05,0,0,0.07890879362821579,0.10959554463624954,0.0,24,R1,0.0,0.0
zero,0,RELLIS-3D,0.0,00003_001038_05,0,0,0.05907415971159935,0.09058135747909546,0.0,36,R1,0.0,0.0
learned,0,RELLIS-3D,0.0,00003_001038_05,0,0,0.05907415971159935,0.09058135747909546,0.0,36,R1,0.0,0.0
fixed,0,RELLIS-3D,0.0,00003_001038_05,0,0,0.05907415971159935,0.09058135747909546,0.0,36,R1,0.0,0.0
zero,0,RELLIS-3D,0.0,00003_001038_05,0,0,0.059839993715286255,0.08965525776147842,0.0,48,R1,0.0,0.0
learned,0,RELLIS-3D,0.0,00003_001038_05,0,0,0.059839993715286255,0.08965525776147842,0.0,48,R1,0.0,0.0
fixed,0,RELLIS-3D,0.0,00003_001038_05,0,0,0.059839993715286255,0.08965525776147842,0.0,48,R1,0.0,0.0
zero,0,RELLIS-3D,0.0,00003_001038_05,0,0,0.06732144206762314,0.0989120602607727,0.0,60,R1,0.0,0.0
learned,0,RELLIS-3D,0.0,00003_001038_05,0,0,0.06732144206762314,0.0989120602607727,0.0,60,R1,0.0,0.0
fixed,0,RELLIS-3D,0.0,00003_001038_05,0,0,0.06732144206762314,0.0989120602607727,0.0,60,R1,0.0,0.0
zero,0,RELLIS-3D,0.0,00003_001038_06,0,1,0.08463378995656967,0.11693616211414337,0.0,0,R1,0.0,0.0
learned,1,RELLIS-3D,0.03254452720284462,00003_001038_06,0,1,0.08463378995656967,0.11693616211414337,0.11693616211414337,0,R1,0.033544860780239105,0.01996622607111931
fixed,1,RELLIS-3D,0.41746529936790466,00003_001038_06,0,1,0.08463378995656967,0.11693616211414337,1.5,0,R1,0.4302971065044403,0.2561170160770416
zero,0,RELLIS-3D,0.0,00003_001038_06,0,0,0.09575846791267395,0.12301145493984222,0.0,12,R1,0.0,0.0
learned,0,RELLIS-3D,0.0,00003_001038_06,0,0,0.09575846791267395,0.12301145493984222,0.0,12,R1,0.0,0.0
fixed,0,RELLIS-3D,0.0,00003_001038_06,0,0,0.09575846791267395,0.12301145493984222,0.0,12,R1,0.0,0.0
zero,0,RELLIS-3D,0.0,00003_001038_06,0,0,0.0914866030216217,0.11509151011705399,0.0,24,R1,0.0,0.0
learned,0,RELLIS-3D,0.0,00003_001038_06,0,0,0.0914866030216217,0.11509151011705399,0.0,24,R1,0.0,0.0
fixed,0,RELLIS-3D,0.0,00003_001038_06,0,0,0.0914866030216217,0.11509151011705399,0.0,24,R1,0.0,0.0
zero,0,RELLIS-3D,0.0,00003_001038_06,0,0,0.0612398236989975,0.09307599067687988,0.0,36,R1,0.0,0.0
learned,0,RELLIS-3D,0.0,00003_001038_06,0,0,0.0612398236989975,0.09307599067687988,0.0,36,R1,0.0,0.0
fixed,0,RELLIS-3D,0.0,00003_001038_06,0,0,0.0612398236989975,0.09307599067687988,0.0,36,R1,0.0,0.0
zero,0,RELLIS-3D,0.0,00003_001038_06,0,0,0.060541264712810516,0.09220311045646667,0.0,48,R1,0.0,0.0
learned,0,RELLIS-3D,0.0,00003_001038_06,0,0,0.060541264712810516,0.09220311045646667,0.0,48,R1,0.0,0.0
fixed,0,RELLIS-3D,0.0,00003_001038_06,0,0,0.060541264712810516,0.09220311045646667,0.0,48,R1,0.0,0.0
zero,0,RELLIS-3D,0.0,00003_001038_06,0,0,0.07439174503087997,0.10338953882455826,0.0,60,R1,0.0,0.0
learned,0,RELLIS-3D,0.0,00003_001038_06,0,0,0.07439174503087997,0.10338953882455826,0.0,60,R1,0.0,0.0
fixed,0,RELLIS-3D,0.0,00003_001038_06,0,0,0.07439174503087997,0.10338953882455826,0.0,60,R1,0.0,0.0
zero,0,RELLIS-3D,0.0,00003_001038_06,0,0,0.07804703712463379,0.11490825563669205,0.0,72,R1,0.0,0.0
learned,0,RELLIS-3D,0.0,00003_001038_06,0,0,0.07804703712463379,0.11490825563669205,0.0,72,R1,0.0,0.0
fixed,0,RELLIS-3D,0.0,00003_001038_06,0,0,0.07804703712463379,0.11490825563669205,0.0,72,R1,0.0,0.0
zero,0,RELLIS-3D,0.0,00003_001038_07,0,0,0.09777027368545532,0.12852846086025238,0.0,0,R1,0.0,0.0
learned,0,RELLIS-3D,0.0,00003_001038_07,0,0,0.09777027368545532,0.12852846086025238,0.0,0,R1,0.0,0.0
fixed,0,RELLIS-3D,0.0,00003_001038_07,0,0,0.09777027368545532,0.12852846086025238,0.0,0,R1,0.0,0.0
zero,0,RELLIS-3D,0.0,00003_001038_07,0,0,0.09778588265180588,0.12669043242931366,0.0,12,R1,0.0,0.0
learned,0,RELLIS-3D,0.0,00003_001038_07,0,0,0.09778588265180588,0.12669043242931366,0.0,12,R1,0.0,0.0
fixed,0,RELLIS-3D,0.0,00003_001038_07,0,0,0.09778588265180588,0.12669043242931366,0.0,12,R1,0.0,0.0
zero,0,RELLIS-3D,0.0,00003_001038_07,0,0,0.08993503451347351,0.11682066321372986,0.0,24,R1,0.0,0.0
learned,0,RELLIS-3D,0.0,00003_001038_07,0,0,0.08993503451347351,0.11682066321372986,0.0,24,R1,0.0,0.0
fixed,0,RELLIS-3D,0.0,00003_001038_07,0,0,0.08993503451347351,0.11682066321372986,0.0,24,R1,0.0,0.0
zero,0,RELLIS-3D,0.0,00003_001038_07,0,0,0.067470021545887,0.09546712785959244,0.0,36,R1,0.0,0.0
learned,0,RELLIS-3D,0.0,00003_001038_07,0,0,0.067470021545887,0.09546712785959244,0.0,36,R1,0.0,0.0
fixed,0,RELLIS-3D,0.0,00003_001038_07,0,0,0.067470021545887,0.09546712785959244,0.0,36,R1,0.0,0.0
zero,0,RELLIS-3D,0.0,00003_001038_07,0,0,0.06244015693664551,0.09292357414960861,0.0,48,R1,0.0,0.0
learned,0,RELLIS-3D,0.0,00003_001038_07,0,0,0.06244015693664551,0.09292357414960861,0.0,48,R1,0.0,0.0
fixed,0,RELLIS-3D,0.0,00003_001038_07,0,0,0.06244015693664551,0.09292357414960861,0.0,48,R1,0.0,0.0
zero,0,RELLIS-3D,0.0,00003_001038_07,0,0,0.06545760482549667,0.09598419070243835,0.0,60,R1,0.0,0.0
learned,0,RELLIS-3D,0.0,00003_001038_07,0,0,0.06545760482549667,0.09598419070243835,0.0,60,R1,0.0,0.0
fixed,0,RELLIS-3D,0.0,00003_001038_07,0,0,0.06545760482549667,0.09598419070243835,0.0,60,R1,0.0,0.0
zero,0,RELLIS-3D,0.0,00003_001038_07,0,0,0.07431474328041077,0.1068478375673294,0.0,72,R1,0.0,0.0
learned,0,RELLIS-3D,0.0,00003_001038_07,0,0,0.07431474328041077,0.1068478375673294,0.0,72,R1,0.0,0.0
fixed,0,RELLIS-3D,0.0,00003_001038_07,0,0,0.07431474328041077,0.1068478375673294,0.0,72,R1,0.0,0.0
zero,0,RELLIS-3D,0.0,00003_001808_00,0,0,0.11899112164974213,0.13879728317260742,0.0,0,R2,0.0,0.0
learned,0,RELLIS-3D,0.0,00003_001808_00,0,0,0.11899112164974213,0.13879728317260742,0.0,0,R2,0.0,0.0
fixed,0,RELLIS-3D,0.0,00003_001808_00,0,0,0.11899112164974213,0.13879728317260742,0.0,0,R2,0.0,0.0
zero,0,RELLIS-3D,0.0,00003_001808_00,0,0,0.11430498957633972,0.13458724319934845,0.0,12,R2,0.0,0.0
learned,0,RELLIS-3D,0.0,00003_001808_00,0,0,0.11430498957633972,0.13458724319934845,0.0,12,R2,0.0,0.0
fixed,0,RELLIS-3D,0.0,00003_001808_00,0,0,0.11430498957633972,0.13458724319934845,0.0,12,R2,0.0,0.0
zero,0,RELLIS-3D,0.0,00003_001808_00,0,0,0.1023869588971138,0.12577441334724426,0.0,24,R2,0.0,0.0
learned,0,RELLIS-3D,0.0,00003_001808_00,0,0,0.1023869588971138,0.12577441334724426,0.0,24,R2,0.0,0.0
fixed,0,RELLIS-3D,0.0,00003_001808_00,0,0,0.1023869588971138,0.12577441334724426,0.0,24,R2,0.0,0.0
zero,0,RELLIS-3D,0.0,00003_001808_00,0,0,0.08954125642776489,0.11558465659618378,0.0,36,R2,0.0,0.0
learned,0,RELLIS-3D,0.0,00003_001808_00,0,0,0.08954125642776489,0.11558465659618378,0.0,36,R2,0.0,0.0
fixed,0,RELLIS-3D,0.0,00003_001808_00,0,0,0.08954125642776489,0.11558465659618378,0.0,36,R2,0.0,0.0
zero,0,RELLIS-3D,0.0,00003_001808_00,0,0,0.08373074233531952,0.11188937723636627,0.0,48,R2,0.0,0.0
learned,0,RELLIS-3D,0.0,00003_001808_00,0,0,0.08373074233531952,0.11188937723636627,0.0,48,R2,0.0,0.0
fixed,0,RELLIS-3D,0.0,00003_001808_00,0,0,0.08373074233531952,0.11188937723636627,0.0,48,R2,0.0,0.0
zero,0,RELLIS-3D,0.0,00003_001808_00,0,0,0.07780205458402634,0.1063658744096756,0.0,60,R2,0.0,0.0
learned,0,RELLIS-3D,0.0,00003_001808_00,0,0,0.07780205458402634,0.1063658744096756,0.0,60,R2,0.0,0.0
fixed,0,RELLIS-3D,0.0,00003_001808_00,0,0,0.07780205458402634,0.1063658744096756,0.0,60,R2,0.0,0.0
zero,0,RELLIS-3D,0.0,00003_001808_00,0,0,0.07999486476182938,0.1077948585152626,0.0,72,R2,0.0,0.0
learned,0,RELLIS-3D,0.0,00003_001808_00,0,0,0.07999486476182938,0.1077948585152626,0.0,72,R2,0.0,0.0
fixed,0,RELLIS-3D,0.0,00003_001808_00,0,0,0.07999486476182938,0.1077948585152626,0.0,72,R2,0.0,0.0
zero,0,RELLIS-3D,0.0,00003_001808_01,0,0,0.11318656802177429,0.13525088131427765,0.0,0,R1,0.0,0.0
learned,0,RELLIS-3D,0.0,00003_001808_01,0,0,0.11318656802177429,0.13525088131427765,0.0,0,R1,0.0,0.0
fixed,0,RELLIS-3D,0.0,00003_001808_01,0,0,0.11318656802177429,0.13525088131427765,0.0,0,R1,0.0,0.0
zero,0,RELLIS-3D,0.0,00003_001808_01,0,0,0.10577407479286194,0.13107410073280334,0.0,12,R1,0.0,0.0
learned,0,RELLIS-3D,0.0,00003_001808_01,0,0,0.10577407479286194,0.13107410073280334,0.0,12,R1,0.0,0.0
fixed,0,RELLIS-3D,0.0,00003_001808_01,0,0,0.10577407479286194,0.13107410073280334,0.0,12,R1,0.0,0.0
zero,0,RELLIS-3D,0.0,00003_001808_01,0,0,0.09502874314785004,0.12322233617305756,0.0,24,R1,0.0,0.0
learned,0,RELLIS-3D,0.0,00003_001808_01,0,0,0.09502874314785004,0.12322233617305756,0.0,24,R1,0.0,0.0
fixed,0,RELLIS-3D,0.0,00003_001808_01,0,0,0.09502874314785004,0.12322233617305756,0.0,24,R1,0.0,0.0
zero,0,RELLIS-3D,0.0,00003_001808_01,0,0,0.08558022975921631,0.11246823519468307,0.0,36,R1,0.0,0.0
learned,0,RELLIS-3D,0.0,00003_001808_01,0,0,0.08558022975921631,0.11246823519468307,0.0,36,R1,0.0,0.0
fixed,0,RELLIS-3D,0.0,00003_001808_01,0,0,0.08558022975921631,0.11246823519468307,0.0,36,R1,0.0,0.0
zero,0,RELLIS-3D,0.0,00003_001808_01,0,0,0.08254216611385345,0.10788263380527496,0.0,48,R1,0.0,0.0
learned,0,RELLIS-3D,0.0,00003_001808_01,0,0,0.08254216611385345,0.10788263380527496,0.0,48,R1,0.0,0.0
fixed,0,RELLIS-3D,0.0,00003_001808_01,0,0,0.08254216611385345,0.10788263380527496,0.0,48,R1,0.0,0.0
zero,0,RELLIS-3D,0.0,00003_001808_02,0,0,0.11425478756427765,0.13619589805603027,0.0,0,R1,0.0,0.0
learned,0,RELLIS-3D,0.0,00003_001808_02,0,0,0.11425478756427765,0.13619589805603027,0.0,0,R1,0.0,0.0
fixed,0,RELLIS-3D,0.0,00003_001808_02,0,0,0.11425478756427765,0.13619589805603027,0.0,0,R1,0.0,0.0
zero,0,RELLIS-3D,0.0,00003_001808_02,0,0,0.10961060225963593,0.13285604119300842,0.0,12,R1,0.0,0.0
learned,0,RELLIS-3D,0.0,00003_001808_02,0,0,0.10961060225963593,0.13285604119300842,0.0,12,R1,0.0,0.0
fixed,0,RELLIS-3D,0.0,00003_001808_02,0,0,0.10961060225963593,0.13285604119300842,0.0,12,R1,0.0,0.0
zero,0,RELLIS-3D,0.0,00003_001808_02,0,0,0.09906834363937378,0.1245361939072609,0.0,24,R1,0.0,0.0
learned,0,RELLIS-3D,0.0,00003_001808_02,0,0,0.09906834363937378,0.1245361939072609,0.0,24,R1,0.0,0.0
fixed,0,RELLIS-3D,0.0,00003_001808_02,0,0,0.09906834363937378,0.1245361939072609,0.0,24,R1,0.0,0.0
zero,0,RELLIS-3D,0.0,00003_001808_02,0,0,0.0875154510140419,0.11503849923610687,0.0,36,R1,0.0,0.0
learned,0,RELLIS-3D,0.0,00003_001808_02,0,0,0.0875154510140419,0.11503849923610687,0.0,36,R1,0.0,0.0
fixed,0,RELLIS-3D,0.0,00003_001808_02,0,0,0.0875154510140419,0.11503849923610687,0.0,36,R1,0.0,0.0
zero,0,RELLIS-3D,0.0,00003_001808_02,0,0,0.08110925555229187,0.1112898737192154,0.0,48,R1,0.0,0.0
learned,0,RELLIS-3D,0.0,00003_001808_02,0,0,0.08110925555229187,0.1112898737192154,0.0,48,R1,0.0,0.0
fixed,0,RELLIS-3D,0.0,00003_001808_02,0,0,0.08110925555229187,0.1112898737192154,0.0,48,R1,0.0,0.0
zero,0,RELLIS-3D,0.0,00003_001808_03,0,0,0.11461900174617767,0.13331595063209534,0.0,0,R1,0.0,0.0
learned,0,RELLIS-3D,0.0,00003_001808_03,0,0,0.11461900174617767,0.13331595063209534,0.0,0,R1,0.0,0.0
fixed,0,RELLIS-3D,0.0,00003_001808_03,0,0,0.11461900174617767,0.13331595063209534,0.0,0,R1,0.0,0.0
zero,0,RELLIS-3D,0.0,00003_001808_03,0,0,0.10553909838199615,0.1328040361404419,0.0,12,R1,0.0,0.0
learned,0,RELLIS-3D,0.0,00003_001808_03,0,0,0.10553909838199615,0.1328040361404419,0.0,12,R1,0.0,0.0
fixed,0,RELLIS-3D,0.0,00003_001808_03,0,0,0.10553909838199615,0.1328040361404419,0.0,12,R1,0.0,0.0
zero,0,RELLIS-3D,0.0,00003_001808_03,0,0,0.0946415588259697,0.12262613326311111,0.0,24,R1,0.0,0.0
learned,0,RELLIS-3D,0.0,00003_001808_03,0,0,0.0946415588259697,0.12262613326311111,0.0,24,R1,0.0,0.0
fixed,0,RELLIS-3D,0.0,00003_001808_03,0,0,0.0946415588259697,0.12262613326311111,0.0,24,R1,0.0,0.0
zero,0,RELLIS-3D,0.0,00003_001808_03,0,0,0.08556772768497467,0.11203444004058838,0.0,36,R1,0.0,0.0
learned,0,RELLIS-3D,0.0,00003_001808_03,0,0,0.08556772768497467,0.11203444004058838,0.0,36,R1,0.0,0.0
fixed,0,RELLIS-3D,0.0,00003_001808_03,0,0,0.08556772768497467,0.11203444004058838,0.0,36,R1,0.0,0.0
zero,0,RELLIS-3D,0.0,00003_001808_03,0,0,0.08227626979351044,0.1078803762793541,0.0,48,R1,0.0,0.0
learned,0,RELLIS-3D,0.0,00003_001808_03,0,0,0.08227626979351044,0.1078803762793541,0.0,48,R1,0.0,0.0
fixed,0,RELLIS-3D,0.0,00003_001808_03,0,0,0.08227626979351044,0.1078803762793541,0.0,48,R1,0.0,0.0
zero,0,RELLIS-3D,0.0,00003_001808_04,0,0,0.11323758959770203,0.13239289820194244,0.0,0,R1,0.0,0.0
learned,0,RELLIS-3D,0.0,00003_001808_04,0,0,0.11323758959770203,0.13239289820194244,0.0,0,R1,0.0,0.0
fixed,0,RELLIS-3D,0.0,00003_001808_04,0,0,0.11323758959770203,0.13239289820194244,0.0,0,R1,0.0,0.0
zero,0,RELLIS-3D,0.0,00003_001808_04,0,0,0.10961060225963593,0.13285604119300842,0.0,12,R1,0.0,0.0
learned,0,RELLIS-3D,0.0,00003_001808_04,0,0,0.10961060225963593,0.13285604119300842,0.0,12,R1,0.0,0.0
fixed,0,RELLIS-3D,0.0,00003_001808_04,0,0,0.10961060225963593,0.13285604119300842,0.0,12,R1,0.0,0.0
zero,0,RELLIS-3D,0.0,00003_001808_04,0,0,0.09906834363937378,0.1245361939072609,0.0,24,R1,0.0,0.0
learned,0,RELLIS-3D,0.0,00003_001808_04,0,0,0.09906834363937378,0.1245361939072609,0.0,24,R1,0.0,0.0
fixed,0,RELLIS-3D,0.0,00003_001808_04,0,0,0.09906834363937378,0.1245361939072609,0.0,24,R1,0.0,0.0
zero,0,RELLIS-3D,0.0,00003_001808_04,0,0,0.0875154510140419,0.11503849923610687,0.0,36,R1,0.0,0.0
learned,0,RELLIS-3D,0.0,00003_001808_04,0,0,0.0875154510140419,0.11503849923610687,0.0,36,R1,0.0,0.0
fixed,0,RELLIS-3D,0.0,00003_001808_04,0,0,0.0875154510140419,0.11503849923610687,0.0,36,R1,0.0,0.0
zero,0,RELLIS-3D,0.0,00003_001808_04,0,0,0.08110925555229187,0.1112898737192154,0.0,48,R1,0.0,0.0
learned,0,RELLIS-3D,0.0,00003_001808_04,0,0,0.08110925555229187,0.1112898737192154,0.0,48,R1,0.0,0.0
fixed,0,RELLIS-3D,0.0,00003_001808_04,0,0,0.08110925555229187,0.1112898737192154,0.0,48,R1,0.0,0.0
zero,0,RELLIS-3D,0.0,00003_001808_05,0,0,0.1107315719127655,0.13584394752979279,0.0,0,R1,0.0,0.0
learned,0,RELLIS-3D,0.0,00003_001808_05,0,0,0.1107315719127655,0.13584394752979279,0.0,0,R1,0.0,0.0
fixed,0,RELLIS-3D,0.0,00003_001808_05,0,0,0.1107315719127655,0.13584394752979279,0.0,0,R1,0.0,0.0
zero,0,RELLIS-3D,0.0,00003_001808_05,0,0,0.10563743114471436,0.1341543197631836,0.0,12,R1,0.0,0.0
learned,0,RELLIS-3D,0.0,00003_001808_05,0,0,0.10563743114471436,0.1341543197631836,0.0,12,R1,0.0,0.0
fixed,0,RELLIS-3D,0.0,00003_001808_05,0,0,0.10563743114471436,0.1341543197631836,0.0,12,R1,0.0,0.0
zero,0,RELLIS-3D,0.0,00003_001808_05,0,0,0.09375931322574615,0.12301831692457199,0.0,24,R1,0.0,0.0
learned,0,RELLIS-3D,0.0,00003_001808_05,0,0,0.09375931322574615,0.12301831692457199,0.0,24,R1,0.0,0.0
fixed,0,RELLIS-3D,0.0,00003_001808_05,0,0,0.09375931322574615,0.12301831692457199,0.0,24,R1,0.0,0.0
zero,0,RELLIS-3D,0.0,00003_001808_05,0,0,0.0842275619506836,0.11420368403196335,0.0,36,R1,0.0,0.0
learned,0,RELLIS-3D,0.0,00003_001808_05,0,0,0.0842275619506836,0.11420368403196335,0.0,36,R1,0.0,0.0
fixed,0,RELLIS-3D,0.0,00003_001808_05,0,0,0.0842275619506836,0.11420368403196335,0.0,36,R1,0.0,0.0
zero,0,RELLIS-3D,0.0,00003_001808_05,0,0,0.07640398293733597,0.10958149284124374,0.0,48,R1,0.0,0.0
learned,0,RELLIS-3D,0.0,00003_001808_05,0,0,0.07640398293733597,0.10958149284124374,0.0,48,R1,0.0,0.0
fixed,0,RELLIS-3D,0.0,00003_001808_05,0,0,0.07640398293733597,0.10958149284124374,0.0,48,R1,0.0,0.0
zero,0,RELLIS-3D,0.0,00003_001808_05,0,0,0.07428239285945892,0.10828252881765366,0.0,60,R1,0.0,0.0
learned,0,RELLIS-3D,0.0,00003_001808_05,0,0,0.07428239285945892,0.10828252881765366,0.0,60,R1,0.0,0.0
fixed,0,RELLIS-3D,0.0,00003_001808_05,0,0,0.07428239285945892,0.10828252881765366,0.0,60,R1,0.0,0.0
zero,0,RELLIS-3D,0.0,00003_001808_06,0,0,0.12764661014080048,0.14509639143943787,0.0,0,R2,0.0,0.0
learned,0,RELLIS-3D,0.0,00003_001808_06,0,0,0.12764661014080048,0.14509639143943787,0.0,0,R2,0.0,0.0
fixed,0,RELLIS-3D,0.0,00003_001808_06,0,0,0.12764661014080048,0.14509639143943787,0.0,0,R2,0.0,0.0
zero,0,RELLIS-3D,0.0,00003_001808_06,0,0,0.12034975737333298,0.1362922489643097,0.0,12,R2,0.0,0.0
learned,0,RELLIS-3D,0.0,00003_001808_06,0,0,0.12034975737333298,0.1362922489643097,0.0,12,R2,0.0,0.0
fixed,0,RELLIS-3D,0.0,00003_001808_06,0,0,0.12034975737333298,0.1362922489643097,0.0,12,R2,0.0,0.0
zero,0,RELLIS-3D,0.0,00003_001808_06,0,0,0.1037292331457138,0.12483985722064972,0.0,24,R2,0.0,0.0
learned,0,RELLIS-3D,0.0,00003_001808_06,0,0,0.1037292331457138,0.12483985722064972,0.0,24,R2,0.0,0.0
fixed,0,RELLIS-3D,0.0,00003_001808_06,0,0,0.1037292331457138,0.12483985722064972,0.0,24,R2,0.0,0.0
zero,0,RELLIS-3D,0.0,00003_001808_06,0,0,0.09007462859153748,0.11413557827472687,0.0,36,R2,0.0,0.0
learned,0,RELLIS-3D,0.0,00003_001808_06,0,0,0.09007462859153748,0.11413557827472687,0.0,36,R2,0.0,0.0
fixed,0,RELLIS-3D,0.0,00003_001808_06,0,0,0.09007462859153748,0.11413557827472687,0.0,36,R2,0.0,0.0
zero,0,RELLIS-3D,0.0,00003_001808_06,0,0,0.08407847583293915,0.10952431708574295,0.0,48,R2,0.0,0.0
learned,0,RELLIS-3D,0.0,00003_001808_06,0,0,0.08407847583293915,0.10952431708574295,0.0,48,R2,0.0,0.0
fixed,0,RELLIS-3D,0.0,00003_001808_06,0,0,0.08407847583293915,0.10952431708574295,0.0,48,R2,0.0,0.0
zero,0,RELLIS-3D,0.0,00003_001808_06,0,0,0.08014260977506638,0.10458610951900482,0.0,60,R2,0.0,0.0
learned,0,RELLIS-3D,0.0,00003_001808_06,0,0,0.08014260977506638,0.10458610951900482,0.0,60,R2,0.0,0.0
fixed,0,RELLIS-3D,0.0,00003_001808_06,0,0,0.08014260977506638,0.10458610951900482,0.0,60,R2,0.0,0.0
zero,0,RELLIS-3D,0.0,00003_001808_06,0,0,0.08160813897848129,0.10908626019954681,0.0,72,R2,0.0,0.0
learned,0,RELLIS-3D,0.0,00003_001808_06,0,0,0.08160813897848129,0.10908626019954681,0.0,72,R2,0.0,0.0
fixed,0,RELLIS-3D,0.0,00003_001808_06,0,0,0.08160813897848129,0.10908626019954681,0.0,72,R2,0.0,0.0
zero,0,RELLIS-3D,0.0,00003_001808_07,0,0,0.11961875855922699,0.14067944884300232,0.0,0,R1,0.0,0.0
learned,0,RELLIS-3D,0.0,00003_001808_07,0,0,0.11961875855922699,0.14067944884300232,0.0,0,R1,0.0,0.0
fixed,0,RELLIS-3D,0.0,00003_001808_07,0,0,0.11961875855922699,0.14067944884300232,0.0,0,R1,0.0,0.0
zero,0,RELLIS-3D,0.0,00003_001808_07,0,1,0.11574455350637436,0.13684746623039246,0.0,12,R1,0.0,0.0
learned,0,RELLIS-3D,0.0031063342466950417,00003_001808_07,0,1,0.11574455350637436,0.13684746623039246,0.13684746623039246,12,R1,0.006430626846849918,0.006390738300979137
fixed,1,RELLIS-3D,0.03404887020587921,00003_001808_07,0,1,0.11574455350637436,0.13684746623039246,1.5,12,R1,0.07048680633306503,0.07004957646131516
zero,0,RELLIS-3D,0.0,00003_001808_07,0,0,0.09921845048666,0.12582333385944366,0.0,24,R1,0.0,0.0
learned,0,RELLIS-3D,0.0,00003_001808_07,0,0,0.09921845048666,0.12582333385944366,0.0,24,R1,0.0,0.0
fixed,0,RELLIS-3D,0.0,00003_001808_07,0,0,0.09921845048666,0.12582333385944366,0.0,24,R1,0.0,0.0
zero,0,RELLIS-3D,0.0,00003_001808_07,0,0,0.0868707075715065,0.11464238911867142,0.0,36,R1,0.0,0.0
learned,0,RELLIS-3D,0.0,00003_001808_07,0,0,0.0868707075715065,0.11464238911867142,0.0,36,R1,0.0,0.0
fixed,0,RELLIS-3D,0.0,00003_001808_07,0,0,0.0868707075715065,0.11464238911867142,0.0,36,R1,0.0,0.0
zero,0,RELLIS-3D,0.0,00003_001808_07,0,0,0.079936683177948,0.11159513145685196,0.0,48,R1,0.0,0.0
learned,0,RELLIS-3D,0.0,00003_001808_07,0,0,0.079936683177948,0.11159513145685196,0.0,48,R1,0.0,0.0
fixed,0,RELLIS-3D,0.0,00003_001808_07,0,0,0.079936683177948,0.11159513145685196,0.0,48,R1,0.0,0.0
zero,0,RELLIS-3D,0.0,00003_001808_07,0,0,0.07416186481714249,0.10657884180545807,0.0,60,R1,0.0,0.0
learned,0,RELLIS-3D,0.0,00003_001808_07,0,0,0.07416186481714249,0.10657884180545807,0.0,60,R1,0.0,0.0
fixed,0,RELLIS-3D,0.0,00003_001808_07,0,0,0.07416186481714249,0.10657884180545807,0.0,60,R1,0.0,0.0
zero,0,RELLIS-3D,0.0,00003_001808_07,0,0,0.07243876159191132,0.10915830731391907,0.0,72,R1,0.0,0.0
learned,0,RELLIS-3D,0.0,00003_001808_07,0,0,0.07243876159191132,0.10915830731391907,0.0,72,R1,0.0,0.0
fixed,0,RELLIS-3D,0.0,00003_001808_07,0,0,0.07243876159191132,0.10915830731391907,0.0,72,R1,0.0,0.0
zero,0,RELLIS-3D,0.0,00003_000108_00,0,0,0.10813087224960327,0.1324160397052765,0.0,0,R1,0.0,0.0
learned,0,RELLIS-3D,0.0,00003_000108_00,0,0,0.10813087224960327,0.1324160397052765,0.0,0,R1,0.0,0.0
fixed,0,RELLIS-3D,0.0,00003_000108_00,0,0,0.10813087224960327,0.1324160397052765,0.0,0,R1,0.0,0.0
zero,0,RELLIS-3D,0.0,00003_000108_00,0,0,0.05515364557504654,0.08890970051288605,0.0,12,R1,0.0,0.0
learned,0,RELLIS-3D,0.0,00003_000108_00,0,0,0.05515364557504654,0.08890970051288605,0.0,12,R1,0.0,0.0
fixed,0,RELLIS-3D,0.0,00003_000108_00,0,0,0.05515364557504654,0.08890970051288605,0.0,12,R1,0.0,0.0
zero,0,RELLIS-3D,0.0,00003_000108_00,0,0,0.05818618834018707,0.09035368263721466,0.0,24,R1,0.0,0.0
learned,0,RELLIS-3D,0.0,00003_000108_00,0,0,0.05818618834018707,0.09035368263721466,0.0,24,R1,0.0,0.0
fixed,0,RELLIS-3D,0.0,00003_000108_00,0,0,0.05818618834018707,0.09035368263721466,0.0,24,R1,0.0,0.0
zero,0,RELLIS-3D,0.0,00003_000108_00,0,0,0.07552843540906906,0.10810096561908722,0.0,36,R1,0.0,0.0
learned,0,RELLIS-3D,0.0,00003_000108_00,0,0,0.07552843540906906,0.10810096561908722,0.0,36,R1,0.0,0.0
fixed,0,RELLIS-3D,0.0,00003_000108_00,0,0,0.07552843540906906,0.10810096561908722,0.0,36,R1,0.0,0.0
zero,0,RELLIS-3D,0.0,00003_000108_00,0,0,0.07510162144899368,0.10811809450387955,0.0,48,R1,0.0,0.0
learned,0,RELLIS-3D,0.0,00003_000108_00,0,0,0.07510162144899368,0.10811809450387955,0.0,48,R1,0.0,0.0
fixed,0,RELLIS-3D,0.0,00003_000108_00,0,0,0.07510162144899368,0.10811809450387955,0.0,48,R1,0.0,0.0
zero,0,RELLIS-3D,0.0,00003_000108_00,0,0,0.07756912708282471,0.10516871511936188,0.0,60,R1,0.0,0.0
learned,0,RELLIS-3D,0.0,00003_000108_00,0,0,0.07756912708282471,0.10516871511936188,0.0,60,R1,0.0,0.0
fixed,0,RELLIS-3D,0.0,00003_000108_00,0,0,0.07756912708282471,0.10516871511936188,0.0,60,R1,0.0,0.0
zero,0,RELLIS-3D,0.0,00003_000108_01,0,1,0.09696018695831299,0.12348253279924393,0.0,0,R3,0.0,0.0
learned,0,RELLIS-3D,-0.001150684431195259,00003_000108_01,0,1,0.09696018695831299,0.12348253279924393,0.12348253279924393,0,R3,0.025223398581147194,0.0228387750685215
fixed,0,RELLIS-3D,-0.01397790014743805,00003_000108_01,0,1,0.09696018695831299,0.12348253279924393,1.5,0,R3,0.3064004182815552,0.27743324637413025
zero,0,RELLIS-3D,0.0,00003_000108_01,0,0,0.087058886885643,0.11733376979827881,0.0,12,R3,0.0,0.0
learned,0,RELLIS-3D,0.0,00003_000108_01,0,0,0.087058886885643,0.11733376979827881,0.0,12,R3,0.0,0.0
fixed,0,RELLIS-3D,0.0,00003_000108_01,0,0,0.087058886885643,0.11733376979827881,0.0,12,R3,0.0,0.0
zero,0,RELLIS-3D,0.0,00003_000108_01,0,0,0.08004221320152283,0.11212794482707977,0.0,24,R3,0.0,0.0
learned,0,RELLIS-3D,0.0,00003_000108_01,0,0,0.08004221320152283,0.11212794482707977,0.0,24,R3,0.0,0.0
fixed,0,RELLIS-3D,0.0,00003_000108_01,0,0,0.08004221320152283,0.11212794482707977,0.0,24,R3,0.0,0.0
zero,0,RELLIS-3D,0.0,00003_000108_01,0,0,0.07783345133066177,0.10605413466691971,0.0,36,R3,0.0,0.0
learned,0,RELLIS-3D,0.0,00003_000108_01,0,0,0.07783345133066177,0.10605413466691971,0.0,36,R3,0.0,0.0
fixed,0,RELLIS-3D,0.0,00003_000108_01,0,0,0.07783345133066177,0.10605413466691971,0.0,36,R3,0.0,0.0
zero,0,RELLIS-3D,0.0,00003_000108_01,0,0,0.07626903057098389,0.10465610027313232,0.0,48,R3,0.0,0.0
learned,0,RELLIS-3D,0.0,00003_000108_01,0,0,0.07626903057098389,0.10465610027313232,0.0,48,R3,0.0,0.0
fixed,0,RELLIS-3D,0.0,00003_000108_01,0,0,0.07626903057098389,0.10465610027313232,0.0,48,R3,0.0,0.0
zero,0,RELLIS-3D,0.0,00003_000108_02,0,0,0.09525720030069351,0.12292428314685822,0.0,0,R3,0.0,0.0
learned,0,RELLIS-3D,0.0,00003_000108_02,0,0,0.09525720030069351,0.12292428314685822,0.0,0,R3,0.0,0.0
fixed,0,RELLIS-3D,0.0,00003_000108_02,0,0,0.09525720030069351,0.12292428314685822,0.0,0,R3,0.0,0.0
zero,0,RELLIS-3D,0.0,00003_000108_02,0,0,0.0867808535695076,0.11944021284580231,0.0,12,R3,0.0,0.0
learned,0,RELLIS-3D,0.0,00003_000108_02,0,0,0.0867808535695076,0.11944021284580231,0.0,12,R3,0.0,0.0
fixed,0,RELLIS-3D,0.0,00003_000108_02,0,0,0.0867808535695076,0.11944021284580231,0.0,12,R3,0.0,0.0
zero,0,RELLIS-3D,0.0,00003_000108_02,0,0,0.07644890248775482,0.11035673320293427,0.0,24,R3,0.0,0.0
learned,0,RELLIS-3D,0.0,00003_000108_02,0,0,0.07644890248775482,0.11035673320293427,0.0,24,R3,0.0,0.0
fixed,0,RELLIS-3D,0.0,00003_000108_02,0,0,0.07644890248775482,0.11035673320293427,0.0,24,R3,0.0,0.0
zero,0,RELLIS-3D,0.0,00003_000108_02,0,0,0.07584132999181747,0.10427738726139069,0.0,36,R3,0.0,0.0
learned,0,RELLIS-3D,0.0,00003_000108_02,0,0,0.07584132999181747,0.10427738726139069,0.0,36,R3,0.0,0.0
fixed,0,RELLIS-3D,0.0,00003_000108_02,0,0,0.07584132999181747,0.10427738726139069,0.0,36,R3,0.0,0.0
zero,0,RELLIS-3D,0.0,00003_000108_02,0,0,0.07579891383647919,0.10424192249774933,0.0,48,R3,0.0,0.0
learned,0,RELLIS-3D,0.0,00003_000108_02,0,0,0.07579891383647919,0.10424192249774933,0.0,48,R3,0.0,0.0
fixed,0,RELLIS-3D,0.0,00003_000108_02,0,0,0.07579891383647919,0.10424192249774933,0.0,48,R3,0.0,0.0
zero,0,RELLIS-3D,0.0,00003_000108_03,0,0,0.07524356245994568,0.11264054477214813,0.0,0,R2,0.0,0.0
learned,0,RELLIS-3D,0.0,00003_000108_03,0,0,0.07524356245994568,0.11264054477214813,0.0,0,R2,0.0,0.0
fixed,0,RELLIS-3D,0.0,00003_000108_03,0,0,0.07524356245994568,0.11264054477214813,0.0,0,R2,0.0,0.0
zero,0,RELLIS-3D,0.0,00003_000108_03,0,0,0.09270785748958588,0.12409389764070511,0.0,12,R2,0.0,0.0
learned,0,RELLIS-3D,0.0,00003_000108_03,0,0,0.09270785748958588,0.12409389764070511,0.0,12,R2,0.0,0.0
fixed,0,RELLIS-3D,0.0,00003_000108_03,0,0,0.09270785748958588,0.12409389764070511,0.0,12,R2,0.0,0.0
zero,0,RELLIS-3D,0.0,00003_000108_03,0,0,0.0847729966044426,0.12004788964986801,0.0,24,R2,0.0,0.0
learned,0,RELLIS-3D,0.0,00003_000108_03,0,0,0.0847729966044426,0.12004788964986801,0.0,24,R2,0.0,0.0
fixed,0,RELLIS-3D,0.0,00003_000108_03,0,0,0.0847729966044426,0.12004788964986801,0.0,24,R2,0.0,0.0
zero,0,RELLIS-3D,0.0,00003_000108_03,0,0,0.07733101397752762,0.11298741400241852,0.0,36,R2,0.0,0.0
learned,0,RELLIS-3D,0.0,00003_000108_03,0,0,0.07733101397752762,0.11298741400241852,0.0,36,R2,0.0,0.0
fixed,0,RELLIS-3D,0.0,00003_000108_03,0,0,0.07733101397752762,0.11298741400241852,0.0,36,R2,0.0,0.0
zero,0,RELLIS-3D,0.0,00003_000108_03,0,0,0.07621412724256516,0.10551111400127411,0.0,48,R2,0.0,0.0
learned,0,RELLIS-3D,0.0,00003_000108_03,0,0,0.07621412724256516,0.10551111400127411,0.0,48,R2,0.0,0.0
fixed,0,RELLIS-3D,0.0,00003_000108_03,0,0,0.07621412724256516,0.10551111400127411,0.0,48,R2,0.0,0.0
zero,0,RELLIS-3D,0.0,00003_000108_04,0,1,0.09463074803352356,0.12525130808353424,0.0,0,R3,0.0,0.0
learned,0,RELLIS-3D,-0.04242483526468277,00003_000108_04,0,1,0.09463074803352356,0.12525130808353424,0.12525130808353424,0,R3,0.04404682666063309,0.027176769450306892
fixed,0,RELLIS-3D,-0.508076548576355,00003_000108_04,0,1,0.09463074803352356,0.12525130808353424,1.5,0,R3,0.5275014042854309,0.32546690106391907
zero,0,RELLIS-3D,0.0,00003_000108_04,0,0,0.0867808535695076,0.11944021284580231,0.0,12,R3,0.0,0.0
learned,0,RELLIS-3D,0.0,00003_000108_04,0,0,0.0867808535695076,0.11944021284580231,0.0,12,R3,0.0,0.0
fixed,0,RELLIS-3D,0.0,00003_000108_04,0,0,0.0867808535695076,0.11944021284580231,0.0,12,R3,0.0,0.0
zero,0,RELLIS-3D,0.0,00003_000108_04,0,0,0.07644890248775482,0.11035673320293427,0.0,24,R3,0.0,0.0
learned,0,RELLIS-3D,0.0,00003_000108_04,0,0,0.07644890248775482,0.11035673320293427,0.0,24,R3,0.0,0.0
fixed,0,RELLIS-3D,0.0,00003_000108_04,0,0,0.07644890248775482,0.11035673320293427,0.0,24,R3,0.0,0.0
zero,0,RELLIS-3D,0.0,00003_000108_04,0,0,0.07584132999181747,0.10427738726139069,0.0,36,R3,0.0,0.0
learned,0,RELLIS-3D,0.0,00003_000108_04,0,0,0.07584132999181747,0.10427738726139069,0.0,36,R3,0.0,0.0
fixed,0,RELLIS-3D,0.0,00003_000108_04,0,0,0.07584132999181747,0.10427738726139069,0.0,36,R3,0.0,0.0
zero,0,RELLIS-3D,0.0,00003_000108_04,0,0,0.07579891383647919,0.10424192249774933,0.0,48,R3,0.0,0.0
learned,0,RELLIS-3D,0.0,00003_000108_04,0,0,0.07579891383647919,0.10424192249774933,0.0,48,R3,0.0,0.0
fixed,0,RELLIS-3D,0.0,00003_000108_04,0,0,0.07579891383647919,0.10424192249774933,0.0,48,R3,0.0,0.0
zero,0,RELLIS-3D,0.0,00003_000108_05,0,0,0.07524356245994568,0.11264054477214813,0.0,0,R2,0.0,0.0
learned,0,RELLIS-3D,0.0,00003_000108_05,0,0,0.07524356245994568,0.11264054477214813,0.0,0,R2,0.0,0.0
fixed,0,RELLIS-3D,0.0,00003_000108_05,0,0,0.07524356245994568,0.11264054477214813,0.0,0,R2,0.0,0.0
zero,0,RELLIS-3D,0.0,00003_000108_05,0,0,0.09270785748958588,0.12409389764070511,0.0,12,R2,0.0,0.0
learned,0,RELLIS-3D,0.0,00003_000108_05,0,0,0.09270785748958588,0.12409389764070511,0.0,12,R2,0.0,0.0
fixed,0,RELLIS-3D,0.0,00003_000108_05,0,0,0.09270785748958588,0.12409389764070511,0.0,12,R2,0.0,0.0
zero,0,RELLIS-3D,0.0,00003_000108_05,0,0,0.0847729966044426,0.12004788964986801,0.0,24,R2,0.0,0.0
learned,0,RELLIS-3D,0.0,00003_000108_05,0,0,0.0847729966044426,0.12004788964986801,0.0,24,R2,0.0,0.0
fixed,0,RELLIS-3D,0.0,00003_000108_05,0,0,0.0847729966044426,0.12004788964986801,0.0,24,R2,0.0,0.0
zero,0,RELLIS-3D,0.0,00003_000108_05,0,0,0.07589205354452133,0.11008239537477493,0.0,36,R2,0.0,0.0
learned,0,RELLIS-3D,0.0,00003_000108_05,0,0,0.07589205354452133,0.11008239537477493,0.0,36,R2,0.0,0.0
fixed,0,RELLIS-3D,0.0,00003_000108_05,0,0,0.07589205354452133,0.11008239537477493,0.0,36,R2,0.0,0.0
zero,0,RELLIS-3D,0.0,00003_000108_05,0,0,0.07831646502017975,0.10730744898319244,0.0,48,R2,0.0,0.0
learned,0,RELLIS-3D,0.0,00003_000108_05,0,0,0.07831646502017975,0.10730744898319244,0.0,48,R2,0.0,0.0
fixed,0,RELLIS-3D,0.0,00003_000108_05,0,0,0.07831646502017975,0.10730744898319244,0.0,48,R2,0.0,0.0
zero,0,RELLIS-3D,0.0,00003_000108_05,0,0,0.07591374963521957,0.10534052550792694,0.0,60,R2,0.0,0.0
learned,0,RELLIS-3D,0.0,00003_000108_05,0,0,0.07591374963521957,0.10534052550792694,0.0,60,R2,0.0,0.0
fixed,0,RELLIS-3D,0.0,00003_000108_05,0,0,0.07591374963521957,0.10534052550792694,0.0,60,R2,0.0,0.0
zero,0,RELLIS-3D,0.0,00003_000108_06,0,0,0.11000905185937881,0.14000093936920166,0.0,0,R3,0.0,0.0
learned,0,RELLIS-3D,0.0,00003_000108_06,0,0,0.11000905185937881,0.14000093936920166,0.0,0,R3,0.0,0.0
fixed,0,RELLIS-3D,0.0,00003_000108_06,0,0,0.11000905185937881,0.14000093936920166,0.0,0,R3,0.0,0.0
zero,0,RELLIS-3D,0.0,00003_000108_06,0,0,0.09342116117477417,0.1255548596382141,0.0,12,R3,0.0,0.0
learned,0,RELLIS-3D,0.0,00003_000108_06,0,0,0.09342116117477417,0.1255548596382141,0.0,12,R3,0.0,0.0
fixed,0,RELLIS-3D,0.0,00003_000108_06,0,0,0.09342116117477417,0.1255548596382141,0.0,12,R3,0.0,0.0
zero,0,RELLIS-3D,0.0,00003_000108_06,0,0,0.0824388787150383,0.11580127477645874,0.0,24,R3,0.0,0.0
learned,0,RELLIS-3D,0.0,00003_000108_06,0,0,0.0824388787150383,0.11580127477645874,0.0,24,R3,0.0,0.0
fixed,0,RELLIS-3D,0.0,00003_000108_06,0,0,0.0824388787150383,0.11580127477645874,0.0,24,R3,0.0,0.0
zero,0,RELLIS-3D,0.0,00003_000108_06,0,0,0.07413880527019501,0.10803475230932236,0.0,36,R3,0.0,0.0
learned,0,RELLIS-3D,0.0,00003_000108_06,0,0,0.07413880527019501,0.10803475230932236,0.0,36,R3,0.0,0.0
fixed,0,RELLIS-3D,0.0,00003_000108_06,0,0,0.07413880527019501,0.10803475230932236,0.0,36,R3,0.0,0.0
zero,0,RELLIS-3D,0.0,00003_000108_06,0,0,0.0758151262998581,0.10425545275211334,0.0,48,R3,0.0,0.0
learned,0,RELLIS-3D,0.0,00003_000108_06,0,0,0.0758151262998581,0.10425545275211334,0.0,48,R3,0.0,0.0
fixed,0,RELLIS-3D,0.0,00003_000108_06,0,0,0.0758151262998581,0.10425545275211334,0.0,48,R3,0.0,0.0
zero,0,RELLIS-3D,0.0,00003_000108_06,0,0,0.07579805701971054,0.10424123704433441,0.0,60,R3,0.0,0.0
learned,0,RELLIS-3D,0.0,00003_000108_06,0,0,0.07579805701971054,0.10424123704433441,0.0,60,R3,0.0,0.0
fixed,0,RELLIS-3D,0.0,00003_000108_06,0,0,0.07579805701971054,0.10424123704433441,0.0,60,R3,0.0,0.0
zero,0,RELLIS-3D,0.0,00003_000108_07,0,0,0.042747244238853455,0.07572448253631592,0.0,0,R3,0.0,0.0
learned,0,RELLIS-3D,0.0,00003_000108_07,0,0,0.042747244238853455,0.07572448253631592,0.0,0,R3,0.0,0.0
fixed,0,RELLIS-3D,0.0,00003_000108_07,0,0,0.042747244238853455,0.07572448253631592,0.0,0,R3,0.0,0.0
zero,0,RELLIS-3D,0.0,00003_000108_07,0,0,0.04354841634631157,0.07461336255073547,0.0,12,R3,0.0,0.0
learned,0,RELLIS-3D,0.0,00003_000108_07,0,0,0.04354841634631157,0.07461336255073547,0.0,12,R3,0.0,0.0
fixed,0,RELLIS-3D,0.0,00003_000108_07,0,0,0.04354841634631157,0.07461336255073547,0.0,12,R3,0.0,0.0
zero,0,RELLIS-3D,0.0,00003_000108_07,0,0,0.07270830124616623,0.10531004518270493,0.0,24,R3,0.0,0.0
learned,0,RELLIS-3D,0.0,00003_000108_07,0,0,0.07270830124616623,0.10531004518270493,0.0,24,R3,0.0,0.0
fixed,0,RELLIS-3D,0.0,00003_000108_07,0,0,0.07270830124616623,0.10531004518270493,0.0,24,R3,0.0,0.0
zero,0,RELLIS-3D,0.0,00003_000108_07,0,0,0.07390554249286652,0.10751255601644516,0.0,36,R3,0.0,0.0
learned,0,RELLIS-3D,0.0,00003_000108_07,0,0,0.07390554249286652,0.10751255601644516,0.0,36,R3,0.0,0.0
fixed,0,RELLIS-3D,0.0,00003_000108_07,0,0,0.07390554249286652,0.10751255601644516,0.0,36,R3,0.0,0.0
zero,0,RELLIS-3D,0.0,00003_000108_07,0,0,0.07714448869228363,0.10539472848176956,0.0,48,R3,0.0,0.0
learned,0,RELLIS-3D,0.0,00003_000108_07,0,0,0.07714448869228363,0.10539472848176956,0.0,48,R3,0.0,0.0
fixed,0,RELLIS-3D,0.0,00003_000108_07,0,0,0.07714448869228363,0.10539472848176956,0.0,48,R3,0.0,0.0
zero,0,RELLIS-3D,0.0,00003_000108_07,0,0,0.07692254334688187,0.10461235046386719,0.0,60,R3,0.0,0.0
learned,0,RELLIS-3D,0.0,00003_000108_07,0,0,0.07692254334688187,0.10461235046386719,0.0,60,R3,0.0,0.0
fixed,0,RELLIS-3D,0.0,00003_000108_07,0,0,0.07692254334688187,0.10461235046386719,0.0,60,R3,0.0,0.0
zero,0,RELLIS-3D,0.0,00003_001989_00,0,0,0.03717933967709541,0.06993173807859421,0.0,0,R2,0.0,0.0
learned,0,RELLIS-3D,0.0,00003_001989_00,0,0,0.03717933967709541,0.06993173807859421,0.0,0,R2,0.0,0.0
fixed,0,RELLIS-3D,0.0,00003_001989_00,0,0,0.03717933967709541,0.06993173807859421,0.0,0,R2,0.0,0.0
zero,0,RELLIS-3D,0.0,00003_001989_00,0,0,0.08643503487110138,0.11697883903980255,0.0,12,R2,0.0,0.0
learned,0,RELLIS-3D,0.0,00003_001989_00,0,0,0.08643503487110138,0.11697883903980255,0.0,12,R2,0.0,0.0
fixed,0,RELLIS-3D,0.0,00003_001989_00,0,0,0.08643503487110138,0.11697883903980255,0.0,12,R2,0.0,0.0
zero,0,RELLIS-3D,0.0,00003_001989_00,0,0,0.07122349739074707,0.10311596840620041,0.0,24,R2,0.0,0.0
learned,0,RELLIS-3D,0.0,00003_001989_00,0,0,0.07122349739074707,0.10311596840620041,0.0,24,R2,0.0,0.0
fixed,0,RELLIS-3D,0.0,00003_001989_00,0,0,0.07122349739074707,0.10311596840620041,0.0,24,R2,0.0,0.0
zero,0,RELLIS-3D,0.0,00003_001989_00,0,0,0.06416953355073929,0.09567785263061523,0.0,36,R2,0.0,0.0
learned,0,RELLIS-3D,0.0,00003_001989_00,0,0,0.06416953355073929,0.09567785263061523,0.0,36,R2,0.0,0.0
fixed,0,RELLIS-3D,0.0,00003_001989_00,0,0,0.06416953355073929,0.09567785263061523,0.0,36,R2,0.0,0.0
zero,0,RELLIS-3D,0.0,00003_001989_00,0,0,0.07945653796195984,0.10550905764102936,0.0,48,R2,0.0,0.0
learned,0,RELLIS-3D,0.0,00003_001989_00,0,0,0.07945653796195984,0.10550905764102936,0.0,48,R2,0.0,0.0
fixed,0,RELLIS-3D,0.0,00003_001989_00,0,0,0.07945653796195984,0.10550905764102936,0.0,48,R2,0.0,0.0
zero,0,RELLIS-3D,0.0,00003_001989_00,0,0,0.07766953855752945,0.10406437516212463,0.0,60,R2,0.0,0.0
learned,0,RELLIS-3D,0.0,00003_001989_00,0,0,0.07766953855752945,0.10406437516212463,0.0,60,R2,0.0,0.0
fixed,0,RELLIS-3D,0.0,00003_001989_00,0,0,0.07766953855752945,0.10406437516212463,0.0,60,R2,0.0,0.0
zero,0,RELLIS-3D,0.0,00003_001989_01,0,0,0.06268651783466339,0.09727615118026733,0.0,0,R2,0.0,0.0
learned,0,RELLIS-3D,0.0,00003_001989_01,0,0,0.06268651783466339,0.09727615118026733,0.0,0,R2,0.0,0.0
fixed,0,RELLIS-3D,0.0,00003_001989_01,0,0,0.06268651783466339,0.09727615118026733,0.0,0,R2,0.0,0.0
zero,0,RELLIS-3D,0.0,00003_001989_01,0,0,0.08205633610486984,0.11281340569257736,0.0,12,R2,0.0,0.0
learned,0,RELLIS-3D,0.0,00003_001989_01,0,0,0.08205633610486984,0.11281340569257736,0.0,12,R2,0.0,0.0
fixed,0,RELLIS-3D,0.0,00003_001989_01,0,0,0.08205633610486984,0.11281340569257736,0.0,12,R2,0.0,0.0
zero,0,RELLIS-3D,0.0,00003_001989_01,0,0,0.07682345062494278,0.10753639042377472,0.0,24,R2,0.0,0.0
learned,0,RELLIS-3D,0.0,00003_001989_01,0,0,0.07682345062494278,0.10753639042377472,0.0,24,R2,0.0,0.0
fixed,0,RELLIS-3D,0.0,00003_001989_01,0,0,0.07682345062494278,0.10753639042377472,0.0,24,R2,0.0,0.0
zero,0,RELLIS-3D,0.0,00003_001989_01,0,0,0.07163795828819275,0.1030438020825386,0.0,36,R2,0.0,0.0
learned,0,RELLIS-3D,0.0,00003_001989_01,0,0,0.07163795828819275,0.1030438020825386,0.0,36,R2,0.0,0.0
fixed,0,RELLIS-3D,0.0,00003_001989_01,0,0,0.07163795828819275,0.1030438020825386,0.0,36,R2,0.0,0.0
zero,0,RELLIS-3D,0.0,00003_001989_01,0,0,0.08077621459960938,0.10495588183403015,0.0,48,R2,0.0,0.0
learned,0,RELLIS-3D,0.0,00003_001989_01,0,0,0.08077621459960938,0.10495588183403015,0.0,48,R2,0.0,0.0
fixed,0,RELLIS-3D,0.0,00003_001989_01,0,0,0.08077621459960938,0.10495588183403015,0.0,48,R2,0.0,0.0
zero,0,RELLIS-3D,0.0,00003_001989_01,0,0,0.08070968836545944,0.10501307249069214,0.0,60,R2,0.0,0.0
learned,0,RELLIS-3D,0.0,00003_001989_01,0,0,0.08070968836545944,0.10501307249069214,0.0,60,R2,0.0,0.0
fixed,0,RELLIS-3D,0.0,00003_001989_01,0,0,0.08070968836545944,0.10501307249069214,0.0,60,R2,0.0,0.0
zero,0,RELLIS-3D,0.0,00003_001989_02,0,0,0.08796233683824539,0.12278135120868683,0.0,0,R3,0.0,0.0
learned,0,RELLIS-3D,0.0,00003_001989_02,0,0,0.08796233683824539,0.12278135120868683,0.0,0,R3,0.0,0.0
fixed,0,RELLIS-3D,0.0,00003_001989_02,0,0,0.08796233683824539,0.12278135120868683,0.0,0,R3,0.0,0.0
zero,0,RELLIS-3D,0.0,00003_001989_02,0,0,0.07743696868419647,0.10904186964035034,0.0,12,R3,0.0,0.0
learned,0,RELLIS-3D,0.0,00003_001989_02,0,0,0.07743696868419647,0.10904186964035034,0.0,12,R3,0.0,0.0
fixed,0,RELLIS-3D,0.0,00003_001989_02,0,0,0.07743696868419647,0.10904186964035034,0.0,12,R3,0.0,0.0
zero,0,RELLIS-3D,0.0,00003_001989_02,0,0,0.059760428965091705,0.09116484969854355,0.0,24,R3,0.0,0.0
learned,0,RELLIS-3D,0.0,00003_001989_02,0,0,0.059760428965091705,0.09116484969854355,0.0,24,R3,0.0,0.0
fixed,0,RELLIS-3D,0.0,00003_001989_02,0,0,0.059760428965091705,0.09116484969854355,0.0,24,R3,0.0,0.0
zero,0,RELLIS-3D,0.0,00003_001989_02,0,0,0.041105616837739944,0.0698576271533966,0.0,36,R3,0.0,0.0
learned,0,RELLIS-3D,0.0,00003_001989_02,0,0,0.041105616837739944,0.0698576271533966,0.0,36,R3,0.0,0.0
fixed,0,RELLIS-3D,0.0,00003_001989_02,0,0,0.041105616837739944,0.0698576271533966,0.0,36,R3,0.0,0.0
zero,0,RELLIS-3D,0.0,00003_001989_02,0,0,0.0552697628736496,0.08411139994859695,0.0,48,R3,0.0,0.0
learned,0,RELLIS-3D,0.0,00003_001989_02,0,0,0.0552697628736496,0.08411139994859695,0.0,48,R3,0.0,0.0
fixed,0,RELLIS-3D,0.0,00003_001989_02,0,0,0.0552697628736496,0.08411139994859695,0.0,48,R3,0.0,0.0
zero,0,RELLIS-3D,0.0,00003_001989_02,0,0,0.0727824792265892,0.09790491312742233,0.0,60,R3,0.0,0.0
learned,0,RELLIS-3D,0.0,00003_001989_02,0,0,0.0727824792265892,0.09790491312742233,0.0,60,R3,0.0,0.0
fixed,0,RELLIS-3D,0.0,00003_001989_02,0,0,0.0727824792265892,0.09790491312742233,0.0,60,R3,0.0,0.0
zero,0,RELLIS-3D,0.0,00003_001989_03,0,0,0.1003711000084877,0.12787660956382751,0.0,0,R2,0.0,0.0
learned,0,RELLIS-3D,0.0,00003_001989_03,0,0,0.1003711000084877,0.12787660956382751,0.0,0,R2,0.0,0.0
fixed,0,RELLIS-3D,0.0,00003_001989_03,0,0,0.1003711000084877,0.12787660956382751,0.0,0,R2,0.0,0.0
zero,0,RELLIS-3D,0.0,00003_001989_03,0,0,0.08705922216176987,0.11746904999017715,0.0,12,R2,0.0,0.0
learned,0,RELLIS-3D,0.0,00003_001989_03,0,0,0.08705922216176987,0.11746904999017715,0.0,12,R2,0.0,0.0
fixed,0,RELLIS-3D,0.0,00003_001989_03,0,0,0.08705922216176987,0.11746904999017715,0.0,12,R2,0.0,0.0
zero,0,RELLIS-3D,0.0,00003_001989_03,0,0,0.0767672136425972,0.10707337409257889,0.0,24,R2,0.0,0.0
learned,0,RELLIS-3D,0.0,00003_001989_03,0,0,0.0767672136425972,0.10707337409257889,0.0,24,R2,0.0,0.0
fixed,0,RELLIS-3D,0.0,00003_001989_03,0,0,0.0767672136425972,0.10707337409257889,0.0,24,R2,0.0,0.0
zero,0,RELLIS-3D,0.0,00003_001989_03,0,0,0.07189112901687622,0.10282301157712936,0.0,36,R2,0.0,0.0
learned,0,RELLIS-3D,0.0,00003_001989_03,0,0,0.07189112901687622,0.10282301157712936,0.0,36,R2,0.0,0.0
fixed,0,RELLIS-3D,0.0,00003_001989_03,0,0,0.07189112901687622,0.10282301157712936,0.0,36,R2,0.0,0.0
zero,0,RELLIS-3D,0.0,00003_001989_03,0,0,0.07457327842712402,0.10557590425014496,0.0,48,R2,0.0,0.0
learned,0,RELLIS-3D,0.0,00003_001989_03,0,0,0.07457327842712402,0.10557590425014496,0.0,48,R2,0.0,0.0
fixed,0,RELLIS-3D,0.0,00003_001989_03,0,0,0.07457327842712402,0.10557590425014496,0.0,48,R2,0.0,0.0
zero,0,RELLIS-3D,0.0,00003_001989_04,0,0,0.09341246634721756,0.1264214664697647,0.0,0,R3,0.0,0.0
learned,0,RELLIS-3D,0.0,00003_001989_04,0,0,0.09341246634721756,0.1264214664697647,0.0,0,R3,0.0,0.0
fixed,0,RELLIS-3D,0.0,00003_001989_04,0,0,0.09341246634721756,0.1264214664697647,0.0,0,R3,0.0,0.0
zero,0,RELLIS-3D,0.0,00003_001989_04,0,0,0.07706218212842941,0.10920371115207672,0.0,12,R3,0.0,0.0
learned,0,RELLIS-3D,0.0,00003_001989_04,0,0,0.07706218212842941,0.10920371115207672,0.0,12,R3,0.0,0.0
fixed,0,RELLIS-3D,0.0,00003_001989_04,0,0,0.07706218212842941,0.10920371115207672,0.0,12,R3,0.0,0.0
zero,0,RELLIS-3D,0.0,00003_001989_04,0,0,0.05574897676706314,0.08731893450021744,0.0,24,R3,0.0,0.0
learned,0,RELLIS-3D,0.0,00003_001989_04,0,0,0.05574897676706314,0.08731893450021744,0.0,24,R3,0.0,0.0
fixed,0,RELLIS-3D,0.0,00003_001989_04,0,0,0.05574897676706314,0.08731893450021744,0.0,24,R3,0.0,0.0
zero,0,RELLIS-3D,0.0,00003_001989_04,0,0,0.0420350544154644,0.07123828679323196,0.0,36,R3,0.0,0.0
learned,0,RELLIS-3D,0.0,00003_001989_04,0,0,0.0420350544154644,0.07123828679323196,0.0,36,R3,0.0,0.0
fixed,0,RELLIS-3D,0.0,00003_001989_04,0,0,0.0420350544154644,0.07123828679323196,0.0,36,R3,0.0,0.0
zero,0,RELLIS-3D,0.0,00003_001989_04,0,0,0.05941561982035637,0.08816774189472198,0.0,48,R3,0.0,0.0
learned,0,RELLIS-3D,0.0,00003_001989_04,0,0,0.05941561982035637,0.08816774189472198,0.0,48,R3,0.0,0.0
fixed,0,RELLIS-3D,0.0,00003_001989_04,0,0,0.05941561982035637,0.08816774189472198,0.0,48,R3,0.0,0.0
zero,0,RELLIS-3D,0.0,00003_001989_04,0,0,0.07567540556192398,0.09978391975164413,0.0,60,R3,0.0,0.0
learned,0,RELLIS-3D,0.0,00003_001989_04,0,0,0.07567540556192398,0.09978391975164413,0.0,60,R3,0.0,0.0
fixed,0,RELLIS-3D,0.0,00003_001989_04,0,0,0.07567540556192398,0.09978391975164413,0.0,60,R3,0.0,0.0
zero,0,RELLIS-3D,0.0,00003_001989_05,0,0,0.03717933967709541,0.06993173807859421,0.0,0,R2,0.0,0.0
learned,0,RELLIS-3D,0.0,00003_001989_05,0,0,0.03717933967709541,0.06993173807859421,0.0,0,R2,0.0,0.0
fixed,0,RELLIS-3D,0.0,00003_001989_05,0,0,0.03717933967709541,0.06993173807859421,0.0,0,R2,0.0,0.0
zero,0,RELLIS-3D,0.0,00003_001989_05,0,0,0.08643503487110138,0.11697883903980255,0.0,12,R2,0.0,0.0
learned,0,RELLIS-3D,0.0,00003_001989_05,0,0,0.08643503487110138,0.11697883903980255,0.0,12,R2,0.0,0.0
fixed,0,RELLIS-3D,0.0,00003_001989_05,0,0,0.08643503487110138,0.11697883903980255,0.0,12,R2,0.0,0.0
zero,0,RELLIS-3D,0.0,00003_001989_05,0,0,0.07122349739074707,0.10311596840620041,0.0,24,R2,0.0,0.0
learned,0,RELLIS-3D,0.0,00003_001989_05,0,0,0.07122349739074707,0.10311596840620041,0.0,24,R2,0.0,0.0
fixed,0,RELLIS-3D,0.0,00003_001989_05,0,0,0.07122349739074707,0.10311596840620041,0.0,24,R2,0.0,0.0
zero,0,RELLIS-3D,0.0,00003_001989_05,0,0,0.06311812996864319,0.09539338946342468,0.0,36,R2,0.0,0.0
learned,0,RELLIS-3D,0.0,00003_001989_05,0,0,0.06311812996864319,0.09539338946342468,0.0,36,R2,0.0,0.0
fixed,0,RELLIS-3D,0.0,00003_001989_05,0,0,0.06311812996864319,0.09539338946342468,0.0,36,R2,0.0,0.0
zero,0,RELLIS-3D,0.0,00003_001989_05,0,0,0.06695780903100967,0.09666424989700317,0.0,48,R2,0.0,0.0
learned,0,RELLIS-3D,0.0,00003_001989_05,0,0,0.06695780903100967,0.09666424989700317,0.0,48,R2,0.0,0.0
fixed,0,RELLIS-3D,0.0,00003_001989_05,0,0,0.06695780903100967,0.09666424989700317,0.0,48,R2,0.0,0.0
zero,0,RELLIS-3D,0.0,00003_001989_05,0,0,0.07324553281068802,0.099482461810112,0.0,60,R2,0.0,0.0
learned,0,RELLIS-3D,0.0,00003_001989_05,0,0,0.07324553281068802,0.099482461810112,0.0,60,R2,0.0,0.0
fixed,0,RELLIS-3D,0.0,00003_001989_05,0,0,0.07324553281068802,0.099482461810112,0.0,60,R2,0.0,0.0
zero,0,RELLIS-3D,0.0,00003_001989_06,0,0,0.09305743873119354,0.12878499925136566,0.0,0,R3,0.0,0.0
learned,0,RELLIS-3D,0.0,00003_001989_06,0,0,0.09305743873119354,0.12878499925136566,0.0,0,R3,0.0,0.0
fixed,0,RELLIS-3D,0.0,00003_001989_06,0,0,0.09305743873119354,0.12878499925136566,0.0,0,R3,0.0,0.0
zero,0,RELLIS-3D,0.0,00003_001989_06,0,0,0.08644136786460876,0.11683870106935501,0.0,12,R3,0.0,0.0
learned,0,RELLIS-3D,0.0,00003_001989_06,0,0,0.08644136786460876,0.11683870106935501,0.0,12,R3,0.0,0.0
fixed,0,RELLIS-3D,0.0,00003_001989_06,0,0,0.08644136786460876,0.11683870106935501,0.0,12,R3,0.0,0.0
zero,0,RELLIS-3D,0.0,00003_001989_06,0,0,0.06695222854614258,0.09868061542510986,0.0,24,R3,0.0,0.0
learned,0,RELLIS-3D,0.0,00003_001989_06,0,0,0.06695222854614258,0.09868061542510986,0.0,24,R3,0.0,0.0
fixed,0,RELLIS-3D,0.0,00003_001989_06,0,0,0.06695222854614258,0.09868061542510986,0.0,24,R3,0.0,0.0
zero,0,RELLIS-3D,0.0,00003_001989_06,0,0,0.04254025220870972,0.0721578299999237,0.0,36,R3,0.0,0.0
learned,0,RELLIS-3D,0.0,00003_001989_06,0,0,0.04254025220870972,0.0721578299999237,0.0,36,R3,0.0,0.0
fixed,0,RELLIS-3D,0.0,00003_001989_06,0,0,0.04254025220870972,0.0721578299999237,0.0,36,R3,0.0,0.0
zero,0,RELLIS-3D,0.0,00003_001989_06,0,0,0.050198327749967575,0.07890895009040833,0.0,48,R3,0.0,0.0
learned,0,RELLIS-3D,0.0,00003_001989_06,0,0,0.050198327749967575,0.07890895009040833,0.0,48,R3,0.0,0.0
fixed,0,RELLIS-3D,0.0,00003_001989_06,0,0,0.050198327749967575,0.07890895009040833,0.0,48,R3,0.0,0.0
zero,0,RELLIS-3D,0.0,00003_001989_07,0,0,0.06662143021821976,0.10137034952640533,0.0,0,R2,0.0,0.0
learned,0,RELLIS-3D,0.0,00003_001989_07,0,0,0.06662143021821976,0.10137034952640533,0.0,0,R2,0.0,0.0
fixed,0,RELLIS-3D,0.0,00003_001989_07,0,0,0.06662143021821976,0.10137034952640533,0.0,0,R2,0.0,0.0
zero,0,RELLIS-3D,0.0,00003_001989_07,0,0,0.08719858527183533,0.11839159578084946,0.0,12,R2,0.0,0.0
learned,0,RELLIS-3D,0.0,00003_001989_07,0,0,0.08719858527183533,0.11839159578084946,0.0,12,R2,0.0,0.0
fixed,0,RELLIS-3D,0.0,00003_001989_07,0,0,0.08719858527183533,0.11839159578084946,0.0,12,R2,0.0,0.0
zero,0,RELLIS-3D,0.0,00003_001989_07,0,0,0.07258065789937973,0.10334905982017517,0.0,24,R2,0.0,0.0
learned,0,RELLIS-3D,0.0,00003_001989_07,0,0,0.07258065789937973,0.10334905982017517,0.0,24,R2,0.0,0.0
fixed,0,RELLIS-3D,0.0,00003_001989_07,0,0,0.07258065789937973,0.10334905982017517,0.0,24,R2,0.0,0.0
zero,0,RELLIS-3D,0.0,00003_001989_07,0,0,0.06541833281517029,0.09700942784547806,0.0,36,R2,0.0,0.0
learned,0,RELLIS-3D,0.0,00003_001989_07,0,0,0.06541833281517029,0.09700942784547806,0.0,36,R2,0.0,0.0
fixed,0,RELLIS-3D,0.0,00003_001989_07,0,0,0.06541833281517029,0.09700942784547806,0.0,36,R2,0.0,0.0
zero,0,RELLIS-3D,0.0,00003_001989_07,0,0,0.07319888472557068,0.09964727610349655,0.0,48,R2,0.0,0.0
learned,0,RELLIS-3D,0.0,00003_001989_07,0,0,0.07319888472557068,0.09964727610349655,0.0,48,R2,0.0,0.0
fixed,0,RELLIS-3D,0.0,00003_001989_07,0,0,0.07319888472557068,0.09964727610349655,0.0,48,R2,0.0,0.0
zero,0,RELLIS-3D,0.0,00003_001989_07,0,0,0.08039749413728714,0.10380631685256958,0.0,60,R2,0.0,0.0
learned,0,RELLIS-3D,0.0,00003_001989_07,0,0,0.08039749413728714,0.10380631685256958,0.0,60,R2,0.0,0.0
fixed,0,RELLIS-3D,0.0,00003_001989_07,0,0,0.08039749413728714,0.10380631685256958,0.0,60,R2,0.0,0.0
zero,0,RELLIS-3D,0.0,00003_000279_00,0,0,0.07676331698894501,0.10760095715522766,0.0,0,R2,0.0,0.0
learned,0,RELLIS-3D,0.0,00003_000279_00,0,0,0.07676331698894501,0.10760095715522766,0.0,0,R2,0.0,0.0
fixed,0,RELLIS-3D,0.0,00003_000279_00,0,0,0.07676331698894501,0.10760095715522766,0.0,0,R2,0.0,0.0
zero,0,RELLIS-3D,0.0,00003_000279_00,0,0,0.0901264026761055,0.11783508956432343,0.0,12,R2,0.0,0.0
learned,0,RELLIS-3D,0.0,00003_000279_00,0,0,0.0901264026761055,0.11783508956432343,0.0,12,R2,0.0,0.0
fixed,0,RELLIS-3D,0.0,00003_000279_00,0,0,0.0901264026761055,0.11783508956432343,0.0,12,R2,0.0,0.0
zero,0,RELLIS-3D,0.0,00003_000279_00,0,0,0.08876173943281174,0.11798235774040222,0.0,24,R2,0.0,0.0
learned,0,RELLIS-3D,0.0,00003_000279_00,0,0,0.08876173943281174,0.11798235774040222,0.0,24,R2,0.0,0.0
fixed,0,RELLIS-3D,0.0,00003_000279_00,0,0,0.08876173943281174,0.11798235774040222,0.0,24,R2,0.0,0.0
zero,0,RELLIS-3D,0.0,00003_000279_00,0,0,0.07866737246513367,0.11242860555648804,0.0,36,R2,0.0,0.0
learned,0,RELLIS-3D,0.0,00003_000279_00,0,0,0.07866737246513367,0.11242860555648804,0.0,36,R2,0.0,0.0
fixed,0,RELLIS-3D,0.0,00003_000279_00,0,0,0.07866737246513367,0.11242860555648804,0.0,36,R2,0.0,0.0
zero,0,RELLIS-3D,0.0,00003_000279_00,0,0,0.07579737156629562,0.1092357262969017,0.0,48,R2,0.0,0.0
learned,0,RELLIS-3D,0.0,00003_000279_00,0,0,0.07579737156629562,0.1092357262969017,0.0,48,R2,0.0,0.0
fixed,0,RELLIS-3D,0.0,00003_000279_00,0,0,0.07579737156629562,0.1092357262969017,0.0,48,R2,0.0,0.0
zero,0,RELLIS-3D,0.0,00003_000279_01,0,0,0.10117113590240479,0.13145750761032104,0.0,0,R3,0.0,0.0
learned,0,RELLIS-3D,0.0,00003_000279_01,0,0,0.10117113590240479,0.13145750761032104,0.0,0,R3,0.0,0.0
fixed,0,RELLIS-3D,0.0,00003_000279_01,0,0,0.10117113590240479,0.13145750761032104,0.0,0,R3,0.0,0.0
zero,0,RELLIS-3D,0.0,00003_000279_01,0,0,0.0946706235408783,0.12505462765693665,0.0,12,R3,0.0,0.0
learned,0,RELLIS-3D,0.0,00003_000279_01,0,0,0.0946706235408783,0.12505462765693665,0.0,12,R3,0.0,0.0
fixed,0,RELLIS-3D,0.0,00003_000279_01,0,0,0.0946706235408783,0.12505462765693665,0.0,12,R3,0.0,0.0
zero,0,RELLIS-3D,0.0,00003_000279_01,0,0,0.0973844900727272,0.12553614377975464,0.0,24,R3,0.0,0.0
learned,0,RELLIS-3D,0.0,00003_000279_01,0,0,0.0973844900727272,0.12553614377975464,0.0,24,R3,0.0,0.0
fixed,0,RELLIS-3D,0.0,00003_000279_01,0,0,0.0973844900727272,0.12553614377975464,0.0,24,R3,0.0,0.0
zero,0,RELLIS-3D,0.0,00003_000279_01,0,0,0.08490845561027527,0.11667774617671967,0.0,36,R3,0.0,0.0
learned,0,RELLIS-3D,0.0,00003_000279_01,0,0,0.08490845561027527,0.11667774617671967,0.0,36,R3,0.0,0.0
fixed,0,RELLIS-3D,0.0,00003_000279_01,0,0,0.08490845561027527,0.11667774617671967,0.0,36,R3,0.0,0.0
zero,0,RELLIS-3D,0.0,00003_000279_01,0,0,0.07763388752937317,0.11290781944990158,0.0,48,R3,0.0,0.0
learned,0,RELLIS-3D,0.0,00003_000279_01,0,0,0.07763388752937317,0.11290781944990158,0.0,48,R3,0.0,0.0
fixed,0,RELLIS-3D,0.0,00003_000279_01,0,0,0.07763388752937317,0.11290781944990158,0.0,48,R3,0.0,0.0
zero,0,RELLIS-3D,0.0,00003_000279_01,0,0,0.07752260565757751,0.10600665211677551,0.0,60,R3,0.0,0.0
learned,0,RELLIS-3D,0.0,00003_000279_01,0,0,0.07752260565757751,0.10600665211677551,0.0,60,R3,0.0,0.0
fixed,0,RELLIS-3D,0.0,00003_000279_01,0,0,0.07752260565757751,0.10600665211677551,0.0,60,R3,0.0,0.0
zero,0,RELLIS-3D,0.0,00003_000279_02,0,0,0.09351838380098343,0.12580855190753937,0.0,0,R3,0.0,0.0
learned,0,RELLIS-3D,0.0,00003_000279_02,0,0,0.09351838380098343,0.12580855190753937,0.0,0,R3,0.0,0.0
fixed,0,RELLIS-3D,0.0,00003_000279_02,0,0,0.09351838380098343,0.12580855190753937,0.0,0,R3,0.0,0.0
zero,0,RELLIS-3D,0.0,00003_000279_02,0,0,0.09360284358263016,0.12444698810577393,0.0,12,R3,0.0,0.0
learned,0,RELLIS-3D,0.0,00003_000279_02,0,0,0.09360284358263016,0.12444698810577393,0.0,12,R3,0.0,0.0
fixed,0,RELLIS-3D,0.0,00003_000279_02,0,0,0.09360284358263016,0.12444698810577393,0.0,12,R3,0.0,0.0
zero,0,RELLIS-3D,0.0,00003_000279_02,0,0,0.08466364443302155,0.11734925955533981,0.0,24,R3,0.0,0.0
learned,0,RELLIS-3D,0.0,00003_000279_02,0,0,0.08466364443302155,0.11734925955533981,0.0,24,R3,0.0,0.0
fixed,0,RELLIS-3D,0.0,00003_000279_02,0,0,0.08466364443302155,0.11734925955533981,0.0,24,R3,0.0,0.0
zero,0,RELLIS-3D,0.0,00003_000279_02,0,0,0.07695738226175308,0.11257711052894592,0.0,36,R3,0.0,0.0
learned,0,RELLIS-3D,0.0,00003_000279_02,0,0,0.07695738226175308,0.11257711052894592,0.0,36,R3,0.0,0.0
fixed,0,RELLIS-3D,0.0,00003_000279_02,0,0,0.07695738226175308,0.11257711052894592,0.0,36,R3,0.0,0.0
zero,0,RELLIS-3D,0.0,00003_000279_02,0,0,0.07420459389686584,0.11045490205287933,0.0,48,R3,0.0,0.0
learned,0,RELLIS-3D,0.0,00003_000279_02,0,0,0.07420459389686584,0.11045490205287933,0.0,48,R3,0.0,0.0
fixed,0,RELLIS-3D,0.0,00003_000279_02,0,0,0.07420459389686584,0.11045490205287933,0.0,48,R3,0.0,0.0
zero,0,RELLIS-3D,0.0,00003_000279_02,0,0,0.07790348678827286,0.10269299894571304,0.0,60,R3,0.0,0.0
learned,0,RELLIS-3D,0.0,00003_000279_02,0,0,0.07790348678827286,0.10269299894571304,0.0,60,R3,0.0,0.0
fixed,0,RELLIS-3D,0.0,00003_000279_02,0,0,0.07790348678827286,0.10269299894571304,0.0,60,R3,0.0,0.0
zero,0,RELLIS-3D,0.0,00003_000279_03,0,0,0.09132486581802368,0.11382235586643219,0.0,0,R2,0.0,0.0
learned,0,RELLIS-3D,0.0,00003_000279_03,0,0,0.09132486581802368,0.11382235586643219,0.0,0,R2,0.0,0.0
fixed,0,RELLIS-3D,0.0,00003_000279_03,0,0,0.09132486581802368,0.11382235586643219,0.0,0,R2,0.0,0.0
zero,0,RELLIS-3D,0.0,00003_000279_03,0,0,0.08608086407184601,0.1090938150882721,0.0,12,R2,0.0,0.0
learned,0,RELLIS-3D,0.0,00003_000279_03,0,0,0.08608086407184601,0.1090938150882721,0.0,12,R2,0.0,0.0
fixed,0,RELLIS-3D,0.0,00003_000279_03,0,0,0.08608086407184601,0.1090938150882721,0.0,12,R2,0.0,0.0
zero,0,RELLIS-3D,0.0,00003_000279_03,0,0,0.08342304080724716,0.11003073304891586,0.0,24,R2,0.0,0.0
learned,0,RELLIS-3D,0.0,00003_000279_03,0,0,0.08342304080724716,0.11003073304891586,0.0,24,R2,0.0,0.0
fixed,0,RELLIS-3D,0.0,00003_000279_03,0,0,0.08342304080724716,0.11003073304891586,0.0,24,R2,0.0,0.0
zero,0,RELLIS-3D,0.0,00003_000279_03,0,0,0.07928511500358582,0.11023077368736267,0.0,36,R2,0.0,0.0
learned,0,RELLIS-3D,0.0,00003_000279_03,0,0,0.07928511500358582,0.11023077368736267,0.0,36,R2,0.0,0.0
fixed,0,RELLIS-3D,0.0,00003_000279_03,0,0,0.07928511500358582,0.11023077368736267,0.0,36,R2,0.0,0.0
zero,0,RELLIS-3D,0.0,00003_000279_03,0,0,0.07530950009822845,0.11086879670619965,0.0,48,R2,0.0,0.0
learned,0,RELLIS-3D,0.0,00003_000279_03,0,0,0.07530950009822845,0.11086879670619965,0.0,48,R2,0.0,0.0
fixed,0,RELLIS-3D,0.0,00003_000279_03,0,0,0.07530950009822845,0.11086879670619965,0.0,48,R2,0.0,0.0
zero,0,RELLIS-3D,0.0,00003_000279_03,0,0,0.07442217320203781,0.11258342862129211,0.0,60,R2,0.0,0.0
learned,0,RELLIS-3D,0.0,00003_000279_03,0,0,0.07442217320203781,0.11258342862129211,0.0,60,R2,0.0,0.0
fixed,0,RELLIS-3D,0.0,00003_000279_03,0,0,0.07442217320203781,0.11258342862129211,0.0,60,R2,0.0,0.0
zero,0,RELLIS-3D,0.0,00003_000279_04,0,0,0.08063208311796188,0.10907596349716187,0.0,0,R2,0.0,0.0
learned,0,RELLIS-3D,0.0,00003_000279_04,0,0,0.08063208311796188,0.10907596349716187,0.0,0,R2,0.0,0.0
fixed,0,RELLIS-3D,0.0,00003_000279_04,0,0,0.08063208311796188,0.10907596349716187,0.0,0,R2,0.0,0.0
zero,0,RELLIS-3D,0.0,00003_000279_04,0,0,0.08669757843017578,0.11381741613149643,0.0,12,R2,0.0,0.0
learned,0,RELLIS-3D,0.0,00003_000279_04,0,0,0.08669757843017578,0.11381741613149643,0.0,12,R2,0.0,0.0
fixed,0,RELLIS-3D,0.0,00003_000279_04,0,0,0.08669757843017578,0.11381741613149643,0.0,12,R2,0.0,0.0
zero,0,RELLIS-3D,0.0,00003_000279_04,0,0,0.08634739369153976,0.11534498631954193,0.0,24,R2,0.0,0.0
learned,0,RELLIS-3D,0.0,00003_000279_04,0,0,0.08634739369153976,0.11534498631954193,0.0,24,R2,0.0,0.0
fixed,0,RELLIS-3D,0.0,00003_000279_04,0,0,0.08634739369153976,0.11534498631954193,0.0,24,R2,0.0,0.0
zero,0,RELLIS-3D,0.0,00003_000279_04,0,0,0.07796547561883926,0.11159359663724899,0.0,36,R2,0.0,0.0
learned,0,RELLIS-3D,0.0,00003_000279_04,0,0,0.07796547561883926,0.11159359663724899,0.0,36,R2,0.0,0.0
fixed,0,RELLIS-3D,0.0,00003_000279_04,0,0,0.07796547561883926,0.11159359663724899,0.0,36,R2,0.0,0.0
zero,0,RELLIS-3D,0.0,00003_000279_04,0,0,0.07696743309497833,0.11011042445898056,0.0,48,R2,0.0,0.0
learned,0,RELLIS-3D,0.0,00003_000279_04,0,0,0.07696743309497833,0.11011042445898056,0.0,48,R2,0.0,0.0
fixed,0,RELLIS-3D,0.0,00003_000279_04,0,0,0.07696743309497833,0.11011042445898056,0.0,48,R2,0.0,0.0
zero,0,RELLIS-3D,0.0,00003_000279_04,0,0,0.07673840969800949,0.106007419526577,0.0,60,R2,0.0,0.0
learned,0,RELLIS-3D,0.0,00003_000279_04,0,0,0.07673840969800949,0.106007419526577,0.0,60,R2,0.0,0.0
fixed,0,RELLIS-3D,0.0,00003_000279_04,0,0,0.07673840969800949,0.106007419526577,0.0,60,R2,0.0,0.0
zero,0,RELLIS-3D,0.0,00003_000279_05,0,0,0.09322718530893326,0.12437558174133301,0.0,0,R3,0.0,0.0
learned,0,RELLIS-3D,0.0,00003_000279_05,0,0,0.09322718530893326,0.12437558174133301,0.0,0,R3,0.0,0.0
fixed,0,RELLIS-3D,0.0,00003_000279_05,0,0,0.09322718530893326,0.12437558174133301,0.0,0,R3,0.0,0.0
zero,0,RELLIS-3D,0.0,00003_000279_05,0,0,0.0938703790307045,0.12368126958608627,0.0,12,R3,0.0,0.0
learned,0,RELLIS-3D,0.0,00003_000279_05,0,0,0.0938703790307045,0.12368126958608627,0.0,12,R3,0.0,0.0
fixed,0,RELLIS-3D,0.0,00003_000279_05,0,0,0.0938703790307045,0.12368126958608627,0.0,12,R3,0.0,0.0
zero,0,RELLIS-3D,0.0,00003_000279_05,0,0,0.09270041435956955,0.12299508601427078,0.0,24,R3,0.0,0.0
learned,0,RELLIS-3D,0.0,00003_000279_05,0,0,0.09270041435956955,0.12299508601427078,0.0,24,R3,0.0,0.0
fixed,0,RELLIS-3D,0.0,00003_000279_05,0,0,0.09270041435956955,0.12299508601427078,0.0,24,R3,0.0,0.0
zero,0,RELLIS-3D,0.0,00003_000279_05,0,0,0.08194073289632797,0.1154041662812233,0.0,36,R3,0.0,0.0
learned,0,RELLIS-3D,0.0,00003_000279_05,0,0,0.08194073289632797,0.1154041662812233,0.0,36,R3,0.0,0.0
fixed,0,RELLIS-3D,0.0,00003_000279_05,0,0,0.08194073289632797,0.1154041662812233,0.0,36,R3,0.0,0.0
zero,0,RELLIS-3D,0.0,00003_000279_05,0,0,0.07574799656867981,0.11087168008089066,0.0,48,R3,0.0,0.0
learned,0,RELLIS-3D,0.0,00003_000279_05,0,0,0.07574799656867981,0.11087168008089066,0.0,48,R3,0.0,0.0
fixed,0,RELLIS-3D,0.0,00003_000279_05,0,0,0.07574799656867981,0.11087168008089066,0.0,48,R3,0.0,0.0
zero,0,RELLIS-3D,0.0,00003_000279_05,0,0,0.07682040333747864,0.10515733063220978,0.0,60,R3,0.0,0.0
learned,0,RELLIS-3D,0.0,00003_000279_05,0,0,0.07682040333747864,0.10515733063220978,0.0,60,R3,0.0,0.0
fixed,0,RELLIS-3D,0.0,00003_000279_05,0,0,0.07682040333747864,0.10515733063220978,0.0,60,R3,0.0,0.0
zero,0,RELLIS-3D,0.0,00003_000279_06,0,0,0.08130428194999695,0.11141212284564972,0.0,0,R2,0.0,0.0
learned,0,RELLIS-3D,0.0,00003_000279_06,0,0,0.08130428194999695,0.11141212284564972,0.0,0,R2,0.0,0.0
fixed,0,RELLIS-3D,0.0,00003_000279_06,0,0,0.08130428194999695,0.11141212284564972,0.0,0,R2,0.0,0.0
zero,0,RELLIS-3D,0.0,00003_000279_06,0,0,0.0901264026761055,0.11783508956432343,0.0,12,R2,0.0,0.0
learned,0,RELLIS-3D,0.0,00003_000279_06,0,0,0.0901264026761055,0.11783508956432343,0.0,12,R2,0.0,0.0
fixed,0,RELLIS-3D,0.0,00003_000279_06,0,0,0.0901264026761055,0.11783508956432343,0.0,12,R2,0.0,0.0
zero,0,RELLIS-3D,0.0,00003_000279_06,0,0,0.08876173943281174,0.11798235774040222,0.0,24,R2,0.0,0.0
learned,0,RELLIS-3D,0.0,00003_000279_06,0,0,0.08876173943281174,0.11798235774040222,0.0,24,R2,0.0,0.0
fixed,0,RELLIS-3D,0.0,00003_000279_06,0,0,0.08876173943281174,0.11798235774040222,0.0,24,R2,0.0,0.0
zero,0,RELLIS-3D,0.0,00003_000279_06,0,0,0.07866737246513367,0.11242860555648804,0.0,36,R2,0.0,0.0
learned,0,RELLIS-3D,0.0,00003_000279_06,0,0,0.07866737246513367,0.11242860555648804,0.0,36,R2,0.0,0.0
fixed,0,RELLIS-3D,0.0,00003_000279_06,0,0,0.07866737246513367,0.11242860555648804,0.0,36,R2,0.0,0.0
zero,0,RELLIS-3D,0.0,00003_000279_06,0,0,0.07579737156629562,0.1092357262969017,0.0,48,R2,0.0,0.0
learned,0,RELLIS-3D,0.0,00003_000279_06,0,0,0.07579737156629562,0.1092357262969017,0.0,48,R2,0.0,0.0
fixed,0,RELLIS-3D,0.0,00003_000279_06,0,0,0.07579737156629562,0.1092357262969017,0.0,48,R2,0.0,0.0
zero,0,RELLIS-3D,0.0,00003_000279_06,0,0,0.07625921070575714,0.10464420914649963,0.0,60,R2,0.0,0.0
learned,0,RELLIS-3D,0.0,00003_000279_06,0,0,0.07625921070575714,0.10464420914649963,0.0,60,R2,0.0,0.0
fixed,0,RELLIS-3D,0.0,00003_000279_06,0,0,0.07625921070575714,0.10464420914649963,0.0,60,R2,0.0,0.0
zero,0,RELLIS-3D,0.0,00003_000279_07,0,1,0.09928648173809052,0.12329672276973724,0.0,0,R2,0.0,0.0
learned,1,RELLIS-3D,0.03200755640864372,00003_000279_07,0,1,0.09928648173809052,0.12329672276973724,0.12329672276973724,0,R2,0.03203849121928215,0.0014075941871851683
fixed,1,RELLIS-3D,0.38939666748046875,00003_000279_07,0,1,0.09928648173809052,0.12329672276973724,1.5,0,R2,0.38977304100990295,0.01712447591125965
zero,0,RELLIS-3D,0.0,00003_000279_07,0,0,0.08366536349058151,0.10661338269710541,0.0,12,R2,0.0,0.0
learned,0,RELLIS-3D,0.0,00003_000279_07,0,0,0.08366536349058151,0.10661338269710541,0.0,12,R2,0.0,0.0
fixed,0,RELLIS-3D,0.0,00003_000279_07,0,0,0.08366536349058151,0.10661338269710541,0.0,12,R2,0.0,0.0
zero,0,RELLIS-3D,0.0,00003_000279_07,0,0,0.08593204617500305,0.10854472219944,0.0,24,R2,0.0,0.0
learned,0,RELLIS-3D,0.0,00003_000279_07,0,0,0.08593204617500305,0.10854472219944,0.0,24,R2,0.0,0.0
fixed,0,RELLIS-3D,0.0,00003_000279_07,0,0,0.08593204617500305,0.10854472219944,0.0,24,R2,0.0,0.0
zero,0,RELLIS-3D,0.0,00003_000279_07,0,0,0.08086062222719193,0.10882026702165604,0.0,36,R2,0.0,0.0
learned,0,RELLIS-3D,0.0,00003_000279_07,0,0,0.08086062222719193,0.10882026702165604,0.0,36,R2,0.0,0.0
fixed,0,RELLIS-3D,0.0,00003_000279_07,0,0,0.08086062222719193,0.10882026702165604,0.0,36,R2,0.0,0.0
zero,0,RELLIS-3D,0.0,00003_000279_07,0,0,0.07692279666662216,0.11274419724941254,0.0,48,R2,0.0,0.0
learned,0,RELLIS-3D,0.0,00003_000279_07,0,0,0.07692279666662216,0.11274419724941254,0.0,48,R2,0.0,0.0
fixed,0,RELLIS-3D,0.0,00003_000279_07,0,0,0.07692279666662216,0.11274419724941254,0.0,48,R2,0.0,0.0
zero,0,RELLIS-3D,0.0,00003_000279_07,0,0,0.07571437954902649,0.11338892579078674,0.0,60,R2,0.0,0.0
learned,0,RELLIS-3D,0.0,00003_000279_07,0,0,0.07571437954902649,0.11338892579078674,0.0,60,R2,0.0,0.0
fixed,0,RELLIS-3D,0.0,00003_000279_07,0,0,0.07571437954902649,0.11338892579078674,0.0,60,R2,0.0,0.0
zero,0,RELLIS-3D,0.0,00003_000279_07,0,0,0.07401854544878006,0.11092238128185272,0.0,72,R2,0.0,0.0
learned,0,RELLIS-3D,0.0,00003_000279_07,0,0,0.07401854544878006,0.11092238128185272,0.0,72,R2,0.0,0.0
fixed,0,RELLIS-3D,0.0,00003_000279_07,0,0,0.07401854544878006,0.11092238128185272,0.0,72,R2,0.0,0.0
zero,0,RELLIS-3D,0.0,00003_000316_00,0,0,0.09027968347072601,0.12096508592367172,0.0,0,R3,0.0,0.0
learned,0,RELLIS-3D,0.0,00003_000316_00,0,0,0.09027968347072601,0.12096508592367172,0.0,0,R3,0.0,0.0
fixed,0,RELLIS-3D,0.0,00003_000316_00,0,0,0.09027968347072601,0.12096508592367172,0.0,0,R3,0.0,0.0
zero,0,RELLIS-3D,0.0,00003_000316_00,0,0,0.08748576045036316,0.11741411685943604,0.0,12,R3,0.0,0.0
learned,0,RELLIS-3D,0.0,00003_000316_00,0,0,0.08748576045036316,0.11741411685943604,0.0,12,R3,0.0,0.0
fixed,0,RELLIS-3D,0.0,00003_000316_00,0,0,0.08748576045036316,0.11741411685943604,0.0,12,R3,0.0,0.0
zero,0,RELLIS-3D,0.0,00003_000316_00,0,0,0.08659441024065018,0.11709754168987274,0.0,24,R3,0.0,0.0
learned,0,RELLIS-3D,0.0,00003_000316_00,0,0,0.08659441024065018,0.11709754168987274,0.0,24,R3,0.0,0.0
fixed,0,RELLIS-3D,0.0,00003_000316_00,0,0,0.08659441024065018,0.11709754168987274,0.0,24,R3,0.0,0.0
zero,0,RELLIS-3D,0.0,00003_000316_00,0,0,0.07850988954305649,0.11112534999847412,0.0,36,R3,0.0,0.0
learned,0,RELLIS-3D,0.0,00003_000316_00,0,0,0.07850988954305649,0.11112534999847412,0.0,36,R3,0.0,0.0
fixed,0,RELLIS-3D,0.0,00003_000316_00,0,0,0.07850988954305649,0.11112534999847412,0.0,36,R3,0.0,0.0
zero,0,RELLIS-3D,0.0,00003_000316_00,0,0,0.07520942389965057,0.11016517132520676,0.0,48,R3,0.0,0.0
learned,0,RELLIS-3D,0.0,00003_000316_00,0,0,0.07520942389965057,0.11016517132520676,0.0,48,R3,0.0,0.0
fixed,0,RELLIS-3D,0.0,00003_000316_00,0,0,0.07520942389965057,0.11016517132520676,0.0,48,R3,0.0,0.0
zero,0,RELLIS-3D,0.0,00003_000316_00,0,0,0.07666686922311783,0.10524675250053406,0.0,60,R3,0.0,0.0
learned,0,RELLIS-3D,0.0,00003_000316_00,0,0,0.07666686922311783,0.10524675250053406,0.0,60,R3,0.0,0.0
fixed,0,RELLIS-3D,0.0,00003_000316_00,0,0,0.07666686922311783,0.10524675250053406,0.0,60,R3,0.0,0.0
zero,0,RELLIS-3D,0.0,00003_000316_01,0,0,0.10424362123012543,0.12514840066432953,0.0,0,R3,0.0,0.0
learned,0,RELLIS-3D,0.0,00003_000316_01,0,0,0.10424362123012543,0.12514840066432953,0.0,0,R3,0.0,0.0
fixed,0,RELLIS-3D,0.0,00003_000316_01,0,0,0.10424362123012543,0.12514840066432953,0.0,0,R3,0.0,0.0
zero,0,RELLIS-3D,0.0,00003_000316_01,0,0,0.08933085948228836,0.11120034754276276,0.0,12,R3,0.0,0.0
learned,0,RELLIS-3D,0.0,00003_000316_01,0,0,0.08933085948228836,0.11120034754276276,0.0,12,R3,0.0,0.0
fixed,0,RELLIS-3D,0.0,00003_000316_01,0,0,0.08933085948228836,0.11120034754276276,0.0,12,R3,0.0,0.0
zero,0,RELLIS-3D,0.0,00003_000316_01,0,0,0.08310338854789734,0.10418227314949036,0.0,24,R3,0.0,0.0
learned,0,RELLIS-3D,0.0,00003_000316_01,0,0,0.08310338854789734,0.10418227314949036,0.0,24,R3,0.0,0.0
fixed,0,RELLIS-3D,0.0,00003_000316_01,0,0,0.08310338854789734,0.10418227314949036,0.0,24,R3,0.0,0.0
zero,0,RELLIS-3D,0.0,00003_000316_01,0,0,0.06589880585670471,0.09389851242303848,0.0,36,R3,0.0,0.0
learned,0,RELLIS-3D,0.0,00003_000316_01,0,0,0.06589880585670471,0.09389851242303848,0.0,36,R3,0.0,0.0
fixed,0,RELLIS-3D,0.0,00003_000316_01,0,0,0.06589880585670471,0.09389851242303848,0.0,36,R3,0.0,0.0
zero,0,RELLIS-3D,0.0,00003_000316_01,0,0,0.04765614494681358,0.08000871539115906,0.0,48,R3,0.0,0.0
learned,0,RELLIS-3D,0.0,00003_000316_01,0,0,0.04765614494681358,0.08000871539115906,0.0,48,R3,0.0,0.0
fixed,0,RELLIS-3D,0.0,00003_000316_01,0,0,0.04765614494681358,0.08000871539115906,0.0,48,R3,0.0,0.0
zero,0,RELLIS-3D,0.0,00003_000316_01,0,0,0.033271949738264084,0.06483466178178787,0.0,60,R3,0.0,0.0
learned,0,RELLIS-3D,0.0,00003_000316_01,0,0,0.033271949738264084,0.06483466178178787,0.0,60,R3,0.0,0.0
fixed,0,RELLIS-3D,0.0,00003_000316_01,0,0,0.033271949738264084,0.06483466178178787,0.0,60,R3,0.0,0.0
zero,0,RELLIS-3D,0.0,00003_000316_02,0,0,0.09422370791435242,0.11631868779659271,0.0,0,R3,0.0,0.0
learned,0,RELLIS-3D,0.0,00003_000316_02,0,0,0.09422370791435242,0.11631868779659271,0.0,0,R3,0.0,0.0
fixed,0,RELLIS-3D,0.0,00003_000316_02,0,0,0.09422370791435242,0.11631868779659271,0.0,0,R3,0.0,0.0
zero,0,RELLIS-3D,0.0,00003_000316_02,0,0,0.08653421700000763,0.10806874185800552,0.0,12,R3,0.0,0.0
learned,0,RELLIS-3D,0.0,00003_000316_02,0,0,0.08653421700000763,0.10806874185800552,0.0,12,R3,0.0,0.0
fixed,0,RELLIS-3D,0.0,00003_000316_02,0,0,0.08653421700000763,0.10806874185800552,0.0,12,R3,0.0,0.0
zero,0,RELLIS-3D,0.0,00003_000316_02,0,0,0.08201105892658234,0.10372741520404816,0.0,24,R3,0.0,0.0
learned,0,RELLIS-3D,0.0,00003_000316_02,0,0,0.08201105892658234,0.10372741520404816,0.0,24,R3,0.0,0.0
fixed,0,RELLIS-3D,0.0,00003_000316_02,0,0,0.08201105892658234,0.10372741520404816,0.0,24,R3,0.0,0.0
zero,0,RELLIS-3D,0.0,00003_000316_02,0,0,0.05432719364762306,0.08393587172031403,0.0,36,R3,0.0,0.0
learned,0,RELLIS-3D,0.0,00003_000316_02,0,0,0.05432719364762306,0.08393587172031403,0.0,36,R3,0.0,0.0
fixed,0,RELLIS-3D,0.0,00003_000316_02,0,0,0.05432719364762306,0.08393587172031403,0.0,36,R3,0.0,0.0
zero,0,RELLIS-3D,0.0,00003_000316_02,0,0,0.04858429729938507,0.08115128427743912,0.0,48,R3,0.0,0.0
learned,0,RELLIS-3D,0.0,00003_000316_02,0,0,0.04858429729938507,0.08115128427743912,0.0,48,R3,0.0,0.0
fixed,0,RELLIS-3D,0.0,00003_000316_02,0,0,0.04858429729938507,0.08115128427743912,0.0,48,R3,0.0,0.0
zero,0,RELLIS-3D,0.0,00003_000316_03,0,0,0.09633001685142517,0.1167665421962738,0.0,0,R3,0.0,0.0
learned,0,RELLIS-3D,0.0,00003_000316_03,0,0,0.09633001685142517,0.1167665421962738,0.0,0,R3,0.0,0.0
fixed,0,RELLIS-3D,0.0,00003_000316_03,0,0,0.09633001685142517,0.1167665421962738,0.0,0,R3,0.0,0.0
zero,0,RELLIS-3D,0.0,00003_000316_03,0,0,0.08796200156211853,0.11089303344488144,0.0,12,R3,0.0,0.0
learned,0,RELLIS-3D,0.0,00003_000316_03,0,0,0.08796200156211853,0.11089303344488144,0.0,12,R3,0.0,0.0
fixed,0,RELLIS-3D,0.0,00003_000316_03,0,0,0.08796200156211853,0.11089303344488144,0.0,12,R3,0.0,0.0
zero,0,RELLIS-3D,0.0,00003_000316_03,0,0,0.08310338854789734,0.10418227314949036,0.0,24,R3,0.0,0.0
learned,0,RELLIS-3D,0.0,00003_000316_03,0,0,0.08310338854789734,0.10418227314949036,0.0,24,R3,0.0,0.0
fixed,0,RELLIS-3D,0.0,00003_000316_03,0,0,0.08310338854789734,0.10418227314949036,0.0,24,R3,0.0,0.0
zero,0,RELLIS-3D,0.0,00003_000316_03,0,0,0.06589880585670471,0.09389851242303848,0.0,36,R3,0.0,0.0
learned,0,RELLIS-3D,0.0,00003_000316_03,0,0,0.06589880585670471,0.09389851242303848,0.0,36,R3,0.0,0.0
fixed,0,RELLIS-3D,0.0,00003_000316_03,0,0,0.06589880585670471,0.09389851242303848,0.0,36,R3,0.0,0.0
zero,0,RELLIS-3D,0.0,00003_000316_03,0,0,0.04765614494681358,0.08000871539115906,0.0,48,R3,0.0,0.0
learned,0,RELLIS-3D,0.0,00003_000316_03,0,0,0.04765614494681358,0.08000871539115906,0.0,48,R3,0.0,0.0
fixed,0,RELLIS-3D,0.0,00003_000316_03,0,0,0.04765614494681358,0.08000871539115906,0.0,48,R3,0.0,0.0
zero,0,RELLIS-3D,0.0,00003_000316_03,0,0,0.044572725892066956,0.0777563750743866,0.0,60,R3,0.0,0.0
learned,0,RELLIS-3D,0.0,00003_000316_03,0,0,0.044572725892066956,0.0777563750743866,0.0,60,R3,0.0,0.0
fixed,0,RELLIS-3D,0.0,00003_000316_03,0,0,0.044572725892066956,0.0777563750743866,0.0,60,R3,0.0,0.0
zero,0,RELLIS-3D,0.0,00003_000316_04,0,0,0.08667729794979095,0.11168766766786575,0.0,0,R3,0.0,0.0
learned,0,RELLIS-3D,0.0,00003_000316_04,0,0,0.08667729794979095,0.11168766766786575,0.0,0,R3,0.0,0.0
fixed,0,RELLIS-3D,0.0,00003_000316_04,0,0,0.08667729794979095,0.11168766766786575,0.0,0,R3,0.0,0.0
zero,0,RELLIS-3D,0.0,00003_000316_04,0,0,0.08053488284349442,0.10507073998451233,0.0,12,R3,0.0,0.0
learned,0,RELLIS-3D,0.0,00003_000316_04,0,0,0.08053488284349442,0.10507073998451233,0.0,12,R3,0.0,0.0
fixed,0,RELLIS-3D,0.0,00003_000316_04,0,0,0.08053488284349442,0.10507073998451233,0.0,12,R3,0.0,0.0
zero,0,RELLIS-3D,0.0,00003_000316_04,0,0,0.0779266357421875,0.10344065725803375,0.0,24,R3,0.0,0.0
learned,0,RELLIS-3D,0.0,00003_000316_04,0,0,0.0779266357421875,0.10344065725803375,0.0,24,R3,0.0,0.0
fixed,0,RELLIS-3D,0.0,00003_000316_04,0,0,0.0779266357421875,0.10344065725803375,0.0,24,R3,0.0,0.0
zero,0,RELLIS-3D,0.0,00003_000316_04,0,0,0.07208235561847687,0.10110069066286087,0.0,36,R3,0.0,0.0
learned,0,RELLIS-3D,0.0,00003_000316_04,0,0,0.07208235561847687,0.10110069066286087,0.0,36,R3,0.0,0.0
fixed,0,RELLIS-3D,0.0,00003_000316_04,0,0,0.07208235561847687,0.10110069066286087,0.0,36,R3,0.0,0.0
zero,0,RELLIS-3D,0.0,00003_000316_04,0,0,0.07213284075260162,0.10460405796766281,0.0,48,R3,0.0,0.0
learned,0,RELLIS-3D,0.0,00003_000316_04,0,0,0.07213284075260162,0.10460405796766281,0.0,48,R3,0.0,0.0
fixed,0,RELLIS-3D,0.0,00003_000316_04,0,0,0.07213284075260162,0.10460405796766281,0.0,48,R3,0.0,0.0
zero,0,RELLIS-3D,0.0,00003_000316_04,0,0,0.06744003295898438,0.10087358951568604,0.0,60,R3,0.0,0.0
learned,0,RELLIS-3D,0.0,00003_000316_04,0,0,0.06744003295898438,0.10087358951568604,0.0,60,R3,0.0,0.0
fixed,0,RELLIS-3D,0.0,00003_000316_04,0,0,0.06744003295898438,0.10087358951568604,0.0,60,R3,0.0,0.0
zero,0,RELLIS-3D,0.0,00003_000316_04,0,0,0.0779043436050415,0.11773799359798431,0.0,72,R3,0.0,0.0
learned,0,RELLIS-3D,0.0,00003_000316_04,0,0,0.0779043436050415,0.11773799359798431,0.0,72,R3,0.0,0.0
fixed,0,RELLIS-3D,0.0,00003_000316_04,0,0,0.0779043436050415,0.11773799359798431,0.0,72,R3,0.0,0.0
zero,0,RELLIS-3D,0.0,00003_000316_05,0,0,0.09793337434530258,0.13040676712989807,0.0,0,R3,0.0,0.0
learned,0,RELLIS-3D,0.0,00003_000316_05,0,0,0.09793337434530258,0.13040676712989807,0.0,0,R3,0.0,0.0
fixed,0,RELLIS-3D,0.0,00003_000316_05,0,0,0.09793337434530258,0.13040676712989807,0.0,0,R3,0.0,0.0
zero,0,RELLIS-3D,0.0,00003_000316_05,0,0,0.09113852679729462,0.12336377054452896,0.0,12,R3,0.0,0.0
learned,0,RELLIS-3D,0.0,00003_000316_05,0,0,0.09113852679729462,0.12336377054452896,0.0,12,R3,0.0,0.0
fixed,0,RELLIS-3D,0.0,00003_000316_05,0,0,0.09113852679729462,0.12336377054452896,0.0,12,R3,0.0,0.0
zero,0,RELLIS-3D,0.0,00003_000316_05,0,0,0.0873696357011795,0.118965744972229,0.0,24,R3,0.0,0.0
learned,0,RELLIS-3D,0.0,00003_000316_05,0,0,0.0873696357011795,0.118965744972229,0.0,24,R3,0.0,0.0
fixed,0,RELLIS-3D,0.0,00003_000316_05,0,0,0.0873696357011795,0.118965744972229,0.0,24,R3,0.0,0.0
zero,0,RELLIS-3D,0.0,00003_000316_05,0,0,0.07991474866867065,0.1128612607717514,0.0,36,R3,0.0,0.0
learned,0,RELLIS-3D,0.0,00003_000316_05,0,0,0.07991474866867065,0.1128612607717514,0.0,36,R3,0.0,0.0
fixed,0,RELLIS-3D,0.0,00003_000316_05,0,0,0.07991474866867065,0.1128612607717514,0.0,36,R3,0.0,0.0
zero,0,RELLIS-3D,0.0,00003_000316_05,0,0,0.07578033208847046,0.1119491383433342,0.0,48,R3,0.0,0.0
learned,0,RELLIS-3D,0.0,00003_000316_05,0,0,0.07578033208847046,0.1119491383433342,0.0,48,R3,0.0,0.0
fixed,0,RELLIS-3D,0.0,00003_000316_05,0,0,0.07578033208847046,0.1119491383433342,0.0,48,R3,0.0,0.0
zero,0,RELLIS-3D,0.0,00003_000316_05,0,0,0.07439441978931427,0.1096595898270607,0.0,60,R3,0.0,0.0
learned,0,RELLIS-3D,0.0,00003_000316_05,0,0,0.07439441978931427,0.1096595898270607,0.0,60,R3,0.0,0.0
fixed,0,RELLIS-3D,0.0,00003_000316_05,0,0,0.07439441978931427,0.1096595898270607,0.0,60,R3,0.0,0.0
zero,0,RELLIS-3D,0.0,00003_000316_06,0,0,0.07807369530200958,0.10833057761192322,0.0,0,R3,0.0,0.0
learned,0,RELLIS-3D,0.0,00003_000316_06,0,0,0.07807369530200958,0.10833057761192322,0.0,0,R3,0.0,0.0
fixed,0,RELLIS-3D,0.0,00003_000316_06,0,0,0.07807369530200958,0.10833057761192322,0.0,0,R3,0.0,0.0
zero,0,RELLIS-3D,0.0,00003_000316_06,0,0,0.08534661680459976,0.11568821966648102,0.0,12,R3,0.0,0.0
learned,0,RELLIS-3D,0.0,00003_000316_06,0,0,0.08534661680459976,0.11568821966648102,0.0,12,R3,0.0,0.0
fixed,0,RELLIS-3D,0.0,00003_000316_06,0,0,0.08534661680459976,0.11568821966648102,0.0,12,R3,0.0,0.0
zero,0,RELLIS-3D,0.0,00003_000316_06,0,0,0.08718077838420868,0.11636417359113693,0.0,24,R3,0.0,0.0
learned,0,RELLIS-3D,0.0,00003_000316_06,0,0,0.08718077838420868,0.11636417359113693,0.0,24,R3,0.0,0.0
fixed,0,RELLIS-3D,0.0,00003_000316_06,0,0,0.08718077838420868,0.11636417359113693,0.0,24,R3,0.0,0.0
zero,0,RELLIS-3D,0.0,00003_000316_06,0,0,0.08097574859857559,0.1122511476278305,0.0,36,R3,0.0,0.0
learned,0,RELLIS-3D,0.0,00003_000316_06,0,0,0.08097574859857559,0.1122511476278305,0.0,36,R3,0.0,0.0
fixed,0,RELLIS-3D,0.0,00003_000316_06,0,0,0.08097574859857559,0.1122511476278305,0.0,36,R3,0.0,0.0
zero,0,RELLIS-3D,0.0,00003_000316_06,0,0,0.07674414664506912,0.11110083758831024,0.0,48,R3,0.0,0.0
learned,0,RELLIS-3D,0.0,00003_000316_06,0,0,0.07674414664506912,0.11110083758831024,0.0,48,R3,0.0,0.0
fixed,0,RELLIS-3D,0.0,00003_000316_06,0,0,0.07674414664506912,0.11110083758831024,0.0,48,R3,0.0,0.0
zero,0,RELLIS-3D,0.0,00003_000316_06,0,0,0.07571839541196823,0.10898169875144958,0.0,60,R3,0.0,0.0
learned,0,RELLIS-3D,0.0,00003_000316_06,0,0,0.07571839541196823,0.10898169875144958,0.0,60,R3,0.0,0.0
fixed,0,RELLIS-3D,0.0,00003_000316_06,0,0,0.07571839541196823,0.10898169875144958,0.0,60,R3,0.0,0.0
zero,0,RELLIS-3D,0.0,00003_000316_07,0,0,0.07714616507291794,0.10331202298402786,0.0,0,R3,0.0,0.0
learned,0,RELLIS-3D,0.0,00003_000316_07,0,0,0.07714616507291794,0.10331202298402786,0.0,0,R3,0.0,0.0
fixed,0,RELLIS-3D,0.0,00003_000316_07,0,0,0.07714616507291794,0.10331202298402786,0.0,0,R3,0.0,0.0
zero,0,RELLIS-3D,0.0,00003_000316_07,0,0,0.07885609567165375,0.10353817790746689,0.0,12,R3,0.0,0.0
learned,0,RELLIS-3D,0.0,00003_000316_07,0,0,0.07885609567165375,0.10353817790746689,0.0,12,R3,0.0,0.0
fixed,0,RELLIS-3D,0.0,00003_000316_07,0,0,0.07885609567165375,0.10353817790746689,0.0,12,R3,0.0,0.0
zero,0,RELLIS-3D,0.0,00003_000316_07,0,0,0.07694645971059799,0.10410262644290924,0.0,24,R3,0.0,0.0
learned,0,RELLIS-3D,0.0,00003_000316_07,0,0,0.07694645971059799,0.10410262644290924,0.0,24,R3,0.0,0.0
fixed,0,RELLIS-3D,0.0,00003_000316_07,0,0,0.07694645971059799,0.10410262644290924,0.0,24,R3,0.0,0.0
zero,0,RELLIS-3D,0.0,00003_000316_07,0,0,0.07208235561847687,0.10110069066286087,0.0,36,R3,0.0,0.0
learned,0,RELLIS-3D,0.0,00003_000316_07,0,0,0.07208235561847687,0.10110069066286087,0.0,36,R3,0.0,0.0
fixed,0,RELLIS-3D,0.0,00003_000316_07,0,0,0.07208235561847687,0.10110069066286087,0.0,36,R3,0.0,0.0
zero,0,RELLIS-3D,0.0,00003_000316_07,0,0,0.07213284075260162,0.10460405796766281,0.0,48,R3,0.0,0.0
learned,0,RELLIS-3D,0.0,00003_000316_07,0,0,0.07213284075260162,0.10460405796766281,0.0,48,R3,0.0,0.0
fixed,0,RELLIS-3D,0.0,00003_000316_07,0,0,0.07213284075260162,0.10460405796766281,0.0,48,R3,0.0,0.0
zero,0,RELLIS-3D,0.0,00003_000316_07,0,0,0.06744003295898438,0.10087358951568604,0.0,60,R3,0.0,0.0
learned,0,RELLIS-3D,0.0,00003_000316_07,0,0,0.06744003295898438,0.10087358951568604,0.0,60,R3,0.0,0.0
fixed,0,RELLIS-3D,0.0,00003_000316_07,0,0,0.06744003295898438,0.10087358951568604,0.0,60,R3,0.0,0.0
zero,0,RELLIS-3D,0.0,00003_000316_07,0,0,0.0779043436050415,0.11773799359798431,0.0,72,R3,0.0,0.0
learned,0,RELLIS-3D,0.0,00003_000316_07,0,0,0.0779043436050415,0.11773799359798431,0.0,72,R3,0.0,0.0
fixed,0,RELLIS-3D,0.0,00003_000316_07,0,0,0.0779043436050415,0.11773799359798431,0.0,72,R3,0.0,0.0
zero,0,RELLIS-3D,0.0,00003_001770_00,0,0,0.10641881823539734,0.13513563573360443,0.0,0,R2,0.0,0.0
learned,0,RELLIS-3D,0.0,00003_001770_00,0,0,0.10641881823539734,0.13513563573360443,0.0,0,R2,0.0,0.0
fixed,0,RELLIS-3D,0.0,00003_001770_00,0,0,0.10641881823539734,0.13513563573360443,0.0,0,R2,0.0,0.0
zero,0,RELLIS-3D,0.0,00003_001770_00,0,0,0.10601773858070374,0.13386623561382294,0.0,12,R2,0.0,0.0
learned,0,RELLIS-3D,0.0,00003_001770_00,0,0,0.10601773858070374,0.13386623561382294,0.0,12,R2,0.0,0.0
fixed,0,RELLIS-3D,0.0,00003_001770_00,0,0,0.10601773858070374,0.13386623561382294,0.0,12,R2,0.0,0.0
zero,0,RELLIS-3D,0.0,00003_001770_00,0,0,0.09508732706308365,0.12418600916862488,0.0,24,R2,0.0,0.0
learned,0,RELLIS-3D,0.0,00003_001770_00,0,0,0.09508732706308365,0.12418600916862488,0.0,24,R2,0.0,0.0
fixed,0,RELLIS-3D,0.0,00003_001770_00,0,0,0.09508732706308365,0.12418600916862488,0.0,24,R2,0.0,0.0
zero,0,RELLIS-3D,0.0,00003_001770_00,0,0,0.0847189873456955,0.1147974357008934,0.0,36,R2,0.0,0.0
learned,0,RELLIS-3D,0.0,00003_001770_00,0,0,0.0847189873456955,0.1147974357008934,0.0,36,R2,0.0,0.0
fixed,0,RELLIS-3D,0.0,00003_001770_00,0,0,0.0847189873456955,0.1147974357008934,0.0,36,R2,0.0,0.0
zero,0,RELLIS-3D,0.0,00003_001770_00,0,0,0.07687629014253616,0.11141417920589447,0.0,48,R2,0.0,0.0
learned,0,RELLIS-3D,0.0,00003_001770_00,0,0,0.07687629014253616,0.11141417920589447,0.0,48,R2,0.0,0.0
fixed,0,RELLIS-3D,0.0,00003_001770_00,0,0,0.07687629014253616,0.11141417920589447,0.0,48,R2,0.0,0.0
zero,0,RELLIS-3D,0.0,00003_001770_01,0,0,0.12017180025577545,0.13773669302463531,0.0,0,R3,0.0,0.0
learned,0,RELLIS-3D,0.0,00003_001770_01,0,0,0.12017180025577545,0.13773669302463531,0.0,0,R3,0.0,0.0
fixed,0,RELLIS-3D,0.0,00003_001770_01,0,0,0.12017180025577545,0.13773669302463531,0.0,0,R3,0.0,0.0
zero,0,RELLIS-3D,0.0,00003_001770_01,0,0,0.10811551660299301,0.12729373574256897,0.0,12,R3,0.0,0.0
learned,0,RELLIS-3D,0.0,00003_001770_01,0,0,0.10811551660299301,0.12729373574256897,0.0,12,R3,0.0,0.0
fixed,0,RELLIS-3D,0.0,00003_001770_01,0,0,0.10811551660299301,0.12729373574256897,0.0,12,R3,0.0,0.0
zero,0,RELLIS-3D,0.0,00003_001770_01,0,0,0.0928436815738678,0.11733655631542206,0.0,24,R3,0.0,0.0
learned,0,RELLIS-3D,0.0,00003_001770_01,0,0,0.0928436815738678,0.11733655631542206,0.0,24,R3,0.0,0.0
fixed,0,RELLIS-3D,0.0,00003_001770_01,0,0,0.0928436815738678,0.11733655631542206,0.0,24,R3,0.0,0.0
zero,0,RELLIS-3D,0.0,00003_001770_01,0,0,0.0833543986082077,0.11037111282348633,0.0,36,R3,0.0,0.0
learned,0,RELLIS-3D,0.0,00003_001770_01,0,0,0.0833543986082077,0.11037111282348633,0.0,36,R3,0.0,0.0
fixed,0,RELLIS-3D,0.0,00003_001770_01,0,0,0.0833543986082077,0.11037111282348633,0.0,36,R3,0.0,0.0
zero,0,RELLIS-3D,0.0,00003_001770_01,0,0,0.07982506603002548,0.11537495255470276,0.0,48,R3,0.0,0.0
learned,0,RELLIS-3D,0.0,00003_001770_01,0,0,0.07982506603002548,0.11537495255470276,0.0,48,R3,0.0,0.0
fixed,0,RELLIS-3D,0.0,00003_001770_01,0,0,0.07982506603002548,0.11537495255470276,0.0,48,R3,0.0,0.0
zero,0,RELLIS-3D,0.0,00003_001770_01,0,0,0.07980819046497345,0.10800009965896606,0.0,60,R3,0.0,0.0
learned,0,RELLIS-3D,0.0,00003_001770_01,0,0,0.07980819046497345,0.10800009965896606,0.0,60,R3,0.0,0.0
fixed,0,RELLIS-3D,0.0,00003_001770_01,0,0,0.07980819046497345,0.10800009965896606,0.0,60,R3,0.0,0.0
zero,0,RELLIS-3D,0.0,00003_001770_02,0,0,0.1202586218714714,0.14472661912441254,0.0,0,R2,0.0,0.0
learned,0,RELLIS-3D,0.0,00003_001770_02,0,0,0.1202586218714714,0.14472661912441254,0.0,0,R2,0.0,0.0
fixed,0,RELLIS-3D,0.0,00003_001770_02,0,0,0.1202586218714714,0.14472661912441254,0.0,0,R2,0.0,0.0
zero,0,RELLIS-3D,0.0,00003_001770_02,0,0,0.1066475436091423,0.13503625988960266,0.0,12,R2,0.0,0.0
learned,0,RELLIS-3D,0.0,00003_001770_02,0,0,0.1066475436091423,0.13503625988960266,0.0,12,R2,0.0,0.0
fixed,0,RELLIS-3D,0.0,00003_001770_02,0,0,0.1066475436091423,0.13503625988960266,0.0,12,R2,0.0,0.0
zero,0,RELLIS-3D,0.0,00003_001770_02,0,0,0.1019921526312828,0.13030187785625458,0.0,24,R2,0.0,0.0
learned,0,RELLIS-3D,0.0,00003_001770_02,0,0,0.1019921526312828,0.13030187785625458,0.0,24,R2,0.0,0.0
fixed,0,RELLIS-3D,0.0,00003_001770_02,0,0,0.1019921526312828,0.13030187785625458,0.0,24,R2,0.0,0.0
zero,0,RELLIS-3D,0.0,00003_001770_02,0,0,0.09209826588630676,0.12148436158895493,0.0,36,R2,0.0,0.0
learned,0,RELLIS-3D,0.0,00003_001770_02,0,0,0.09209826588630676,0.12148436158895493,0.0,36,R2,0.0,0.0
fixed,0,RELLIS-3D,0.0,00003_001770_02,0,0,0.09209826588630676,0.12148436158895493,0.0,36,R2,0.0,0.0
zero,0,RELLIS-3D,0.0,00003_001770_02,0,0,0.08070274442434311,0.11097215116024017,0.0,48,R2,0.0,0.0
learned,0,RELLIS-3D,0.0,00003_001770_02,0,0,0.08070274442434311,0.11097215116024017,0.0,48,R2,0.0,0.0
fixed,0,RELLIS-3D,0.0,00003_001770_02,0,0,0.08070274442434311,0.11097215116024017,0.0,48,R2,0.0,0.0
zero,0,RELLIS-3D,0.0,00003_001770_02,0,0,0.07505503296852112,0.1105605885386467,0.0,60,R2,0.0,0.0
learned,0,RELLIS-3D,0.0,00003_001770_02,0,0,0.07505503296852112,0.1105605885386467,0.0,60,R2,0.0,0.0
fixed,0,RELLIS-3D,0.0,00003_001770_02,0,0,0.07505503296852112,0.1105605885386467,0.0,60,R2,0.0,0.0
zero,0,RELLIS-3D,0.0,00003_001770_03,0,1,0.11807877570390701,0.1386759877204895,0.0,0,R3,0.0,0.0
learned,0,RELLIS-3D,0.0003607656108215451,00003_001770_03,0,1,0.11807877570390701,0.1386759877204895,0.1386759877204895,0,R3,0.0012276244815438986,0.0012221559882164001
fixed,0,RELLIS-3D,0.003902250435203314,00003_001770_03,0,1,0.11807877570390701,0.1386759877204895,1.5,0,R3,0.013278699479997158,0.013219548389315605
zero,0,RELLIS-3D,0.0,00003_001770_03,0,0,0.10698657482862473,0.12998932600021362,0.0,12,R3,0.0,0.0
learned,0,RELLIS-3D,0.0,00003_001770_03,0,0,0.10698657482862473,0.12998932600021362,0.0,12,R3,0.0,0.0
fixed,0,RELLIS-3D,0.0,00003_001770_03,0,0,0.10698657482862473,0.12998932600021362,0.0,12,R3,0.0,0.0
zero,0,RELLIS-3D,0.0,00003_001770_03,0,0,0.09837716817855835,0.12421906739473343,0.0,24,R3,0.0,0.0
learned,0,RELLIS-3D,0.0,00003_001770_03,0,0,0.09837716817855835,0.12421906739473343,0.0,24,R3,0.0,0.0
fixed,0,RELLIS-3D,0.0,00003_001770_03,0,0,0.09837716817855835,0.12421906739473343,0.0,24,R3,0.0,0.0
zero,0,RELLIS-3D,0.0,00003_001770_03,0,0,0.08795111626386642,0.1156228706240654,0.0,36,R3,0.0,0.0
learned,0,RELLIS-3D,0.0,00003_001770_03,0,0,0.08795111626386642,0.1156228706240654,0.0,36,R3,0.0,0.0
fixed,0,RELLIS-3D,0.0,00003_001770_03,0,0,0.08795111626386642,0.1156228706240654,0.0,36,R3,0.0,0.0
zero,0,RELLIS-3D,0.0,00003_001770_03,0,0,0.08214675635099411,0.11402571201324463,0.0,48,R3,0.0,0.0
learned,0,RELLIS-3D,0.0,00003_001770_03,0,0,0.08214675635099411,0.11402571201324463,0.0,48,R3,0.0,0.0
fixed,0,RELLIS-3D,0.0,00003_001770_03,0,0,0.08214675635099411,0.11402571201324463,0.0,48,R3,0.0,0.0
zero,0,RELLIS-3D,0.0,00003_001770_03,0,0,0.07222748547792435,0.11118560284376144,0.0,60,R3,0.0,0.0
learned,0,RELLIS-3D,0.0,00003_001770_03,0,0,0.07222748547792435,0.11118560284376144,0.0,60,R3,0.0,0.0
fixed,0,RELLIS-3D,0.0,00003_001770_03,0,0,0.07222748547792435,0.11118560284376144,0.0,60,R3,0.0,0.0
zero,0,RELLIS-3D,0.0,00003_001770_04,0,1,0.10699263215065002,0.13159631192684174,0.0,0,R2,0.0,0.0
learned,0,RELLIS-3D,0.0008408764842897654,00003_001770_04,0,1,0.10699263215065002,0.13159631192684174,0.13159631192684174,0,R2,0.001990811200812459,0.0019889394752681255
fixed,0,RELLIS-3D,0.009584728628396988,00003_001770_04,0,1,0.10699263215065002,0.13159631192684174,1.5,0,R2,0.022692253813147545,0.022670915350317955
zero,0,RELLIS-3D,0.0,00003_001770_04,0,0,0.10601773858070374,0.13386623561382294,0.0,12,R2,0.0,0.0
learned,0,RELLIS-3D,0.0,00003_001770_04,0,0,0.10601773858070374,0.13386623561382294,0.0,12,R2,0.0,0.0
fixed,0,RELLIS-3D,0.0,00003_001770_04,0,0,0.10601773858070374,0.13386623561382294,0.0,12,R2,0.0,0.0
zero,0,RELLIS-3D,0.0,00003_001770_04,0,0,0.09508732706308365,0.12418600916862488,0.0,24,R2,0.0,0.0
learned,0,RELLIS-3D,0.0,00003_001770_04,0,0,0.09508732706308365,0.12418600916862488,0.0,24,R2,0.0,0.0
fixed,0,RELLIS-3D,0.0,00003_001770_04,0,0,0.09508732706308365,0.12418600916862488,0.0,24,R2,0.0,0.0
zero,0,RELLIS-3D,0.0,00003_001770_04,0,0,0.0847189873456955,0.1147974357008934,0.0,36,R2,0.0,0.0
learned,0,RELLIS-3D,0.0,00003_001770_04,0,0,0.0847189873456955,0.1147974357008934,0.0,36,R2,0.0,0.0
fixed,0,RELLIS-3D,0.0,00003_001770_04,0,0,0.0847189873456955,0.1147974357008934,0.0,36,R2,0.0,0.0
zero,0,RELLIS-3D,0.0,00003_001770_04,0,0,0.07687629014253616,0.11141417920589447,0.0,48,R2,0.0,0.0
learned,0,RELLIS-3D,0.0,00003_001770_04,0,0,0.07687629014253616,0.11141417920589447,0.0,48,R2,0.0,0.0
fixed,0,RELLIS-3D,0.0,00003_001770_04,0,0,0.07687629014253616,0.11141417920589447,0.0,48,R2,0.0,0.0
zero,0,RELLIS-3D,0.0,00003_001770_05,0,0,0.10513105988502502,0.13666175305843353,0.0,0,R2,0.0,0.0
learned,0,RELLIS-3D,0.0,00003_001770_05,0,0,0.10513105988502502,0.13666175305843353,0.0,0,R2,0.0,0.0
fixed,0,RELLIS-3D,0.0,00003_001770_05,0,0,0.10513105988502502,0.13666175305843353,0.0,0,R2,0.0,0.0
zero,0,RELLIS-3D,0.0,00003_001770_05,0,0,0.10390505939722061,0.13465942442417145,0.0,12,R2,0.0,0.0
learned,0,RELLIS-3D,0.0,00003_001770_05,0,0,0.10390505939722061,0.13465942442417145,0.0,12,R2,0.0,0.0
fixed,0,RELLIS-3D,0.0,00003_001770_05,0,0,0.10390505939722061,0.13465942442417145,0.0,12,R2,0.0,0.0
zero,0,RELLIS-3D,0.0,00003_001770_05,0,0,0.09085045754909515,0.12241862714290619,0.0,24,R2,0.0,0.0
learned,0,RELLIS-3D,0.0,00003_001770_05,0,0,0.09085045754909515,0.12241862714290619,0.0,24,R2,0.0,0.0
fixed,0,RELLIS-3D,0.0,00003_001770_05,0,0,0.09085045754909515,0.12241862714290619,0.0,24,R2,0.0,0.0
zero,0,RELLIS-3D,0.0,00003_001770_05,0,0,0.08047901839017868,0.1127215027809143,0.0,36,R2,0.0,0.0
learned,0,RELLIS-3D,0.0,00003_001770_05,0,0,0.08047901839017868,0.1127215027809143,0.0,36,R2,0.0,0.0
fixed,0,RELLIS-3D,0.0,00003_001770_05,0,0,0.08047901839017868,0.1127215027809143,0.0,36,R2,0.0,0.0
zero,0,RELLIS-3D,0.0,00003_001770_05,0,0,0.07464326918125153,0.11073854565620422,0.0,48,R2,0.0,0.0
learned,0,RELLIS-3D,0.0,00003_001770_05,0,0,0.07464326918125153,0.11073854565620422,0.0,48,R2,0.0,0.0
fixed,0,RELLIS-3D,0.0,00003_001770_05,0,0,0.07464326918125153,0.11073854565620422,0.0,48,R2,0.0,0.0
zero,0,RELLIS-3D,0.0,00003_001770_06,0,0,0.11011789739131927,0.13783790171146393,0.0,0,R2,0.0,0.0
learned,0,RELLIS-3D,0.0,00003_001770_06,0,0,0.11011789739131927,0.13783790171146393,0.0,0,R2,0.0,0.0
fixed,0,RELLIS-3D,0.0,00003_001770_06,0,0,0.11011789739131927,0.13783790171146393,0.0,0,R2,0.0,0.0
zero,0,RELLIS-3D,0.0,00003_001770_06,0,0,0.107564777135849,0.13534070551395416,0.0,12,R2,0.0,0.0
learned,0,RELLIS-3D,0.0,00003_001770_06,0,0,0.107564777135849,0.13534070551395416,0.0,12,R2,0.0,0.0
fixed,0,RELLIS-3D,0.0,00003_001770_06,0,0,0.107564777135849,0.13534070551395416,0.0,12,R2,0.0,0.0
zero,0,RELLIS-3D,0.0,00003_001770_06,0,0,0.0967591255903244,0.12572163343429565,0.0,24,R2,0.0,0.0
learned,0,RELLIS-3D,0.0,00003_001770_06,0,0,0.0967591255903244,0.12572163343429565,0.0,24,R2,0.0,0.0
fixed,0,RELLIS-3D,0.0,00003_001770_06,0,0,0.0967591255903244,0.12572163343429565,0.0,24,R2,0.0,0.0
zero,0,RELLIS-3D,0.0,00003_001770_06,0,0,0.08860904723405838,0.11831648647785187,0.0,36,R2,0.0,0.0
learned,0,RELLIS-3D,0.0,00003_001770_06,0,0,0.08860904723405838,0.11831648647785187,0.0,36,R2,0.0,0.0
fixed,0,RELLIS-3D,0.0,00003_001770_06,0,0,0.08860904723405838,0.11831648647785187,0.0,36,R2,0.0,0.0
zero,0,RELLIS-3D,0.0,00003_001770_06,0,0,0.07846607267856598,0.11145079135894775,0.0,48,R2,0.0,0.0
learned,0,RELLIS-3D,0.0,00003_001770_06,0,0,0.07846607267856598,0.11145079135894775,0.0,48,R2,0.0,0.0
fixed,0,RELLIS-3D,0.0,00003_001770_06,0,0,0.07846607267856598,0.11145079135894775,0.0,48,R2,0.0,0.0
zero,0,RELLIS-3D,0.0,00003_001770_06,0,0,0.07152612507343292,0.10751509666442871,0.0,60,R2,0.0,0.0
learned,0,RELLIS-3D,0.0,00003_001770_06,0,0,0.07152612507343292,0.10751509666442871,0.0,60,R2,0.0,0.0
fixed,0,RELLIS-3D,0.0,00003_001770_06,0,0,0.07152612507343292,0.10751509666442871,0.0,60,R2,0.0,0.0
zero,0,RELLIS-3D,0.0,00003_001770_06,0,0,0.0740952342748642,0.11462356895208359,0.0,72,R2,0.0,0.0
learned,0,RELLIS-3D,0.0,00003_001770_06,0,0,0.0740952342748642,0.11462356895208359,0.0,72,R2,0.0,0.0
fixed,0,RELLIS-3D,0.0,00003_001770_06,0,0,0.0740952342748642,0.11462356895208359,0.0,72,R2,0.0,0.0
zero,0,RELLIS-3D,0.0,00003_001770_07,0,0,0.10641881823539734,0.13513563573360443,0.0,0,R2,0.0,0.0
learned,0,RELLIS-3D,0.0,00003_001770_07,0,0,0.10641881823539734,0.13513563573360443,0.0,0,R2,0.0,0.0
fixed,0,RELLIS-3D,0.0,00003_001770_07,0,0,0.10641881823539734,0.13513563573360443,0.0,0,R2,0.0,0.0
zero,0,RELLIS-3D,0.0,00003_001770_07,0,0,0.10601773858070374,0.13386623561382294,0.0,12,R2,0.0,0.0
learned,0,RELLIS-3D,0.0,00003_001770_07,0,0,0.10601773858070374,0.13386623561382294,0.0,12,R2,0.0,0.0
fixed,0,RELLIS-3D,0.0,00003_001770_07,0,0,0.10601773858070374,0.13386623561382294,0.0,12,R2,0.0,0.0
zero,0,RELLIS-3D,0.0,00003_001770_07,0,0,0.09508732706308365,0.12418600916862488,0.0,24,R2,0.0,0.0
learned,0,RELLIS-3D,0.0,00003_001770_07,0,0,0.09508732706308365,0.12418600916862488,0.0,24,R2,0.0,0.0
fixed,0,RELLIS-3D,0.0,00003_001770_07,0,0,0.09508732706308365,0.12418600916862488,0.0,24,R2,0.0,0.0
zero,0,RELLIS-3D,0.0,00003_001770_07,0,0,0.0847189873456955,0.1147974357008934,0.0,36,R2,0.0,0.0
learned,0,RELLIS-3D,0.0,00003_001770_07,0,0,0.0847189873456955,0.1147974357008934,0.0,36,R2,0.0,0.0
fixed,0,RELLIS-3D,0.0,00003_001770_07,0,0,0.0847189873456955,0.1147974357008934,0.0,36,R2,0.0,0.0
zero,0,RELLIS-3D,0.0,00003_001770_07,0,0,0.07687629014253616,0.11141417920589447,0.0,48,R2,0.0,0.0
learned,0,RELLIS-3D,0.0,00003_001770_07,0,0,0.07687629014253616,0.11141417920589447,0.0,48,R2,0.0,0.0
fixed,0,RELLIS-3D,0.0,00003_001770_07,0,0,0.07687629014253616,0.11141417920589447,0.0,48,R2,0.0,0.0
zero,0,RELLIS-3D,0.0,00003_001770_07,0,0,0.07005705684423447,0.11172584444284439,0.0,60,R2,0.0,0.0
learned,0,RELLIS-3D,0.0,00003_001770_07,0,0,0.07005705684423447,0.11172584444284439,0.0,60,R2,0.0,0.0
fixed,0,RELLIS-3D,0.0,00003_001770_07,0,0,0.07005705684423447,0.11172584444284439,0.0,60,R2,0.0,0.0
zero,0,RELLIS-3D,0.0,00003_001980_00,0,0,0.06523006409406662,0.09994423389434814,0.0,0,R2,0.0,0.0
learned,0,RELLIS-3D,0.0,00003_001980_00,0,0,0.06523006409406662,0.09994423389434814,0.0,0,R2,0.0,0.0
fixed,0,RELLIS-3D,0.0,00003_001980_00,0,0,0.06523006409406662,0.09994423389434814,0.0,0,R2,0.0,0.0
zero,0,RELLIS-3D,0.0,00003_001980_00,0,0,0.0863780528306961,0.11780992895364761,0.0,12,R2,0.0,0.0
learned,0,RELLIS-3D,0.0,00003_001980_00,0,0,0.0863780528306961,0.11780992895364761,0.0,12,R2,0.0,0.0
fixed,0,RELLIS-3D,0.0,00003_001980_00,0,0,0.0863780528306961,0.11780992895364761,0.0,12,R2,0.0,0.0
zero,0,RELLIS-3D,0.0,00003_001980_00,0,0,0.07310916483402252,0.1042850986123085,0.0,24,R2,0.0,0.0
learned,0,RELLIS-3D,0.0,00003_001980_00,0,0,0.07310916483402252,0.1042850986123085,0.0,24,R2,0.0,0.0
fixed,0,RELLIS-3D,0.0,00003_001980_00,0,0,0.07310916483402252,0.1042850986123085,0.0,24,R2,0.0,0.0
zero,0,RELLIS-3D,0.0,00003_001980_00,0,0,0.06587303429841995,0.09763676673173904,0.0,36,R2,0.0,0.0
learned,0,RELLIS-3D,0.0,00003_001980_00,0,0,0.06587303429841995,0.09763676673173904,0.0,36,R2,0.0,0.0
fixed,0,RELLIS-3D,0.0,00003_001980_00,0,0,0.06587303429841995,0.09763676673173904,0.0,36,R2,0.0,0.0
zero,0,RELLIS-3D,0.0,00003_001980_00,0,0,0.07253982126712799,0.09910713881254196,0.0,48,R2,0.0,0.0
learned,0,RELLIS-3D,0.0,00003_001980_00,0,0,0.07253982126712799,0.09910713881254196,0.0,48,R2,0.0,0.0
fixed,0,RELLIS-3D,0.0,00003_001980_00,0,0,0.07253982126712799,0.09910713881254196,0.0,48,R2,0.0,0.0
zero,0,RELLIS-3D,0.0,00003_001980_00,0,0,0.08019406348466873,0.10370466858148575,0.0,60,R2,0.0,0.0
learned,0,RELLIS-3D,0.0,00003_001980_00,0,0,0.08019406348466873,0.10370466858148575,0.0,60,R2,0.0,0.0
fixed,0,RELLIS-3D,0.0,00003_001980_00,0,0,0.08019406348466873,0.10370466858148575,0.0,60,R2,0.0,0.0
zero,0,RELLIS-3D,0.0,00003_001980_01,0,0,0.035883937031030655,0.06851834058761597,0.0,0,R2,0.0,0.0
learned,0,RELLIS-3D,0.0,00003_001980_01,0,0,0.035883937031030655,0.06851834058761597,0.0,0,R2,0.0,0.0
fixed,0,RELLIS-3D,0.0,00003_001980_01,0,0,0.035883937031030655,0.06851834058761597,0.0,0,R2,0.0,0.0
zero,0,RELLIS-3D,0.0,00003_001980_01,0,0,0.08852403610944748,0.11814063787460327,0.0,12,R2,0.0,0.0
learned,0,RELLIS-3D,0.0,00003_001980_01,0,0,0.08852403610944748,0.11814063787460327,0.0,12,R2,0.0,0.0
fixed,0,RELLIS-3D,0.0,00003_001980_01,0,0,0.08852403610944748,0.11814063787460327,0.0,12,R2,0.0,0.0
zero,0,RELLIS-3D,0.0,00003_001980_01,0,0,0.07288667559623718,0.10411921888589859,0.0,24,R2,0.0,0.0
learned,0,RELLIS-3D,0.0,00003_001980_01,0,0,0.07288667559623718,0.10411921888589859,0.0,24,R2,0.0,0.0
fixed,0,RELLIS-3D,0.0,00003_001980_01,0,0,0.07288667559623718,0.10411921888589859,0.0,24,R2,0.0,0.0
zero,0,RELLIS-3D,0.0,00003_001980_01,0,0,0.06415573507547379,0.09580184519290924,0.0,36,R2,0.0,0.0
learned,0,RELLIS-3D,0.0,00003_001980_01,0,0,0.06415573507547379,0.09580184519290924,0.0,36,R2,0.0,0.0
fixed,0,RELLIS-3D,0.0,00003_001980_01,0,0,0.06415573507547379,0.09580184519290924,0.0,36,R2,0.0,0.0
zero,0,RELLIS-3D,0.0,00003_001980_01,0,1,0.07911522686481476,0.1052541732788086,0.0,48,R2,0.0,0.0
learned,0,RELLIS-3D,5.1220529712736607e-05,00003_001980_01,0,1,0.07911522686481476,0.1052541732788086,0.1052541732788086,48,R2,9.679648064775392e-05,5.6280801800312474e-05
fixed,0,RELLIS-3D,0.0007299548014998436,00003_001980_01,0,1,0.07911522686481476,0.1052541732788086,1.5,48,R2,0.0013794676633551717,0.0008020699024200439
zero,0,RELLIS-3D,0.0,00003_001980_01,0,0,0.07764575630426407,0.10401579737663269,0.0,60,R2,0.0,0.0
learned,0,RELLIS-3D,0.0,00003_001980_01,0,0,0.07764575630426407,0.10401579737663269,0.0,60,R2,0.0,0.0
fixed,0,RELLIS-3D,0.0,00003_001980_01,0,0,0.07764575630426407,0.10401579737663269,0.0,60,R2,0.0,0.0
zero,0,RELLIS-3D,0.0,00003_001980_02,0,0,0.061503682285547256,0.09545998275279999,0.0,0,R2,0.0,0.0
learned,0,RELLIS-3D,0.0,00003_001980_02,0,0,0.061503682285547256,0.09545998275279999,0.0,0,R2,0.0,0.0
fixed,0,RELLIS-3D,0.0,00003_001980_02,0,0,0.061503682285547256,0.09545998275279999,0.0,0,R2,0.0,0.0
zero,0,RELLIS-3D,0.0,00003_001980_02,0,0,0.07651638984680176,0.10738198459148407,0.0,12,R2,0.0,0.0
learned,0,RELLIS-3D,0.0,00003_001980_02,0,0,0.07651638984680176,0.10738198459148407,0.0,12,R2,0.0,0.0
fixed,0,RELLIS-3D,0.0,00003_001980_02,0,0,0.07651638984680176,0.10738198459148407,0.0,12,R2,0.0,0.0
zero,0,RELLIS-3D,0.0,00003_001980_02,0,0,0.09153835475444794,0.11993290483951569,0.0,24,R2,0.0,0.0
learned,0,RELLIS-3D,0.0,00003_001980_02,0,0,0.09153835475444794,0.11993290483951569,0.0,24,R2,0.0,0.0
fixed,0,RELLIS-3D,0.0,00003_001980_02,0,0,0.09153835475444794,0.11993290483951569,0.0,24,R2,0.0,0.0
zero,0,RELLIS-3D,0.0,00003_001980_02,0,0,0.08289814740419388,0.11613868921995163,0.0,36,R2,0.0,0.0
learned,0,RELLIS-3D,0.0,00003_001980_02,0,0,0.08289814740419388,0.11613868921995163,0.0,36,R2,0.0,0.0
fixed,0,RELLIS-3D,0.0,00003_001980_02,0,0,0.08289814740419388,0.11613868921995163,0.0,36,R2,0.0,0.0
zero,0,RELLIS-3D,0.0,00003_001980_02,0,0,0.08003854006528854,0.1069662868976593,0.0,48,R2,0.0,0.0
learned,0,RELLIS-3D,0.0,00003_001980_02,0,0,0.08003854006528854,0.1069662868976593,0.0,48,R2,0.0,0.0
fixed,0,RELLIS-3D,0.0,00003_001980_02,0,0,0.08003854006528854,0.1069662868976593,0.0,48,R2,0.0,0.0
zero,0,RELLIS-3D,0.0,00003_001980_02,0,0,0.07726919651031494,0.10307959467172623,0.0,60,R2,0.0,0.0
learned,0,RELLIS-3D,0.0,00003_001980_02,0,0,0.07726919651031494,0.10307959467172623,0.0,60,R2,0.0,0.0
fixed,0,RELLIS-3D,0.0,00003_001980_02,0,0,0.07726919651031494,0.10307959467172623,0.0,60,R2,0.0,0.0
zero,0,RELLIS-3D,0.0,00003_001980_03,0,0,0.06523006409406662,0.09994423389434814,0.0,0,R2,0.0,0.0
learned,0,RELLIS-3D,0.0,00003_001980_03,0,0,0.06523006409406662,0.09994423389434814,0.0,0,R2,0.0,0.0
fixed,0,RELLIS-3D,0.0,00003_001980_03,0,0,0.06523006409406662,0.09994423389434814,0.0,0,R2,0.0,0.0
zero,0,RELLIS-3D,0.0,00003_001980_03,0,0,0.0863780528306961,0.11780992895364761,0.0,12,R2,0.0,0.0
learned,0,RELLIS-3D,0.0,00003_001980_03,0,0,0.0863780528306961,0.11780992895364761,0.0,12,R2,0.0,0.0
fixed,0,RELLIS-3D,0.0,00003_001980_03,0,0,0.0863780528306961,0.11780992895364761,0.0,12,R2,0.0,0.0
zero,0,RELLIS-3D,0.0,00003_001980_03,0,0,0.07310916483402252,0.1042850986123085,0.0,24,R2,0.0,0.0
learned,0,RELLIS-3D,0.0,00003_001980_03,0,0,0.07310916483402252,0.1042850986123085,0.0,24,R2,0.0,0.0
fixed,0,RELLIS-3D,0.0,00003_001980_03,0,0,0.07310916483402252,0.1042850986123085,0.0,24,R2,0.0,0.0
zero,0,RELLIS-3D,0.0,00003_001980_03,0,0,0.06587303429841995,0.09763676673173904,0.0,36,R2,0.0,0.0
learned,0,RELLIS-3D,0.0,00003_001980_03,0,0,0.06587303429841995,0.09763676673173904,0.0,36,R2,0.0,0.0
fixed,0,RELLIS-3D,0.0,00003_001980_03,0,0,0.06587303429841995,0.09763676673173904,0.0,36,R2,0.0,0.0
zero,0,RELLIS-3D,0.0,00003_001980_03,0,0,0.07208289951086044,0.09990493953227997,0.0,48,R2,0.0,0.0
learned,0,RELLIS-3D,0.0,00003_001980_03,0,0,0.07208289951086044,0.09990493953227997,0.0,48,R2,0.0,0.0
fixed,0,RELLIS-3D,0.0,00003_001980_03,0,0,0.07208289951086044,0.09990493953227997,0.0,48,R2,0.0,0.0
zero,0,RELLIS-3D,0.0,00003_001980_03,0,0,0.07406824082136154,0.10204038769006729,0.0,60,R2,0.0,0.0
learned,0,RELLIS-3D,0.0,00003_001980_03,0,0,0.07406824082136154,0.10204038769006729,0.0,60,R2,0.0,0.0
fixed,0,RELLIS-3D,0.0,00003_001980_03,0,0,0.07406824082136154,0.10204038769006729,0.0,60,R2,0.0,0.0
zero,0,RELLIS-3D,0.0,00003_001980_04,0,0,0.06771950423717499,0.10310482233762741,0.0,0,R2,0.0,0.0
learned,0,RELLIS-3D,0.0,00003_001980_04,0,0,0.06771950423717499,0.10310482233762741,0.0,0,R2,0.0,0.0
fixed,0,RELLIS-3D,0.0,00003_001980_04,0,0,0.06771950423717499,0.10310482233762741,0.0,0,R2,0.0,0.0
zero,0,RELLIS-3D,0.0,00003_001980_04,0,0,0.06798462569713593,0.10184705257415771,0.0,12,R2,0.0,0.0
learned,0,RELLIS-3D,0.0,00003_001980_04,0,0,0.06798462569713593,0.10184705257415771,0.0,12,R2,0.0,0.0
fixed,0,RELLIS-3D,0.0,00003_001980_04,0,0,0.06798462569713593,0.10184705257415771,0.0,12,R2,0.0,0.0
zero,0,RELLIS-3D,0.0,00003_001980_04,0,0,0.0863029956817627,0.11561755836009979,0.0,24,R2,0.0,0.0
learned,0,RELLIS-3D,0.0,00003_001980_04,0,0,0.0863029956817627,0.11561755836009979,0.0,24,R2,0.0,0.0
fixed,0,RELLIS-3D,0.0,00003_001980_04,0,0,0.0863029956817627,0.11561755836009979,0.0,24,R2,0.0,0.0
zero,0,RELLIS-3D,0.0,00003_001980_04,0,0,0.07640405744314194,0.10617440938949585,0.0,36,R2,0.0,0.0
learned,0,RELLIS-3D,0.0,00003_001980_04,0,0,0.07640405744314194,0.10617440938949585,0.0,36,R2,0.0,0.0
fixed,0,RELLIS-3D,0.0,00003_001980_04,0,0,0.07640405744314194,0.10617440938949585,0.0,36,R2,0.0,0.0
zero,0,RELLIS-3D,0.0,00003_001980_04,0,0,0.07182051986455917,0.10346458107233047,0.0,48,R2,0.0,0.0
learned,0,RELLIS-3D,0.0,00003_001980_04,0,0,0.07182051986455917,0.10346458107233047,0.0,48,R2,0.0,0.0
fixed,0,RELLIS-3D,0.0,00003_001980_04,0,0,0.07182051986455917,0.10346458107233047,0.0,48,R2,0.0,0.0
zero,0,RELLIS-3D,0.0,00003_001980_04,0,0,0.08207601308822632,0.10654032230377197,0.0,60,R2,0.0,0.0
learned,0,RELLIS-3D,0.0,00003_001980_04,0,0,0.08207601308822632,0.10654032230377197,0.0,60,R2,0.0,0.0
fixed,0,RELLIS-3D,0.0,00003_001980_04,0,0,0.08207601308822632,0.10654032230377197,0.0,60,R2,0.0,0.0
zero,0,RELLIS-3D,0.0,00003_001980_05,0,0,0.06784117221832275,0.10375446826219559,0.0,0,R2,0.0,0.0
learned,0,RELLIS-3D,0.0,00003_001980_05,0,0,0.06784117221832275,0.10375446826219559,0.0,0,R2,0.0,0.0
fixed,0,RELLIS-3D,0.0,00003_001980_05,0,0,0.06784117221832275,0.10375446826219559,0.0,0,R2,0.0,0.0
zero,0,RELLIS-3D,0.0,00003_001980_05,0,0,0.07184316217899323,0.1053653210401535,0.0,12,R2,0.0,0.0
learned,0,RELLIS-3D,0.0,00003_001980_05,0,0,0.07184316217899323,0.1053653210401535,0.0,12,R2,0.0,0.0
fixed,0,RELLIS-3D,0.0,00003_001980_05,0,0,0.07184316217899323,0.1053653210401535,0.0,12,R2,0.0,0.0
zero,0,RELLIS-3D,0.0,00003_001980_05,0,0,0.08537345379590988,0.11492274701595306,0.0,24,R2,0.0,0.0
learned,0,RELLIS-3D,0.0,00003_001980_05,0,0,0.08537345379590988,0.11492274701595306,0.0,24,R2,0.0,0.0
fixed,0,RELLIS-3D,0.0,00003_001980_05,0,0,0.08537345379590988,0.11492274701595306,0.0,24,R2,0.0,0.0
zero,0,RELLIS-3D,0.0,00003_001980_05,0,0,0.07640405744314194,0.10617440938949585,0.0,36,R2,0.0,0.0
learned,0,RELLIS-3D,0.0,00003_001980_05,0,0,0.07640405744314194,0.10617440938949585,0.0,36,R2,0.0,0.0
fixed,0,RELLIS-3D,0.0,00003_001980_05,0,0,0.07640405744314194,0.10617440938949585,0.0,36,R2,0.0,0.0
zero,0,RELLIS-3D,0.0,00003_001980_05,0,0,0.07182051986455917,0.10346458107233047,0.0,48,R2,0.0,0.0
learned,0,RELLIS-3D,0.0,00003_001980_05,0,0,0.07182051986455917,0.10346458107233047,0.0,48,R2,0.0,0.0
fixed,0,RELLIS-3D,0.0,00003_001980_05,0,0,0.07182051986455917,0.10346458107233047,0.0,48,R2,0.0,0.0
zero,0,RELLIS-3D,0.0,00003_001980_05,0,0,0.08283586800098419,0.10699980705976486,0.0,60,R2,0.0,0.0
learned,0,RELLIS-3D,0.0,00003_001980_05,0,0,0.08283586800098419,0.10699980705976486,0.0,60,R2,0.0,0.0
fixed,0,RELLIS-3D,0.0,00003_001980_05,0,0,0.08283586800098419,0.10699980705976486,0.0,60,R2,0.0,0.0
zero,0,RELLIS-3D,0.0,00003_001980_06,0,0,0.035883937031030655,0.06851834058761597,0.0,0,R2,0.0,0.0
learned,0,RELLIS-3D,0.0,00003_001980_06,0,0,0.035883937031030655,0.06851834058761597,0.0,0,R2,0.0,0.0
fixed,0,RELLIS-3D,0.0,00003_001980_06,0,0,0.035883937031030655,0.06851834058761597,0.0,0,R2,0.0,0.0
zero,0,RELLIS-3D,0.0,00003_001980_06,0,0,0.08852403610944748,0.11814063787460327,0.0,12,R2,0.0,0.0
learned,0,RELLIS-3D,0.0,00003_001980_06,0,0,0.08852403610944748,0.11814063787460327,0.0,12,R2,0.0,0.0
fixed,0,RELLIS-3D,0.0,00003_001980_06,0,0,0.08852403610944748,0.11814063787460327,0.0,12,R2,0.0,0.0
zero,0,RELLIS-3D,0.0,00003_001980_06,0,0,0.07288873940706253,0.10443410277366638,0.0,24,R2,0.0,0.0
learned,0,RELLIS-3D,0.0,00003_001980_06,0,0,0.07288873940706253,0.10443410277366638,0.0,24,R2,0.0,0.0
fixed,0,RELLIS-3D,0.0,00003_001980_06,0,0,0.07288873940706253,0.10443410277366638,0.0,24,R2,0.0,0.0
zero,0,RELLIS-3D,0.0,00003_001980_06,0,0,0.05663476139307022,0.08965038508176804,0.0,36,R2,0.0,0.0
learned,0,RELLIS-3D,0.0,00003_001980_06,0,0,0.05663476139307022,0.08965038508176804,0.0,36,R2,0.0,0.0
fixed,0,RELLIS-3D,0.0,00003_001980_06,0,0,0.05663476139307022,0.08965038508176804,0.0,36,R2,0.0,0.0
zero,0,RELLIS-3D,0.0,00003_001980_06,0,0,0.057821378111839294,0.08857820928096771,0.0,48,R2,0.0,0.0
learned,0,RELLIS-3D,0.0,00003_001980_06,0,0,0.057821378111839294,0.08857820928096771,0.0,48,R2,0.0,0.0
fixed,0,RELLIS-3D,0.0,00003_001980_06,0,0,0.057821378111839294,0.08857820928096771,0.0,48,R2,0.0,0.0
zero,0,RELLIS-3D,0.0,00003_001980_07,0,0,0.09903863817453384,0.13389356434345245,0.0,0,R3,0.0,0.0
learned,0,RELLIS-3D,0.0,00003_001980_07,0,0,0.09903863817453384,0.13389356434345245,0.0,0,R3,0.0,0.0
fixed,0,RELLIS-3D,0.0,00003_001980_07,0,0,0.09903863817453384,0.13389356434345245,0.0,0,R3,0.0,0.0
zero,0,RELLIS-3D,0.0,00003_001980_07,0,0,0.09037657082080841,0.12128158658742905,0.0,12,R3,0.0,0.0
learned,0,RELLIS-3D,0.0,00003_001980_07,0,0,0.09037657082080841,0.12128158658742905,0.0,12,R3,0.0,0.0
fixed,0,RELLIS-3D,0.0,00003_001980_07,0,0,0.09037657082080841,0.12128158658742905,0.0,12,R3,0.0,0.0
zero,0,RELLIS-3D,0.0,00003_001980_07,0,0,0.05801274999976158,0.09074125438928604,0.0,24,R3,0.0,0.0
learned,0,RELLIS-3D,0.0,00003_001980_07,0,0,0.05801274999976158,0.09074125438928604,0.0,24,R3,0.0,0.0
fixed,0,RELLIS-3D,0.0,00003_001980_07,0,0,0.05801274999976158,0.09074125438928604,0.0,24,R3,0.0,0.0
zero,0,RELLIS-3D,0.0,00003_001980_07,0,0,0.04384082183241844,0.0736735537648201,0.0,36,R3,0.0,0.0
learned,0,RELLIS-3D,0.0,00003_001980_07,0,0,0.04384082183241844,0.0736735537648201,0.0,36,R3,0.0,0.0
fixed,0,RELLIS-3D,0.0,00003_001980_07,0,0,0.04384082183241844,0.0736735537648201,0.0,36,R3,0.0,0.0
zero,0,RELLIS-3D,0.0,00003_001980_07,0,0,0.052240073680877686,0.08137573301792145,0.0,48,R3,0.0,0.0
learned,0,RELLIS-3D,0.0,00003_001980_07,0,0,0.052240073680877686,0.08137573301792145,0.0,48,R3,0.0,0.0
fixed,0,RELLIS-3D,0.0,00003_001980_07,0,0,0.052240073680877686,0.08137573301792145,0.0,48,R3,0.0,0.0
zero,0,RELLIS-3D,0.0,00003_001980_07,0,0,0.0627448558807373,0.09203370660543442,0.0,60,R3,0.0,0.0
learned,0,RELLIS-3D,0.0,00003_001980_07,0,0,0.0627448558807373,0.09203370660543442,0.0,60,R3,0.0,0.0
fixed,0,RELLIS-3D,0.0,00003_001980_07,0,0,0.0627448558807373,0.09203370660543442,0.0,60,R3,0.0,0.0
zero,0,RELLIS-3D,0.0,00003_001980_07,0,0,0.08261583000421524,0.10387106984853745,0.0,72,R3,0.0,0.0
learned,0,RELLIS-3D,0.0,00003_001980_07,0,0,0.08261583000421524,0.10387106984853745,0.0,72,R3,0.0,0.0
fixed,0,RELLIS-3D,0.0,00003_001980_07,0,0,0.08261583000421524,0.10387106984853745,0.0,72,R3,0.0,0.0
zero,0,RELLIS-3D,0.0,00003_001951_00,0,0,0.10087900608778,0.1278054565191269,0.0,0,R2,0.0,0.0
learned,0,RELLIS-3D,0.0,00003_001951_00,0,0,0.10087900608778,0.1278054565191269,0.0,0,R2,0.0,0.0
fixed,0,RELLIS-3D,0.0,00003_001951_00,0,0,0.10087900608778,0.1278054565191269,0.0,0,R2,0.0,0.0
zero,0,RELLIS-3D,0.0,00003_001951_00,0,0,0.08924195170402527,0.12010402977466583,0.0,12,R2,0.0,0.0
learned,0,RELLIS-3D,0.0,00003_001951_00,0,0,0.08924195170402527,0.12010402977466583,0.0,12,R2,0.0,0.0
fixed,0,RELLIS-3D,0.0,00003_001951_00,0,0,0.08924195170402527,0.12010402977466583,0.0,12,R2,0.0,0.0
zero,0,RELLIS-3D,0.0,00003_001951_00,0,0,0.07834492623806,0.11012796312570572,0.0,24,R2,0.0,0.0
learned,0,RELLIS-3D,0.0,00003_001951_00,0,0,0.07834492623806,0.11012796312570572,0.0,24,R2,0.0,0.0
fixed,0,RELLIS-3D,0.0,00003_001951_00,0,0,0.07834492623806,0.11012796312570572,0.0,24,R2,0.0,0.0
zero,0,RELLIS-3D,0.0,00003_001951_00,0,0,0.07107174396514893,0.10313686728477478,0.0,36,R2,0.0,0.0
learned,0,RELLIS-3D,0.0,00003_001951_00,0,0,0.07107174396514893,0.10313686728477478,0.0,36,R2,0.0,0.0
fixed,0,RELLIS-3D,0.0,00003_001951_00,0,0,0.07107174396514893,0.10313686728477478,0.0,36,R2,0.0,0.0
zero,0,RELLIS-3D,0.0,00003_001951_00,0,0,0.08008326590061188,0.10459192097187042,0.0,48,R2,0.0,0.0
learned,0,RELLIS-3D,0.0,00003_001951_00,0,0,0.08008326590061188,0.10459192097187042,0.0,48,R2,0.0,0.0
fixed,0,RELLIS-3D,0.0,00003_001951_00,0,0,0.08008326590061188,0.10459192097187042,0.0,48,R2,0.0,0.0
zero,0,RELLIS-3D,0.0,00003_001951_01,0,1,0.09915097802877426,0.13047435879707336,0.0,0,R3,0.0,0.0
learned,1,RELLIS-3D,0.0318886823952198,00003_001951_01,0,1,0.09915097802877426,0.13047435879707336,0.13047435879707336,0,R3,0.034053582698106766,0.011948159895837307
fixed,1,RELLIS-3D,0.366608589887619,00003_001951_01,0,1,0.09915097802877426,0.13047435879707336,1.5,0,R3,0.3914974331855774,0.13736216723918915
zero,0,RELLIS-3D,0.0,00003_001951_01,0,0,0.08686117827892303,0.11992200464010239,0.0,12,R3,0.0,0.0
learned,0,RELLIS-3D,0.0,00003_001951_01,0,0,0.08686117827892303,0.11992200464010239,0.0,12,R3,0.0,0.0
fixed,0,RELLIS-3D,0.0,00003_001951_01,0,0,0.08686117827892303,0.11992200464010239,0.0,12,R3,0.0,0.0
zero,0,RELLIS-3D,0.0,00003_001951_01,0,0,0.0565321147441864,0.09102053195238113,0.0,24,R3,0.0,0.0
learned,0,RELLIS-3D,0.0,00003_001951_01,0,0,0.0565321147441864,0.09102053195238113,0.0,24,R3,0.0,0.0
fixed,0,RELLIS-3D,0.0,00003_001951_01,0,0,0.0565321147441864,0.09102053195238113,0.0,24,R3,0.0,0.0
zero,0,RELLIS-3D,0.0,00003_001951_01,0,0,0.04129743576049805,0.07326458394527435,0.0,36,R3,0.0,0.0
learned,0,RELLIS-3D,0.0,00003_001951_01,0,0,0.04129743576049805,0.07326458394527435,0.0,36,R3,0.0,0.0
fixed,0,RELLIS-3D,0.0,00003_001951_01,0,0,0.04129743576049805,0.07326458394527435,0.0,36,R3,0.0,0.0
zero,0,RELLIS-3D,0.0,00003_001951_01,0,0,0.0500372052192688,0.08035428822040558,0.0,48,R3,0.0,0.0
learned,0,RELLIS-3D,0.0,00003_001951_01,0,0,0.0500372052192688,0.08035428822040558,0.0,48,R3,0.0,0.0
fixed,0,RELLIS-3D,0.0,00003_001951_01,0,0,0.0500372052192688,0.08035428822040558,0.0,48,R3,0.0,0.0
zero,0,RELLIS-3D,0.0,00003_001951_01,0,0,0.0680539458990097,0.09528341889381409,0.0,60,R3,0.0,0.0
learned,0,RELLIS-3D,0.0,00003_001951_01,0,0,0.0680539458990097,0.09528341889381409,0.0,60,R3,0.0,0.0
fixed,0,RELLIS-3D,0.0,00003_001951_01,0,0,0.0680539458990097,0.09528341889381409,0.0,60,R3,0.0,0.0
zero,0,RELLIS-3D,0.0,00003_001951_01,0,0,0.07893627882003784,0.10083174705505371,0.0,72,R3,0.0,0.0
learned,0,RELLIS-3D,0.0,00003_001951_01,0,0,0.07893627882003784,0.10083174705505371,0.0,72,R3,0.0,0.0
fixed,0,RELLIS-3D,0.0,00003_001951_01,0,0,0.07893627882003784,0.10083174705505371,0.0,72,R3,0.0,0.0
zero,0,RELLIS-3D,0.0,00003_001951_02,0,0,0.06710486114025116,0.10321182012557983,0.0,0,R2,0.0,0.0
learned,0,RELLIS-3D,0.0,00003_001951_02,0,0,0.06710486114025116,0.10321182012557983,0.0,0,R2,0.0,0.0
fixed,0,RELLIS-3D,0.0,00003_001951_02,0,0,0.06710486114025116,0.10321182012557983,0.0,0,R2,0.0,0.0
zero,0,RELLIS-3D,0.0,00003_001951_02,0,0,0.059382449835538864,0.09375803172588348,0.0,12,R2,0.0,0.0
learned,0,RELLIS-3D,0.0,00003_001951_02,0,0,0.059382449835538864,0.09375803172588348,0.0,12,R2,0.0,0.0
fixed,0,RELLIS-3D,0.0,00003_001951_02,0,0,0.059382449835538864,0.09375803172588348,0.0,12,R2,0.0,0.0
zero,0,RELLIS-3D,0.0,00003_001951_02,0,0,0.08998975157737732,0.11935573071241379,0.0,24,R2,0.0,0.0
learned,0,RELLIS-3D,0.0,00003_001951_02,0,0,0.08998975157737732,0.11935573071241379,0.0,24,R2,0.0,0.0
fixed,0,RELLIS-3D,0.0,00003_001951_02,0,0,0.08998975157737732,0.11935573071241379,0.0,24,R2,0.0,0.0
zero,0,RELLIS-3D,0.0,00003_001951_02,0,0,0.09229571372270584,0.11959618330001831,0.0,36,R2,0.0,0.0
learned,0,RELLIS-3D,0.0,00003_001951_02,0,0,0.09229571372270584,0.11959618330001831,0.0,36,R2,0.0,0.0
fixed,0,RELLIS-3D,0.0,00003_001951_02,0,0,0.09229571372270584,0.11959618330001831,0.0,36,R2,0.0,0.0
zero,0,RELLIS-3D,0.0,00003_001951_02,0,0,0.08222760260105133,0.1158178448677063,0.0,48,R2,0.0,0.0
learned,0,RELLIS-3D,0.0,00003_001951_02,0,0,0.08222760260105133,0.1158178448677063,0.0,48,R2,0.0,0.0
fixed,0,RELLIS-3D,0.0,00003_001951_02,0,0,0.08222760260105133,0.1158178448677063,0.0,48,R2,0.0,0.0
zero,0,RELLIS-3D,0.0,00003_001951_02,0,0,0.07954634726047516,0.10609277337789536,0.0,60,R2,0.0,0.0
learned,0,RELLIS-3D,0.0,00003_001951_02,0,0,0.07954634726047516,0.10609277337789536,0.0,60,R2,0.0,0.0
fixed,0,RELLIS-3D,0.0,00003_001951_02,0,0,0.07954634726047516,0.10609277337789536,0.0,60,R2,0.0,0.0
zero,0,RELLIS-3D,0.0,00003_001951_02,0,0,0.07703549414873123,0.10531926155090332,0.0,72,R2,0.0,0.0
learned,0,RELLIS-3D,0.0,00003_001951_02,0,0,0.07703549414873123,0.10531926155090332,0.0,72,R2,0.0,0.0
fixed,0,RELLIS-3D,0.0,00003_001951_02,0,0,0.07703549414873123,0.10531926155090332,0.0,72,R2,0.0,0.0
zero,0,RELLIS-3D,0.0,00003_001951_03,0,0,0.08972389996051788,0.12520301342010498,0.0,0,R3,0.0,0.0
learned,0,RELLIS-3D,0.0,00003_001951_03,0,0,0.08972389996051788,0.12520301342010498,0.0,0,R3,0.0,0.0
fixed,0,RELLIS-3D,0.0,00003_001951_03,0,0,0.08972389996051788,0.12520301342010498,0.0,0,R3,0.0,0.0
zero,0,RELLIS-3D,0.0,00003_001951_03,0,0,0.07545901834964752,0.10957121849060059,0.0,12,R3,0.0,0.0
learned,0,RELLIS-3D,0.0,00003_001951_03,0,0,0.07545901834964752,0.10957121849060059,0.0,12,R3,0.0,0.0
fixed,0,RELLIS-3D,0.0,00003_001951_03,0,0,0.07545901834964752,0.10957121849060059,0.0,12,R3,0.0,0.0
zero,0,RELLIS-3D,0.0,00003_001951_03,0,0,0.05241192877292633,0.08584584295749664,0.0,24,R3,0.0,0.0
learned,0,RELLIS-3D,0.0,00003_001951_03,0,0,0.05241192877292633,0.08584584295749664,0.0,24,R3,0.0,0.0
fixed,0,RELLIS-3D,0.0,00003_001951_03,0,0,0.05241192877292633,0.08584584295749664,0.0,24,R3,0.0,0.0
zero,0,RELLIS-3D,0.0,00003_001951_03,0,0,0.04128706082701683,0.07182399928569794,0.0,36,R3,0.0,0.0
learned,0,RELLIS-3D,0.0,00003_001951_03,0,0,0.04128706082701683,0.07182399928569794,0.0,36,R3,0.0,0.0
fixed,0,RELLIS-3D,0.0,00003_001951_03,0,0,0.04128706082701683,0.07182399928569794,0.0,36,R3,0.0,0.0
zero,0,RELLIS-3D,0.0,00003_001951_03,0,0,0.053496889770030975,0.08378148078918457,0.0,48,R3,0.0,0.0
learned,0,RELLIS-3D,0.0,00003_001951_03,0,0,0.053496889770030975,0.08378148078918457,0.0,48,R3,0.0,0.0
fixed,0,RELLIS-3D,0.0,00003_001951_03,0,0,0.053496889770030975,0.08378148078918457,0.0,48,R3,0.0,0.0
zero,0,RELLIS-3D,0.0,00003_001951_03,0,0,0.07644419372081757,0.10184116661548615,0.0,60,R3,0.0,0.0
learned,0,RELLIS-3D,0.0,00003_001951_03,0,0,0.07644419372081757,0.10184116661548615,0.0,60,R3,0.0,0.0
fixed,0,RELLIS-3D,0.0,00003_001951_03,0,0,0.07644419372081757,0.10184116661548615,0.0,60,R3,0.0,0.0
zero,0,RELLIS-3D,0.0,00003_001951_03,0,0,0.0824255421757698,0.10188044607639313,0.0,72,R3,0.0,0.0
learned,0,RELLIS-3D,0.0,00003_001951_03,0,0,0.0824255421757698,0.10188044607639313,0.0,72,R3,0.0,0.0
fixed,0,RELLIS-3D,0.0,00003_001951_03,0,0,0.0824255421757698,0.10188044607639313,0.0,72,R3,0.0,0.0
zero,0,RELLIS-3D,0.0,00003_001951_04,0,0,0.08972389996051788,0.12520301342010498,0.0,0,R3,0.0,0.0
learned,0,RELLIS-3D,0.0,00003_001951_04,0,0,0.08972389996051788,0.12520301342010498,0.0,0,R3,0.0,0.0
fixed,0,RELLIS-3D,0.0,00003_001951_04,0,0,0.08972389996051788,0.12520301342010498,0.0,0,R3,0.0,0.0
zero,0,RELLIS-3D,0.0,00003_001951_04,0,0,0.07545901834964752,0.10957121849060059,0.0,12,R3,0.0,0.0
learned,0,RELLIS-3D,0.0,00003_001951_04,0,0,0.07545901834964752,0.10957121849060059,0.0,12,R3,0.0,0.0
fixed,0,RELLIS-3D,0.0,00003_001951_04,0,0,0.07545901834964752,0.10957121849060059,0.0,12,R3,0.0,0.0
zero,0,RELLIS-3D,0.0,00003_001951_04,0,0,0.05241192877292633,0.08584584295749664,0.0,24,R3,0.0,0.0
learned,0,RELLIS-3D,0.0,00003_001951_04,0,0,0.05241192877292633,0.08584584295749664,0.0,24,R3,0.0,0.0
fixed,0,RELLIS-3D,0.0,00003_001951_04,0,0,0.05241192877292633,0.08584584295749664,0.0,24,R3,0.0,0.0
zero,0,RELLIS-3D,0.0,00003_001951_04,0,0,0.04128706082701683,0.07182399928569794,0.0,36,R3,0.0,0.0
learned,0,RELLIS-3D,0.0,00003_001951_04,0,0,0.04128706082701683,0.07182399928569794,0.0,36,R3,0.0,0.0
fixed,0,RELLIS-3D,0.0,00003_001951_04,0,0,0.04128706082701683,0.07182399928569794,0.0,36,R3,0.0,0.0
zero,0,RELLIS-3D,0.0,00003_001951_04,0,0,0.053496889770030975,0.08378148078918457,0.0,48,R3,0.0,0.0
learned,0,RELLIS-3D,0.0,00003_001951_04,0,0,0.053496889770030975,0.08378148078918457,0.0,48,R3,0.0,0.0
fixed,0,RELLIS-3D,0.0,00003_001951_04,0,0,0.053496889770030975,0.08378148078918457,0.0,48,R3,0.0,0.0
zero,0,RELLIS-3D,0.0,00003_001951_04,0,0,0.07644419372081757,0.10184116661548615,0.0,60,R3,0.0,0.0
learned,0,RELLIS-3D,0.0,00003_001951_04,0,0,0.07644419372081757,0.10184116661548615,0.0,60,R3,0.0,0.0
fixed,0,RELLIS-3D,0.0,00003_001951_04,0,0,0.07644419372081757,0.10184116661548615,0.0,60,R3,0.0,0.0
zero,0,RELLIS-3D,0.0,00003_001951_05,0,0,0.02158387005329132,0.04892060533165932,0.0,0,R2,0.0,0.0
learned,0,RELLIS-3D,0.0,00003_001951_05,0,0,0.02158387005329132,0.04892060533165932,0.0,0,R2,0.0,0.0
fixed,0,RELLIS-3D,0.0,00003_001951_05,0,0,0.02158387005329132,0.04892060533165932,0.0,0,R2,0.0,0.0
zero,0,RELLIS-3D,0.0,00003_001951_05,0,0,0.06593665480613708,0.09990425407886505,0.0,12,R2,0.0,0.0
learned,0,RELLIS-3D,0.0,00003_001951_05,0,0,0.06593665480613708,0.09990425407886505,0.0,12,R2,0.0,0.0
fixed,0,RELLIS-3D,0.0,00003_001951_05,0,0,0.06593665480613708,0.09990425407886505,0.0,12,R2,0.0,0.0
zero,0,RELLIS-3D,0.0,00003_001951_05,0,0,0.08872398734092712,0.1199604943394661,0.0,24,R2,0.0,0.0
learned,0,RELLIS-3D,0.0,00003_001951_05,0,0,0.08872398734092712,0.1199604943394661,0.0,24,R2,0.0,0.0
fixed,0,RELLIS-3D,0.0,00003_001951_05,0,0,0.08872398734092712,0.1199604943394661,0.0,24,R2,0.0,0.0
zero,0,RELLIS-3D,0.0,00003_001951_05,0,0,0.06960459053516388,0.09791549295186996,0.0,36,R2,0.0,0.0
learned,0,RELLIS-3D,0.0,00003_001951_05,0,0,0.06960459053516388,0.09791549295186996,0.0,36,R2,0.0,0.0
fixed,0,RELLIS-3D,0.0,00003_001951_05,0,0,0.06960459053516388,0.09791549295186996,0.0,36,R2,0.0,0.0
zero,0,RELLIS-3D,0.0,00003_001951_05,0,0,0.07962553203105927,0.1060258001089096,0.0,48,R2,0.0,0.0
learned,0,RELLIS-3D,0.0,00003_001951_05,0,0,0.07962553203105927,0.1060258001089096,0.0,48,R2,0.0,0.0
fixed,0,RELLIS-3D,0.0,00003_001951_05,0,0,0.07962553203105927,0.1060258001089096,0.0,48,R2,0.0,0.0
zero,0,RELLIS-3D,0.0,00003_001951_05,0,0,0.07830104976892471,0.10123981535434723,0.0,60,R2,0.0,0.0
learned,0,RELLIS-3D,0.0,00003_001951_05,0,0,0.07830104976892471,0.10123981535434723,0.0,60,R2,0.0,0.0
fixed,0,RELLIS-3D,0.0,00003_001951_05,0,0,0.07830104976892471,0.10123981535434723,0.0,60,R2,0.0,0.0
zero,0,RELLIS-3D,0.0,00003_001951_06,0,0,0.10087900608778,0.1278054565191269,0.0,0,R2,0.0,0.0
learned,0,RELLIS-3D,0.0,00003_001951_06,0,0,0.10087900608778,0.1278054565191269,0.0,0,R2,0.0,0.0
fixed,0,RELLIS-3D,0.0,00003_001951_06,0,0,0.10087900608778,0.1278054565191269,0.0,0,R2,0.0,0.0
zero,0,RELLIS-3D,0.0,00003_001951_06,0,0,0.07983450591564178,0.11212994158267975,0.0,12,R2,0.0,0.0
learned,0,RELLIS-3D,0.0,00003_001951_06,0,0,0.07983450591564178,0.11212994158267975,0.0,12,R2,0.0,0.0
fixed,0,RELLIS-3D,0.0,00003_001951_06,0,0,0.07983450591564178,0.11212994158267975,0.0,12,R2,0.0,0.0
zero,0,RELLIS-3D,0.0,00003_001951_06,0,0,0.09163070470094681,0.12115900218486786,0.0,24,R2,0.0,0.0
learned,0,RELLIS-3D,0.0,00003_001951_06,0,0,0.09163070470094681,0.12115900218486786,0.0,24,R2,0.0,0.0
fixed,0,RELLIS-3D,0.0,00003_001951_06,0,0,0.09163070470094681,0.12115900218486786,0.0,24,R2,0.0,0.0
zero,0,RELLIS-3D,0.0,00003_001951_06,0,0,0.08542424440383911,0.11480817198753357,0.0,36,R2,0.0,0.0
learned,0,RELLIS-3D,0.0,00003_001951_06,0,0,0.08542424440383911,0.11480817198753357,0.0,36,R2,0.0,0.0
fixed,0,RELLIS-3D,0.0,00003_001951_06,0,0,0.08542424440383911,0.11480817198753357,0.0,36,R2,0.0,0.0
zero,0,RELLIS-3D,0.0,00003_001951_06,0,0,0.08022673428058624,0.11382618546485901,0.0,48,R2,0.0,0.0
learned,0,RELLIS-3D,0.0,00003_001951_06,0,0,0.08022673428058624,0.11382618546485901,0.0,48,R2,0.0,0.0
fixed,0,RELLIS-3D,0.0,00003_001951_06,0,0,0.08022673428058624,0.11382618546485901,0.0,48,R2,0.0,0.0
zero,0,RELLIS-3D,0.0,00003_001951_07,0,0,0.09663912653923035,0.1327962875366211,0.0,0,R3,0.0,0.0
learned,0,RELLIS-3D,0.0,00003_001951_07,0,0,0.09663912653923035,0.1327962875366211,0.0,0,R3,0.0,0.0
fixed,0,RELLIS-3D,0.0,00003_001951_07,0,0,0.09663912653923035,0.1327962875366211,0.0,0,R3,0.0,0.0
zero,0,RELLIS-3D,0.0,00003_001951_07,0,0,0.07611806690692902,0.1106337457895279,0.0,12,R3,0.0,0.0
learned,0,RELLIS-3D,0.0,00003_001951_07,0,0,0.07611806690692902,0.1106337457895279,0.0,12,R3,0.0,0.0
fixed,0,RELLIS-3D,0.0,00003_001951_07,0,0,0.07611806690692902,0.1106337457895279,0.0,12,R3,0.0,0.0
zero,0,RELLIS-3D,0.0,00003_001951_07,0,0,0.05121738463640213,0.08473381400108337,0.0,24,R3,0.0,0.0
learned,0,RELLIS-3D,0.0,00003_001951_07,0,0,0.05121738463640213,0.08473381400108337,0.0,24,R3,0.0,0.0
fixed,0,RELLIS-3D,0.0,00003_001951_07,0,0,0.05121738463640213,0.08473381400108337,0.0,24,R3,0.0,0.0
zero,0,RELLIS-3D,0.0,00003_001951_07,0,0,0.042403604835271835,0.07310561835765839,0.0,36,R3,0.0,0.0
learned,0,RELLIS-3D,0.0,00003_001951_07,0,0,0.042403604835271835,0.07310561835765839,0.0,36,R3,0.0,0.0
fixed,0,RELLIS-3D,0.0,00003_001951_07,0,0,0.042403604835271835,0.07310561835765839,0.0,36,R3,0.0,0.0
zero,0,RELLIS-3D,0.0,00003_001951_07,0,0,0.05812903493642807,0.0884019285440445,0.0,48,R3,0.0,0.0
learned,0,RELLIS-3D,0.0,00003_001951_07,0,0,0.05812903493642807,0.0884019285440445,0.0,48,R3,0.0,0.0
fixed,0,RELLIS-3D,0.0,00003_001951_07,0,0,0.05812903493642807,0.0884019285440445,0.0,48,R3,0.0,0.0
zero,0,RELLIS-3D,0.0,00003_001951_07,0,0,0.076661616563797,0.1032869890332222,0.0,60,R3,0.0,0.0
learned,0,RELLIS-3D,0.0,00003_001951_07,0,0,0.076661616563797,0.1032869890332222,0.0,60,R3,0.0,0.0
fixed,0,RELLIS-3D,0.0,00003_001951_07,0,0,0.076661616563797,0.1032869890332222,0.0,60,R3,0.0,0.0
zero,0,RELLIS-3D,0.0,00003_001951_07,0,0,0.08224771171808243,0.1023394986987114,0.0,72,R3,0.0,0.0
learned,0,RELLIS-3D,0.0,00003_001951_07,0,0,0.08224771171808243,0.1023394986987114,0.0,72,R3,0.0,0.0
fixed,0,RELLIS-3D,0.0,00003_001951_07,0,0,0.08224771171808243,0.1023394986987114,0.0,72,R3,0.0,0.0
zero,0,RELLIS-3D,0.0,00003_000357_00,0,0,0.078778475522995,0.10893189162015915,0.0,0,R3,0.0,0.0
learned,0,RELLIS-3D,0.0,00003_000357_00,0,0,0.078778475522995,0.10893189162015915,0.0,0,R3,0.0,0.0
fixed,0,RELLIS-3D,0.0,00003_000357_00,0,0,0.078778475522995,0.10893189162015915,0.0,0,R3,0.0,0.0
zero,0,RELLIS-3D,0.0,00003_000357_00,0,0,0.07632603496313095,0.10957452654838562,0.0,12,R3,0.0,0.0
learned,0,RELLIS-3D,0.0,00003_000357_00,0,0,0.07632603496313095,0.10957452654838562,0.0,12,R3,0.0,0.0
fixed,0,RELLIS-3D,0.0,00003_000357_00,0,0,0.07632603496313095,0.10957452654838562,0.0,12,R3,0.0,0.0
zero,0,RELLIS-3D,0.0,00003_000357_00,0,0,0.07911688089370728,0.11054634302854538,0.0,24,R3,0.0,0.0
learned,0,RELLIS-3D,0.0,00003_000357_00,0,0,0.07911688089370728,0.11054634302854538,0.0,24,R3,0.0,0.0
fixed,0,RELLIS-3D,0.0,00003_000357_00,0,0,0.07911688089370728,0.11054634302854538,0.0,24,R3,0.0,0.0
zero,0,RELLIS-3D,0.0,00003_000357_00,0,0,0.07735069841146469,0.10943323373794556,0.0,36,R3,0.0,0.0
learned,0,RELLIS-3D,0.0,00003_000357_00,0,0,0.07735069841146469,0.10943323373794556,0.0,36,R3,0.0,0.0
fixed,0,RELLIS-3D,0.0,00003_000357_00,0,0,0.07735069841146469,0.10943323373794556,0.0,36,R3,0.0,0.0
zero,0,RELLIS-3D,0.0,00003_000357_00,0,0,0.07612890750169754,0.10930422693490982,0.0,48,R3,0.0,0.0
learned,0,RELLIS-3D,0.0,00003_000357_00,0,0,0.07612890750169754,0.10930422693490982,0.0,48,R3,0.0,0.0
fixed,0,RELLIS-3D,0.0,00003_000357_00,0,0,0.07612890750169754,0.10930422693490982,0.0,48,R3,0.0,0.0
zero,0,RELLIS-3D,0.0,00003_000357_00,0,0,0.07461049407720566,0.11034972965717316,0.0,60,R3,0.0,0.0
learned,0,RELLIS-3D,0.0,00003_000357_00,0,0,0.07461049407720566,0.11034972965717316,0.0,60,R3,0.0,0.0
fixed,0,RELLIS-3D,0.0,00003_000357_00,0,0,0.07461049407720566,0.11034972965717316,0.0,60,R3,0.0,0.0
zero,0,RELLIS-3D,0.0,00003_000357_00,0,0,0.07841388881206512,0.10674616694450378,0.0,72,R3,0.0,0.0
learned,0,RELLIS-3D,0.0,00003_000357_00,0,0,0.07841388881206512,0.10674616694450378,0.0,72,R3,0.0,0.0
fixed,0,RELLIS-3D,0.0,00003_000357_00,0,0,0.07841388881206512,0.10674616694450378,0.0,72,R3,0.0,0.0
zero,0,RELLIS-3D,0.0,00003_000357_01,0,0,0.09084963798522949,0.11332627385854721,0.0,0,R3,0.0,0.0
learned,0,RELLIS-3D,0.0,00003_000357_01,0,0,0.09084963798522949,0.11332627385854721,0.0,0,R3,0.0,0.0
fixed,0,RELLIS-3D,0.0,00003_000357_01,0,0,0.09084963798522949,0.11332627385854721,0.0,0,R3,0.0,0.0
zero,0,RELLIS-3D,0.0,00003_000357_01,0,0,0.0773371160030365,0.10408274084329605,0.0,12,R3,0.0,0.0
learned,0,RELLIS-3D,0.0,00003_000357_01,0,0,0.0773371160030365,0.10408274084329605,0.0,12,R3,0.0,0.0
fixed,0,RELLIS-3D,0.0,00003_000357_01,0,0,0.0773371160030365,0.10408274084329605,0.0,12,R3,0.0,0.0
zero,0,RELLIS-3D,0.0,00003_000357_01,0,0,0.07413017004728317,0.10259296000003815,0.0,24,R3,0.0,0.0
learned,0,RELLIS-3D,0.0,00003_000357_01,0,0,0.07413017004728317,0.10259296000003815,0.0,24,R3,0.0,0.0
fixed,0,RELLIS-3D,0.0,00003_000357_01,0,0,0.07413017004728317,0.10259296000003815,0.0,24,R3,0.0,0.0
zero,0,RELLIS-3D,0.0,00003_000357_01,0,0,0.07446945458650589,0.1033582091331482,0.0,36,R3,0.0,0.0
learned,0,RELLIS-3D,0.0,00003_000357_01,0,0,0.07446945458650589,0.1033582091331482,0.0,36,R3,0.0,0.0
fixed,0,RELLIS-3D,0.0,00003_000357_01,0,0,0.07446945458650589,0.1033582091331482,0.0,36,R3,0.0,0.0
zero,0,RELLIS-3D,0.0,00003_000357_01,0,0,0.07060886174440384,0.10133670270442963,0.0,48,R3,0.0,0.0
learned,0,RELLIS-3D,0.0,00003_000357_01,0,0,0.07060886174440384,0.10133670270442963,0.0,48,R3,0.0,0.0
fixed,0,RELLIS-3D,0.0,00003_000357_01,0,0,0.07060886174440384,0.10133670270442963,0.0,48,R3,0.0,0.0
zero,0,RELLIS-3D,0.0,00003_000357_01,0,0,0.07173182815313339,0.10663999617099762,0.0,60,R3,0.0,0.0
learned,0,RELLIS-3D,0.0,00003_000357_01,0,0,0.07173182815313339,0.10663999617099762,0.0,60,R3,0.0,0.0
fixed,0,RELLIS-3D,0.0,00003_000357_01,0,0,0.07173182815313339,0.10663999617099762,0.0,60,R3,0.0,0.0
zero,0,RELLIS-3D,0.0,00003_000357_02,0,0,0.07885613292455673,0.10805238783359528,0.0,0,R3,0.0,0.0
learned,0,RELLIS-3D,0.0,00003_000357_02,0,0,0.07885613292455673,0.10805238783359528,0.0,0,R3,0.0,0.0
fixed,0,RELLIS-3D,0.0,00003_000357_02,0,0,0.07885613292455673,0.10805238783359528,0.0,0,R3,0.0,0.0
zero,0,RELLIS-3D,0.0,00003_000357_02,0,0,0.06805658340454102,0.09755361080169678,0.0,12,R3,0.0,0.0
learned,0,RELLIS-3D,0.0,00003_000357_02,0,0,0.06805658340454102,0.09755361080169678,0.0,12,R3,0.0,0.0
fixed,0,RELLIS-3D,0.0,00003_000357_02,0,0,0.06805658340454102,0.09755361080169678,0.0,12,R3,0.0,0.0
zero,0,RELLIS-3D,0.0,00003_000357_02,0,0,0.0688648372888565,0.09720839560031891,0.0,24,R3,0.0,0.0
learned,0,RELLIS-3D,0.0,00003_000357_02,0,0,0.0688648372888565,0.09720839560031891,0.0,24,R3,0.0,0.0
fixed,0,RELLIS-3D,0.0,00003_000357_02,0,0,0.0688648372888565,0.09720839560031891,0.0,24,R3,0.0,0.0
zero,0,RELLIS-3D,0.0,00003_000357_02,0,0,0.07433683425188065,0.10401955991983414,0.0,36,R3,0.0,0.0
learned,0,RELLIS-3D,0.0,00003_000357_02,0,0,0.07433683425188065,0.10401955991983414,0.0,36,R3,0.0,0.0
fixed,0,RELLIS-3D,0.0,00003_000357_02,0,0,0.07433683425188065,0.10401955991983414,0.0,36,R3,0.0,0.0
zero,0,RELLIS-3D,0.0,00003_000357_02,0,0,0.07792025804519653,0.10829358547925949,0.0,48,R3,0.0,0.0
learned,0,RELLIS-3D,0.0,00003_000357_02,0,0,0.07792025804519653,0.10829358547925949,0.0,48,R3,0.0,0.0
fixed,0,RELLIS-3D,0.0,00003_000357_02,0,0,0.07792025804519653,0.10829358547925949,0.0,48,R3,0.0,0.0
zero,0,RELLIS-3D,0.0,00003_000357_03,0,0,0.09025954455137253,0.12226206064224243,0.0,0,R3,0.0,0.0
learned,0,RELLIS-3D,0.0,00003_000357_03,0,0,0.09025954455137253,0.12226206064224243,0.0,0,R3,0.0,0.0
fixed,0,RELLIS-3D,0.0,00003_000357_03,0,0,0.09025954455137253,0.12226206064224243,0.0,0,R3,0.0,0.0
zero,0,RELLIS-3D,0.0,00003_000357_03,0,0,0.08541979640722275,0.11691375821828842,0.0,12,R3,0.0,0.0
learned,0,RELLIS-3D,0.0,00003_000357_03,0,0,0.08541979640722275,0.11691375821828842,0.0,12,R3,0.0,0.0
fixed,0,RELLIS-3D,0.0,00003_000357_03,0,0,0.08541979640722275,0.11691375821828842,0.0,12,R3,0.0,0.0
zero,0,RELLIS-3D,0.0,00003_000357_03,0,0,0.08170221000909805,0.11361144483089447,0.0,24,R3,0.0,0.0
learned,0,RELLIS-3D,0.0,00003_000357_03,0,0,0.08170221000909805,0.11361144483089447,0.0,24,R3,0.0,0.0
fixed,0,RELLIS-3D,0.0,00003_000357_03,0,0,0.08170221000909805,0.11361144483089447,0.0,24,R3,0.0,0.0
zero,0,RELLIS-3D,0.0,00003_000357_03,0,0,0.07794357091188431,0.11131829768419266,0.0,36,R3,0.0,0.0
learned,0,RELLIS-3D,0.0,00003_000357_03,0,0,0.07794357091188431,0.11131829768419266,0.0,36,R3,0.0,0.0
fixed,0,RELLIS-3D,0.0,00003_000357_03,0,0,0.07794357091188431,0.11131829768419266,0.0,36,R3,0.0,0.0
zero,0,RELLIS-3D,0.0,00003_000357_03,0,0,0.07601027190685272,0.11046624183654785,0.0,48,R3,0.0,0.0
learned,0,RELLIS-3D,0.0,00003_000357_03,0,0,0.07601027190685272,0.11046624183654785,0.0,48,R3,0.0,0.0
fixed,0,RELLIS-3D,0.0,00003_000357_03,0,0,0.07601027190685272,0.11046624183654785,0.0,48,R3,0.0,0.0
zero,0,RELLIS-3D,0.0,00003_000357_04,0,0,0.09599405527114868,0.12504372000694275,0.0,0,R2,0.0,0.0
learned,0,RELLIS-3D,0.0,00003_000357_04,0,0,0.09599405527114868,0.12504372000694275,0.0,0,R2,0.0,0.0
fixed,0,RELLIS-3D,0.0,00003_000357_04,0,0,0.09599405527114868,0.12504372000694275,0.0,0,R2,0.0,0.0
zero,0,RELLIS-3D,0.0,00003_000357_04,0,0,0.08114513009786606,0.11303599923849106,0.0,12,R2,0.0,0.0
learned,0,RELLIS-3D,0.0,00003_000357_04,0,0,0.08114513009786606,0.11303599923849106,0.0,12,R2,0.0,0.0
fixed,0,RELLIS-3D,0.0,00003_000357_04,0,0,0.08114513009786606,0.11303599923849106,0.0,12,R2,0.0,0.0
zero,0,RELLIS-3D,0.0,00003_000357_04,0,0,0.07790683954954147,0.10741809010505676,0.0,24,R2,0.0,0.0
learned,0,RELLIS-3D,0.0,00003_000357_04,0,0,0.07790683954954147,0.10741809010505676,0.0,24,R2,0.0,0.0
fixed,0,RELLIS-3D,0.0,00003_000357_04,0,0,0.07790683954954147,0.10741809010505676,0.0,24,R2,0.0,0.0
zero,0,RELLIS-3D,0.0,00003_000357_04,0,0,0.07711083441972733,0.10793076455593109,0.0,36,R2,0.0,0.0
learned,0,RELLIS-3D,0.0,00003_000357_04,0,0,0.07711083441972733,0.10793076455593109,0.0,36,R2,0.0,0.0
fixed,0,RELLIS-3D,0.0,00003_000357_04,0,0,0.07711083441972733,0.10793076455593109,0.0,36,R2,0.0,0.0
zero,0,RELLIS-3D,0.0,00003_000357_04,0,0,0.07694726437330246,0.10819213092327118,0.0,48,R2,0.0,0.0
learned,0,RELLIS-3D,0.0,00003_000357_04,0,0,0.07694726437330246,0.10819213092327118,0.0,48,R2,0.0,0.0
fixed,0,RELLIS-3D,0.0,00003_000357_04,0,0,0.07694726437330246,0.10819213092327118,0.0,48,R2,0.0,0.0
zero,0,RELLIS-3D,0.0,00003_000357_04,0,0,0.07542592287063599,0.10644350945949554,0.0,60,R2,0.0,0.0
learned,0,RELLIS-3D,0.0,00003_000357_04,0,0,0.07542592287063599,0.10644350945949554,0.0,60,R2,0.0,0.0
fixed,0,RELLIS-3D,0.0,00003_000357_04,0,0,0.07542592287063599,0.10644350945949554,0.0,60,R2,0.0,0.0
zero,0,RELLIS-3D,0.0,00003_000357_05,0,0,0.11828549206256866,0.13407611846923828,0.0,0,R2,0.0,0.0
learned,0,RELLIS-3D,0.0,00003_000357_05,0,0,0.11828549206256866,0.13407611846923828,0.0,0,R2,0.0,0.0
fixed,0,RELLIS-3D,0.0,00003_000357_05,0,0,0.11828549206256866,0.13407611846923828,0.0,0,R2,0.0,0.0
zero,0,RELLIS-3D,0.0,00003_000357_05,0,0,0.09363503009080887,0.1134367287158966,0.0,12,R2,0.0,0.0
learned,0,RELLIS-3D,0.0,00003_000357_05,0,0,0.09363503009080887,0.1134367287158966,0.0,12,R2,0.0,0.0
fixed,0,RELLIS-3D,0.0,00003_000357_05,0,0,0.09363503009080887,0.1134367287158966,0.0,12,R2,0.0,0.0
zero,0,RELLIS-3D,0.0,00003_000357_05,0,0,0.08425812423229218,0.10453373193740845,0.0,24,R2,0.0,0.0
learned,0,RELLIS-3D,0.0,00003_000357_05,0,0,0.08425812423229218,0.10453373193740845,0.0,24,R2,0.0,0.0
fixed,0,RELLIS-3D,0.0,00003_000357_05,0,0,0.08425812423229218,0.10453373193740845,0.0,24,R2,0.0,0.0
zero,0,RELLIS-3D,0.0,00003_000357_05,0,0,0.0773993581533432,0.10341677069664001,0.0,36,R2,0.0,0.0
learned,0,RELLIS-3D,0.0,00003_000357_05,0,0,0.0773993581533432,0.10341677069664001,0.0,36,R2,0.0,0.0
fixed,0,RELLIS-3D,0.0,00003_000357_05,0,0,0.0773993581533432,0.10341677069664001,0.0,36,R2,0.0,0.0
zero,0,RELLIS-3D,0.0,00003_000357_05,0,0,0.055898264050483704,0.086829774081707,0.0,48,R2,0.0,0.0
learned,0,RELLIS-3D,0.0,00003_000357_05,0,0,0.055898264050483704,0.086829774081707,0.0,48,R2,0.0,0.0
fixed,0,RELLIS-3D,0.0,00003_000357_05,0,0,0.055898264050483704,0.086829774081707,0.0,48,R2,0.0,0.0
zero,0,RELLIS-3D,0.0,00003_000357_05,0,0,0.045762378722429276,0.07903730869293213,0.0,60,R2,0.0,0.0
learned,0,RELLIS-3D,0.0,00003_000357_05,0,0,0.045762378722429276,0.07903730869293213,0.0,60,R2,0.0,0.0
fixed,0,RELLIS-3D,0.0,00003_000357_05,0,0,0.045762378722429276,0.07903730869293213,0.0,60,R2,0.0,0.0
zero,0,RELLIS-3D,0.0,00003_000357_05,0,0,0.032706934958696365,0.06312569975852966,0.0,72,R2,0.0,0.0
learned,0,RELLIS-3D,0.0,00003_000357_05,0,0,0.032706934958696365,0.06312569975852966,0.0,72,R2,0.0,0.0
fixed,0,RELLIS-3D,0.0,00003_000357_05,0,0,0.032706934958696365,0.06312569975852966,0.0,72,R2,0.0,0.0
zero,0,RELLIS-3D,0.0,00003_000357_06,0,0,0.08700602501630783,0.11481016874313354,0.0,0,R3,0.0,0.0
learned,0,RELLIS-3D,0.0,00003_000357_06,0,0,0.08700602501630783,0.11481016874313354,0.0,0,R3,0.0,0.0
fixed,0,RELLIS-3D,0.0,00003_000357_06,0,0,0.08700602501630783,0.11481016874313354,0.0,0,R3,0.0,0.0
zero,0,RELLIS-3D,0.0,00003_000357_06,0,0,0.07386323064565659,0.10369448363780975,0.0,12,R3,0.0,0.0
learned,0,RELLIS-3D,0.0,00003_000357_06,0,0,0.07386323064565659,0.10369448363780975,0.0,12,R3,0.0,0.0
fixed,0,RELLIS-3D,0.0,00003_000357_06,0,0,0.07386323064565659,0.10369448363780975,0.0,12,R3,0.0,0.0
zero,0,RELLIS-3D,0.0,00003_000357_06,0,0,0.07550906389951706,0.10623723268508911,0.0,24,R3,0.0,0.0
learned,0,RELLIS-3D,0.0,00003_000357_06,0,0,0.07550906389951706,0.10623723268508911,0.0,24,R3,0.0,0.0
fixed,0,RELLIS-3D,0.0,00003_000357_06,0,0,0.07550906389951706,0.10623723268508911,0.0,24,R3,0.0,0.0
zero,0,RELLIS-3D,0.0,00003_000357_06,0,0,0.0773814395070076,0.1081429123878479,0.0,36,R3,0.0,0.0
learned,0,RELLIS-3D,0.0,00003_000357_06,0,0,0.0773814395070076,0.1081429123878479,0.0,36,R3,0.0,0.0
fixed,0,RELLIS-3D,0.0,00003_000357_06,0,0,0.0773814395070076,0.1081429123878479,0.0,36,R3,0.0,0.0
zero,0,RELLIS-3D,0.0,00003_000357_06,0,0,0.07670014351606369,0.10869330912828445,0.0,48,R3,0.0,0.0
learned,0,RELLIS-3D,0.0,00003_000357_06,0,0,0.07670014351606369,0.10869330912828445,0.0,48,R3,0.0,0.0
fixed,0,RELLIS-3D,0.0,00003_000357_06,0,0,0.07670014351606369,0.10869330912828445,0.0,48,R3,0.0,0.0
zero,0,RELLIS-3D,0.0,00003_000357_06,0,0,0.07511046528816223,0.12439467012882233,0.0,60,R3,0.0,0.0
learned,0,RELLIS-3D,0.0,00003_000357_06,0,0,0.07511046528816223,0.12439467012882233,0.0,60,R3,0.0,0.0
fixed,0,RELLIS-3D,0.0,00003_000357_06,0,0,0.07511046528816223,0.12439467012882233,0.0,60,R3,0.0,0.0
zero,0,RELLIS-3D,0.0,00003_000357_07,0,0,0.09125978499650955,0.11857375502586365,0.0,0,R3,0.0,0.0
learned,0,RELLIS-3D,0.0,00003_000357_07,0,0,0.09125978499650955,0.11857375502586365,0.0,0,R3,0.0,0.0
fixed,0,RELLIS-3D,0.0,00003_000357_07,0,0,0.09125978499650955,0.11857375502586365,0.0,0,R3,0.0,0.0
zero,0,RELLIS-3D,0.0,00003_000357_07,0,0,0.08109252899885178,0.11139138042926788,0.0,12,R3,0.0,0.0
learned,0,RELLIS-3D,0.0,00003_000357_07,0,0,0.08109252899885178,0.11139138042926788,0.0,12,R3,0.0,0.0
fixed,0,RELLIS-3D,0.0,00003_000357_07,0,0,0.08109252899885178,0.11139138042926788,0.0,12,R3,0.0,0.0
zero,0,RELLIS-3D,0.0,00003_000357_07,0,0,0.07973264902830124,0.11015385389328003,0.0,24,R3,0.0,0.0
learned,0,RELLIS-3D,0.0,00003_000357_07,0,0,0.07973264902830124,0.11015385389328003,0.0,24,R3,0.0,0.0
fixed,0,RELLIS-3D,0.0,00003_000357_07,0,0,0.07973264902830124,0.11015385389328003,0.0,24,R3,0.0,0.0
zero,0,RELLIS-3D,0.0,00003_000357_07,0,0,0.07735069841146469,0.10943323373794556,0.0,36,R3,0.0,0.0
learned,0,RELLIS-3D,0.0,00003_000357_07,0,0,0.07735069841146469,0.10943323373794556,0.0,36,R3,0.0,0.0
fixed,0,RELLIS-3D,0.0,00003_000357_07,0,0,0.07735069841146469,0.10943323373794556,0.0,36,R3,0.0,0.0
zero,0,RELLIS-3D,0.0,00003_000357_07,0,0,0.07612890750169754,0.10930422693490982,0.0,48,R3,0.0,0.0
learned,0,RELLIS-3D,0.0,00003_000357_07,0,0,0.07612890750169754,0.10930422693490982,0.0,48,R3,0.0,0.0
fixed,0,RELLIS-3D,0.0,00003_000357_07,0,0,0.07612890750169754,0.10930422693490982,0.0,48,R3,0.0,0.0
zero,0,RELLIS-3D,0.0,00003_001743_00,0,0,0.10616664588451385,0.1321728229522705,0.0,0,R3,0.0,0.0
learned,0,RELLIS-3D,0.0,00003_001743_00,0,0,0.10616664588451385,0.1321728229522705,0.0,0,R3,0.0,0.0
fixed,0,RELLIS-3D,0.0,00003_001743_00,0,0,0.10616664588451385,0.1321728229522705,0.0,0,R3,0.0,0.0
zero,0,RELLIS-3D,0.0,00003_001743_00,0,0,0.10148477554321289,0.12933601438999176,0.0,12,R3,0.0,0.0
learned,0,RELLIS-3D,0.0,00003_001743_00,0,0,0.10148477554321289,0.12933601438999176,0.0,12,R3,0.0,0.0
fixed,0,RELLIS-3D,0.0,00003_001743_00,0,0,0.10148477554321289,0.12933601438999176,0.0,12,R3,0.0,0.0
zero,0,RELLIS-3D,0.0,00003_001743_00,0,0,0.09423355758190155,0.12204210460186005,0.0,24,R3,0.0,0.0
learned,0,RELLIS-3D,0.0,00003_001743_00,0,0,0.09423355758190155,0.12204210460186005,0.0,24,R3,0.0,0.0
fixed,0,RELLIS-3D,0.0,00003_001743_00,0,0,0.09423355758190155,0.12204210460186005,0.0,24,R3,0.0,0.0
zero,0,RELLIS-3D,0.0,00003_001743_00,0,0,0.07522455602884293,0.10534583777189255,0.0,36,R3,0.0,0.0
learned,0,RELLIS-3D,0.0,00003_001743_00,0,0,0.07522455602884293,0.10534583777189255,0.0,36,R3,0.0,0.0
fixed,0,RELLIS-3D,0.0,00003_001743_00,0,0,0.07522455602884293,0.10534583777189255,0.0,36,R3,0.0,0.0
zero,0,RELLIS-3D,0.0,00003_001743_00,0,0,0.06677395850419998,0.10046317428350449,0.0,48,R3,0.0,0.0
learned,0,RELLIS-3D,0.0,00003_001743_00,0,0,0.06677395850419998,0.10046317428350449,0.0,48,R3,0.0,0.0
fixed,0,RELLIS-3D,0.0,00003_001743_00,0,0,0.06677395850419998,0.10046317428350449,0.0,48,R3,0.0,0.0
zero,0,RELLIS-3D,0.0,00003_001743_01,0,0,0.11923602968454361,0.14154036343097687,0.0,0,R3,0.0,0.0
learned,0,RELLIS-3D,0.0,00003_001743_01,0,0,0.11923602968454361,0.14154036343097687,0.0,0,R3,0.0,0.0
fixed,0,RELLIS-3D,0.0,00003_001743_01,0,0,0.11923602968454361,0.14154036343097687,0.0,0,R3,0.0,0.0
zero,0,RELLIS-3D,0.0,00003_001743_01,0,0,0.10535013675689697,0.13241714239120483,0.0,12,R3,0.0,0.0
learned,0,RELLIS-3D,0.0,00003_001743_01,0,0,0.10535013675689697,0.13241714239120483,0.0,12,R3,0.0,0.0
fixed,0,RELLIS-3D,0.0,00003_001743_01,0,0,0.10535013675689697,0.13241714239120483,0.0,12,R3,0.0,0.0
zero,0,RELLIS-3D,0.0,00003_001743_01,0,0,0.09835347533226013,0.12604884803295135,0.0,24,R3,0.0,0.0
learned,0,RELLIS-3D,0.0,00003_001743_01,0,0,0.09835347533226013,0.12604884803295135,0.0,24,R3,0.0,0.0
fixed,0,RELLIS-3D,0.0,00003_001743_01,0,0,0.09835347533226013,0.12604884803295135,0.0,24,R3,0.0,0.0
zero,0,RELLIS-3D,0.0,00003_001743_01,0,0,0.08989425003528595,0.11821430176496506,0.0,36,R3,0.0,0.0
learned,0,RELLIS-3D,0.0,00003_001743_01,0,0,0.08989425003528595,0.11821430176496506,0.0,36,R3,0.0,0.0
fixed,0,RELLIS-3D,0.0,00003_001743_01,0,0,0.08989425003528595,0.11821430176496506,0.0,36,R3,0.0,0.0
zero,0,RELLIS-3D,0.0,00003_001743_01,0,0,0.07149423658847809,0.10193821787834167,0.0,48,R3,0.0,0.0
learned,0,RELLIS-3D,0.0,00003_001743_01,0,0,0.07149423658847809,0.10193821787834167,0.0,48,R3,0.0,0.0
fixed,0,RELLIS-3D,0.0,00003_001743_01,0,0,0.07149423658847809,0.10193821787834167,0.0,48,R3,0.0,0.0
zero,0,RELLIS-3D,0.0,00003_001743_01,0,0,0.06168361008167267,0.09131480753421783,0.0,60,R3,0.0,0.0
learned,0,RELLIS-3D,0.0,00003_001743_01,0,0,0.06168361008167267,0.09131480753421783,0.0,60,R3,0.0,0.0
fixed,0,RELLIS-3D,0.0,00003_001743_01,0,0,0.06168361008167267,0.09131480753421783,0.0,60,R3,0.0,0.0
zero,0,RELLIS-3D,0.0,00003_001743_02,0,1,0.11255620419979095,0.13941796123981476,0.0,0,R3,0.0,0.0
learned,0,RELLIS-3D,-0.01640104316174984,00003_001743_02,0,1,0.11255620419979095,0.13941796123981476,0.13941796123981476,0,R3,0.017704512923955917,0.00011643923062365502
fixed,0,RELLIS-3D,-0.17645907402038574,00003_001743_02,0,1,0.11255620419979095,0.13941796123981476,1.5,0,R3,0.19048313796520233,0.0012527728686109185
zero,0,RELLIS-3D,0.0,00003_001743_02,0,0,0.10554809868335724,0.13620978593826294,0.0,12,R3,0.0,0.0
learned,0,RELLIS-3D,0.0,00003_001743_02,0,0,0.10554809868335724,0.13620978593826294,0.0,12,R3,0.0,0.0
fixed,0,RELLIS-3D,0.0,00003_001743_02,0,0,0.10554809868335724,0.13620978593826294,0.0,12,R3,0.0,0.0
zero,0,RELLIS-3D,0.0,00003_001743_02,0,0,0.09219195693731308,0.12355376780033112,0.0,24,R3,0.0,0.0
learned,0,RELLIS-3D,0.0,00003_001743_02,0,0,0.09219195693731308,0.12355376780033112,0.0,24,R3,0.0,0.0
fixed,0,RELLIS-3D,0.0,00003_001743_02,0,0,0.09219195693731308,0.12355376780033112,0.0,24,R3,0.0,0.0
zero,0,RELLIS-3D,0.0,00003_001743_02,0,0,0.08109953999519348,0.1129508763551712,0.0,36,R3,0.0,0.0
learned,0,RELLIS-3D,0.0,00003_001743_02,0,0,0.08109953999519348,0.1129508763551712,0.0,36,R3,0.0,0.0
fixed,0,RELLIS-3D,0.0,00003_001743_02,0,0,0.08109953999519348,0.1129508763551712,0.0,36,R3,0.0,0.0
zero,0,RELLIS-3D,0.0,00003_001743_02,0,0,0.0743735060095787,0.10837654769420624,0.0,48,R3,0.0,0.0
learned,0,RELLIS-3D,0.0,00003_001743_02,0,0,0.0743735060095787,0.10837654769420624,0.0,48,R3,0.0,0.0
fixed,0,RELLIS-3D,0.0,00003_001743_02,0,0,0.0743735060095787,0.10837654769420624,0.0,48,R3,0.0,0.0
zero,0,RELLIS-3D,0.0,00003_001743_03,0,0,0.1185579001903534,0.1383611261844635,0.0,0,R2,0.0,0.0
learned,0,RELLIS-3D,0.0,00003_001743_03,0,0,0.1185579001903534,0.1383611261844635,0.0,0,R2,0.0,0.0
fixed,0,RELLIS-3D,0.0,00003_001743_03,0,0,0.1185579001903534,0.1383611261844635,0.0,0,R2,0.0,0.0
zero,0,RELLIS-3D,0.0,00003_001743_03,0,0,0.10945428907871246,0.13092680275440216,0.0,12,R2,0.0,0.0
learned,0,RELLIS-3D,0.0,00003_001743_03,0,0,0.10945428907871246,0.13092680275440216,0.0,12,R2,0.0,0.0
fixed,0,RELLIS-3D,0.0,00003_001743_03,0,0,0.10945428907871246,0.13092680275440216,0.0,12,R2,0.0,0.0
zero,0,RELLIS-3D,0.0,00003_001743_03,0,0,0.10145998001098633,0.12417145818471909,0.0,24,R2,0.0,0.0
learned,0,RELLIS-3D,0.0,00003_001743_03,0,0,0.10145998001098633,0.12417145818471909,0.0,24,R2,0.0,0.0
fixed,0,RELLIS-3D,0.0,00003_001743_03,0,0,0.10145998001098633,0.12417145818471909,0.0,24,R2,0.0,0.0
zero,0,RELLIS-3D,0.0,00003_001743_03,0,0,0.0879088044166565,0.11430148035287857,0.0,36,R2,0.0,0.0
learned,0,RELLIS-3D,0.0,00003_001743_03,0,0,0.0879088044166565,0.11430148035287857,0.0,36,R2,0.0,0.0
fixed,0,RELLIS-3D,0.0,00003_001743_03,0,0,0.0879088044166565,0.11430148035287857,0.0,36,R2,0.0,0.0
zero,0,RELLIS-3D,0.0,00003_001743_03,0,0,0.08122660964727402,0.10959115624427795,0.0,48,R2,0.0,0.0
learned,0,RELLIS-3D,0.0,00003_001743_03,0,0,0.08122660964727402,0.10959115624427795,0.0,48,R2,0.0,0.0
fixed,0,RELLIS-3D,0.0,00003_001743_03,0,0,0.08122660964727402,0.10959115624427795,0.0,48,R2,0.0,0.0
zero,0,RELLIS-3D,0.0,00003_001743_03,0,0,0.06994210928678513,0.0992751270532608,0.0,60,R2,0.0,0.0
learned,0,RELLIS-3D,0.0,00003_001743_03,0,0,0.06994210928678513,0.0992751270532608,0.0,60,R2,0.0,0.0
fixed,0,RELLIS-3D,0.0,00003_001743_03,0,0,0.06994210928678513,0.0992751270532608,0.0,60,R2,0.0,0.0
zero,0,RELLIS-3D,0.0,00003_001743_03,0,0,0.07283785939216614,0.10359381139278412,0.0,72,R2,0.0,0.0
learned,0,RELLIS-3D,0.0,00003_001743_03,0,0,0.07283785939216614,0.10359381139278412,0.0,72,R2,0.0,0.0
fixed,0,RELLIS-3D,0.0,00003_001743_03,0,0,0.07283785939216614,0.10359381139278412,0.0,72,R2,0.0,0.0
zero,0,RELLIS-3D,0.0,00003_001743_04,0,0,0.1175367459654808,0.1383010745048523,0.0,0,R3,0.0,0.0
learned,0,RELLIS-3D,0.0,00003_001743_04,0,0,0.1175367459654808,0.1383010745048523,0.0,0,R3,0.0,0.0
fixed,0,RELLIS-3D,0.0,00003_001743_04,0,0,0.1175367459654808,0.1383010745048523,0.0,0,R3,0.0,0.0
zero,0,RELLIS-3D,0.0,00003_001743_04,0,0,0.10698839277029037,0.12863902747631073,0.0,12,R3,0.0,0.0
learned,0,RELLIS-3D,0.0,00003_001743_04,0,0,0.10698839277029037,0.12863902747631073,0.0,12,R3,0.0,0.0
fixed,0,RELLIS-3D,0.0,00003_001743_04,0,0,0.10698839277029037,0.12863902747631073,0.0,12,R3,0.0,0.0
zero,0,RELLIS-3D,0.0,00003_001743_04,0,0,0.09869463741779327,0.12209886312484741,0.0,24,R3,0.0,0.0
learned,0,RELLIS-3D,0.0,00003_001743_04,0,0,0.09869463741779327,0.12209886312484741,0.0,24,R3,0.0,0.0
fixed,0,RELLIS-3D,0.0,00003_001743_04,0,0,0.09869463741779327,0.12209886312484741,0.0,24,R3,0.0,0.0
zero,0,RELLIS-3D,0.0,00003_001743_04,0,0,0.08421793580055237,0.11121641844511032,0.0,36,R3,0.0,0.0
learned,0,RELLIS-3D,0.0,00003_001743_04,0,0,0.08421793580055237,0.11121641844511032,0.0,36,R3,0.0,0.0
fixed,0,RELLIS-3D,0.0,00003_001743_04,0,0,0.08421793580055237,0.11121641844511032,0.0,36,R3,0.0,0.0
zero,0,RELLIS-3D,0.0,00003_001743_04,0,0,0.0775599479675293,0.10616260766983032,0.0,48,R3,0.0,0.0
learned,0,RELLIS-3D,0.0,00003_001743_04,0,0,0.0775599479675293,0.10616260766983032,0.0,48,R3,0.0,0.0
fixed,0,RELLIS-3D,0.0,00003_001743_04,0,0,0.0775599479675293,0.10616260766983032,0.0,48,R3,0.0,0.0
zero,0,RELLIS-3D,0.0,00003_001743_05,0,0,0.11088995635509491,0.14119663834571838,0.0,0,R3,0.0,0.0
learned,0,RELLIS-3D,0.0,00003_001743_05,0,0,0.11088995635509491,0.14119663834571838,0.0,0,R3,0.0,0.0
fixed,0,RELLIS-3D,0.0,00003_001743_05,0,0,0.11088995635509491,0.14119663834571838,0.0,0,R3,0.0,0.0
zero,0,RELLIS-3D,0.0,00003_001743_05,0,0,0.10554809868335724,0.13620978593826294,0.0,12,R3,0.0,0.0
learned,0,RELLIS-3D,0.0,00003_001743_05,0,0,0.10554809868335724,0.13620978593826294,0.0,12,R3,0.0,0.0
fixed,0,RELLIS-3D,0.0,00003_001743_05,0,0,0.10554809868335724,0.13620978593826294,0.0,12,R3,0.0,0.0
zero,0,RELLIS-3D,0.0,00003_001743_05,0,0,0.09219195693731308,0.12355376780033112,0.0,24,R3,0.0,0.0
learned,0,RELLIS-3D,0.0,00003_001743_05,0,0,0.09219195693731308,0.12355376780033112,0.0,24,R3,0.0,0.0
fixed,0,RELLIS-3D,0.0,00003_001743_05,0,0,0.09219195693731308,0.12355376780033112,0.0,24,R3,0.0,0.0
zero,0,RELLIS-3D,0.0,00003_001743_05,0,0,0.08109953999519348,0.1129508763551712,0.0,36,R3,0.0,0.0
learned,0,RELLIS-3D,0.0,00003_001743_05,0,0,0.08109953999519348,0.1129508763551712,0.0,36,R3,0.0,0.0
fixed,0,RELLIS-3D,0.0,00003_001743_05,0,0,0.08109953999519348,0.1129508763551712,0.0,36,R3,0.0,0.0
zero,0,RELLIS-3D,0.0,00003_001743_05,0,0,0.0743735060095787,0.10837654769420624,0.0,48,R3,0.0,0.0
learned,0,RELLIS-3D,0.0,00003_001743_05,0,0,0.0743735060095787,0.10837654769420624,0.0,48,R3,0.0,0.0
fixed,0,RELLIS-3D,0.0,00003_001743_05,0,0,0.0743735060095787,0.10837654769420624,0.0,48,R3,0.0,0.0
zero,0,RELLIS-3D,0.0,00003_001743_05,0,0,0.07380214333534241,0.106796033680439,0.0,60,R3,0.0,0.0
learned,0,RELLIS-3D,0.0,00003_001743_05,0,0,0.07380214333534241,0.106796033680439,0.0,60,R3,0.0,0.0
fixed,0,RELLIS-3D,0.0,00003_001743_05,0,0,0.07380214333534241,0.106796033680439,0.0,60,R3,0.0,0.0
zero,0,RELLIS-3D,0.0,00003_001743_06,0,0,0.11901124566793442,0.14642994105815887,0.0,0,R2,0.0,0.0
learned,0,RELLIS-3D,0.0,00003_001743_06,0,0,0.11901124566793442,0.14642994105815887,0.0,0,R2,0.0,0.0
fixed,0,RELLIS-3D,0.0,00003_001743_06,0,0,0.11901124566793442,0.14642994105815887,0.0,0,R2,0.0,0.0
zero,0,RELLIS-3D,0.0,00003_001743_06,0,0,0.10894760489463806,0.13941724598407745,0.0,12,R2,0.0,0.0
learned,0,RELLIS-3D,0.0,00003_001743_06,0,0,0.10894760489463806,0.13941724598407745,0.0,12,R2,0.0,0.0
fixed,0,RELLIS-3D,0.0,00003_001743_06,0,0,0.10894760489463806,0.13941724598407745,0.0,12,R2,0.0,0.0
zero,0,RELLIS-3D,0.0,00003_001743_06,0,0,0.09654483944177628,0.12765900790691376,0.0,24,R2,0.0,0.0
learned,0,RELLIS-3D,0.0,00003_001743_06,0,0,0.09654483944177628,0.12765900790691376,0.0,24,R2,0.0,0.0
fixed,0,RELLIS-3D,0.0,00003_001743_06,0,0,0.09654483944177628,0.12765900790691376,0.0,24,R2,0.0,0.0
zero,0,RELLIS-3D,0.0,00003_001743_06,0,0,0.08457419276237488,0.11624395102262497,0.0,36,R2,0.0,0.0
learned,0,RELLIS-3D,0.0,00003_001743_06,0,0,0.08457419276237488,0.11624395102262497,0.0,36,R2,0.0,0.0
fixed,0,RELLIS-3D,0.0,00003_001743_06,0,0,0.08457419276237488,0.11624395102262497,0.0,36,R2,0.0,0.0
zero,0,RELLIS-3D,0.0,00003_001743_06,0,0,0.0756298378109932,0.10782331228256226,0.0,48,R2,0.0,0.0
learned,0,RELLIS-3D,0.0,00003_001743_06,0,0,0.0756298378109932,0.10782331228256226,0.0,48,R2,0.0,0.0
fixed,0,RELLIS-3D,0.0,00003_001743_06,0,0,0.0756298378109932,0.10782331228256226,0.0,48,R2,0.0,0.0
zero,0,RELLIS-3D,0.0,00003_001743_06,0,0,0.07402358949184418,0.10739170759916306,0.0,60,R2,0.0,0.0
learned,0,RELLIS-3D,0.0,00003_001743_06,0,0,0.07402358949184418,0.10739170759916306,0.0,60,R2,0.0,0.0
fixed,0,RELLIS-3D,0.0,00003_001743_06,0,0,0.07402358949184418,0.10739170759916306,0.0,60,R2,0.0,0.0
zero,0,RELLIS-3D,0.0,00003_001743_06,0,0,0.0728055015206337,0.10802897810935974,0.0,72,R2,0.0,0.0
learned,0,RELLIS-3D,0.0,00003_001743_06,0,0,0.0728055015206337,0.10802897810935974,0.0,72,R2,0.0,0.0
fixed,0,RELLIS-3D,0.0,00003_001743_06,0,0,0.0728055015206337,0.10802897810935974,0.0,72,R2,0.0,0.0
zero,0,RELLIS-3D,0.0,00003_001743_07,0,0,0.10617225617170334,0.1327037364244461,0.0,0,R3,0.0,0.0
learned,0,RELLIS-3D,0.0,00003_001743_07,0,0,0.10617225617170334,0.1327037364244461,0.0,0,R3,0.0,0.0
fixed,0,RELLIS-3D,0.0,00003_001743_07,0,0,0.10617225617170334,0.1327037364244461,0.0,0,R3,0.0,0.0
zero,0,RELLIS-3D,0.0,00003_001743_07,0,0,0.10159626603126526,0.12936395406723022,0.0,12,R3,0.0,0.0
learned,0,RELLIS-3D,0.0,00003_001743_07,0,0,0.10159626603126526,0.12936395406723022,0.0,12,R3,0.0,0.0
fixed,0,RELLIS-3D,0.0,00003_001743_07,0,0,0.10159626603126526,0.12936395406723022,0.0,12,R3,0.0,0.0
zero,0,RELLIS-3D,0.0,00003_001743_07,0,0,0.09423355758190155,0.12204210460186005,0.0,24,R3,0.0,0.0
learned,0,RELLIS-3D,0.0,00003_001743_07,0,0,0.09423355758190155,0.12204210460186005,0.0,24,R3,0.0,0.0
fixed,0,RELLIS-3D,0.0,00003_001743_07,0,0,0.09423355758190155,0.12204210460186005,0.0,24,R3,0.0,0.0
zero,0,RELLIS-3D,0.0,00003_001743_07,0,0,0.07522455602884293,0.10534583777189255,0.0,36,R3,0.0,0.0
learned,0,RELLIS-3D,0.0,00003_001743_07,0,0,0.07522455602884293,0.10534583777189255,0.0,36,R3,0.0,0.0
fixed,0,RELLIS-3D,0.0,00003_001743_07,0,0,0.07522455602884293,0.10534583777189255,0.0,36,R3,0.0,0.0
zero,0,RELLIS-3D,0.0,00003_001743_07,0,0,0.06680306047201157,0.10095489025115967,0.0,48,R3,0.0,0.0
learned,0,RELLIS-3D,0.0,00003_001743_07,0,0,0.06680306047201157,0.10095489025115967,0.0,48,R3,0.0,0.0
fixed,0,RELLIS-3D,0.0,00003_001743_07,0,0,0.06680306047201157,0.10095489025115967,0.0,48,R3,0.0,0.0
zero,0,RELLIS-3D,0.0,00003_001743_07,0,0,0.058925628662109375,0.09475976973772049,0.0,60,R3,0.0,0.0
learned,0,RELLIS-3D,0.0,00003_001743_07,0,0,0.058925628662109375,0.09475976973772049,0.0,60,R3,0.0,0.0
fixed,0,RELLIS-3D,0.0,00003_001743_07,0,0,0.058925628662109375,0.09475976973772049,0.0,60,R3,0.0,0.0
zero,0,RELLIS-3D,0.0,00003_002109_00,0,0,0.06958986073732376,0.10519170761108398,0.0,0,R2,0.0,0.0
learned,0,RELLIS-3D,0.0,00003_002109_00,0,0,0.06958986073732376,0.10519170761108398,0.0,0,R2,0.0,0.0
fixed,0,RELLIS-3D,0.0,00003_002109_00,0,0,0.06958986073732376,0.10519170761108398,0.0,0,R2,0.0,0.0
zero,0,RELLIS-3D,0.0,00003_002109_00,0,0,0.08161897957324982,0.11507347226142883,0.0,12,R2,0.0,0.0
learned,0,RELLIS-3D,0.0,00003_002109_00,0,0,0.08161897957324982,0.11507347226142883,0.0,12,R2,0.0,0.0
fixed,0,RELLIS-3D,0.0,00003_002109_00,0,0,0.08161897957324982,0.11507347226142883,0.0,12,R2,0.0,0.0
zero,0,RELLIS-3D,0.0,00003_002109_00,0,0,0.08041201531887054,0.11075901985168457,0.0,24,R2,0.0,0.0
learned,0,RELLIS-3D,0.0,00003_002109_00,0,0,0.08041201531887054,0.11075901985168457,0.0,24,R2,0.0,0.0
fixed,0,RELLIS-3D,0.0,00003_002109_00,0,0,0.08041201531887054,0.11075901985168457,0.0,24,R2,0.0,0.0
zero,0,RELLIS-3D,0.0,00003_002109_00,0,0,0.06763994693756104,0.09902884066104889,0.0,36,R2,0.0,0.0
learned,0,RELLIS-3D,0.0,00003_002109_00,0,0,0.06763994693756104,0.09902884066104889,0.0,36,R2,0.0,0.0
fixed,0,RELLIS-3D,0.0,00003_002109_00,0,0,0.06763994693756104,0.09902884066104889,0.0,36,R2,0.0,0.0
zero,0,RELLIS-3D,0.0,00003_002109_00,0,0,0.06688810139894485,0.0952727273106575,0.0,48,R2,0.0,0.0
learned,0,RELLIS-3D,0.0,00003_002109_00,0,0,0.06688810139894485,0.0952727273106575,0.0,48,R2,0.0,0.0
fixed,0,RELLIS-3D,0.0,00003_002109_00,0,0,0.06688810139894485,0.0952727273106575,0.0,48,R2,0.0,0.0
zero,0,RELLIS-3D,0.0,00003_002109_00,0,0,0.0783812552690506,0.10520362108945847,0.0,60,R2,0.0,0.0
learned,0,RELLIS-3D,0.0,00003_002109_00,0,0,0.0783812552690506,0.10520362108945847,0.0,60,R2,0.0,0.0
fixed,0,RELLIS-3D,0.0,00003_002109_00,0,0,0.0783812552690506,0.10520362108945847,0.0,60,R2,0.0,0.0
zero,0,RELLIS-3D,0.0,00003_002109_01,0,0,0.11018411815166473,0.14124193787574768,0.0,0,R3,0.0,0.0
learned,0,RELLIS-3D,0.0,00003_002109_01,0,0,0.11018411815166473,0.14124193787574768,0.0,0,R3,0.0,0.0
fixed,0,RELLIS-3D,0.0,00003_002109_01,0,0,0.11018411815166473,0.14124193787574768,0.0,0,R3,0.0,0.0
zero,0,RELLIS-3D,0.0,00003_002109_01,0,0,0.08995875716209412,0.12230240553617477,0.0,12,R3,0.0,0.0
learned,0,RELLIS-3D,0.0,00003_002109_01,0,0,0.08995875716209412,0.12230240553617477,0.0,12,R3,0.0,0.0
fixed,0,RELLIS-3D,0.0,00003_002109_01,0,0,0.08995875716209412,0.12230240553617477,0.0,12,R3,0.0,0.0
zero,0,RELLIS-3D,0.0,00003_002109_01,0,0,0.06655605137348175,0.09982210397720337,0.0,24,R3,0.0,0.0
learned,0,RELLIS-3D,0.0,00003_002109_01,0,0,0.06655605137348175,0.09982210397720337,0.0,24,R3,0.0,0.0
fixed,0,RELLIS-3D,0.0,00003_002109_01,0,0,0.06655605137348175,0.09982210397720337,0.0,24,R3,0.0,0.0
zero,0,RELLIS-3D,0.0,00003_002109_01,0,0,0.049262139946222305,0.08069933205842972,0.0,36,R3,0.0,0.0
learned,0,RELLIS-3D,0.0,00003_002109_01,0,0,0.049262139946222305,0.08069933205842972,0.0,36,R3,0.0,0.0
fixed,0,RELLIS-3D,0.0,00003_002109_01,0,0,0.049262139946222305,0.08069933205842972,0.0,36,R3,0.0,0.0
zero,0,RELLIS-3D,0.0,00003_002109_01,0,0,0.045172251760959625,0.07472812384366989,0.0,48,R3,0.0,0.0
learned,0,RELLIS-3D,0.0,00003_002109_01,0,0,0.045172251760959625,0.07472812384366989,0.0,48,R3,0.0,0.0
fixed,0,RELLIS-3D,0.0,00003_002109_01,0,0,0.045172251760959625,0.07472812384366989,0.0,48,R3,0.0,0.0
zero,0,RELLIS-3D,0.0,00003_002109_01,0,0,0.05619985982775688,0.08672872185707092,0.0,60,R3,0.0,0.0
learned,0,RELLIS-3D,0.0,00003_002109_01,0,0,0.05619985982775688,0.08672872185707092,0.0,60,R3,0.0,0.0
fixed,0,RELLIS-3D,0.0,00003_002109_01,0,0,0.05619985982775688,0.08672872185707092,0.0,60,R3,0.0,0.0
zero,0,RELLIS-3D,0.0,00003_002109_02,0,0,0.0938630998134613,0.12876205146312714,0.0,0,R3,0.0,0.0
learned,0,RELLIS-3D,0.0,00003_002109_02,0,0,0.0938630998134613,0.12876205146312714,0.0,0,R3,0.0,0.0
fixed,0,RELLIS-3D,0.0,00003_002109_02,0,0,0.0938630998134613,0.12876205146312714,0.0,0,R3,0.0,0.0
zero,0,RELLIS-3D,0.0,00003_002109_02,0,0,0.07789371907711029,0.11024610698223114,0.0,12,R3,0.0,0.0
learned,0,RELLIS-3D,0.0,00003_002109_02,0,0,0.07789371907711029,0.11024610698223114,0.0,12,R3,0.0,0.0
fixed,0,RELLIS-3D,0.0,00003_002109_02,0,0,0.07789371907711029,0.11024610698223114,0.0,12,R3,0.0,0.0
zero,0,RELLIS-3D,0.0,00003_002109_02,0,0,0.05719972774386406,0.08917801082134247,0.0,24,R3,0.0,0.0
learned,0,RELLIS-3D,0.0,00003_002109_02,0,0,0.05719972774386406,0.08917801082134247,0.0,24,R3,0.0,0.0
fixed,0,RELLIS-3D,0.0,00003_002109_02,0,0,0.05719972774386406,0.08917801082134247,0.0,24,R3,0.0,0.0
zero,0,RELLIS-3D,0.0,00003_002109_02,0,0,0.04313741624355316,0.07271762937307358,0.0,36,R3,0.0,0.0
learned,0,RELLIS-3D,0.0,00003_002109_02,0,0,0.04313741624355316,0.07271762937307358,0.0,36,R3,0.0,0.0
fixed,0,RELLIS-3D,0.0,00003_002109_02,0,0,0.04313741624355316,0.07271762937307358,0.0,36,R3,0.0,0.0
zero,0,RELLIS-3D,0.0,00003_002109_02,0,0,0.06013663113117218,0.08922973275184631,0.0,48,R3,0.0,0.0
learned,0,RELLIS-3D,0.0,00003_002109_02,0,0,0.06013663113117218,0.08922973275184631,0.0,48,R3,0.0,0.0
fixed,0,RELLIS-3D,0.0,00003_002109_02,0,0,0.06013663113117218,0.08922973275184631,0.0,48,R3,0.0,0.0
zero,0,RELLIS-3D,0.0,00003_002109_03,0,0,0.09452001005411148,0.12741491198539734,0.0,0,R3,0.0,0.0
learned,0,RELLIS-3D,0.0,00003_002109_03,0,0,0.09452001005411148,0.12741491198539734,0.0,0,R3,0.0,0.0
fixed,0,RELLIS-3D,0.0,00003_002109_03,0,0,0.09452001005411148,0.12741491198539734,0.0,0,R3,0.0,0.0
zero,0,RELLIS-3D,0.0,00003_002109_03,0,0,0.07789371907711029,0.11024610698223114,0.0,12,R3,0.0,0.0
learned,0,RELLIS-3D,0.0,00003_002109_03,0,0,0.07789371907711029,0.11024610698223114,0.0,12,R3,0.0,0.0
fixed,0,RELLIS-3D,0.0,00003_002109_03,0,0,0.07789371907711029,0.11024610698223114,0.0,12,R3,0.0,0.0
zero,0,RELLIS-3D,0.0,00003_002109_03,0,0,0.05719972774386406,0.08917801082134247,0.0,24,R3,0.0,0.0
learned,0,RELLIS-3D,0.0,00003_002109_03,0,0,0.05719972774386406,0.08917801082134247,0.0,24,R3,0.0,0.0
fixed,0,RELLIS-3D,0.0,00003_002109_03,0,0,0.05719972774386406,0.08917801082134247,0.0,24,R3,0.0,0.0
zero,0,RELLIS-3D,0.0,00003_002109_03,0,0,0.04313741624355316,0.07271762937307358,0.0,36,R3,0.0,0.0
learned,0,RELLIS-3D,0.0,00003_002109_03,0,0,0.04313741624355316,0.07271762937307358,0.0,36,R3,0.0,0.0
fixed,0,RELLIS-3D,0.0,00003_002109_03,0,0,0.04313741624355316,0.07271762937307358,0.0,36,R3,0.0,0.0
zero,0,RELLIS-3D,0.0,00003_002109_03,0,0,0.06013663113117218,0.08922973275184631,0.0,48,R3,0.0,0.0
learned,0,RELLIS-3D,0.0,00003_002109_03,0,0,0.06013663113117218,0.08922973275184631,0.0,48,R3,0.0,0.0
fixed,0,RELLIS-3D,0.0,00003_002109_03,0,0,0.06013663113117218,0.08922973275184631,0.0,48,R3,0.0,0.0
zero,0,RELLIS-3D,0.0,00003_002109_03,0,0,0.07518088072538376,0.10079514235258102,0.0,60,R3,0.0,0.0
learned,0,RELLIS-3D,0.0,00003_002109_03,0,0,0.07518088072538376,0.10079514235258102,0.0,60,R3,0.0,0.0
fixed,0,RELLIS-3D,0.0,00003_002109_03,0,0,0.07518088072538376,0.10079514235258102,0.0,60,R3,0.0,0.0
zero,0,RELLIS-3D,0.0,00003_002109_04,0,0,0.037229642271995544,0.06995147466659546,0.0,0,R2,0.0,0.0
learned,0,RELLIS-3D,0.0,00003_002109_04,0,0,0.037229642271995544,0.06995147466659546,0.0,0,R2,0.0,0.0
fixed,0,RELLIS-3D,0.0,00003_002109_04,0,0,0.037229642271995544,0.06995147466659546,0.0,0,R2,0.0,0.0
zero,0,RELLIS-3D,0.0,00003_002109_04,0,0,0.08715610206127167,0.1169479563832283,0.0,12,R2,0.0,0.0
learned,0,RELLIS-3D,0.0,00003_002109_04,0,0,0.08715610206127167,0.1169479563832283,0.0,12,R2,0.0,0.0
fixed,0,RELLIS-3D,0.0,00003_002109_04,0,0,0.08715610206127167,0.1169479563832283,0.0,12,R2,0.0,0.0
zero,0,RELLIS-3D,0.0,00003_002109_04,0,0,0.07165447622537613,0.10309921205043793,0.0,24,R2,0.0,0.0
learned,0,RELLIS-3D,0.0,00003_002109_04,0,0,0.07165447622537613,0.10309921205043793,0.0,24,R2,0.0,0.0
fixed,0,RELLIS-3D,0.0,00003_002109_04,0,0,0.07165447622537613,0.10309921205043793,0.0,24,R2,0.0,0.0
zero,0,RELLIS-3D,0.0,00003_002109_04,0,0,0.06405732780694962,0.0954040065407753,0.0,36,R2,0.0,0.0
learned,0,RELLIS-3D,0.0,00003_002109_04,0,0,0.06405732780694962,0.0954040065407753,0.0,36,R2,0.0,0.0
fixed,0,RELLIS-3D,0.0,00003_002109_04,0,0,0.06405732780694962,0.0954040065407753,0.0,36,R2,0.0,0.0
zero,0,RELLIS-3D,0.0,00003_002109_04,0,0,0.07838155329227448,0.10489122569561005,0.0,48,R2,0.0,0.0
learned,0,RELLIS-3D,0.0,00003_002109_04,0,0,0.07838155329227448,0.10489122569561005,0.0,48,R2,0.0,0.0
fixed,0,RELLIS-3D,0.0,00003_002109_04,0,0,0.07838155329227448,0.10489122569561005,0.0,48,R2,0.0,0.0
zero,0,RELLIS-3D,0.0,00003_002109_04,0,0,0.07847286760807037,0.10201114416122437,0.0,60,R2,0.0,0.0
learned,0,RELLIS-3D,0.0,00003_002109_04,0,0,0.07847286760807037,0.10201114416122437,0.0,60,R2,0.0,0.0
fixed,0,RELLIS-3D,0.0,00003_002109_04,0,0,0.07847286760807037,0.10201114416122437,0.0,60,R2,0.0,0.0
zero,0,RELLIS-3D,0.0,00003_002109_05,0,0,0.09452001005411148,0.12741491198539734,0.0,0,R3,0.0,0.0
learned,0,RELLIS-3D,0.0,00003_002109_05,0,0,0.09452001005411148,0.12741491198539734,0.0,0,R3,0.0,0.0
fixed,0,RELLIS-3D,0.0,00003_002109_05,0,0,0.09452001005411148,0.12741491198539734,0.0,0,R3,0.0,0.0
zero,0,RELLIS-3D,0.0,00003_002109_05,0,0,0.07789371907711029,0.11024610698223114,0.0,12,R3,0.0,0.0
learned,0,RELLIS-3D,0.0,00003_002109_05,0,0,0.07789371907711029,0.11024610698223114,0.0,12,R3,0.0,0.0
fixed,0,RELLIS-3D,0.0,00003_002109_05,0,0,0.07789371907711029,0.11024610698223114,0.0,12,R3,0.0,0.0
zero,0,RELLIS-3D,0.0,00003_002109_05,0,0,0.05719972774386406,0.08917801082134247,0.0,24,R3,0.0,0.0
learned,0,RELLIS-3D,0.0,00003_002109_05,0,0,0.05719972774386406,0.08917801082134247,0.0,24,R3,0.0,0.0
fixed,0,RELLIS-3D,0.0,00003_002109_05,0,0,0.05719972774386406,0.08917801082134247,0.0,24,R3,0.0,0.0
zero,0,RELLIS-3D,0.0,00003_002109_05,0,0,0.04313741624355316,0.07271762937307358,0.0,36,R3,0.0,0.0
learned,0,RELLIS-3D,0.0,00003_002109_05,0,0,0.04313741624355316,0.07271762937307358,0.0,36,R3,0.0,0.0
fixed,0,RELLIS-3D,0.0,00003_002109_05,0,0,0.04313741624355316,0.07271762937307358,0.0,36,R3,0.0,0.0
zero,0,RELLIS-3D,0.0,00003_002109_05,0,0,0.06013663113117218,0.08922973275184631,0.0,48,R3,0.0,0.0
learned,0,RELLIS-3D,0.0,00003_002109_05,0,0,0.06013663113117218,0.08922973275184631,0.0,48,R3,0.0,0.0
fixed,0,RELLIS-3D,0.0,00003_002109_05,0,0,0.06013663113117218,0.08922973275184631,0.0,48,R3,0.0,0.0
zero,0,RELLIS-3D,0.0,00003_002109_05,0,0,0.07535270601511002,0.09955206513404846,0.0,60,R3,0.0,0.0
learned,0,RELLIS-3D,0.0,00003_002109_05,0,0,0.07535270601511002,0.09955206513404846,0.0,60,R3,0.0,0.0
fixed,0,RELLIS-3D,0.0,00003_002109_05,0,0,0.07535270601511002,0.09955206513404846,0.0,60,R3,0.0,0.0
zero,0,RELLIS-3D,0.0,00003_002109_06,0,0,0.0651652067899704,0.09996365755796432,0.0,0,R2,0.0,0.0
learned,0,RELLIS-3D,0.0,00003_002109_06,0,0,0.0651652067899704,0.09996365755796432,0.0,0,R2,0.0,0.0
fixed,0,RELLIS-3D,0.0,00003_002109_06,0,0,0.0651652067899704,0.09996365755796432,0.0,0,R2,0.0,0.0
zero,0,RELLIS-3D,0.0,00003_002109_06,0,0,0.08721651136875153,0.1187216117978096,0.0,12,R2,0.0,0.0
learned,0,RELLIS-3D,0.0,00003_002109_06,0,0,0.08721651136875153,0.1187216117978096,0.0,12,R2,0.0,0.0
fixed,0,RELLIS-3D,0.0,00003_002109_06,0,0,0.08721651136875153,0.1187216117978096,0.0,12,R2,0.0,0.0
zero,0,RELLIS-3D,0.0,00003_002109_06,0,0,0.07263967394828796,0.10381348431110382,0.0,24,R2,0.0,0.0
learned,0,RELLIS-3D,0.0,00003_002109_06,0,0,0.07263967394828796,0.10381348431110382,0.0,24,R2,0.0,0.0
fixed,0,RELLIS-3D,0.0,00003_002109_06,0,0,0.07263967394828796,0.10381348431110382,0.0,24,R2,0.0,0.0
zero,0,RELLIS-3D,0.0,00003_002109_06,0,0,0.06507456302642822,0.09675940871238708,0.0,36,R2,0.0,0.0
learned,0,RELLIS-3D,0.0,00003_002109_06,0,0,0.06507456302642822,0.09675940871238708,0.0,36,R2,0.0,0.0
fixed,0,RELLIS-3D,0.0,00003_002109_06,0,0,0.06507456302642822,0.09675940871238708,0.0,36,R2,0.0,0.0
zero,0,RELLIS-3D,0.0,00003_002109_06,0,0,0.07221422344446182,0.09986367076635361,0.0,48,R2,0.0,0.0
learned,0,RELLIS-3D,0.0,00003_002109_06,0,0,0.07221422344446182,0.09986367076635361,0.0,48,R2,0.0,0.0
fixed,0,RELLIS-3D,0.0,00003_002109_06,0,0,0.07221422344446182,0.09986367076635361,0.0,48,R2,0.0,0.0
zero,0,RELLIS-3D,0.0,00003_002109_06,0,0,0.07353828102350235,0.10155446827411652,0.0,60,R2,0.0,0.0
learned,0,RELLIS-3D,0.0,00003_002109_06,0,0,0.07353828102350235,0.10155446827411652,0.0,60,R2,0.0,0.0
fixed,0,RELLIS-3D,0.0,00003_002109_06,0,0,0.07353828102350235,0.10155446827411652,0.0,60,R2,0.0,0.0
zero,0,RELLIS-3D,0.0,00003_002109_07,0,0,0.0651652067899704,0.09996365755796432,0.0,0,R2,0.0,0.0
learned,0,RELLIS-3D,0.0,00003_002109_07,0,0,0.0651652067899704,0.09996365755796432,0.0,0,R2,0.0,0.0
fixed,0,RELLIS-3D,0.0,00003_002109_07,0,0,0.0651652067899704,0.09996365755796432,0.0,0,R2,0.0,0.0
zero,0,RELLIS-3D,0.0,00003_002109_07,0,0,0.08706770092248917,0.11778901517391205,0.0,12,R2,0.0,0.0
learned,0,RELLIS-3D,0.0,00003_002109_07,0,0,0.08706770092248917,0.11778901517391205,0.0,12,R2,0.0,0.0
fixed,0,RELLIS-3D,0.0,00003_002109_07,0,0,0.08706770092248917,0.11778901517391205,0.0,12,R2,0.0,0.0
zero,0,RELLIS-3D,0.0,00003_002109_07,0,0,0.07699675858020782,0.10776324570178986,0.0,24,R2,0.0,0.0
learned,0,RELLIS-3D,0.0,00003_002109_07,0,0,0.07699675858020782,0.10776324570178986,0.0,24,R2,0.0,0.0
fixed,0,RELLIS-3D,0.0,00003_002109_07,0,0,0.07699675858020782,0.10776324570178986,0.0,24,R2,0.0,0.0
zero,0,RELLIS-3D,0.0,00003_002109_07,0,0,0.06898197531700134,0.10044941306114197,0.0,36,R2,0.0,0.0
learned,0,RELLIS-3D,0.0,00003_002109_07,0,0,0.06898197531700134,0.10044941306114197,0.0,36,R2,0.0,0.0
fixed,0,RELLIS-3D,0.0,00003_002109_07,0,0,0.06898197531700134,0.10044941306114197,0.0,36,R2,0.0,0.0
zero,0,RELLIS-3D,0.0,00003_002109_07,0,0,0.0728876069188118,0.10425868630409241,0.0,48,R2,0.0,0.0
learned,0,RELLIS-3D,0.0,00003_002109_07,0,0,0.0728876069188118,0.10425868630409241,0.0,48,R2,0.0,0.0
fixed,0,RELLIS-3D,0.0,00003_002109_07,0,0,0.0728876069188118,0.10425868630409241,0.0,48,R2,0.0,0.0
zero,0,RELLIS-3D,0.0,00003_002109_07,0,0,0.07973155379295349,0.10465040802955627,0.0,60,R2,0.0,0.0
learned,0,RELLIS-3D,0.0,00003_002109_07,0,0,0.07973155379295349,0.10465040802955627,0.0,60,R2,0.0,0.0
fixed,0,RELLIS-3D,0.0,00003_002109_07,0,0,0.07973155379295349,0.10465040802955627,0.0,60,R2,0.0,0.0
zero,0,RELLIS-3D,0.0,00003_002109_07,0,0,0.0832705944776535,0.10222768783569336,0.0,72,R2,0.0,0.0
learned,0,RELLIS-3D,0.0,00003_002109_07,0,0,0.0832705944776535,0.10222768783569336,0.0,72,R2,0.0,0.0
fixed,0,RELLIS-3D,0.0,00003_002109_07,0,0,0.0832705944776535,0.10222768783569336,0.0,72,R2,0.0,0.0
zero,0,RELLIS-3D,0.0,00003_000272_00,0,0,0.07918701320886612,0.10384277254343033,0.0,0,R2,0.0,0.0
learned,0,RELLIS-3D,0.0,00003_000272_00,0,0,0.07918701320886612,0.10384277254343033,0.0,0,R2,0.0,0.0
fixed,0,RELLIS-3D,0.0,00003_000272_00,0,0,0.07918701320886612,0.10384277254343033,0.0,0,R2,0.0,0.0
zero,0,RELLIS-3D,0.0,00003_000272_00,0,0,0.08172369748353958,0.1060795783996582,0.0,12,R2,0.0,0.0
learned,0,RELLIS-3D,0.0,00003_000272_00,0,0,0.08172369748353958,0.1060795783996582,0.0,12,R2,0.0,0.0
fixed,0,RELLIS-3D,0.0,00003_000272_00,0,0,0.08172369748353958,0.1060795783996582,0.0,12,R2,0.0,0.0
zero,0,RELLIS-3D,0.0,00003_000272_00,0,0,0.08305206894874573,0.1100260317325592,0.0,24,R2,0.0,0.0
learned,0,RELLIS-3D,0.0,00003_000272_00,0,0,0.08305206894874573,0.1100260317325592,0.0,24,R2,0.0,0.0
fixed,0,RELLIS-3D,0.0,00003_000272_00,0,0,0.08305206894874573,0.1100260317325592,0.0,24,R2,0.0,0.0
zero,0,RELLIS-3D,0.0,00003_000272_00,0,0,0.07883197069168091,0.11000238358974457,0.0,36,R2,0.0,0.0
learned,0,RELLIS-3D,0.0,00003_000272_00,0,0,0.07883197069168091,0.11000238358974457,0.0,36,R2,0.0,0.0
fixed,0,RELLIS-3D,0.0,00003_000272_00,0,0,0.07883197069168091,0.11000238358974457,0.0,36,R2,0.0,0.0
zero,0,RELLIS-3D,0.0,00003_000272_00,0,0,0.07372624427080154,0.10769294202327728,0.0,48,R2,0.0,0.0
learned,0,RELLIS-3D,0.0,00003_000272_00,0,0,0.07372624427080154,0.10769294202327728,0.0,48,R2,0.0,0.0
fixed,0,RELLIS-3D,0.0,00003_000272_00,0,0,0.07372624427080154,0.10769294202327728,0.0,48,R2,0.0,0.0
zero,0,RELLIS-3D,0.0,00003_000272_00,0,0,0.07443016767501831,0.11122998595237732,0.0,60,R2,0.0,0.0
learned,0,RELLIS-3D,0.0,00003_000272_00,0,0,0.07443016767501831,0.11122998595237732,0.0,60,R2,0.0,0.0
fixed,0,RELLIS-3D,0.0,00003_000272_00,0,0,0.07443016767501831,0.11122998595237732,0.0,60,R2,0.0,0.0
zero,0,RELLIS-3D,0.0,00003_000272_01,0,0,0.07918701320886612,0.10384277254343033,0.0,0,R2,0.0,0.0
learned,0,RELLIS-3D,0.0,00003_000272_01,0,0,0.07918701320886612,0.10384277254343033,0.0,0,R2,0.0,0.0
fixed,0,RELLIS-3D,0.0,00003_000272_01,0,0,0.07918701320886612,0.10384277254343033,0.0,0,R2,0.0,0.0
zero,0,RELLIS-3D,0.0,00003_000272_01,0,0,0.0825527161359787,0.10751519352197647,0.0,12,R2,0.0,0.0
learned,0,RELLIS-3D,0.0,00003_000272_01,0,0,0.0825527161359787,0.10751519352197647,0.0,12,R2,0.0,0.0
fixed,0,RELLIS-3D,0.0,00003_000272_01,0,0,0.0825527161359787,0.10751519352197647,0.0,12,R2,0.0,0.0
zero,0,RELLIS-3D,0.0,00003_000272_01,0,0,0.08305206894874573,0.1100260317325592,0.0,24,R2,0.0,0.0
learned,0,RELLIS-3D,0.0,00003_000272_01,0,0,0.08305206894874573,0.1100260317325592,0.0,24,R2,0.0,0.0
fixed,0,RELLIS-3D,0.0,00003_000272_01,0,0,0.08305206894874573,0.1100260317325592,0.0,24,R2,0.0,0.0
zero,0,RELLIS-3D,0.0,00003_000272_01,0,0,0.07883197069168091,0.11000238358974457,0.0,36,R2,0.0,0.0
learned,0,RELLIS-3D,0.0,00003_000272_01,0,0,0.07883197069168091,0.11000238358974457,0.0,36,R2,0.0,0.0
fixed,0,RELLIS-3D,0.0,00003_000272_01,0,0,0.07883197069168091,0.11000238358974457,0.0,36,R2,0.0,0.0
zero,0,RELLIS-3D,0.0,00003_000272_01,0,0,0.07372624427080154,0.10769294202327728,0.0,48,R2,0.0,0.0
learned,0,RELLIS-3D,0.0,00003_000272_01,0,0,0.07372624427080154,0.10769294202327728,0.0,48,R2,0.0,0.0
fixed,0,RELLIS-3D,0.0,00003_000272_01,0,0,0.07372624427080154,0.10769294202327728,0.0,48,R2,0.0,0.0
zero,0,RELLIS-3D,0.0,00003_000272_02,0,0,0.09972750395536423,0.12425419688224792,0.0,0,R2,0.0,0.0
learned,0,RELLIS-3D,0.0,00003_000272_02,0,0,0.09972750395536423,0.12425419688224792,0.0,0,R2,0.0,0.0
fixed,0,RELLIS-3D,0.0,00003_000272_02,0,0,0.09972750395536423,0.12425419688224792,0.0,0,R2,0.0,0.0
zero,0,RELLIS-3D,0.0,00003_000272_02,0,0,0.08045363426208496,0.10534358024597168,0.0,12,R2,0.0,0.0
learned,0,RELLIS-3D,0.0,00003_000272_02,0,0,0.08045363426208496,0.10534358024597168,0.0,12,R2,0.0,0.0
fixed,0,RELLIS-3D,0.0,00003_000272_02,0,0,0.08045363426208496,0.10534358024597168,0.0,12,R2,0.0,0.0
zero,0,RELLIS-3D,0.0,00003_000272_02,0,0,0.08473709225654602,0.11146979033946991,0.0,24,R2,0.0,0.0
learned,0,RELLIS-3D,0.0,00003_000272_02,0,0,0.08473709225654602,0.11146979033946991,0.0,24,R2,0.0,0.0
fixed,0,RELLIS-3D,0.0,00003_000272_02,0,0,0.08473709225654602,0.11146979033946991,0.0,24,R2,0.0,0.0
zero,0,RELLIS-3D,0.0,00003_000272_02,0,0,0.07872753590345383,0.10817334055900574,0.0,36,R2,0.0,0.0
learned,0,RELLIS-3D,0.0,00003_000272_02,0,0,0.07872753590345383,0.10817334055900574,0.0,36,R2,0.0,0.0
fixed,0,RELLIS-3D,0.0,00003_000272_02,0,0,0.07872753590345383,0.10817334055900574,0.0,36,R2,0.0,0.0
zero,0,RELLIS-3D,0.0,00003_000272_02,0,0,0.0748768225312233,0.10712013393640518,0.0,48,R2,0.0,0.0
learned,0,RELLIS-3D,0.0,00003_000272_02,0,0,0.0748768225312233,0.10712013393640518,0.0,48,R2,0.0,0.0
fixed,0,RELLIS-3D,0.0,00003_000272_02,0,0,0.0748768225312233,0.10712013393640518,0.0,48,R2,0.0,0.0
zero,0,RELLIS-3D,0.0,00003_000272_02,0,0,0.07398012280464172,0.11121455579996109,0.0,60,R2,0.0,0.0
learned,0,RELLIS-3D,0.0,00003_000272_02,0,0,0.07398012280464172,0.11121455579996109,0.0,60,R2,0.0,0.0
fixed,0,RELLIS-3D,0.0,00003_000272_02,0,0,0.07398012280464172,0.11121455579996109,0.0,60,R2,0.0,0.0
zero,0,RELLIS-3D,0.0,00003_000272_03,0,0,0.08455856144428253,0.1108558401465416,0.0,0,R2,0.0,0.0
learned,0,RELLIS-3D,0.0,00003_000272_03,0,0,0.08455856144428253,0.1108558401465416,0.0,0,R2,0.0,0.0
fixed,0,RELLIS-3D,0.0,00003_000272_03,0,0,0.08455856144428253,0.1108558401465416,0.0,0,R2,0.0,0.0
zero,0,RELLIS-3D,0.0,00003_000272_03,0,0,0.08352246880531311,0.10856852680444717,0.0,12,R2,0.0,0.0
learned,0,RELLIS-3D,0.0,00003_000272_03,0,0,0.08352246880531311,0.10856852680444717,0.0,12,R2,0.0,0.0
fixed,0,RELLIS-3D,0.0,00003_000272_03,0,0,0.08352246880531311,0.10856852680444717,0.0,12,R2,0.0,0.0
zero,0,RELLIS-3D,0.0,00003_000272_03,0,0,0.08131524920463562,0.1095188781619072,0.0,24,R2,0.0,0.0
learned,0,RELLIS-3D,0.0,00003_000272_03,0,0,0.08131524920463562,0.1095188781619072,0.0,24,R2,0.0,0.0
fixed,0,RELLIS-3D,0.0,00003_000272_03,0,0,0.08131524920463562,0.1095188781619072,0.0,24,R2,0.0,0.0
zero,0,RELLIS-3D,0.0,00003_000272_03,0,0,0.07688596844673157,0.10863751173019409,0.0,36,R2,0.0,0.0
learned,0,RELLIS-3D,0.0,00003_000272_03,0,0,0.07688596844673157,0.10863751173019409,0.0,36,R2,0.0,0.0
fixed,0,RELLIS-3D,0.0,00003_000272_03,0,0,0.07688596844673157,0.10863751173019409,0.0,36,R2,0.0,0.0
zero,0,RELLIS-3D,0.0,00003_000272_03,0,0,0.07263468950986862,0.10723480582237244,0.0,48,R2,0.0,0.0
learned,0,RELLIS-3D,0.0,00003_000272_03,0,0,0.07263468950986862,0.10723480582237244,0.0,48,R2,0.0,0.0
fixed,0,RELLIS-3D,0.0,00003_000272_03,0,0,0.07263468950986862,0.10723480582237244,0.0,48,R2,0.0,0.0
zero,0,RELLIS-3D,0.0,00003_000272_04,0,0,0.08621398359537125,0.10858499258756638,0.0,0,R3,0.0,0.0
learned,0,RELLIS-3D,0.0,00003_000272_04,0,0,0.08621398359537125,0.10858499258756638,0.0,0,R3,0.0,0.0
fixed,0,RELLIS-3D,0.0,00003_000272_04,0,0,0.08621398359537125,0.10858499258756638,0.0,0,R3,0.0,0.0
zero,0,RELLIS-3D,0.0,00003_000272_04,0,0,0.08824600279331207,0.11003848165273666,0.0,12,R3,0.0,0.0
learned,0,RELLIS-3D,0.0,00003_000272_04,0,0,0.08824600279331207,0.11003848165273666,0.0,12,R3,0.0,0.0
fixed,0,RELLIS-3D,0.0,00003_000272_04,0,0,0.08824600279331207,0.11003848165273666,0.0,12,R3,0.0,0.0
zero,0,RELLIS-3D,0.0,00003_000272_04,0,0,0.06002943962812424,0.08982150256633759,0.0,24,R3,0.0,0.0
learned,0,RELLIS-3D,0.0,00003_000272_04,0,0,0.06002943962812424,0.08982150256633759,0.0,24,R3,0.0,0.0
fixed,0,RELLIS-3D,0.0,00003_000272_04,0,0,0.06002943962812424,0.08982150256633759,0.0,24,R3,0.0,0.0
zero,0,RELLIS-3D,0.0,00003_000272_04,0,0,0.05218486860394478,0.08478701114654541,0.0,36,R3,0.0,0.0
learned,0,RELLIS-3D,0.0,00003_000272_04,0,0,0.05218486860394478,0.08478701114654541,0.0,36,R3,0.0,0.0
fixed,0,RELLIS-3D,0.0,00003_000272_04,0,0,0.05218486860394478,0.08478701114654541,0.0,36,R3,0.0,0.0
zero,0,RELLIS-3D,0.0,00003_000272_04,0,0,0.05217887461185455,0.0871717780828476,0.0,48,R3,0.0,0.0
learned,0,RELLIS-3D,0.0,00003_000272_04,0,0,0.05217887461185455,0.0871717780828476,0.0,48,R3,0.0,0.0
fixed,0,RELLIS-3D,0.0,00003_000272_04,0,0,0.05217887461185455,0.0871717780828476,0.0,48,R3,0.0,0.0
zero,0,RELLIS-3D,0.0,00003_000272_04,0,0,0.07393087446689606,0.11061398684978485,0.0,60,R3,0.0,0.0
learned,0,RELLIS-3D,0.0,00003_000272_04,0,0,0.07393087446689606,0.11061398684978485,0.0,60,R3,0.0,0.0
fixed,0,RELLIS-3D,0.0,00003_000272_04,0,0,0.07393087446689606,0.11061398684978485,0.0,60,R3,0.0,0.0
zero,0,RELLIS-3D,0.0,00003_000272_05,0,0,0.08595569431781769,0.1111467257142067,0.0,0,R2,0.0,0.0
learned,0,RELLIS-3D,0.0,00003_000272_05,0,0,0.08595569431781769,0.1111467257142067,0.0,0,R2,0.0,0.0
fixed,0,RELLIS-3D,0.0,00003_000272_05,0,0,0.08595569431781769,0.1111467257142067,0.0,0,R2,0.0,0.0
zero,0,RELLIS-3D,0.0,00003_000272_05,0,0,0.07877269387245178,0.1041942834854126,0.0,12,R2,0.0,0.0
learned,0,RELLIS-3D,0.0,00003_000272_05,0,0,0.07877269387245178,0.1041942834854126,0.0,12,R2,0.0,0.0
fixed,0,RELLIS-3D,0.0,00003_000272_05,0,0,0.07877269387245178,0.1041942834854126,0.0,12,R2,0.0,0.0
zero,0,RELLIS-3D,0.0,00003_000272_05,0,0,0.08473709225654602,0.11146979033946991,0.0,24,R2,0.0,0.0
learned,0,RELLIS-3D,0.0,00003_000272_05,0,0,0.08473709225654602,0.11146979033946991,0.0,24,R2,0.0,0.0
fixed,0,RELLIS-3D,0.0,00003_000272_05,0,0,0.08473709225654602,0.11146979033946991,0.0,24,R2,0.0,0.0
zero,0,RELLIS-3D,0.0,00003_000272_05,0,0,0.07872753590345383,0.10817334055900574,0.0,36,R2,0.0,0.0
learned,0,RELLIS-3D,0.0,00003_000272_05,0,0,0.07872753590345383,0.10817334055900574,0.0,36,R2,0.0,0.0
fixed,0,RELLIS-3D,0.0,00003_000272_05,0,0,0.07872753590345383,0.10817334055900574,0.0,36,R2,0.0,0.0
zero,0,RELLIS-3D,0.0,00003_000272_05,0,0,0.0748768225312233,0.10712013393640518,0.0,48,R2,0.0,0.0
learned,0,RELLIS-3D,0.0,00003_000272_05,0,0,0.0748768225312233,0.10712013393640518,0.0,48,R2,0.0,0.0
fixed,0,RELLIS-3D,0.0,00003_000272_05,0,0,0.0748768225312233,0.10712013393640518,0.0,48,R2,0.0,0.0
zero,0,RELLIS-3D,0.0,00003_000272_05,0,0,0.07398012280464172,0.11121455579996109,0.0,60,R2,0.0,0.0
learned,0,RELLIS-3D,0.0,00003_000272_05,0,0,0.07398012280464172,0.11121455579996109,0.0,60,R2,0.0,0.0
fixed,0,RELLIS-3D,0.0,00003_000272_05,0,0,0.07398012280464172,0.11121455579996109,0.0,60,R2,0.0,0.0
zero,0,RELLIS-3D,0.0,00003_000272_05,0,0,0.07419341802597046,0.11013054847717285,0.0,72,R2,0.0,0.0
learned,0,RELLIS-3D,0.0,00003_000272_05,0,0,0.07419341802597046,0.11013054847717285,0.0,72,R2,0.0,0.0
fixed,0,RELLIS-3D,0.0,00003_000272_05,0,0,0.07419341802597046,0.11013054847717285,0.0,72,R2,0.0,0.0
zero,0,RELLIS-3D,0.0,00003_000272_06,0,1,0.09810961037874222,0.12495401501655579,0.0,0,R2,0.0,0.0
learned,0,RELLIS-3D,0.014020072296261787,00003_000272_06,0,1,0.09810961037874222,0.12495401501655579,0.12495401501655579,0,R2,0.018364552408456802,0.016323814168572426
fixed,1,RELLIS-3D,0.1683027744293213,00003_000272_06,0,1,0.09810961037874222,0.12495401501655579,1.5,0,R2,0.22045573592185974,0.19595786929130554
zero,0,RELLIS-3D,0.0,00003_000272_06,0,0,0.09571627527475357,0.1227993592619896,0.0,12,R2,0.0,0.0
learned,0,RELLIS-3D,0.0,00003_000272_06,0,0,0.09571627527475357,0.1227993592619896,0.0,12,R2,0.0,0.0
fixed,0,RELLIS-3D,0.0,00003_000272_06,0,0,0.09571627527475357,0.1227993592619896,0.0,12,R2,0.0,0.0
zero,0,RELLIS-3D,0.0,00003_000272_06,0,0,0.087436243891716,0.1160951778292656,0.0,24,R2,0.0,0.0
learned,0,RELLIS-3D,0.0,00003_000272_06,0,0,0.087436243891716,0.1160951778292656,0.0,24,R2,0.0,0.0
fixed,0,RELLIS-3D,0.0,00003_000272_06,0,0,0.087436243891716,0.1160951778292656,0.0,24,R2,0.0,0.0
zero,0,RELLIS-3D,0.0,00003_000272_06,0,0,0.08071190863847733,0.11356174200773239,0.0,36,R2,0.0,0.0
learned,0,RELLIS-3D,0.0,00003_000272_06,0,0,0.08071190863847733,0.11356174200773239,0.0,36,R2,0.0,0.0
fixed,0,RELLIS-3D,0.0,00003_000272_06,0,0,0.08071190863847733,0.11356174200773239,0.0,36,R2,0.0,0.0
zero,0,RELLIS-3D,0.0,00003_000272_06,0,0,0.07693306356668472,0.10566171258687973,0.0,48,R2,0.0,0.0
learned,0,RELLIS-3D,0.0,00003_000272_06,0,0,0.07693306356668472,0.10566171258687973,0.0,48,R2,0.0,0.0
fixed,0,RELLIS-3D,0.0,00003_000272_06,0,0,0.07693306356668472,0.10566171258687973,0.0,48,R2,0.0,0.0
zero,0,RELLIS-3D,0.0,00003_000272_06,0,0,0.07396453619003296,0.10468730330467224,0.0,60,R2,0.0,0.0
learned,0,RELLIS-3D,0.0,00003_000272_06,0,0,0.07396453619003296,0.10468730330467224,0.0,60,R2,0.0,0.0
fixed,0,RELLIS-3D,0.0,00003_000272_06,0,0,0.07396453619003296,0.10468730330467224,0.0,60,R2,0.0,0.0
zero,0,RELLIS-3D,0.0,00003_000272_07,0,0,0.0902177095413208,0.11340760439634323,0.0,0,R2,0.0,0.0
learned,0,RELLIS-3D,0.0,00003_000272_07,0,0,0.0902177095413208,0.11340760439634323,0.0,0,R2,0.0,0.0
fixed,0,RELLIS-3D,0.0,00003_000272_07,0,0,0.0902177095413208,0.11340760439634323,0.0,0,R2,0.0,0.0
zero,0,RELLIS-3D,0.0,00003_000272_07,0,0,0.08149366080760956,0.10587967187166214,0.0,12,R2,0.0,0.0
learned,0,RELLIS-3D,0.0,00003_000272_07,0,0,0.08149366080760956,0.10587967187166214,0.0,12,R2,0.0,0.0
fixed,0,RELLIS-3D,0.0,00003_000272_07,0,0,0.08149366080760956,0.10587967187166214,0.0,12,R2,0.0,0.0
zero,0,RELLIS-3D,0.0,00003_000272_07,0,0,0.08342324197292328,0.11030036956071854,0.0,24,R2,0.0,0.0
learned,0,RELLIS-3D,0.0,00003_000272_07,0,0,0.08342324197292328,0.11030036956071854,0.0,24,R2,0.0,0.0
fixed,0,RELLIS-3D,0.0,00003_000272_07,0,0,0.08342324197292328,0.11030036956071854,0.0,24,R2,0.0,0.0
zero,0,RELLIS-3D,0.0,00003_000272_07,0,0,0.07508388161659241,0.10568945854902267,0.0,36,R2,0.0,0.0
learned,0,RELLIS-3D,0.0,00003_000272_07,0,0,0.07508388161659241,0.10568945854902267,0.0,36,R2,0.0,0.0
fixed,0,RELLIS-3D,0.0,00003_000272_07,0,0,0.07508388161659241,0.10568945854902267,0.0,36,R2,0.0,0.0
zero,0,RELLIS-3D,0.0,00003_000272_07,0,0,0.0712876170873642,0.10403789579868317,0.0,48,R2,0.0,0.0
learned,0,RELLIS-3D,0.0,00003_000272_07,0,0,0.0712876170873642,0.10403789579868317,0.0,48,R2,0.0,0.0
fixed,0,RELLIS-3D,0.0,00003_000272_07,0,0,0.0712876170873642,0.10403789579868317,0.0,48,R2,0.0,0.0
zero,0,RELLIS-3D,0.0,00003_000272_07,0,0,0.07271277904510498,0.11669247597455978,0.0,60,R2,0.0,0.0
learned,0,RELLIS-3D,0.0,00003_000272_07,0,0,0.07271277904510498,0.11669247597455978,0.0,60,R2,0.0,0.0
fixed,0,RELLIS-3D,0.0,00003_000272_07,0,0,0.07271277904510498,0.11669247597455978,0.0,60,R2,0.0,0.0
zero,0,RELLIS-3D,0.0,00003_000672_00,0,0,0.09403395652770996,0.1279817372560501,0.0,0,R3,0.0,0.0
learned,0,RELLIS-3D,0.0,00003_000672_00,0,0,0.09403395652770996,0.1279817372560501,0.0,0,R3,0.0,0.0
fixed,0,RELLIS-3D,0.0,00003_000672_00,0,0,0.09403395652770996,0.1279817372560501,0.0,0,R3,0.0,0.0
zero,0,RELLIS-3D,0.0,00003_000672_00,0,0,0.08693470060825348,0.1213388741016388,0.0,12,R3,0.0,0.0
learned,0,RELLIS-3D,0.0,00003_000672_00,0,0,0.08693470060825348,0.1213388741016388,0.0,12,R3,0.0,0.0
fixed,0,RELLIS-3D,0.0,00003_000672_00,0,0,0.08693470060825348,0.1213388741016388,0.0,12,R3,0.0,0.0
zero,0,RELLIS-3D,0.0,00003_000672_00,0,0,0.07952332496643066,0.11423937231302261,0.0,24,R3,0.0,0.0
learned,0,RELLIS-3D,0.0,00003_000672_00,0,0,0.07952332496643066,0.11423937231302261,0.0,24,R3,0.0,0.0
fixed,0,RELLIS-3D,0.0,00003_000672_00,0,0,0.07952332496643066,0.11423937231302261,0.0,24,R3,0.0,0.0
zero,0,RELLIS-3D,0.0,00003_000672_00,0,0,0.07499361038208008,0.10952480137348175,0.0,36,R3,0.0,0.0
learned,0,RELLIS-3D,0.0,00003_000672_00,0,0,0.07499361038208008,0.10952480137348175,0.0,36,R3,0.0,0.0
fixed,0,RELLIS-3D,0.0,00003_000672_00,0,0,0.07499361038208008,0.10952480137348175,0.0,36,R3,0.0,0.0
zero,0,RELLIS-3D,0.0,00003_000672_00,0,0,0.0763334408402443,0.10472318530082703,0.0,48,R3,0.0,0.0
learned,0,RELLIS-3D,0.0,00003_000672_00,0,0,0.0763334408402443,0.10472318530082703,0.0,48,R3,0.0,0.0
fixed,0,RELLIS-3D,0.0,00003_000672_00,0,0,0.0763334408402443,0.10472318530082703,0.0,48,R3,0.0,0.0
zero,0,RELLIS-3D,0.0,00003_000672_00,0,0,0.07597430795431137,0.10546307265758514,0.0,60,R3,0.0,0.0
learned,0,RELLIS-3D,0.0,00003_000672_00,0,0,0.07597430795431137,0.10546307265758514,0.0,60,R3,0.0,0.0
fixed,0,RELLIS-3D,0.0,00003_000672_00,0,0,0.07597430795431137,0.10546307265758514,0.0,60,R3,0.0,0.0
zero,0,RELLIS-3D,0.0,00003_000672_01,0,0,0.11558264493942261,0.137175053358078,0.0,0,R2,0.0,0.0
learned,0,RELLIS-3D,0.0,00003_000672_01,0,0,0.11558264493942261,0.137175053358078,0.0,0,R2,0.0,0.0
fixed,0,RELLIS-3D,0.0,00003_000672_01,0,0,0.11558264493942261,0.137175053358078,0.0,0,R2,0.0,0.0
zero,0,RELLIS-3D,0.0,00003_000672_01,0,0,0.10467945784330368,0.12984074652194977,0.0,12,R2,0.0,0.0
learned,0,RELLIS-3D,0.0,00003_000672_01,0,0,0.10467945784330368,0.12984074652194977,0.0,12,R2,0.0,0.0
fixed,0,RELLIS-3D,0.0,00003_000672_01,0,0,0.10467945784330368,0.12984074652194977,0.0,12,R2,0.0,0.0
zero,0,RELLIS-3D,0.0,00003_000672_01,0,0,0.09887726604938507,0.12542295455932617,0.0,24,R2,0.0,0.0
learned,0,RELLIS-3D,0.0,00003_000672_01,0,0,0.09887726604938507,0.12542295455932617,0.0,24,R2,0.0,0.0
fixed,0,RELLIS-3D,0.0,00003_000672_01,0,0,0.09887726604938507,0.12542295455932617,0.0,24,R2,0.0,0.0
zero,0,RELLIS-3D,0.0,00003_000672_01,0,0,0.08809930831193924,0.1159764900803566,0.0,36,R2,0.0,0.0
learned,0,RELLIS-3D,0.0,00003_000672_01,0,0,0.08809930831193924,0.1159764900803566,0.0,36,R2,0.0,0.0
fixed,0,RELLIS-3D,0.0,00003_000672_01,0,0,0.08809930831193924,0.1159764900803566,0.0,36,R2,0.0,0.0
zero,0,RELLIS-3D,0.0,00003_000672_01,0,0,0.07944564521312714,0.10889783501625061,0.0,48,R2,0.0,0.0
learned,0,RELLIS-3D,0.0,00003_000672_01,0,0,0.07944564521312714,0.10889783501625061,0.0,48,R2,0.0,0.0
fixed,0,RELLIS-3D,0.0,00003_000672_01,0,0,0.07944564521312714,0.10889783501625061,0.0,48,R2,0.0,0.0
zero,0,RELLIS-3D,0.0,00003_000672_01,0,0,0.0776909589767456,0.10677874833345413,0.0,60,R2,0.0,0.0
learned,0,RELLIS-3D,0.0,00003_000672_01,0,0,0.0776909589767456,0.10677874833345413,0.0,60,R2,0.0,0.0
fixed,0,RELLIS-3D,0.0,00003_000672_01,0,0,0.0776909589767456,0.10677874833345413,0.0,60,R2,0.0,0.0
zero,0,RELLIS-3D,0.0,00003_000672_02,0,1,0.10349727421998978,0.12787285447120667,0.0,0,R3,0.0,0.0
learned,1,RELLIS-3D,0.021850699558854103,00003_000672_02,0,1,0.10349727421998978,0.12787285447120667,0.12787285447120667,0,R3,0.023861823603510857,0.01722024194896221
fixed,1,RELLIS-3D,0.25631746649742126,00003_000672_02,0,1,0.10349727421998978,0.12787285447120667,1.5,0,R3,0.27990877628326416,0.20200033485889435
zero,0,RELLIS-3D,0.0,00003_000672_02,0,0,0.10203611105680466,0.1267424076795578,0.0,12,R3,0.0,0.0
learned,0,RELLIS-3D,0.0,00003_000672_02,0,0,0.10203611105680466,0.1267424076795578,0.0,12,R3,0.0,0.0
fixed,0,RELLIS-3D,0.0,00003_000672_02,0,0,0.10203611105680466,0.1267424076795578,0.0,12,R3,0.0,0.0
zero,0,RELLIS-3D,0.0,00003_000672_02,0,0,0.09145713597536087,0.1184372678399086,0.0,24,R3,0.0,0.0
learned,0,RELLIS-3D,0.0,00003_000672_02,0,0,0.09145713597536087,0.1184372678399086,0.0,24,R3,0.0,0.0
fixed,0,RELLIS-3D,0.0,00003_000672_02,0,0,0.09145713597536087,0.1184372678399086,0.0,24,R3,0.0,0.0
zero,0,RELLIS-3D,0.0,00003_000672_02,0,0,0.08304308354854584,0.11214342713356018,0.0,36,R3,0.0,0.0
learned,0,RELLIS-3D,0.0,00003_000672_02,0,0,0.08304308354854584,0.11214342713356018,0.0,36,R3,0.0,0.0
fixed,0,RELLIS-3D,0.0,00003_000672_02,0,0,0.08304308354854584,0.11214342713356018,0.0,36,R3,0.0,0.0
zero,0,RELLIS-3D,0.0,00003_000672_02,0,0,0.0784822553396225,0.10663271695375443,0.0,48,R3,0.0,0.0
learned,0,RELLIS-3D,0.0,00003_000672_02,0,0,0.0784822553396225,0.10663271695375443,0.0,48,R3,0.0,0.0
fixed,0,RELLIS-3D,0.0,00003_000672_02,0,0,0.0784822553396225,0.10663271695375443,0.0,48,R3,0.0,0.0
zero,0,RELLIS-3D,0.0,00003_000672_03,0,0,0.12047052383422852,0.14122647047042847,0.0,0,R2,0.0,0.0
learned,0,RELLIS-3D,0.0,00003_000672_03,0,0,0.12047052383422852,0.14122647047042847,0.0,0,R2,0.0,0.0
fixed,0,RELLIS-3D,0.0,00003_000672_03,0,0,0.12047052383422852,0.14122647047042847,0.0,0,R2,0.0,0.0
zero,0,RELLIS-3D,0.0,00003_000672_03,0,0,0.103928342461586,0.13002735376358032,0.0,12,R2,0.0,0.0
learned,0,RELLIS-3D,0.0,00003_000672_03,0,0,0.103928342461586,0.13002735376358032,0.0,12,R2,0.0,0.0
fixed,0,RELLIS-3D,0.0,00003_000672_03,0,0,0.103928342461586,0.13002735376358032,0.0,12,R2,0.0,0.0
zero,0,RELLIS-3D,0.0,00003_000672_03,0,0,0.09838756918907166,0.12520764768123627,0.0,24,R2,0.0,0.0
learned,0,RELLIS-3D,0.0,00003_000672_03,0,0,0.09838756918907166,0.12520764768123627,0.0,24,R2,0.0,0.0
fixed,0,RELLIS-3D,0.0,00003_000672_03,0,0,0.09838756918907166,0.12520764768123627,0.0,24,R2,0.0,0.0
zero,0,RELLIS-3D,0.0,00003_000672_03,0,0,0.08731964230537415,0.11576519161462784,0.0,36,R2,0.0,0.0
learned,0,RELLIS-3D,0.0,00003_000672_03,0,0,0.08731964230537415,0.11576519161462784,0.0,36,R2,0.0,0.0
fixed,0,RELLIS-3D,0.0,00003_000672_03,0,0,0.08731964230537415,0.11576519161462784,0.0,36,R2,0.0,0.0
zero,0,RELLIS-3D,0.0,00003_000672_03,0,0,0.07852890342473984,0.10841341316699982,0.0,48,R2,0.0,0.0
learned,0,RELLIS-3D,0.0,00003_000672_03,0,0,0.07852890342473984,0.10841341316699982,0.0,48,R2,0.0,0.0
fixed,0,RELLIS-3D,0.0,00003_000672_03,0,0,0.07852890342473984,0.10841341316699982,0.0,48,R2,0.0,0.0
zero,0,RELLIS-3D,0.0,00003_000672_03,0,0,0.07736541330814362,0.10563620924949646,0.0,60,R2,0.0,0.0
learned,0,RELLIS-3D,0.0,00003_000672_03,0,0,0.07736541330814362,0.10563620924949646,0.0,60,R2,0.0,0.0
fixed,0,RELLIS-3D,0.0,00003_000672_03,0,0,0.07736541330814362,0.10563620924949646,0.0,60,R2,0.0,0.0
zero,0,RELLIS-3D,0.0,00003_000672_03,0,0,0.07596714794635773,0.10439375042915344,0.0,72,R2,0.0,0.0
learned,0,RELLIS-3D,0.0,00003_000672_03,0,0,0.07596714794635773,0.10439375042915344,0.0,72,R2,0.0,0.0
fixed,0,RELLIS-3D,0.0,00003_000672_03,0,0,0.07596714794635773,0.10439375042915344,0.0,72,R2,0.0,0.0
zero,0,RELLIS-3D,0.0,00003_000672_04,0,0,0.08711463212966919,0.12402311712503433,0.0,0,R3,0.0,0.0
learned,0,RELLIS-3D,0.0,00003_000672_04,0,0,0.08711463212966919,0.12402311712503433,0.0,0,R3,0.0,0.0
fixed,0,RELLIS-3D,0.0,00003_000672_04,0,0,0.08711463212966919,0.12402311712503433,0.0,0,R3,0.0,0.0
zero,0,RELLIS-3D,0.0,00003_000672_04,0,0,0.08424661308526993,0.11792820692062378,0.0,12,R3,0.0,0.0
learned,0,RELLIS-3D,0.0,00003_000672_04,0,0,0.08424661308526993,0.11792820692062378,0.0,12,R3,0.0,0.0
fixed,0,RELLIS-3D,0.0,00003_000672_04,0,0,0.08424661308526993,0.11792820692062378,0.0,12,R3,0.0,0.0
zero,0,RELLIS-3D,0.0,00003_000672_04,0,0,0.07952332496643066,0.11423937231302261,0.0,24,R3,0.0,0.0
learned,0,RELLIS-3D,0.0,00003_000672_04,0,0,0.07952332496643066,0.11423937231302261,0.0,24,R3,0.0,0.0
fixed,0,RELLIS-3D,0.0,00003_000672_04,0,0,0.07952332496643066,0.11423937231302261,0.0,24,R3,0.0,0.0
zero,0,RELLIS-3D,0.0,00003_000672_04,0,0,0.07510574162006378,0.10944817960262299,0.0,36,R3,0.0,0.0
learned,0,RELLIS-3D,0.0,00003_000672_04,0,0,0.07510574162006378,0.10944817960262299,0.0,36,R3,0.0,0.0
fixed,0,RELLIS-3D,0.0,00003_000672_04,0,0,0.07510574162006378,0.10944817960262299,0.0,36,R3,0.0,0.0
zero,0,RELLIS-3D,0.0,00003_000672_04,0,0,0.07634478807449341,0.10473377257585526,0.0,48,R3,0.0,0.0
learned,0,RELLIS-3D,0.0,00003_000672_04,0,0,0.07634478807449341,0.10473377257585526,0.0,48,R3,0.0,0.0
fixed,0,RELLIS-3D,0.0,00003_000672_04,0,0,0.07634478807449341,0.10473377257585526,0.0,48,R3,0.0,0.0
zero,0,RELLIS-3D,0.0,00003_000672_04,0,0,0.0771155059337616,0.10229438543319702,0.0,60,R3,0.0,0.0
learned,0,RELLIS-3D,0.0,00003_000672_04,0,0,0.0771155059337616,0.10229438543319702,0.0,60,R3,0.0,0.0
fixed,0,RELLIS-3D,0.0,00003_000672_04,0,0,0.0771155059337616,0.10229438543319702,0.0,60,R3,0.0,0.0
zero,0,RELLIS-3D,0.0,00003_000672_05,0,0,0.10777992010116577,0.1303386241197586,0.0,0,R3,0.0,0.0
learned,0,RELLIS-3D,0.0,00003_000672_05,0,0,0.10777992010116577,0.1303386241197586,0.0,0,R3,0.0,0.0
fixed,0,RELLIS-3D,0.0,00003_000672_05,0,0,0.10777992010116577,0.1303386241197586,0.0,0,R3,0.0,0.0
zero,0,RELLIS-3D,0.0,00003_000672_05,0,0,0.0995246022939682,0.12345308065414429,0.0,12,R3,0.0,0.0
learned,0,RELLIS-3D,0.0,00003_000672_05,0,0,0.0995246022939682,0.12345308065414429,0.0,12,R3,0.0,0.0
fixed,0,RELLIS-3D,0.0,00003_000672_05,0,0,0.0995246022939682,0.12345308065414429,0.0,12,R3,0.0,0.0
zero,0,RELLIS-3D,0.0,00003_000672_05,0,0,0.09234608709812164,0.11842210590839386,0.0,24,R3,0.0,0.0
learned,0,RELLIS-3D,0.0,00003_000672_05,0,0,0.09234608709812164,0.11842210590839386,0.0,24,R3,0.0,0.0
fixed,0,RELLIS-3D,0.0,00003_000672_05,0,0,0.09234608709812164,0.11842210590839386,0.0,24,R3,0.0,0.0
zero,0,RELLIS-3D,0.0,00003_000672_05,0,0,0.08391091227531433,0.11236589401960373,0.0,36,R3,0.0,0.0
learned,0,RELLIS-3D,0.0,00003_000672_05,0,0,0.08391091227531433,0.11236589401960373,0.0,36,R3,0.0,0.0
fixed,0,RELLIS-3D,0.0,00003_000672_05,0,0,0.08391091227531433,0.11236589401960373,0.0,36,R3,0.0,0.0
zero,0,RELLIS-3D,0.0,00003_000672_05,0,0,0.07926684617996216,0.10725446790456772,0.0,48,R3,0.0,0.0
learned,0,RELLIS-3D,0.0,00003_000672_05,0,0,0.07926684617996216,0.10725446790456772,0.0,48,R3,0.0,0.0
fixed,0,RELLIS-3D,0.0,00003_000672_05,0,0,0.07926684617996216,0.10725446790456772,0.0,48,R3,0.0,0.0
zero,0,RELLIS-3D,0.0,00003_000672_05,0,0,0.07696408033370972,0.10523876547813416,0.0,60,R3,0.0,0.0
learned,0,RELLIS-3D,0.0,00003_000672_05,0,0,0.07696408033370972,0.10523876547813416,0.0,60,R3,0.0,0.0
fixed,0,RELLIS-3D,0.0,00003_000672_05,0,0,0.07696408033370972,0.10523876547813416,0.0,60,R3,0.0,0.0
zero,0,RELLIS-3D,0.0,00003_000672_05,0,0,0.07844862341880798,0.10677515715360641,0.0,72,R3,0.0,0.0
learned,0,RELLIS-3D,0.0,00003_000672_05,0,0,0.07844862341880798,0.10677515715360641,0.0,72,R3,0.0,0.0
fixed,0,RELLIS-3D,0.0,00003_000672_05,0,0,0.07844862341880798,0.10677515715360641,0.0,72,R3,0.0,0.0
zero,0,RELLIS-3D,0.0,00003_000672_06,0,0,0.11164094507694244,0.13405027985572815,0.0,0,R2,0.0,0.0
learned,0,RELLIS-3D,0.0,00003_000672_06,0,0,0.11164094507694244,0.13405027985572815,0.0,0,R2,0.0,0.0
fixed,0,RELLIS-3D,0.0,00003_000672_06,0,0,0.11164094507694244,0.13405027985572815,0.0,0,R2,0.0,0.0
zero,0,RELLIS-3D,0.0,00003_000672_06,0,0,0.1032811775803566,0.1299271285533905,0.0,12,R2,0.0,0.0
learned,0,RELLIS-3D,0.0,00003_000672_06,0,0,0.1032811775803566,0.1299271285533905,0.0,12,R2,0.0,0.0
fixed,0,RELLIS-3D,0.0,00003_000672_06,0,0,0.1032811775803566,0.1299271285533905,0.0,12,R2,0.0,0.0
zero,0,RELLIS-3D,0.0,00003_000672_06,0,0,0.09375754743814468,0.12098847329616547,0.0,24,R2,0.0,0.0
learned,0,RELLIS-3D,0.0,00003_000672_06,0,0,0.09375754743814468,0.12098847329616547,0.0,24,R2,0.0,0.0
fixed,0,RELLIS-3D,0.0,00003_000672_06,0,0,0.09375754743814468,0.12098847329616547,0.0,24,R2,0.0,0.0
zero,0,RELLIS-3D,0.0,00003_000672_06,0,0,0.0846315547823906,0.11460074037313461,0.0,36,R2,0.0,0.0
learned,0,RELLIS-3D,0.0,00003_000672_06,0,0,0.0846315547823906,0.11460074037313461,0.0,36,R2,0.0,0.0
fixed,0,RELLIS-3D,0.0,00003_000672_06,0,0,0.0846315547823906,0.11460074037313461,0.0,36,R2,0.0,0.0
zero,0,RELLIS-3D,0.0,00003_000672_06,0,0,0.07731535285711288,0.1064227968454361,0.0,48,R2,0.0,0.0
learned,0,RELLIS-3D,0.0,00003_000672_06,0,0,0.07731535285711288,0.1064227968454361,0.0,48,R2,0.0,0.0
fixed,0,RELLIS-3D,0.0,00003_000672_06,0,0,0.07731535285711288,0.1064227968454361,0.0,48,R2,0.0,0.0
zero,0,RELLIS-3D,0.0,00003_000672_07,0,0,0.10752083361148834,0.13689632713794708,0.0,0,R3,0.0,0.0
learned,0,RELLIS-3D,0.0,00003_000672_07,0,0,0.10752083361148834,0.13689632713794708,0.0,0,R3,0.0,0.0
fixed,0,RELLIS-3D,0.0,00003_000672_07,0,0,0.10752083361148834,0.13689632713794708,0.0,0,R3,0.0,0.0
zero,0,RELLIS-3D,0.0,00003_000672_07,0,0,0.09219848364591599,0.1266610324382782,0.0,12,R3,0.0,0.0
learned,0,RELLIS-3D,0.0,00003_000672_07,0,0,0.09219848364591599,0.1266610324382782,0.0,12,R3,0.0,0.0
fixed,0,RELLIS-3D,0.0,00003_000672_07,0,0,0.09219848364591599,0.1266610324382782,0.0,12,R3,0.0,0.0
zero,0,RELLIS-3D,0.0,00003_000672_07,0,0,0.08433400839567184,0.11883844435214996,0.0,24,R3,0.0,0.0
learned,0,RELLIS-3D,0.0,00003_000672_07,0,0,0.08433400839567184,0.11883844435214996,0.0,24,R3,0.0,0.0
fixed,0,RELLIS-3D,0.0,00003_000672_07,0,0,0.08433400839567184,0.11883844435214996,0.0,24,R3,0.0,0.0
zero,0,RELLIS-3D,0.0,00003_000672_07,0,0,0.07802319526672363,0.11222425103187561,0.0,36,R3,0.0,0.0
learned,0,RELLIS-3D,0.0,00003_000672_07,0,0,0.07802319526672363,0.11222425103187561,0.0,36,R3,0.0,0.0
fixed,0,RELLIS-3D,0.0,00003_000672_07,0,0,0.07802319526672363,0.11222425103187561,0.0,36,R3,0.0,0.0
zero,0,RELLIS-3D,0.0,00003_000672_07,0,0,0.0737382099032402,0.1075429916381836,0.0,48,R3,0.0,0.0
learned,0,RELLIS-3D,0.0,00003_000672_07,0,0,0.0737382099032402,0.1075429916381836,0.0,48,R3,0.0,0.0
fixed,0,RELLIS-3D,0.0,00003_000672_07,0,0,0.0737382099032402,0.1075429916381836,0.0,48,R3,0.0,0.0
zero,0,RELLIS-3D,0.0,00003_000672_07,0,0,0.0761687308549881,0.10456892848014832,0.0,60,R3,0.0,0.0
learned,0,RELLIS-3D,0.0,00003_000672_07,0,0,0.0761687308549881,0.10456892848014832,0.0,60,R3,0.0,0.0
fixed,0,RELLIS-3D,0.0,00003_000672_07,0,0,0.0761687308549881,0.10456892848014832,0.0,60,R3,0.0,0.0
zero,0,RELLIS-3D,0.0,00003_000672_07,0,0,0.07584649324417114,0.10428517311811447,0.0,72,R3,0.0,0.0
learned,0,RELLIS-3D,0.0,00003_000672_07,0,0,0.07584649324417114,0.10428517311811447,0.0,72,R3,0.0,0.0
fixed,0,RELLIS-3D,0.0,00003_000672_07,0,0,0.07584649324417114,0.10428517311811447,0.0,72,R3,0.0,0.0
zero,0,RELLIS-3D,0.0,00003_000642_00,0,0,0.09223944693803787,0.12662170827388763,0.0,0,R3,0.0,0.0
learned,0,RELLIS-3D,0.0,00003_000642_00,0,0,0.09223944693803787,0.12662170827388763,0.0,0,R3,0.0,0.0
fixed,0,RELLIS-3D,0.0,00003_000642_00,0,0,0.09223944693803787,0.12662170827388763,0.0,0,R3,0.0,0.0
zero,0,RELLIS-3D,0.0,00003_000642_00,0,0,0.08524805307388306,0.11906026303768158,0.0,12,R3,0.0,0.0
learned,0,RELLIS-3D,0.0,00003_000642_00,0,0,0.08524805307388306,0.11906026303768158,0.0,12,R3,0.0,0.0
fixed,0,RELLIS-3D,0.0,00003_000642_00,0,0,0.08524805307388306,0.11906026303768158,0.0,12,R3,0.0,0.0
zero,0,RELLIS-3D,0.0,00003_000642_00,0,0,0.07905648648738861,0.11252035200595856,0.0,24,R3,0.0,0.0
learned,0,RELLIS-3D,0.0,00003_000642_00,0,0,0.07905648648738861,0.11252035200595856,0.0,24,R3,0.0,0.0
fixed,0,RELLIS-3D,0.0,00003_000642_00,0,0,0.07905648648738861,0.11252035200595856,0.0,24,R3,0.0,0.0
zero,0,RELLIS-3D,0.0,00003_000642_00,0,0,0.0755344033241272,0.10883598774671555,0.0,36,R3,0.0,0.0
learned,0,RELLIS-3D,0.0,00003_000642_00,0,0,0.0755344033241272,0.10883598774671555,0.0,36,R3,0.0,0.0
fixed,0,RELLIS-3D,0.0,00003_000642_00,0,0,0.0755344033241272,0.10883598774671555,0.0,36,R3,0.0,0.0
zero,0,RELLIS-3D,0.0,00003_000642_00,0,0,0.07732610404491425,0.10559354722499847,0.0,48,R3,0.0,0.0
learned,0,RELLIS-3D,0.0,00003_000642_00,0,0,0.07732610404491425,0.10559354722499847,0.0,48,R3,0.0,0.0
fixed,0,RELLIS-3D,0.0,00003_000642_00,0,0,0.07732610404491425,0.10559354722499847,0.0,48,R3,0.0,0.0
zero,0,RELLIS-3D,0.0,00003_000642_00,0,0,0.07610560953617096,0.1045176312327385,0.0,60,R3,0.0,0.0
learned,0,RELLIS-3D,0.0,00003_000642_00,0,0,0.07610560953617096,0.1045176312327385,0.0,60,R3,0.0,0.0
fixed,0,RELLIS-3D,0.0,00003_000642_00,0,0,0.07610560953617096,0.1045176312327385,0.0,60,R3,0.0,0.0
zero,0,RELLIS-3D,0.0,00003_000642_01,0,1,0.09867259114980698,0.12564978003501892,0.0,0,R3,0.0,0.0
learned,1,RELLIS-3D,0.020026173442602158,00003_000642_01,0,1,0.09867259114980698,0.12564978003501892,0.12564978003501892,0,R3,0.022370848804712296,0.01687505841255188
fixed,1,RELLIS-3D,0.2390713095664978,00003_000642_01,0,1,0.09867259114980698,0.12564978003501892,1.5,0,R3,0.26706191897392273,0.20145347714424133
zero,0,RELLIS-3D,0.0,00003_000642_01,0,0,0.08602016419172287,0.11651653051376343,0.0,12,R3,0.0,0.0
learned,0,RELLIS-3D,0.0,00003_000642_01,0,0,0.08602016419172287,0.11651653051376343,0.0,12,R3,0.0,0.0
fixed,0,RELLIS-3D,0.0,00003_000642_01,0,0,0.08602016419172287,0.11651653051376343,0.0,12,R3,0.0,0.0
zero,0,RELLIS-3D,0.0,00003_000642_01,0,0,0.0789552852511406,0.10910071432590485,0.0,24,R3,0.0,0.0
learned,0,RELLIS-3D,0.0,00003_000642_01,0,0,0.0789552852511406,0.10910071432590485,0.0,24,R3,0.0,0.0
fixed,0,RELLIS-3D,0.0,00003_000642_01,0,0,0.0789552852511406,0.10910071432590485,0.0,24,R3,0.0,0.0
zero,0,RELLIS-3D,0.0,00003_000642_01,0,0,0.07862406969070435,0.10852368175983429,0.0,36,R3,0.0,0.0
learned,0,RELLIS-3D,0.0,00003_000642_01,0,0,0.07862406969070435,0.10852368175983429,0.0,36,R3,0.0,0.0
fixed,0,RELLIS-3D,0.0,00003_000642_01,0,0,0.07862406969070435,0.10852368175983429,0.0,36,R3,0.0,0.0
zero,0,RELLIS-3D,0.0,00003_000642_01,0,0,0.0757378488779068,0.106369249522686,0.0,48,R3,0.0,0.0
learned,0,RELLIS-3D,0.0,00003_000642_01,0,0,0.0757378488779068,0.106369249522686,0.0,48,R3,0.0,0.0
fixed,0,RELLIS-3D,0.0,00003_000642_01,0,0,0.0757378488779068,0.106369249522686,0.0,48,R3,0.0,0.0
zero,0,RELLIS-3D,0.0,00003_000642_02,0,0,0.11712224036455154,0.13539792597293854,0.0,0,R3,0.0,0.0
learned,0,RELLIS-3D,0.0,00003_000642_02,0,0,0.11712224036455154,0.13539792597293854,0.0,0,R3,0.0,0.0
fixed,0,RELLIS-3D,0.0,00003_000642_02,0,0,0.11712224036455154,0.13539792597293854,0.0,0,R3,0.0,0.0
zero,0,RELLIS-3D,0.0,00003_000642_02,0,0,0.09848461300134659,0.12368173152208328,0.0,12,R3,0.0,0.0
learned,0,RELLIS-3D,0.0,00003_000642_02,0,0,0.09848461300134659,0.12368173152208328,0.0,12,R3,0.0,0.0
fixed,0,RELLIS-3D,0.0,00003_000642_02,0,0,0.09848461300134659,0.12368173152208328,0.0,12,R3,0.0,0.0
zero,0,RELLIS-3D,0.0,00003_000642_02,0,0,0.09180550277233124,0.11834758520126343,0.0,24,R3,0.0,0.0
learned,0,RELLIS-3D,0.0,00003_000642_02,0,0,0.09180550277233124,0.11834758520126343,0.0,24,R3,0.0,0.0
fixed,0,RELLIS-3D,0.0,00003_000642_02,0,0,0.09180550277233124,0.11834758520126343,0.0,24,R3,0.0,0.0
zero,0,RELLIS-3D,0.0,00003_000642_02,0,0,0.08323407173156738,0.11143796890974045,0.0,36,R3,0.0,0.0
learned,0,RELLIS-3D,0.0,00003_000642_02,0,0,0.08323407173156738,0.11143796890974045,0.0,36,R3,0.0,0.0
fixed,0,RELLIS-3D,0.0,00003_000642_02,0,0,0.08323407173156738,0.11143796890974045,0.0,36,R3,0.0,0.0
zero,0,RELLIS-3D,0.0,00003_000642_02,0,0,0.07742048799991608,0.10686997324228287,0.0,48,R3,0.0,0.0
learned,0,RELLIS-3D,0.0,00003_000642_02,0,0,0.07742048799991608,0.10686997324228287,0.0,48,R3,0.0,0.0
fixed,0,RELLIS-3D,0.0,00003_000642_02,0,0,0.07742048799991608,0.10686997324228287,0.0,48,R3,0.0,0.0
zero,0,RELLIS-3D,0.0,00003_000642_02,0,0,0.07691894471645355,0.10523085296154022,0.0,60,R3,0.0,0.0
learned,0,RELLIS-3D,0.0,00003_000642_02,0,0,0.07691894471645355,0.10523085296154022,0.0,60,R3,0.0,0.0
fixed,0,RELLIS-3D,0.0,00003_000642_02,0,0,0.07691894471645355,0.10523085296154022,0.0,60,R3,0.0,0.0
zero,0,RELLIS-3D,0.0,00003_000642_03,0,0,0.11396855860948563,0.13481080532073975,0.0,0,R3,0.0,0.0
learned,0,RELLIS-3D,0.0,00003_000642_03,0,0,0.11396855860948563,0.13481080532073975,0.0,0,R3,0.0,0.0
fixed,0,RELLIS-3D,0.0,00003_000642_03,0,0,0.11396855860948563,0.13481080532073975,0.0,0,R3,0.0,0.0
zero,0,RELLIS-3D,0.0,00003_000642_03,0,0,0.10683870315551758,0.1265687644481659,0.0,12,R3,0.0,0.0
learned,0,RELLIS-3D,0.0,00003_000642_03,0,0,0.10683870315551758,0.1265687644481659,0.0,12,R3,0.0,0.0
fixed,0,RELLIS-3D,0.0,00003_000642_03,0,0,0.10683870315551758,0.1265687644481659,0.0,12,R3,0.0,0.0
zero,0,RELLIS-3D,0.0,00003_000642_03,0,0,0.09451880306005478,0.1177467405796051,0.0,24,R3,0.0,0.0
learned,0,RELLIS-3D,0.0,00003_000642_03,0,0,0.09451880306005478,0.1177467405796051,0.0,24,R3,0.0,0.0
fixed,0,RELLIS-3D,0.0,00003_000642_03,0,0,0.09451880306005478,0.1177467405796051,0.0,24,R3,0.0,0.0
zero,0,RELLIS-3D,0.0,00003_000642_03,0,0,0.08352456986904144,0.11007093638181686,0.0,36,R3,0.0,0.0
learned,0,RELLIS-3D,0.0,00003_000642_03,0,0,0.08352456986904144,0.11007093638181686,0.0,36,R3,0.0,0.0
fixed,0,RELLIS-3D,0.0,00003_000642_03,0,0,0.08352456986904144,0.11007093638181686,0.0,36,R3,0.0,0.0
zero,0,RELLIS-3D,0.0,00003_000642_03,0,0,0.07850445806980133,0.10658503323793411,0.0,48,R3,0.0,0.0
learned,0,RELLIS-3D,0.0,00003_000642_03,0,0,0.07850445806980133,0.10658503323793411,0.0,48,R3,0.0,0.0
fixed,0,RELLIS-3D,0.0,00003_000642_03,0,0,0.07850445806980133,0.10658503323793411,0.0,48,R3,0.0,0.0
zero,0,RELLIS-3D,0.0,00003_000642_04,0,0,0.10745209455490112,0.13179294764995575,0.0,0,R3,0.0,0.0
learned,0,RELLIS-3D,0.0,00003_000642_04,0,0,0.10745209455490112,0.13179294764995575,0.0,0,R3,0.0,0.0
fixed,0,RELLIS-3D,0.0,00003_000642_04,0,0,0.10745209455490112,0.13179294764995575,0.0,0,R3,0.0,0.0
zero,0,RELLIS-3D,0.0,00003_000642_04,0,0,0.08602016419172287,0.11651653051376343,0.0,12,R3,0.0,0.0
learned,0,RELLIS-3D,0.0,00003_000642_04,0,0,0.08602016419172287,0.11651653051376343,0.0,12,R3,0.0,0.0
fixed,0,RELLIS-3D,0.0,00003_000642_04,0,0,0.08602016419172287,0.11651653051376343,0.0,12,R3,0.0,0.0
zero,0,RELLIS-3D,0.0,00003_000642_04,0,0,0.07913170754909515,0.11042630672454834,0.0,24,R3,0.0,0.0
learned,0,RELLIS-3D,0.0,00003_000642_04,0,0,0.07913170754909515,0.11042630672454834,0.0,24,R3,0.0,0.0
fixed,0,RELLIS-3D,0.0,00003_000642_04,0,0,0.07913170754909515,0.11042630672454834,0.0,24,R3,0.0,0.0
zero,0,RELLIS-3D,0.0,00003_000642_04,0,0,0.07851805537939072,0.1088038980960846,0.0,36,R3,0.0,0.0
learned,0,RELLIS-3D,0.0,00003_000642_04,0,0,0.07851805537939072,0.1088038980960846,0.0,36,R3,0.0,0.0
fixed,0,RELLIS-3D,0.0,00003_000642_04,0,0,0.07851805537939072,0.1088038980960846,0.0,36,R3,0.0,0.0
zero,0,RELLIS-3D,0.0,00003_000642_04,0,0,0.07576395571231842,0.10671381652355194,0.0,48,R3,0.0,0.0
learned,0,RELLIS-3D,0.0,00003_000642_04,0,0,0.07576395571231842,0.10671381652355194,0.0,48,R3,0.0,0.0
fixed,0,RELLIS-3D,0.0,00003_000642_04,0,0,0.07576395571231842,0.10671381652355194,0.0,48,R3,0.0,0.0
zero,0,RELLIS-3D,0.0,00003_000642_05,0,1,0.09373203665018082,0.12143395096063614,0.0,0,R3,0.0,0.0
learned,1,RELLIS-3D,0.0221821628510952,00003_000642_05,0,1,0.09373203665018082,0.12143395096063614,0.12143395096063614,0,R3,0.03139922022819519,0.029020138084888458
fixed,1,RELLIS-3D,0.2740028202533722,00003_000642_05,0,1,0.09373203665018082,0.12143395096063614,1.5,0,R3,0.38785552978515625,0.3584681749343872
zero,0,RELLIS-3D,0.0,00003_000642_05,0,0,0.08459926396608353,0.11507899314165115,0.0,12,R3,0.0,0.0
learned,0,RELLIS-3D,0.0,00003_000642_05,0,0,0.08459926396608353,0.11507899314165115,0.0,12,R3,0.0,0.0
fixed,0,RELLIS-3D,0.0,00003_000642_05,0,0,0.08459926396608353,0.11507899314165115,0.0,12,R3,0.0,0.0
zero,0,RELLIS-3D,0.0,00003_000642_05,0,0,0.0788605809211731,0.10887179523706436,0.0,24,R3,0.0,0.0
learned,0,RELLIS-3D,0.0,00003_000642_05,0,0,0.0788605809211731,0.10887179523706436,0.0,24,R3,0.0,0.0
fixed,0,RELLIS-3D,0.0,00003_000642_05,0,0,0.0788605809211731,0.10887179523706436,0.0,24,R3,0.0,0.0
zero,0,RELLIS-3D,0.0,00003_000642_05,0,0,0.07683305442333221,0.10688546299934387,0.0,36,R3,0.0,0.0
learned,0,RELLIS-3D,0.0,00003_000642_05,0,0,0.07683305442333221,0.10688546299934387,0.0,36,R3,0.0,0.0
fixed,0,RELLIS-3D,0.0,00003_000642_05,0,0,0.07683305442333221,0.10688546299934387,0.0,36,R3,0.0,0.0
zero,0,RELLIS-3D,0.0,00003_000642_05,0,0,0.07614728808403015,0.10590468347072601,0.0,48,R3,0.0,0.0
learned,0,RELLIS-3D,0.0,00003_000642_05,0,0,0.07614728808403015,0.10590468347072601,0.0,48,R3,0.0,0.0
fixed,0,RELLIS-3D,0.0,00003_000642_05,0,0,0.07614728808403015,0.10590468347072601,0.0,48,R3,0.0,0.0
zero,0,RELLIS-3D,0.0,00003_000642_06,0,0,0.11712224036455154,0.13539792597293854,0.0,0,R3,0.0,0.0
learned,0,RELLIS-3D,0.0,00003_000642_06,0,0,0.11712224036455154,0.13539792597293854,0.0,0,R3,0.0,0.0
fixed,0,RELLIS-3D,0.0,00003_000642_06,0,0,0.11712224036455154,0.13539792597293854,0.0,0,R3,0.0,0.0
zero,0,RELLIS-3D,0.0,00003_000642_06,0,0,0.09848461300134659,0.12368173152208328,0.0,12,R3,0.0,0.0
learned,0,RELLIS-3D,0.0,00003_000642_06,0,0,0.09848461300134659,0.12368173152208328,0.0,12,R3,0.0,0.0
fixed,0,RELLIS-3D,0.0,00003_000642_06,0,0,0.09848461300134659,0.12368173152208328,0.0,12,R3,0.0,0.0
zero,0,RELLIS-3D,0.0,00003_000642_06,0,0,0.09180550277233124,0.11834758520126343,0.0,24,R3,0.0,0.0
learned,0,RELLIS-3D,0.0,00003_000642_06,0,0,0.09180550277233124,0.11834758520126343,0.0,24,R3,0.0,0.0
fixed,0,RELLIS-3D,0.0,00003_000642_06,0,0,0.09180550277233124,0.11834758520126343,0.0,24,R3,0.0,0.0
zero,0,RELLIS-3D,0.0,00003_000642_06,0,0,0.08323407173156738,0.11143796890974045,0.0,36,R3,0.0,0.0
learned,0,RELLIS-3D,0.0,00003_000642_06,0,0,0.08323407173156738,0.11143796890974045,0.0,36,R3,0.0,0.0
fixed,0,RELLIS-3D,0.0,00003_000642_06,0,0,0.08323407173156738,0.11143796890974045,0.0,36,R3,0.0,0.0
zero,0,RELLIS-3D,0.0,00003_000642_06,0,0,0.07742048799991608,0.10686997324228287,0.0,48,R3,0.0,0.0
learned,0,RELLIS-3D,0.0,00003_000642_06,0,0,0.07742048799991608,0.10686997324228287,0.0,48,R3,0.0,0.0
fixed,0,RELLIS-3D,0.0,00003_000642_06,0,0,0.07742048799991608,0.10686997324228287,0.0,48,R3,0.0,0.0
zero,0,RELLIS-3D,0.0,00003_000642_06,0,0,0.07691894471645355,0.10523085296154022,0.0,60,R3,0.0,0.0
learned,0,RELLIS-3D,0.0,00003_000642_06,0,0,0.07691894471645355,0.10523085296154022,0.0,60,R3,0.0,0.0
fixed,0,RELLIS-3D,0.0,00003_000642_06,0,0,0.07691894471645355,0.10523085296154022,0.0,60,R3,0.0,0.0
zero,0,RELLIS-3D,0.0,00003_000642_06,0,0,0.07587800920009613,0.10431414842605591,0.0,72,R3,0.0,0.0
learned,0,RELLIS-3D,0.0,00003_000642_06,0,0,0.07587800920009613,0.10431414842605591,0.0,72,R3,0.0,0.0
fixed,0,RELLIS-3D,0.0,00003_000642_06,0,0,0.07587800920009613,0.10431414842605591,0.0,72,R3,0.0,0.0
zero,0,RELLIS-3D,0.0,00003_000642_07,0,1,0.09373203665018082,0.12143395096063614,0.0,0,R3,0.0,0.0
learned,1,RELLIS-3D,0.0221821628510952,00003_000642_07,0,1,0.09373203665018082,0.12143395096063614,0.12143395096063614,0,R3,0.03139922022819519,0.029020138084888458
fixed,1,RELLIS-3D,0.2740028202533722,00003_000642_07,0,1,0.09373203665018082,0.12143395096063614,1.5,0,R3,0.38785552978515625,0.3584681749343872
zero,0,RELLIS-3D,0.0,00003_000642_07,0,0,0.08459926396608353,0.11507899314165115,0.0,12,R3,0.0,0.0
learned,0,RELLIS-3D,0.0,00003_000642_07,0,0,0.08459926396608353,0.11507899314165115,0.0,12,R3,0.0,0.0
fixed,0,RELLIS-3D,0.0,00003_000642_07,0,0,0.08459926396608353,0.11507899314165115,0.0,12,R3,0.0,0.0
zero,0,RELLIS-3D,0.0,00003_000642_07,0,0,0.0788605809211731,0.10887179523706436,0.0,24,R3,0.0,0.0
learned,0,RELLIS-3D,0.0,00003_000642_07,0,0,0.0788605809211731,0.10887179523706436,0.0,24,R3,0.0,0.0
fixed,0,RELLIS-3D,0.0,00003_000642_07,0,0,0.0788605809211731,0.10887179523706436,0.0,24,R3,0.0,0.0
zero,0,RELLIS-3D,0.0,00003_000642_07,0,0,0.07683305442333221,0.10688546299934387,0.0,36,R3,0.0,0.0
learned,0,RELLIS-3D,0.0,00003_000642_07,0,0,0.07683305442333221,0.10688546299934387,0.0,36,R3,0.0,0.0
fixed,0,RELLIS-3D,0.0,00003_000642_07,0,0,0.07683305442333221,0.10688546299934387,0.0,36,R3,0.0,0.0
zero,0,RELLIS-3D,0.0,00003_000642_07,0,0,0.0758143737912178,0.10275936126708984,0.0,48,R3,0.0,0.0
learned,0,RELLIS-3D,0.0,00003_000642_07,0,0,0.0758143737912178,0.10275936126708984,0.0,48,R3,0.0,0.0
fixed,0,RELLIS-3D,0.0,00003_000642_07,0,0,0.0758143737912178,0.10275936126708984,0.0,48,R3,0.0,0.0
zero,0,RELLIS-3D,0.0,00003_000642_07,0,0,0.07628903537988663,0.10406918078660965,0.0,60,R3,0.0,0.0
learned,0,RELLIS-3D,0.0,00003_000642_07,0,0,0.07628903537988663,0.10406918078660965,0.0,60,R3,0.0,0.0
fixed,0,RELLIS-3D,0.0,00003_000642_07,0,0,0.07628903537988663,0.10406918078660965,0.0,60,R3,0.0,0.0
zero,0,RELLIS-3D,0.0,00003_001027_00,0,0,0.10099869221448898,0.1302315890789032,0.0,0,R3,0.0,0.0
learned,0,RELLIS-3D,0.0,00003_001027_00,0,0,0.10099869221448898,0.1302315890789032,0.0,0,R3,0.0,0.0
fixed,0,RELLIS-3D,0.0,00003_001027_00,0,0,0.10099869221448898,0.1302315890789032,0.0,0,R3,0.0,0.0
zero,0,RELLIS-3D,0.0,00003_001027_00,0,0,0.09457480162382126,0.124459408223629,0.0,12,R3,0.0,0.0
learned,0,RELLIS-3D,0.0,00003_001027_00,0,0,0.09457480162382126,0.124459408223629,0.0,12,R3,0.0,0.0
fixed,0,RELLIS-3D,0.0,00003_001027_00,0,0,0.09457480162382126,0.124459408223629,0.0,12,R3,0.0,0.0
zero,0,RELLIS-3D,0.0,00003_001027_00,0,0,0.080775685608387,0.11223793774843216,0.0,24,R3,0.0,0.0
learned,0,RELLIS-3D,0.0,00003_001027_00,0,0,0.080775685608387,0.11223793774843216,0.0,24,R3,0.0,0.0
fixed,0,RELLIS-3D,0.0,00003_001027_00,0,0,0.080775685608387,0.11223793774843216,0.0,24,R3,0.0,0.0
zero,0,RELLIS-3D,0.0,00003_001027_00,0,0,0.0756903812289238,0.10935988277196884,0.0,36,R3,0.0,0.0
learned,0,RELLIS-3D,0.0,00003_001027_00,0,0,0.0756903812289238,0.10935988277196884,0.0,36,R3,0.0,0.0
fixed,0,RELLIS-3D,0.0,00003_001027_00,0,0,0.0756903812289238,0.10935988277196884,0.0,36,R3,0.0,0.0
zero,0,RELLIS-3D,0.0,00003_001027_00,0,0,0.07865279167890549,0.1106179803609848,0.0,48,R3,0.0,0.0
learned,0,RELLIS-3D,0.0,00003_001027_00,0,0,0.07865279167890549,0.1106179803609848,0.0,48,R3,0.0,0.0
fixed,0,RELLIS-3D,0.0,00003_001027_00,0,0,0.07865279167890549,0.1106179803609848,0.0,48,R3,0.0,0.0
zero,0,RELLIS-3D,0.0,00003_001027_00,0,0,0.07812269032001495,0.11042594164609909,0.0,60,R3,0.0,0.0
learned,0,RELLIS-3D,0.0,00003_001027_00,0,0,0.07812269032001495,0.11042594164609909,0.0,60,R3,0.0,0.0
fixed,0,RELLIS-3D,0.0,00003_001027_00,0,0,0.07812269032001495,0.11042594164609909,0.0,60,R3,0.0,0.0
zero,0,RELLIS-3D,0.0,00003_001027_01,0,0,0.10562118142843246,0.133834570646286,0.0,0,R2,0.0,0.0
learned,0,RELLIS-3D,0.0,00003_001027_01,0,0,0.10562118142843246,0.133834570646286,0.0,0,R2,0.0,0.0
fixed,0,RELLIS-3D,0.0,00003_001027_01,0,0,0.10562118142843246,0.133834570646286,0.0,0,R2,0.0,0.0
zero,0,RELLIS-3D,0.0,00003_001027_01,0,0,0.09628453850746155,0.12478464096784592,0.0,12,R2,0.0,0.0
learned,0,RELLIS-3D,0.0,00003_001027_01,0,0,0.09628453850746155,0.12478464096784592,0.0,12,R2,0.0,0.0
fixed,0,RELLIS-3D,0.0,00003_001027_01,0,0,0.09628453850746155,0.12478464096784592,0.0,12,R2,0.0,0.0
zero,0,RELLIS-3D,0.0,00003_001027_01,0,0,0.08684569597244263,0.11680450290441513,0.0,24,R2,0.0,0.0
learned,0,RELLIS-3D,0.0,00003_001027_01,0,0,0.08684569597244263,0.11680450290441513,0.0,24,R2,0.0,0.0
fixed,0,RELLIS-3D,0.0,00003_001027_01,0,0,0.08684569597244263,0.11680450290441513,0.0,24,R2,0.0,0.0
zero,0,RELLIS-3D,0.0,00003_001027_01,0,0,0.07759394496679306,0.1108415424823761,0.0,36,R2,0.0,0.0
learned,0,RELLIS-3D,0.0,00003_001027_01,0,0,0.07759394496679306,0.1108415424823761,0.0,36,R2,0.0,0.0
fixed,0,RELLIS-3D,0.0,00003_001027_01,0,0,0.07759394496679306,0.1108415424823761,0.0,36,R2,0.0,0.0
zero,0,RELLIS-3D,0.0,00003_001027_01,0,0,0.0744749903678894,0.10678243637084961,0.0,48,R2,0.0,0.0
learned,0,RELLIS-3D,0.0,00003_001027_01,0,0,0.0744749903678894,0.10678243637084961,0.0,48,R2,0.0,0.0
fixed,0,RELLIS-3D,0.0,00003_001027_01,0,0,0.0744749903678894,0.10678243637084961,0.0,48,R2,0.0,0.0
zero,0,RELLIS-3D,0.0,00003_001027_02,0,1,0.11238067597150803,0.13591644167900085,0.0,0,R3,0.0,0.0
learned,1,RELLIS-3D,0.045248813927173615,00003_001027_02,0,1,0.11238067597150803,0.13591644167900085,0.13591644167900085,0,R3,0.04545442759990692,0.013326174579560757
fixed,1,RELLIS-3D,0.4993746280670166,00003_001027_02,0,1,0.11238067597150803,0.13591644167900085,1.5,0,R3,0.5016438364982605,0.14707021415233612
zero,0,RELLIS-3D,0.0,00003_001027_02,0,0,0.10471728444099426,0.12847614288330078,0.0,12,R3,0.0,0.0
learned,0,RELLIS-3D,0.0,00003_001027_02,0,0,0.10471728444099426,0.12847614288330078,0.0,12,R3,0.0,0.0
fixed,0,RELLIS-3D,0.0,00003_001027_02,0,0,0.10471728444099426,0.12847614288330078,0.0,12,R3,0.0,0.0
zero,0,RELLIS-3D,0.0,00003_001027_02,0,0,0.09977355599403381,0.1250591278076172,0.0,24,R3,0.0,0.0
learned,0,RELLIS-3D,0.0,00003_001027_02,0,0,0.09977355599403381,0.1250591278076172,0.0,24,R3,0.0,0.0
fixed,0,RELLIS-3D,0.0,00003_001027_02,0,0,0.09977355599403381,0.1250591278076172,0.0,24,R3,0.0,0.0
zero,0,RELLIS-3D,0.0,00003_001027_02,0,0,0.08067607134580612,0.10957174003124237,0.0,36,R3,0.0,0.0
learned,0,RELLIS-3D,0.0,00003_001027_02,0,0,0.08067607134580612,0.10957174003124237,0.0,36,R3,0.0,0.0
fixed,0,RELLIS-3D,0.0,00003_001027_02,0,0,0.08067607134580612,0.10957174003124237,0.0,36,R3,0.0,0.0
zero,0,RELLIS-3D,0.0,00003_001027_02,0,0,0.07335906475782394,0.10478869080543518,0.0,48,R3,0.0,0.0
learned,0,RELLIS-3D,0.0,00003_001027_02,0,0,0.07335906475782394,0.10478869080543518,0.0,48,R3,0.0,0.0
fixed,0,RELLIS-3D,0.0,00003_001027_02,0,0,0.07335906475782394,0.10478869080543518,0.0,48,R3,0.0,0.0
zero,0,RELLIS-3D,0.0,00003_001027_02,0,0,0.07793338596820831,0.11736776679754257,0.0,60,R3,0.0,0.0
learned,0,RELLIS-3D,0.0,00003_001027_02,0,0,0.07793338596820831,0.11736776679754257,0.0,60,R3,0.0,0.0
fixed,0,RELLIS-3D,0.0,00003_001027_02,0,0,0.07793338596820831,0.11736776679754257,0.0,60,R3,0.0,0.0
zero,0,RELLIS-3D,0.0,00003_001027_03,0,0,0.10662852972745895,0.13066443800926208,0.0,0,R2,0.0,0.0
learned,0,RELLIS-3D,0.0,00003_001027_03,0,0,0.10662852972745895,0.13066443800926208,0.0,0,R2,0.0,0.0
fixed,0,RELLIS-3D,0.0,00003_001027_03,0,0,0.10662852972745895,0.13066443800926208,0.0,0,R2,0.0,0.0
zero,0,RELLIS-3D,0.0,00003_001027_03,0,0,0.1022031158208847,0.12734636664390564,0.0,12,R2,0.0,0.0
learned,0,RELLIS-3D,0.0,00003_001027_03,0,0,0.1022031158208847,0.12734636664390564,0.0,12,R2,0.0,0.0
fixed,0,RELLIS-3D,0.0,00003_001027_03,0,0,0.1022031158208847,0.12734636664390564,0.0,12,R2,0.0,0.0
zero,0,RELLIS-3D,0.0,00003_001027_03,0,0,0.08374396711587906,0.11248937249183655,0.0,24,R2,0.0,0.0
learned,0,RELLIS-3D,0.0,00003_001027_03,0,0,0.08374396711587906,0.11248937249183655,0.0,24,R2,0.0,0.0
fixed,0,RELLIS-3D,0.0,00003_001027_03,0,0,0.08374396711587906,0.11248937249183655,0.0,24,R2,0.0,0.0
zero,0,RELLIS-3D,0.0,00003_001027_03,0,0,0.0765564888715744,0.1070358157157898,0.0,36,R2,0.0,0.0
learned,0,RELLIS-3D,0.0,00003_001027_03,0,0,0.0765564888715744,0.1070358157157898,0.0,36,R2,0.0,0.0
fixed,0,RELLIS-3D,0.0,00003_001027_03,0,0,0.0765564888715744,0.1070358157157898,0.0,36,R2,0.0,0.0
zero,0,RELLIS-3D,0.0,00003_001027_03,0,0,0.07287811487913132,0.1028560996055603,0.0,48,R2,0.0,0.0
learned,0,RELLIS-3D,0.0,00003_001027_03,0,0,0.07287811487913132,0.1028560996055603,0.0,48,R2,0.0,0.0
fixed,0,RELLIS-3D,0.0,00003_001027_03,0,0,0.07287811487913132,0.1028560996055603,0.0,48,R2,0.0,0.0
zero,0,RELLIS-3D,0.0,00003_001027_03,0,0,0.07615672051906586,0.10642553865909576,0.0,60,R2,0.0,0.0
learned,0,RELLIS-3D,0.0,00003_001027_03,0,0,0.07615672051906586,0.10642553865909576,0.0,60,R2,0.0,0.0
fixed,0,RELLIS-3D,0.0,00003_001027_03,0,0,0.07615672051906586,0.10642553865909576,0.0,60,R2,0.0,0.0
zero,0,RELLIS-3D,0.0,00003_001027_04,0,0,0.11348599195480347,0.13581600785255432,0.0,0,R3,0.0,0.0
learned,0,RELLIS-3D,0.0,00003_001027_04,0,0,0.11348599195480347,0.13581600785255432,0.0,0,R3,0.0,0.0
fixed,0,RELLIS-3D,0.0,00003_001027_04,0,0,0.11348599195480347,0.13581600785255432,0.0,0,R3,0.0,0.0
zero,0,RELLIS-3D,0.0,00003_001027_04,0,0,0.10171236097812653,0.1256309300661087,0.0,12,R3,0.0,0.0
learned,0,RELLIS-3D,0.0,00003_001027_04,0,0,0.10171236097812653,0.1256309300661087,0.0,12,R3,0.0,0.0
fixed,0,RELLIS-3D,0.0,00003_001027_04,0,0,0.10171236097812653,0.1256309300661087,0.0,12,R3,0.0,0.0
zero,0,RELLIS-3D,0.0,00003_001027_04,0,0,0.09764284640550613,0.12111108750104904,0.0,24,R3,0.0,0.0
learned,0,RELLIS-3D,0.0,00003_001027_04,0,0,0.09764284640550613,0.12111108750104904,0.0,24,R3,0.0,0.0
fixed,0,RELLIS-3D,0.0,00003_001027_04,0,0,0.09764284640550613,0.12111108750104904,0.0,24,R3,0.0,0.0
zero,0,RELLIS-3D,0.0,00003_001027_04,0,0,0.08659788221120834,0.11104002594947815,0.0,36,R3,0.0,0.0
learned,0,RELLIS-3D,0.0,00003_001027_04,0,0,0.08659788221120834,0.11104002594947815,0.0,36,R3,0.0,0.0
fixed,0,RELLIS-3D,0.0,00003_001027_04,0,0,0.08659788221120834,0.11104002594947815,0.0,36,R3,0.0,0.0
zero,0,RELLIS-3D,0.0,00003_001027_04,0,0,0.08109387010335922,0.10835455358028412,0.0,48,R3,0.0,0.0
learned,0,RELLIS-3D,0.0,00003_001027_04,0,0,0.08109387010335922,0.10835455358028412,0.0,48,R3,0.0,0.0
fixed,0,RELLIS-3D,0.0,00003_001027_04,0,0,0.08109387010335922,0.10835455358028412,0.0,48,R3,0.0,0.0
zero,0,RELLIS-3D,0.0,00003_001027_04,0,0,0.07900930941104889,0.10714732855558395,0.0,60,R3,0.0,0.0
learned,0,RELLIS-3D,0.0,00003_001027_04,0,0,0.07900930941104889,0.10714732855558395,0.0,60,R3,0.0,0.0
fixed,0,RELLIS-3D,0.0,00003_001027_04,0,0,0.07900930941104889,0.10714732855558395,0.0,60,R3,0.0,0.0
zero,0,RELLIS-3D,0.0,00003_001027_04,0,0,0.07622682303190231,0.10712937265634537,0.0,72,R3,0.0,0.0
learned,0,RELLIS-3D,0.0,00003_001027_04,0,0,0.07622682303190231,0.10712937265634537,0.0,72,R3,0.0,0.0
fixed,0,RELLIS-3D,0.0,00003_001027_04,0,0,0.07622682303190231,0.10712937265634537,0.0,72,R3,0.0,0.0
zero,0,RELLIS-3D,0.0,00003_001027_05,0,1,0.10145638138055801,0.12618930637836456,0.0,0,R3,0.0,0.0
learned,0,RELLIS-3D,0.006194315850734711,00003_001027_05,0,1,0.10145638138055801,0.12618930637836456,0.12618930637836456,0,R3,0.05199353024363518,0.05006410926580429
fixed,1,RELLIS-3D,0.07363121211528778,00003_001027_05,0,1,0.10145638138055801,0.12618930637836456,1.5,0,R3,0.6180420517921448,0.5951071381568909
zero,0,RELLIS-3D,0.0,00003_001027_05,0,0,0.10116463899612427,0.12577718496322632,0.0,12,R3,0.0,0.0
learned,0,RELLIS-3D,0.0,00003_001027_05,0,0,0.10116463899612427,0.12577718496322632,0.0,12,R3,0.0,0.0
fixed,0,RELLIS-3D,0.0,00003_001027_05,0,0,0.10116463899612427,0.12577718496322632,0.0,12,R3,0.0,0.0
zero,0,RELLIS-3D,0.0,00003_001027_05,0,0,0.08437955379486084,0.11270555853843689,0.0,24,R3,0.0,0.0
learned,0,RELLIS-3D,0.0,00003_001027_05,0,0,0.08437955379486084,0.11270555853843689,0.0,24,R3,0.0,0.0
fixed,0,RELLIS-3D,0.0,00003_001027_05,0,0,0.08437955379486084,0.11270555853843689,0.0,24,R3,0.0,0.0
zero,0,RELLIS-3D,0.0,00003_001027_05,0,0,0.0758492648601532,0.10596883296966553,0.0,36,R3,0.0,0.0
learned,0,RELLIS-3D,0.0,00003_001027_05,0,0,0.0758492648601532,0.10596883296966553,0.0,36,R3,0.0,0.0
fixed,0,RELLIS-3D,0.0,00003_001027_05,0,0,0.0758492648601532,0.10596883296966553,0.0,36,R3,0.0,0.0
zero,0,RELLIS-3D,0.0,00003_001027_05,0,0,0.07285469025373459,0.10330186039209366,0.0,48,R3,0.0,0.0
learned,0,RELLIS-3D,0.0,00003_001027_05,0,0,0.07285469025373459,0.10330186039209366,0.0,48,R3,0.0,0.0
fixed,0,RELLIS-3D,0.0,00003_001027_05,0,0,0.07285469025373459,0.10330186039209366,0.0,48,R3,0.0,0.0
zero,0,RELLIS-3D,0.0,00003_001027_05,0,0,0.07740399986505508,0.11539629101753235,0.0,60,R3,0.0,0.0
learned,0,RELLIS-3D,0.0,00003_001027_05,0,0,0.07740399986505508,0.11539629101753235,0.0,60,R3,0.0,0.0
fixed,0,RELLIS-3D,0.0,00003_001027_05,0,0,0.07740399986505508,0.11539629101753235,0.0,60,R3,0.0,0.0
zero,0,RELLIS-3D,0.0,00003_001027_06,0,0,0.10099869221448898,0.1302315890789032,0.0,0,R2,0.0,0.0
learned,0,RELLIS-3D,0.0,00003_001027_06,0,0,0.10099869221448898,0.1302315890789032,0.0,0,R2,0.0,0.0
fixed,0,RELLIS-3D,0.0,00003_001027_06,0,0,0.10099869221448898,0.1302315890789032,0.0,0,R2,0.0,0.0
zero,0,RELLIS-3D,0.0,00003_001027_06,0,0,0.09591416269540787,0.12330389767885208,0.0,12,R2,0.0,0.0
learned,0,RELLIS-3D,0.0,00003_001027_06,0,0,0.09591416269540787,0.12330389767885208,0.0,12,R2,0.0,0.0
fixed,0,RELLIS-3D,0.0,00003_001027_06,0,0,0.09591416269540787,0.12330389767885208,0.0,12,R2,0.0,0.0
zero,0,RELLIS-3D,0.0,00003_001027_06,0,0,0.08270268142223358,0.11119446903467178,0.0,24,R2,0.0,0.0
learned,0,RELLIS-3D,0.0,00003_001027_06,0,0,0.08270268142223358,0.11119446903467178,0.0,24,R2,0.0,0.0
fixed,0,RELLIS-3D,0.0,00003_001027_06,0,0,0.08270268142223358,0.11119446903467178,0.0,24,R2,0.0,0.0
zero,0,RELLIS-3D,0.0,00003_001027_06,0,0,0.07740850746631622,0.11056523770093918,0.0,36,R2,0.0,0.0
learned,0,RELLIS-3D,0.0,00003_001027_06,0,0,0.07740850746631622,0.11056523770093918,0.0,36,R2,0.0,0.0
fixed,0,RELLIS-3D,0.0,00003_001027_06,0,0,0.07740850746631622,0.11056523770093918,0.0,36,R2,0.0,0.0
zero,0,RELLIS-3D,0.0,00003_001027_06,0,0,0.07731088995933533,0.10887324810028076,0.0,48,R2,0.0,0.0
learned,0,RELLIS-3D,0.0,00003_001027_06,0,0,0.07731088995933533,0.10887324810028076,0.0,48,R2,0.0,0.0
fixed,0,RELLIS-3D,0.0,00003_001027_06,0,0,0.07731088995933533,0.10887324810028076,0.0,48,R2,0.0,0.0
zero,0,RELLIS-3D,0.0,00003_001027_07,0,1,0.10023777186870575,0.1304875612258911,0.0,0,R2,0.0,0.0
learned,0,RELLIS-3D,-0.007837427780032158,00003_001027_07,0,1,0.10023777186870575,0.1304875612258911,0.1304875612258911,0,R2,0.012569240294396877,0.006079268176108599
fixed,0,RELLIS-3D,-0.09009396284818649,00003_001027_07,0,1,0.10023777186870575,0.1304875612258911,1.5,0,R2,0.14448779821395874,0.0698833093047142
zero,0,RELLIS-3D,0.0,00003_001027_07,0,0,0.09756993502378464,0.12585857510566711,0.0,12,R2,0.0,0.0
learned,0,RELLIS-3D,0.0,00003_001027_07,0,0,0.09756993502378464,0.12585857510566711,0.0,12,R2,0.0,0.0
fixed,0,RELLIS-3D,0.0,00003_001027_07,0,0,0.09756993502378464,0.12585857510566711,0.0,12,R2,0.0,0.0
zero,0,RELLIS-3D,0.0,00003_001027_07,0,0,0.08270268142223358,0.11119446903467178,0.0,24,R2,0.0,0.0
learned,0,RELLIS-3D,0.0,00003_001027_07,0,0,0.08270268142223358,0.11119446903467178,0.0,24,R2,0.0,0.0
fixed,0,RELLIS-3D,0.0,00003_001027_07,0,0,0.08270268142223358,0.11119446903467178,0.0,24,R2,0.0,0.0
zero,0,RELLIS-3D,0.0,00003_001027_07,0,0,0.07740850746631622,0.11056523770093918,0.0,36,R2,0.0,0.0
learned,0,RELLIS-3D,0.0,00003_001027_07,0,0,0.07740850746631622,0.11056523770093918,0.0,36,R2,0.0,0.0
fixed,0,RELLIS-3D,0.0,00003_001027_07,0,0,0.07740850746631622,0.11056523770093918,0.0,36,R2,0.0,0.0
zero,0,RELLIS-3D,0.0,00003_001027_07,0,0,0.07683040201663971,0.1037888154387474,0.0,48,R2,0.0,0.0
learned,0,RELLIS-3D,0.0,00003_001027_07,0,0,0.07683040201663971,0.1037888154387474,0.0,48,R2,0.0,0.0
fixed,0,RELLIS-3D,0.0,00003_001027_07,0,0,0.07683040201663971,0.1037888154387474,0.0,48,R2,0.0,0.0
zero,0,RELLIS-3D,0.0,00003_000383_00,0,0,0.1046581119298935,0.1269412338733673,0.0,0,R2,0.0,0.0
learned,0,RELLIS-3D,0.0,00003_000383_00,0,0,0.1046581119298935,0.1269412338733673,0.0,0,R2,0.0,0.0
fixed,0,RELLIS-3D,0.0,00003_000383_00,0,0,0.1046581119298935,0.1269412338733673,0.0,0,R2,0.0,0.0
zero,0,RELLIS-3D,0.0,00003_000383_00,0,0,0.0754658430814743,0.10330761969089508,0.0,12,R2,0.0,0.0
learned,0,RELLIS-3D,0.0,00003_000383_00,0,0,0.0754658430814743,0.10330761969089508,0.0,12,R2,0.0,0.0
fixed,0,RELLIS-3D,0.0,00003_000383_00,0,0,0.0754658430814743,0.10330761969089508,0.0,12,R2,0.0,0.0
zero,0,RELLIS-3D,0.0,00003_000383_00,0,0,0.06702104210853577,0.09700848162174225,0.0,24,R2,0.0,0.0
learned,0,RELLIS-3D,0.0,00003_000383_00,0,0,0.06702104210853577,0.09700848162174225,0.0,24,R2,0.0,0.0
fixed,0,RELLIS-3D,0.0,00003_000383_00,0,0,0.06702104210853577,0.09700848162174225,0.0,24,R2,0.0,0.0
zero,0,RELLIS-3D,0.0,00003_000383_00,0,0,0.06945209205150604,0.09984767436981201,0.0,36,R2,0.0,0.0
learned,0,RELLIS-3D,0.0,00003_000383_00,0,0,0.06945209205150604,0.09984767436981201,0.0,36,R2,0.0,0.0
fixed,0,RELLIS-3D,0.0,00003_000383_00,0,0,0.06945209205150604,0.09984767436981201,0.0,36,R2,0.0,0.0
zero,0,RELLIS-3D,0.0,00003_000383_00,0,0,0.07614295929670334,0.10835488140583038,0.0,48,R2,0.0,0.0
learned,0,RELLIS-3D,0.0,00003_000383_00,0,0,0.07614295929670334,0.10835488140583038,0.0,48,R2,0.0,0.0
fixed,0,RELLIS-3D,0.0,00003_000383_00,0,0,0.07614295929670334,0.10835488140583038,0.0,48,R2,0.0,0.0
zero,0,RELLIS-3D,0.0,00003_000383_01,0,0,0.10832280665636063,0.13228477537631989,0.0,0,R2,0.0,0.0
learned,0,RELLIS-3D,0.0,00003_000383_01,0,0,0.10832280665636063,0.13228477537631989,0.0,0,R2,0.0,0.0
fixed,0,RELLIS-3D,0.0,00003_000383_01,0,0,0.10832280665636063,0.13228477537631989,0.0,0,R2,0.0,0.0
zero,0,RELLIS-3D,0.0,00003_000383_01,0,0,0.07558156549930573,0.10278674960136414,0.0,12,R2,0.0,0.0
learned,0,RELLIS-3D,0.0,00003_000383_01,0,0,0.07558156549930573,0.10278674960136414,0.0,12,R2,0.0,0.0
fixed,0,RELLIS-3D,0.0,00003_000383_01,0,0,0.07558156549930573,0.10278674960136414,0.0,12,R2,0.0,0.0
zero,0,RELLIS-3D,0.0,00003_000383_01,0,0,0.06696826964616776,0.09656928479671478,0.0,24,R2,0.0,0.0
learned,0,RELLIS-3D,0.0,00003_000383_01,0,0,0.06696826964616776,0.09656928479671478,0.0,24,R2,0.0,0.0
fixed,0,RELLIS-3D,0.0,00003_000383_01,0,0,0.06696826964616776,0.09656928479671478,0.0,24,R2,0.0,0.0
zero,0,RELLIS-3D,0.0,00003_000383_01,0,0,0.06926829367876053,0.10050833970308304,0.0,36,R2,0.0,0.0
learned,0,RELLIS-3D,0.0,00003_000383_01,0,0,0.06926829367876053,0.10050833970308304,0.0,36,R2,0.0,0.0
fixed,0,RELLIS-3D,0.0,00003_000383_01,0,0,0.06926829367876053,0.10050833970308304,0.0,36,R2,0.0,0.0
zero,0,RELLIS-3D,0.0,00003_000383_01,0,0,0.07586537301540375,0.1085255965590477,0.0,48,R2,0.0,0.0
learned,0,RELLIS-3D,0.0,00003_000383_01,0,0,0.07586537301540375,0.1085255965590477,0.0,48,R2,0.0,0.0
fixed,0,RELLIS-3D,0.0,00003_000383_01,0,0,0.07586537301540375,0.1085255965590477,0.0,48,R2,0.0,0.0
zero,0,RELLIS-3D,0.0,00003_000383_02,0,0,0.11136706918478012,0.1309404820203781,0.0,0,R2,0.0,0.0
learned,0,RELLIS-3D,0.0,00003_000383_02,0,0,0.11136706918478012,0.1309404820203781,0.0,0,R2,0.0,0.0
fixed,0,RELLIS-3D,0.0,00003_000383_02,0,0,0.11136706918478012,0.1309404820203781,0.0,0,R2,0.0,0.0
zero,0,RELLIS-3D,0.0,00003_000383_02,0,0,0.09206029772758484,0.11319942772388458,0.0,12,R2,0.0,0.0
learned,0,RELLIS-3D,0.0,00003_000383_02,0,0,0.09206029772758484,0.11319942772388458,0.0,12,R2,0.0,0.0
fixed,0,RELLIS-3D,0.0,00003_000383_02,0,0,0.09206029772758484,0.11319942772388458,0.0,12,R2,0.0,0.0
zero,0,RELLIS-3D,0.0,00003_000383_02,0,0,0.08025728166103363,0.10280011594295502,0.0,24,R2,0.0,0.0
learned,0,RELLIS-3D,0.0,00003_000383_02,0,0,0.08025728166103363,0.10280011594295502,0.0,24,R2,0.0,0.0
fixed,0,RELLIS-3D,0.0,00003_000383_02,0,0,0.08025728166103363,0.10280011594295502,0.0,24,R2,0.0,0.0
zero,0,RELLIS-3D,0.0,00003_000383_02,0,0,0.07378970086574554,0.10100770741701126,0.0,36,R2,0.0,0.0
learned,0,RELLIS-3D,0.0,00003_000383_02,0,0,0.07378970086574554,0.10100770741701126,0.0,36,R2,0.0,0.0
fixed,0,RELLIS-3D,0.0,00003_000383_02,0,0,0.07378970086574554,0.10100770741701126,0.0,36,R2,0.0,0.0
zero,0,RELLIS-3D,0.0,00003_000383_02,0,0,0.06086789444088936,0.09176843613386154,0.0,48,R2,0.0,0.0
learned,0,RELLIS-3D,0.0,00003_000383_02,0,0,0.06086789444088936,0.09176843613386154,0.0,48,R2,0.0,0.0
fixed,0,RELLIS-3D,0.0,00003_000383_02,0,0,0.06086789444088936,0.09176843613386154,0.0,48,R2,0.0,0.0
zero,0,RELLIS-3D,0.0,00003_000383_02,0,0,0.04982049763202667,0.08119649440050125,0.0,60,R2,0.0,0.0
learned,0,RELLIS-3D,0.0,00003_000383_02,0,0,0.04982049763202667,0.08119649440050125,0.0,60,R2,0.0,0.0
fixed,0,RELLIS-3D,0.0,00003_000383_02,0,0,0.04982049763202667,0.08119649440050125,0.0,60,R2,0.0,0.0
zero,0,RELLIS-3D,0.0,00003_000383_02,0,0,0.04057510197162628,0.07627289742231369,0.0,72,R2,0.0,0.0
learned,0,RELLIS-3D,0.0,00003_000383_02,0,0,0.04057510197162628,0.07627289742231369,0.0,72,R2,0.0,0.0
fixed,0,RELLIS-3D,0.0,00003_000383_02,0,0,0.04057510197162628,0.07627289742231369,0.0,72,R2,0.0,0.0
zero,0,RELLIS-3D,0.0,00003_000383_03,0,0,0.08932119607925415,0.11953221261501312,0.0,0,R3,0.0,0.0
learned,0,RELLIS-3D,0.0,00003_000383_03,0,0,0.08932119607925415,0.11953221261501312,0.0,0,R3,0.0,0.0
fixed,0,RELLIS-3D,0.0,00003_000383_03,0,0,0.08932119607925415,0.11953221261501312,0.0,0,R3,0.0,0.0
zero,0,RELLIS-3D,0.0,00003_000383_03,0,0,0.07967182993888855,0.11100764572620392,0.0,12,R3,0.0,0.0
learned,0,RELLIS-3D,0.0,00003_000383_03,0,0,0.07967182993888855,0.11100764572620392,0.0,12,R3,0.0,0.0
fixed,0,RELLIS-3D,0.0,00003_000383_03,0,0,0.07967182993888855,0.11100764572620392,0.0,12,R3,0.0,0.0
zero,0,RELLIS-3D,0.0,00003_000383_03,0,0,0.07621239125728607,0.10737249255180359,0.0,24,R3,0.0,0.0
learned,0,RELLIS-3D,0.0,00003_000383_03,0,0,0.07621239125728607,0.10737249255180359,0.0,24,R3,0.0,0.0
fixed,0,RELLIS-3D,0.0,00003_000383_03,0,0,0.07621239125728607,0.10737249255180359,0.0,24,R3,0.0,0.0
zero,0,RELLIS-3D,0.0,00003_000383_03,0,0,0.076861672103405,0.108681321144104,0.0,36,R3,0.0,0.0
learned,0,RELLIS-3D,0.0,00003_000383_03,0,0,0.076861672103405,0.108681321144104,0.0,36,R3,0.0,0.0
fixed,0,RELLIS-3D,0.0,00003_000383_03,0,0,0.076861672103405,0.108681321144104,0.0,36,R3,0.0,0.0
zero,0,RELLIS-3D,0.0,00003_000383_03,0,0,0.07538802176713943,0.10838382691144943,0.0,48,R3,0.0,0.0
learned,0,RELLIS-3D,0.0,00003_000383_03,0,0,0.07538802176713943,0.10838382691144943,0.0,48,R3,0.0,0.0
fixed,0,RELLIS-3D,0.0,00003_000383_03,0,0,0.07538802176713943,0.10838382691144943,0.0,48,R3,0.0,0.0
zero,0,RELLIS-3D,0.0,00003_000383_04,0,0,0.10463964939117432,0.12961545586585999,0.0,0,R2,0.0,0.0
learned,0,RELLIS-3D,0.0,00003_000383_04,0,0,0.10463964939117432,0.12961545586585999,0.0,0,R2,0.0,0.0
fixed,0,RELLIS-3D,0.0,00003_000383_04,0,0,0.10463964939117432,0.12961545586585999,0.0,0,R2,0.0,0.0
zero,0,RELLIS-3D,0.0,00003_000383_04,0,0,0.0756540298461914,0.10255307704210281,0.0,12,R2,0.0,0.0
learned,0,RELLIS-3D,0.0,00003_000383_04,0,0,0.0756540298461914,0.10255307704210281,0.0,12,R2,0.0,0.0
fixed,0,RELLIS-3D,0.0,00003_000383_04,0,0,0.0756540298461914,0.10255307704210281,0.0,12,R2,0.0,0.0
zero,0,RELLIS-3D,0.0,00003_000383_04,0,0,0.07063019275665283,0.09999215602874756,0.0,24,R2,0.0,0.0
learned,0,RELLIS-3D,0.0,00003_000383_04,0,0,0.07063019275665283,0.09999215602874756,0.0,24,R2,0.0,0.0
fixed,0,RELLIS-3D,0.0,00003_000383_04,0,0,0.07063019275665283,0.09999215602874756,0.0,24,R2,0.0,0.0
zero,0,RELLIS-3D,0.0,00003_000383_04,0,0,0.06539227068424225,0.09568580985069275,0.0,36,R2,0.0,0.0
learned,0,RELLIS-3D,0.0,00003_000383_04,0,0,0.06539227068424225,0.09568580985069275,0.0,36,R2,0.0,0.0
fixed,0,RELLIS-3D,0.0,00003_000383_04,0,0,0.06539227068424225,0.09568580985069275,0.0,36,R2,0.0,0.0
zero,0,RELLIS-3D,0.0,00003_000383_04,0,0,0.07241757214069366,0.10250231623649597,0.0,48,R2,0.0,0.0
learned,0,RELLIS-3D,0.0,00003_000383_04,0,0,0.07241757214069366,0.10250231623649597,0.0,48,R2,0.0,0.0
fixed,0,RELLIS-3D,0.0,00003_000383_04,0,0,0.07241757214069366,0.10250231623649597,0.0,48,R2,0.0,0.0
zero,0,RELLIS-3D,0.0,00003_000383_04,0,0,0.07475612312555313,0.10575136542320251,0.0,60,R2,0.0,0.0
learned,0,RELLIS-3D,0.0,00003_000383_04,0,0,0.07475612312555313,0.10575136542320251,0.0,60,R2,0.0,0.0
fixed,0,RELLIS-3D,0.0,00003_000383_04,0,0,0.07475612312555313,0.10575136542320251,0.0,60,R2,0.0,0.0
zero,0,RELLIS-3D,0.0,00003_000383_04,0,0,0.07529814541339874,0.10987971723079681,0.0,72,R2,0.0,0.0
learned,0,RELLIS-3D,0.0,00003_000383_04,0,0,0.07529814541339874,0.10987971723079681,0.0,72,R2,0.0,0.0
fixed,0,RELLIS-3D,0.0,00003_000383_04,0,0,0.07529814541339874,0.10987971723079681,0.0,72,R2,0.0,0.0
zero,0,RELLIS-3D,0.0,00003_000383_05,0,0,0.10018682479858398,0.12814420461654663,0.0,0,R2,0.0,0.0
learned,0,RELLIS-3D,0.0,00003_000383_05,0,0,0.10018682479858398,0.12814420461654663,0.0,0,R2,0.0,0.0
fixed,0,RELLIS-3D,0.0,00003_000383_05,0,0,0.10018682479858398,0.12814420461654663,0.0,0,R2,0.0,0.0
zero,0,RELLIS-3D,0.0,00003_000383_05,0,0,0.07492329925298691,0.10486258566379547,0.0,12,R2,0.0,0.0
learned,0,RELLIS-3D,0.0,00003_000383_05,0,0,0.07492329925298691,0.10486258566379547,0.0,12,R2,0.0,0.0
fixed,0,RELLIS-3D,0.0,00003_000383_05,0,0,0.07492329925298691,0.10486258566379547,0.0,12,R2,0.0,0.0
zero,0,RELLIS-3D,0.0,00003_000383_05,0,0,0.07064931839704514,0.10085329413414001,0.0,24,R2,0.0,0.0
learned,0,RELLIS-3D,0.0,00003_000383_05,0,0,0.07064931839704514,0.10085329413414001,0.0,24,R2,0.0,0.0
fixed,0,RELLIS-3D,0.0,00003_000383_05,0,0,0.07064931839704514,0.10085329413414001,0.0,24,R2,0.0,0.0
zero,0,RELLIS-3D,0.0,00003_000383_05,0,0,0.0703732892870903,0.10129627585411072,0.0,36,R2,0.0,0.0
learned,0,RELLIS-3D,0.0,00003_000383_05,0,0,0.0703732892870903,0.10129627585411072,0.0,36,R2,0.0,0.0
fixed,0,RELLIS-3D,0.0,00003_000383_05,0,0,0.0703732892870903,0.10129627585411072,0.0,36,R2,0.0,0.0
zero,0,RELLIS-3D,0.0,00003_000383_05,0,0,0.07616973668336868,0.10748514533042908,0.0,48,R2,0.0,0.0
learned,0,RELLIS-3D,0.0,00003_000383_05,0,0,0.07616973668336868,0.10748514533042908,0.0,48,R2,0.0,0.0
fixed,0,RELLIS-3D,0.0,00003_000383_05,0,0,0.07616973668336868,0.10748514533042908,0.0,48,R2,0.0,0.0
zero,0,RELLIS-3D,0.0,00003_000383_05,0,0,0.07407686114311218,0.10676372796297073,0.0,60,R2,0.0,0.0
learned,0,RELLIS-3D,0.0,00003_000383_05,0,0,0.07407686114311218,0.10676372796297073,0.0,60,R2,0.0,0.0
fixed,0,RELLIS-3D,0.0,00003_000383_05,0,0,0.07407686114311218,0.10676372796297073,0.0,60,R2,0.0,0.0
zero,0,RELLIS-3D,0.0,00003_000383_06,0,0,0.106229268014431,0.13515396416187286,0.0,0,R3,0.0,0.0
learned,0,RELLIS-3D,0.0,00003_000383_06,0,0,0.106229268014431,0.13515396416187286,0.0,0,R3,0.0,0.0
fixed,0,RELLIS-3D,0.0,00003_000383_06,0,0,0.106229268014431,0.13515396416187286,0.0,0,R3,0.0,0.0
zero,0,RELLIS-3D,0.0,00003_000383_06,0,0,0.08222837746143341,0.11363372951745987,0.0,12,R3,0.0,0.0
learned,0,RELLIS-3D,0.0,00003_000383_06,0,0,0.08222837746143341,0.11363372951745987,0.0,12,R3,0.0,0.0
fixed,0,RELLIS-3D,0.0,00003_000383_06,0,0,0.08222837746143341,0.11363372951745987,0.0,12,R3,0.0,0.0
zero,0,RELLIS-3D,0.0,00003_000383_06,0,0,0.0798211321234703,0.1106497198343277,0.0,24,R3,0.0,0.0
learned,0,RELLIS-3D,0.0,00003_000383_06,0,0,0.0798211321234703,0.1106497198343277,0.0,24,R3,0.0,0.0
fixed,0,RELLIS-3D,0.0,00003_000383_06,0,0,0.0798211321234703,0.1106497198343277,0.0,24,R3,0.0,0.0
zero,0,RELLIS-3D,0.0,00003_000383_06,0,0,0.07615362852811813,0.10787036269903183,0.0,36,R3,0.0,0.0
learned,0,RELLIS-3D,0.0,00003_000383_06,0,0,0.07615362852811813,0.10787036269903183,0.0,36,R3,0.0,0.0
fixed,0,RELLIS-3D,0.0,00003_000383_06,0,0,0.07615362852811813,0.10787036269903183,0.0,36,R3,0.0,0.0
zero,0,RELLIS-3D,0.0,00003_000383_06,0,0,0.07655054330825806,0.10938668251037598,0.0,48,R3,0.0,0.0
learned,0,RELLIS-3D,0.0,00003_000383_06,0,0,0.07655054330825806,0.10938668251037598,0.0,48,R3,0.0,0.0
fixed,0,RELLIS-3D,0.0,00003_000383_06,0,0,0.07655054330825806,0.10938668251037598,0.0,48,R3,0.0,0.0
zero,0,RELLIS-3D,0.0,00003_000383_06,0,0,0.07520899921655655,0.10996012389659882,0.0,60,R3,0.0,0.0
learned,0,RELLIS-3D,0.0,00003_000383_06,0,0,0.07520899921655655,0.10996012389659882,0.0,60,R3,0.0,0.0
fixed,0,RELLIS-3D,0.0,00003_000383_06,0,0,0.07520899921655655,0.10996012389659882,0.0,60,R3,0.0,0.0
zero,0,RELLIS-3D,0.0,00003_000383_07,0,0,0.12075752019882202,0.1391371488571167,0.0,0,R2,0.0,0.0
learned,0,RELLIS-3D,0.0,00003_000383_07,0,0,0.12075752019882202,0.1391371488571167,0.0,0,R2,0.0,0.0
fixed,0,RELLIS-3D,0.0,00003_000383_07,0,0,0.12075752019882202,0.1391371488571167,0.0,0,R2,0.0,0.0
zero,0,RELLIS-3D,0.0,00003_000383_07,0,0,0.09729913622140884,0.11828926205635071,0.0,12,R2,0.0,0.0
learned,0,RELLIS-3D,0.0,00003_000383_07,0,0,0.09729913622140884,0.11828926205635071,0.0,12,R2,0.0,0.0
fixed,0,RELLIS-3D,0.0,00003_000383_07,0,0,0.09729913622140884,0.11828926205635071,0.0,12,R2,0.0,0.0
zero,0,RELLIS-3D,0.0,00003_000383_07,0,0,0.0836983248591423,0.1057809591293335,0.0,24,R2,0.0,0.0
learned,0,RELLIS-3D,0.0,00003_000383_07,0,0,0.0836983248591423,0.1057809591293335,0.0,24,R2,0.0,0.0
fixed,0,RELLIS-3D,0.0,00003_000383_07,0,0,0.0836983248591423,0.1057809591293335,0.0,24,R2,0.0,0.0
zero,0,RELLIS-3D,0.0,00003_000383_07,0,0,0.07280060648918152,0.09883755445480347,0.0,36,R2,0.0,0.0
learned,0,RELLIS-3D,0.0,00003_000383_07,0,0,0.07280060648918152,0.09883755445480347,0.0,36,R2,0.0,0.0
fixed,0,RELLIS-3D,0.0,00003_000383_07,0,0,0.07280060648918152,0.09883755445480347,0.0,36,R2,0.0,0.0
zero,0,RELLIS-3D,0.0,00003_000383_07,0,0,0.07193140685558319,0.10153192281723022,0.0,48,R2,0.0,0.0
learned,0,RELLIS-3D,0.0,00003_000383_07,0,0,0.07193140685558319,0.10153192281723022,0.0,48,R2,0.0,0.0
fixed,0,RELLIS-3D,0.0,00003_000383_07,0,0,0.07193140685558319,0.10153192281723022,0.0,48,R2,0.0,0.0
zero,0,RELLIS-3D,0.0,00003_000383_07,0,0,0.04859769344329834,0.08001261204481125,0.0,60,R2,0.0,0.0
learned,0,RELLIS-3D,0.0,00003_000383_07,0,0,0.04859769344329834,0.08001261204481125,0.0,60,R2,0.0,0.0
fixed,0,RELLIS-3D,0.0,00003_000383_07,0,0,0.04859769344329834,0.08001261204481125,0.0,60,R2,0.0,0.0
zero,0,RELLIS-3D,0.0,00003_000383_07,0,0,0.04919605702161789,0.08120768517255783,0.0,72,R2,0.0,0.0
learned,0,RELLIS-3D,0.0,00003_000383_07,0,0,0.04919605702161789,0.08120768517255783,0.0,72,R2,0.0,0.0
fixed,0,RELLIS-3D,0.0,00003_000383_07,0,0,0.04919605702161789,0.08120768517255783,0.0,72,R2,0.0,0.0
zero,0,RELLIS-3D,0.0,00003_001766_00,0,0,0.11922557651996613,0.13684549927711487,0.0,0,R3,0.0,0.0
learned,0,RELLIS-3D,0.0,00003_001766_00,0,0,0.11922557651996613,0.13684549927711487,0.0,0,R3,0.0,0.0
fixed,0,RELLIS-3D,0.0,00003_001766_00,0,0,0.11922557651996613,0.13684549927711487,0.0,0,R3,0.0,0.0
zero,0,RELLIS-3D,0.0,00003_001766_00,0,0,0.10681268572807312,0.12568581104278564,0.0,12,R3,0.0,0.0
learned,0,RELLIS-3D,0.0,00003_001766_00,0,0,0.10681268572807312,0.12568581104278564,0.0,12,R3,0.0,0.0
fixed,0,RELLIS-3D,0.0,00003_001766_00,0,0,0.10681268572807312,0.12568581104278564,0.0,12,R3,0.0,0.0
zero,0,RELLIS-3D,0.0,00003_001766_00,0,0,0.09071482717990875,0.11689584702253342,0.0,24,R3,0.0,0.0
learned,0,RELLIS-3D,0.0,00003_001766_00,0,0,0.09071482717990875,0.11689584702253342,0.0,24,R3,0.0,0.0
fixed,0,RELLIS-3D,0.0,00003_001766_00,0,0,0.09071482717990875,0.11689584702253342,0.0,24,R3,0.0,0.0
zero,0,RELLIS-3D,0.0,00003_001766_00,0,0,0.08270803838968277,0.11041940003633499,0.0,36,R3,0.0,0.0
learned,0,RELLIS-3D,0.0,00003_001766_00,0,0,0.08270803838968277,0.11041940003633499,0.0,36,R3,0.0,0.0
fixed,0,RELLIS-3D,0.0,00003_001766_00,0,0,0.08270803838968277,0.11041940003633499,0.0,36,R3,0.0,0.0
zero,0,RELLIS-3D,0.0,00003_001766_00,0,0,0.0786043107509613,0.12014854699373245,0.0,48,R3,0.0,0.0
learned,0,RELLIS-3D,0.0,00003_001766_00,0,0,0.0786043107509613,0.12014854699373245,0.0,48,R3,0.0,0.0
fixed,0,RELLIS-3D,0.0,00003_001766_00,0,0,0.0786043107509613,0.12014854699373245,0.0,48,R3,0.0,0.0
zero,0,RELLIS-3D,0.0,00003_001766_00,0,0,0.07666408270597458,0.1160542219877243,0.0,60,R3,0.0,0.0
learned,0,RELLIS-3D,0.0,00003_001766_00,0,0,0.07666408270597458,0.1160542219877243,0.0,60,R3,0.0,0.0
fixed,0,RELLIS-3D,0.0,00003_001766_00,0,0,0.07666408270597458,0.1160542219877243,0.0,60,R3,0.0,0.0
zero,0,RELLIS-3D,0.0,00003_001766_01,0,0,0.1127040833234787,0.13437704741954803,0.0,0,R3,0.0,0.0
learned,0,RELLIS-3D,0.0,00003_001766_01,0,0,0.1127040833234787,0.13437704741954803,0.0,0,R3,0.0,0.0
fixed,0,RELLIS-3D,0.0,00003_001766_01,0,0,0.1127040833234787,0.13437704741954803,0.0,0,R3,0.0,0.0
zero,0,RELLIS-3D,0.0,00003_001766_01,0,0,0.10741402208805084,0.13292746245861053,0.0,12,R3,0.0,0.0
learned,0,RELLIS-3D,0.0,00003_001766_01,0,0,0.10741402208805084,0.13292746245861053,0.0,12,R3,0.0,0.0
fixed,0,RELLIS-3D,0.0,00003_001766_01,0,0,0.10741402208805084,0.13292746245861053,0.0,12,R3,0.0,0.0
zero,0,RELLIS-3D,0.0,00003_001766_01,0,0,0.10006345808506012,0.12657353281974792,0.0,24,R3,0.0,0.0
learned,0,RELLIS-3D,0.0,00003_001766_01,0,0,0.10006345808506012,0.12657353281974792,0.0,24,R3,0.0,0.0
fixed,0,RELLIS-3D,0.0,00003_001766_01,0,0,0.10006345808506012,0.12657353281974792,0.0,24,R3,0.0,0.0
zero,0,RELLIS-3D,0.0,00003_001766_01,0,0,0.09368140250444412,0.12107457965612411,0.0,36,R3,0.0,0.0
learned,0,RELLIS-3D,0.0,00003_001766_01,0,0,0.09368140250444412,0.12107457965612411,0.0,36,R3,0.0,0.0
fixed,0,RELLIS-3D,0.0,00003_001766_01,0,0,0.09368140250444412,0.12107457965612411,0.0,36,R3,0.0,0.0
zero,0,RELLIS-3D,0.0,00003_001766_01,0,0,0.08582130074501038,0.11291571706533432,0.0,48,R3,0.0,0.0
learned,0,RELLIS-3D,0.0,00003_001766_01,0,0,0.08582130074501038,0.11291571706533432,0.0,48,R3,0.0,0.0
fixed,0,RELLIS-3D,0.0,00003_001766_01,0,0,0.08582130074501038,0.11291571706533432,0.0,48,R3,0.0,0.0
zero,0,RELLIS-3D,0.0,00003_001766_02,0,0,0.1109854206442833,0.13481484353542328,0.0,0,R2,0.0,0.0
learned,0,RELLIS-3D,0.0,00003_001766_02,0,0,0.1109854206442833,0.13481484353542328,0.0,0,R2,0.0,0.0
fixed,0,RELLIS-3D,0.0,00003_001766_02,0,0,0.1109854206442833,0.13481484353542328,0.0,0,R2,0.0,0.0
zero,0,RELLIS-3D,0.0,00003_001766_02,0,0,0.10741402208805084,0.13292746245861053,0.0,12,R2,0.0,0.0
learned,0,RELLIS-3D,0.0,00003_001766_02,0,0,0.10741402208805084,0.13292746245861053,0.0,12,R2,0.0,0.0
fixed,0,RELLIS-3D,0.0,00003_001766_02,0,0,0.10741402208805084,0.13292746245861053,0.0,12,R2,0.0,0.0
zero,0,RELLIS-3D,0.0,00003_001766_02,0,0,0.10006345808506012,0.12657353281974792,0.0,24,R2,0.0,0.0
learned,0,RELLIS-3D,0.0,00003_001766_02,0,0,0.10006345808506012,0.12657353281974792,0.0,24,R2,0.0,0.0
fixed,0,RELLIS-3D,0.0,00003_001766_02,0,0,0.10006345808506012,0.12657353281974792,0.0,24,R2,0.0,0.0
zero,0,RELLIS-3D,0.0,00003_001766_02,0,0,0.09368140250444412,0.12107457965612411,0.0,36,R2,0.0,0.0
learned,0,RELLIS-3D,0.0,00003_001766_02,0,0,0.09368140250444412,0.12107457965612411,0.0,36,R2,0.0,0.0
fixed,0,RELLIS-3D,0.0,00003_001766_02,0,0,0.09368140250444412,0.12107457965612411,0.0,36,R2,0.0,0.0
zero,0,RELLIS-3D,0.0,00003_001766_02,0,0,0.08582130074501038,0.11291571706533432,0.0,48,R2,0.0,0.0
learned,0,RELLIS-3D,0.0,00003_001766_02,0,0,0.08582130074501038,0.11291571706533432,0.0,48,R2,0.0,0.0
fixed,0,RELLIS-3D,0.0,00003_001766_02,0,0,0.08582130074501038,0.11291571706533432,0.0,48,R2,0.0,0.0
zero,0,RELLIS-3D,0.0,00003_001766_02,0,0,0.07446744292974472,0.10958780348300934,0.0,60,R2,0.0,0.0
learned,0,RELLIS-3D,0.0,00003_001766_02,0,0,0.07446744292974472,0.10958780348300934,0.0,60,R2,0.0,0.0
fixed,0,RELLIS-3D,0.0,00003_001766_02,0,0,0.07446744292974472,0.10958780348300934,0.0,60,R2,0.0,0.0
zero,0,RELLIS-3D,0.0,00003_001766_02,0,0,0.0755937322974205,0.12457717210054398,0.0,72,R2,0.0,0.0
learned,0,RELLIS-3D,0.0,00003_001766_02,0,0,0.0755937322974205,0.12457717210054398,0.0,72,R2,0.0,0.0
fixed,0,RELLIS-3D,0.0,00003_001766_02,0,0,0.0755937322974205,0.12457717210054398,0.0,72,R2,0.0,0.0
zero,0,RELLIS-3D,0.0,00003_001766_03,0,1,0.12118256837129593,0.1416858285665512,0.0,0,R2,0.0,0.0
learned,0,RELLIS-3D,0.01613890752196312,00003_001766_03,0,1,0.12118256837129593,0.1416858285665512,0.1416858285665512,0,R2,0.01615891046822071,0.0054335095919668674
fixed,1,RELLIS-3D,0.1708594262599945,00003_001766_03,0,1,0.12118256837129593,0.1416858285665512,1.5,0,R2,0.17107120156288147,0.057523492723703384
zero,0,RELLIS-3D,0.0,00003_001766_03,0,0,0.10761207342147827,0.13035790622234344,0.0,12,R2,0.0,0.0
learned,0,RELLIS-3D,0.0,00003_001766_03,0,0,0.10761207342147827,0.13035790622234344,0.0,12,R2,0.0,0.0
fixed,0,RELLIS-3D,0.0,00003_001766_03,0,0,0.10761207342147827,0.13035790622234344,0.0,12,R2,0.0,0.0
zero,0,RELLIS-3D,0.0,00003_001766_03,0,0,0.09838413447141647,0.12385287135839462,0.0,24,R2,0.0,0.0
learned,0,RELLIS-3D,0.0,00003_001766_03,0,0,0.09838413447141647,0.12385287135839462,0.0,24,R2,0.0,0.0
fixed,0,RELLIS-3D,0.0,00003_001766_03,0,0,0.09838413447141647,0.12385287135839462,0.0,24,R2,0.0,0.0
zero,0,RELLIS-3D,0.0,00003_001766_03,0,0,0.0927872508764267,0.1201484203338623,0.0,36,R2,0.0,0.0
learned,0,RELLIS-3D,0.0,00003_001766_03,0,0,0.0927872508764267,0.1201484203338623,0.0,36,R2,0.0,0.0
fixed,0,RELLIS-3D,0.0,00003_001766_03,0,0,0.0927872508764267,0.1201484203338623,0.0,36,R2,0.0,0.0
zero,0,RELLIS-3D,0.0,00003_001766_03,0,0,0.0856698602437973,0.11499860882759094,0.0,48,R2,0.0,0.0
learned,0,RELLIS-3D,0.0,00003_001766_03,0,0,0.0856698602437973,0.11499860882759094,0.0,48,R2,0.0,0.0
fixed,0,RELLIS-3D,0.0,00003_001766_03,0,0,0.0856698602437973,0.11499860882759094,0.0,48,R2,0.0,0.0
zero,0,RELLIS-3D,0.0,00003_001766_04,0,0,0.10894688963890076,0.140256866812706,0.0,0,R2,0.0,0.0
learned,0,RELLIS-3D,0.0,00003_001766_04,0,0,0.10894688963890076,0.140256866812706,0.0,0,R2,0.0,0.0
fixed,0,RELLIS-3D,0.0,00003_001766_04,0,0,0.10894688963890076,0.140256866812706,0.0,0,R2,0.0,0.0
zero,0,RELLIS-3D,0.0,00003_001766_04,0,0,0.10840775072574615,0.13905444741249084,0.0,12,R2,0.0,0.0
learned,0,RELLIS-3D,0.0,00003_001766_04,0,0,0.10840775072574615,0.13905444741249084,0.0,12,R2,0.0,0.0
fixed,0,RELLIS-3D,0.0,00003_001766_04,0,0,0.10840775072574615,0.13905444741249084,0.0,12,R2,0.0,0.0
zero,0,RELLIS-3D,0.0,00003_001766_04,0,0,0.0973125547170639,0.128657728433609,0.0,24,R2,0.0,0.0
learned,0,RELLIS-3D,0.0,00003_001766_04,0,0,0.0973125547170639,0.128657728433609,0.0,24,R2,0.0,0.0
fixed,0,RELLIS-3D,0.0,00003_001766_04,0,0,0.0973125547170639,0.128657728433609,0.0,24,R2,0.0,0.0
zero,0,RELLIS-3D,0.0,00003_001766_04,0,0,0.08427127450704575,0.11670824140310287,0.0,36,R2,0.0,0.0
learned,0,RELLIS-3D,0.0,00003_001766_04,0,0,0.08427127450704575,0.11670824140310287,0.0,36,R2,0.0,0.0
fixed,0,RELLIS-3D,0.0,00003_001766_04,0,0,0.08427127450704575,0.11670824140310287,0.0,36,R2,0.0,0.0
zero,0,RELLIS-3D,0.0,00003_001766_04,0,0,0.07903480529785156,0.10708294808864594,0.0,48,R2,0.0,0.0
learned,0,RELLIS-3D,0.0,00003_001766_04,0,0,0.07903480529785156,0.10708294808864594,0.0,48,R2,0.0,0.0
fixed,0,RELLIS-3D,0.0,00003_001766_04,0,0,0.07903480529785156,0.10708294808864594,0.0,48,R2,0.0,0.0
zero,0,RELLIS-3D,0.0,00003_001766_05,0,0,0.10471156239509583,0.13126757740974426,0.0,0,R3,0.0,0.0
learned,0,RELLIS-3D,0.0,00003_001766_05,0,0,0.10471156239509583,0.13126757740974426,0.0,0,R3,0.0,0.0
fixed,0,RELLIS-3D,0.0,00003_001766_05,0,0,0.10471156239509583,0.13126757740974426,0.0,0,R3,0.0,0.0
zero,0,RELLIS-3D,0.0,00003_001766_05,0,0,0.10729001462459564,0.13275736570358276,0.0,12,R3,0.0,0.0
learned,0,RELLIS-3D,0.0,00003_001766_05,0,0,0.10729001462459564,0.13275736570358276,0.0,12,R3,0.0,0.0
fixed,0,RELLIS-3D,0.0,00003_001766_05,0,0,0.10729001462459564,0.13275736570358276,0.0,12,R3,0.0,0.0
zero,0,RELLIS-3D,0.0,00003_001766_05,0,0,0.0994555652141571,0.1260068118572235,0.0,24,R3,0.0,0.0
learned,0,RELLIS-3D,0.0,00003_001766_05,0,0,0.0994555652141571,0.1260068118572235,0.0,24,R3,0.0,0.0
fixed,0,RELLIS-3D,0.0,00003_001766_05,0,0,0.0994555652141571,0.1260068118572235,0.0,24,R3,0.0,0.0
zero,0,RELLIS-3D,0.0,00003_001766_05,0,0,0.08920489251613617,0.11749973893165588,0.0,36,R3,0.0,0.0
learned,0,RELLIS-3D,0.0,00003_001766_05,0,0,0.08920489251613617,0.11749973893165588,0.0,36,R3,0.0,0.0
fixed,0,RELLIS-3D,0.0,00003_001766_05,0,0,0.08920489251613617,0.11749973893165588,0.0,36,R3,0.0,0.0
zero,0,RELLIS-3D,0.0,00003_001766_05,0,0,0.08368431776762009,0.11114312708377838,0.0,48,R3,0.0,0.0
learned,0,RELLIS-3D,0.0,00003_001766_05,0,0,0.08368431776762009,0.11114312708377838,0.0,48,R3,0.0,0.0
fixed,0,RELLIS-3D,0.0,00003_001766_05,0,0,0.08368431776762009,0.11114312708377838,0.0,48,R3,0.0,0.0
zero,0,RELLIS-3D,0.0,00003_001766_05,0,0,0.07483343034982681,0.10378210991621017,0.0,60,R3,0.0,0.0
learned,0,RELLIS-3D,0.0,00003_001766_05,0,0,0.07483343034982681,0.10378210991621017,0.0,60,R3,0.0,0.0
fixed,0,RELLIS-3D,0.0,00003_001766_05,0,0,0.07483343034982681,0.10378210991621017,0.0,60,R3,0.0,0.0
zero,0,RELLIS-3D,0.0,00003_001766_06,0,0,0.11633936315774918,0.14540569484233856,0.0,0,R2,0.0,0.0
learned,0,RELLIS-3D,0.0,00003_001766_06,0,0,0.11633936315774918,0.14540569484233856,0.0,0,R2,0.0,0.0
fixed,0,RELLIS-3D,0.0,00003_001766_06,0,0,0.11633936315774918,0.14540569484233856,0.0,0,R2,0.0,0.0
zero,0,RELLIS-3D,0.0,00003_001766_06,0,0,0.10718955099582672,0.13862892985343933,0.0,12,R2,0.0,0.0
learned,0,RELLIS-3D,0.0,00003_001766_06,0,0,0.10718955099582672,0.13862892985343933,0.0,12,R2,0.0,0.0
fixed,0,RELLIS-3D,0.0,00003_001766_06,0,0,0.10718955099582672,0.13862892985343933,0.0,12,R2,0.0,0.0
zero,0,RELLIS-3D,0.0,00003_001766_06,0,0,0.10211922228336334,0.13302260637283325,0.0,24,R2,0.0,0.0
learned,0,RELLIS-3D,0.0,00003_001766_06,0,0,0.10211922228336334,0.13302260637283325,0.0,24,R2,0.0,0.0
fixed,0,RELLIS-3D,0.0,00003_001766_06,0,0,0.10211922228336334,0.13302260637283325,0.0,24,R2,0.0,0.0
zero,0,RELLIS-3D,0.0,00003_001766_06,0,0,0.08793756365776062,0.12004800140857697,0.0,36,R2,0.0,0.0
learned,0,RELLIS-3D,0.0,00003_001766_06,0,0,0.08793756365776062,0.12004800140857697,0.0,36,R2,0.0,0.0
fixed,0,RELLIS-3D,0.0,00003_001766_06,0,0,0.08793756365776062,0.12004800140857697,0.0,36,R2,0.0,0.0
zero,0,RELLIS-3D,0.0,00003_001766_06,0,0,0.07787736505270004,0.11094534397125244,0.0,48,R2,0.0,0.0
learned,0,RELLIS-3D,0.0,00003_001766_06,0,0,0.07787736505270004,0.11094534397125244,0.0,48,R2,0.0,0.0
fixed,0,RELLIS-3D,0.0,00003_001766_06,0,0,0.07787736505270004,0.11094534397125244,0.0,48,R2,0.0,0.0
zero,0,RELLIS-3D,0.0,00003_001766_06,0,0,0.07692738622426987,0.10524141788482666,0.0,60,R2,0.0,0.0
learned,0,RELLIS-3D,0.0,00003_001766_06,0,0,0.07692738622426987,0.10524141788482666,0.0,60,R2,0.0,0.0
fixed,0,RELLIS-3D,0.0,00003_001766_06,0,0,0.07692738622426987,0.10524141788482666,0.0,60,R2,0.0,0.0
zero,0,RELLIS-3D,0.0,00003_001766_06,0,0,0.076213039457798,0.10461115837097168,0.0,72,R2,0.0,0.0
learned,0,RELLIS-3D,0.0,00003_001766_06,0,0,0.076213039457798,0.10461115837097168,0.0,72,R2,0.0,0.0
fixed,0,RELLIS-3D,0.0,00003_001766_06,0,0,0.076213039457798,0.10461115837097168,0.0,72,R2,0.0,0.0
zero,0,RELLIS-3D,0.0,00003_001766_07,0,1,0.1078934520483017,0.13725683093070984,0.0,0,R2,0.0,0.0
learned,0,RELLIS-3D,-5.967908873572014e-05,00003_001766_07,0,1,0.1078934520483017,0.13725683093070984,0.13725683093070984,0,R2,0.00015594897558912635,0.00011027258005924523
fixed,0,RELLIS-3D,-0.0006521980394609272,00003_001766_07,0,1,0.1078934520483017,0.13725683093070984,1.5,0,R2,0.0017042756080627441,0.0012051048688590527
zero,0,RELLIS-3D,0.0,00003_001766_07,0,0,0.10641656070947647,0.1369791328907013,0.0,12,R2,0.0,0.0
learned,0,RELLIS-3D,0.0,00003_001766_07,0,0,0.10641656070947647,0.1369791328907013,0.0,12,R2,0.0,0.0
fixed,0,RELLIS-3D,0.0,00003_001766_07,0,0,0.10641656070947647,0.1369791328907013,0.0,12,R2,0.0,0.0
zero,0,RELLIS-3D,0.0,00003_001766_07,0,0,0.09227766841650009,0.1240597814321518,0.0,24,R2,0.0,0.0
learned,0,RELLIS-3D,0.0,00003_001766_07,0,0,0.09227766841650009,0.1240597814321518,0.0,24,R2,0.0,0.0
fixed,0,RELLIS-3D,0.0,00003_001766_07,0,0,0.09227766841650009,0.1240597814321518,0.0,24,R2,0.0,0.0
zero,0,RELLIS-3D,0.0,00003_001766_07,0,0,0.08081619441509247,0.11358600109815598,0.0,36,R2,0.0,0.0
learned,0,RELLIS-3D,0.0,00003_001766_07,0,0,0.08081619441509247,0.11358600109815598,0.0,36,R2,0.0,0.0
fixed,0,RELLIS-3D,0.0,00003_001766_07,0,0,0.08081619441509247,0.11358600109815598,0.0,36,R2,0.0,0.0
zero,0,RELLIS-3D,0.0,00003_001766_07,0,0,0.07771550863981247,0.10593445599079132,0.0,48,R2,0.0,0.0
learned,0,RELLIS-3D,0.0,00003_001766_07,0,0,0.07771550863981247,0.10593445599079132,0.0,48,R2,0.0,0.0
fixed,0,RELLIS-3D,0.0,00003_001766_07,0,0,0.07771550863981247,0.10593445599079132,0.0,48,R2,0.0,0.0
zero,0,RELLIS-3D,0.0,00003_001958_00,0,0,0.0690205991268158,0.10510928183794022,0.0,0,R2,0.0,0.0
learned,0,RELLIS-3D,0.0,00003_001958_00,0,0,0.0690205991268158,0.10510928183794022,0.0,0,R2,0.0,0.0
fixed,0,RELLIS-3D,0.0,00003_001958_00,0,0,0.0690205991268158,0.10510928183794022,0.0,0,R2,0.0,0.0
zero,0,RELLIS-3D,0.0,00003_001958_00,0,0,0.056678518652915955,0.09016051143407822,0.0,12,R2,0.0,0.0
learned,0,RELLIS-3D,0.0,00003_001958_00,0,0,0.056678518652915955,0.09016051143407822,0.0,12,R2,0.0,0.0
fixed,0,RELLIS-3D,0.0,00003_001958_00,0,0,0.056678518652915955,0.09016051143407822,0.0,12,R2,0.0,0.0
zero,0,RELLIS-3D,0.0,00003_001958_00,0,0,0.08588380366563797,0.1158740296959877,0.0,24,R2,0.0,0.0
learned,0,RELLIS-3D,0.0,00003_001958_00,0,0,0.08588380366563797,0.1158740296959877,0.0,24,R2,0.0,0.0
fixed,0,RELLIS-3D,0.0,00003_001958_00,0,0,0.08588380366563797,0.1158740296959877,0.0,24,R2,0.0,0.0
zero,0,RELLIS-3D,0.0,00003_001958_00,0,0,0.09261417388916016,0.11933779716491699,0.0,36,R2,0.0,0.0
learned,0,RELLIS-3D,0.0,00003_001958_00,0,0,0.09261417388916016,0.11933779716491699,0.0,36,R2,0.0,0.0
fixed,0,RELLIS-3D,0.0,00003_001958_00,0,0,0.09261417388916016,0.11933779716491699,0.0,36,R2,0.0,0.0
zero,0,RELLIS-3D,0.0,00003_001958_00,0,0,0.08273108303546906,0.11593758314847946,0.0,48,R2,0.0,0.0
learned,0,RELLIS-3D,0.0,00003_001958_00,0,0,0.08273108303546906,0.11593758314847946,0.0,48,R2,0.0,0.0
fixed,0,RELLIS-3D,0.0,00003_001958_00,0,0,0.08273108303546906,0.11593758314847946,0.0,48,R2,0.0,0.0
zero,0,RELLIS-3D,0.0,00003_001958_00,0,0,0.079324871301651,0.10446592420339584,0.0,60,R2,0.0,0.0
learned,0,RELLIS-3D,0.0,00003_001958_00,0,0,0.079324871301651,0.10446592420339584,0.0,60,R2,0.0,0.0
fixed,0,RELLIS-3D,0.0,00003_001958_00,0,0,0.079324871301651,0.10446592420339584,0.0,60,R2,0.0,0.0
zero,0,RELLIS-3D,0.0,00003_001958_01,0,0,0.061084114015102386,0.09560824185609818,0.0,0,R2,0.0,0.0
learned,0,RELLIS-3D,0.0,00003_001958_01,0,0,0.061084114015102386,0.09560824185609818,0.0,0,R2,0.0,0.0
fixed,0,RELLIS-3D,0.0,00003_001958_01,0,0,0.061084114015102386,0.09560824185609818,0.0,0,R2,0.0,0.0
zero,0,RELLIS-3D,0.0,00003_001958_01,0,0,0.07788635045289993,0.10940033942461014,0.0,12,R2,0.0,0.0
learned,0,RELLIS-3D,0.0,00003_001958_01,0,0,0.07788635045289993,0.10940033942461014,0.0,12,R2,0.0,0.0
fixed,0,RELLIS-3D,0.0,00003_001958_01,0,0,0.07788635045289993,0.10940033942461014,0.0,12,R2,0.0,0.0
zero,0,RELLIS-3D,0.0,00003_001958_01,0,0,0.09404852241277695,0.12232846766710281,0.0,24,R2,0.0,0.0
learned,0,RELLIS-3D,0.0,00003_001958_01,0,0,0.09404852241277695,0.12232846766710281,0.0,24,R2,0.0,0.0
fixed,0,RELLIS-3D,0.0,00003_001958_01,0,0,0.09404852241277695,0.12232846766710281,0.0,24,R2,0.0,0.0
zero,0,RELLIS-3D,0.0,00003_001958_01,0,0,0.0840296670794487,0.11458122730255127,0.0,36,R2,0.0,0.0
learned,0,RELLIS-3D,0.0,00003_001958_01,0,0,0.0840296670794487,0.11458122730255127,0.0,36,R2,0.0,0.0
fixed,0,RELLIS-3D,0.0,00003_001958_01,0,0,0.0840296670794487,0.11458122730255127,0.0,36,R2,0.0,0.0
zero,0,RELLIS-3D,0.0,00003_001958_01,0,0,0.07960635423660278,0.111700139939785,0.0,48,R2,0.0,0.0
learned,0,RELLIS-3D,0.0,00003_001958_01,0,0,0.07960635423660278,0.111700139939785,0.0,48,R2,0.0,0.0
fixed,0,RELLIS-3D,0.0,00003_001958_01,0,0,0.07960635423660278,0.111700139939785,0.0,48,R2,0.0,0.0
zero,0,RELLIS-3D,0.0,00003_001958_01,0,0,0.07900647073984146,0.10399597883224487,0.0,60,R2,0.0,0.0
learned,0,RELLIS-3D,0.0,00003_001958_01,0,0,0.07900647073984146,0.10399597883224487,0.0,60,R2,0.0,0.0
fixed,0,RELLIS-3D,0.0,00003_001958_01,0,0,0.07900647073984146,0.10399597883224487,0.0,60,R2,0.0,0.0
zero,0,RELLIS-3D,0.0,00003_001958_02,0,0,0.1005733385682106,0.1304495930671692,0.0,0,R2,0.0,0.0
learned,0,RELLIS-3D,0.0,00003_001958_02,0,0,0.1005733385682106,0.1304495930671692,0.0,0,R2,0.0,0.0
fixed,0,RELLIS-3D,0.0,00003_001958_02,0,0,0.1005733385682106,0.1304495930671692,0.0,0,R2,0.0,0.0
zero,0,RELLIS-3D,0.0,00003_001958_02,0,0,0.08841310441493988,0.11828584969043732,0.0,12,R2,0.0,0.0
learned,0,RELLIS-3D,0.0,00003_001958_02,0,0,0.08841310441493988,0.11828584969043732,0.0,12,R2,0.0,0.0
fixed,0,RELLIS-3D,0.0,00003_001958_02,0,0,0.08841310441493988,0.11828584969043732,0.0,12,R2,0.0,0.0
zero,0,RELLIS-3D,0.0,00003_001958_02,0,0,0.07958097755908966,0.11030494421720505,0.0,24,R2,0.0,0.0
learned,0,RELLIS-3D,0.0,00003_001958_02,0,0,0.07958097755908966,0.11030494421720505,0.0,24,R2,0.0,0.0
fixed,0,RELLIS-3D,0.0,00003_001958_02,0,0,0.07958097755908966,0.11030494421720505,0.0,24,R2,0.0,0.0
zero,0,RELLIS-3D,0.0,00003_001958_02,0,0,0.07213317602872849,0.10286591202020645,0.0,36,R2,0.0,0.0
learned,0,RELLIS-3D,0.0,00003_001958_02,0,0,0.07213317602872849,0.10286591202020645,0.0,36,R2,0.0,0.0
fixed,0,RELLIS-3D,0.0,00003_001958_02,0,0,0.07213317602872849,0.10286591202020645,0.0,36,R2,0.0,0.0
zero,0,RELLIS-3D,0.0,00003_001958_02,0,0,0.08195964992046356,0.10577665269374847,0.0,48,R2,0.0,0.0
learned,0,RELLIS-3D,0.0,00003_001958_02,0,0,0.08195964992046356,0.10577665269374847,0.0,48,R2,0.0,0.0
fixed,0,RELLIS-3D,0.0,00003_001958_02,0,0,0.08195964992046356,0.10577665269374847,0.0,48,R2,0.0,0.0
zero,0,RELLIS-3D,0.0,00003_001958_02,0,0,0.07911399751901627,0.10113555938005447,0.0,60,R2,0.0,0.0
learned,0,RELLIS-3D,0.0,00003_001958_02,0,0,0.07911399751901627,0.10113555938005447,0.0,60,R2,0.0,0.0
fixed,0,RELLIS-3D,0.0,00003_001958_02,0,0,0.07911399751901627,0.10113555938005447,0.0,60,R2,0.0,0.0
zero,0,RELLIS-3D,0.0,00003_001958_03,0,0,0.0440121628344059,0.08059036731719971,0.0,0,R2,0.0,0.0
learned,0,RELLIS-3D,0.0,00003_001958_03,0,0,0.0440121628344059,0.08059036731719971,0.0,0,R2,0.0,0.0
fixed,0,RELLIS-3D,0.0,00003_001958_03,0,0,0.0440121628344059,0.08059036731719971,0.0,0,R2,0.0,0.0
zero,0,RELLIS-3D,0.0,00003_001958_03,0,0,0.09154818207025528,0.12277083098888397,0.0,12,R2,0.0,0.0
learned,0,RELLIS-3D,0.0,00003_001958_03,0,0,0.09154818207025528,0.12277083098888397,0.0,12,R2,0.0,0.0
fixed,0,RELLIS-3D,0.0,00003_001958_03,0,0,0.09154818207025528,0.12277083098888397,0.0,12,R2,0.0,0.0
zero,0,RELLIS-3D,0.0,00003_001958_03,0,0,0.08368375897407532,0.11452142149209976,0.0,24,R2,0.0,0.0
learned,0,RELLIS-3D,0.0,00003_001958_03,0,0,0.08368375897407532,0.11452142149209976,0.0,24,R2,0.0,0.0
fixed,0,RELLIS-3D,0.0,00003_001958_03,0,0,0.08368375897407532,0.11452142149209976,0.0,24,R2,0.0,0.0
zero,0,RELLIS-3D,0.0,00003_001958_03,0,0,0.07057777047157288,0.1020006462931633,0.0,36,R2,0.0,0.0
learned,0,RELLIS-3D,0.0,00003_001958_03,0,0,0.07057777047157288,0.1020006462931633,0.0,36,R2,0.0,0.0
fixed,0,RELLIS-3D,0.0,00003_001958_03,0,0,0.07057777047157288,0.1020006462931633,0.0,36,R2,0.0,0.0
zero,0,RELLIS-3D,0.0,00003_001958_03,0,0,0.07011483609676361,0.09745414555072784,0.0,48,R2,0.0,0.0
learned,0,RELLIS-3D,0.0,00003_001958_03,0,0,0.07011483609676361,0.09745414555072784,0.0,48,R2,0.0,0.0
fixed,0,RELLIS-3D,0.0,00003_001958_03,0,0,0.07011483609676361,0.09745414555072784,0.0,48,R2,0.0,0.0
zero,0,RELLIS-3D,0.0,00003_001958_03,0,0,0.0801653116941452,0.10610488057136536,0.0,60,R2,0.0,0.0
learned,0,RELLIS-3D,0.0,00003_001958_03,0,0,0.0801653116941452,0.10610488057136536,0.0,60,R2,0.0,0.0
fixed,0,RELLIS-3D,0.0,00003_001958_03,0,0,0.0801653116941452,0.10610488057136536,0.0,60,R2,0.0,0.0
zero,0,RELLIS-3D,0.0,00003_001958_03,0,0,0.07817985117435455,0.10431297868490219,0.0,72,R2,0.0,0.0
learned,0,RELLIS-3D,0.0,00003_001958_03,0,0,0.07817985117435455,0.10431297868490219,0.0,72,R2,0.0,0.0
fixed,0,RELLIS-3D,0.0,00003_001958_03,0,0,0.07817985117435455,0.10431297868490219,0.0,72,R2,0.0,0.0
zero,0,RELLIS-3D,0.0,00003_001958_04,0,0,0.1060478463768959,0.14107337594032288,0.0,0,R3,0.0,0.0
learned,0,RELLIS-3D,0.0,00003_001958_04,0,0,0.1060478463768959,0.14107337594032288,0.0,0,R3,0.0,0.0
fixed,0,RELLIS-3D,0.0,00003_001958_04,0,0,0.1060478463768959,0.14107337594032288,0.0,0,R3,0.0,0.0
zero,0,RELLIS-3D,0.0,00003_001958_04,0,0,0.0928330272436142,0.12495122849941254,0.0,12,R3,0.0,0.0
learned,0,RELLIS-3D,0.0,00003_001958_04,0,0,0.0928330272436142,0.12495122849941254,0.0,12,R3,0.0,0.0
fixed,0,RELLIS-3D,0.0,00003_001958_04,0,0,0.0928330272436142,0.12495122849941254,0.0,12,R3,0.0,0.0
zero,0,RELLIS-3D,0.0,00003_001958_04,0,0,0.062070488929748535,0.09622231125831604,0.0,24,R3,0.0,0.0
learned,0,RELLIS-3D,0.0,00003_001958_04,0,0,0.062070488929748535,0.09622231125831604,0.0,24,R3,0.0,0.0
fixed,0,RELLIS-3D,0.0,00003_001958_04,0,0,0.062070488929748535,0.09622231125831604,0.0,24,R3,0.0,0.0
zero,0,RELLIS-3D,0.0,00003_001958_04,0,0,0.04522339999675751,0.07682368159294128,0.0,36,R3,0.0,0.0
learned,0,RELLIS-3D,0.0,00003_001958_04,0,0,0.04522339999675751,0.07682368159294128,0.0,36,R3,0.0,0.0
fixed,0,RELLIS-3D,0.0,00003_001958_04,0,0,0.04522339999675751,0.07682368159294128,0.0,36,R3,0.0,0.0
zero,0,RELLIS-3D,0.0,00003_001958_04,0,0,0.046301424503326416,0.07659842073917389,0.0,48,R3,0.0,0.0
learned,0,RELLIS-3D,0.0,00003_001958_04,0,0,0.046301424503326416,0.07659842073917389,0.0,48,R3,0.0,0.0
fixed,0,RELLIS-3D,0.0,00003_001958_04,0,0,0.046301424503326416,0.07659842073917389,0.0,48,R3,0.0,0.0
zero,0,RELLIS-3D,0.0,00003_001958_04,0,0,0.060688383877277374,0.09076619148254395,0.0,60,R3,0.0,0.0
learned,0,RELLIS-3D,0.0,00003_001958_04,0,0,0.060688383877277374,0.09076619148254395,0.0,60,R3,0.0,0.0
fixed,0,RELLIS-3D,0.0,00003_001958_04,0,0,0.060688383877277374,0.09076619148254395,0.0,60,R3,0.0,0.0
zero,0,RELLIS-3D,0.0,00003_001958_05,0,0,0.019878791645169258,0.045094918459653854,0.0,0,R2,0.0,0.0
learned,0,RELLIS-3D,0.0,00003_001958_05,0,0,0.019878791645169258,0.045094918459653854,0.0,0,R2,0.0,0.0
fixed,0,RELLIS-3D,0.0,00003_001958_05,0,0,0.019878791645169258,0.045094918459653854,0.0,0,R2,0.0,0.0
zero,0,RELLIS-3D,0.0,00003_001958_05,0,0,0.04258226603269577,0.07538958638906479,0.0,12,R2,0.0,0.0
learned,0,RELLIS-3D,0.0,00003_001958_05,0,0,0.04258226603269577,0.07538958638906479,0.0,12,R2,0.0,0.0
fixed,0,RELLIS-3D,0.0,00003_001958_05,0,0,0.04258226603269577,0.07538958638906479,0.0,12,R2,0.0,0.0
zero,0,RELLIS-3D,0.0,00003_001958_05,0,1,0.09591058641672134,0.12471810728311539,0.0,24,R2,0.0,0.0
learned,0,RELLIS-3D,-0.005392242223024368,00003_001958_05,0,1,0.09591058641672134,0.12471810728311539,0.12471810728311539,24,R2,0.031098496168851852,0.03062744252383709
fixed,0,RELLIS-3D,-0.06485317647457123,00003_001958_05,0,1,0.09591058641672134,0.12471810728311539,1.5,24,R2,0.3740254342556,0.3683600127696991
zero,0,RELLIS-3D,0.0,00003_001958_05,0,0,0.08010580390691757,0.11127892136573792,0.0,36,R2,0.0,0.0
learned,0,RELLIS-3D,0.0,00003_001958_05,0,0,0.08010580390691757,0.11127892136573792,0.0,36,R2,0.0,0.0
fixed,0,RELLIS-3D,0.0,00003_001958_05,0,0,0.08010580390691757,0.11127892136573792,0.0,36,R2,0.0,0.0
zero,0,RELLIS-3D,0.0,00003_001958_05,0,0,0.07168763130903244,0.10024804621934891,0.0,48,R2,0.0,0.0
learned,0,RELLIS-3D,0.0,00003_001958_05,0,0,0.07168763130903244,0.10024804621934891,0.0,48,R2,0.0,0.0
fixed,0,RELLIS-3D,0.0,00003_001958_05,0,0,0.07168763130903244,0.10024804621934891,0.0,48,R2,0.0,0.0
zero,0,RELLIS-3D,0.0,00003_001958_06,0,1,0.038126081228256226,0.07186846435070038,0.0,0,R2,0.0,0.0
learned,1,RELLIS-3D,0.06963511556386948,00003_001958_06,0,1,0.038126081228256226,0.07186846435070038,0.07186846435070038,0,R2,0.07189586758613586,0.043174199759960175
fixed,1,RELLIS-3D,1.453386902809143,00003_001958_06,0,1,0.038126081228256226,0.07186846435070038,1.5,0,R2,1.5005722045898438,0.9011088609695435
zero,0,RELLIS-3D,0.0,00003_001958_06,0,0,0.08887019753456116,0.11930537223815918,0.0,12,R2,0.0,0.0
learned,0,RELLIS-3D,0.0,00003_001958_06,0,0,0.08887019753456116,0.11930537223815918,0.0,12,R2,0.0,0.0
fixed,0,RELLIS-3D,0.0,00003_001958_06,0,0,0.08887019753456116,0.11930537223815918,0.0,12,R2,0.0,0.0
zero,0,RELLIS-3D,0.0,00003_001958_06,0,0,0.07294756174087524,0.10446660220623016,0.0,24,R2,0.0,0.0
learned,0,RELLIS-3D,0.0,00003_001958_06,0,0,0.07294756174087524,0.10446660220623016,0.0,24,R2,0.0,0.0
fixed,0,RELLIS-3D,0.0,00003_001958_06,0,0,0.07294756174087524,0.10446660220623016,0.0,24,R2,0.0,0.0
zero,0,RELLIS-3D,0.0,00003_001958_06,0,0,0.06615345925092697,0.09777829051017761,0.0,36,R2,0.0,0.0
learned,0,RELLIS-3D,0.0,00003_001958_06,0,0,0.06615345925092697,0.09777829051017761,0.0,36,R2,0.0,0.0
fixed,0,RELLIS-3D,0.0,00003_001958_06,0,0,0.06615345925092697,0.09777829051017761,0.0,36,R2,0.0,0.0
zero,0,RELLIS-3D,0.0,00003_001958_06,0,0,0.0810960978269577,0.10585901141166687,0.0,48,R2,0.0,0.0
learned,0,RELLIS-3D,0.0,00003_001958_06,0,0,0.0810960978269577,0.10585901141166687,0.0,48,R2,0.0,0.0
fixed,0,RELLIS-3D,0.0,00003_001958_06,0,0,0.0810960978269577,0.10585901141166687,0.0,48,R2,0.0,0.0
zero,0,RELLIS-3D,0.0,00003_001958_06,0,0,0.07918353378772736,0.1043703705072403,0.0,60,R2,0.0,0.0
learned,0,RELLIS-3D,0.0,00003_001958_06,0,0,0.07918353378772736,0.1043703705072403,0.0,60,R2,0.0,0.0
fixed,0,RELLIS-3D,0.0,00003_001958_06,0,0,0.07918353378772736,0.1043703705072403,0.0,60,R2,0.0,0.0
zero,0,RELLIS-3D,0.0,00003_001958_07,0,0,0.0690205991268158,0.10510928183794022,0.0,0,R2,0.0,0.0
learned,0,RELLIS-3D,0.0,00003_001958_07,0,0,0.0690205991268158,0.10510928183794022,0.0,0,R2,0.0,0.0
fixed,0,RELLIS-3D,0.0,00003_001958_07,0,0,0.0690205991268158,0.10510928183794022,0.0,0,R2,0.0,0.0
zero,0,RELLIS-3D,0.0,00003_001958_07,0,0,0.08133186399936676,0.11490955203771591,0.0,12,R2,0.0,0.0
learned,0,RELLIS-3D,0.0,00003_001958_07,0,0,0.08133186399936676,0.11490955203771591,0.0,12,R2,0.0,0.0
fixed,0,RELLIS-3D,0.0,00003_001958_07,0,0,0.08133186399936676,0.11490955203771591,0.0,12,R2,0.0,0.0
zero,0,RELLIS-3D,0.0,00003_001958_07,0,0,0.08355225622653961,0.1141151711344719,0.0,24,R2,0.0,0.0
learned,0,RELLIS-3D,0.0,00003_001958_07,0,0,0.08355225622653961,0.1141151711344719,0.0,24,R2,0.0,0.0
fixed,0,RELLIS-3D,0.0,00003_001958_07,0,0,0.08355225622653961,0.1141151711344719,0.0,24,R2,0.0,0.0
zero,0,RELLIS-3D,0.0,00003_001958_07,0,0,0.07378726452589035,0.10510098934173584,0.0,36,R2,0.0,0.0
learned,0,RELLIS-3D,0.0,00003_001958_07,0,0,0.07378726452589035,0.10510098934173584,0.0,36,R2,0.0,0.0
fixed,0,RELLIS-3D,0.0,00003_001958_07,0,0,0.07378726452589035,0.10510098934173584,0.0,36,R2,0.0,0.0
zero,0,RELLIS-3D,0.0,00003_001958_07,0,0,0.07081181555986404,0.10413908213376999,0.0,48,R2,0.0,0.0
learned,0,RELLIS-3D,0.0,00003_001958_07,0,0,0.07081181555986404,0.10413908213376999,0.0,48,R2,0.0,0.0
fixed,0,RELLIS-3D,0.0,00003_001958_07,0,0,0.07081181555986404,0.10413908213376999,0.0,48,R2,0.0,0.0
zero,0,RELLIS-3D,0.0,00003_001958_07,0,0,0.08012032508850098,0.10365286469459534,0.0,60,R2,0.0,0.0
learned,0,RELLIS-3D,0.0,00003_001958_07,0,0,0.08012032508850098,0.10365286469459534,0.0,60,R2,0.0,0.0
fixed,0,RELLIS-3D,0.0,00003_001958_07,0,0,0.08012032508850098,0.10365286469459534,0.0,60,R2,0.0,0.0
zero,0,RELLIS-3D,0.0,00003_001894_00,0,0,0.02905413880944252,0.057809650897979736,0.0,0,R3,0.0,0.0
learned,0,RELLIS-3D,0.0,00003_001894_00,0,0,0.02905413880944252,0.057809650897979736,0.0,0,R3,0.0,0.0
fixed,0,RELLIS-3D,0.0,00003_001894_00,0,0,0.02905413880944252,0.057809650897979736,0.0,0,R3,0.0,0.0
zero,0,RELLIS-3D,0.0,00003_001894_00,0,0,0.05763909965753555,0.08868656307458878,0.0,12,R3,0.0,0.0
learned,0,RELLIS-3D,0.0,00003_001894_00,0,0,0.05763909965753555,0.08868656307458878,0.0,12,R3,0.0,0.0
fixed,0,RELLIS-3D,0.0,00003_001894_00,0,0,0.05763909965753555,0.08868656307458878,0.0,12,R3,0.0,0.0
zero,0,RELLIS-3D,0.0,00003_001894_00,0,0,0.09520120918750763,0.1201111450791359,0.0,24,R3,0.0,0.0
learned,0,RELLIS-3D,0.0,00003_001894_00,0,0,0.09520120918750763,0.1201111450791359,0.0,24,R3,0.0,0.0
fixed,0,RELLIS-3D,0.0,00003_001894_00,0,0,0.09520120918750763,0.1201111450791359,0.0,24,R3,0.0,0.0
zero,0,RELLIS-3D,0.0,00003_001894_00,0,0,0.087920643389225,0.11423960328102112,0.0,36,R3,0.0,0.0
learned,0,RELLIS-3D,0.0,00003_001894_00,0,0,0.087920643389225,0.11423960328102112,0.0,36,R3,0.0,0.0
fixed,0,RELLIS-3D,0.0,00003_001894_00,0,0,0.087920643389225,0.11423960328102112,0.0,36,R3,0.0,0.0
zero,0,RELLIS-3D,0.0,00003_001894_00,0,0,0.07981343567371368,0.10360358655452728,0.0,48,R3,0.0,0.0
learned,0,RELLIS-3D,0.0,00003_001894_00,0,0,0.07981343567371368,0.10360358655452728,0.0,48,R3,0.0,0.0
fixed,0,RELLIS-3D,0.0,00003_001894_00,0,0,0.07981343567371368,0.10360358655452728,0.0,48,R3,0.0,0.0
zero,0,RELLIS-3D,0.0,00003_001894_00,0,0,0.0738384798169136,0.11182048916816711,0.0,60,R3,0.0,0.0
learned,0,RELLIS-3D,0.0,00003_001894_00,0,0,0.0738384798169136,0.11182048916816711,0.0,60,R3,0.0,0.0
fixed,0,RELLIS-3D,0.0,00003_001894_00,0,0,0.0738384798169136,0.11182048916816711,0.0,60,R3,0.0,0.0
zero,0,RELLIS-3D,0.0,00003_001894_00,0,0,0.07470066845417023,0.11329123377799988,0.0,72,R3,0.0,0.0
learned,0,RELLIS-3D,0.0,00003_001894_00,0,0,0.07470066845417023,0.11329123377799988,0.0,72,R3,0.0,0.0
fixed,0,RELLIS-3D,0.0,00003_001894_00,0,0,0.07470066845417023,0.11329123377799988,0.0,72,R3,0.0,0.0
zero,0,RELLIS-3D,0.0,00003_001894_01,0,0,0.02905413880944252,0.057809650897979736,0.0,0,R3,0.0,0.0
learned,0,RELLIS-3D,0.0,00003_001894_01,0,0,0.02905413880944252,0.057809650897979736,0.0,0,R3,0.0,0.0
fixed,0,RELLIS-3D,0.0,00003_001894_01,0,0,0.02905413880944252,0.057809650897979736,0.0,0,R3,0.0,0.0
zero,0,RELLIS-3D,0.0,00003_001894_01,0,0,0.05763909965753555,0.08868656307458878,0.0,12,R3,0.0,0.0
learned,0,RELLIS-3D,0.0,00003_001894_01,0,0,0.05763909965753555,0.08868656307458878,0.0,12,R3,0.0,0.0
fixed,0,RELLIS-3D,0.0,00003_001894_01,0,0,0.05763909965753555,0.08868656307458878,0.0,12,R3,0.0,0.0
zero,0,RELLIS-3D,0.0,00003_001894_01,0,0,0.09520120918750763,0.1201111450791359,0.0,24,R3,0.0,0.0
learned,0,RELLIS-3D,0.0,00003_001894_01,0,0,0.09520120918750763,0.1201111450791359,0.0,24,R3,0.0,0.0
fixed,0,RELLIS-3D,0.0,00003_001894_01,0,0,0.09520120918750763,0.1201111450791359,0.0,24,R3,0.0,0.0
zero,0,RELLIS-3D,0.0,00003_001894_01,0,0,0.087920643389225,0.11423960328102112,0.0,36,R3,0.0,0.0
learned,0,RELLIS-3D,0.0,00003_001894_01,0,0,0.087920643389225,0.11423960328102112,0.0,36,R3,0.0,0.0
fixed,0,RELLIS-3D,0.0,00003_001894_01,0,0,0.087920643389225,0.11423960328102112,0.0,36,R3,0.0,0.0
zero,0,RELLIS-3D,0.0,00003_001894_01,0,0,0.07981343567371368,0.10360358655452728,0.0,48,R3,0.0,0.0
learned,0,RELLIS-3D,0.0,00003_001894_01,0,0,0.07981343567371368,0.10360358655452728,0.0,48,R3,0.0,0.0
fixed,0,RELLIS-3D,0.0,00003_001894_01,0,0,0.07981343567371368,0.10360358655452728,0.0,48,R3,0.0,0.0
zero,0,RELLIS-3D,0.0,00003_001894_01,0,0,0.0779508724808693,0.11282109469175339,0.0,60,R3,0.0,0.0
learned,0,RELLIS-3D,0.0,00003_001894_01,0,0,0.0779508724808693,0.11282109469175339,0.0,60,R3,0.0,0.0
fixed,0,RELLIS-3D,0.0,00003_001894_01,0,0,0.0779508724808693,0.11282109469175339,0.0,60,R3,0.0,0.0
zero,0,RELLIS-3D,0.0,00003_001894_02,0,0,0.11083021014928818,0.12823206186294556,0.0,0,R2,0.0,0.0
learned,0,RELLIS-3D,0.0,00003_001894_02,0,0,0.11083021014928818,0.12823206186294556,0.0,0,R2,0.0,0.0
fixed,0,RELLIS-3D,0.0,00003_001894_02,0,0,0.11083021014928818,0.12823206186294556,0.0,0,R2,0.0,0.0
zero,0,RELLIS-3D,0.0,00003_001894_02,0,0,0.10857212543487549,0.12316853553056717,0.0,12,R2,0.0,0.0
learned,0,RELLIS-3D,0.0,00003_001894_02,0,0,0.10857212543487549,0.12316853553056717,0.0,12,R2,0.0,0.0
fixed,0,RELLIS-3D,0.0,00003_001894_02,0,0,0.10857212543487549,0.12316853553056717,0.0,12,R2,0.0,0.0
zero,0,RELLIS-3D,0.0,00003_001894_02,0,0,0.11912748217582703,0.12507414817810059,0.0,24,R2,0.0,0.0
learned,0,RELLIS-3D,0.0,00003_001894_02,0,0,0.11912748217582703,0.12507414817810059,0.0,24,R2,0.0,0.0
fixed,0,RELLIS-3D,0.0,00003_001894_02,0,0,0.11912748217582703,0.12507414817810059,0.0,24,R2,0.0,0.0
zero,0,RELLIS-3D,0.0,00003_001894_02,0,0,0.10264240950345993,0.11637122184038162,0.0,36,R2,0.0,0.0
learned,0,RELLIS-3D,0.0,00003_001894_02,0,0,0.10264240950345993,0.11637122184038162,0.0,36,R2,0.0,0.0
fixed,0,RELLIS-3D,0.0,00003_001894_02,0,0,0.10264240950345993,0.11637122184038162,0.0,36,R2,0.0,0.0
zero,0,RELLIS-3D,0.0,00003_001894_02,0,0,0.08438007533550262,0.11446309089660645,0.0,48,R2,0.0,0.0
learned,0,RELLIS-3D,0.0,00003_001894_02,0,0,0.08438007533550262,0.11446309089660645,0.0,48,R2,0.0,0.0
fixed,0,RELLIS-3D,0.0,00003_001894_02,0,0,0.08438007533550262,0.11446309089660645,0.0,48,R2,0.0,0.0
zero,0,RELLIS-3D,0.0,00003_001894_02,0,0,0.0783114954829216,0.11176928877830505,0.0,60,R2,0.0,0.0
learned,0,RELLIS-3D,0.0,00003_001894_02,0,0,0.0783114954829216,0.11176928877830505,0.0,60,R2,0.0,0.0
fixed,0,RELLIS-3D,0.0,00003_001894_02,0,0,0.0783114954829216,0.11176928877830505,0.0,60,R2,0.0,0.0
zero,0,RELLIS-3D,0.0,00003_001894_03,0,0,0.11585414409637451,0.12493626773357391,0.0,0,R3,0.0,0.0
learned,0,RELLIS-3D,0.0,00003_001894_03,0,0,0.11585414409637451,0.12493626773357391,0.0,0,R3,0.0,0.0
fixed,0,RELLIS-3D,0.0,00003_001894_03,0,0,0.11585414409637451,0.12493626773357391,0.0,0,R3,0.0,0.0
zero,0,RELLIS-3D,0.0,00003_001894_03,0,0,0.11909161508083344,0.12432418018579483,0.0,12,R3,0.0,0.0
learned,0,RELLIS-3D,0.0,00003_001894_03,0,0,0.11909161508083344,0.12432418018579483,0.0,12,R3,0.0,0.0
fixed,0,RELLIS-3D,0.0,00003_001894_03,0,0,0.11909161508083344,0.12432418018579483,0.0,12,R3,0.0,0.0
zero,0,RELLIS-3D,0.0,00003_001894_03,0,0,0.10382428020238876,0.12048497796058655,0.0,24,R3,0.0,0.0
learned,0,RELLIS-3D,0.0,00003_001894_03,0,0,0.10382428020238876,0.12048497796058655,0.0,24,R3,0.0,0.0
fixed,0,RELLIS-3D,0.0,00003_001894_03,0,0,0.10382428020238876,0.12048497796058655,0.0,24,R3,0.0,0.0
zero,0,RELLIS-3D,0.0,00003_001894_03,0,0,0.09035560488700867,0.11728264391422272,0.0,36,R3,0.0,0.0
learned,0,RELLIS-3D,0.0,00003_001894_03,0,0,0.09035560488700867,0.11728264391422272,0.0,36,R3,0.0,0.0
fixed,0,RELLIS-3D,0.0,00003_001894_03,0,0,0.09035560488700867,0.11728264391422272,0.0,36,R3,0.0,0.0
zero,0,RELLIS-3D,0.0,00003_001894_03,0,0,0.08314885944128036,0.11252652108669281,0.0,48,R3,0.0,0.0
learned,0,RELLIS-3D,0.0,00003_001894_03,0,0,0.08314885944128036,0.11252652108669281,0.0,48,R3,0.0,0.0
fixed,0,RELLIS-3D,0.0,00003_001894_03,0,0,0.08314885944128036,0.11252652108669281,0.0,48,R3,0.0,0.0
zero,0,RELLIS-3D,0.0,00003_001894_04,0,0,0.11611800640821457,0.12594552338123322,0.0,0,R3,0.0,0.0
learned,0,RELLIS-3D,0.0,00003_001894_04,0,0,0.11611800640821457,0.12594552338123322,0.0,0,R3,0.0,0.0
fixed,0,RELLIS-3D,0.0,00003_001894_04,0,0,0.11611800640821457,0.12594552338123322,0.0,0,R3,0.0,0.0
zero,0,RELLIS-3D,0.0,00003_001894_04,0,0,0.11966858804225922,0.12555043399333954,0.0,12,R3,0.0,0.0
learned,0,RELLIS-3D,0.0,00003_001894_04,0,0,0.11966858804225922,0.12555043399333954,0.0,12,R3,0.0,0.0
fixed,0,RELLIS-3D,0.0,00003_001894_04,0,0,0.11966858804225922,0.12555043399333954,0.0,12,R3,0.0,0.0
zero,0,RELLIS-3D,0.0,00003_001894_04,0,0,0.10981809347867966,0.11982419341802597,0.0,24,R3,0.0,0.0
learned,0,RELLIS-3D,0.0,00003_001894_04,0,0,0.10981809347867966,0.11982419341802597,0.0,24,R3,0.0,0.0
fixed,0,RELLIS-3D,0.0,00003_001894_04,0,0,0.10981809347867966,0.11982419341802597,0.0,24,R3,0.0,0.0
zero,0,RELLIS-3D,0.0,00003_001894_04,0,0,0.09232589602470398,0.11955121159553528,0.0,36,R3,0.0,0.0
learned,0,RELLIS-3D,0.0,00003_001894_04,0,0,0.09232589602470398,0.11955121159553528,0.0,36,R3,0.0,0.0
fixed,0,RELLIS-3D,0.0,00003_001894_04,0,0,0.09232589602470398,0.11955121159553528,0.0,36,R3,0.0,0.0
zero,0,RELLIS-3D,0.0,00003_001894_04,0,0,0.08218398690223694,0.11345554888248444,0.0,48,R3,0.0,0.0
learned,0,RELLIS-3D,0.0,00003_001894_04,0,0,0.08218398690223694,0.11345554888248444,0.0,48,R3,0.0,0.0
fixed,0,RELLIS-3D,0.0,00003_001894_04,0,0,0.08218398690223694,0.11345554888248444,0.0,48,R3,0.0,0.0
zero,0,RELLIS-3D,0.0,00003_001894_04,0,0,0.0774340033531189,0.111901193857193,0.0,60,R3,0.0,0.0
learned,0,RELLIS-3D,0.0,00003_001894_04,0,0,0.0774340033531189,0.111901193857193,0.0,60,R3,0.0,0.0
fixed,0,RELLIS-3D,0.0,00003_001894_04,0,0,0.0774340033531189,0.111901193857193,0.0,60,R3,0.0,0.0
zero,0,RELLIS-3D,0.0,00003_001894_05,0,0,0.10537827014923096,0.12273546308279037,0.0,0,R2,0.0,0.0
learned,0,RELLIS-3D,0.0,00003_001894_05,0,0,0.10537827014923096,0.12273546308279037,0.0,0,R2,0.0,0.0
fixed,0,RELLIS-3D,0.0,00003_001894_05,0,0,0.10537827014923096,0.12273546308279037,0.0,0,R2,0.0,0.0
zero,0,RELLIS-3D,0.0,00003_001894_05,0,0,0.11941255629062653,0.125063955783844,0.0,12,R2,0.0,0.0
learned,0,RELLIS-3D,0.0,00003_001894_05,0,0,0.11941255629062653,0.125063955783844,0.0,12,R2,0.0,0.0
fixed,0,RELLIS-3D,0.0,00003_001894_05,0,0,0.11941255629062653,0.125063955783844,0.0,12,R2,0.0,0.0
zero,0,RELLIS-3D,0.0,00003_001894_05,0,0,0.11589903384447098,0.12211307138204575,0.0,24,R2,0.0,0.0
learned,0,RELLIS-3D,0.0,00003_001894_05,0,0,0.11589903384447098,0.12211307138204575,0.0,24,R2,0.0,0.0
fixed,0,RELLIS-3D,0.0,00003_001894_05,0,0,0.11589903384447098,0.12211307138204575,0.0,24,R2,0.0,0.0
zero,0,RELLIS-3D,0.0,00003_001894_05,0,0,0.09461966156959534,0.12138434499502182,0.0,36,R2,0.0,0.0
learned,0,RELLIS-3D,0.0,00003_001894_05,0,0,0.09461966156959534,0.12138434499502182,0.0,36,R2,0.0,0.0
fixed,0,RELLIS-3D,0.0,00003_001894_05,0,0,0.09461966156959534,0.12138434499502182,0.0,36,R2,0.0,0.0
zero,0,RELLIS-3D,0.0,00003_001894_05,0,0,0.08402445912361145,0.11420051753520966,0.0,48,R2,0.0,0.0
learned,0,RELLIS-3D,0.0,00003_001894_05,0,0,0.08402445912361145,0.11420051753520966,0.0,48,R2,0.0,0.0
fixed,0,RELLIS-3D,0.0,00003_001894_05,0,0,0.08402445912361145,0.11420051753520966,0.0,48,R2,0.0,0.0
zero,0,RELLIS-3D,0.0,00003_001894_05,0,0,0.08037041872739792,0.10628622770309448,0.0,60,R2,0.0,0.0
learned,0,RELLIS-3D,0.0,00003_001894_05,0,0,0.08037041872739792,0.10628622770309448,0.0,60,R2,0.0,0.0
fixed,0,RELLIS-3D,0.0,00003_001894_05,0,0,0.08037041872739792,0.10628622770309448,0.0,60,R2,0.0,0.0
zero,0,RELLIS-3D,0.0,00003_001894_05,0,0,0.08159015327692032,0.10682587325572968,0.0,72,R2,0.0,0.0
learned,0,RELLIS-3D,0.0,00003_001894_05,0,0,0.08159015327692032,0.10682587325572968,0.0,72,R2,0.0,0.0
fixed,0,RELLIS-3D,0.0,00003_001894_05,0,0,0.08159015327692032,0.10682587325572968,0.0,72,R2,0.0,0.0
zero,0,RELLIS-3D,0.0,00003_001894_06,0,1,0.10052819550037384,0.1246253028512001,0.0,0,R3,0.0,0.0
learned,1,RELLIS-3D,0.051230840384960175,00003_001894_06,0,1,0.10052819550037384,0.1246253028512001,0.1246253028512001,0,R3,0.06974340975284576,0.02411632239818573
fixed,1,RELLIS-3D,0.6166183948516846,00003_001894_06,0,1,0.10052819550037384,0.1246253028512001,1.5,0,R3,0.8394372463226318,0.2902659773826599
zero,0,RELLIS-3D,0.0,00003_001894_06,0,0,0.11644770205020905,0.12631571292877197,0.0,12,R3,0.0,0.0
learned,0,RELLIS-3D,0.0,00003_001894_06,0,0,0.11644770205020905,0.12631571292877197,0.0,12,R3,0.0,0.0
fixed,0,RELLIS-3D,0.0,00003_001894_06,0,0,0.11644770205020905,0.12631571292877197,0.0,12,R3,0.0,0.0
zero,0,RELLIS-3D,0.0,00003_001894_06,0,0,0.10956326127052307,0.12076713889837265,0.0,24,R3,0.0,0.0
learned,0,RELLIS-3D,0.0,00003_001894_06,0,0,0.10956326127052307,0.12076713889837265,0.0,24,R3,0.0,0.0
fixed,0,RELLIS-3D,0.0,00003_001894_06,0,0,0.10956326127052307,0.12076713889837265,0.0,24,R3,0.0,0.0
zero,0,RELLIS-3D,0.0,00003_001894_06,0,0,0.09142995625734329,0.11834263056516647,0.0,36,R3,0.0,0.0
learned,0,RELLIS-3D,0.0,00003_001894_06,0,0,0.09142995625734329,0.11834263056516647,0.0,36,R3,0.0,0.0
fixed,0,RELLIS-3D,0.0,00003_001894_06,0,0,0.09142995625734329,0.11834263056516647,0.0,36,R3,0.0,0.0
zero,0,RELLIS-3D,0.0,00003_001894_06,0,0,0.07560964673757553,0.10906834900379181,0.0,48,R3,0.0,0.0
learned,0,RELLIS-3D,0.0,00003_001894_06,0,0,0.07560964673757553,0.10906834900379181,0.0,48,R3,0.0,0.0
fixed,0,RELLIS-3D,0.0,00003_001894_06,0,0,0.07560964673757553,0.10906834900379181,0.0,48,R3,0.0,0.0
zero,0,RELLIS-3D,0.0,00003_001894_07,0,0,0.10687942802906036,0.12208107858896255,0.0,0,R3,0.0,0.0
learned,0,RELLIS-3D,0.0,00003_001894_07,0,0,0.10687942802906036,0.12208107858896255,0.0,0,R3,0.0,0.0
fixed,0,RELLIS-3D,0.0,00003_001894_07,0,0,0.10687942802906036,0.12208107858896255,0.0,0,R3,0.0,0.0
zero,0,RELLIS-3D,0.0,00003_001894_07,0,0,0.1200268417596817,0.12798799574375153,0.0,12,R3,0.0,0.0
learned,0,RELLIS-3D,0.0,00003_001894_07,0,0,0.1200268417596817,0.12798799574375153,0.0,12,R3,0.0,0.0
fixed,0,RELLIS-3D,0.0,00003_001894_07,0,0,0.1200268417596817,0.12798799574375153,0.0,12,R3,0.0,0.0
zero,0,RELLIS-3D,0.0,00003_001894_07,0,0,0.10970348119735718,0.11979791522026062,0.0,24,R3,0.0,0.0
learned,0,RELLIS-3D,0.0,00003_001894_07,0,0,0.10970348119735718,0.11979791522026062,0.0,24,R3,0.0,0.0
fixed,0,RELLIS-3D,0.0,00003_001894_07,0,0,0.10970348119735718,0.11979791522026062,0.0,24,R3,0.0,0.0
zero,0,RELLIS-3D,0.0,00003_001894_07,0,0,0.09083878248929977,0.11865517497062683,0.0,36,R3,0.0,0.0
learned,0,RELLIS-3D,0.0,00003_001894_07,0,0,0.09083878248929977,0.11865517497062683,0.0,36,R3,0.0,0.0
fixed,0,RELLIS-3D,0.0,00003_001894_07,0,0,0.09083878248929977,0.11865517497062683,0.0,36,R3,0.0,0.0
zero,0,RELLIS-3D,0.0,00003_001894_07,0,0,0.07912922650575638,0.11204040050506592,0.0,48,R3,0.0,0.0
learned,0,RELLIS-3D,0.0,00003_001894_07,0,0,0.07912922650575638,0.11204040050506592,0.0,48,R3,0.0,0.0
fixed,0,RELLIS-3D,0.0,00003_001894_07,0,0,0.07912922650575638,0.11204040050506592,0.0,48,R3,0.0,0.0
zero,0,RELLIS-3D,0.0,00003_001894_07,0,0,0.07511331886053085,0.10997302085161209,0.0,60,R3,0.0,0.0
learned,0,RELLIS-3D,0.0,00003_001894_07,0,0,0.07511331886053085,0.10997302085161209,0.0,60,R3,0.0,0.0
fixed,0,RELLIS-3D,0.0,00003_001894_07,0,0,0.07511331886053085,0.10997302085161209,0.0,60,R3,0.0,0.0
zero,0,RELLIS-3D,0.0,00003_000952_00,0,0,0.10778164863586426,0.1338759809732437,0.0,0,R3,0.0,0.0
learned,0,RELLIS-3D,0.0,00003_000952_00,0,0,0.10778164863586426,0.1338759809732437,0.0,0,R3,0.0,0.0
fixed,0,RELLIS-3D,0.0,00003_000952_00,0,0,0.10778164863586426,0.1338759809732437,0.0,0,R3,0.0,0.0
zero,0,RELLIS-3D,0.0,00003_000952_00,0,0,0.09069785475730896,0.11937373131513596,0.0,12,R3,0.0,0.0
learned,0,RELLIS-3D,0.0,00003_000952_00,0,0,0.09069785475730896,0.11937373131513596,0.0,12,R3,0.0,0.0
fixed,0,RELLIS-3D,0.0,00003_000952_00,0,0,0.09069785475730896,0.11937373131513596,0.0,12,R3,0.0,0.0
zero,0,RELLIS-3D,0.0,00003_000952_00,0,0,0.08453897386789322,0.11413655430078506,0.0,24,R3,0.0,0.0
learned,0,RELLIS-3D,0.0,00003_000952_00,0,0,0.08453897386789322,0.11413655430078506,0.0,24,R3,0.0,0.0
fixed,0,RELLIS-3D,0.0,00003_000952_00,0,0,0.08453897386789322,0.11413655430078506,0.0,24,R3,0.0,0.0
zero,0,RELLIS-3D,0.0,00003_000952_00,0,0,0.07953442633152008,0.1128038838505745,0.0,36,R3,0.0,0.0
learned,0,RELLIS-3D,0.0,00003_000952_00,0,0,0.07953442633152008,0.1128038838505745,0.0,36,R3,0.0,0.0
fixed,0,RELLIS-3D,0.0,00003_000952_00,0,0,0.07953442633152008,0.1128038838505745,0.0,36,R3,0.0,0.0
zero,0,RELLIS-3D,0.0,00003_000952_00,0,0,0.08005951344966888,0.11309478431940079,0.0,48,R3,0.0,0.0
learned,0,RELLIS-3D,0.0,00003_000952_00,0,0,0.08005951344966888,0.11309478431940079,0.0,48,R3,0.0,0.0
fixed,0,RELLIS-3D,0.0,00003_000952_00,0,0,0.08005951344966888,0.11309478431940079,0.0,48,R3,0.0,0.0
zero,0,RELLIS-3D,0.0,00003_000952_00,0,0,0.07736395299434662,0.10826484113931656,0.0,60,R3,0.0,0.0
learned,0,RELLIS-3D,0.0,00003_000952_00,0,0,0.07736395299434662,0.10826484113931656,0.0,60,R3,0.0,0.0
fixed,0,RELLIS-3D,0.0,00003_000952_00,0,0,0.07736395299434662,0.10826484113931656,0.0,60,R3,0.0,0.0
zero,0,RELLIS-3D,0.0,00003_000952_01,0,1,0.10353244096040726,0.13520558178424835,0.0,0,R3,0.0,0.0
learned,0,RELLIS-3D,0.009551715105772018,00003_000952_01,0,1,0.10353244096040726,0.13520558178424835,0.13520558178424835,0,R3,0.02754366397857666,0.027523189783096313
fixed,1,RELLIS-3D,0.10596878826618195,00003_000952_01,0,1,0.10353244096040726,0.13520558178424835,1.5,0,R3,0.30557534098625183,0.3053482174873352
zero,0,RELLIS-3D,0.0,00003_000952_01,0,0,0.09255223721265793,0.12423576414585114,0.0,12,R3,0.0,0.0
learned,0,RELLIS-3D,0.0,00003_000952_01,0,0,0.09255223721265793,0.12423576414585114,0.0,12,R3,0.0,0.0
fixed,0,RELLIS-3D,0.0,00003_000952_01,0,0,0.09255223721265793,0.12423576414585114,0.0,12,R3,0.0,0.0
zero,0,RELLIS-3D,0.0,00003_000952_01,0,0,0.09420213103294373,0.12773790955543518,0.0,24,R3,0.0,0.0
learned,0,RELLIS-3D,0.0,00003_000952_01,0,0,0.09420213103294373,0.12773790955543518,0.0,24,R3,0.0,0.0
fixed,0,RELLIS-3D,0.0,00003_000952_01,0,0,0.09420213103294373,0.12773790955543518,0.0,24,R3,0.0,0.0
zero,0,RELLIS-3D,0.0,00003_000952_01,0,0,0.0844714418053627,0.11528010666370392,0.0,36,R3,0.0,0.0
learned,0,RELLIS-3D,0.0,00003_000952_01,0,0,0.0844714418053627,0.11528010666370392,0.0,36,R3,0.0,0.0
fixed,0,RELLIS-3D,0.0,00003_000952_01,0,0,0.0844714418053627,0.11528010666370392,0.0,36,R3,0.0,0.0
zero,0,RELLIS-3D,0.0,00003_000952_01,0,0,0.07601213455200195,0.10450054705142975,0.0,48,R3,0.0,0.0
learned,0,RELLIS-3D,0.0,00003_000952_01,0,0,0.07601213455200195,0.10450054705142975,0.0,48,R3,0.0,0.0
fixed,0,RELLIS-3D,0.0,00003_000952_01,0,0,0.07601213455200195,0.10450054705142975,0.0,48,R3,0.0,0.0
zero,0,RELLIS-3D,0.0,00003_000952_01,0,0,0.0761248767375946,0.10499008744955063,0.0,60,R3,0.0,0.0
learned,0,RELLIS-3D,0.0,00003_000952_01,0,0,0.0761248767375946,0.10499008744955063,0.0,60,R3,0.0,0.0
fixed,0,RELLIS-3D,0.0,00003_000952_01,0,0,0.0761248767375946,0.10499008744955063,0.0,60,R3,0.0,0.0
zero,0,RELLIS-3D,0.0,00003_000952_02,0,0,0.09436909109354019,0.1304192692041397,0.0,0,R3,0.0,0.0
learned,0,RELLIS-3D,0.0,00003_000952_02,0,0,0.09436909109354019,0.1304192692041397,0.0,0,R3,0.0,0.0
fixed,0,RELLIS-3D,0.0,00003_000952_02,0,0,0.09436909109354019,0.1304192692041397,0.0,0,R3,0.0,0.0
zero,0,RELLIS-3D,0.0,00003_000952_02,0,0,0.08805926144123077,0.1228392943739891,0.0,12,R3,0.0,0.0
learned,0,RELLIS-3D,0.0,00003_000952_02,0,0,0.08805926144123077,0.1228392943739891,0.0,12,R3,0.0,0.0
fixed,0,RELLIS-3D,0.0,00003_000952_02,0,0,0.08805926144123077,0.1228392943739891,0.0,12,R3,0.0,0.0
zero,0,RELLIS-3D,0.0,00003_000952_02,0,0,0.09082239121198654,0.12096766382455826,0.0,24,R3,0.0,0.0
learned,0,RELLIS-3D,0.0,00003_000952_02,0,0,0.09082239121198654,0.12096766382455826,0.0,24,R3,0.0,0.0
fixed,0,RELLIS-3D,0.0,00003_000952_02,0,0,0.09082239121198654,0.12096766382455826,0.0,24,R3,0.0,0.0
zero,0,RELLIS-3D,0.0,00003_000952_02,0,0,0.08825300633907318,0.11380739510059357,0.0,36,R3,0.0,0.0
learned,0,RELLIS-3D,0.0,00003_000952_02,0,0,0.08825300633907318,0.11380739510059357,0.0,36,R3,0.0,0.0
fixed,0,RELLIS-3D,0.0,00003_000952_02,0,0,0.08825300633907318,0.11380739510059357,0.0,36,R3,0.0,0.0
zero,0,RELLIS-3D,0.0,00003_000952_02,0,0,0.08248676359653473,0.11193261295557022,0.0,48,R3,0.0,0.0
learned,0,RELLIS-3D,0.0,00003_000952_02,0,0,0.08248676359653473,0.11193261295557022,0.0,48,R3,0.0,0.0
fixed,0,RELLIS-3D,0.0,00003_000952_02,0,0,0.08248676359653473,0.11193261295557022,0.0,48,R3,0.0,0.0
zero,0,RELLIS-3D,0.0,00003_000952_02,0,0,0.07557755708694458,0.11016586422920227,0.0,60,R3,0.0,0.0
learned,0,RELLIS-3D,0.0,00003_000952_02,0,0,0.07557755708694458,0.11016586422920227,0.0,60,R3,0.0,0.0
fixed,0,RELLIS-3D,0.0,00003_000952_02,0,0,0.07557755708694458,0.11016586422920227,0.0,60,R3,0.0,0.0
zero,0,RELLIS-3D,0.0,00003_000952_02,0,0,0.07838287949562073,0.10671921819448471,0.0,72,R3,0.0,0.0
learned,0,RELLIS-3D,0.0,00003_000952_02,0,0,0.07838287949562073,0.10671921819448471,0.0,72,R3,0.0,0.0
fixed,0,RELLIS-3D,0.0,00003_000952_02,0,0,0.07838287949562073,0.10671921819448471,0.0,72,R3,0.0,0.0
zero,0,RELLIS-3D,0.0,00003_000952_03,0,0,0.09643702954053879,0.12763378024101257,0.0,0,R2,0.0,0.0
learned,0,RELLIS-3D,0.0,00003_000952_03,0,0,0.09643702954053879,0.12763378024101257,0.0,0,R2,0.0,0.0
fixed,0,RELLIS-3D,0.0,00003_000952_03,0,0,0.09643702954053879,0.12763378024101257,0.0,0,R2,0.0,0.0
zero,0,RELLIS-3D,0.0,00003_000952_03,0,0,0.09405985474586487,0.1239708811044693,0.0,12,R2,0.0,0.0
learned,0,RELLIS-3D,0.0,00003_000952_03,0,0,0.09405985474586487,0.1239708811044693,0.0,12,R2,0.0,0.0
fixed,0,RELLIS-3D,0.0,00003_000952_03,0,0,0.09405985474586487,0.1239708811044693,0.0,12,R2,0.0,0.0
zero,0,RELLIS-3D,0.0,00003_000952_03,0,0,0.09748221188783646,0.121959388256073,0.0,24,R2,0.0,0.0
learned,0,RELLIS-3D,0.0,00003_000952_03,0,0,0.09748221188783646,0.121959388256073,0.0,24,R2,0.0,0.0
fixed,0,RELLIS-3D,0.0,00003_000952_03,0,0,0.09748221188783646,0.121959388256073,0.0,24,R2,0.0,0.0
zero,0,RELLIS-3D,0.0,00003_000952_03,0,0,0.08986673504114151,0.11663489043712616,0.0,36,R2,0.0,0.0
learned,0,RELLIS-3D,0.0,00003_000952_03,0,0,0.08986673504114151,0.11663489043712616,0.0,36,R2,0.0,0.0
fixed,0,RELLIS-3D,0.0,00003_000952_03,0,0,0.08986673504114151,0.11663489043712616,0.0,36,R2,0.0,0.0
zero,0,RELLIS-3D,0.0,00003_000952_03,0,0,0.0828561782836914,0.11617057770490646,0.0,48,R2,0.0,0.0
learned,0,RELLIS-3D,0.0,00003_000952_03,0,0,0.0828561782836914,0.11617057770490646,0.0,48,R2,0.0,0.0
fixed,0,RELLIS-3D,0.0,00003_000952_03,0,0,0.0828561782836914,0.11617057770490646,0.0,48,R2,0.0,0.0
zero,0,RELLIS-3D,0.0,00003_000952_03,0,0,0.07571330666542053,0.11021304130554199,0.0,60,R2,0.0,0.0
learned,0,RELLIS-3D,0.0,00003_000952_03,0,0,0.07571330666542053,0.11021304130554199,0.0,60,R2,0.0,0.0
fixed,0,RELLIS-3D,0.0,00003_000952_03,0,0,0.07571330666542053,0.11021304130554199,0.0,60,R2,0.0,0.0
zero,0,RELLIS-3D,0.0,00003_000952_04,0,0,0.12806960940361023,0.14300912618637085,0.0,0,R3,0.0,0.0
learned,0,RELLIS-3D,0.0,00003_000952_04,0,0,0.12806960940361023,0.14300912618637085,0.0,0,R3,0.0,0.0
fixed,0,RELLIS-3D,0.0,00003_000952_04,0,0,0.12806960940361023,0.14300912618637085,0.0,0,R3,0.0,0.0
zero,0,RELLIS-3D,0.0,00003_000952_04,0,0,0.09201972186565399,0.1140715554356575,0.0,12,R3,0.0,0.0
learned,0,RELLIS-3D,0.0,00003_000952_04,0,0,0.09201972186565399,0.1140715554356575,0.0,12,R3,0.0,0.0
fixed,0,RELLIS-3D,0.0,00003_000952_04,0,0,0.09201972186565399,0.1140715554356575,0.0,12,R3,0.0,0.0
zero,0,RELLIS-3D,0.0,00003_000952_04,0,0,0.07523182034492493,0.09997180849313736,0.0,24,R3,0.0,0.0
learned,0,RELLIS-3D,0.0,00003_000952_04,0,0,0.07523182034492493,0.09997180849313736,0.0,24,R3,0.0,0.0
fixed,0,RELLIS-3D,0.0,00003_000952_04,0,0,0.07523182034492493,0.09997180849313736,0.0,24,R3,0.0,0.0
zero,0,RELLIS-3D,0.0,00003_000952_04,0,0,0.06608039140701294,0.09526371955871582,0.0,36,R3,0.0,0.0
learned,0,RELLIS-3D,0.0,00003_000952_04,0,0,0.06608039140701294,0.09526371955871582,0.0,36,R3,0.0,0.0
fixed,0,RELLIS-3D,0.0,00003_000952_04,0,0,0.06608039140701294,0.09526371955871582,0.0,36,R3,0.0,0.0
zero,0,RELLIS-3D,0.0,00003_000952_04,0,0,0.07305654138326645,0.10244739055633545,0.0,48,R3,0.0,0.0
learned,0,RELLIS-3D,0.0,00003_000952_04,0,0,0.07305654138326645,0.10244739055633545,0.0,48,R3,0.0,0.0
fixed,0,RELLIS-3D,0.0,00003_000952_04,0,0,0.07305654138326645,0.10244739055633545,0.0,48,R3,0.0,0.0
zero,0,RELLIS-3D,0.0,00003_000952_04,0,0,0.07586781680583954,0.10618679225444794,0.0,60,R3,0.0,0.0
learned,0,RELLIS-3D,0.0,00003_000952_04,0,0,0.07586781680583954,0.10618679225444794,0.0,60,R3,0.0,0.0
fixed,0,RELLIS-3D,0.0,00003_000952_04,0,0,0.07586781680583954,0.10618679225444794,0.0,60,R3,0.0,0.0
zero,0,RELLIS-3D,0.0,00003_000952_05,0,0,0.09222575277090073,0.12482726573944092,0.0,0,R3,0.0,0.0
learned,0,RELLIS-3D,0.0,00003_000952_05,0,0,0.09222575277090073,0.12482726573944092,0.0,0,R3,0.0,0.0
fixed,0,RELLIS-3D,0.0,00003_000952_05,0,0,0.09222575277090073,0.12482726573944092,0.0,0,R3,0.0,0.0
zero,0,RELLIS-3D,0.0,00003_000952_05,0,0,0.09416680783033371,0.12244178354740143,0.0,12,R3,0.0,0.0
learned,0,RELLIS-3D,0.0,00003_000952_05,0,0,0.09416680783033371,0.12244178354740143,0.0,12,R3,0.0,0.0
fixed,0,RELLIS-3D,0.0,00003_000952_05,0,0,0.09416680783033371,0.12244178354740143,0.0,12,R3,0.0,0.0
zero,0,RELLIS-3D,0.0,00003_000952_05,0,0,0.09703026711940765,0.11936783790588379,0.0,24,R3,0.0,0.0
learned,0,RELLIS-3D,0.0,00003_000952_05,0,0,0.09703026711940765,0.11936783790588379,0.0,24,R3,0.0,0.0
fixed,0,RELLIS-3D,0.0,00003_000952_05,0,0,0.09703026711940765,0.11936783790588379,0.0,24,R3,0.0,0.0
zero,0,RELLIS-3D,0.0,00003_000952_05,0,0,0.08792339265346527,0.1154562458395958,0.0,36,R3,0.0,0.0
learned,0,RELLIS-3D,0.0,00003_000952_05,0,0,0.08792339265346527,0.1154562458395958,0.0,36,R3,0.0,0.0
fixed,0,RELLIS-3D,0.0,00003_000952_05,0,0,0.08792339265346527,0.1154562458395958,0.0,36,R3,0.0,0.0
zero,0,RELLIS-3D,0.0,00003_000952_05,0,0,0.0820280909538269,0.11460180580615997,0.0,48,R3,0.0,0.0
learned,0,RELLIS-3D,0.0,00003_000952_05,0,0,0.0820280909538269,0.11460180580615997,0.0,48,R3,0.0,0.0
fixed,0,RELLIS-3D,0.0,00003_000952_05,0,0,0.0820280909538269,0.11460180580615997,0.0,48,R3,0.0,0.0
zero,0,RELLIS-3D,0.0,00003_000952_06,0,0,0.10678292065858841,0.1390916407108307,0.0,0,R2,0.0,0.0
learned,0,RELLIS-3D,0.0,00003_000952_06,0,0,0.10678292065858841,0.1390916407108307,0.0,0,R2,0.0,0.0
fixed,0,RELLIS-3D,0.0,00003_000952_06,0,0,0.10678292065858841,0.1390916407108307,0.0,0,R2,0.0,0.0
zero,0,RELLIS-3D,0.0,00003_000952_06,0,0,0.09296555817127228,0.12306049466133118,0.0,12,R2,0.0,0.0
learned,0,RELLIS-3D,0.0,00003_000952_06,0,0,0.09296555817127228,0.12306049466133118,0.0,12,R2,0.0,0.0
fixed,0,RELLIS-3D,0.0,00003_000952_06,0,0,0.09296555817127228,0.12306049466133118,0.0,12,R2,0.0,0.0
zero,0,RELLIS-3D,0.0,00003_000952_06,0,0,0.09684405475854874,0.12233081459999084,0.0,24,R2,0.0,0.0
learned,0,RELLIS-3D,0.0,00003_000952_06,0,0,0.09684405475854874,0.12233081459999084,0.0,24,R2,0.0,0.0
fixed,0,RELLIS-3D,0.0,00003_000952_06,0,0,0.09684405475854874,0.12233081459999084,0.0,24,R2,0.0,0.0
zero,0,RELLIS-3D,0.0,00003_000952_06,0,0,0.09093660861253738,0.11540628969669342,0.0,36,R2,0.0,0.0
learned,0,RELLIS-3D,0.0,00003_000952_06,0,0,0.09093660861253738,0.11540628969669342,0.0,36,R2,0.0,0.0
fixed,0,RELLIS-3D,0.0,00003_000952_06,0,0,0.09093660861253738,0.11540628969669342,0.0,36,R2,0.0,0.0
zero,0,RELLIS-3D,0.0,00003_000952_06,0,0,0.08452142775058746,0.11804196983575821,0.0,48,R2,0.0,0.0
learned,0,RELLIS-3D,0.0,00003_000952_06,0,0,0.08452142775058746,0.11804196983575821,0.0,48,R2,0.0,0.0
fixed,0,RELLIS-3D,0.0,00003_000952_06,0,0,0.08452142775058746,0.11804196983575821,0.0,48,R2,0.0,0.0
zero,0,RELLIS-3D,0.0,00003_000952_06,0,0,0.0799560472369194,0.11280858516693115,0.0,60,R2,0.0,0.0
learned,0,RELLIS-3D,0.0,00003_000952_06,0,0,0.0799560472369194,0.11280858516693115,0.0,60,R2,0.0,0.0
fixed,0,RELLIS-3D,0.0,00003_000952_06,0,0,0.0799560472369194,0.11280858516693115,0.0,60,R2,0.0,0.0
zero,0,RELLIS-3D,0.0,00003_000952_06,0,0,0.07632405310869217,0.10471780598163605,0.0,72,R2,0.0,0.0
learned,0,RELLIS-3D,0.0,00003_000952_06,0,0,0.07632405310869217,0.10471780598163605,0.0,72,R2,0.0,0.0
fixed,0,RELLIS-3D,0.0,00003_000952_06,0,0,0.07632405310869217,0.10471780598163605,0.0,72,R2,0.0,0.0
zero,0,RELLIS-3D,0.0,00003_000952_07,0,0,0.11580108106136322,0.13498401641845703,0.0,0,R2,0.0,0.0
learned,0,RELLIS-3D,0.0,00003_000952_07,0,0,0.11580108106136322,0.13498401641845703,0.0,0,R2,0.0,0.0
fixed,0,RELLIS-3D,0.0,00003_000952_07,0,0,0.11580108106136322,0.13498401641845703,0.0,0,R2,0.0,0.0
zero,0,RELLIS-3D,0.0,00003_000952_07,0,0,0.08269325643777847,0.1049225926399231,0.0,12,R2,0.0,0.0
learned,0,RELLIS-3D,0.0,00003_000952_07,0,0,0.08269325643777847,0.1049225926399231,0.0,12,R2,0.0,0.0
fixed,0,RELLIS-3D,0.0,00003_000952_07,0,0,0.08269325643777847,0.1049225926399231,0.0,12,R2,0.0,0.0
zero,0,RELLIS-3D,0.0,00003_000952_07,0,0,0.07043813169002533,0.0961938351392746,0.0,24,R2,0.0,0.0
learned,0,RELLIS-3D,0.0,00003_000952_07,0,0,0.07043813169002533,0.0961938351392746,0.0,24,R2,0.0,0.0
fixed,0,RELLIS-3D,0.0,00003_000952_07,0,0,0.07043813169002533,0.0961938351392746,0.0,24,R2,0.0,0.0
zero,0,RELLIS-3D,0.0,00003_000952_07,0,0,0.0717468410730362,0.10095974802970886,0.0,36,R2,0.0,0.0
learned,0,RELLIS-3D,0.0,00003_000952_07,0,0,0.0717468410730362,0.10095974802970886,0.0,36,R2,0.0,0.0
fixed,0,RELLIS-3D,0.0,00003_000952_07,0,0,0.0717468410730362,0.10095974802970886,0.0,36,R2,0.0,0.0
zero,0,RELLIS-3D,0.0,00003_000952_07,0,0,0.07391802966594696,0.10335506498813629,0.0,48,R2,0.0,0.0
learned,0,RELLIS-3D,0.0,00003_000952_07,0,0,0.07391802966594696,0.10335506498813629,0.0,48,R2,0.0,0.0
fixed,0,RELLIS-3D,0.0,00003_000952_07,0,0,0.07391802966594696,0.10335506498813629,0.0,48,R2,0.0,0.0
zero,0,RELLIS-3D,0.0,00003_000952_07,0,0,0.0755012109875679,0.10488442331552505,0.0,60,R2,0.0,0.0
learned,0,RELLIS-3D,0.0,00003_000952_07,0,0,0.0755012109875679,0.10488442331552505,0.0,60,R2,0.0,0.0
fixed,0,RELLIS-3D,0.0,00003_000952_07,0,0,0.0755012109875679,0.10488442331552505,0.0,60,R2,0.0,0.0
zero,0,RELLIS-3D,0.0,00003_000688_00,0,1,0.11024852097034454,0.13382957875728607,0.0,0,R3,0.0,0.0
learned,1,RELLIS-3D,0.02203349396586418,00003_000688_00,0,1,0.11024852097034454,0.13382957875728607,0.13382957875728607,0,R3,0.022620221599936485,0.013160775415599346
fixed,1,RELLIS-3D,0.2469576895236969,00003_000688_00,0,1,0.11024852097034454,0.13382957875728607,1.5,0,R3,0.25353389978408813,0.14750970900058746
zero,0,RELLIS-3D,0.0,00003_000688_00,0,0,0.10040166974067688,0.12462444603443146,0.0,12,R3,0.0,0.0
learned,0,RELLIS-3D,0.0,00003_000688_00,0,0,0.10040166974067688,0.12462444603443146,0.0,12,R3,0.0,0.0
fixed,0,RELLIS-3D,0.0,00003_000688_00,0,0,0.10040166974067688,0.12462444603443146,0.0,12,R3,0.0,0.0
zero,0,RELLIS-3D,0.0,00003_000688_00,0,0,0.09278233349323273,0.11896907538175583,0.0,24,R3,0.0,0.0
learned,0,RELLIS-3D,0.0,00003_000688_00,0,0,0.09278233349323273,0.11896907538175583,0.0,24,R3,0.0,0.0
fixed,0,RELLIS-3D,0.0,00003_000688_00,0,0,0.09278233349323273,0.11896907538175583,0.0,24,R3,0.0,0.0
zero,0,RELLIS-3D,0.0,00003_000688_00,0,0,0.08616647869348526,0.11347310245037079,0.0,36,R3,0.0,0.0
learned,0,RELLIS-3D,0.0,00003_000688_00,0,0,0.08616647869348526,0.11347310245037079,0.0,36,R3,0.0,0.0
fixed,0,RELLIS-3D,0.0,00003_000688_00,0,0,0.08616647869348526,0.11347310245037079,0.0,36,R3,0.0,0.0
zero,0,RELLIS-3D,0.0,00003_000688_00,0,0,0.08025773614645004,0.10978157818317413,0.0,48,R3,0.0,0.0
learned,0,RELLIS-3D,0.0,00003_000688_00,0,0,0.08025773614645004,0.10978157818317413,0.0,48,R3,0.0,0.0
fixed,0,RELLIS-3D,0.0,00003_000688_00,0,0,0.08025773614645004,0.10978157818317413,0.0,48,R3,0.0,0.0
zero,0,RELLIS-3D,0.0,00003_000688_01,0,0,0.12655413150787354,0.1457100659608841,0.0,0,R3,0.0,0.0
learned,0,RELLIS-3D,0.0,00003_000688_01,0,0,0.12655413150787354,0.1457100659608841,0.0,0,R3,0.0,0.0
fixed,0,RELLIS-3D,0.0,00003_000688_01,0,0,0.12655413150787354,0.1457100659608841,0.0,0,R3,0.0,0.0
zero,0,RELLIS-3D,0.0,00003_000688_01,0,0,0.10823087394237518,0.13006557524204254,0.0,12,R3,0.0,0.0
learned,0,RELLIS-3D,0.0,00003_000688_01,0,0,0.10823087394237518,0.13006557524204254,0.0,12,R3,0.0,0.0
fixed,0,RELLIS-3D,0.0,00003_000688_01,0,0,0.10823087394237518,0.13006557524204254,0.0,12,R3,0.0,0.0
zero,0,RELLIS-3D,0.0,00003_000688_01,0,0,0.09933754801750183,0.12250518798828125,0.0,24,R3,0.0,0.0
learned,0,RELLIS-3D,0.0,00003_000688_01,0,0,0.09933754801750183,0.12250518798828125,0.0,24,R3,0.0,0.0
fixed,0,RELLIS-3D,0.0,00003_000688_01,0,0,0.09933754801750183,0.12250518798828125,0.0,24,R3,0.0,0.0
zero,0,RELLIS-3D,0.0,00003_000688_01,0,0,0.09120762348175049,0.11701002717018127,0.0,36,R3,0.0,0.0
learned,0,RELLIS-3D,0.0,00003_000688_01,0,0,0.09120762348175049,0.11701002717018127,0.0,36,R3,0.0,0.0
fixed,0,RELLIS-3D,0.0,00003_000688_01,0,0,0.09120762348175049,0.11701002717018127,0.0,36,R3,0.0,0.0
zero,0,RELLIS-3D,0.0,00003_000688_01,0,0,0.08154138922691345,0.10943152010440826,0.0,48,R3,0.0,0.0
learned,0,RELLIS-3D,0.0,00003_000688_01,0,0,0.08154138922691345,0.10943152010440826,0.0,48,R3,0.0,0.0
fixed,0,RELLIS-3D,0.0,00003_000688_01,0,0,0.08154138922691345,0.10943152010440826,0.0,48,R3,0.0,0.0
zero,0,RELLIS-3D,0.0,00003_000688_01,0,0,0.07791510224342346,0.10614306479692459,0.0,60,R3,0.0,0.0
learned,0,RELLIS-3D,0.0,00003_000688_01,0,0,0.07791510224342346,0.10614306479692459,0.0,60,R3,0.0,0.0
fixed,0,RELLIS-3D,0.0,00003_000688_01,0,0,0.07791510224342346,0.10614306479692459,0.0,60,R3,0.0,0.0
zero,0,RELLIS-3D,0.0,00003_000688_01,0,0,0.07607799023389816,0.10449130088090897,0.0,72,R3,0.0,0.0
learned,0,RELLIS-3D,0.0,00003_000688_01,0,0,0.07607799023389816,0.10449130088090897,0.0,72,R3,0.0,0.0
fixed,0,RELLIS-3D,0.0,00003_000688_01,0,0,0.07607799023389816,0.10449130088090897,0.0,72,R3,0.0,0.0
zero,0,RELLIS-3D,0.0,00003_000688_02,0,0,0.09959186613559723,0.13125798106193542,0.0,0,R3,0.0,0.0
learned,0,RELLIS-3D,0.0,00003_000688_02,0,0,0.09959186613559723,0.13125798106193542,0.0,0,R3,0.0,0.0
fixed,0,RELLIS-3D,0.0,00003_000688_02,0,0,0.09959186613559723,0.13125798106193542,0.0,0,R3,0.0,0.0
zero,0,RELLIS-3D,0.0,00003_000688_02,0,0,0.08939192444086075,0.1239129900932312,0.0,12,R3,0.0,0.0
learned,0,RELLIS-3D,0.0,00003_000688_02,0,0,0.08939192444086075,0.1239129900932312,0.0,12,R3,0.0,0.0
fixed,0,RELLIS-3D,0.0,00003_000688_02,0,0,0.08939192444086075,0.1239129900932312,0.0,12,R3,0.0,0.0
zero,0,RELLIS-3D,0.0,00003_000688_02,0,0,0.08166588842868805,0.11521022766828537,0.0,24,R3,0.0,0.0
learned,0,RELLIS-3D,0.0,00003_000688_02,0,0,0.08166588842868805,0.11521022766828537,0.0,24,R3,0.0,0.0
fixed,0,RELLIS-3D,0.0,00003_000688_02,0,0,0.08166588842868805,0.11521022766828537,0.0,24,R3,0.0,0.0
zero,0,RELLIS-3D,0.0,00003_000688_02,0,0,0.07667191326618195,0.11009585857391357,0.0,36,R3,0.0,0.0
learned,0,RELLIS-3D,0.0,00003_000688_02,0,0,0.07667191326618195,0.11009585857391357,0.0,36,R3,0.0,0.0
fixed,0,RELLIS-3D,0.0,00003_000688_02,0,0,0.07667191326618195,0.11009585857391357,0.0,36,R3,0.0,0.0
zero,0,RELLIS-3D,0.0,00003_000688_02,0,0,0.07457127422094345,0.10712330043315887,0.0,48,R3,0.0,0.0
learned,0,RELLIS-3D,0.0,00003_000688_02,0,0,0.07457127422094345,0.10712330043315887,0.0,48,R3,0.0,0.0
fixed,0,RELLIS-3D,0.0,00003_000688_02,0,0,0.07457127422094345,0.10712330043315887,0.0,48,R3,0.0,0.0
zero,0,RELLIS-3D,0.0,00003_000688_02,0,0,0.07601824402809143,0.10550297796726227,0.0,60,R3,0.0,0.0
learned,0,RELLIS-3D,0.0,00003_000688_02,0,0,0.07601824402809143,0.10550297796726227,0.0,60,R3,0.0,0.0
fixed,0,RELLIS-3D,0.0,00003_000688_02,0,0,0.07601824402809143,0.10550297796726227,0.0,60,R3,0.0,0.0
zero,0,RELLIS-3D,0.0,00003_000688_02,0,0,0.07851861417293549,0.10754406452178955,0.0,72,R3,0.0,0.0
learned,0,RELLIS-3D,0.0,00003_000688_02,0,0,0.07851861417293549,0.10754406452178955,0.0,72,R3,0.0,0.0
fixed,0,RELLIS-3D,0.0,00003_000688_02,0,0,0.07851861417293549,0.10754406452178955,0.0,72,R3,0.0,0.0
zero,0,RELLIS-3D,0.0,00003_000688_03,0,1,0.10684329271316528,0.13059163093566895,0.0,0,R3,0.0,0.0
learned,1,RELLIS-3D,0.0283870417624712,00003_000688_03,0,1,0.10684329271316528,0.13059163093566895,0.13059163093566895,0,R3,0.029232950881123543,0.017313310876488686
fixed,1,RELLIS-3D,0.32605889439582825,00003_000688_03,0,1,0.10684329271316528,0.13059163093566895,1.5,0,R3,0.3357751667499542,0.1988639235496521
zero,0,RELLIS-3D,0.0,00003_000688_03,0,0,0.09830695390701294,0.12283320724964142,0.0,12,R3,0.0,0.0
learned,0,RELLIS-3D,0.0,00003_000688_03,0,0,0.09830695390701294,0.12283320724964142,0.0,12,R3,0.0,0.0
fixed,0,RELLIS-3D,0.0,00003_000688_03,0,0,0.09830695390701294,0.12283320724964142,0.0,12,R3,0.0,0.0
zero,0,RELLIS-3D,0.0,00003_000688_03,0,0,0.08978353440761566,0.11663220077753067,0.0,24,R3,0.0,0.0
learned,0,RELLIS-3D,0.0,00003_000688_03,0,0,0.08978353440761566,0.11663220077753067,0.0,24,R3,0.0,0.0
fixed,0,RELLIS-3D,0.0,00003_000688_03,0,0,0.08978353440761566,0.11663220077753067,0.0,24,R3,0.0,0.0
zero,0,RELLIS-3D,0.0,00003_000688_03,0,0,0.08413323014974594,0.11306115984916687,0.0,36,R3,0.0,0.0
learned,0,RELLIS-3D,0.0,00003_000688_03,0,0,0.08413323014974594,0.11306115984916687,0.0,36,R3,0.0,0.0
fixed,0,RELLIS-3D,0.0,00003_000688_03,0,0,0.08413323014974594,0.11306115984916687,0.0,36,R3,0.0,0.0
zero,0,RELLIS-3D,0.0,00003_000688_03,0,0,0.07677719742059708,0.1060071513056755,0.0,48,R3,0.0,0.0
learned,0,RELLIS-3D,0.0,00003_000688_03,0,0,0.07677719742059708,0.1060071513056755,0.0,48,R3,0.0,0.0
fixed,0,RELLIS-3D,0.0,00003_000688_03,0,0,0.07677719742059708,0.1060071513056755,0.0,48,R3,0.0,0.0
zero,0,RELLIS-3D,0.0,00003_000688_04,0,0,0.11114265024662018,0.13367527723312378,0.0,0,R2,0.0,0.0
learned,0,RELLIS-3D,0.0,00003_000688_04,0,0,0.11114265024662018,0.13367527723312378,0.0,0,R2,0.0,0.0
fixed,0,RELLIS-3D,0.0,00003_000688_04,0,0,0.11114265024662018,0.13367527723312378,0.0,0,R2,0.0,0.0
zero,0,RELLIS-3D,0.0,00003_000688_04,0,0,0.09873498976230621,0.12408427149057388,0.0,12,R2,0.0,0.0
learned,0,RELLIS-3D,0.0,00003_000688_04,0,0,0.09873498976230621,0.12408427149057388,0.0,12,R2,0.0,0.0
fixed,0,RELLIS-3D,0.0,00003_000688_04,0,0,0.09873498976230621,0.12408427149057388,0.0,12,R2,0.0,0.0
zero,0,RELLIS-3D,0.0,00003_000688_04,0,0,0.09121925383806229,0.11784523725509644,0.0,24,R2,0.0,0.0
learned,0,RELLIS-3D,0.0,00003_000688_04,0,0,0.09121925383806229,0.11784523725509644,0.0,24,R2,0.0,0.0
fixed,0,RELLIS-3D,0.0,00003_000688_04,0,0,0.09121925383806229,0.11784523725509644,0.0,24,R2,0.0,0.0
zero,0,RELLIS-3D,0.0,00003_000688_04,0,0,0.08606939017772675,0.11368993669748306,0.0,36,R2,0.0,0.0
learned,0,RELLIS-3D,0.0,00003_000688_04,0,0,0.08606939017772675,0.11368993669748306,0.0,36,R2,0.0,0.0
fixed,0,RELLIS-3D,0.0,00003_000688_04,0,0,0.08606939017772675,0.11368993669748306,0.0,36,R2,0.0,0.0
zero,0,RELLIS-3D,0.0,00003_000688_04,0,0,0.07905521988868713,0.10813907533884048,0.0,48,R2,0.0,0.0
learned,0,RELLIS-3D,0.0,00003_000688_04,0,0,0.07905521988868713,0.10813907533884048,0.0,48,R2,0.0,0.0
fixed,0,RELLIS-3D,0.0,00003_000688_04,0,0,0.07905521988868713,0.10813907533884048,0.0,48,R2,0.0,0.0
zero,0,RELLIS-3D,0.0,00003_000688_04,0,0,0.07694242149591446,0.10526824742555618,0.0,60,R2,0.0,0.0
learned,0,RELLIS-3D,0.0,00003_000688_04,0,0,0.07694242149591446,0.10526824742555618,0.0,60,R2,0.0,0.0
fixed,0,RELLIS-3D,0.0,00003_000688_04,0,0,0.07694242149591446,0.10526824742555618,0.0,60,R2,0.0,0.0
zero,0,RELLIS-3D,0.0,00003_000688_05,0,0,0.09959186613559723,0.13125798106193542,0.0,0,R3,0.0,0.0
learned,0,RELLIS-3D,0.0,00003_000688_05,0,0,0.09959186613559723,0.13125798106193542,0.0,0,R3,0.0,0.0
fixed,0,RELLIS-3D,0.0,00003_000688_05,0,0,0.09959186613559723,0.13125798106193542,0.0,0,R3,0.0,0.0
zero,0,RELLIS-3D,0.0,00003_000688_05,0,0,0.08931836485862732,0.12260130047798157,0.0,12,R3,0.0,0.0
learned,0,RELLIS-3D,0.0,00003_000688_05,0,0,0.08931836485862732,0.12260130047798157,0.0,12,R3,0.0,0.0
fixed,0,RELLIS-3D,0.0,00003_000688_05,0,0,0.08931836485862732,0.12260130047798157,0.0,12,R3,0.0,0.0
zero,0,RELLIS-3D,0.0,00003_000688_05,0,0,0.081504687666893,0.11453695595264435,0.0,24,R3,0.0,0.0
learned,0,RELLIS-3D,0.0,00003_000688_05,0,0,0.081504687666893,0.11453695595264435,0.0,24,R3,0.0,0.0
fixed,0,RELLIS-3D,0.0,00003_000688_05,0,0,0.081504687666893,0.11453695595264435,0.0,24,R3,0.0,0.0
zero,0,RELLIS-3D,0.0,00003_000688_05,0,0,0.07743693143129349,0.11014989018440247,0.0,36,R3,0.0,0.0
learned,0,RELLIS-3D,0.0,00003_000688_05,0,0,0.07743693143129349,0.11014989018440247,0.0,36,R3,0.0,0.0
fixed,0,RELLIS-3D,0.0,00003_000688_05,0,0,0.07743693143129349,0.11014989018440247,0.0,36,R3,0.0,0.0
zero,0,RELLIS-3D,0.0,00003_000688_05,0,0,0.07473202794790268,0.10668084770441055,0.0,48,R3,0.0,0.0
learned,0,RELLIS-3D,0.0,00003_000688_05,0,0,0.07473202794790268,0.10668084770441055,0.0,48,R3,0.0,0.0
fixed,0,RELLIS-3D,0.0,00003_000688_05,0,0,0.07473202794790268,0.10668084770441055,0.0,48,R3,0.0,0.0
zero,0,RELLIS-3D,0.0,00003_000688_05,0,0,0.07597467303276062,0.10439880192279816,0.0,60,R3,0.0,0.0
learned,0,RELLIS-3D,0.0,00003_000688_05,0,0,0.07597467303276062,0.10439880192279816,0.0,60,R3,0.0,0.0
fixed,0,RELLIS-3D,0.0,00003_000688_05,0,0,0.07597467303276062,0.10439880192279816,0.0,60,R3,0.0,0.0
zero,0,RELLIS-3D,0.0,00003_000688_06,0,0,0.1157216876745224,0.13696588575839996,0.0,0,R3,0.0,0.0
learned,0,RELLIS-3D,0.0,00003_000688_06,0,0,0.1157216876745224,0.13696588575839996,0.0,0,R3,0.0,0.0
fixed,0,RELLIS-3D,0.0,00003_000688_06,0,0,0.1157216876745224,0.13696588575839996,0.0,0,R3,0.0,0.0
zero,0,RELLIS-3D,0.0,00003_000688_06,0,0,0.10520778596401215,0.1256936490535736,0.0,12,R3,0.0,0.0
learned,0,RELLIS-3D,0.0,00003_000688_06,0,0,0.10520778596401215,0.1256936490535736,0.0,12,R3,0.0,0.0
fixed,0,RELLIS-3D,0.0,00003_000688_06,0,0,0.10520778596401215,0.1256936490535736,0.0,12,R3,0.0,0.0
zero,0,RELLIS-3D,0.0,00003_000688_06,0,0,0.09747098386287689,0.12093973159790039,0.0,24,R3,0.0,0.0
learned,0,RELLIS-3D,0.0,00003_000688_06,0,0,0.09747098386287689,0.12093973159790039,0.0,24,R3,0.0,0.0
fixed,0,RELLIS-3D,0.0,00003_000688_06,0,0,0.09747098386287689,0.12093973159790039,0.0,24,R3,0.0,0.0
zero,0,RELLIS-3D,0.0,00003_000688_06,0,0,0.0873720720410347,0.11364559829235077,0.0,36,R3,0.0,0.0
learned,0,RELLIS-3D,0.0,00003_000688_06,0,0,0.0873720720410347,0.11364559829235077,0.0,36,R3,0.0,0.0
fixed,0,RELLIS-3D,0.0,00003_000688_06,0,0,0.0873720720410347,0.11364559829235077,0.0,36,R3,0.0,0.0
zero,0,RELLIS-3D,0.0,00003_000688_06,0,0,0.08079654723405838,0.10915079712867737,0.0,48,R3,0.0,0.0
learned,0,RELLIS-3D,0.0,00003_000688_06,0,0,0.08079654723405838,0.10915079712867737,0.0,48,R3,0.0,0.0
fixed,0,RELLIS-3D,0.0,00003_000688_06,0,0,0.08079654723405838,0.10915079712867737,0.0,48,R3,0.0,0.0
zero,0,RELLIS-3D,0.0,00003_000688_06,0,0,0.07787787914276123,0.10391511023044586,0.0,60,R3,0.0,0.0
learned,0,RELLIS-3D,0.0,00003_000688_06,0,0,0.07787787914276123,0.10391511023044586,0.0,60,R3,0.0,0.0
fixed,0,RELLIS-3D,0.0,00003_000688_06,0,0,0.07787787914276123,0.10391511023044586,0.0,60,R3,0.0,0.0
zero,0,RELLIS-3D,0.0,00003_000688_06,0,0,0.07854261249303818,0.10600108653306961,0.0,72,R3,0.0,0.0
learned,0,RELLIS-3D,0.0,00003_000688_06,0,0,0.07854261249303818,0.10600108653306961,0.0,72,R3,0.0,0.0
fixed,0,RELLIS-3D,0.0,00003_000688_06,0,0,0.07854261249303818,0.10600108653306961,0.0,72,R3,0.0,0.0
zero,0,RELLIS-3D,0.0,00003_000688_07,0,1,0.10684329271316528,0.13059163093566895,0.0,0,R3,0.0,0.0
learned,1,RELLIS-3D,0.0283870417624712,00003_000688_07,0,1,0.10684329271316528,0.13059163093566895,0.13059163093566895,0,R3,0.029232950881123543,0.017313310876488686
fixed,1,RELLIS-3D,0.32605889439582825,00003_000688_07,0,1,0.10684329271316528,0.13059163093566895,1.5,0,R3,0.3357751667499542,0.1988639235496521
zero,0,RELLIS-3D,0.0,00003_000688_07,0,0,0.09830695390701294,0.12283320724964142,0.0,12,R3,0.0,0.0
learned,0,RELLIS-3D,0.0,00003_000688_07,0,0,0.09830695390701294,0.12283320724964142,0.0,12,R3,0.0,0.0
fixed,0,RELLIS-3D,0.0,00003_000688_07,0,0,0.09830695390701294,0.12283320724964142,0.0,12,R3,0.0,0.0
zero,0,RELLIS-3D,0.0,00003_000688_07,0,0,0.08978353440761566,0.11663220077753067,0.0,24,R3,0.0,0.0
learned,0,RELLIS-3D,0.0,00003_000688_07,0,0,0.08978353440761566,0.11663220077753067,0.0,24,R3,0.0,0.0
fixed,0,RELLIS-3D,0.0,00003_000688_07,0,0,0.08978353440761566,0.11663220077753067,0.0,24,R3,0.0,0.0
zero,0,RELLIS-3D,0.0,00003_000688_07,0,0,0.08307383209466934,0.11102340370416641,0.0,36,R3,0.0,0.0
learned,0,RELLIS-3D,0.0,00003_000688_07,0,0,0.08307383209466934,0.11102340370416641,0.0,36,R3,0.0,0.0
fixed,0,RELLIS-3D,0.0,00003_000688_07,0,0,0.08307383209466934,0.11102340370416641,0.0,36,R3,0.0,0.0
zero,0,RELLIS-3D,0.0,00003_000688_07,0,0,0.07895269989967346,0.1078762486577034,0.0,48,R3,0.0,0.0
learned,0,RELLIS-3D,0.0,00003_000688_07,0,0,0.07895269989967346,0.1078762486577034,0.0,48,R3,0.0,0.0
fixed,0,RELLIS-3D,0.0,00003_000688_07,0,0,0.07895269989967346,0.1078762486577034,0.0,48,R3,0.0,0.0
zero,0,RELLIS-3D,0.0,00003_000688_07,0,0,0.07634009420871735,0.10565276443958282,0.0,60,R3,0.0,0.0
learned,0,RELLIS-3D,0.0,00003_000688_07,0,0,0.07634009420871735,0.10565276443958282,0.0,60,R3,0.0,0.0
fixed,0,RELLIS-3D,0.0,00003_000688_07,0,0,0.07634009420871735,0.10565276443958282,0.0,60,R3,0.0,0.0
zero,0,RELLIS-3D,0.0,00003_000862_00,0,0,0.09425967931747437,0.12721951305866241,0.0,0,R3,0.0,0.0
learned,0,RELLIS-3D,0.0,00003_000862_00,0,0,0.09425967931747437,0.12721951305866241,0.0,0,R3,0.0,0.0
fixed,0,RELLIS-3D,0.0,00003_000862_00,0,0,0.09425967931747437,0.12721951305866241,0.0,0,R3,0.0,0.0
zero,0,RELLIS-3D,0.0,00003_000862_00,0,0,0.0836956650018692,0.11671777814626694,0.0,12,R3,0.0,0.0
learned,0,RELLIS-3D,0.0,00003_000862_00,0,0,0.0836956650018692,0.11671777814626694,0.0,12,R3,0.0,0.0
fixed,0,RELLIS-3D,0.0,00003_000862_00,0,0,0.0836956650018692,0.11671777814626694,0.0,12,R3,0.0,0.0
zero,0,RELLIS-3D,0.0,00003_000862_00,0,0,0.0853523537516594,0.11717668920755386,0.0,24,R3,0.0,0.0
learned,0,RELLIS-3D,0.0,00003_000862_00,0,0,0.0853523537516594,0.11717668920755386,0.0,24,R3,0.0,0.0
fixed,0,RELLIS-3D,0.0,00003_000862_00,0,0,0.0853523537516594,0.11717668920755386,0.0,24,R3,0.0,0.0
zero,0,RELLIS-3D,0.0,00003_000862_00,0,0,0.07637239247560501,0.10864637047052383,0.0,36,R3,0.0,0.0
learned,0,RELLIS-3D,0.0,00003_000862_00,0,0,0.07637239247560501,0.10864637047052383,0.0,36,R3,0.0,0.0
fixed,0,RELLIS-3D,0.0,00003_000862_00,0,0,0.07637239247560501,0.10864637047052383,0.0,36,R3,0.0,0.0
zero,0,RELLIS-3D,0.0,00003_000862_00,0,0,0.07464595884084702,0.10752298682928085,0.0,48,R3,0.0,0.0
learned,0,RELLIS-3D,0.0,00003_000862_00,0,0,0.07464595884084702,0.10752298682928085,0.0,48,R3,0.0,0.0
fixed,0,RELLIS-3D,0.0,00003_000862_00,0,0,0.07464595884084702,0.10752298682928085,0.0,48,R3,0.0,0.0
zero,0,RELLIS-3D,0.0,00003_000862_00,0,0,0.07616472989320755,0.10457280278205872,0.0,60,R3,0.0,0.0
learned,0,RELLIS-3D,0.0,00003_000862_00,0,0,0.07616472989320755,0.10457280278205872,0.0,60,R3,0.0,0.0
fixed,0,RELLIS-3D,0.0,00003_000862_00,0,0,0.07616472989320755,0.10457280278205872,0.0,60,R3,0.0,0.0
zero,0,RELLIS-3D,0.0,00003_000862_00,0,0,0.0784406065940857,0.10677105188369751,0.0,72,R3,0.0,0.0
learned,0,RELLIS-3D,0.0,00003_000862_00,0,0,0.0784406065940857,0.10677105188369751,0.0,72,R3,0.0,0.0
fixed,0,RELLIS-3D,0.0,00003_000862_00,0,0,0.0784406065940857,0.10677105188369751,0.0,72,R3,0.0,0.0
zero,0,RELLIS-3D,0.0,00003_000862_01,0,1,0.10876883566379547,0.13228510320186615,0.0,0,R3,0.0,0.0
learned,0,RELLIS-3D,-0.007430559955537319,00003_000862_01,0,1,0.10876883566379547,0.13228510320186615,0.13228510320186615,0,R3,0.031138282269239426,0.02509337104856968
fixed,0,RELLIS-3D,-0.08425620198249817,00003_000862_01,0,1,0.10876883566379547,0.13228510320186615,1.5,0,R3,0.35308152437210083,0.2845373749732971
zero,0,RELLIS-3D,0.0,00003_000862_01,0,0,0.09890930354595184,0.12489344924688339,0.0,12,R3,0.0,0.0
learned,0,RELLIS-3D,0.0,00003_000862_01,0,0,0.09890930354595184,0.12489344924688339,0.0,12,R3,0.0,0.0
fixed,0,RELLIS-3D,0.0,00003_000862_01,0,0,0.09890930354595184,0.12489344924688339,0.0,12,R3,0.0,0.0
zero,0,RELLIS-3D,0.0,00003_000862_01,0,0,0.08458706736564636,0.11787150055170059,0.0,24,R3,0.0,0.0
learned,0,RELLIS-3D,0.0,00003_000862_01,0,0,0.08458706736564636,0.11787150055170059,0.0,24,R3,0.0,0.0
fixed,0,RELLIS-3D,0.0,00003_000862_01,0,0,0.08458706736564636,0.11787150055170059,0.0,24,R3,0.0,0.0
zero,0,RELLIS-3D,0.0,00003_000862_01,0,0,0.07669509947299957,0.11054043471813202,0.0,36,R3,0.0,0.0
learned,0,RELLIS-3D,0.0,00003_000862_01,0,0,0.07669509947299957,0.11054043471813202,0.0,36,R3,0.0,0.0
fixed,0,RELLIS-3D,0.0,00003_000862_01,0,0,0.07669509947299957,0.11054043471813202,0.0,36,R3,0.0,0.0
zero,0,RELLIS-3D,0.0,00003_000862_01,0,0,0.07382086664438248,0.10850432515144348,0.0,48,R3,0.0,0.0
learned,0,RELLIS-3D,0.0,00003_000862_01,0,0,0.07382086664438248,0.10850432515144348,0.0,48,R3,0.0,0.0
fixed,0,RELLIS-3D,0.0,00003_000862_01,0,0,0.07382086664438248,0.10850432515144348,0.0,48,R3,0.0,0.0
zero,0,RELLIS-3D,0.0,00003_000862_02,0,0,0.09425967931747437,0.12721951305866241,0.0,0,R3,0.0,0.0
learned,0,RELLIS-3D,0.0,00003_000862_02,0,0,0.09425967931747437,0.12721951305866241,0.0,0,R3,0.0,0.0
fixed,0,RELLIS-3D,0.0,00003_000862_02,0,0,0.09425967931747437,0.12721951305866241,0.0,0,R3,0.0,0.0
zero,0,RELLIS-3D,0.0,00003_000862_02,0,0,0.09335494786500931,0.12319512665271759,0.0,12,R3,0.0,0.0
learned,0,RELLIS-3D,0.0,00003_000862_02,0,0,0.09335494786500931,0.12319512665271759,0.0,12,R3,0.0,0.0
fixed,0,RELLIS-3D,0.0,00003_000862_02,0,0,0.09335494786500931,0.12319512665271759,0.0,12,R3,0.0,0.0
zero,0,RELLIS-3D,0.0,00003_000862_02,0,0,0.08586569875478745,0.11856914311647415,0.0,24,R3,0.0,0.0
learned,0,RELLIS-3D,0.0,00003_000862_02,0,0,0.08586569875478745,0.11856914311647415,0.0,24,R3,0.0,0.0
fixed,0,RELLIS-3D,0.0,00003_000862_02,0,0,0.08586569875478745,0.11856914311647415,0.0,24,R3,0.0,0.0
zero,0,RELLIS-3D,0.0,00003_000862_02,0,0,0.07725699245929718,0.11063753813505173,0.0,36,R3,0.0,0.0
learned,0,RELLIS-3D,0.0,00003_000862_02,0,0,0.07725699245929718,0.11063753813505173,0.0,36,R3,0.0,0.0
fixed,0,RELLIS-3D,0.0,00003_000862_02,0,0,0.07725699245929718,0.11063753813505173,0.0,36,R3,0.0,0.0
zero,0,RELLIS-3D,0.0,00003_000862_02,0,0,0.0741456151008606,0.10834883898496628,0.0,48,R3,0.0,0.0
learned,0,RELLIS-3D,0.0,00003_000862_02,0,0,0.0741456151008606,0.10834883898496628,0.0,48,R3,0.0,0.0
fixed,0,RELLIS-3D,0.0,00003_000862_02,0,0,0.0741456151008606,0.10834883898496628,0.0,48,R3,0.0,0.0
zero,0,RELLIS-3D,0.0,00003_000862_02,0,0,0.07595004141330719,0.10537375509738922,0.0,60,R3,0.0,0.0
learned,0,RELLIS-3D,0.0,00003_000862_02,0,0,0.07595004141330719,0.10537375509738922,0.0,60,R3,0.0,0.0
fixed,0,RELLIS-3D,0.0,00003_000862_02,0,0,0.07595004141330719,0.10537375509738922,0.0,60,R3,0.0,0.0
zero,0,RELLIS-3D,0.0,00003_000862_03,0,0,0.057643089443445206,0.08727787435054779,0.0,0,R3,0.0,0.0
learned,0,RELLIS-3D,0.0,00003_000862_03,0,0,0.057643089443445206,0.08727787435054779,0.0,0,R3,0.0,0.0
fixed,0,RELLIS-3D,0.0,00003_000862_03,0,0,0.057643089443445206,0.08727787435054779,0.0,0,R3,0.0,0.0
zero,0,RELLIS-3D,0.0,00003_000862_03,0,0,0.06771184504032135,0.09531422704458237,0.0,12,R3,0.0,0.0
learned,0,RELLIS-3D,0.0,00003_000862_03,0,0,0.06771184504032135,0.09531422704458237,0.0,12,R3,0.0,0.0
fixed,0,RELLIS-3D,0.0,00003_000862_03,0,0,0.06771184504032135,0.09531422704458237,0.0,12,R3,0.0,0.0
zero,0,RELLIS-3D,0.0,00003_000862_03,0,0,0.084900863468647,0.10981184244155884,0.0,24,R3,0.0,0.0
learned,0,RELLIS-3D,0.0,00003_000862_03,0,0,0.084900863468647,0.10981184244155884,0.0,24,R3,0.0,0.0
fixed,0,RELLIS-3D,0.0,00003_000862_03,0,0,0.084900863468647,0.10981184244155884,0.0,24,R3,0.0,0.0
zero,0,RELLIS-3D,0.0,00003_000862_03,0,0,0.08248216658830643,0.10837921500205994,0.0,36,R3,0.0,0.0
learned,0,RELLIS-3D,0.0,00003_000862_03,0,0,0.08248216658830643,0.10837921500205994,0.0,36,R3,0.0,0.0
fixed,0,RELLIS-3D,0.0,00003_000862_03,0,0,0.08248216658830643,0.10837921500205994,0.0,36,R3,0.0,0.0
zero,0,RELLIS-3D,0.0,00003_000862_03,0,0,0.08001957088708878,0.10808727890253067,0.0,48,R3,0.0,0.0
learned,0,RELLIS-3D,0.0,00003_000862_03,0,0,0.08001957088708878,0.10808727890253067,0.0,48,R3,0.0,0.0
fixed,0,RELLIS-3D,0.0,00003_000862_03,0,0,0.08001957088708878,0.10808727890253067,0.0,48,R3,0.0,0.0
zero,0,RELLIS-3D,0.0,00003_000862_03,0,0,0.07682757079601288,0.10514973849058151,0.0,60,R3,0.0,0.0
learned,0,RELLIS-3D,0.0,00003_000862_03,0,0,0.07682757079601288,0.10514973849058151,0.0,60,R3,0.0,0.0
fixed,0,RELLIS-3D,0.0,00003_000862_03,0,0,0.07682757079601288,0.10514973849058151,0.0,60,R3,0.0,0.0
zero,0,RELLIS-3D,0.0,00003_000862_04,0,0,0.07024918496608734,0.10684006661176682,0.0,0,R3,0.0,0.0
learned,0,RELLIS-3D,0.0,00003_000862_04,0,0,0.07024918496608734,0.10684006661176682,0.0,0,R3,0.0,0.0
fixed,0,RELLIS-3D,0.0,00003_000862_04,0,0,0.07024918496608734,0.10684006661176682,0.0,0,R3,0.0,0.0
zero,0,RELLIS-3D,0.0,00003_000862_04,0,0,0.08592083305120468,0.11919093132019043,0.0,12,R3,0.0,0.0
learned,0,RELLIS-3D,0.0,00003_000862_04,0,0,0.08592083305120468,0.11919093132019043,0.0,12,R3,0.0,0.0
fixed,0,RELLIS-3D,0.0,00003_000862_04,0,0,0.08592083305120468,0.11919093132019043,0.0,12,R3,0.0,0.0
zero,0,RELLIS-3D,0.0,00003_000862_04,0,0,0.08477292209863663,0.11689065396785736,0.0,24,R3,0.0,0.0
learned,0,RELLIS-3D,0.0,00003_000862_04,0,0,0.08477292209863663,0.11689065396785736,0.0,24,R3,0.0,0.0
fixed,0,RELLIS-3D,0.0,00003_000862_04,0,0,0.08477292209863663,0.11689065396785736,0.0,24,R3,0.0,0.0
zero,0,RELLIS-3D,0.0,00003_000862_04,0,0,0.0781560018658638,0.11003729701042175,0.0,36,R3,0.0,0.0
learned,0,RELLIS-3D,0.0,00003_000862_04,0,0,0.0781560018658638,0.11003729701042175,0.0,36,R3,0.0,0.0
fixed,0,RELLIS-3D,0.0,00003_000862_04,0,0,0.0781560018658638,0.11003729701042175,0.0,36,R3,0.0,0.0
zero,0,RELLIS-3D,0.0,00003_000862_04,0,0,0.07564683258533478,0.10861651599407196,0.0,48,R3,0.0,0.0
learned,0,RELLIS-3D,0.0,00003_000862_04,0,0,0.07564683258533478,0.10861651599407196,0.0,48,R3,0.0,0.0
fixed,0,RELLIS-3D,0.0,00003_000862_04,0,0,0.07564683258533478,0.10861651599407196,0.0,48,R3,0.0,0.0
zero,0,RELLIS-3D,0.0,00003_000862_04,0,0,0.07493478804826736,0.1094764918088913,0.0,60,R3,0.0,0.0
learned,0,RELLIS-3D,0.0,00003_000862_04,0,0,0.07493478804826736,0.1094764918088913,0.0,60,R3,0.0,0.0
fixed,0,RELLIS-3D,0.0,00003_000862_04,0,0,0.07493478804826736,0.1094764918088913,0.0,60,R3,0.0,0.0
zero,0,RELLIS-3D,0.0,00003_000862_04,0,0,0.07582776248455048,0.10426708310842514,0.0,72,R3,0.0,0.0
learned,0,RELLIS-3D,0.0,00003_000862_04,0,0,0.07582776248455048,0.10426708310842514,0.0,72,R3,0.0,0.0
fixed,0,RELLIS-3D,0.0,00003_000862_04,0,0,0.07582776248455048,0.10426708310842514,0.0,72,R3,0.0,0.0
zero,0,RELLIS-3D,0.0,00003_000862_05,0,1,0.05431191623210907,0.0860748142004013,0.0,0,R3,0.0,0.0
learned,0,RELLIS-3D,0.01221382338553667,00003_000862_05,0,1,0.05431191623210907,0.0860748142004013,0.0860748142004013,0,R3,0.02057347260415554,0.019969474524259567
fixed,1,RELLIS-3D,0.21284665167331696,00003_000862_05,0,1,0.05431191623210907,0.0860748142004013,1.5,0,R3,0.3585277497768402,0.34800204634666443
zero,0,RELLIS-3D,0.0,00003_000862_05,0,0,0.05697483569383621,0.08882340788841248,0.0,12,R3,0.0,0.0
learned,0,RELLIS-3D,0.0,00003_000862_05,0,0,0.05697483569383621,0.08882340788841248,0.0,12,R3,0.0,0.0
fixed,0,RELLIS-3D,0.0,00003_000862_05,0,0,0.05697483569383621,0.08882340788841248,0.0,12,R3,0.0,0.0
zero,0,RELLIS-3D,0.0,00003_000862_05,0,0,0.07794172316789627,0.10898221284151077,0.0,24,R3,0.0,0.0
learned,0,RELLIS-3D,0.0,00003_000862_05,0,0,0.07794172316789627,0.10898221284151077,0.0,24,R3,0.0,0.0
fixed,0,RELLIS-3D,0.0,00003_000862_05,0,0,0.07794172316789627,0.10898221284151077,0.0,24,R3,0.0,0.0
zero,0,RELLIS-3D,0.0,00003_000862_05,0,0,0.07453916221857071,0.10651680827140808,0.0,36,R3,0.0,0.0
learned,0,RELLIS-3D,0.0,00003_000862_05,0,0,0.07453916221857071,0.10651680827140808,0.0,36,R3,0.0,0.0
fixed,0,RELLIS-3D,0.0,00003_000862_05,0,0,0.07453916221857071,0.10651680827140808,0.0,36,R3,0.0,0.0
zero,0,RELLIS-3D,0.0,00003_000862_05,0,0,0.0754435583949089,0.10903862118721008,0.0,48,R3,0.0,0.0
learned,0,RELLIS-3D,0.0,00003_000862_05,0,0,0.0754435583949089,0.10903862118721008,0.0,48,R3,0.0,0.0
fixed,0,RELLIS-3D,0.0,00003_000862_05,0,0,0.0754435583949089,0.10903862118721008,0.0,48,R3,0.0,0.0
zero,0,RELLIS-3D,0.0,00003_000862_05,0,0,0.076422780752182,0.10561400651931763,0.0,60,R3,0.0,0.0
learned,0,RELLIS-3D,0.0,00003_000862_05,0,0,0.076422780752182,0.10561400651931763,0.0,60,R3,0.0,0.0
fixed,0,RELLIS-3D,0.0,00003_000862_05,0,0,0.076422780752182,0.10561400651931763,0.0,60,R3,0.0,0.0
zero,0,RELLIS-3D,0.0,00003_000862_06,0,0,0.0498402863740921,0.08245251327753067,0.0,0,R3,0.0,0.0
learned,0,RELLIS-3D,0.0,00003_000862_06,0,0,0.0498402863740921,0.08245251327753067,0.0,0,R3,0.0,0.0
fixed,0,RELLIS-3D,0.0,00003_000862_06,0,0,0.0498402863740921,0.08245251327753067,0.0,0,R3,0.0,0.0
zero,0,RELLIS-3D,0.0,00003_000862_06,0,0,0.07970650494098663,0.11170745640993118,0.0,12,R3,0.0,0.0
learned,0,RELLIS-3D,0.0,00003_000862_06,0,0,0.07970650494098663,0.11170745640993118,0.0,12,R3,0.0,0.0
fixed,0,RELLIS-3D,0.0,00003_000862_06,0,0,0.07970650494098663,0.11170745640993118,0.0,12,R3,0.0,0.0
zero,0,RELLIS-3D,0.0,00003_000862_06,0,0,0.07844001054763794,0.11026953160762787,0.0,24,R3,0.0,0.0
learned,0,RELLIS-3D,0.0,00003_000862_06,0,0,0.07844001054763794,0.11026953160762787,0.0,24,R3,0.0,0.0
fixed,0,RELLIS-3D,0.0,00003_000862_06,0,0,0.07844001054763794,0.11026953160762787,0.0,24,R3,0.0,0.0
zero,0,RELLIS-3D,0.0,00003_000862_06,0,0,0.07700076699256897,0.1104888990521431,0.0,36,R3,0.0,0.0
learned,0,RELLIS-3D,0.0,00003_000862_06,0,0,0.07700076699256897,0.1104888990521431,0.0,36,R3,0.0,0.0
fixed,0,RELLIS-3D,0.0,00003_000862_06,0,0,0.07700076699256897,0.1104888990521431,0.0,36,R3,0.0,0.0
zero,0,RELLIS-3D,0.0,00003_000862_06,0,0,0.07447773218154907,0.10975488275289536,0.0,48,R3,0.0,0.0
learned,0,RELLIS-3D,0.0,00003_000862_06,0,0,0.07447773218154907,0.10975488275289536,0.0,48,R3,0.0,0.0
fixed,0,RELLIS-3D,0.0,00003_000862_06,0,0,0.07447773218154907,0.10975488275289536,0.0,48,R3,0.0,0.0
zero,0,RELLIS-3D,0.0,00003_000862_07,0,1,0.1008213609457016,0.13526055216789246,0.0,0,R3,0.0,0.0
learned,1,RELLIS-3D,0.04873715341091156,00003_000862_07,0,1,0.1008213609457016,0.13526055216789246,0.13526055216789246,0,R3,0.1023658737540245,0.09001922607421875
fixed,1,RELLIS-3D,0.5404808521270752,00003_000862_07,0,1,0.1008213609457016,0.13526055216789246,1.5,0,R3,1.1352076530456543,0.9982869625091553
zero,0,RELLIS-3D,0.0,00003_000862_07,0,0,0.09275880455970764,0.12605755031108856,0.0,12,R3,0.0,0.0
learned,0,RELLIS-3D,0.0,00003_000862_07,0,0,0.09275880455970764,0.12605755031108856,0.0,12,R3,0.0,0.0
fixed,0,RELLIS-3D,0.0,00003_000862_07,0,0,0.09275880455970764,0.12605755031108856,0.0,12,R3,0.0,0.0
zero,0,RELLIS-3D,0.0,00003_000862_07,0,0,0.08818671107292175,0.12073882669210434,0.0,24,R3,0.0,0.0
learned,0,RELLIS-3D,0.0,00003_000862_07,0,0,0.08818671107292175,0.12073882669210434,0.0,24,R3,0.0,0.0
fixed,0,RELLIS-3D,0.0,00003_000862_07,0,0,0.08818671107292175,0.12073882669210434,0.0,24,R3,0.0,0.0
zero,0,RELLIS-3D,0.0,00003_000862_07,0,0,0.07984590530395508,0.11274062097072601,0.0,36,R3,0.0,0.0
learned,0,RELLIS-3D,0.0,00003_000862_07,0,0,0.07984590530395508,0.11274062097072601,0.0,36,R3,0.0,0.0
fixed,0,RELLIS-3D,0.0,00003_000862_07,0,0,0.07984590530395508,0.11274062097072601,0.0,36,R3,0.0,0.0
zero,0,RELLIS-3D,0.0,00003_000862_07,0,0,0.07549376785755157,0.10929004848003387,0.0,48,R3,0.0,0.0
learned,0,RELLIS-3D,0.0,00003_000862_07,0,0,0.07549376785755157,0.10929004848003387,0.0,48,R3,0.0,0.0
fixed,0,RELLIS-3D,0.0,00003_000862_07,0,0,0.07549376785755157,0.10929004848003387,0.0,48,R3,0.0,0.0
zero,0,RELLIS-3D,0.0,00003_000862_07,0,0,0.07480277121067047,0.10947929322719574,0.0,60,R3,0.0,0.0
learned,0,RELLIS-3D,0.0,00003_000862_07,0,0,0.07480277121067047,0.10947929322719574,0.0,60,R3,0.0,0.0
fixed,0,RELLIS-3D,0.0,00003_000862_07,0,0,0.07480277121067047,0.10947929322719574,0.0,60,R3,0.0,0.0
zero,0,RELLIS-3D,0.0,00003_000862_07,0,0,0.07582776248455048,0.10426708310842514,0.0,72,R3,0.0,0.0
learned,0,RELLIS-3D,0.0,00003_000862_07,0,0,0.07582776248455048,0.10426708310842514,0.0,72,R3,0.0,0.0
fixed,0,RELLIS-3D,0.0,00003_000862_07,0,0,0.07582776248455048,0.10426708310842514,0.0,72,R3,0.0,0.0
zero,0,RELLIS-3D,0.0,00003_001856_00,0,0,0.08150757104158401,0.11006976664066315,0.0,0,R2,0.0,0.0
learned,0,RELLIS-3D,0.0,00003_001856_00,0,0,0.08150757104158401,0.11006976664066315,0.0,0,R2,0.0,0.0
fixed,0,RELLIS-3D,0.0,00003_001856_00,0,0,0.08150757104158401,0.11006976664066315,0.0,0,R2,0.0,0.0
zero,0,RELLIS-3D,0.0,00003_001856_00,0,0,0.10294896364212036,0.12681464850902557,0.0,12,R2,0.0,0.0
learned,0,RELLIS-3D,0.0,00003_001856_00,0,0,0.10294896364212036,0.12681464850902557,0.0,12,R2,0.0,0.0
fixed,0,RELLIS-3D,0.0,00003_001856_00,0,0,0.10294896364212036,0.12681464850902557,0.0,12,R2,0.0,0.0
zero,0,RELLIS-3D,0.0,00003_001856_00,0,0,0.1062665581703186,0.12474417686462402,0.0,24,R2,0.0,0.0
learned,0,RELLIS-3D,0.0,00003_001856_00,0,0,0.1062665581703186,0.12474417686462402,0.0,24,R2,0.0,0.0
fixed,0,RELLIS-3D,0.0,00003_001856_00,0,0,0.1062665581703186,0.12474417686462402,0.0,24,R2,0.0,0.0
zero,0,RELLIS-3D,0.0,00003_001856_00,0,0,0.08932562172412872,0.11551827192306519,0.0,36,R2,0.0,0.0
learned,0,RELLIS-3D,0.0,00003_001856_00,0,0,0.08932562172412872,0.11551827192306519,0.0,36,R2,0.0,0.0
fixed,0,RELLIS-3D,0.0,00003_001856_00,0,0,0.08932562172412872,0.11551827192306519,0.0,36,R2,0.0,0.0
zero,0,RELLIS-3D,0.0,00003_001856_00,0,0,0.0801095962524414,0.10888244211673737,0.0,48,R2,0.0,0.0
learned,0,RELLIS-3D,0.0,00003_001856_00,0,0,0.0801095962524414,0.10888244211673737,0.0,48,R2,0.0,0.0
fixed,0,RELLIS-3D,0.0,00003_001856_00,0,0,0.0801095962524414,0.10888244211673737,0.0,48,R2,0.0,0.0
zero,0,RELLIS-3D,0.0,00003_001856_00,0,0,0.07498473674058914,0.11010938882827759,0.0,60,R2,0.0,0.0
learned,0,RELLIS-3D,0.0,00003_001856_00,0,0,0.07498473674058914,0.11010938882827759,0.0,60,R2,0.0,0.0
fixed,0,RELLIS-3D,0.0,00003_001856_00,0,0,0.07498473674058914,0.11010938882827759,0.0,60,R2,0.0,0.0
zero,0,RELLIS-3D,0.0,00003_001856_01,0,0,0.1196039468050003,0.13878865540027618,0.0,0,R3,0.0,0.0
learned,0,RELLIS-3D,0.0,00003_001856_01,0,0,0.1196039468050003,0.13878865540027618,0.0,0,R3,0.0,0.0
fixed,0,RELLIS-3D,0.0,00003_001856_01,0,0,0.1196039468050003,0.13878865540027618,0.0,0,R3,0.0,0.0
zero,0,RELLIS-3D,0.0,00003_001856_01,0,0,0.11024987697601318,0.1298730969429016,0.0,12,R3,0.0,0.0
learned,0,RELLIS-3D,0.0,00003_001856_01,0,0,0.11024987697601318,0.1298730969429016,0.0,12,R3,0.0,0.0
fixed,0,RELLIS-3D,0.0,00003_001856_01,0,0,0.11024987697601318,0.1298730969429016,0.0,12,R3,0.0,0.0
zero,0,RELLIS-3D,0.0,00003_001856_01,0,0,0.09771710634231567,0.12122423946857452,0.0,24,R3,0.0,0.0
learned,0,RELLIS-3D,0.0,00003_001856_01,0,0,0.09771710634231567,0.12122423946857452,0.0,24,R3,0.0,0.0
fixed,0,RELLIS-3D,0.0,00003_001856_01,0,0,0.09771710634231567,0.12122423946857452,0.0,24,R3,0.0,0.0
zero,0,RELLIS-3D,0.0,00003_001856_01,0,0,0.08648338913917542,0.11293790489435196,0.0,36,R3,0.0,0.0
learned,0,RELLIS-3D,0.0,00003_001856_01,0,0,0.08648338913917542,0.11293790489435196,0.0,36,R3,0.0,0.0
fixed,0,RELLIS-3D,0.0,00003_001856_01,0,0,0.08648338913917542,0.11293790489435196,0.0,36,R3,0.0,0.0
zero,0,RELLIS-3D,0.0,00003_001856_01,0,0,0.08069480955600739,0.10973405092954636,0.0,48,R3,0.0,0.0
learned,0,RELLIS-3D,0.0,00003_001856_01,0,0,0.08069480955600739,0.10973405092954636,0.0,48,R3,0.0,0.0
fixed,0,RELLIS-3D,0.0,00003_001856_01,0,0,0.08069480955600739,0.10973405092954636,0.0,48,R3,0.0,0.0
zero,0,RELLIS-3D,0.0,00003_001856_01,0,0,0.07887311279773712,0.11056286096572876,0.0,60,R3,0.0,0.0
learned,0,RELLIS-3D,0.0,00003_001856_01,0,0,0.07887311279773712,0.11056286096572876,0.0,60,R3,0.0,0.0
fixed,0,RELLIS-3D,0.0,00003_001856_01,0,0,0.07887311279773712,0.11056286096572876,0.0,60,R3,0.0,0.0
zero,0,RELLIS-3D,0.0,00003_001856_02,0,0,0.1274501383304596,0.1320657730102539,0.0,0,R3,0.0,0.0
learned,0,RELLIS-3D,0.0,00003_001856_02,0,0,0.1274501383304596,0.1320657730102539,0.0,0,R3,0.0,0.0
fixed,0,RELLIS-3D,0.0,00003_001856_02,0,0,0.1274501383304596,0.1320657730102539,0.0,0,R3,0.0,0.0
zero,0,RELLIS-3D,0.0,00003_001856_02,0,0,0.11467991769313812,0.12749367952346802,0.0,12,R3,0.0,0.0
learned,0,RELLIS-3D,0.0,00003_001856_02,0,0,0.11467991769313812,0.12749367952346802,0.0,12,R3,0.0,0.0
fixed,0,RELLIS-3D,0.0,00003_001856_02,0,0,0.11467991769313812,0.12749367952346802,0.0,12,R3,0.0,0.0
zero,0,RELLIS-3D,0.0,00003_001856_02,0,0,0.09745266288518906,0.12224972248077393,0.0,24,R3,0.0,0.0
learned,0,RELLIS-3D,0.0,00003_001856_02,0,0,0.09745266288518906,0.12224972248077393,0.0,24,R3,0.0,0.0
fixed,0,RELLIS-3D,0.0,00003_001856_02,0,0,0.09745266288518906,0.12224972248077393,0.0,24,R3,0.0,0.0
zero,0,RELLIS-3D,0.0,00003_001856_02,0,0,0.08659813553094864,0.11388982832431793,0.0,36,R3,0.0,0.0
learned,0,RELLIS-3D,0.0,00003_001856_02,0,0,0.08659813553094864,0.11388982832431793,0.0,36,R3,0.0,0.0
fixed,0,RELLIS-3D,0.0,00003_001856_02,0,0,0.08659813553094864,0.11388982832431793,0.0,36,R3,0.0,0.0
zero,0,RELLIS-3D,0.0,00003_001856_02,0,0,0.08061304688453674,0.10863237828016281,0.0,48,R3,0.0,0.0
learned,0,RELLIS-3D,0.0,00003_001856_02,0,0,0.08061304688453674,0.10863237828016281,0.0,48,R3,0.0,0.0
fixed,0,RELLIS-3D,0.0,00003_001856_02,0,0,0.08061304688453674,0.10863237828016281,0.0,48,R3,0.0,0.0
zero,0,RELLIS-3D,0.0,00003_001856_02,0,0,0.07825508713722229,0.10703584551811218,0.0,60,R3,0.0,0.0
learned,0,RELLIS-3D,0.0,00003_001856_02,0,0,0.07825508713722229,0.10703584551811218,0.0,60,R3,0.0,0.0
fixed,0,RELLIS-3D,0.0,00003_001856_02,0,0,0.07825508713722229,0.10703584551811218,0.0,60,R3,0.0,0.0
zero,0,RELLIS-3D,0.0,00003_001856_03,0,0,0.06041998416185379,0.09310290962457657,0.0,0,R3,0.0,0.0
learned,0,RELLIS-3D,0.0,00003_001856_03,0,0,0.06041998416185379,0.09310290962457657,0.0,0,R3,0.0,0.0
fixed,0,RELLIS-3D,0.0,00003_001856_03,0,0,0.06041998416185379,0.09310290962457657,0.0,0,R3,0.0,0.0
zero,0,RELLIS-3D,0.0,00003_001856_03,0,0,0.09102791547775269,0.11908350884914398,0.0,12,R3,0.0,0.0
learned,0,RELLIS-3D,0.0,00003_001856_03,0,0,0.09102791547775269,0.11908350884914398,0.0,12,R3,0.0,0.0
fixed,0,RELLIS-3D,0.0,00003_001856_03,0,0,0.09102791547775269,0.11908350884914398,0.0,12,R3,0.0,0.0
zero,0,RELLIS-3D,0.0,00003_001856_03,0,0,0.10011391341686249,0.12201175838708878,0.0,24,R3,0.0,0.0
learned,0,RELLIS-3D,0.0,00003_001856_03,0,0,0.10011391341686249,0.12201175838708878,0.0,24,R3,0.0,0.0
fixed,0,RELLIS-3D,0.0,00003_001856_03,0,0,0.10011391341686249,0.12201175838708878,0.0,24,R3,0.0,0.0
zero,0,RELLIS-3D,0.0,00003_001856_03,0,0,0.08624084293842316,0.11471637338399887,0.0,36,R3,0.0,0.0
learned,0,RELLIS-3D,0.0,00003_001856_03,0,0,0.08624084293842316,0.11471637338399887,0.0,36,R3,0.0,0.0
fixed,0,RELLIS-3D,0.0,00003_001856_03,0,0,0.08624084293842316,0.11471637338399887,0.0,36,R3,0.0,0.0
zero,0,RELLIS-3D,0.0,00003_001856_03,0,0,0.07835881412029266,0.10878194868564606,0.0,48,R3,0.0,0.0
learned,0,RELLIS-3D,0.0,00003_001856_03,0,0,0.07835881412029266,0.10878194868564606,0.0,48,R3,0.0,0.0
fixed,0,RELLIS-3D,0.0,00003_001856_03,0,0,0.07835881412029266,0.10878194868564606,0.0,48,R3,0.0,0.0
zero,0,RELLIS-3D,0.0,00003_001856_03,0,0,0.07359151542186737,0.11168449372053146,0.0,60,R3,0.0,0.0
learned,0,RELLIS-3D,0.0,00003_001856_03,0,0,0.07359151542186737,0.11168449372053146,0.0,60,R3,0.0,0.0
fixed,0,RELLIS-3D,0.0,00003_001856_03,0,0,0.07359151542186737,0.11168449372053146,0.0,60,R3,0.0,0.0
zero,0,RELLIS-3D,0.0,00003_001856_04,0,0,0.07371312379837036,0.10275765508413315,0.0,0,R2,0.0,0.0
learned,0,RELLIS-3D,0.0,00003_001856_04,0,0,0.07371312379837036,0.10275765508413315,0.0,0,R2,0.0,0.0
fixed,0,RELLIS-3D,0.0,00003_001856_04,0,0,0.07371312379837036,0.10275765508413315,0.0,0,R2,0.0,0.0
zero,0,RELLIS-3D,0.0,00003_001856_04,0,0,0.11439214646816254,0.12549513578414917,0.0,12,R2,0.0,0.0
learned,0,RELLIS-3D,0.0,00003_001856_04,0,0,0.11439214646816254,0.12549513578414917,0.0,12,R2,0.0,0.0
fixed,0,RELLIS-3D,0.0,00003_001856_04,0,0,0.11439214646816254,0.12549513578414917,0.0,12,R2,0.0,0.0
zero,0,RELLIS-3D,0.0,00003_001856_04,0,0,0.10338182747364044,0.11836125701665878,0.0,24,R2,0.0,0.0
learned,0,RELLIS-3D,0.0,00003_001856_04,0,0,0.10338182747364044,0.11836125701665878,0.0,24,R2,0.0,0.0
fixed,0,RELLIS-3D,0.0,00003_001856_04,0,0,0.10338182747364044,0.11836125701665878,0.0,24,R2,0.0,0.0
zero,0,RELLIS-3D,0.0,00003_001856_04,0,0,0.08877918869256973,0.11218100041151047,0.0,36,R2,0.0,0.0
learned,0,RELLIS-3D,0.0,00003_001856_04,0,0,0.08877918869256973,0.11218100041151047,0.0,36,R2,0.0,0.0
fixed,0,RELLIS-3D,0.0,00003_001856_04,0,0,0.08877918869256973,0.11218100041151047,0.0,36,R2,0.0,0.0
zero,0,RELLIS-3D,0.0,00003_001856_04,0,0,0.08075528591871262,0.11150204390287399,0.0,48,R2,0.0,0.0
learned,0,RELLIS-3D,0.0,00003_001856_04,0,0,0.08075528591871262,0.11150204390287399,0.0,48,R2,0.0,0.0
fixed,0,RELLIS-3D,0.0,00003_001856_04,0,0,0.08075528591871262,0.11150204390287399,0.0,48,R2,0.0,0.0
zero,0,RELLIS-3D,0.0,00003_001856_04,0,0,0.0738675594329834,0.11157125234603882,0.0,60,R2,0.0,0.0
learned,0,RELLIS-3D,0.0,00003_001856_04,0,0,0.0738675594329834,0.11157125234603882,0.0,60,R2,0.0,0.0
fixed,0,RELLIS-3D,0.0,00003_001856_04,0,0,0.0738675594329834,0.11157125234603882,0.0,60,R2,0.0,0.0
zero,0,RELLIS-3D,0.0,00003_001856_05,0,0,0.1188274547457695,0.1282138228416443,0.0,0,R3,0.0,0.0
learned,0,RELLIS-3D,0.0,00003_001856_05,0,0,0.1188274547457695,0.1282138228416443,0.0,0,R3,0.0,0.0
fixed,0,RELLIS-3D,0.0,00003_001856_05,0,0,0.1188274547457695,0.1282138228416443,0.0,0,R3,0.0,0.0
zero,0,RELLIS-3D,0.0,00003_001856_05,0,0,0.12158259004354477,0.12482032179832458,0.0,12,R3,0.0,0.0
learned,0,RELLIS-3D,0.0,00003_001856_05,0,0,0.12158259004354477,0.12482032179832458,0.0,12,R3,0.0,0.0
fixed,0,RELLIS-3D,0.0,00003_001856_05,0,0,0.12158259004354477,0.12482032179832458,0.0,12,R3,0.0,0.0
zero,0,RELLIS-3D,0.0,00003_001856_05,0,0,0.10306894034147263,0.12761402130126953,0.0,24,R3,0.0,0.0
learned,0,RELLIS-3D,0.0,00003_001856_05,0,0,0.10306894034147263,0.12761402130126953,0.0,24,R3,0.0,0.0
fixed,0,RELLIS-3D,0.0,00003_001856_05,0,0,0.10306894034147263,0.12761402130126953,0.0,24,R3,0.0,0.0
zero,0,RELLIS-3D,0.0,00003_001856_05,0,0,0.09242391586303711,0.11959690600633621,0.0,36,R3,0.0,0.0
learned,0,RELLIS-3D,0.0,00003_001856_05,0,0,0.09242391586303711,0.11959690600633621,0.0,36,R3,0.0,0.0
fixed,0,RELLIS-3D,0.0,00003_001856_05,0,0,0.09242391586303711,0.11959690600633621,0.0,36,R3,0.0,0.0
zero,0,RELLIS-3D,0.0,00003_001856_05,0,0,0.08383429795503616,0.11344254016876221,0.0,48,R3,0.0,0.0
learned,0,RELLIS-3D,0.0,00003_001856_05,0,0,0.08383429795503616,0.11344254016876221,0.0,48,R3,0.0,0.0
fixed,0,RELLIS-3D,0.0,00003_001856_05,0,0,0.08383429795503616,0.11344254016876221,0.0,48,R3,0.0,0.0
zero,0,RELLIS-3D,0.0,00003_001856_05,0,0,0.07743484526872635,0.11184069514274597,0.0,60,R3,0.0,0.0
learned,0,RELLIS-3D,0.0,00003_001856_05,0,0,0.07743484526872635,0.11184069514274597,0.0,60,R3,0.0,0.0
fixed,0,RELLIS-3D,0.0,00003_001856_05,0,0,0.07743484526872635,0.11184069514274597,0.0,60,R3,0.0,0.0
zero,0,RELLIS-3D,0.0,00003_001856_06,0,0,0.13904516398906708,0.13895440101623535,0.0,0,R2,0.0,0.0
learned,0,RELLIS-3D,0.0,00003_001856_06,0,0,0.13904516398906708,0.13895440101623535,0.0,0,R2,0.0,0.0
fixed,0,RELLIS-3D,0.0,00003_001856_06,0,0,0.13904516398906708,0.13895440101623535,0.0,0,R2,0.0,0.0
zero,0,RELLIS-3D,0.0,00003_001856_06,0,0,0.11778037250041962,0.13663317263126373,0.0,12,R2,0.0,0.0
learned,0,RELLIS-3D,0.0,00003_001856_06,0,0,0.11778037250041962,0.13663317263126373,0.0,12,R2,0.0,0.0
fixed,0,RELLIS-3D,0.0,00003_001856_06,0,0,0.11778037250041962,0.13663317263126373,0.0,12,R2,0.0,0.0
zero,0,RELLIS-3D,0.0,00003_001856_06,0,0,0.10690004378557205,0.12884573638439178,0.0,24,R2,0.0,0.0
learned,0,RELLIS-3D,0.0,00003_001856_06,0,0,0.10690004378557205,0.12884573638439178,0.0,24,R2,0.0,0.0
fixed,0,RELLIS-3D,0.0,00003_001856_06,0,0,0.10690004378557205,0.12884573638439178,0.0,24,R2,0.0,0.0
zero,0,RELLIS-3D,0.0,00003_001856_06,0,0,0.09293147921562195,0.11888368427753448,0.0,36,R2,0.0,0.0
learned,0,RELLIS-3D,0.0,00003_001856_06,0,0,0.09293147921562195,0.11888368427753448,0.0,36,R2,0.0,0.0
fixed,0,RELLIS-3D,0.0,00003_001856_06,0,0,0.09293147921562195,0.11888368427753448,0.0,36,R2,0.0,0.0
zero,0,RELLIS-3D,0.0,00003_001856_06,0,0,0.08387728035449982,0.11225281655788422,0.0,48,R2,0.0,0.0
learned,0,RELLIS-3D,0.0,00003_001856_06,0,0,0.08387728035449982,0.11225281655788422,0.0,48,R2,0.0,0.0
fixed,0,RELLIS-3D,0.0,00003_001856_06,0,0,0.08387728035449982,0.11225281655788422,0.0,48,R2,0.0,0.0
zero,0,RELLIS-3D,0.0,00003_001856_06,0,0,0.08003868907690048,0.1094159334897995,0.0,60,R2,0.0,0.0
learned,0,RELLIS-3D,0.0,00003_001856_06,0,0,0.08003868907690048,0.1094159334897995,0.0,60,R2,0.0,0.0
fixed,0,RELLIS-3D,0.0,00003_001856_06,0,0,0.08003868907690048,0.1094159334897995,0.0,60,R2,0.0,0.0
zero,0,RELLIS-3D,0.0,00003_001856_06,0,0,0.07413890957832336,0.10734106600284576,0.0,72,R2,0.0,0.0
learned,0,RELLIS-3D,0.0,00003_001856_06,0,0,0.07413890957832336,0.10734106600284576,0.0,72,R2,0.0,0.0
fixed,0,RELLIS-3D,0.0,00003_001856_06,0,0,0.07413890957832336,0.10734106600284576,0.0,72,R2,0.0,0.0
zero,0,RELLIS-3D,0.0,00003_001856_07,0,1,0.07104156911373138,0.09963023662567139,0.0,0,R2,0.0,0.0
learned,0,RELLIS-3D,-0.012714284472167492,00003_001856_07,0,1,0.07104156911373138,0.09963023662567139,0.09963023662567139,0,R2,0.01642240211367607,0.004737568087875843
fixed,0,RELLIS-3D,-0.19142207503318787,00003_001856_07,0,1,0.07104156911373138,0.09963023662567139,1.5,0,R2,0.2472502589225769,0.07132726162672043
zero,0,RELLIS-3D,0.0,00003_001856_07,0,0,0.11266721785068512,0.12690354883670807,0.0,12,R2,0.0,0.0
learned,0,RELLIS-3D,0.0,00003_001856_07,0,0,0.11266721785068512,0.12690354883670807,0.0,12,R2,0.0,0.0
fixed,0,RELLIS-3D,0.0,00003_001856_07,0,0,0.11266721785068512,0.12690354883670807,0.0,12,R2,0.0,0.0
zero,0,RELLIS-3D,0.0,00003_001856_07,0,0,0.0983361154794693,0.11842285096645355,0.0,24,R2,0.0,0.0
learned,0,RELLIS-3D,0.0,00003_001856_07,0,0,0.0983361154794693,0.11842285096645355,0.0,24,R2,0.0,0.0
fixed,0,RELLIS-3D,0.0,00003_001856_07,0,0,0.0983361154794693,0.11842285096645355,0.0,24,R2,0.0,0.0
zero,0,RELLIS-3D,0.0,00003_001856_07,0,0,0.08265405148267746,0.11032766103744507,0.0,36,R2,0.0,0.0
learned,0,RELLIS-3D,0.0,00003_001856_07,0,0,0.08265405148267746,0.11032766103744507,0.0,36,R2,0.0,0.0
fixed,0,RELLIS-3D,0.0,00003_001856_07,0,0,0.08265405148267746,0.11032766103744507,0.0,36,R2,0.0,0.0
zero,0,RELLIS-3D,0.0,00003_001856_07,0,0,0.07697449624538422,0.11125433444976807,0.0,48,R2,0.0,0.0
learned,0,RELLIS-3D,0.0,00003_001856_07,0,0,0.07697449624538422,0.11125433444976807,0.0,48,R2,0.0,0.0
fixed,0,RELLIS-3D,0.0,00003_001856_07,0,0,0.07697449624538422,0.11125433444976807,0.0,48,R2,0.0,0.0
zero,0,RELLIS-3D,0.0,00003_001372_00,0,1,0.08436460047960281,0.1163492351770401,0.0,0,R2,0.0,0.0
learned,0,RELLIS-3D,-0.0013563415268436074,00003_001372_00,0,1,0.08436460047960281,0.1163492351770401,0.1163492351770401,0,R2,0.0015113652916625142,9.695215703686699e-05
fixed,0,RELLIS-3D,-0.01748625375330448,00003_001372_00,0,1,0.08436460047960281,0.1163492351770401,1.5,0,R2,0.019484855234622955,0.0012499280273914337
zero,0,RELLIS-3D,0.0,00003_001372_00,0,0,0.07058580219745636,0.10147600620985031,0.0,12,R2,0.0,0.0
learned,0,RELLIS-3D,0.0,00003_001372_00,0,0,0.07058580219745636,0.10147600620985031,0.0,12,R2,0.0,0.0
fixed,0,RELLIS-3D,0.0,00003_001372_00,0,0,0.07058580219745636,0.10147600620985031,0.0,12,R2,0.0,0.0
zero,0,RELLIS-3D,0.0,00003_001372_00,0,0,0.07367649674415588,0.10467088967561722,0.0,24,R2,0.0,0.0
learned,0,RELLIS-3D,0.0,00003_001372_00,0,0,0.07367649674415588,0.10467088967561722,0.0,24,R2,0.0,0.0
fixed,0,RELLIS-3D,0.0,00003_001372_00,0,0,0.07367649674415588,0.10467088967561722,0.0,24,R2,0.0,0.0
zero,0,RELLIS-3D,0.0,00003_001372_00,0,0,0.0554540790617466,0.08513271808624268,0.0,36,R2,0.0,0.0
learned,0,RELLIS-3D,0.0,00003_001372_00,0,0,0.0554540790617466,0.08513271808624268,0.0,36,R2,0.0,0.0
fixed,0,RELLIS-3D,0.0,00003_001372_00,0,0,0.0554540790617466,0.08513271808624268,0.0,36,R2,0.0,0.0
zero,0,RELLIS-3D,0.0,00003_001372_00,0,0,0.05272620916366577,0.08384018391370773,0.0,48,R2,0.0,0.0
learned,0,RELLIS-3D,0.0,00003_001372_00,0,0,0.05272620916366577,0.08384018391370773,0.0,48,R2,0.0,0.0
fixed,0,RELLIS-3D,0.0,00003_001372_00,0,0,0.05272620916366577,0.08384018391370773,0.0,48,R2,0.0,0.0
zero,0,RELLIS-3D,0.0,00003_001372_00,0,0,0.06608326733112335,0.09179162979125977,0.0,60,R2,0.0,0.0
learned,0,RELLIS-3D,0.0,00003_001372_00,0,0,0.06608326733112335,0.09179162979125977,0.0,60,R2,0.0,0.0
fixed,0,RELLIS-3D,0.0,00003_001372_00,0,0,0.06608326733112335,0.09179162979125977,0.0,60,R2,0.0,0.0
zero,0,RELLIS-3D,0.0,00003_001372_01,0,0,0.0804566740989685,0.11089688539505005,0.0,0,R2,0.0,0.0
learned,0,RELLIS-3D,0.0,00003_001372_01,0,0,0.0804566740989685,0.11089688539505005,0.0,0,R2,0.0,0.0
fixed,0,RELLIS-3D,0.0,00003_001372_01,0,0,0.0804566740989685,0.11089688539505005,0.0,0,R2,0.0,0.0
zero,0,RELLIS-3D,0.0,00003_001372_01,0,0,0.083332359790802,0.11270283162593842,0.0,12,R2,0.0,0.0
learned,0,RELLIS-3D,0.0,00003_001372_01,0,0,0.083332359790802,0.11270283162593842,0.0,12,R2,0.0,0.0
fixed,0,RELLIS-3D,0.0,00003_001372_01,0,0,0.083332359790802,0.11270283162593842,0.0,12,R2,0.0,0.0
zero,0,RELLIS-3D,0.0,00003_001372_01,0,0,0.07991883903741837,0.10684695094823837,0.0,24,R2,0.0,0.0
learned,0,RELLIS-3D,0.0,00003_001372_01,0,0,0.07991883903741837,0.10684695094823837,0.0,24,R2,0.0,0.0
fixed,0,RELLIS-3D,0.0,00003_001372_01,0,0,0.07991883903741837,0.10684695094823837,0.0,24,R2,0.0,0.0
zero,0,RELLIS-3D,0.0,00003_001372_01,0,0,0.041292399168014526,0.06905653327703476,0.0,36,R2,0.0,0.0
learned,0,RELLIS-3D,0.0,00003_001372_01,0,0,0.041292399168014526,0.06905653327703476,0.0,36,R2,0.0,0.0
fixed,0,RELLIS-3D,0.0,00003_001372_01,0,0,0.041292399168014526,0.06905653327703476,0.0,36,R2,0.0,0.0
zero,0,RELLIS-3D,0.0,00003_001372_01,0,0,0.04132729396224022,0.06936777383089066,0.0,48,R2,0.0,0.0
learned,0,RELLIS-3D,0.0,00003_001372_01,0,0,0.04132729396224022,0.06936777383089066,0.0,48,R2,0.0,0.0
fixed,0,RELLIS-3D,0.0,00003_001372_01,0,0,0.04132729396224022,0.06936777383089066,0.0,48,R2,0.0,0.0
zero,0,RELLIS-3D,0.0,00003_001372_01,0,0,0.039607178419828415,0.06707775592803955,0.0,60,R2,0.0,0.0
learned,0,RELLIS-3D,0.0,00003_001372_01,0,0,0.039607178419828415,0.06707775592803955,0.0,60,R2,0.0,0.0
fixed,0,RELLIS-3D,0.0,00003_001372_01,0,0,0.039607178419828415,0.06707775592803955,0.0,60,R2,0.0,0.0
zero,0,RELLIS-3D,0.0,00003_001372_02,0,0,0.06399457156658173,0.0973740667104721,0.0,0,R2,0.0,0.0
learned,0,RELLIS-3D,0.0,00003_001372_02,0,0,0.06399457156658173,0.0973740667104721,0.0,0,R2,0.0,0.0
fixed,0,RELLIS-3D,0.0,00003_001372_02,0,0,0.06399457156658173,0.0973740667104721,0.0,0,R2,0.0,0.0
zero,0,RELLIS-3D,0.0,00003_001372_02,0,0,0.05099612846970558,0.08372649550437927,0.0,12,R2,0.0,0.0
learned,0,RELLIS-3D,0.0,00003_001372_02,0,0,0.05099612846970558,0.08372649550437927,0.0,12,R2,0.0,0.0
fixed,0,RELLIS-3D,0.0,00003_001372_02,0,0,0.05099612846970558,0.08372649550437927,0.0,12,R2,0.0,0.0
zero,0,RELLIS-3D,0.0,00003_001372_02,0,0,0.07822422683238983,0.10876785218715668,0.0,24,R2,0.0,0.0
learned,0,RELLIS-3D,0.0,00003_001372_02,0,0,0.07822422683238983,0.10876785218715668,0.0,24,R2,0.0,0.0
fixed,0,RELLIS-3D,0.0,00003_001372_02,0,0,0.07822422683238983,0.10876785218715668,0.0,24,R2,0.0,0.0
zero,0,RELLIS-3D,0.0,00003_001372_02,0,0,0.06419036537408829,0.093726746737957,0.0,36,R2,0.0,0.0
learned,0,RELLIS-3D,0.0,00003_001372_02,0,0,0.06419036537408829,0.093726746737957,0.0,36,R2,0.0,0.0
fixed,0,RELLIS-3D,0.0,00003_001372_02,0,0,0.06419036537408829,0.093726746737957,0.0,36,R2,0.0,0.0
zero,0,RELLIS-3D,0.0,00003_001372_02,0,0,0.054399922490119934,0.0836867094039917,0.0,48,R2,0.0,0.0
learned,0,RELLIS-3D,0.0,00003_001372_02,0,0,0.054399922490119934,0.0836867094039917,0.0,48,R2,0.0,0.0
fixed,0,RELLIS-3D,0.0,00003_001372_02,0,0,0.054399922490119934,0.0836867094039917,0.0,48,R2,0.0,0.0
zero,0,RELLIS-3D,0.0,00003_001372_02,0,0,0.05501309037208557,0.08580677956342697,0.0,60,R2,0.0,0.0
learned,0,RELLIS-3D,0.0,00003_001372_02,0,0,0.05501309037208557,0.08580677956342697,0.0,60,R2,0.0,0.0
fixed,0,RELLIS-3D,0.0,00003_001372_02,0,0,0.05501309037208557,0.08580677956342697,0.0,60,R2,0.0,0.0
zero,0,RELLIS-3D,0.0,00003_001372_02,0,0,0.07087889313697815,0.09813905507326126,0.0,72,R2,0.0,0.0
learned,0,RELLIS-3D,0.0,00003_001372_02,0,0,0.07087889313697815,0.09813905507326126,0.0,72,R2,0.0,0.0
fixed,0,RELLIS-3D,0.0,00003_001372_02,0,0,0.07087889313697815,0.09813905507326126,0.0,72,R2,0.0,0.0
zero,0,RELLIS-3D,0.0,00003_001372_03,0,0,0.07281004637479782,0.1054830253124237,0.0,0,R3,0.0,0.0
learned,0,RELLIS-3D,0.0,00003_001372_03,0,0,0.07281004637479782,0.1054830253124237,0.0,0,R3,0.0,0.0
fixed,0,RELLIS-3D,0.0,00003_001372_03,0,0,0.07281004637479782,0.1054830253124237,0.0,0,R3,0.0,0.0
zero,0,RELLIS-3D,0.0,00003_001372_03,0,0,0.08288756012916565,0.10814014077186584,0.0,12,R3,0.0,0.0
learned,0,RELLIS-3D,0.0,00003_001372_03,0,0,0.08288756012916565,0.10814014077186584,0.0,12,R3,0.0,0.0
fixed,0,RELLIS-3D,0.0,00003_001372_03,0,0,0.08288756012916565,0.10814014077186584,0.0,12,R3,0.0,0.0
zero,0,RELLIS-3D,0.0,00003_001372_03,0,0,0.07342972606420517,0.10060752928256989,0.0,24,R3,0.0,0.0
learned,0,RELLIS-3D,0.0,00003_001372_03,0,0,0.07342972606420517,0.10060752928256989,0.0,24,R3,0.0,0.0
fixed,0,RELLIS-3D,0.0,00003_001372_03,0,0,0.07342972606420517,0.10060752928256989,0.0,24,R3,0.0,0.0
zero,0,RELLIS-3D,0.0,00003_001372_03,0,0,0.04106226563453674,0.07234740257263184,0.0,36,R3,0.0,0.0
learned,0,RELLIS-3D,0.0,00003_001372_03,0,0,0.04106226563453674,0.07234740257263184,0.0,36,R3,0.0,0.0
fixed,0,RELLIS-3D,0.0,00003_001372_03,0,0,0.04106226563453674,0.07234740257263184,0.0,36,R3,0.0,0.0
zero,0,RELLIS-3D,0.0,00003_001372_03,0,0,0.03993107005953789,0.06949679553508759,0.0,48,R3,0.0,0.0
learned,0,RELLIS-3D,0.0,00003_001372_03,0,0,0.03993107005953789,0.06949679553508759,0.0,48,R3,0.0,0.0
fixed,0,RELLIS-3D,0.0,00003_001372_03,0,0,0.03993107005953789,0.06949679553508759,0.0,48,R3,0.0,0.0
zero,0,RELLIS-3D,0.0,00003_001372_03,0,0,0.04298173263669014,0.0750541090965271,0.0,60,R3,0.0,0.0
learned,0,RELLIS-3D,0.0,00003_001372_03,0,0,0.04298173263669014,0.0750541090965271,0.0,60,R3,0.0,0.0
fixed,0,RELLIS-3D,0.0,00003_001372_03,0,0,0.04298173263669014,0.0750541090965271,0.0,60,R3,0.0,0.0
zero,0,RELLIS-3D,0.0,00003_001372_04,0,0,0.08499022573232651,0.11442101746797562,0.0,0,R2,0.0,0.0
learned,0,RELLIS-3D,0.0,00003_001372_04,0,0,0.08499022573232651,0.11442101746797562,0.0,0,R2,0.0,0.0
fixed,0,RELLIS-3D,0.0,00003_001372_04,0,0,0.08499022573232651,0.11442101746797562,0.0,0,R2,0.0,0.0
zero,0,RELLIS-3D,0.0,00003_001372_04,0,0,0.08003459870815277,0.10903045535087585,0.0,12,R2,0.0,0.0
learned,0,RELLIS-3D,0.0,00003_001372_04,0,0,0.08003459870815277,0.10903045535087585,0.0,12,R2,0.0,0.0
fixed,0,RELLIS-3D,0.0,00003_001372_04,0,0,0.08003459870815277,0.10903045535087585,0.0,12,R2,0.0,0.0
zero,0,RELLIS-3D,0.0,00003_001372_04,0,0,0.07034338265657425,0.0985090509057045,0.0,24,R2,0.0,0.0
learned,0,RELLIS-3D,0.0,00003_001372_04,0,0,0.07034338265657425,0.0985090509057045,0.0,24,R2,0.0,0.0
fixed,0,RELLIS-3D,0.0,00003_001372_04,0,0,0.07034338265657425,0.0985090509057045,0.0,24,R2,0.0,0.0
zero,0,RELLIS-3D,0.0,00003_001372_04,0,0,0.03692515939474106,0.06454157829284668,0.0,36,R2,0.0,0.0
learned,0,RELLIS-3D,0.0,00003_001372_04,0,0,0.03692515939474106,0.06454157829284668,0.0,36,R2,0.0,0.0
fixed,0,RELLIS-3D,0.0,00003_001372_04,0,0,0.03692515939474106,0.06454157829284668,0.0,36,R2,0.0,0.0
zero,0,RELLIS-3D,0.0,00003_001372_04,0,0,0.03918398916721344,0.06632261723279953,0.0,48,R2,0.0,0.0
learned,0,RELLIS-3D,0.0,00003_001372_04,0,0,0.03918398916721344,0.06632261723279953,0.0,48,R2,0.0,0.0
fixed,0,RELLIS-3D,0.0,00003_001372_04,0,0,0.03918398916721344,0.06632261723279953,0.0,48,R2,0.0,0.0
zero,0,RELLIS-3D,0.0,00003_001372_05,0,0,0.07364246249198914,0.10019393265247345,0.0,0,R3,0.0,0.0
learned,0,RELLIS-3D,0.0,00003_001372_05,0,0,0.07364246249198914,0.10019393265247345,0.0,0,R3,0.0,0.0
fixed,0,RELLIS-3D,0.0,00003_001372_05,0,0,0.07364246249198914,0.10019393265247345,0.0,0,R3,0.0,0.0
zero,0,RELLIS-3D,0.0,00003_001372_05,0,0,0.07623510807752609,0.10244143009185791,0.0,12,R3,0.0,0.0
learned,0,RELLIS-3D,0.0,00003_001372_05,0,0,0.07623510807752609,0.10244143009185791,0.0,12,R3,0.0,0.0
fixed,0,RELLIS-3D,0.0,00003_001372_05,0,0,0.07623510807752609,0.10244143009185791,0.0,12,R3,0.0,0.0
zero,0,RELLIS-3D,0.0,00003_001372_05,0,0,0.06541693955659866,0.09509609639644623,0.0,24,R3,0.0,0.0
learned,0,RELLIS-3D,0.0,00003_001372_05,0,0,0.06541693955659866,0.09509609639644623,0.0,24,R3,0.0,0.0
fixed,0,RELLIS-3D,0.0,00003_001372_05,0,0,0.06541693955659866,0.09509609639644623,0.0,24,R3,0.0,0.0
zero,0,RELLIS-3D,0.0,00003_001372_05,0,0,0.037260837852954865,0.06872472167015076,0.0,36,R3,0.0,0.0
learned,0,RELLIS-3D,0.0,00003_001372_05,0,0,0.037260837852954865,0.06872472167015076,0.0,36,R3,0.0,0.0
fixed,0,RELLIS-3D,0.0,00003_001372_05,0,0,0.037260837852954865,0.06872472167015076,0.0,36,R3,0.0,0.0
zero,0,RELLIS-3D,0.0,00003_001372_05,0,0,0.040532197803258896,0.07098201662302017,0.0,48,R3,0.0,0.0
learned,0,RELLIS-3D,0.0,00003_001372_05,0,0,0.040532197803258896,0.07098201662302017,0.0,48,R3,0.0,0.0
fixed,0,RELLIS-3D,0.0,00003_001372_05,0,0,0.040532197803258896,0.07098201662302017,0.0,48,R3,0.0,0.0
zero,0,RELLIS-3D,0.0,00003_001372_05,0,0,0.04994470626115799,0.08598535507917404,0.0,60,R3,0.0,0.0
learned,0,RELLIS-3D,0.0,00003_001372_05,0,0,0.04994470626115799,0.08598535507917404,0.0,60,R3,0.0,0.0
fixed,0,RELLIS-3D,0.0,00003_001372_05,0,0,0.04994470626115799,0.08598535507917404,0.0,60,R3,0.0,0.0
zero,0,RELLIS-3D,0.0,00003_001372_06,0,0,0.02815607562661171,0.059586621820926666,0.0,0,R3,0.0,0.0
learned,0,RELLIS-3D,0.0,00003_001372_06,0,0,0.02815607562661171,0.059586621820926666,0.0,0,R3,0.0,0.0
fixed,0,RELLIS-3D,0.0,00003_001372_06,0,0,0.02815607562661171,0.059586621820926666,0.0,0,R3,0.0,0.0
zero,0,RELLIS-3D,0.0,00003_001372_06,0,0,0.022410407662391663,0.04771830141544342,0.0,12,R3,0.0,0.0
learned,0,RELLIS-3D,0.0,00003_001372_06,0,0,0.022410407662391663,0.04771830141544342,0.0,12,R3,0.0,0.0
fixed,0,RELLIS-3D,0.0,00003_001372_06,0,0,0.022410407662391663,0.04771830141544342,0.0,12,R3,0.0,0.0
zero,0,RELLIS-3D,0.0,00003_001372_06,0,1,0.05116250365972519,0.08022752404212952,0.0,24,R3,0.0,0.0
learned,0,RELLIS-3D,-0.009366866201162338,00003_001372_06,0,1,0.05116250365972519,0.08022752404212952,0.08022752404212952,24,R3,0.011081401258707047,0.0018858255352824926
fixed,0,RELLIS-3D,-0.1751306653022766,00003_001372_06,0,1,0.05116250365972519,0.08022752404212952,1.5,24,R3,0.20718702673912048,0.035258956253528595
zero,0,RELLIS-3D,0.0,00003_001372_06,0,0,0.058578889816999435,0.08772456645965576,0.0,36,R3,0.0,0.0
learned,0,RELLIS-3D,0.0,00003_001372_06,0,0,0.058578889816999435,0.08772456645965576,0.0,36,R3,0.0,0.0
fixed,0,RELLIS-3D,0.0,00003_001372_06,0,0,0.058578889816999435,0.08772456645965576,0.0,36,R3,0.0,0.0
zero,0,RELLIS-3D,0.0,00003_001372_06,0,0,0.0540807768702507,0.08304055035114288,0.0,48,R3,0.0,0.0
learned,0,RELLIS-3D,0.0,00003_001372_06,0,0,0.0540807768702507,0.08304055035114288,0.0,48,R3,0.0,0.0
fixed,0,RELLIS-3D,0.0,00003_001372_06,0,0,0.0540807768702507,0.08304055035114288,0.0,48,R3,0.0,0.0
zero,0,RELLIS-3D,0.0,00003_001372_06,0,0,0.04018199071288109,0.06695057451725006,0.0,60,R3,0.0,0.0
learned,0,RELLIS-3D,0.0,00003_001372_06,0,0,0.04018199071288109,0.06695057451725006,0.0,60,R3,0.0,0.0
fixed,0,RELLIS-3D,0.0,00003_001372_06,0,0,0.04018199071288109,0.06695057451725006,0.0,60,R3,0.0,0.0
zero,0,RELLIS-3D,0.0,00003_001372_07,0,1,0.08436460047960281,0.1163492351770401,0.0,0,R2,0.0,0.0
learned,0,RELLIS-3D,-0.0013563415268436074,00003_001372_07,0,1,0.08436460047960281,0.1163492351770401,0.1163492351770401,0,R2,0.0015113652916625142,9.695215703686699e-05
fixed,0,RELLIS-3D,-0.01748625375330448,00003_001372_07,0,1,0.08436460047960281,0.1163492351770401,1.5,0,R2,0.019484855234622955,0.0012499280273914337
zero,0,RELLIS-3D,0.0,00003_001372_07,0,0,0.07058580219745636,0.10147600620985031,0.0,12,R2,0.0,0.0
learned,0,RELLIS-3D,0.0,00003_001372_07,0,0,0.07058580219745636,0.10147600620985031,0.0,12,R2,0.0,0.0
fixed,0,RELLIS-3D,0.0,00003_001372_07,0,0,0.07058580219745636,0.10147600620985031,0.0,12,R2,0.0,0.0
zero,0,RELLIS-3D,0.0,00003_001372_07,0,0,0.07367649674415588,0.10467088967561722,0.0,24,R2,0.0,0.0
learned,0,RELLIS-3D,0.0,00003_001372_07,0,0,0.07367649674415588,0.10467088967561722,0.0,24,R2,0.0,0.0
fixed,0,RELLIS-3D,0.0,00003_001372_07,0,0,0.07367649674415588,0.10467088967561722,0.0,24,R2,0.0,0.0
zero,0,RELLIS-3D,0.0,00003_001372_07,0,0,0.0554540790617466,0.08513271808624268,0.0,36,R2,0.0,0.0
learned,0,RELLIS-3D,0.0,00003_001372_07,0,0,0.0554540790617466,0.08513271808624268,0.0,36,R2,0.0,0.0
fixed,0,RELLIS-3D,0.0,00003_001372_07,0,0,0.0554540790617466,0.08513271808624268,0.0,36,R2,0.0,0.0
zero,0,RELLIS-3D,0.0,00003_001372_07,0,0,0.054606884717941284,0.08528593182563782,0.0,48,R2,0.0,0.0
learned,0,RELLIS-3D,0.0,00003_001372_07,0,0,0.054606884717941284,0.08528593182563782,0.0,48,R2,0.0,0.0
fixed,0,RELLIS-3D,0.0,00003_001372_07,0,0,0.054606884717941284,0.08528593182563782,0.0,48,R2,0.0,0.0
zero,0,RELLIS-3D,0.0,00003_000793_00,0,0,0.08371526002883911,0.11005565524101257,0.0,0,R2,0.0,0.0
learned,0,RELLIS-3D,0.0,00003_000793_00,0,0,0.08371526002883911,0.11005565524101257,0.0,0,R2,0.0,0.0
fixed,0,RELLIS-3D,0.0,00003_000793_00,0,0,0.08371526002883911,0.11005565524101257,0.0,0,R2,0.0,0.0
zero,0,RELLIS-3D,0.0,00003_000793_00,0,0,0.09696243703365326,0.12135693430900574,0.0,12,R2,0.0,0.0
learned,0,RELLIS-3D,0.0,00003_000793_00,0,0,0.09696243703365326,0.12135693430900574,0.0,12,R2,0.0,0.0
fixed,0,RELLIS-3D,0.0,00003_000793_00,0,0,0.09696243703365326,0.12135693430900574,0.0,12,R2,0.0,0.0
zero,0,RELLIS-3D,0.0,00003_000793_00,0,0,0.08594927191734314,0.1134219840168953,0.0,24,R2,0.0,0.0
learned,0,RELLIS-3D,0.0,00003_000793_00,0,0,0.08594927191734314,0.1134219840168953,0.0,24,R2,0.0,0.0
fixed,0,RELLIS-3D,0.0,00003_000793_00,0,0,0.08594927191734314,0.1134219840168953,0.0,24,R2,0.0,0.0
zero,0,RELLIS-3D,0.0,00003_000793_00,0,0,0.08373842388391495,0.11138390004634857,0.0,36,R2,0.0,0.0
learned,0,RELLIS-3D,0.0,00003_000793_00,0,0,0.08373842388391495,0.11138390004634857,0.0,36,R2,0.0,0.0
fixed,0,RELLIS-3D,0.0,00003_000793_00,0,0,0.08373842388391495,0.11138390004634857,0.0,36,R2,0.0,0.0
zero,0,RELLIS-3D,0.0,00003_000793_00,0,0,0.07832846790552139,0.10681799799203873,0.0,48,R2,0.0,0.0
learned,0,RELLIS-3D,0.0,00003_000793_00,0,0,0.07832846790552139,0.10681799799203873,0.0,48,R2,0.0,0.0
fixed,0,RELLIS-3D,0.0,00003_000793_00,0,0,0.07832846790552139,0.10681799799203873,0.0,48,R2,0.0,0.0
zero,0,RELLIS-3D,0.0,00003_000793_00,0,0,0.07744627445936203,0.10672202706336975,0.0,60,R2,0.0,0.0
learned,0,RELLIS-3D,0.0,00003_000793_00,0,0,0.07744627445936203,0.10672202706336975,0.0,60,R2,0.0,0.0
fixed,0,RELLIS-3D,0.0,00003_000793_00,0,0,0.07744627445936203,0.10672202706336975,0.0,60,R2,0.0,0.0
zero,0,RELLIS-3D,0.0,00003_000793_01,0,0,0.08370715379714966,0.10999951511621475,0.0,0,R2,0.0,0.0
learned,0,RELLIS-3D,0.0,00003_000793_01,0,0,0.08370715379714966,0.10999951511621475,0.0,0,R2,0.0,0.0
fixed,0,RELLIS-3D,0.0,00003_000793_01,0,0,0.08370715379714966,0.10999951511621475,0.0,0,R2,0.0,0.0
zero,0,RELLIS-3D,0.0,00003_000793_01,0,0,0.09806246310472488,0.12114794552326202,0.0,12,R2,0.0,0.0
learned,0,RELLIS-3D,0.0,00003_000793_01,0,0,0.09806246310472488,0.12114794552326202,0.0,12,R2,0.0,0.0
fixed,0,RELLIS-3D,0.0,00003_000793_01,0,0,0.09806246310472488,0.12114794552326202,0.0,12,R2,0.0,0.0
zero,0,RELLIS-3D,0.0,00003_000793_01,0,0,0.09917096048593521,0.12111543118953705,0.0,24,R2,0.0,0.0
learned,0,RELLIS-3D,0.0,00003_000793_01,0,0,0.09917096048593521,0.12111543118953705,0.0,24,R2,0.0,0.0
fixed,0,RELLIS-3D,0.0,00003_000793_01,0,0,0.09917096048593521,0.12111543118953705,0.0,24,R2,0.0,0.0
zero,0,RELLIS-3D,0.0,00003_000793_01,0,0,0.0852743461728096,0.11178632080554962,0.0,36,R2,0.0,0.0
learned,0,RELLIS-3D,0.0,00003_000793_01,0,0,0.0852743461728096,0.11178632080554962,0.0,36,R2,0.0,0.0
fixed,0,RELLIS-3D,0.0,00003_000793_01,0,0,0.0852743461728096,0.11178632080554962,0.0,36,R2,0.0,0.0
zero,0,RELLIS-3D,0.0,00003_000793_01,0,0,0.08053846657276154,0.10543934255838394,0.0,48,R2,0.0,0.0
learned,0,RELLIS-3D,0.0,00003_000793_01,0,0,0.08053846657276154,0.10543934255838394,0.0,48,R2,0.0,0.0
fixed,0,RELLIS-3D,0.0,00003_000793_01,0,0,0.08053846657276154,0.10543934255838394,0.0,48,R2,0.0,0.0
zero,0,RELLIS-3D,0.0,00003_000793_01,0,0,0.07767041772603989,0.10523515939712524,0.0,60,R2,0.0,0.0
learned,0,RELLIS-3D,0.0,00003_000793_01,0,0,0.07767041772603989,0.10523515939712524,0.0,60,R2,0.0,0.0
fixed,0,RELLIS-3D,0.0,00003_000793_01,0,0,0.07767041772603989,0.10523515939712524,0.0,60,R2,0.0,0.0
zero,0,RELLIS-3D,0.0,00003_000793_02,0,0,0.09001616388559341,0.11592515558004379,0.0,0,R3,0.0,0.0
learned,0,RELLIS-3D,0.0,00003_000793_02,0,0,0.09001616388559341,0.11592515558004379,0.0,0,R3,0.0,0.0
fixed,0,RELLIS-3D,0.0,00003_000793_02,0,0,0.09001616388559341,0.11592515558004379,0.0,0,R3,0.0,0.0
zero,0,RELLIS-3D,0.0,00003_000793_02,0,0,0.1044938862323761,0.12527959048748016,0.0,12,R3,0.0,0.0
learned,0,RELLIS-3D,0.0,00003_000793_02,0,0,0.1044938862323761,0.12527959048748016,0.0,12,R3,0.0,0.0
fixed,0,RELLIS-3D,0.0,00003_000793_02,0,0,0.1044938862323761,0.12527959048748016,0.0,12,R3,0.0,0.0
zero,0,RELLIS-3D,0.0,00003_000793_02,0,0,0.09003453701734543,0.11564142256975174,0.0,24,R3,0.0,0.0
learned,0,RELLIS-3D,0.0,00003_000793_02,0,0,0.09003453701734543,0.11564142256975174,0.0,24,R3,0.0,0.0
fixed,0,RELLIS-3D,0.0,00003_000793_02,0,0,0.09003453701734543,0.11564142256975174,0.0,24,R3,0.0,0.0
zero,0,RELLIS-3D,0.0,00003_000793_02,0,0,0.08266119658946991,0.10976783186197281,0.0,36,R3,0.0,0.0
learned,0,RELLIS-3D,0.0,00003_000793_02,0,0,0.08266119658946991,0.10976783186197281,0.0,36,R3,0.0,0.0
fixed,0,RELLIS-3D,0.0,00003_000793_02,0,0,0.08266119658946991,0.10976783186197281,0.0,36,R3,0.0,0.0
zero,0,RELLIS-3D,0.0,00003_000793_02,0,0,0.07714813947677612,0.10569840669631958,0.0,48,R3,0.0,0.0
learned,0,RELLIS-3D,0.0,00003_000793_02,0,0,0.07714813947677612,0.10569840669631958,0.0,48,R3,0.0,0.0
fixed,0,RELLIS-3D,0.0,00003_000793_02,0,0,0.07714813947677612,0.10569840669631958,0.0,48,R3,0.0,0.0
zero,0,RELLIS-3D,0.0,00003_000793_02,0,0,0.07705849409103394,0.1061910092830658,0.0,60,R3,0.0,0.0
learned,0,RELLIS-3D,0.0,00003_000793_02,0,0,0.07705849409103394,0.1061910092830658,0.0,60,R3,0.0,0.0
fixed,0,RELLIS-3D,0.0,00003_000793_02,0,0,0.07705849409103394,0.1061910092830658,0.0,60,R3,0.0,0.0
zero,0,RELLIS-3D,0.0,00003_000793_03,0,0,0.0908568948507309,0.1208629384636879,0.0,0,R2,0.0,0.0
learned,0,RELLIS-3D,0.0,00003_000793_03,0,0,0.0908568948507309,0.1208629384636879,0.0,0,R2,0.0,0.0
fixed,0,RELLIS-3D,0.0,00003_000793_03,0,0,0.0908568948507309,0.1208629384636879,0.0,0,R2,0.0,0.0
zero,0,RELLIS-3D,0.0,00003_000793_03,0,0,0.08604346960783005,0.11573367565870285,0.0,12,R2,0.0,0.0
learned,0,RELLIS-3D,0.0,00003_000793_03,0,0,0.08604346960783005,0.11573367565870285,0.0,12,R2,0.0,0.0
fixed,0,RELLIS-3D,0.0,00003_000793_03,0,0,0.08604346960783005,0.11573367565870285,0.0,12,R2,0.0,0.0
zero,0,RELLIS-3D,0.0,00003_000793_03,0,0,0.08380290865898132,0.1143336296081543,0.0,24,R2,0.0,0.0
learned,0,RELLIS-3D,0.0,00003_000793_03,0,0,0.08380290865898132,0.1143336296081543,0.0,24,R2,0.0,0.0
fixed,0,RELLIS-3D,0.0,00003_000793_03,0,0,0.08380290865898132,0.1143336296081543,0.0,24,R2,0.0,0.0
zero,0,RELLIS-3D,0.0,00003_000793_03,0,0,0.08048476278781891,0.11053397506475449,0.0,36,R2,0.0,0.0
learned,0,RELLIS-3D,0.0,00003_000793_03,0,0,0.08048476278781891,0.11053397506475449,0.0,36,R2,0.0,0.0
fixed,0,RELLIS-3D,0.0,00003_000793_03,0,0,0.08048476278781891,0.11053397506475449,0.0,36,R2,0.0,0.0
zero,0,RELLIS-3D,0.0,00003_000793_03,0,0,0.07946063578128815,0.10935449600219727,0.0,48,R2,0.0,0.0
learned,0,RELLIS-3D,0.0,00003_000793_03,0,0,0.07946063578128815,0.10935449600219727,0.0,48,R2,0.0,0.0
fixed,0,RELLIS-3D,0.0,00003_000793_03,0,0,0.07946063578128815,0.10935449600219727,0.0,48,R2,0.0,0.0
zero,0,RELLIS-3D,0.0,00003_000793_03,0,0,0.07996776700019836,0.10509666800498962,0.0,60,R2,0.0,0.0
learned,0,RELLIS-3D,0.0,00003_000793_03,0,0,0.07996776700019836,0.10509666800498962,0.0,60,R2,0.0,0.0
fixed,0,RELLIS-3D,0.0,00003_000793_03,0,0,0.07996776700019836,0.10509666800498962,0.0,60,R2,0.0,0.0
zero,0,RELLIS-3D,0.0,00003_000793_04,0,0,0.09443169832229614,0.12613721191883087,0.0,0,R3,0.0,0.0
learned,0,RELLIS-3D,0.0,00003_000793_04,0,0,0.09443169832229614,0.12613721191883087,0.0,0,R3,0.0,0.0
fixed,0,RELLIS-3D,0.0,00003_000793_04,0,0,0.09443169832229614,0.12613721191883087,0.0,0,R3,0.0,0.0
zero,0,RELLIS-3D,0.0,00003_000793_04,0,0,0.08889102935791016,0.11980743706226349,0.0,12,R3,0.0,0.0
learned,0,RELLIS-3D,0.0,00003_000793_04,0,0,0.08889102935791016,0.11980743706226349,0.0,12,R3,0.0,0.0
fixed,0,RELLIS-3D,0.0,00003_000793_04,0,0,0.08889102935791016,0.11980743706226349,0.0,12,R3,0.0,0.0
zero,0,RELLIS-3D,0.0,00003_000793_04,0,0,0.08168119192123413,0.11320227384567261,0.0,24,R3,0.0,0.0
learned,0,RELLIS-3D,0.0,00003_000793_04,0,0,0.08168119192123413,0.11320227384567261,0.0,24,R3,0.0,0.0
fixed,0,RELLIS-3D,0.0,00003_000793_04,0,0,0.08168119192123413,0.11320227384567261,0.0,24,R3,0.0,0.0
zero,0,RELLIS-3D,0.0,00003_000793_04,0,0,0.08432304859161377,0.11541040241718292,0.0,36,R3,0.0,0.0
learned,0,RELLIS-3D,0.0,00003_000793_04,0,0,0.08432304859161377,0.11541040241718292,0.0,36,R3,0.0,0.0
fixed,0,RELLIS-3D,0.0,00003_000793_04,0,0,0.08432304859161377,0.11541040241718292,0.0,36,R3,0.0,0.0
zero,0,RELLIS-3D,0.0,00003_000793_04,0,0,0.07965223491191864,0.11070575565099716,0.0,48,R3,0.0,0.0
learned,0,RELLIS-3D,0.0,00003_000793_04,0,0,0.07965223491191864,0.11070575565099716,0.0,48,R3,0.0,0.0
fixed,0,RELLIS-3D,0.0,00003_000793_04,0,0,0.07965223491191864,0.11070575565099716,0.0,48,R3,0.0,0.0
zero,0,RELLIS-3D,0.0,00003_000793_05,0,0,0.07720005512237549,0.10795038193464279,0.0,0,R2,0.0,0.0
learned,0,RELLIS-3D,0.0,00003_000793_05,0,0,0.07720005512237549,0.10795038193464279,0.0,0,R2,0.0,0.0
fixed,0,RELLIS-3D,0.0,00003_000793_05,0,0,0.07720005512237549,0.10795038193464279,0.0,0,R2,0.0,0.0
zero,0,RELLIS-3D,0.0,00003_000793_05,0,0,0.08795210719108582,0.11789482086896896,0.0,12,R2,0.0,0.0
learned,0,RELLIS-3D,0.0,00003_000793_05,0,0,0.08795210719108582,0.11789482086896896,0.0,12,R2,0.0,0.0
fixed,0,RELLIS-3D,0.0,00003_000793_05,0,0,0.08795210719108582,0.11789482086896896,0.0,12,R2,0.0,0.0
zero,0,RELLIS-3D,0.0,00003_000793_05,0,0,0.08537252247333527,0.11595728993415833,0.0,24,R2,0.0,0.0
learned,0,RELLIS-3D,0.0,00003_000793_05,0,0,0.08537252247333527,0.11595728993415833,0.0,24,R2,0.0,0.0
fixed,0,RELLIS-3D,0.0,00003_000793_05,0,0,0.08537252247333527,0.11595728993415833,0.0,24,R2,0.0,0.0
zero,0,RELLIS-3D,0.0,00003_000793_05,0,0,0.07809712737798691,0.10884518921375275,0.0,36,R2,0.0,0.0
learned,0,RELLIS-3D,0.0,00003_000793_05,0,0,0.07809712737798691,0.10884518921375275,0.0,36,R2,0.0,0.0
fixed,0,RELLIS-3D,0.0,00003_000793_05,0,0,0.07809712737798691,0.10884518921375275,0.0,36,R2,0.0,0.0
zero,0,RELLIS-3D,0.0,00003_000793_05,0,0,0.08076059818267822,0.11053711175918579,0.0,48,R2,0.0,0.0
learned,0,RELLIS-3D,0.0,00003_000793_05,0,0,0.08076059818267822,0.11053711175918579,0.0,48,R2,0.0,0.0
fixed,0,RELLIS-3D,0.0,00003_000793_05,0,0,0.08076059818267822,0.11053711175918579,0.0,48,R2,0.0,0.0
zero,0,RELLIS-3D,0.0,00003_000793_05,0,0,0.07930825650691986,0.10732622444629669,0.0,60,R2,0.0,0.0
learned,0,RELLIS-3D,0.0,00003_000793_05,0,0,0.07930825650691986,0.10732622444629669,0.0,60,R2,0.0,0.0
fixed,0,RELLIS-3D,0.0,00003_000793_05,0,0,0.07930825650691986,0.10732622444629669,0.0,60,R2,0.0,0.0
zero,0,RELLIS-3D,0.0,00003_000793_06,0,0,0.08075456321239471,0.10882291197776794,0.0,0,R2,0.0,0.0
learned,0,RELLIS-3D,0.0,00003_000793_06,0,0,0.08075456321239471,0.10882291197776794,0.0,0,R2,0.0,0.0
fixed,0,RELLIS-3D,0.0,00003_000793_06,0,0,0.08075456321239471,0.10882291197776794,0.0,0,R2,0.0,0.0
zero,0,RELLIS-3D,0.0,00003_000793_06,0,0,0.09433156996965408,0.11942408233880997,0.0,12,R2,0.0,0.0
learned,0,RELLIS-3D,0.0,00003_000793_06,0,0,0.09433156996965408,0.11942408233880997,0.0,12,R2,0.0,0.0
fixed,0,RELLIS-3D,0.0,00003_000793_06,0,0,0.09433156996965408,0.11942408233880997,0.0,12,R2,0.0,0.0
zero,0,RELLIS-3D,0.0,00003_000793_06,0,0,0.09624017775058746,0.12063540518283844,0.0,24,R2,0.0,0.0
learned,0,RELLIS-3D,0.0,00003_000793_06,0,0,0.09624017775058746,0.12063540518283844,0.0,24,R2,0.0,0.0
fixed,0,RELLIS-3D,0.0,00003_000793_06,0,0,0.09624017775058746,0.12063540518283844,0.0,24,R2,0.0,0.0
zero,0,RELLIS-3D,0.0,00003_000793_06,0,0,0.08049432188272476,0.1094825491309166,0.0,36,R2,0.0,0.0
learned,0,RELLIS-3D,0.0,00003_000793_06,0,0,0.08049432188272476,0.1094825491309166,0.0,36,R2,0.0,0.0
fixed,0,RELLIS-3D,0.0,00003_000793_06,0,0,0.08049432188272476,0.1094825491309166,0.0,36,R2,0.0,0.0
zero,0,RELLIS-3D,0.0,00003_000793_06,0,0,0.08100033551454544,0.10902974754571915,0.0,48,R2,0.0,0.0
learned,0,RELLIS-3D,0.0,00003_000793_06,0,0,0.08100033551454544,0.10902974754571915,0.0,48,R2,0.0,0.0
fixed,0,RELLIS-3D,0.0,00003_000793_06,0,0,0.08100033551454544,0.10902974754571915,0.0,48,R2,0.0,0.0
zero,0,RELLIS-3D,0.0,00003_000793_06,0,0,0.07907531410455704,0.10815973579883575,0.0,60,R2,0.0,0.0
learned,0,RELLIS-3D,0.0,00003_000793_06,0,0,0.07907531410455704,0.10815973579883575,0.0,60,R2,0.0,0.0
fixed,0,RELLIS-3D,0.0,00003_000793_06,0,0,0.07907531410455704,0.10815973579883575,0.0,60,R2,0.0,0.0
zero,0,RELLIS-3D,0.0,00003_000793_07,0,0,0.10191958397626877,0.12495209276676178,0.0,0,R3,0.0,0.0
learned,0,RELLIS-3D,0.0,00003_000793_07,0,0,0.10191958397626877,0.12495209276676178,0.0,0,R3,0.0,0.0
fixed,0,RELLIS-3D,0.0,00003_000793_07,0,0,0.10191958397626877,0.12495209276676178,0.0,0,R3,0.0,0.0
zero,0,RELLIS-3D,0.0,00003_000793_07,0,0,0.10617741197347641,0.1260504275560379,0.0,12,R3,0.0,0.0
learned,0,RELLIS-3D,0.0,00003_000793_07,0,0,0.10617741197347641,0.1260504275560379,0.0,12,R3,0.0,0.0
fixed,0,RELLIS-3D,0.0,00003_000793_07,0,0,0.10617741197347641,0.1260504275560379,0.0,12,R3,0.0,0.0
zero,0,RELLIS-3D,0.0,00003_000793_07,0,0,0.10258789360523224,0.12054610997438431,0.0,24,R3,0.0,0.0
learned,0,RELLIS-3D,0.0,00003_000793_07,0,0,0.10258789360523224,0.12054610997438431,0.0,24,R3,0.0,0.0
fixed,0,RELLIS-3D,0.0,00003_000793_07,0,0,0.10258789360523224,0.12054610997438431,0.0,24,R3,0.0,0.0
zero,0,RELLIS-3D,0.0,00003_000793_07,0,0,0.08853508532047272,0.11137992888689041,0.0,36,R3,0.0,0.0
learned,0,RELLIS-3D,0.0,00003_000793_07,0,0,0.08853508532047272,0.11137992888689041,0.0,36,R3,0.0,0.0
fixed,0,RELLIS-3D,0.0,00003_000793_07,0,0,0.08853508532047272,0.11137992888689041,0.0,36,R3,0.0,0.0
zero,0,RELLIS-3D,0.0,00003_000793_07,0,0,0.08072961866855621,0.10727208852767944,0.0,48,R3,0.0,0.0
learned,0,RELLIS-3D,0.0,00003_000793_07,0,0,0.08072961866855621,0.10727208852767944,0.0,48,R3,0.0,0.0
fixed,0,RELLIS-3D,0.0,00003_000793_07,0,0,0.08072961866855621,0.10727208852767944,0.0,48,R3,0.0,0.0
zero,0,RELLIS-3D,0.0,00003_000793_07,0,0,0.07759952545166016,0.10602141916751862,0.0,60,R3,0.0,0.0
learned,0,RELLIS-3D,0.0,00003_000793_07,0,0,0.07759952545166016,0.10602141916751862,0.0,60,R3,0.0,0.0
fixed,0,RELLIS-3D,0.0,00003_000793_07,0,0,0.07759952545166016,0.10602141916751862,0.0,60,R3,0.0,0.0
zero,0,RELLIS-3D,0.0,00003_000057_00,0,0,0.045797061175107956,0.0809735506772995,0.0,0,R3,0.0,0.0
learned,0,RELLIS-3D,0.0,00003_000057_00,0,0,0.045797061175107956,0.0809735506772995,0.0,0,R3,0.0,0.0
fixed,0,RELLIS-3D,0.0,00003_000057_00,0,0,0.045797061175107956,0.0809735506772995,0.0,0,R3,0.0,0.0
zero,0,RELLIS-3D,0.0,00003_000057_00,0,0,0.04179621487855911,0.07376842200756073,0.0,12,R3,0.0,0.0
learned,0,RELLIS-3D,0.0,00003_000057_00,0,0,0.04179621487855911,0.07376842200756073,0.0,12,R3,0.0,0.0
fixed,0,RELLIS-3D,0.0,00003_000057_00,0,0,0.04179621487855911,0.07376842200756073,0.0,12,R3,0.0,0.0
zero,0,RELLIS-3D,0.0,00003_000057_00,0,0,0.07265965640544891,0.10492823272943497,0.0,24,R3,0.0,0.0
learned,0,RELLIS-3D,0.0,00003_000057_00,0,0,0.07265965640544891,0.10492823272943497,0.0,24,R3,0.0,0.0
fixed,0,RELLIS-3D,0.0,00003_000057_00,0,0,0.07265965640544891,0.10492823272943497,0.0,24,R3,0.0,0.0
zero,0,RELLIS-3D,0.0,00003_000057_00,0,0,0.07836665213108063,0.10963018983602524,0.0,36,R3,0.0,0.0
learned,0,RELLIS-3D,0.0,00003_000057_00,0,0,0.07836665213108063,0.10963018983602524,0.0,36,R3,0.0,0.0
fixed,0,RELLIS-3D,0.0,00003_000057_00,0,0,0.07836665213108063,0.10963018983602524,0.0,36,R3,0.0,0.0
zero,0,RELLIS-3D,0.0,00003_000057_00,0,0,0.08125830441713333,0.10893169045448303,0.0,48,R3,0.0,0.0
learned,0,RELLIS-3D,0.0,00003_000057_00,0,0,0.08125830441713333,0.10893169045448303,0.0,48,R3,0.0,0.0
fixed,0,RELLIS-3D,0.0,00003_000057_00,0,0,0.08125830441713333,0.10893169045448303,0.0,48,R3,0.0,0.0
zero,0,RELLIS-3D,0.0,00003_000057_00,0,0,0.07982249557971954,0.10775244981050491,0.0,60,R3,0.0,0.0
learned,0,RELLIS-3D,0.0,00003_000057_00,0,0,0.07982249557971954,0.10775244981050491,0.0,60,R3,0.0,0.0
fixed,0,RELLIS-3D,0.0,00003_000057_00,0,0,0.07982249557971954,0.10775244981050491,0.0,60,R3,0.0,0.0
zero,0,RELLIS-3D,0.0,00003_000057_01,0,0,0.08915398269891739,0.12424268573522568,0.0,0,R3,0.0,0.0
learned,0,RELLIS-3D,0.0,00003_000057_01,0,0,0.08915398269891739,0.12424268573522568,0.0,0,R3,0.0,0.0
fixed,0,RELLIS-3D,0.0,00003_000057_01,0,0,0.08915398269891739,0.12424268573522568,0.0,0,R3,0.0,0.0
zero,0,RELLIS-3D,0.0,00003_000057_01,0,0,0.07840172201395035,0.11337234079837799,0.0,12,R3,0.0,0.0
learned,0,RELLIS-3D,0.0,00003_000057_01,0,0,0.07840172201395035,0.11337234079837799,0.0,12,R3,0.0,0.0
fixed,0,RELLIS-3D,0.0,00003_000057_01,0,0,0.07840172201395035,0.11337234079837799,0.0,12,R3,0.0,0.0
zero,0,RELLIS-3D,0.0,00003_000057_01,0,0,0.07290468364953995,0.10736069828271866,0.0,24,R3,0.0,0.0
learned,0,RELLIS-3D,0.0,00003_000057_01,0,0,0.07290468364953995,0.10736069828271866,0.0,24,R3,0.0,0.0
fixed,0,RELLIS-3D,0.0,00003_000057_01,0,0,0.07290468364953995,0.10736069828271866,0.0,24,R3,0.0,0.0
zero,0,RELLIS-3D,0.0,00003_000057_01,0,0,0.0767231211066246,0.10503251850605011,0.0,36,R3,0.0,0.0
learned,0,RELLIS-3D,0.0,00003_000057_01,0,0,0.0767231211066246,0.10503251850605011,0.0,36,R3,0.0,0.0
fixed,0,RELLIS-3D,0.0,00003_000057_01,0,0,0.0767231211066246,0.10503251850605011,0.0,36,R3,0.0,0.0
zero,0,RELLIS-3D,0.0,00003_000057_01,0,0,0.07718972116708755,0.1054321825504303,0.0,48,R3,0.0,0.0
learned,0,RELLIS-3D,0.0,00003_000057_01,0,0,0.07718972116708755,0.1054321825504303,0.0,48,R3,0.0,0.0
fixed,0,RELLIS-3D,0.0,00003_000057_01,0,0,0.07718972116708755,0.1054321825504303,0.0,48,R3,0.0,0.0
zero,0,RELLIS-3D,0.0,00003_000057_01,0,0,0.07728521525859833,0.10580265522003174,0.0,60,R3,0.0,0.0
learned,0,RELLIS-3D,0.0,00003_000057_01,0,0,0.07728521525859833,0.10580265522003174,0.0,60,R3,0.0,0.0
fixed,0,RELLIS-3D,0.0,00003_000057_01,0,0,0.07728521525859833,0.10580265522003174,0.0,60,R3,0.0,0.0
zero,0,RELLIS-3D,0.0,00003_000057_02,0,1,0.07256372272968292,0.1099918931722641,0.0,0,R2,0.0,0.0
learned,0,RELLIS-3D,-0.005285987630486488,00003_000057_02,0,1,0.07256372272968292,0.1099918931722641,0.1099918931722641,0,R2,0.021614398807287216,0.01733986847102642
fixed,0,RELLIS-3D,-0.07208696007728577,00003_000057_02,0,1,0.07256372272968292,0.1099918931722641,1.5,0,R2,0.2947635054588318,0.23647016286849976
zero,0,RELLIS-3D,0.0,00003_000057_02,0,0,0.09335397183895111,0.12672659754753113,0.0,12,R2,0.0,0.0
learned,0,RELLIS-3D,0.0,00003_000057_02,0,0,0.09335397183895111,0.12672659754753113,0.0,12,R2,0.0,0.0
fixed,0,RELLIS-3D,0.0,00003_000057_02,0,0,0.09335397183895111,0.12672659754753113,0.0,12,R2,0.0,0.0
zero,0,RELLIS-3D,0.0,00003_000057_02,0,0,0.09162737429141998,0.12433753162622452,0.0,24,R2,0.0,0.0
learned,0,RELLIS-3D,0.0,00003_000057_02,0,0,0.09162737429141998,0.12433753162622452,0.0,24,R2,0.0,0.0
fixed,0,RELLIS-3D,0.0,00003_000057_02,0,0,0.09162737429141998,0.12433753162622452,0.0,24,R2,0.0,0.0
zero,0,RELLIS-3D,0.0,00003_000057_02,0,0,0.08125607669353485,0.11633789539337158,0.0,36,R2,0.0,0.0
learned,0,RELLIS-3D,0.0,00003_000057_02,0,0,0.08125607669353485,0.11633789539337158,0.0,36,R2,0.0,0.0
fixed,0,RELLIS-3D,0.0,00003_000057_02,0,0,0.08125607669353485,0.11633789539337158,0.0,36,R2,0.0,0.0
zero,0,RELLIS-3D,0.0,00003_000057_02,0,0,0.08059753477573395,0.10929207503795624,0.0,48,R2,0.0,0.0
learned,0,RELLIS-3D,0.0,00003_000057_02,0,0,0.08059753477573395,0.10929207503795624,0.0,48,R2,0.0,0.0
fixed,0,RELLIS-3D,0.0,00003_000057_02,0,0,0.08059753477573395,0.10929207503795624,0.0,48,R2,0.0,0.0
zero,0,RELLIS-3D,0.0,00003_000057_03,0,1,0.06873437762260437,0.10567527264356613,0.0,0,R2,0.0,0.0
learned,0,RELLIS-3D,-0.008089162409305573,00003_000057_03,0,1,0.06873437762260437,0.10567527264356613,0.10567527264356613,0,R2,0.01367845106869936,0.0070949941873550415
fixed,0,RELLIS-3D,-0.11482103168964386,00003_000057_03,0,1,0.06873437762260437,0.10567527264356613,1.5,0,R2,0.19415779411792755,0.10070938616991043
zero,0,RELLIS-3D,0.0,00003_000057_03,0,0,0.0916256383061409,0.12485619634389877,0.0,12,R2,0.0,0.0
learned,0,RELLIS-3D,0.0,00003_000057_03,0,0,0.0916256383061409,0.12485619634389877,0.0,12,R2,0.0,0.0
fixed,0,RELLIS-3D,0.0,00003_000057_03,0,0,0.0916256383061409,0.12485619634389877,0.0,12,R2,0.0,0.0
zero,0,RELLIS-3D,0.0,00003_000057_03,0,0,0.0885821208357811,0.12164898961782455,0.0,24,R2,0.0,0.0
learned,0,RELLIS-3D,0.0,00003_000057_03,0,0,0.0885821208357811,0.12164898961782455,0.0,24,R2,0.0,0.0
fixed,0,RELLIS-3D,0.0,00003_000057_03,0,0,0.0885821208357811,0.12164898961782455,0.0,24,R2,0.0,0.0
zero,0,RELLIS-3D,0.0,00003_000057_03,0,0,0.08068542182445526,0.11696711927652359,0.0,36,R2,0.0,0.0
learned,0,RELLIS-3D,0.0,00003_000057_03,0,0,0.08068542182445526,0.11696711927652359,0.0,36,R2,0.0,0.0
fixed,0,RELLIS-3D,0.0,00003_000057_03,0,0,0.08068542182445526,0.11696711927652359,0.0,36,R2,0.0,0.0
zero,0,RELLIS-3D,0.0,00003_000057_03,0,0,0.08017885684967041,0.10891233384609222,0.0,48,R2,0.0,0.0
learned,0,RELLIS-3D,0.0,00003_000057_03,0,0,0.08017885684967041,0.10891233384609222,0.0,48,R2,0.0,0.0
fixed,0,RELLIS-3D,0.0,00003_000057_03,0,0,0.08017885684967041,0.10891233384609222,0.0,48,R2,0.0,0.0
zero,0,RELLIS-3D,0.0,00003_000057_04,0,1,0.09592675417661667,0.12394491583108902,0.0,0,R3,0.0,0.0
learned,0,RELLIS-3D,-0.029994048178195953,00003_000057_04,0,1,0.09592675417661667,0.12394491583108902,0.12394491583108902,0,R3,0.038858529180288315,0.011346315033733845
fixed,0,RELLIS-3D,-0.3629924952983856,00003_000057_04,0,1,0.09592675417661667,0.12394491583108902,1.5,0,R3,0.4702717363834381,0.1373148113489151
zero,0,RELLIS-3D,0.0,00003_000057_04,0,0,0.0849604606628418,0.11732380092144012,0.0,12,R3,0.0,0.0
learned,0,RELLIS-3D,0.0,00003_000057_04,0,0,0.0849604606628418,0.11732380092144012,0.0,12,R3,0.0,0.0
fixed,0,RELLIS-3D,0.0,00003_000057_04,0,0,0.0849604606628418,0.11732380092144012,0.0,12,R3,0.0,0.0
zero,0,RELLIS-3D,0.0,00003_000057_04,0,0,0.07815466821193695,0.1107487753033638,0.0,24,R3,0.0,0.0
learned,0,RELLIS-3D,0.0,00003_000057_04,0,0,0.07815466821193695,0.1107487753033638,0.0,24,R3,0.0,0.0
fixed,0,RELLIS-3D,0.0,00003_000057_04,0,0,0.07815466821193695,0.1107487753033638,0.0,24,R3,0.0,0.0
zero,0,RELLIS-3D,0.0,00003_000057_04,0,0,0.07524392008781433,0.10810205340385437,0.0,36,R3,0.0,0.0
learned,0,RELLIS-3D,0.0,00003_000057_04,0,0,0.07524392008781433,0.10810205340385437,0.0,36,R3,0.0,0.0
fixed,0,RELLIS-3D,0.0,00003_000057_04,0,0,0.07524392008781433,0.10810205340385437,0.0,36,R3,0.0,0.0
zero,0,RELLIS-3D,0.0,00003_000057_04,0,0,0.07757008075714111,0.10580964386463165,0.0,48,R3,0.0,0.0
learned,0,RELLIS-3D,0.0,00003_000057_04,0,0,0.07757008075714111,0.10580964386463165,0.0,48,R3,0.0,0.0
fixed,0,RELLIS-3D,0.0,00003_000057_04,0,0,0.07757008075714111,0.10580964386463165,0.0,48,R3,0.0,0.0
zero,0,RELLIS-3D,0.0,00003_000057_05,0,1,0.07256372272968292,0.1099918931722641,0.0,0,R2,0.0,0.0
learned,0,RELLIS-3D,-0.005285987630486488,00003_000057_05,0,1,0.07256372272968292,0.1099918931722641,0.1099918931722641,0,R2,0.021614398807287216,0.01733986847102642
fixed,0,RELLIS-3D,-0.07208696007728577,00003_000057_05,0,1,0.07256372272968292,0.1099918931722641,1.5,0,R2,0.2947635054588318,0.23647016286849976
zero,0,RELLIS-3D,0.0,00003_000057_05,0,0,0.09335397183895111,0.12672659754753113,0.0,12,R2,0.0,0.0
learned,0,RELLIS-3D,0.0,00003_000057_05,0,0,0.09335397183895111,0.12672659754753113,0.0,12,R2,0.0,0.0
fixed,0,RELLIS-3D,0.0,00003_000057_05,0,0,0.09335397183895111,0.12672659754753113,0.0,12,R2,0.0,0.0
zero,0,RELLIS-3D,0.0,00003_000057_05,0,0,0.09162737429141998,0.12433753162622452,0.0,24,R2,0.0,0.0
learned,0,RELLIS-3D,0.0,00003_000057_05,0,0,0.09162737429141998,0.12433753162622452,0.0,24,R2,0.0,0.0
fixed,0,RELLIS-3D,0.0,00003_000057_05,0,0,0.09162737429141998,0.12433753162622452,0.0,24,R2,0.0,0.0
zero,0,RELLIS-3D,0.0,00003_000057_05,0,0,0.08125607669353485,0.11633789539337158,0.0,36,R2,0.0,0.0
learned,0,RELLIS-3D,0.0,00003_000057_05,0,0,0.08125607669353485,0.11633789539337158,0.0,36,R2,0.0,0.0
fixed,0,RELLIS-3D,0.0,00003_000057_05,0,0,0.08125607669353485,0.11633789539337158,0.0,36,R2,0.0,0.0
zero,0,RELLIS-3D,0.0,00003_000057_05,0,0,0.08074229955673218,0.1085478886961937,0.0,48,R2,0.0,0.0
learned,0,RELLIS-3D,0.0,00003_000057_05,0,0,0.08074229955673218,0.1085478886961937,0.0,48,R2,0.0,0.0
fixed,0,RELLIS-3D,0.0,00003_000057_05,0,0,0.08074229955673218,0.1085478886961937,0.0,48,R2,0.0,0.0
zero,0,RELLIS-3D,0.0,00003_000057_06,0,1,0.036795977503061295,0.06911955773830414,0.0,0,R3,0.0,0.0
learned,0,RELLIS-3D,0.019759289920330048,00003_000057_06,0,1,0.036795977503061295,0.06911955773830414,0.06911955773830414,0,R3,0.019915854558348656,0.00986415334045887
fixed,1,RELLIS-3D,0.42880678176879883,00003_000057_06,0,1,0.036795977503061295,0.06911955773830414,1.5,0,R3,0.4322044253349304,0.21406717598438263
zero,0,RELLIS-3D,0.0,00003_000057_06,0,0,0.07634822279214859,0.10963340103626251,0.0,12,R3,0.0,0.0
learned,0,RELLIS-3D,0.0,00003_000057_06,0,0,0.07634822279214859,0.10963340103626251,0.0,12,R3,0.0,0.0
fixed,0,RELLIS-3D,0.0,00003_000057_06,0,0,0.07634822279214859,0.10963340103626251,0.0,12,R3,0.0,0.0
zero,0,RELLIS-3D,0.0,00003_000057_06,0,0,0.08385761082172394,0.11569465696811676,0.0,24,R3,0.0,0.0
learned,0,RELLIS-3D,0.0,00003_000057_06,0,0,0.08385761082172394,0.11569465696811676,0.0,24,R3,0.0,0.0
fixed,0,RELLIS-3D,0.0,00003_000057_06,0,0,0.08385761082172394,0.11569465696811676,0.0,24,R3,0.0,0.0
zero,0,RELLIS-3D,0.0,00003_000057_06,0,0,0.08354288339614868,0.11090759187936783,0.0,36,R3,0.0,0.0
learned,0,RELLIS-3D,0.0,00003_000057_06,0,0,0.08354288339614868,0.11090759187936783,0.0,36,R3,0.0,0.0
fixed,0,RELLIS-3D,0.0,00003_000057_06,0,0,0.08354288339614868,0.11090759187936783,0.0,36,R3,0.0,0.0
zero,0,RELLIS-3D,0.0,00003_000057_06,0,0,0.08174657821655273,0.10940781235694885,0.0,48,R3,0.0,0.0
learned,0,RELLIS-3D,0.0,00003_000057_06,0,0,0.08174657821655273,0.10940781235694885,0.0,48,R3,0.0,0.0
fixed,0,RELLIS-3D,0.0,00003_000057_06,0,0,0.08174657821655273,0.10940781235694885,0.0,48,R3,0.0,0.0
zero,0,RELLIS-3D,0.0,00003_000057_07,0,1,0.04287998378276825,0.07790835946798325,0.0,0,R3,0.0,0.0
learned,0,RELLIS-3D,0.019173456355929375,00003_000057_07,0,1,0.04287998378276825,0.07790835946798325,0.07790835946798325,0,R3,0.021516846492886543,0.016358954831957817
fixed,1,RELLIS-3D,0.36915403604507446,00003_000057_07,0,1,0.04287998378276825,0.07790835946798325,1.5,0,R3,0.4142722487449646,0.3149653673171997
zero,0,RELLIS-3D,0.0,00003_000057_07,0,0,0.08690659701824188,0.11978992819786072,0.0,12,R3,0.0,0.0
learned,0,RELLIS-3D,0.0,00003_000057_07,0,0,0.08690659701824188,0.11978992819786072,0.0,12,R3,0.0,0.0
fixed,0,RELLIS-3D,0.0,00003_000057_07,0,0,0.08690659701824188,0.11978992819786072,0.0,12,R3,0.0,0.0
zero,0,RELLIS-3D,0.0,00003_000057_07,0,0,0.08783761411905289,0.12010751664638519,0.0,24,R3,0.0,0.0
learned,0,RELLIS-3D,0.0,00003_000057_07,0,0,0.08783761411905289,0.12010751664638519,0.0,24,R3,0.0,0.0
fixed,0,RELLIS-3D,0.0,00003_000057_07,0,0,0.08783761411905289,0.12010751664638519,0.0,24,R3,0.0,0.0
zero,0,RELLIS-3D,0.0,00003_000057_07,0,0,0.08107078075408936,0.1144961342215538,0.0,36,R3,0.0,0.0
learned,0,RELLIS-3D,0.0,00003_000057_07,0,0,0.08107078075408936,0.1144961342215538,0.0,36,R3,0.0,0.0
fixed,0,RELLIS-3D,0.0,00003_000057_07,0,0,0.08107078075408936,0.1144961342215538,0.0,36,R3,0.0,0.0
zero,0,RELLIS-3D,0.0,00003_000057_07,0,0,0.08176397532224655,0.10940918326377869,0.0,48,R3,0.0,0.0
learned,0,RELLIS-3D,0.0,00003_000057_07,0,0,0.08176397532224655,0.10940918326377869,0.0,48,R3,0.0,0.0
fixed,0,RELLIS-3D,0.0,00003_000057_07,0,0,0.08176397532224655,0.10940918326377869,0.0,48,R3,0.0,0.0
zero,0,RELLIS-3D,0.0,00003_001804_00,0,0,0.12702281773090363,0.1449352651834488,0.0,0,R2,0.0,0.0
learned,0,RELLIS-3D,0.0,00003_001804_00,0,0,0.12702281773090363,0.1449352651834488,0.0,0,R2,0.0,0.0
fixed,0,RELLIS-3D,0.0,00003_001804_00,0,0,0.12702281773090363,0.1449352651834488,0.0,0,R2,0.0,0.0
zero,0,RELLIS-3D,0.0,00003_001804_00,0,0,0.1124274730682373,0.13374386727809906,0.0,12,R2,0.0,0.0
learned,0,RELLIS-3D,0.0,00003_001804_00,0,0,0.1124274730682373,0.13374386727809906,0.0,12,R2,0.0,0.0
fixed,0,RELLIS-3D,0.0,00003_001804_00,0,0,0.1124274730682373,0.13374386727809906,0.0,12,R2,0.0,0.0
zero,0,RELLIS-3D,0.0,00003_001804_00,0,0,0.10759654641151428,0.1292734295129776,0.0,24,R2,0.0,0.0
learned,0,RELLIS-3D,0.0,00003_001804_00,0,0,0.10759654641151428,0.1292734295129776,0.0,24,R2,0.0,0.0
fixed,0,RELLIS-3D,0.0,00003_001804_00,0,0,0.10759654641151428,0.1292734295129776,0.0,24,R2,0.0,0.0
zero,0,RELLIS-3D,0.0,00003_001804_00,0,0,0.09302376955747604,0.11771349608898163,0.0,36,R2,0.0,0.0
learned,0,RELLIS-3D,0.0,00003_001804_00,0,0,0.09302376955747604,0.11771349608898163,0.0,36,R2,0.0,0.0
fixed,0,RELLIS-3D,0.0,00003_001804_00,0,0,0.09302376955747604,0.11771349608898163,0.0,36,R2,0.0,0.0
zero,0,RELLIS-3D,0.0,00003_001804_00,0,0,0.08012688159942627,0.10746225714683533,0.0,48,R2,0.0,0.0
learned,0,RELLIS-3D,0.0,00003_001804_00,0,0,0.08012688159942627,0.10746225714683533,0.0,48,R2,0.0,0.0
fixed,0,RELLIS-3D,0.0,00003_001804_00,0,0,0.08012688159942627,0.10746225714683533,0.0,48,R2,0.0,0.0
zero,0,RELLIS-3D,0.0,00003_001804_00,0,0,0.07264403998851776,0.10237834602594376,0.0,60,R2,0.0,0.0
learned,0,RELLIS-3D,0.0,00003_001804_00,0,0,0.07264403998851776,0.10237834602594376,0.0,60,R2,0.0,0.0
fixed,0,RELLIS-3D,0.0,00003_001804_00,0,0,0.07264403998851776,0.10237834602594376,0.0,60,R2,0.0,0.0
zero,0,RELLIS-3D,0.0,00003_001804_00,0,0,0.07033061981201172,0.09986966848373413,0.0,72,R2,0.0,0.0
learned,0,RELLIS-3D,0.0,00003_001804_00,0,0,0.07033061981201172,0.09986966848373413,0.0,72,R2,0.0,0.0
fixed,0,RELLIS-3D,0.0,00003_001804_00,0,0,0.07033061981201172,0.09986966848373413,0.0,72,R2,0.0,0.0
zero,0,RELLIS-3D,0.0,00003_001804_01,0,0,0.13350807130336761,0.14991016685962677,0.0,0,R3,0.0,0.0
learned,0,RELLIS-3D,0.0,00003_001804_01,0,0,0.13350807130336761,0.14991016685962677,0.0,0,R3,0.0,0.0
fixed,0,RELLIS-3D,0.0,00003_001804_01,0,0,0.13350807130336761,0.14991016685962677,0.0,0,R3,0.0,0.0
zero,0,RELLIS-3D,0.0,00003_001804_01,0,0,0.11796548962593079,0.1365165263414383,0.0,12,R3,0.0,0.0
learned,0,RELLIS-3D,0.0,00003_001804_01,0,0,0.11796548962593079,0.1365165263414383,0.0,12,R3,0.0,0.0
fixed,0,RELLIS-3D,0.0,00003_001804_01,0,0,0.11796548962593079,0.1365165263414383,0.0,12,R3,0.0,0.0
zero,0,RELLIS-3D,0.0,00003_001804_01,0,0,0.10329775512218475,0.12485182285308838,0.0,24,R3,0.0,0.0
learned,0,RELLIS-3D,0.0,00003_001804_01,0,0,0.10329775512218475,0.12485182285308838,0.0,24,R3,0.0,0.0
fixed,0,RELLIS-3D,0.0,00003_001804_01,0,0,0.10329775512218475,0.12485182285308838,0.0,24,R3,0.0,0.0
zero,0,RELLIS-3D,0.0,00003_001804_01,0,0,0.09168010950088501,0.11411444842815399,0.0,36,R3,0.0,0.0
learned,0,RELLIS-3D,0.0,00003_001804_01,0,0,0.09168010950088501,0.11411444842815399,0.0,36,R3,0.0,0.0
fixed,0,RELLIS-3D,0.0,00003_001804_01,0,0,0.09168010950088501,0.11411444842815399,0.0,36,R3,0.0,0.0
zero,0,RELLIS-3D,0.0,00003_001804_01,0,0,0.08430805057287216,0.10795614868402481,0.0,48,R3,0.0,0.0
learned,0,RELLIS-3D,0.0,00003_001804_01,0,0,0.08430805057287216,0.10795614868402481,0.0,48,R3,0.0,0.0
fixed,0,RELLIS-3D,0.0,00003_001804_01,0,0,0.08430805057287216,0.10795614868402481,0.0,48,R3,0.0,0.0
zero,0,RELLIS-3D,0.0,00003_001804_01,0,0,0.08229564875364304,0.10734350979328156,0.0,60,R3,0.0,0.0
learned,0,RELLIS-3D,0.0,00003_001804_01,0,0,0.08229564875364304,0.10734350979328156,0.0,60,R3,0.0,0.0
fixed,0,RELLIS-3D,0.0,00003_001804_01,0,0,0.08229564875364304,0.10734350979328156,0.0,60,R3,0.0,0.0
zero,0,RELLIS-3D,0.0,00003_001804_01,0,0,0.07803640514612198,0.10478467494249344,0.0,72,R3,0.0,0.0
learned,0,RELLIS-3D,0.0,00003_001804_01,0,0,0.07803640514612198,0.10478467494249344,0.0,72,R3,0.0,0.0
fixed,0,RELLIS-3D,0.0,00003_001804_01,0,0,0.07803640514612198,0.10478467494249344,0.0,72,R3,0.0,0.0
zero,0,RELLIS-3D,0.0,00003_001804_02,0,1,0.1220288872718811,0.14160622656345367,0.0,0,R2,0.0,0.0
learned,0,RELLIS-3D,0.004981121513992548,00003_001804_02,0,1,0.1220288872718811,0.14160622656345367,0.14160622656345367,0,R2,0.008141185157001019,0.00785552617162466
fixed,1,RELLIS-3D,0.05276380479335785,00003_001804_02,0,1,0.1220288872718811,0.14160622656345367,1.5,0,R2,0.08623757213354111,0.08321166038513184
zero,0,RELLIS-3D,0.0,00003_001804_02,0,0,0.10836471617221832,0.13167919218540192,0.0,12,R2,0.0,0.0
learned,0,RELLIS-3D,0.0,00003_001804_02,0,0,0.10836471617221832,0.13167919218540192,0.0,12,R2,0.0,0.0
fixed,0,RELLIS-3D,0.0,00003_001804_02,0,0,0.10836471617221832,0.13167919218540192,0.0,12,R2,0.0,0.0
zero,0,RELLIS-3D,0.0,00003_001804_02,0,0,0.0960102379322052,0.12284061312675476,0.0,24,R2,0.0,0.0
learned,0,RELLIS-3D,0.0,00003_001804_02,0,0,0.0960102379322052,0.12284061312675476,0.0,24,R2,0.0,0.0
fixed,0,RELLIS-3D,0.0,00003_001804_02,0,0,0.0960102379322052,0.12284061312675476,0.0,24,R2,0.0,0.0
zero,0,RELLIS-3D,0.0,00003_001804_02,0,0,0.07723166048526764,0.10676760971546173,0.0,36,R2,0.0,0.0
learned,0,RELLIS-3D,0.0,00003_001804_02,0,0,0.07723166048526764,0.10676760971546173,0.0,36,R2,0.0,0.0
fixed,0,RELLIS-3D,0.0,00003_001804_02,0,0,0.07723166048526764,0.10676760971546173,0.0,36,R2,0.0,0.0
zero,0,RELLIS-3D,0.0,00003_001804_02,0,0,0.05793365091085434,0.09180323034524918,0.0,48,R2,0.0,0.0
learned,0,RELLIS-3D,0.0,00003_001804_02,0,0,0.05793365091085434,0.09180323034524918,0.0,48,R2,0.0,0.0
fixed,0,RELLIS-3D,0.0,00003_001804_02,0,0,0.05793365091085434,0.09180323034524918,0.0,48,R2,0.0,0.0
zero,0,RELLIS-3D,0.0,00003_001804_02,0,0,0.06522134691476822,0.09995392709970474,0.0,60,R2,0.0,0.0
learned,0,RELLIS-3D,0.0,00003_001804_02,0,0,0.06522134691476822,0.09995392709970474,0.0,60,R2,0.0,0.0
fixed,0,RELLIS-3D,0.0,00003_001804_02,0,0,0.06522134691476822,0.09995392709970474,0.0,60,R2,0.0,0.0
zero,0,RELLIS-3D,0.0,00003_001804_03,0,0,0.12001927196979523,0.13787192106246948,0.0,0,R3,0.0,0.0
learned,0,RELLIS-3D,0.0,00003_001804_03,0,0,0.12001927196979523,0.13787192106246948,0.0,0,R3,0.0,0.0
fixed,0,RELLIS-3D,0.0,00003_001804_03,0,0,0.12001927196979523,0.13787192106246948,0.0,0,R3,0.0,0.0
zero,0,RELLIS-3D,0.0,00003_001804_03,0,0,0.10815443098545074,0.1290270984172821,0.0,12,R3,0.0,0.0
learned,0,RELLIS-3D,0.0,00003_001804_03,0,0,0.10815443098545074,0.1290270984172821,0.0,12,R3,0.0,0.0
fixed,0,RELLIS-3D,0.0,00003_001804_03,0,0,0.10815443098545074,0.1290270984172821,0.0,12,R3,0.0,0.0
zero,0,RELLIS-3D,0.0,00003_001804_03,0,0,0.09458962827920914,0.11701588332653046,0.0,24,R3,0.0,0.0
learned,0,RELLIS-3D,0.0,00003_001804_03,0,0,0.09458962827920914,0.11701588332653046,0.0,24,R3,0.0,0.0
fixed,0,RELLIS-3D,0.0,00003_001804_03,0,0,0.09458962827920914,0.11701588332653046,0.0,24,R3,0.0,0.0
zero,0,RELLIS-3D,0.0,00003_001804_03,0,0,0.08613776415586472,0.10908704996109009,0.0,36,R3,0.0,0.0
learned,0,RELLIS-3D,0.0,00003_001804_03,0,0,0.08613776415586472,0.10908704996109009,0.0,36,R3,0.0,0.0
fixed,0,RELLIS-3D,0.0,00003_001804_03,0,0,0.08613776415586472,0.10908704996109009,0.0,36,R3,0.0,0.0
zero,0,RELLIS-3D,0.0,00003_001804_03,0,0,0.08322945982217789,0.10791756957769394,0.0,48,R3,0.0,0.0
learned,0,RELLIS-3D,0.0,00003_001804_03,0,0,0.08322945982217789,0.10791756957769394,0.0,48,R3,0.0,0.0
fixed,0,RELLIS-3D,0.0,00003_001804_03,0,0,0.08322945982217789,0.10791756957769394,0.0,48,R3,0.0,0.0
zero,0,RELLIS-3D,0.0,00003_001804_04,0,1,0.12140460312366486,0.1401681900024414,0.0,0,R2,0.0,0.0
learned,1,RELLIS-3D,0.026315458118915558,00003_001804_04,0,1,0.12140460312366486,0.1401681900024414,0.1401681900024414,0,R2,0.02674774080514908,0.01449530478566885
fixed,1,RELLIS-3D,0.2816130220890045,00003_001804_04,0,1,0.12140460312366486,0.1401681900024414,1.5,0,R2,0.28623905777931213,0.15512047708034515
zero,0,RELLIS-3D,0.0,00003_001804_04,0,0,0.10625402629375458,0.13380368053913116,0.0,12,R2,0.0,0.0
learned,0,RELLIS-3D,0.0,00003_001804_04,0,0,0.10625402629375458,0.13380368053913116,0.0,12,R2,0.0,0.0
fixed,0,RELLIS-3D,0.0,00003_001804_04,0,0,0.10625402629375458,0.13380368053913116,0.0,12,R2,0.0,0.0
zero,0,RELLIS-3D,0.0,00003_001804_04,0,0,0.10077211260795593,0.12794990837574005,0.0,24,R2,0.0,0.0
learned,0,RELLIS-3D,0.0,00003_001804_04,0,0,0.10077211260795593,0.12794990837574005,0.0,24,R2,0.0,0.0
fixed,0,RELLIS-3D,0.0,00003_001804_04,0,0,0.10077211260795593,0.12794990837574005,0.0,24,R2,0.0,0.0
zero,0,RELLIS-3D,0.0,00003_001804_04,0,0,0.0867055356502533,0.11647597700357437,0.0,36,R2,0.0,0.0
learned,0,RELLIS-3D,0.0,00003_001804_04,0,0,0.0867055356502533,0.11647597700357437,0.0,36,R2,0.0,0.0
fixed,0,RELLIS-3D,0.0,00003_001804_04,0,0,0.0867055356502533,0.11647597700357437,0.0,36,R2,0.0,0.0
zero,0,RELLIS-3D,0.0,00003_001804_04,0,0,0.06889193505048752,0.10299360752105713,0.0,48,R2,0.0,0.0
learned,0,RELLIS-3D,0.0,00003_001804_04,0,0,0.06889193505048752,0.10299360752105713,0.0,48,R2,0.0,0.0
fixed,0,RELLIS-3D,0.0,00003_001804_04,0,0,0.06889193505048752,0.10299360752105713,0.0,48,R2,0.0,0.0
zero,0,RELLIS-3D,0.0,00003_001804_04,0,0,0.058338623493909836,0.09150124341249466,0.0,60,R2,0.0,0.0
learned,0,RELLIS-3D,0.0,00003_001804_04,0,0,0.058338623493909836,0.09150124341249466,0.0,60,R2,0.0,0.0
fixed,0,RELLIS-3D,0.0,00003_001804_04,0,0,0.058338623493909836,0.09150124341249466,0.0,60,R2,0.0,0.0
zero,0,RELLIS-3D,0.0,00003_001804_05,0,0,0.11240315437316895,0.13371975719928741,0.0,0,R2,0.0,0.0
learned,0,RELLIS-3D,0.0,00003_001804_05,0,0,0.11240315437316895,0.13371975719928741,0.0,0,R2,0.0,0.0
fixed,0,RELLIS-3D,0.0,00003_001804_05,0,0,0.11240315437316895,0.13371975719928741,0.0,0,R2,0.0,0.0
zero,0,RELLIS-3D,0.0,00003_001804_05,0,0,0.10520236194133759,0.13030987977981567,0.0,12,R2,0.0,0.0
learned,0,RELLIS-3D,0.0,00003_001804_05,0,0,0.10520236194133759,0.13030987977981567,0.0,12,R2,0.0,0.0
fixed,0,RELLIS-3D,0.0,00003_001804_05,0,0,0.10520236194133759,0.13030987977981567,0.0,12,R2,0.0,0.0
zero,0,RELLIS-3D,0.0,00003_001804_05,0,0,0.0948772132396698,0.12098802626132965,0.0,24,R2,0.0,0.0
learned,0,RELLIS-3D,0.0,00003_001804_05,0,0,0.0948772132396698,0.12098802626132965,0.0,24,R2,0.0,0.0
fixed,0,RELLIS-3D,0.0,00003_001804_05,0,0,0.0948772132396698,0.12098802626132965,0.0,24,R2,0.0,0.0
zero,0,RELLIS-3D,0.0,00003_001804_05,0,0,0.0765509083867073,0.10432577133178711,0.0,36,R2,0.0,0.0
learned,0,RELLIS-3D,0.0,00003_001804_05,0,0,0.0765509083867073,0.10432577133178711,0.0,36,R2,0.0,0.0
fixed,0,RELLIS-3D,0.0,00003_001804_05,0,0,0.0765509083867073,0.10432577133178711,0.0,36,R2,0.0,0.0
zero,0,RELLIS-3D,0.0,00003_001804_05,0,0,0.061498552560806274,0.09295924752950668,0.0,48,R2,0.0,0.0
learned,0,RELLIS-3D,0.0,00003_001804_05,0,0,0.061498552560806274,0.09295924752950668,0.0,48,R2,0.0,0.0
fixed,0,RELLIS-3D,0.0,00003_001804_05,0,0,0.061498552560806274,0.09295924752950668,0.0,48,R2,0.0,0.0
zero,0,RELLIS-3D,0.0,00003_001804_06,0,0,0.11462695151567459,0.13545235991477966,0.0,0,R2,0.0,0.0
learned,0,RELLIS-3D,0.0,00003_001804_06,0,0,0.11462695151567459,0.13545235991477966,0.0,0,R2,0.0,0.0
fixed,0,RELLIS-3D,0.0,00003_001804_06,0,0,0.11462695151567459,0.13545235991477966,0.0,0,R2,0.0,0.0
zero,0,RELLIS-3D,0.0,00003_001804_06,0,0,0.10974240303039551,0.13115772604942322,0.0,12,R2,0.0,0.0
learned,0,RELLIS-3D,0.0,00003_001804_06,0,0,0.10974240303039551,0.13115772604942322,0.0,12,R2,0.0,0.0
fixed,0,RELLIS-3D,0.0,00003_001804_06,0,0,0.10974240303039551,0.13115772604942322,0.0,12,R2,0.0,0.0
zero,0,RELLIS-3D,0.0,00003_001804_06,0,0,0.09843969345092773,0.12222365289926529,0.0,24,R2,0.0,0.0
learned,0,RELLIS-3D,0.0,00003_001804_06,0,0,0.09843969345092773,0.12222365289926529,0.0,24,R2,0.0,0.0
fixed,0,RELLIS-3D,0.0,00003_001804_06,0,0,0.09843969345092773,0.12222365289926529,0.0,24,R2,0.0,0.0
zero,0,RELLIS-3D,0.0,00003_001804_06,0,0,0.08329713344573975,0.1095656305551529,0.0,36,R2,0.0,0.0
learned,0,RELLIS-3D,0.0,00003_001804_06,0,0,0.08329713344573975,0.1095656305551529,0.0,36,R2,0.0,0.0
fixed,0,RELLIS-3D,0.0,00003_001804_06,0,0,0.08329713344573975,0.1095656305551529,0.0,36,R2,0.0,0.0
zero,0,RELLIS-3D,0.0,00003_001804_06,0,0,0.07368520647287369,0.10324503481388092,0.0,48,R2,0.0,0.0
learned,0,RELLIS-3D,0.0,00003_001804_06,0,0,0.07368520647287369,0.10324503481388092,0.0,48,R2,0.0,0.0
fixed,0,RELLIS-3D,0.0,00003_001804_06,0,0,0.07368520647287369,0.10324503481388092,0.0,48,R2,0.0,0.0
zero,0,RELLIS-3D,0.0,00003_001804_06,0,0,0.06907223165035248,0.09892522543668747,0.0,60,R2,0.0,0.0
learned,0,RELLIS-3D,0.0,00003_001804_06,0,0,0.06907223165035248,0.09892522543668747,0.0,60,R2,0.0,0.0
fixed,0,RELLIS-3D,0.0,00003_001804_06,0,0,0.06907223165035248,0.09892522543668747,0.0,60,R2,0.0,0.0
zero,0,RELLIS-3D,0.0,00003_001804_07,0,0,0.11874519288539886,0.138633131980896,0.0,0,R2,0.0,0.0
learned,0,RELLIS-3D,0.0,00003_001804_07,0,0,0.11874519288539886,0.138633131980896,0.0,0,R2,0.0,0.0
fixed,0,RELLIS-3D,0.0,00003_001804_07,0,0,0.11874519288539886,0.138633131980896,0.0,0,R2,0.0,0.0
zero,0,RELLIS-3D,0.0,00003_001804_07,0,0,0.11159631609916687,0.13270512223243713,0.0,12,R2,0.0,0.0
learned,0,RELLIS-3D,0.0,00003_001804_07,0,0,0.11159631609916687,0.13270512223243713,0.0,12,R2,0.0,0.0
fixed,0,RELLIS-3D,0.0,00003_001804_07,0,0,0.11159631609916687,0.13270512223243713,0.0,12,R2,0.0,0.0
zero,0,RELLIS-3D,0.0,00003_001804_07,0,0,0.10059228539466858,0.12411053478717804,0.0,24,R2,0.0,0.0
learned,0,RELLIS-3D,0.0,00003_001804_07,0,0,0.10059228539466858,0.12411053478717804,0.0,24,R2,0.0,0.0
fixed,0,RELLIS-3D,0.0,00003_001804_07,0,0,0.10059228539466858,0.12411053478717804,0.0,24,R2,0.0,0.0
zero,0,RELLIS-3D,0.0,00003_001804_07,0,0,0.08733941614627838,0.11285021156072617,0.0,36,R2,0.0,0.0
learned,0,RELLIS-3D,0.0,00003_001804_07,0,0,0.08733941614627838,0.11285021156072617,0.0,36,R2,0.0,0.0
fixed,0,RELLIS-3D,0.0,00003_001804_07,0,0,0.08733941614627838,0.11285021156072617,0.0,36,R2,0.0,0.0
zero,0,RELLIS-3D,0.0,00003_001804_07,0,0,0.07745283842086792,0.1061277687549591,0.0,48,R2,0.0,0.0
learned,0,RELLIS-3D,0.0,00003_001804_07,0,0,0.07745283842086792,0.1061277687549591,0.0,48,R2,0.0,0.0
fixed,0,RELLIS-3D,0.0,00003_001804_07,0,0,0.07745283842086792,0.1061277687549591,0.0,48,R2,0.0,0.0
zero,0,RELLIS-3D,0.0,00003_000076_00,0,0,0.09372274577617645,0.12692132592201233,0.0,0,R3,0.0,0.0
learned,0,RELLIS-3D,0.0,00003_000076_00,0,0,0.09372274577617645,0.12692132592201233,0.0,0,R3,0.0,0.0
fixed,0,RELLIS-3D,0.0,00003_000076_00,0,0,0.09372274577617645,0.12692132592201233,0.0,0,R3,0.0,0.0
zero,0,RELLIS-3D,0.0,00003_000076_00,0,0,0.08250229060649872,0.11623992025852203,0.0,12,R3,0.0,0.0
learned,0,RELLIS-3D,0.0,00003_000076_00,0,0,0.08250229060649872,0.11623992025852203,0.0,12,R3,0.0,0.0
fixed,0,RELLIS-3D,0.0,00003_000076_00,0,0,0.08250229060649872,0.11623992025852203,0.0,12,R3,0.0,0.0
zero,0,RELLIS-3D,0.0,00003_000076_00,0,0,0.07488898187875748,0.10849593579769135,0.0,24,R3,0.0,0.0
learned,0,RELLIS-3D,0.0,00003_000076_00,0,0,0.07488898187875748,0.10849593579769135,0.0,24,R3,0.0,0.0
fixed,0,RELLIS-3D,0.0,00003_000076_00,0,0,0.07488898187875748,0.10849593579769135,0.0,24,R3,0.0,0.0
zero,0,RELLIS-3D,0.0,00003_000076_00,0,0,0.07679881155490875,0.10513796657323837,0.0,36,R3,0.0,0.0
learned,0,RELLIS-3D,0.0,00003_000076_00,0,0,0.07679881155490875,0.10513796657323837,0.0,36,R3,0.0,0.0
fixed,0,RELLIS-3D,0.0,00003_000076_00,0,0,0.07679881155490875,0.10513796657323837,0.0,36,R3,0.0,0.0
zero,0,RELLIS-3D,0.0,00003_000076_00,0,0,0.07612840831279755,0.10453595966100693,0.0,48,R3,0.0,0.0
learned,0,RELLIS-3D,0.0,00003_000076_00,0,0,0.07612840831279755,0.10453595966100693,0.0,48,R3,0.0,0.0
fixed,0,RELLIS-3D,0.0,00003_000076_00,0,0,0.07612840831279755,0.10453595966100693,0.0,48,R3,0.0,0.0
zero,0,RELLIS-3D,0.0,00003_000076_01,0,0,0.10916075110435486,0.14050239324569702,0.0,0,R3,0.0,0.0
learned,0,RELLIS-3D,0.0,00003_000076_01,0,0,0.10916075110435486,0.14050239324569702,0.0,0,R3,0.0,0.0
fixed,0,RELLIS-3D,0.0,00003_000076_01,0,0,0.10916075110435486,0.14050239324569702,0.0,0,R3,0.0,0.0
zero,0,RELLIS-3D,0.0,00003_000076_01,0,0,0.09002313762903214,0.12336953729391098,0.0,12,R3,0.0,0.0
learned,0,RELLIS-3D,0.0,00003_000076_01,0,0,0.09002313762903214,0.12336953729391098,0.0,12,R3,0.0,0.0
fixed,0,RELLIS-3D,0.0,00003_000076_01,0,0,0.09002313762903214,0.12336953729391098,0.0,12,R3,0.0,0.0
zero,0,RELLIS-3D,0.0,00003_000076_01,0,0,0.07955744862556458,0.1132505014538765,0.0,24,R3,0.0,0.0
learned,0,RELLIS-3D,0.0,00003_000076_01,0,0,0.07955744862556458,0.1132505014538765,0.0,24,R3,0.0,0.0
fixed,0,RELLIS-3D,0.0,00003_000076_01,0,0,0.07955744862556458,0.1132505014538765,0.0,24,R3,0.0,0.0
zero,0,RELLIS-3D,0.0,00003_000076_01,0,0,0.0734948217868805,0.10710543394088745,0.0,36,R3,0.0,0.0
learned,0,RELLIS-3D,0.0,00003_000076_01,0,0,0.0734948217868805,0.10710543394088745,0.0,36,R3,0.0,0.0
fixed,0,RELLIS-3D,0.0,00003_000076_01,0,0,0.0734948217868805,0.10710543394088745,0.0,36,R3,0.0,0.0
zero,0,RELLIS-3D,0.0,00003_000076_01,0,0,0.07633091509342194,0.10471613705158234,0.0,48,R3,0.0,0.0
learned,0,RELLIS-3D,0.0,00003_000076_01,0,0,0.07633091509342194,0.10471613705158234,0.0,48,R3,0.0,0.0
fixed,0,RELLIS-3D,0.0,00003_000076_01,0,0,0.07633091509342194,0.10471613705158234,0.0,48,R3,0.0,0.0
zero,0,RELLIS-3D,0.0,00003_000076_01,0,0,0.07640159875154495,0.10501638054847717,0.0,60,R3,0.0,0.0
learned,0,RELLIS-3D,0.0,00003_000076_01,0,0,0.07640159875154495,0.10501638054847717,0.0,60,R3,0.0,0.0
fixed,0,RELLIS-3D,0.0,00003_000076_01,0,0,0.07640159875154495,0.10501638054847717,0.0,60,R3,0.0,0.0
zero,0,RELLIS-3D,0.0,00003_000076_02,0,0,0.10707220435142517,0.14066331088542938,0.0,0,R3,0.0,0.0
learned,0,RELLIS-3D,0.0,00003_000076_02,0,0,0.10707220435142517,0.14066331088542938,0.0,0,R3,0.0,0.0
fixed,0,RELLIS-3D,0.0,00003_000076_02,0,0,0.10707220435142517,0.14066331088542938,0.0,0,R3,0.0,0.0
zero,0,RELLIS-3D,0.0,00003_000076_02,0,0,0.0876360759139061,0.12252207845449448,0.0,12,R3,0.0,0.0
learned,0,RELLIS-3D,0.0,00003_000076_02,0,0,0.0876360759139061,0.12252207845449448,0.0,12,R3,0.0,0.0
fixed,0,RELLIS-3D,0.0,00003_000076_02,0,0,0.0876360759139061,0.12252207845449448,0.0,12,R3,0.0,0.0
zero,0,RELLIS-3D,0.0,00003_000076_02,0,0,0.07755173742771149,0.11264403164386749,0.0,24,R3,0.0,0.0
learned,0,RELLIS-3D,0.0,00003_000076_02,0,0,0.07755173742771149,0.11264403164386749,0.0,24,R3,0.0,0.0
fixed,0,RELLIS-3D,0.0,00003_000076_02,0,0,0.07755173742771149,0.11264403164386749,0.0,24,R3,0.0,0.0
zero,0,RELLIS-3D,0.0,00003_000076_02,0,0,0.07257598638534546,0.10718730092048645,0.0,36,R3,0.0,0.0
learned,0,RELLIS-3D,0.0,00003_000076_02,0,0,0.07257598638534546,0.10718730092048645,0.0,36,R3,0.0,0.0
fixed,0,RELLIS-3D,0.0,00003_000076_02,0,0,0.07257598638534546,0.10718730092048645,0.0,36,R3,0.0,0.0
zero,0,RELLIS-3D,0.0,00003_000076_02,0,0,0.07622357457876205,0.10461504757404327,0.0,48,R3,0.0,0.0
learned,0,RELLIS-3D,0.0,00003_000076_02,0,0,0.07622357457876205,0.10461504757404327,0.0,48,R3,0.0,0.0
fixed,0,RELLIS-3D,0.0,00003_000076_02,0,0,0.07622357457876205,0.10461504757404327,0.0,48,R3,0.0,0.0
zero,0,RELLIS-3D,0.0,00003_000076_02,0,0,0.07767339050769806,0.1024966835975647,0.0,60,R3,0.0,0.0
learned,0,RELLIS-3D,0.0,00003_000076_02,0,0,0.07767339050769806,0.1024966835975647,0.0,60,R3,0.0,0.0
fixed,0,RELLIS-3D,0.0,00003_000076_02,0,0,0.07767339050769806,0.1024966835975647,0.0,60,R3,0.0,0.0
zero,0,RELLIS-3D,0.0,00003_000076_03,0,0,0.09372274577617645,0.12692132592201233,0.0,0,R3,0.0,0.0
learned,0,RELLIS-3D,0.0,00003_000076_03,0,0,0.09372274577617645,0.12692132592201233,0.0,0,R3,0.0,0.0
fixed,0,RELLIS-3D,0.0,00003_000076_03,0,0,0.09372274577617645,0.12692132592201233,0.0,0,R3,0.0,0.0
zero,0,RELLIS-3D,0.0,00003_000076_03,0,0,0.08250229060649872,0.11623992025852203,0.0,12,R3,0.0,0.0
learned,0,RELLIS-3D,0.0,00003_000076_03,0,0,0.08250229060649872,0.11623992025852203,0.0,12,R3,0.0,0.0
fixed,0,RELLIS-3D,0.0,00003_000076_03,0,0,0.08250229060649872,0.11623992025852203,0.0,12,R3,0.0,0.0
zero,0,RELLIS-3D,0.0,00003_000076_03,0,0,0.07488898187875748,0.10849593579769135,0.0,24,R3,0.0,0.0
learned,0,RELLIS-3D,0.0,00003_000076_03,0,0,0.07488898187875748,0.10849593579769135,0.0,24,R3,0.0,0.0
fixed,0,RELLIS-3D,0.0,00003_000076_03,0,0,0.07488898187875748,0.10849593579769135,0.0,24,R3,0.0,0.0
zero,0,RELLIS-3D,0.0,00003_000076_03,0,0,0.07679881155490875,0.10513796657323837,0.0,36,R3,0.0,0.0
learned,0,RELLIS-3D,0.0,00003_000076_03,0,0,0.07679881155490875,0.10513796657323837,0.0,36,R3,0.0,0.0
fixed,0,RELLIS-3D,0.0,00003_000076_03,0,0,0.07679881155490875,0.10513796657323837,0.0,36,R3,0.0,0.0
zero,0,RELLIS-3D,0.0,00003_000076_03,0,0,0.07612840831279755,0.10453595966100693,0.0,48,R3,0.0,0.0
learned,0,RELLIS-3D,0.0,00003_000076_03,0,0,0.07612840831279755,0.10453595966100693,0.0,48,R3,0.0,0.0
fixed,0,RELLIS-3D,0.0,00003_000076_03,0,0,0.07612840831279755,0.10453595966100693,0.0,48,R3,0.0,0.0
zero,0,RELLIS-3D,0.0,00003_000076_03,0,0,0.07589977234601974,0.10433211922645569,0.0,60,R3,0.0,0.0
learned,0,RELLIS-3D,0.0,00003_000076_03,0,0,0.07589977234601974,0.10433211922645569,0.0,60,R3,0.0,0.0
fixed,0,RELLIS-3D,0.0,00003_000076_03,0,0,0.07589977234601974,0.10433211922645569,0.0,60,R3,0.0,0.0
zero,0,RELLIS-3D,0.0,00003_000076_04,0,0,0.042324554175138474,0.07652321457862854,0.0,0,R3,0.0,0.0
learned,0,RELLIS-3D,0.0,00003_000076_04,0,0,0.042324554175138474,0.07652321457862854,0.0,0,R3,0.0,0.0
fixed,0,RELLIS-3D,0.0,00003_000076_04,0,0,0.042324554175138474,0.07652321457862854,0.0,0,R3,0.0,0.0
zero,0,RELLIS-3D,0.0,00003_000076_04,0,0,0.042805127799510956,0.07618487626314163,0.0,12,R3,0.0,0.0
learned,0,RELLIS-3D,0.0,00003_000076_04,0,0,0.042805127799510956,0.07618487626314163,0.0,12,R3,0.0,0.0
fixed,0,RELLIS-3D,0.0,00003_000076_04,0,0,0.042805127799510956,0.07618487626314163,0.0,12,R3,0.0,0.0
zero,0,RELLIS-3D,0.0,00003_000076_04,0,0,0.07383362203836441,0.1075814813375473,0.0,24,R3,0.0,0.0
learned,0,RELLIS-3D,0.0,00003_000076_04,0,0,0.07383362203836441,0.1075814813375473,0.0,24,R3,0.0,0.0
fixed,0,RELLIS-3D,0.0,00003_000076_04,0,0,0.07383362203836441,0.1075814813375473,0.0,24,R3,0.0,0.0
zero,0,RELLIS-3D,0.0,00003_000076_04,0,0,0.07645327597856522,0.1095120906829834,0.0,36,R3,0.0,0.0
learned,0,RELLIS-3D,0.0,00003_000076_04,0,0,0.07645327597856522,0.1095120906829834,0.0,36,R3,0.0,0.0
fixed,0,RELLIS-3D,0.0,00003_000076_04,0,0,0.07645327597856522,0.1095120906829834,0.0,36,R3,0.0,0.0
zero,0,RELLIS-3D,0.0,00003_000076_04,0,0,0.07994189858436584,0.10784416645765305,0.0,48,R3,0.0,0.0
learned,0,RELLIS-3D,0.0,00003_000076_04,0,0,0.07994189858436584,0.10784416645765305,0.0,48,R3,0.0,0.0
fixed,0,RELLIS-3D,0.0,00003_000076_04,0,0,0.07994189858436584,0.10784416645765305,0.0,48,R3,0.0,0.0
zero,0,RELLIS-3D,0.0,00003_000076_04,0,0,0.07851630449295044,0.10657969117164612,0.0,60,R3,0.0,0.0
learned,0,RELLIS-3D,0.0,00003_000076_04,0,0,0.07851630449295044,0.10657969117164612,0.0,60,R3,0.0,0.0
fixed,0,RELLIS-3D,0.0,00003_000076_04,0,0,0.07851630449295044,0.10657969117164612,0.0,60,R3,0.0,0.0
zero,0,RELLIS-3D,0.0,00003_000076_05,0,0,0.1121467798948288,0.1441311240196228,0.0,0,R2,0.0,0.0
learned,0,RELLIS-3D,0.0,00003_000076_05,0,0,0.1121467798948288,0.1441311240196228,0.0,0,R2,0.0,0.0
fixed,0,RELLIS-3D,0.0,00003_000076_05,0,0,0.1121467798948288,0.1441311240196228,0.0,0,R2,0.0,0.0
zero,0,RELLIS-3D,0.0,00003_000076_05,0,0,0.0952083021402359,0.12987273931503296,0.0,12,R2,0.0,0.0
learned,0,RELLIS-3D,0.0,00003_000076_05,0,0,0.0952083021402359,0.12987273931503296,0.0,12,R2,0.0,0.0
fixed,0,RELLIS-3D,0.0,00003_000076_05,0,0,0.0952083021402359,0.12987273931503296,0.0,12,R2,0.0,0.0
zero,0,RELLIS-3D,0.0,00003_000076_05,0,0,0.09040304273366928,0.1236657127737999,0.0,24,R2,0.0,0.0
learned,0,RELLIS-3D,0.0,00003_000076_05,0,0,0.09040304273366928,0.1236657127737999,0.0,24,R2,0.0,0.0
fixed,0,RELLIS-3D,0.0,00003_000076_05,0,0,0.09040304273366928,0.1236657127737999,0.0,24,R2,0.0,0.0
zero,0,RELLIS-3D,0.0,00003_000076_05,0,0,0.08176621794700623,0.11597656458616257,0.0,36,R2,0.0,0.0
learned,0,RELLIS-3D,0.0,00003_000076_05,0,0,0.08176621794700623,0.11597656458616257,0.0,36,R2,0.0,0.0
fixed,0,RELLIS-3D,0.0,00003_000076_05,0,0,0.08176621794700623,0.11597656458616257,0.0,36,R2,0.0,0.0
zero,0,RELLIS-3D,0.0,00003_000076_05,0,0,0.08071427047252655,0.10857044905424118,0.0,48,R2,0.0,0.0
learned,0,RELLIS-3D,0.0,00003_000076_05,0,0,0.08071427047252655,0.10857044905424118,0.0,48,R2,0.0,0.0
fixed,0,RELLIS-3D,0.0,00003_000076_05,0,0,0.08071427047252655,0.10857044905424118,0.0,48,R2,0.0,0.0
zero,0,RELLIS-3D,0.0,00003_000076_05,0,0,0.07909087836742401,0.10804808139801025,0.0,60,R2,0.0,0.0
learned,0,RELLIS-3D,0.0,00003_000076_05,0,0,0.07909087836742401,0.10804808139801025,0.0,60,R2,0.0,0.0
fixed,0,RELLIS-3D,0.0,00003_000076_05,0,0,0.07909087836742401,0.10804808139801025,0.0,60,R2,0.0,0.0
zero,0,RELLIS-3D,0.0,00003_000076_06,0,1,0.07514626532793045,0.1127093955874443,0.0,0,R2,0.0,0.0
learned,0,RELLIS-3D,0.007350897416472435,00003_000076_06,0,1,0.07514626532793045,0.1127093955874443,0.1127093955874443,0,R2,0.02240714430809021,0.016742747277021408
fixed,1,RELLIS-3D,0.09782986342906952,00003_000076_06,0,1,0.07514626532793045,0.1127093955874443,1.5,0,R2,0.2982068657875061,0.22282186150550842
zero,0,RELLIS-3D,0.0,00003_000076_06,0,0,0.0926981270313263,0.12593479454517365,0.0,12,R2,0.0,0.0
learned,0,RELLIS-3D,0.0,00003_000076_06,0,0,0.0926981270313263,0.12593479454517365,0.0,12,R2,0.0,0.0
fixed,0,RELLIS-3D,0.0,00003_000076_06,0,0,0.0926981270313263,0.12593479454517365,0.0,12,R2,0.0,0.0
zero,0,RELLIS-3D,0.0,00003_000076_06,0,0,0.0876665711402893,0.12074540555477142,0.0,24,R2,0.0,0.0
learned,0,RELLIS-3D,0.0,00003_000076_06,0,0,0.0876665711402893,0.12074540555477142,0.0,24,R2,0.0,0.0
fixed,0,RELLIS-3D,0.0,00003_000076_06,0,0,0.0876665711402893,0.12074540555477142,0.0,24,R2,0.0,0.0
zero,0,RELLIS-3D,0.0,00003_000076_06,0,0,0.0819464698433876,0.11732961982488632,0.0,36,R2,0.0,0.0
learned,0,RELLIS-3D,0.0,00003_000076_06,0,0,0.0819464698433876,0.11732961982488632,0.0,36,R2,0.0,0.0
fixed,0,RELLIS-3D,0.0,00003_000076_06,0,0,0.0819464698433876,0.11732961982488632,0.0,36,R2,0.0,0.0
zero,0,RELLIS-3D,0.0,00003_000076_06,0,1,0.07719509303569794,0.10638441890478134,0.0,48,R2,0.0,0.0
learned,0,RELLIS-3D,-0.00042321771616116166,00003_000076_06,0,1,0.07719509303569794,0.10638441890478134,0.10638441890478134,48,R2,0.0004982993705198169,0.0004049739218316972
fixed,0,RELLIS-3D,-0.005967289209365845,00003_000076_06,0,1,0.07719509303569794,0.10638441890478134,1.5,48,R2,0.007025926373898983,0.005710055120289326
zero,0,RELLIS-3D,0.0,00003_000076_07,0,1,0.07089553773403168,0.10816352069377899,0.0,0,R2,0.0,0.0
learned,0,RELLIS-3D,-0.007646481040865183,00003_000076_07,0,1,0.07089553773403168,0.10816352069377899,0.10816352069377899,0,R2,0.015303513035178185,0.009321019984781742
fixed,0,RELLIS-3D,-0.1060405746102333,00003_000076_07,0,1,0.07089553773403168,0.10816352069377899,1.5,0,R2,0.212227463722229,0.12926289439201355
zero,0,RELLIS-3D,0.0,00003_000076_07,0,0,0.09039416909217834,0.12339791655540466,0.0,12,R2,0.0,0.0
learned,0,RELLIS-3D,0.0,00003_000076_07,0,0,0.09039416909217834,0.12339791655540466,0.0,12,R2,0.0,0.0
fixed,0,RELLIS-3D,0.0,00003_000076_07,0,0,0.09039416909217834,0.12339791655540466,0.0,12,R2,0.0,0.0
zero,0,RELLIS-3D,0.0,00003_000076_07,0,0,0.08430087566375732,0.11796820908784866,0.0,24,R2,0.0,0.0
learned,0,RELLIS-3D,0.0,00003_000076_07,0,0,0.08430087566375732,0.11796820908784866,0.0,24,R2,0.0,0.0
fixed,0,RELLIS-3D,0.0,00003_000076_07,0,0,0.08430087566375732,0.11796820908784866,0.0,24,R2,0.0,0.0
zero,0,RELLIS-3D,0.0,00003_000076_07,0,0,0.07765622437000275,0.11392027884721756,0.0,36,R2,0.0,0.0
learned,0,RELLIS-3D,0.0,00003_000076_07,0,0,0.07765622437000275,0.11392027884721756,0.0,36,R2,0.0,0.0
fixed,0,RELLIS-3D,0.0,00003_000076_07,0,0,0.07765622437000275,0.11392027884721756,0.0,36,R2,0.0,0.0
zero,0,RELLIS-3D,0.0,00003_000076_07,0,0,0.08029301464557648,0.10901357978582382,0.0,48,R2,0.0,0.0
learned,0,RELLIS-3D,0.0,00003_000076_07,0,0,0.08029301464557648,0.10901357978582382,0.0,48,R2,0.0,0.0
fixed,0,RELLIS-3D,0.0,00003_000076_07,0,0,0.08029301464557648,0.10901357978582382,0.0,48,R2,0.0,0.0
zero,0,RELLIS-3D,0.0,00003_000076_07,0,0,0.07698065042495728,0.10622751712799072,0.0,60,R2,0.0,0.0
learned,0,RELLIS-3D,0.0,00003_000076_07,0,0,0.07698065042495728,0.10622751712799072,0.0,60,R2,0.0,0.0
fixed,0,RELLIS-3D,0.0,00003_000076_07,0,0,0.07698065042495728,0.10622751712799072,0.0,60,R2,0.0,0.0
zero,0,RELLIS-3D,0.0,00003_001300_00,0,0,0.0886266753077507,0.11859318614006042,0.0,0,R2,0.0,0.0
learned,0,RELLIS-3D,0.0,00003_001300_00,0,0,0.0886266753077507,0.11859318614006042,0.0,0,R2,0.0,0.0
fixed,0,RELLIS-3D,0.0,00003_001300_00,0,0,0.0886266753077507,0.11859318614006042,0.0,0,R2,0.0,0.0
zero,0,RELLIS-3D,0.0,00003_001300_00,0,0,0.053286150097846985,0.08300772309303284,0.0,12,R2,0.0,0.0
learned,0,RELLIS-3D,0.0,00003_001300_00,0,0,0.053286150097846985,0.08300772309303284,0.0,12,R2,0.0,0.0
fixed,0,RELLIS-3D,0.0,00003_001300_00,0,0,0.053286150097846985,0.08300772309303284,0.0,12,R2,0.0,0.0
zero,0,RELLIS-3D,0.0,00003_001300_00,0,0,0.04649503529071808,0.07548952847719193,0.0,24,R2,0.0,0.0
learned,0,RELLIS-3D,0.0,00003_001300_00,0,0,0.04649503529071808,0.07548952847719193,0.0,24,R2,0.0,0.0
fixed,0,RELLIS-3D,0.0,00003_001300_00,0,0,0.04649503529071808,0.07548952847719193,0.0,24,R2,0.0,0.0
zero,0,RELLIS-3D,0.0,00003_001300_00,0,0,0.04827607050538063,0.07707273960113525,0.0,36,R2,0.0,0.0
learned,0,RELLIS-3D,0.0,00003_001300_00,0,0,0.04827607050538063,0.07707273960113525,0.0,36,R2,0.0,0.0
fixed,0,RELLIS-3D,0.0,00003_001300_00,0,0,0.04827607050538063,0.07707273960113525,0.0,36,R2,0.0,0.0
zero,0,RELLIS-3D,0.0,00003_001300_00,0,0,0.06802809983491898,0.09535738825798035,0.0,48,R2,0.0,0.0
learned,0,RELLIS-3D,0.0,00003_001300_00,0,0,0.06802809983491898,0.09535738825798035,0.0,48,R2,0.0,0.0
fixed,0,RELLIS-3D,0.0,00003_001300_00,0,0,0.06802809983491898,0.09535738825798035,0.0,48,R2,0.0,0.0
zero,0,RELLIS-3D,0.0,00003_001300_00,0,0,0.0777382105588913,0.10315760970115662,0.0,60,R2,0.0,0.0
learned,0,RELLIS-3D,0.0,00003_001300_00,0,0,0.0777382105588913,0.10315760970115662,0.0,60,R2,0.0,0.0
fixed,0,RELLIS-3D,0.0,00003_001300_00,0,0,0.0777382105588913,0.10315760970115662,0.0,60,R2,0.0,0.0
zero,0,RELLIS-3D,0.0,00003_001300_01,0,1,0.08988168090581894,0.11963662505149841,0.0,0,R2,0.0,0.0
learned,0,RELLIS-3D,0.008080365136265755,00003_001300_01,0,1,0.08988168090581894,0.11963662505149841,0.11963662505149841,0,R2,0.022578243166208267,0.02257019467651844
fixed,1,RELLIS-3D,0.1013113483786583,00003_001300_01,0,1,0.08988168090581894,0.11963662505149841,1.5,0,R2,0.28308525681495667,0.2829843759536743
zero,0,RELLIS-3D,0.0,00003_001300_01,0,0,0.05938723683357239,0.089546799659729,0.0,12,R2,0.0,0.0
learned,0,RELLIS-3D,0.0,00003_001300_01,0,0,0.05938723683357239,0.089546799659729,0.0,12,R2,0.0,0.0
fixed,0,RELLIS-3D,0.0,00003_001300_01,0,0,0.05938723683357239,0.089546799659729,0.0,12,R2,0.0,0.0
zero,0,RELLIS-3D,0.0,00003_001300_01,0,0,0.05054360255599022,0.08023276180028915,0.0,24,R2,0.0,0.0
learned,0,RELLIS-3D,0.0,00003_001300_01,0,0,0.05054360255599022,0.08023276180028915,0.0,24,R2,0.0,0.0
fixed,0,RELLIS-3D,0.0,00003_001300_01,0,0,0.05054360255599022,0.08023276180028915,0.0,24,R2,0.0,0.0
zero,0,RELLIS-3D,0.0,00003_001300_01,0,0,0.0401681624352932,0.06903298944234848,0.0,36,R2,0.0,0.0
learned,0,RELLIS-3D,0.0,00003_001300_01,0,0,0.0401681624352932,0.06903298944234848,0.0,36,R2,0.0,0.0
fixed,0,RELLIS-3D,0.0,00003_001300_01,0,0,0.0401681624352932,0.06903298944234848,0.0,36,R2,0.0,0.0
zero,0,RELLIS-3D,0.0,00003_001300_01,0,0,0.06477419286966324,0.09250690042972565,0.0,48,R2,0.0,0.0
learned,0,RELLIS-3D,0.0,00003_001300_01,0,0,0.06477419286966324,0.09250690042972565,0.0,48,R2,0.0,0.0
fixed,0,RELLIS-3D,0.0,00003_001300_01,0,0,0.06477419286966324,0.09250690042972565,0.0,48,R2,0.0,0.0
zero,0,RELLIS-3D,0.0,00003_001300_01,0,0,0.07450506091117859,0.10129273682832718,0.0,60,R2,0.0,0.0
learned,0,RELLIS-3D,0.0,00003_001300_01,0,0,0.07450506091117859,0.10129273682832718,0.0,60,R2,0.0,0.0
fixed,0,RELLIS-3D,0.0,00003_001300_01,0,0,0.07450506091117859,0.10129273682832718,0.0,60,R2,0.0,0.0
zero,0,RELLIS-3D,0.0,00003_001300_01,0,0,0.08103808760643005,0.10502533614635468,0.0,72,R2,0.0,0.0
learned,0,RELLIS-3D,0.0,00003_001300_01,0,0,0.08103808760643005,0.10502533614635468,0.0,72,R2,0.0,0.0
fixed,0,RELLIS-3D,0.0,00003_001300_01,0,0,0.08103808760643005,0.10502533614635468,0.0,72,R2,0.0,0.0
zero,0,RELLIS-3D,0.0,00003_001300_02,0,0,0.08731023222208023,0.11647705733776093,0.0,0,R2,0.0,0.0
learned,0,RELLIS-3D,0.0,00003_001300_02,0,0,0.08731023222208023,0.11647705733776093,0.0,0,R2,0.0,0.0
fixed,0,RELLIS-3D,0.0,00003_001300_02,0,0,0.08731023222208023,0.11647705733776093,0.0,0,R2,0.0,0.0
zero,0,RELLIS-3D,0.0,00003_001300_02,0,0,0.06003919988870621,0.09121619910001755,0.0,12,R2,0.0,0.0
learned,0,RELLIS-3D,0.0,00003_001300_02,0,0,0.06003919988870621,0.09121619910001755,0.0,12,R2,0.0,0.0
fixed,0,RELLIS-3D,0.0,00003_001300_02,0,0,0.06003919988870621,0.09121619910001755,0.0,12,R2,0.0,0.0
zero,0,RELLIS-3D,0.0,00003_001300_02,0,0,0.05036328360438347,0.08003510534763336,0.0,24,R2,0.0,0.0
learned,0,RELLIS-3D,0.0,00003_001300_02,0,0,0.05036328360438347,0.08003510534763336,0.0,24,R2,0.0,0.0
fixed,0,RELLIS-3D,0.0,00003_001300_02,0,0,0.05036328360438347,0.08003510534763336,0.0,24,R2,0.0,0.0
zero,0,RELLIS-3D,0.0,00003_001300_02,0,0,0.038635268807411194,0.06739670783281326,0.0,36,R2,0.0,0.0
learned,0,RELLIS-3D,0.0,00003_001300_02,0,0,0.038635268807411194,0.06739670783281326,0.0,36,R2,0.0,0.0
fixed,0,RELLIS-3D,0.0,00003_001300_02,0,0,0.038635268807411194,0.06739670783281326,0.0,36,R2,0.0,0.0
zero,0,RELLIS-3D,0.0,00003_001300_02,0,0,0.06305691599845886,0.09259842336177826,0.0,48,R2,0.0,0.0
learned,0,RELLIS-3D,0.0,00003_001300_02,0,0,0.06305691599845886,0.09259842336177826,0.0,48,R2,0.0,0.0
fixed,0,RELLIS-3D,0.0,00003_001300_02,0,0,0.06305691599845886,0.09259842336177826,0.0,48,R2,0.0,0.0
zero,0,RELLIS-3D,0.0,00003_001300_02,0,0,0.07283369451761246,0.10407920181751251,0.0,60,R2,0.0,0.0
learned,0,RELLIS-3D,0.0,00003_001300_02,0,0,0.07283369451761246,0.10407920181751251,0.0,60,R2,0.0,0.0
fixed,0,RELLIS-3D,0.0,00003_001300_02,0,0,0.07283369451761246,0.10407920181751251,0.0,60,R2,0.0,0.0
zero,0,RELLIS-3D,0.0,00003_001300_02,0,0,0.0769885927438736,0.10799168795347214,0.0,72,R2,0.0,0.0
learned,0,RELLIS-3D,0.0,00003_001300_02,0,0,0.0769885927438736,0.10799168795347214,0.0,72,R2,0.0,0.0
fixed,0,RELLIS-3D,0.0,00003_001300_02,0,0,0.0769885927438736,0.10799168795347214,0.0,72,R2,0.0,0.0
zero,0,RELLIS-3D,0.0,00003_001300_03,0,0,0.017681589350104332,0.0395539328455925,0.0,0,R3,0.0,0.0
learned,0,RELLIS-3D,0.0,00003_001300_03,0,0,0.017681589350104332,0.0395539328455925,0.0,0,R3,0.0,0.0
fixed,0,RELLIS-3D,0.0,00003_001300_03,0,0,0.017681589350104332,0.0395539328455925,0.0,0,R3,0.0,0.0
zero,0,RELLIS-3D,0.0,00003_001300_03,0,1,0.02798398956656456,0.05485352501273155,0.0,12,R3,0.0,0.0
learned,0,RELLIS-3D,-0.012062545865774155,00003_001300_03,0,1,0.02798398956656456,0.05485352501273155,0.05485352501273155,12,R3,0.012709828093647957,0.0009166142554022372
fixed,0,RELLIS-3D,-0.3298569917678833,00003_001300_03,0,1,0.02798398956656456,0.05485352501273155,1.5,12,R3,0.34755727648735046,0.025065330788493156
zero,0,RELLIS-3D,0.0,00003_001300_03,0,0,0.04625880718231201,0.0752793699502945,0.0,24,R3,0.0,0.0
learned,0,RELLIS-3D,0.0,00003_001300_03,0,0,0.04625880718231201,0.0752793699502945,0.0,24,R3,0.0,0.0
fixed,0,RELLIS-3D,0.0,00003_001300_03,0,0,0.04625880718231201,0.0752793699502945,0.0,24,R3,0.0,0.0
zero,0,RELLIS-3D,0.0,00003_001300_03,0,0,0.041494403034448624,0.07188312709331512,0.0,36,R3,0.0,0.0
learned,0,RELLIS-3D,0.0,00003_001300_03,0,0,0.041494403034448624,0.07188312709331512,0.0,36,R3,0.0,0.0
fixed,0,RELLIS-3D,0.0,00003_001300_03,0,0,0.041494403034448624,0.07188312709331512,0.0,36,R3,0.0,0.0
zero,0,RELLIS-3D,0.0,00003_001300_03,0,0,0.05104348808526993,0.07991176098585129,0.0,48,R3,0.0,0.0
learned,0,RELLIS-3D,0.0,00003_001300_03,0,0,0.05104348808526993,0.07991176098585129,0.0,48,R3,0.0,0.0
fixed,0,RELLIS-3D,0.0,00003_001300_03,0,0,0.05104348808526993,0.07991176098585129,0.0,48,R3,0.0,0.0
zero,0,RELLIS-3D,0.0,00003_001300_04,0,0,0.08228190988302231,0.11321723461151123,0.0,0,R2,0.0,0.0
learned,0,RELLIS-3D,0.0,00003_001300_04,0,0,0.08228190988302231,0.11321723461151123,0.0,0,R2,0.0,0.0
fixed,0,RELLIS-3D,0.0,00003_001300_04,0,0,0.08228190988302231,0.11321723461151123,0.0,0,R2,0.0,0.0
zero,0,RELLIS-3D,0.0,00003_001300_04,0,0,0.05245791748166084,0.08194395154714584,0.0,12,R2,0.0,0.0
learned,0,RELLIS-3D,0.0,00003_001300_04,0,0,0.05245791748166084,0.08194395154714584,0.0,12,R2,0.0,0.0
fixed,0,RELLIS-3D,0.0,00003_001300_04,0,0,0.05245791748166084,0.08194395154714584,0.0,12,R2,0.0,0.0
zero,0,RELLIS-3D,0.0,00003_001300_04,0,0,0.04649503529071808,0.07548952847719193,0.0,24,R2,0.0,0.0
learned,0,RELLIS-3D,0.0,00003_001300_04,0,0,0.04649503529071808,0.07548952847719193,0.0,24,R2,0.0,0.0
fixed,0,RELLIS-3D,0.0,00003_001300_04,0,0,0.04649503529071808,0.07548952847719193,0.0,24,R2,0.0,0.0
zero,0,RELLIS-3D,0.0,00003_001300_04,0,0,0.04827607050538063,0.07707273960113525,0.0,36,R2,0.0,0.0
learned,0,RELLIS-3D,0.0,00003_001300_04,0,0,0.04827607050538063,0.07707273960113525,0.0,36,R2,0.0,0.0
fixed,0,RELLIS-3D,0.0,00003_001300_04,0,0,0.04827607050538063,0.07707273960113525,0.0,36,R2,0.0,0.0
zero,0,RELLIS-3D,0.0,00003_001300_04,0,0,0.06802809983491898,0.09535738825798035,0.0,48,R2,0.0,0.0
learned,0,RELLIS-3D,0.0,00003_001300_04,0,0,0.06802809983491898,0.09535738825798035,0.0,48,R2,0.0,0.0
fixed,0,RELLIS-3D,0.0,00003_001300_04,0,0,0.06802809983491898,0.09535738825798035,0.0,48,R2,0.0,0.0
zero,0,RELLIS-3D,0.0,00003_001300_04,0,0,0.07742847502231598,0.10515882819890976,0.0,60,R2,0.0,0.0
learned,0,RELLIS-3D,0.0,00003_001300_04,0,0,0.07742847502231598,0.10515882819890976,0.0,60,R2,0.0,0.0
fixed,0,RELLIS-3D,0.0,00003_001300_04,0,0,0.07742847502231598,0.10515882819890976,0.0,60,R2,0.0,0.0
zero,0,RELLIS-3D,0.0,00003_001300_05,0,0,0.0692787915468216,0.10145209729671478,0.0,0,R2,0.0,0.0
learned,0,RELLIS-3D,0.0,00003_001300_05,0,0,0.0692787915468216,0.10145209729671478,0.0,0,R2,0.0,0.0
fixed,0,RELLIS-3D,0.0,00003_001300_05,0,0,0.0692787915468216,0.10145209729671478,0.0,0,R2,0.0,0.0
zero,0,RELLIS-3D,0.0,00003_001300_05,0,0,0.04788476973772049,0.07678621262311935,0.0,12,R2,0.0,0.0
learned,0,RELLIS-3D,0.0,00003_001300_05,0,0,0.04788476973772049,0.07678621262311935,0.0,12,R2,0.0,0.0
fixed,0,RELLIS-3D,0.0,00003_001300_05,0,0,0.04788476973772049,0.07678621262311935,0.0,12,R2,0.0,0.0
zero,0,RELLIS-3D,0.0,00003_001300_05,0,0,0.0444670096039772,0.07276369631290436,0.0,24,R2,0.0,0.0
learned,0,RELLIS-3D,0.0,00003_001300_05,0,0,0.0444670096039772,0.07276369631290436,0.0,24,R2,0.0,0.0
fixed,0,RELLIS-3D,0.0,00003_001300_05,0,0,0.0444670096039772,0.07276369631290436,0.0,24,R2,0.0,0.0
zero,0,RELLIS-3D,0.0,00003_001300_05,0,0,0.04161845147609711,0.06836956739425659,0.0,36,R2,0.0,0.0
learned,0,RELLIS-3D,0.0,00003_001300_05,0,0,0.04161845147609711,0.06836956739425659,0.0,36,R2,0.0,0.0
fixed,0,RELLIS-3D,0.0,00003_001300_05,0,0,0.04161845147609711,0.06836956739425659,0.0,36,R2,0.0,0.0
zero,0,RELLIS-3D,0.0,00003_001300_05,0,0,0.0700615718960762,0.09771446883678436,0.0,48,R2,0.0,0.0
learned,0,RELLIS-3D,0.0,00003_001300_05,0,0,0.0700615718960762,0.09771446883678436,0.0,48,R2,0.0,0.0
fixed,0,RELLIS-3D,0.0,00003_001300_05,0,0,0.0700615718960762,0.09771446883678436,0.0,48,R2,0.0,0.0
zero,0,RELLIS-3D,0.0,00003_001300_06,0,0,0.017681589350104332,0.0395539328455925,0.0,0,R3,0.0,0.0
learned,0,RELLIS-3D,0.0,00003_001300_06,0,0,0.017681589350104332,0.0395539328455925,0.0,0,R3,0.0,0.0
fixed,0,RELLIS-3D,0.0,00003_001300_06,0,0,0.017681589350104332,0.0395539328455925,0.0,0,R3,0.0,0.0
zero,0,RELLIS-3D,0.0,00003_001300_06,0,1,0.02798398956656456,0.05485352501273155,0.0,12,R3,0.0,0.0
learned,0,RELLIS-3D,-0.012062545865774155,00003_001300_06,0,1,0.02798398956656456,0.05485352501273155,0.05485352501273155,12,R3,0.012709828093647957,0.0009166142554022372
fixed,0,RELLIS-3D,-0.3298569917678833,00003_001300_06,0,1,0.02798398956656456,0.05485352501273155,1.5,12,R3,0.34755727648735046,0.025065330788493156
zero,0,RELLIS-3D,0.0,00003_001300_06,0,0,0.04625880718231201,0.0752793699502945,0.0,24,R3,0.0,0.0
learned,0,RELLIS-3D,0.0,00003_001300_06,0,0,0.04625880718231201,0.0752793699502945,0.0,24,R3,0.0,0.0
fixed,0,RELLIS-3D,0.0,00003_001300_06,0,0,0.04625880718231201,0.0752793699502945,0.0,24,R3,0.0,0.0
zero,0,RELLIS-3D,0.0,00003_001300_06,0,0,0.04176117852330208,0.07066051661968231,0.0,36,R3,0.0,0.0
learned,0,RELLIS-3D,0.0,00003_001300_06,0,0,0.04176117852330208,0.07066051661968231,0.0,36,R3,0.0,0.0
fixed,0,RELLIS-3D,0.0,00003_001300_06,0,0,0.04176117852330208,0.07066051661968231,0.0,36,R3,0.0,0.0
zero,0,RELLIS-3D,0.0,00003_001300_06,0,0,0.05907119810581207,0.08940126746892929,0.0,48,R3,0.0,0.0
learned,0,RELLIS-3D,0.0,00003_001300_06,0,0,0.05907119810581207,0.08940126746892929,0.0,48,R3,0.0,0.0
fixed,0,RELLIS-3D,0.0,00003_001300_06,0,0,0.05907119810581207,0.08940126746892929,0.0,48,R3,0.0,0.0
zero,0,RELLIS-3D,0.0,00003_001300_06,0,0,0.07500098645687103,0.10583814233541489,0.0,60,R3,0.0,0.0
learned,0,RELLIS-3D,0.0,00003_001300_06,0,0,0.07500098645687103,0.10583814233541489,0.0,60,R3,0.0,0.0
fixed,0,RELLIS-3D,0.0,00003_001300_06,0,0,0.07500098645687103,0.10583814233541489,0.0,60,R3,0.0,0.0
zero,0,RELLIS-3D,0.0,00003_001300_07,0,0,0.07741851359605789,0.10800576955080032,0.0,0,R3,0.0,0.0
learned,0,RELLIS-3D,0.0,00003_001300_07,0,0,0.07741851359605789,0.10800576955080032,0.0,0,R3,0.0,0.0
fixed,0,RELLIS-3D,0.0,00003_001300_07,0,0,0.07741851359605789,0.10800576955080032,0.0,0,R3,0.0,0.0
zero,0,RELLIS-3D,0.0,00003_001300_07,0,0,0.03725317120552063,0.06467986106872559,0.0,12,R3,0.0,0.0
learned,0,RELLIS-3D,0.0,00003_001300_07,0,0,0.03725317120552063,0.06467986106872559,0.0,12,R3,0.0,0.0
fixed,0,RELLIS-3D,0.0,00003_001300_07,0,0,0.03725317120552063,0.06467986106872559,0.0,12,R3,0.0,0.0
zero,0,RELLIS-3D,0.0,00003_001300_07,0,0,0.033991407603025436,0.061928167939186096,0.0,24,R3,0.0,0.0
learned,0,RELLIS-3D,0.0,00003_001300_07,0,0,0.033991407603025436,0.061928167939186096,0.0,24,R3,0.0,0.0
fixed,0,RELLIS-3D,0.0,00003_001300_07,0,0,0.033991407603025436,0.061928167939186096,0.0,24,R3,0.0,0.0
zero,0,RELLIS-3D,0.0,00003_001300_07,0,0,0.04004935920238495,0.07146335393190384,0.0,36,R3,0.0,0.0
learned,0,RELLIS-3D,0.0,00003_001300_07,0,0,0.04004935920238495,0.07146335393190384,0.0,36,R3,0.0,0.0
fixed,0,RELLIS-3D,0.0,00003_001300_07,0,0,0.04004935920238495,0.07146335393190384,0.0,36,R3,0.0,0.0
zero,0,RELLIS-3D,0.0,00003_001300_07,0,0,0.06651154905557632,0.09720616787672043,0.0,48,R3,0.0,0.0
learned,0,RELLIS-3D,0.0,00003_001300_07,0,0,0.06651154905557632,0.09720616787672043,0.0,48,R3,0.0,0.0
fixed,0,RELLIS-3D,0.0,00003_001300_07,0,0,0.06651154905557632,0.09720616787672043,0.0,48,R3,0.0,0.0
zero,0,RELLIS-3D,0.0,00003_001300_07,0,0,0.07200407981872559,0.10463196784257889,0.0,60,R3,0.0,0.0
learned,0,RELLIS-3D,0.0,00003_001300_07,0,0,0.07200407981872559,0.10463196784257889,0.0,60,R3,0.0,0.0
fixed,0,RELLIS-3D,0.0,00003_001300_07,0,0,0.07200407981872559,0.10463196784257889,0.0,60,R3,0.0,0.0
zero,0,RELLIS-3D,0.0,00003_000225_00,0,0,0.08259090781211853,0.11067941039800644,0.0,0,R2,0.0,0.0
learned,0,RELLIS-3D,0.0,00003_000225_00,0,0,0.08259090781211853,0.11067941039800644,0.0,0,R2,0.0,0.0
fixed,0,RELLIS-3D,0.0,00003_000225_00,0,0,0.08259090781211853,0.11067941039800644,0.0,0,R2,0.0,0.0
zero,0,RELLIS-3D,0.0,00003_000225_00,0,0,0.08229720592498779,0.10994679480791092,0.0,12,R2,0.0,0.0
learned,0,RELLIS-3D,0.0,00003_000225_00,0,0,0.08229720592498779,0.10994679480791092,0.0,12,R2,0.0,0.0
fixed,0,RELLIS-3D,0.0,00003_000225_00,0,0,0.08229720592498779,0.10994679480791092,0.0,12,R2,0.0,0.0
zero,0,RELLIS-3D,0.0,00003_000225_00,0,0,0.08434057980775833,0.1145135760307312,0.0,24,R2,0.0,0.0
learned,0,RELLIS-3D,0.0,00003_000225_00,0,0,0.08434057980775833,0.1145135760307312,0.0,24,R2,0.0,0.0
fixed,0,RELLIS-3D,0.0,00003_000225_00,0,0,0.08434057980775833,0.1145135760307312,0.0,24,R2,0.0,0.0
zero,0,RELLIS-3D,0.0,00003_000225_00,0,0,0.07661587744951248,0.1075185239315033,0.0,36,R2,0.0,0.0
learned,0,RELLIS-3D,0.0,00003_000225_00,0,0,0.07661587744951248,0.1075185239315033,0.0,36,R2,0.0,0.0
fixed,0,RELLIS-3D,0.0,00003_000225_00,0,0,0.07661587744951248,0.1075185239315033,0.0,36,R2,0.0,0.0
zero,0,RELLIS-3D,0.0,00003_000225_00,0,0,0.0761106088757515,0.11053293943405151,0.0,48,R2,0.0,0.0
learned,0,RELLIS-3D,0.0,00003_000225_00,0,0,0.0761106088757515,0.11053293943405151,0.0,48,R2,0.0,0.0
fixed,0,RELLIS-3D,0.0,00003_000225_00,0,0,0.0761106088757515,0.11053293943405151,0.0,48,R2,0.0,0.0
zero,0,RELLIS-3D,0.0,00003_000225_00,0,0,0.07473839819431305,0.1109885722398758,0.0,60,R2,0.0,0.0
learned,0,RELLIS-3D,0.0,00003_000225_00,0,0,0.07473839819431305,0.1109885722398758,0.0,60,R2,0.0,0.0
fixed,0,RELLIS-3D,0.0,00003_000225_00,0,0,0.07473839819431305,0.1109885722398758,0.0,60,R2,0.0,0.0
zero,0,RELLIS-3D,0.0,00003_000225_01,0,0,0.11128422617912292,0.14038389921188354,0.0,0,R3,0.0,0.0
learned,0,RELLIS-3D,0.0,00003_000225_01,0,0,0.11128422617912292,0.14038389921188354,0.0,0,R3,0.0,0.0
fixed,0,RELLIS-3D,0.0,00003_000225_01,0,0,0.11128422617912292,0.14038389921188354,0.0,0,R3,0.0,0.0
zero,0,RELLIS-3D,0.0,00003_000225_01,0,0,0.09727239608764648,0.1280951350927353,0.0,12,R3,0.0,0.0
learned,0,RELLIS-3D,0.0,00003_000225_01,0,0,0.09727239608764648,0.1280951350927353,0.0,12,R3,0.0,0.0
fixed,0,RELLIS-3D,0.0,00003_000225_01,0,0,0.09727239608764648,0.1280951350927353,0.0,12,R3,0.0,0.0
zero,0,RELLIS-3D,0.0,00003_000225_01,0,0,0.08644100278615952,0.11818345636129379,0.0,24,R3,0.0,0.0
learned,0,RELLIS-3D,0.0,00003_000225_01,0,0,0.08644100278615952,0.11818345636129379,0.0,24,R3,0.0,0.0
fixed,0,RELLIS-3D,0.0,00003_000225_01,0,0,0.08644100278615952,0.11818345636129379,0.0,24,R3,0.0,0.0
zero,0,RELLIS-3D,0.0,00003_000225_01,0,0,0.07678533345460892,0.11034247279167175,0.0,36,R3,0.0,0.0
learned,0,RELLIS-3D,0.0,00003_000225_01,0,0,0.07678533345460892,0.11034247279167175,0.0,36,R3,0.0,0.0
fixed,0,RELLIS-3D,0.0,00003_000225_01,0,0,0.07678533345460892,0.11034247279167175,0.0,36,R3,0.0,0.0
zero,0,RELLIS-3D,0.0,00003_000225_01,0,0,0.0748491957783699,0.108732208609581,0.0,48,R3,0.0,0.0
learned,0,RELLIS-3D,0.0,00003_000225_01,0,0,0.0748491957783699,0.108732208609581,0.0,48,R3,0.0,0.0
fixed,0,RELLIS-3D,0.0,00003_000225_01,0,0,0.0748491957783699,0.108732208609581,0.0,48,R3,0.0,0.0
zero,0,RELLIS-3D,0.0,00003_000225_01,0,0,0.07464610040187836,0.10954861342906952,0.0,60,R3,0.0,0.0
learned,0,RELLIS-3D,0.0,00003_000225_01,0,0,0.07464610040187836,0.10954861342906952,0.0,60,R3,0.0,0.0
fixed,0,RELLIS-3D,0.0,00003_000225_01,0,0,0.07464610040187836,0.10954861342906952,0.0,60,R3,0.0,0.0
zero,0,RELLIS-3D,0.0,00003_000225_02,0,1,0.10250358283519745,0.1284748762845993,0.0,0,R3,0.0,0.0
learned,0,RELLIS-3D,0.019357725977897644,00003_000225_02,0,1,0.10250358283519745,0.1284748762845993,0.1284748762845993,0,R3,0.03629148378968239,0.03576887771487236
fixed,1,RELLIS-3D,0.22600987553596497,00003_000225_02,0,1,0.10250358283519745,0.1284748762845993,1.5,0,R3,0.4237188398838043,0.41761717200279236
zero,0,RELLIS-3D,0.0,00003_000225_02,0,0,0.08846862614154816,0.1147545576095581,0.0,12,R3,0.0,0.0
learned,0,RELLIS-3D,0.0,00003_000225_02,0,0,0.08846862614154816,0.1147545576095581,0.0,12,R3,0.0,0.0
fixed,0,RELLIS-3D,0.0,00003_000225_02,0,0,0.08846862614154816,0.1147545576095581,0.0,12,R3,0.0,0.0
zero,0,RELLIS-3D,0.0,00003_000225_02,0,0,0.0829399824142456,0.11177856475114822,0.0,24,R3,0.0,0.0
learned,0,RELLIS-3D,0.0,00003_000225_02,0,0,0.0829399824142456,0.11177856475114822,0.0,24,R3,0.0,0.0
fixed,0,RELLIS-3D,0.0,00003_000225_02,0,0,0.0829399824142456,0.11177856475114822,0.0,24,R3,0.0,0.0
zero,0,RELLIS-3D,0.0,00003_000225_02,0,1,0.07889237254858017,0.10732793062925339,0.0,36,R3,0.0,0.0
learned,0,RELLIS-3D,-0.02388903684914112,00003_000225_02,0,1,0.07889237254858017,0.10732793062925339,0.10732793062925339,36,R3,0.02824784815311432,0.00478551909327507
fixed,0,RELLIS-3D,-0.3338698148727417,00003_000225_02,0,1,0.07889237254858017,0.10732793062925339,1.5,36,R3,0.39478790760040283,0.06688174605369568
zero,0,RELLIS-3D,0.0,00003_000225_02,0,0,0.05960611253976822,0.09031988680362701,0.0,48,R3,0.0,0.0
learned,0,RELLIS-3D,0.0,00003_000225_02,0,0,0.05960611253976822,0.09031988680362701,0.0,48,R3,0.0,0.0
fixed,0,RELLIS-3D,0.0,00003_000225_02,0,0,0.05960611253976822,0.09031988680362701,0.0,48,R3,0.0,0.0
zero,0,RELLIS-3D,0.0,00003_000225_03,0,0,0.09720421582460403,0.12714806199073792,0.0,0,R3,0.0,0.0
learned,0,RELLIS-3D,0.0,00003_000225_03,0,0,0.09720421582460403,0.12714806199073792,0.0,0,R3,0.0,0.0
fixed,0,RELLIS-3D,0.0,00003_000225_03,0,0,0.09720421582460403,0.12714806199073792,0.0,0,R3,0.0,0.0
zero,0,RELLIS-3D,0.0,00003_000225_03,0,0,0.0853121280670166,0.1158985123038292,0.0,12,R3,0.0,0.0
learned,0,RELLIS-3D,0.0,00003_000225_03,0,0,0.0853121280670166,0.1158985123038292,0.0,12,R3,0.0,0.0
fixed,0,RELLIS-3D,0.0,00003_000225_03,0,0,0.0853121280670166,0.1158985123038292,0.0,12,R3,0.0,0.0
zero,0,RELLIS-3D,0.0,00003_000225_03,0,0,0.07685112953186035,0.11050797253847122,0.0,24,R3,0.0,0.0
learned,0,RELLIS-3D,0.0,00003_000225_03,0,0,0.07685112953186035,0.11050797253847122,0.0,24,R3,0.0,0.0
fixed,0,RELLIS-3D,0.0,00003_000225_03,0,0,0.07685112953186035,0.11050797253847122,0.0,24,R3,0.0,0.0
zero,0,RELLIS-3D,0.0,00003_000225_03,0,0,0.07295508682727814,0.10506412386894226,0.0,36,R3,0.0,0.0
learned,0,RELLIS-3D,0.0,00003_000225_03,0,0,0.07295508682727814,0.10506412386894226,0.0,36,R3,0.0,0.0
fixed,0,RELLIS-3D,0.0,00003_000225_03,0,0,0.07295508682727814,0.10506412386894226,0.0,36,R3,0.0,0.0
zero,0,RELLIS-3D,0.0,00003_000225_03,0,0,0.07609304040670395,0.10772428661584854,0.0,48,R3,0.0,0.0
learned,0,RELLIS-3D,0.0,00003_000225_03,0,0,0.07609304040670395,0.10772428661584854,0.0,48,R3,0.0,0.0
fixed,0,RELLIS-3D,0.0,00003_000225_03,0,0,0.07609304040670395,0.10772428661584854,0.0,48,R3,0.0,0.0
zero,0,RELLIS-3D,0.0,00003_000225_04,0,0,0.10614170879125595,0.13282084465026855,0.0,0,R2,0.0,0.0
learned,0,RELLIS-3D,0.0,00003_000225_04,0,0,0.10614170879125595,0.13282084465026855,0.0,0,R2,0.0,0.0
fixed,0,RELLIS-3D,0.0,00003_000225_04,0,0,0.10614170879125595,0.13282084465026855,0.0,0,R2,0.0,0.0
zero,0,RELLIS-3D,0.0,00003_000225_04,0,0,0.08927954733371735,0.11439000070095062,0.0,12,R2,0.0,0.0
learned,0,RELLIS-3D,0.0,00003_000225_04,0,0,0.08927954733371735,0.11439000070095062,0.0,12,R2,0.0,0.0
fixed,0,RELLIS-3D,0.0,00003_000225_04,0,0,0.08927954733371735,0.11439000070095062,0.0,12,R2,0.0,0.0
zero,0,RELLIS-3D,0.0,00003_000225_04,0,0,0.08307120203971863,0.11075031012296677,0.0,24,R2,0.0,0.0
learned,0,RELLIS-3D,0.0,00003_000225_04,0,0,0.08307120203971863,0.11075031012296677,0.0,24,R2,0.0,0.0
fixed,0,RELLIS-3D,0.0,00003_000225_04,0,0,0.08307120203971863,0.11075031012296677,0.0,24,R2,0.0,0.0
zero,0,RELLIS-3D,0.0,00003_000225_04,0,0,0.07988119125366211,0.10971729457378387,0.0,36,R2,0.0,0.0
learned,0,RELLIS-3D,0.0,00003_000225_04,0,0,0.07988119125366211,0.10971729457378387,0.0,36,R2,0.0,0.0
fixed,0,RELLIS-3D,0.0,00003_000225_04,0,0,0.07988119125366211,0.10971729457378387,0.0,36,R2,0.0,0.0
zero,0,RELLIS-3D,0.0,00003_000225_04,0,0,0.06655091047286987,0.09785519540309906,0.0,48,R2,0.0,0.0
learned,0,RELLIS-3D,0.0,00003_000225_04,0,0,0.06655091047286987,0.09785519540309906,0.0,48,R2,0.0,0.0
fixed,0,RELLIS-3D,0.0,00003_000225_04,0,0,0.06655091047286987,0.09785519540309906,0.0,48,R2,0.0,0.0
zero,0,RELLIS-3D,0.0,00003_000225_04,0,0,0.07180926203727722,0.1044159084558487,0.0,60,R2,0.0,0.0
learned,0,RELLIS-3D,0.0,00003_000225_04,0,0,0.07180926203727722,0.1044159084558487,0.0,60,R2,0.0,0.0
fixed,0,RELLIS-3D,0.0,00003_000225_04,0,0,0.07180926203727722,0.1044159084558487,0.0,60,R2,0.0,0.0
zero,0,RELLIS-3D,0.0,00003_000225_05,0,0,0.08205357939004898,0.11098399758338928,0.0,0,R2,0.0,0.0
learned,0,RELLIS-3D,0.0,00003_000225_05,0,0,0.08205357939004898,0.11098399758338928,0.0,0,R2,0.0,0.0
fixed,0,RELLIS-3D,0.0,00003_000225_05,0,0,0.08205357939004898,0.11098399758338928,0.0,0,R2,0.0,0.0
zero,0,RELLIS-3D,0.0,00003_000225_05,0,0,0.08405156433582306,0.1116521954536438,0.0,12,R2,0.0,0.0
learned,0,RELLIS-3D,0.0,00003_000225_05,0,0,0.08405156433582306,0.1116521954536438,0.0,12,R2,0.0,0.0
fixed,0,RELLIS-3D,0.0,00003_000225_05,0,0,0.08405156433582306,0.1116521954536438,0.0,12,R2,0.0,0.0
zero,0,RELLIS-3D,0.0,00003_000225_05,0,0,0.08307716995477676,0.11298459768295288,0.0,24,R2,0.0,0.0
learned,0,RELLIS-3D,0.0,00003_000225_05,0,0,0.08307716995477676,0.11298459768295288,0.0,24,R2,0.0,0.0
fixed,0,RELLIS-3D,0.0,00003_000225_05,0,0,0.08307716995477676,0.11298459768295288,0.0,24,R2,0.0,0.0
zero,0,RELLIS-3D,0.0,00003_000225_05,0,0,0.07836990803480148,0.10933777689933777,0.0,36,R2,0.0,0.0
learned,0,RELLIS-3D,0.0,00003_000225_05,0,0,0.07836990803480148,0.10933777689933777,0.0,36,R2,0.0,0.0
fixed,0,RELLIS-3D,0.0,00003_000225_05,0,0,0.07836990803480148,0.10933777689933777,0.0,36,R2,0.0,0.0
zero,0,RELLIS-3D,0.0,00003_000225_05,0,0,0.0778631716966629,0.11157640069723129,0.0,48,R2,0.0,0.0
learned,0,RELLIS-3D,0.0,00003_000225_05,0,0,0.0778631716966629,0.11157640069723129,0.0,48,R2,0.0,0.0
fixed,0,RELLIS-3D,0.0,00003_000225_05,0,0,0.0778631716966629,0.11157640069723129,0.0,48,R2,0.0,0.0
zero,0,RELLIS-3D,0.0,00003_000225_05,0,0,0.07449233531951904,0.10950993746519089,0.0,60,R2,0.0,0.0
learned,0,RELLIS-3D,0.0,00003_000225_05,0,0,0.07449233531951904,0.10950993746519089,0.0,60,R2,0.0,0.0
fixed,0,RELLIS-3D,0.0,00003_000225_05,0,0,0.07449233531951904,0.10950993746519089,0.0,60,R2,0.0,0.0
zero,0,RELLIS-3D,0.0,00003_000225_05,0,0,0.07911339402198792,0.10733212530612946,0.0,72,R2,0.0,0.0
learned,0,RELLIS-3D,0.0,00003_000225_05,0,0,0.07911339402198792,0.10733212530612946,0.0,72,R2,0.0,0.0
fixed,0,RELLIS-3D,0.0,00003_000225_05,0,0,0.07911339402198792,0.10733212530612946,0.0,72,R2,0.0,0.0
zero,0,RELLIS-3D,0.0,00003_000225_06,0,0,0.0965103805065155,0.12179330736398697,0.0,0,R3,0.0,0.0
learned,0,RELLIS-3D,0.0,00003_000225_06,0,0,0.0965103805065155,0.12179330736398697,0.0,0,R3,0.0,0.0
fixed,0,RELLIS-3D,0.0,00003_000225_06,0,0,0.0965103805065155,0.12179330736398697,0.0,0,R3,0.0,0.0
zero,0,RELLIS-3D,0.0,00003_000225_06,0,0,0.07875622063875198,0.10630473494529724,0.0,12,R3,0.0,0.0
learned,0,RELLIS-3D,0.0,00003_000225_06,0,0,0.07875622063875198,0.10630473494529724,0.0,12,R3,0.0,0.0
fixed,0,RELLIS-3D,0.0,00003_000225_06,0,0,0.07875622063875198,0.10630473494529724,0.0,12,R3,0.0,0.0
zero,0,RELLIS-3D,0.0,00003_000225_06,0,0,0.050025954842567444,0.08158977329730988,0.0,24,R3,0.0,0.0
learned,0,RELLIS-3D,0.0,00003_000225_06,0,0,0.050025954842567444,0.08158977329730988,0.0,24,R3,0.0,0.0
fixed,0,RELLIS-3D,0.0,00003_000225_06,0,0,0.050025954842567444,0.08158977329730988,0.0,24,R3,0.0,0.0
zero,0,RELLIS-3D,0.0,00003_000225_06,0,0,0.04393433779478073,0.07616327702999115,0.0,36,R3,0.0,0.0
learned,0,RELLIS-3D,0.0,00003_000225_06,0,0,0.04393433779478073,0.07616327702999115,0.0,36,R3,0.0,0.0
fixed,0,RELLIS-3D,0.0,00003_000225_06,0,0,0.04393433779478073,0.07616327702999115,0.0,36,R3,0.0,0.0
zero,0,RELLIS-3D,0.0,00003_000225_06,0,0,0.06012759730219841,0.09465397149324417,0.0,48,R3,0.0,0.0
learned,0,RELLIS-3D,0.0,00003_000225_06,0,0,0.06012759730219841,0.09465397149324417,0.0,48,R3,0.0,0.0
fixed,0,RELLIS-3D,0.0,00003_000225_06,0,0,0.06012759730219841,0.09465397149324417,0.0,48,R3,0.0,0.0
zero,0,RELLIS-3D,0.0,00003_000225_06,0,0,0.07226613909006119,0.10431558638811111,0.0,60,R3,0.0,0.0
learned,0,RELLIS-3D,0.0,00003_000225_06,0,0,0.07226613909006119,0.10431558638811111,0.0,60,R3,0.0,0.0
fixed,0,RELLIS-3D,0.0,00003_000225_06,0,0,0.07226613909006119,0.10431558638811111,0.0,60,R3,0.0,0.0
zero,0,RELLIS-3D,0.0,00003_000225_06,0,0,0.07839787006378174,0.10587573796510696,0.0,72,R3,0.0,0.0
learned,0,RELLIS-3D,0.0,00003_000225_06,0,0,0.07839787006378174,0.10587573796510696,0.0,72,R3,0.0,0.0
fixed,0,RELLIS-3D,0.0,00003_000225_06,0,0,0.07839787006378174,0.10587573796510696,0.0,72,R3,0.0,0.0
zero,0,RELLIS-3D,0.0,00003_000225_07,0,0,0.08466088026762009,0.11313866823911667,0.0,0,R3,0.0,0.0
learned,0,RELLIS-3D,0.0,00003_000225_07,0,0,0.08466088026762009,0.11313866823911667,0.0,0,R3,0.0,0.0
fixed,0,RELLIS-3D,0.0,00003_000225_07,0,0,0.08466088026762009,0.11313866823911667,0.0,0,R3,0.0,0.0
zero,0,RELLIS-3D,0.0,00003_000225_07,0,0,0.08229720592498779,0.10994679480791092,0.0,12,R3,0.0,0.0
learned,0,RELLIS-3D,0.0,00003_000225_07,0,0,0.08229720592498779,0.10994679480791092,0.0,12,R3,0.0,0.0
fixed,0,RELLIS-3D,0.0,00003_000225_07,0,0,0.08229720592498779,0.10994679480791092,0.0,12,R3,0.0,0.0
zero,0,RELLIS-3D,0.0,00003_000225_07,0,0,0.08434057980775833,0.1145135760307312,0.0,24,R3,0.0,0.0
learned,0,RELLIS-3D,0.0,00003_000225_07,0,0,0.08434057980775833,0.1145135760307312,0.0,24,R3,0.0,0.0
fixed,0,RELLIS-3D,0.0,00003_000225_07,0,0,0.08434057980775833,0.1145135760307312,0.0,24,R3,0.0,0.0
zero,0,RELLIS-3D,0.0,00003_000225_07,0,0,0.07661587744951248,0.1075185239315033,0.0,36,R3,0.0,0.0
learned,0,RELLIS-3D,0.0,00003_000225_07,0,0,0.07661587744951248,0.1075185239315033,0.0,36,R3,0.0,0.0
fixed,0,RELLIS-3D,0.0,00003_000225_07,0,0,0.07661587744951248,0.1075185239315033,0.0,36,R3,0.0,0.0
zero,0,RELLIS-3D,0.0,00003_000225_07,0,0,0.0761106088757515,0.11053293943405151,0.0,48,R3,0.0,0.0
learned,0,RELLIS-3D,0.0,00003_000225_07,0,0,0.0761106088757515,0.11053293943405151,0.0,48,R3,0.0,0.0
fixed,0,RELLIS-3D,0.0,00003_000225_07,0,0,0.0761106088757515,0.11053293943405151,0.0,48,R3,0.0,0.0
zero,0,RELLIS-3D,0.0,00003_001404_00,0,0,0.0715857446193695,0.10538312792778015,0.0,0,R2,0.0,0.0
learned,0,RELLIS-3D,0.0,00003_001404_00,0,0,0.0715857446193695,0.10538312792778015,0.0,0,R2,0.0,0.0
fixed,0,RELLIS-3D,0.0,00003_001404_00,0,0,0.0715857446193695,0.10538312792778015,0.0,0,R2,0.0,0.0
zero,0,RELLIS-3D,0.0,00003_001404_00,0,0,0.07506438344717026,0.10638794302940369,0.0,12,R2,0.0,0.0
learned,0,RELLIS-3D,0.0,00003_001404_00,0,0,0.07506438344717026,0.10638794302940369,0.0,12,R2,0.0,0.0
fixed,0,RELLIS-3D,0.0,00003_001404_00,0,0,0.07506438344717026,0.10638794302940369,0.0,12,R2,0.0,0.0
zero,0,RELLIS-3D,0.0,00003_001404_00,0,0,0.08387021720409393,0.11106127500534058,0.0,24,R2,0.0,0.0
learned,0,RELLIS-3D,0.0,00003_001404_00,0,0,0.08387021720409393,0.11106127500534058,0.0,24,R2,0.0,0.0
fixed,0,RELLIS-3D,0.0,00003_001404_00,0,0,0.08387021720409393,0.11106127500534058,0.0,24,R2,0.0,0.0
zero,0,RELLIS-3D,0.0,00003_001404_00,0,0,0.06669601052999496,0.09395529329776764,0.0,36,R2,0.0,0.0
learned,0,RELLIS-3D,0.0,00003_001404_00,0,0,0.06669601052999496,0.09395529329776764,0.0,36,R2,0.0,0.0
fixed,0,RELLIS-3D,0.0,00003_001404_00,0,0,0.06669601052999496,0.09395529329776764,0.0,36,R2,0.0,0.0
zero,0,RELLIS-3D,0.0,00003_001404_00,0,0,0.06610565632581711,0.0932128056883812,0.0,48,R2,0.0,0.0
learned,0,RELLIS-3D,0.0,00003_001404_00,0,0,0.06610565632581711,0.0932128056883812,0.0,48,R2,0.0,0.0
fixed,0,RELLIS-3D,0.0,00003_001404_00,0,0,0.06610565632581711,0.0932128056883812,0.0,48,R2,0.0,0.0
zero,0,RELLIS-3D,0.0,00003_001404_01,0,0,0.031932830810546875,0.0640655905008316,0.0,0,R3,0.0,0.0
learned,0,RELLIS-3D,0.0,00003_001404_01,0,0,0.031932830810546875,0.0640655905008316,0.0,0,R3,0.0,0.0
fixed,0,RELLIS-3D,0.0,00003_001404_01,0,0,0.031932830810546875,0.0640655905008316,0.0,0,R3,0.0,0.0
zero,0,RELLIS-3D,0.0,00003_001404_01,0,0,0.02380315028131008,0.05185086280107498,0.0,12,R3,0.0,0.0
learned,0,RELLIS-3D,0.0,00003_001404_01,0,0,0.02380315028131008,0.05185086280107498,0.0,12,R3,0.0,0.0
fixed,0,RELLIS-3D,0.0,00003_001404_01,0,0,0.02380315028131008,0.05185086280107498,0.0,12,R3,0.0,0.0
zero,0,RELLIS-3D,0.0,00003_001404_01,0,0,0.02624046429991722,0.05504217371344566,0.0,24,R3,0.0,0.0
learned,0,RELLIS-3D,0.0,00003_001404_01,0,0,0.02624046429991722,0.05504217371344566,0.0,24,R3,0.0,0.0
fixed,0,RELLIS-3D,0.0,00003_001404_01,0,0,0.02624046429991722,0.05504217371344566,0.0,24,R3,0.0,0.0
zero,0,RELLIS-3D,0.0,00003_001404_01,0,0,0.03628387302160263,0.06594450026750565,0.0,36,R3,0.0,0.0
learned,0,RELLIS-3D,0.0,00003_001404_01,0,0,0.03628387302160263,0.06594450026750565,0.0,36,R3,0.0,0.0
fixed,0,RELLIS-3D,0.0,00003_001404_01,0,0,0.03628387302160263,0.06594450026750565,0.0,36,R3,0.0,0.0
zero,0,RELLIS-3D,0.0,00003_001404_01,0,0,0.037036068737506866,0.06510449945926666,0.0,48,R3,0.0,0.0
learned,0,RELLIS-3D,0.0,00003_001404_01,0,0,0.037036068737506866,0.06510449945926666,0.0,48,R3,0.0,0.0
fixed,0,RELLIS-3D,0.0,00003_001404_01,0,0,0.037036068737506866,0.06510449945926666,0.0,48,R3,0.0,0.0
zero,0,RELLIS-3D,0.0,00003_001404_01,0,0,0.05388514697551727,0.079130157828331,0.0,60,R3,0.0,0.0
learned,0,RELLIS-3D,0.0,00003_001404_01,0,0,0.05388514697551727,0.079130157828331,0.0,60,R3,0.0,0.0
fixed,0,RELLIS-3D,0.0,00003_001404_01,0,0,0.05388514697551727,0.079130157828331,0.0,60,R3,0.0,0.0
zero,0,RELLIS-3D,0.0,00003_001404_02,0,0,0.031932830810546875,0.0640655905008316,0.0,0,R3,0.0,0.0
learned,0,RELLIS-3D,0.0,00003_001404_02,0,0,0.031932830810546875,0.0640655905008316,0.0,0,R3,0.0,0.0
fixed,0,RELLIS-3D,0.0,00003_001404_02,0,0,0.031932830810546875,0.0640655905008316,0.0,0,R3,0.0,0.0
zero,0,RELLIS-3D,0.0,00003_001404_02,0,0,0.021773498505353928,0.049588363617658615,0.0,12,R3,0.0,0.0
learned,0,RELLIS-3D,0.0,00003_001404_02,0,0,0.021773498505353928,0.049588363617658615,0.0,12,R3,0.0,0.0
fixed,0,RELLIS-3D,0.0,00003_001404_02,0,0,0.021773498505353928,0.049588363617658615,0.0,12,R3,0.0,0.0
zero,0,RELLIS-3D,0.0,00003_001404_02,0,0,0.027165159583091736,0.05479384958744049,0.0,24,R3,0.0,0.0
learned,0,RELLIS-3D,0.0,00003_001404_02,0,0,0.027165159583091736,0.05479384958744049,0.0,24,R3,0.0,0.0
fixed,0,RELLIS-3D,0.0,00003_001404_02,0,0,0.027165159583091736,0.05479384958744049,0.0,24,R3,0.0,0.0
zero,0,RELLIS-3D,0.0,00003_001404_02,0,0,0.033929016441106796,0.05945204198360443,0.0,36,R3,0.0,0.0
learned,0,RELLIS-3D,0.0,00003_001404_02,0,0,0.033929016441106796,0.05945204198360443,0.0,36,R3,0.0,0.0
fixed,0,RELLIS-3D,0.0,00003_001404_02,0,0,0.033929016441106796,0.05945204198360443,0.0,36,R3,0.0,0.0
zero,0,RELLIS-3D,0.0,00003_001404_02,0,0,0.058733098208904266,0.08756563067436218,0.0,48,R3,0.0,0.0
learned,0,RELLIS-3D,0.0,00003_001404_02,0,0,0.058733098208904266,0.08756563067436218,0.0,48,R3,0.0,0.0
fixed,0,RELLIS-3D,0.0,00003_001404_02,0,0,0.058733098208904266,0.08756563067436218,0.0,48,R3,0.0,0.0
zero,0,RELLIS-3D,0.0,00003_001404_02,0,0,0.06061169505119324,0.08754868805408478,0.0,60,R3,0.0,0.0
learned,0,RELLIS-3D,0.0,00003_001404_02,0,0,0.06061169505119324,0.08754868805408478,0.0,60,R3,0.0,0.0
fixed,0,RELLIS-3D,0.0,00003_001404_02,0,0,0.06061169505119324,0.08754868805408478,0.0,60,R3,0.0,0.0
zero,0,RELLIS-3D,0.0,00003_001404_03,0,0,0.031932830810546875,0.0640655905008316,0.0,0,R3,0.0,0.0
learned,0,RELLIS-3D,0.0,00003_001404_03,0,0,0.031932830810546875,0.0640655905008316,0.0,0,R3,0.0,0.0
fixed,0,RELLIS-3D,0.0,00003_001404_03,0,0,0.031932830810546875,0.0640655905008316,0.0,0,R3,0.0,0.0
zero,0,RELLIS-3D,0.0,00003_001404_03,0,0,0.023337090387940407,0.05185369774699211,0.0,12,R3,0.0,0.0
learned,0,RELLIS-3D,0.0,00003_001404_03,0,0,0.023337090387940407,0.05185369774699211,0.0,12,R3,0.0,0.0
fixed,0,RELLIS-3D,0.0,00003_001404_03,0,0,0.023337090387940407,0.05185369774699211,0.0,12,R3,0.0,0.0
zero,0,RELLIS-3D,0.0,00003_001404_03,0,0,0.02624046429991722,0.05504217371344566,0.0,24,R3,0.0,0.0
learned,0,RELLIS-3D,0.0,00003_001404_03,0,0,0.02624046429991722,0.05504217371344566,0.0,24,R3,0.0,0.0
fixed,0,RELLIS-3D,0.0,00003_001404_03,0,0,0.02624046429991722,0.05504217371344566,0.0,24,R3,0.0,0.0
zero,0,RELLIS-3D,0.0,00003_001404_03,0,0,0.03628387302160263,0.06594450026750565,0.0,36,R3,0.0,0.0
learned,0,RELLIS-3D,0.0,00003_001404_03,0,0,0.03628387302160263,0.06594450026750565,0.0,36,R3,0.0,0.0
fixed,0,RELLIS-3D,0.0,00003_001404_03,0,0,0.03628387302160263,0.06594450026750565,0.0,36,R3,0.0,0.0
zero,0,RELLIS-3D,0.0,00003_001404_03,0,0,0.03689270466566086,0.06472842395305634,0.0,48,R3,0.0,0.0
learned,0,RELLIS-3D,0.0,00003_001404_03,0,0,0.03689270466566086,0.06472842395305634,0.0,48,R3,0.0,0.0
fixed,0,RELLIS-3D,0.0,00003_001404_03,0,0,0.03689270466566086,0.06472842395305634,0.0,48,R3,0.0,0.0
zero,0,RELLIS-3D,0.0,00003_001404_04,0,0,0.036274250596761703,0.0704222172498703,0.0,0,R3,0.0,0.0
learned,0,RELLIS-3D,0.0,00003_001404_04,0,0,0.036274250596761703,0.0704222172498703,0.0,0,R3,0.0,0.0
fixed,0,RELLIS-3D,0.0,00003_001404_04,0,0,0.036274250596761703,0.0704222172498703,0.0,0,R3,0.0,0.0
zero,0,RELLIS-3D,0.0,00003_001404_04,0,0,0.024895545095205307,0.05358804762363434,0.0,12,R3,0.0,0.0
learned,0,RELLIS-3D,0.0,00003_001404_04,0,0,0.024895545095205307,0.05358804762363434,0.0,12,R3,0.0,0.0
fixed,0,RELLIS-3D,0.0,00003_001404_04,0,0,0.024895545095205307,0.05358804762363434,0.0,12,R3,0.0,0.0
zero,0,RELLIS-3D,0.0,00003_001404_04,0,0,0.025033775717020035,0.05327825993299484,0.0,24,R3,0.0,0.0
learned,0,RELLIS-3D,0.0,00003_001404_04,0,0,0.025033775717020035,0.05327825993299484,0.0,24,R3,0.0,0.0
fixed,0,RELLIS-3D,0.0,00003_001404_04,0,0,0.025033775717020035,0.05327825993299484,0.0,24,R3,0.0,0.0
zero,0,RELLIS-3D,0.0,00003_001404_04,0,0,0.03709810972213745,0.06723488867282867,0.0,36,R3,0.0,0.0
learned,0,RELLIS-3D,0.0,00003_001404_04,0,0,0.03709810972213745,0.06723488867282867,0.0,36,R3,0.0,0.0
fixed,0,RELLIS-3D,0.0,00003_001404_04,0,0,0.03709810972213745,0.06723488867282867,0.0,36,R3,0.0,0.0
zero,0,RELLIS-3D,0.0,00003_001404_04,0,0,0.03630385175347328,0.06446470320224762,0.0,48,R3,0.0,0.0
learned,0,RELLIS-3D,0.0,00003_001404_04,0,0,0.03630385175347328,0.06446470320224762,0.0,48,R3,0.0,0.0
fixed,0,RELLIS-3D,0.0,00003_001404_04,0,0,0.03630385175347328,0.06446470320224762,0.0,48,R3,0.0,0.0
zero,0,RELLIS-3D,0.0,00003_001404_04,0,0,0.05169719457626343,0.07794538140296936,0.0,60,R3,0.0,0.0
learned,0,RELLIS-3D,0.0,00003_001404_04,0,0,0.05169719457626343,0.07794538140296936,0.0,60,R3,0.0,0.0
fixed,0,RELLIS-3D,0.0,00003_001404_04,0,0,0.05169719457626343,0.07794538140296936,0.0,60,R3,0.0,0.0
zero,0,RELLIS-3D,0.0,00003_001404_04,0,0,0.08321407437324524,0.10930712521076202,0.0,72,R3,0.0,0.0
learned,0,RELLIS-3D,0.0,00003_001404_04,0,0,0.08321407437324524,0.10930712521076202,0.0,72,R3,0.0,0.0
fixed,0,RELLIS-3D,0.0,00003_001404_04,0,0,0.08321407437324524,0.10930712521076202,0.0,72,R3,0.0,0.0
zero,0,RELLIS-3D,0.0,00003_001404_05,0,0,0.08324414491653442,0.11817429214715958,0.0,0,R2,0.0,0.0
learned,0,RELLIS-3D,0.0,00003_001404_05,0,0,0.08324414491653442,0.11817429214715958,0.0,0,R2,0.0,0.0
fixed,0,RELLIS-3D,0.0,00003_001404_05,0,0,0.08324414491653442,0.11817429214715958,0.0,0,R2,0.0,0.0
zero,0,RELLIS-3D,0.0,00003_001404_05,0,0,0.07398565858602524,0.10711486637592316,0.0,12,R2,0.0,0.0
learned,0,RELLIS-3D,0.0,00003_001404_05,0,0,0.07398565858602524,0.10711486637592316,0.0,12,R2,0.0,0.0
fixed,0,RELLIS-3D,0.0,00003_001404_05,0,0,0.07398565858602524,0.10711486637592316,0.0,12,R2,0.0,0.0
zero,0,RELLIS-3D,0.0,00003_001404_05,0,0,0.08181202411651611,0.11159485578536987,0.0,24,R2,0.0,0.0
learned,0,RELLIS-3D,0.0,00003_001404_05,0,0,0.08181202411651611,0.11159485578536987,0.0,24,R2,0.0,0.0
fixed,0,RELLIS-3D,0.0,00003_001404_05,0,0,0.08181202411651611,0.11159485578536987,0.0,24,R2,0.0,0.0
zero,0,RELLIS-3D,0.0,00003_001404_05,0,0,0.07793660461902618,0.10391547530889511,0.0,36,R2,0.0,0.0
learned,0,RELLIS-3D,0.0,00003_001404_05,0,0,0.07793660461902618,0.10391547530889511,0.0,36,R2,0.0,0.0
fixed,0,RELLIS-3D,0.0,00003_001404_05,0,0,0.07793660461902618,0.10391547530889511,0.0,36,R2,0.0,0.0
zero,0,RELLIS-3D,0.0,00003_001404_05,0,0,0.06197567284107208,0.08917814493179321,0.0,48,R2,0.0,0.0
learned,0,RELLIS-3D,0.0,00003_001404_05,0,0,0.06197567284107208,0.08917814493179321,0.0,48,R2,0.0,0.0
fixed,0,RELLIS-3D,0.0,00003_001404_05,0,0,0.06197567284107208,0.08917814493179321,0.0,48,R2,0.0,0.0
zero,0,RELLIS-3D,0.0,00003_001404_05,0,0,0.06205272302031517,0.09002863615751266,0.0,60,R2,0.0,0.0
learned,0,RELLIS-3D,0.0,00003_001404_05,0,0,0.06205272302031517,0.09002863615751266,0.0,60,R2,0.0,0.0
fixed,0,RELLIS-3D,0.0,00003_001404_05,0,0,0.06205272302031517,0.09002863615751266,0.0,60,R2,0.0,0.0
zero,0,RELLIS-3D,0.0,00003_001404_05,0,0,0.06625503301620483,0.0941401869058609,0.0,72,R2,0.0,0.0
learned,0,RELLIS-3D,0.0,00003_001404_05,0,0,0.06625503301620483,0.0941401869058609,0.0,72,R2,0.0,0.0
fixed,0,RELLIS-3D,0.0,00003_001404_05,0,0,0.06625503301620483,0.0941401869058609,0.0,72,R2,0.0,0.0
zero,0,RELLIS-3D,0.0,00003_001404_06,0,0,0.06657417863607407,0.10406877100467682,0.0,0,R3,0.0,0.0
learned,0,RELLIS-3D,0.0,00003_001404_06,0,0,0.06657417863607407,0.10406877100467682,0.0,0,R3,0.0,0.0
fixed,0,RELLIS-3D,0.0,00003_001404_06,0,0,0.06657417863607407,0.10406877100467682,0.0,0,R3,0.0,0.0
zero,0,RELLIS-3D,0.0,00003_001404_06,0,0,0.026703214272856712,0.05701461434364319,0.0,12,R3,0.0,0.0
learned,0,RELLIS-3D,0.0,00003_001404_06,0,0,0.026703214272856712,0.05701461434364319,0.0,12,R3,0.0,0.0
fixed,0,RELLIS-3D,0.0,00003_001404_06,0,0,0.026703214272856712,0.05701461434364319,0.0,12,R3,0.0,0.0
zero,0,RELLIS-3D,0.0,00003_001404_06,0,0,0.021926330402493477,0.04929892718791962,0.0,24,R3,0.0,0.0
learned,0,RELLIS-3D,0.0,00003_001404_06,0,0,0.021926330402493477,0.04929892718791962,0.0,24,R3,0.0,0.0
fixed,0,RELLIS-3D,0.0,00003_001404_06,0,0,0.021926330402493477,0.04929892718791962,0.0,24,R3,0.0,0.0
zero,0,RELLIS-3D,0.0,00003_001404_06,0,0,0.03148961067199707,0.06137542799115181,0.0,36,R3,0.0,0.0
learned,0,RELLIS-3D,0.0,00003_001404_06,0,0,0.03148961067199707,0.06137542799115181,0.0,36,R3,0.0,0.0
fixed,0,RELLIS-3D,0.0,00003_001404_06,0,0,0.03148961067199707,0.06137542799115181,0.0,36,R3,0.0,0.0
zero,0,RELLIS-3D,0.0,00003_001404_06,0,0,0.03462475538253784,0.06314311921596527,0.0,48,R3,0.0,0.0
learned,0,RELLIS-3D,0.0,00003_001404_06,0,0,0.03462475538253784,0.06314311921596527,0.0,48,R3,0.0,0.0
fixed,0,RELLIS-3D,0.0,00003_001404_06,0,0,0.03462475538253784,0.06314311921596527,0.0,48,R3,0.0,0.0
zero,0,RELLIS-3D,0.0,00003_001404_06,0,0,0.038356468081474304,0.0653252899646759,0.0,60,R3,0.0,0.0
learned,0,RELLIS-3D,0.0,00003_001404_06,0,0,0.038356468081474304,0.0653252899646759,0.0,60,R3,0.0,0.0
fixed,0,RELLIS-3D,0.0,00003_001404_06,0,0,0.038356468081474304,0.0653252899646759,0.0,60,R3,0.0,0.0
zero,0,RELLIS-3D,0.0,00003_001404_07,0,0,0.04209870845079422,0.07749015092849731,0.0,0,R3,0.0,0.0
learned,0,RELLIS-3D,0.0,00003_001404_07,0,0,0.04209870845079422,0.07749015092849731,0.0,0,R3,0.0,0.0
fixed,0,RELLIS-3D,0.0,00003_001404_07,0,0,0.04209870845079422,0.07749015092849731,0.0,0,R3,0.0,0.0
zero,0,RELLIS-3D,0.0,00003_001404_07,0,0,0.024942671880126,0.054501451551914215,0.0,12,R3,0.0,0.0
learned,0,RELLIS-3D,0.0,00003_001404_07,0,0,0.024942671880126,0.054501451551914215,0.0,12,R3,0.0,0.0
fixed,0,RELLIS-3D,0.0,00003_001404_07,0,0,0.024942671880126,0.054501451551914215,0.0,12,R3,0.0,0.0
zero,0,RELLIS-3D,0.0,00003_001404_07,0,0,0.02395840547978878,0.051837943494319916,0.0,24,R3,0.0,0.0
learned,0,RELLIS-3D,0.0,00003_001404_07,0,0,0.02395840547978878,0.051837943494319916,0.0,24,R3,0.0,0.0
fixed,0,RELLIS-3D,0.0,00003_001404_07,0,0,0.02395840547978878,0.051837943494319916,0.0,24,R3,0.0,0.0
zero,0,RELLIS-3D,0.0,00003_001404_07,0,0,0.034493133425712585,0.06466332823038101,0.0,36,R3,0.0,0.0
learned,0,RELLIS-3D,0.0,00003_001404_07,0,0,0.034493133425712585,0.06466332823038101,0.0,36,R3,0.0,0.0
fixed,0,RELLIS-3D,0.0,00003_001404_07,0,0,0.034493133425712585,0.06466332823038101,0.0,36,R3,0.0,0.0
zero,0,RELLIS-3D,0.0,00003_001404_07,0,0,0.03549513965845108,0.06382045149803162,0.0,48,R3,0.0,0.0
learned,0,RELLIS-3D,0.0,00003_001404_07,0,0,0.03549513965845108,0.06382045149803162,0.0,48,R3,0.0,0.0
fixed,0,RELLIS-3D,0.0,00003_001404_07,0,0,0.03549513965845108,0.06382045149803162,0.0,48,R3,0.0,0.0
zero,0,RELLIS-3D,0.0,00003_001033_00,0,0,0.10876473039388657,0.13803212344646454,0.0,0,R2,0.0,0.0
learned,0,RELLIS-3D,0.0,00003_001033_00,0,0,0.10876473039388657,0.13803212344646454,0.0,0,R2,0.0,0.0
fixed,0,RELLIS-3D,0.0,00003_001033_00,0,0,0.10876473039388657,0.13803212344646454,0.0,0,R2,0.0,0.0
zero,0,RELLIS-3D,0.0,00003_001033_00,0,0,0.09757131338119507,0.12726351618766785,0.0,12,R2,0.0,0.0
learned,0,RELLIS-3D,0.0,00003_001033_00,0,0,0.09757131338119507,0.12726351618766785,0.0,12,R2,0.0,0.0
fixed,0,RELLIS-3D,0.0,00003_001033_00,0,0,0.09757131338119507,0.12726351618766785,0.0,12,R2,0.0,0.0
zero,0,RELLIS-3D,0.0,00003_001033_00,0,0,0.09677942097187042,0.12271271646022797,0.0,24,R2,0.0,0.0
learned,0,RELLIS-3D,0.0,00003_001033_00,0,0,0.09677942097187042,0.12271271646022797,0.0,24,R2,0.0,0.0
fixed,0,RELLIS-3D,0.0,00003_001033_00,0,0,0.09677942097187042,0.12271271646022797,0.0,24,R2,0.0,0.0
zero,0,RELLIS-3D,0.0,00003_001033_00,0,0,0.07517383247613907,0.10530748963356018,0.0,36,R2,0.0,0.0
learned,0,RELLIS-3D,0.0,00003_001033_00,0,0,0.07517383247613907,0.10530748963356018,0.0,36,R2,0.0,0.0
fixed,0,RELLIS-3D,0.0,00003_001033_00,0,0,0.07517383247613907,0.10530748963356018,0.0,36,R2,0.0,0.0
zero,0,RELLIS-3D,0.0,00003_001033_00,0,0,0.07020369917154312,0.10115079581737518,0.0,48,R2,0.0,0.0
learned,0,RELLIS-3D,0.0,00003_001033_00,0,0,0.07020369917154312,0.10115079581737518,0.0,48,R2,0.0,0.0
fixed,0,RELLIS-3D,0.0,00003_001033_00,0,0,0.07020369917154312,0.10115079581737518,0.0,48,R2,0.0,0.0
zero,0,RELLIS-3D,0.0,00003_001033_00,0,0,0.07144300639629364,0.10221156477928162,0.0,60,R2,0.0,0.0
learned,0,RELLIS-3D,0.0,00003_001033_00,0,0,0.07144300639629364,0.10221156477928162,0.0,60,R2,0.0,0.0
fixed,0,RELLIS-3D,0.0,00003_001033_00,0,0,0.07144300639629364,0.10221156477928162,0.0,60,R2,0.0,0.0
zero,0,RELLIS-3D,0.0,00003_001033_00,0,0,0.07515950500965118,0.1058594286441803,0.0,72,R2,0.0,0.0
learned,0,RELLIS-3D,0.0,00003_001033_00,0,0,0.07515950500965118,0.1058594286441803,0.0,72,R2,0.0,0.0
fixed,0,RELLIS-3D,0.0,00003_001033_00,0,0,0.07515950500965118,0.1058594286441803,0.0,72,R2,0.0,0.0
zero,0,RELLIS-3D,0.0,00003_001033_01,0,0,0.10204097628593445,0.13622745871543884,0.0,0,R3,0.0,0.0
learned,0,RELLIS-3D,0.0,00003_001033_01,0,0,0.10204097628593445,0.13622745871543884,0.0,0,R3,0.0,0.0
fixed,0,RELLIS-3D,0.0,00003_001033_01,0,0,0.10204097628593445,0.13622745871543884,0.0,0,R3,0.0,0.0
zero,0,RELLIS-3D,0.0,00003_001033_01,0,0,0.08617759495973587,0.12262499332427979,0.0,12,R3,0.0,0.0
learned,0,RELLIS-3D,0.0,00003_001033_01,0,0,0.08617759495973587,0.12262499332427979,0.0,12,R3,0.0,0.0
fixed,0,RELLIS-3D,0.0,00003_001033_01,0,0,0.08617759495973587,0.12262499332427979,0.0,12,R3,0.0,0.0
zero,0,RELLIS-3D,0.0,00003_001033_01,0,0,0.07772644609212875,0.1122555136680603,0.0,24,R3,0.0,0.0
learned,0,RELLIS-3D,0.0,00003_001033_01,0,0,0.07772644609212875,0.1122555136680603,0.0,24,R3,0.0,0.0
fixed,0,RELLIS-3D,0.0,00003_001033_01,0,0,0.07772644609212875,0.1122555136680603,0.0,24,R3,0.0,0.0
zero,0,RELLIS-3D,0.0,00003_001033_01,0,0,0.07576373219490051,0.10427802056074142,0.0,36,R3,0.0,0.0
learned,0,RELLIS-3D,0.0,00003_001033_01,0,0,0.07576373219490051,0.10427802056074142,0.0,36,R3,0.0,0.0
fixed,0,RELLIS-3D,0.0,00003_001033_01,0,0,0.07576373219490051,0.10427802056074142,0.0,36,R3,0.0,0.0
zero,0,RELLIS-3D,0.0,00003_001033_01,0,0,0.07508452236652374,0.10305070877075195,0.0,48,R3,0.0,0.0
learned,0,RELLIS-3D,0.0,00003_001033_01,0,0,0.07508452236652374,0.10305070877075195,0.0,48,R3,0.0,0.0
fixed,0,RELLIS-3D,0.0,00003_001033_01,0,0,0.07508452236652374,0.10305070877075195,0.0,48,R3,0.0,0.0
zero,0,RELLIS-3D,0.0,00003_001033_01,0,0,0.07777956128120422,0.10351922363042831,0.0,60,R3,0.0,0.0
learned,0,RELLIS-3D,0.0,00003_001033_01,0,0,0.07777956128120422,0.10351922363042831,0.0,60,R3,0.0,0.0
fixed,0,RELLIS-3D,0.0,00003_001033_01,0,0,0.07777956128120422,0.10351922363042831,0.0,60,R3,0.0,0.0
zero,0,RELLIS-3D,0.0,00003_001033_01,0,0,0.07932614535093307,0.10754963755607605,0.0,72,R3,0.0,0.0
learned,0,RELLIS-3D,0.0,00003_001033_01,0,0,0.07932614535093307,0.10754963755607605,0.0,72,R3,0.0,0.0
fixed,0,RELLIS-3D,0.0,00003_001033_01,0,0,0.07932614535093307,0.10754963755607605,0.0,72,R3,0.0,0.0
zero,0,RELLIS-3D,0.0,00003_001033_02,0,0,0.09713910520076752,0.12776972353458405,0.0,0,R3,0.0,0.0
learned,0,RELLIS-3D,0.0,00003_001033_02,0,0,0.09713910520076752,0.12776972353458405,0.0,0,R3,0.0,0.0
fixed,0,RELLIS-3D,0.0,00003_001033_02,0,0,0.09713910520076752,0.12776972353458405,0.0,0,R3,0.0,0.0
zero,0,RELLIS-3D,0.0,00003_001033_02,0,0,0.09552688151597977,0.12436427175998688,0.0,12,R3,0.0,0.0
learned,0,RELLIS-3D,0.0,00003_001033_02,0,0,0.09552688151597977,0.12436427175998688,0.0,12,R3,0.0,0.0
fixed,0,RELLIS-3D,0.0,00003_001033_02,0,0,0.09552688151597977,0.12436427175998688,0.0,12,R3,0.0,0.0
zero,0,RELLIS-3D,0.0,00003_001033_02,0,0,0.09236477315425873,0.11895495653152466,0.0,24,R3,0.0,0.0
learned,0,RELLIS-3D,0.0,00003_001033_02,0,0,0.09236477315425873,0.11895495653152466,0.0,24,R3,0.0,0.0
fixed,0,RELLIS-3D,0.0,00003_001033_02,0,0,0.09236477315425873,0.11895495653152466,0.0,24,R3,0.0,0.0
zero,0,RELLIS-3D,0.0,00003_001033_02,0,0,0.07506296038627625,0.10590875148773193,0.0,36,R3,0.0,0.0
learned,0,RELLIS-3D,0.0,00003_001033_02,0,0,0.07506296038627625,0.10590875148773193,0.0,36,R3,0.0,0.0
fixed,0,RELLIS-3D,0.0,00003_001033_02,0,0,0.07506296038627625,0.10590875148773193,0.0,36,R3,0.0,0.0
zero,0,RELLIS-3D,0.0,00003_001033_02,0,0,0.0670332983136177,0.09802103787660599,0.0,48,R3,0.0,0.0
learned,0,RELLIS-3D,0.0,00003_001033_02,0,0,0.0670332983136177,0.09802103787660599,0.0,48,R3,0.0,0.0
fixed,0,RELLIS-3D,0.0,00003_001033_02,0,0,0.0670332983136177,0.09802103787660599,0.0,48,R3,0.0,0.0
zero,0,RELLIS-3D,0.0,00003_001033_03,0,0,0.10327533632516861,0.1327301263809204,0.0,0,R2,0.0,0.0
learned,0,RELLIS-3D,0.0,00003_001033_03,0,0,0.10327533632516861,0.1327301263809204,0.0,0,R2,0.0,0.0
fixed,0,RELLIS-3D,0.0,00003_001033_03,0,0,0.10327533632516861,0.1327301263809204,0.0,0,R2,0.0,0.0
zero,0,RELLIS-3D,0.0,00003_001033_03,0,0,0.09602560847997665,0.12565316259860992,0.0,12,R2,0.0,0.0
learned,0,RELLIS-3D,0.0,00003_001033_03,0,0,0.09602560847997665,0.12565316259860992,0.0,12,R2,0.0,0.0
fixed,0,RELLIS-3D,0.0,00003_001033_03,0,0,0.09602560847997665,0.12565316259860992,0.0,12,R2,0.0,0.0
zero,0,RELLIS-3D,0.0,00003_001033_03,0,0,0.09051041305065155,0.1175495907664299,0.0,24,R2,0.0,0.0
learned,0,RELLIS-3D,0.0,00003_001033_03,0,0,0.09051041305065155,0.1175495907664299,0.0,24,R2,0.0,0.0
fixed,0,RELLIS-3D,0.0,00003_001033_03,0,0,0.09051041305065155,0.1175495907664299,0.0,24,R2,0.0,0.0
zero,0,RELLIS-3D,0.0,00003_001033_03,0,0,0.07450287789106369,0.10542678833007812,0.0,36,R2,0.0,0.0
learned,0,RELLIS-3D,0.0,00003_001033_03,0,0,0.07450287789106369,0.10542678833007812,0.0,36,R2,0.0,0.0
fixed,0,RELLIS-3D,0.0,00003_001033_03,0,0,0.07450287789106369,0.10542678833007812,0.0,36,R2,0.0,0.0
zero,0,RELLIS-3D,0.0,00003_001033_03,0,0,0.06796450167894363,0.09894663095474243,0.0,48,R2,0.0,0.0
learned,0,RELLIS-3D,0.0,00003_001033_03,0,0,0.06796450167894363,0.09894663095474243,0.0,48,R2,0.0,0.0
fixed,0,RELLIS-3D,0.0,00003_001033_03,0,0,0.06796450167894363,0.09894663095474243,0.0,48,R2,0.0,0.0
zero,0,RELLIS-3D,0.0,00003_001033_03,0,0,0.07683273404836655,0.10687637329101562,0.0,60,R2,0.0,0.0
learned,0,RELLIS-3D,0.0,00003_001033_03,0,0,0.07683273404836655,0.10687637329101562,0.0,60,R2,0.0,0.0
fixed,0,RELLIS-3D,0.0,00003_001033_03,0,0,0.07683273404836655,0.10687637329101562,0.0,60,R2,0.0,0.0
zero,0,RELLIS-3D,0.0,00003_001033_04,0,0,0.10470820963382721,0.1315881311893463,0.0,0,R2,0.0,0.0
learned,0,RELLIS-3D,0.0,00003_001033_04,0,0,0.10470820963382721,0.1315881311893463,0.0,0,R2,0.0,0.0
fixed,0,RELLIS-3D,0.0,00003_001033_04,0,0,0.10470820963382721,0.1315881311893463,0.0,0,R2,0.0,0.0
zero,0,RELLIS-3D,0.0,00003_001033_04,0,0,0.09604330360889435,0.12456557899713516,0.0,12,R2,0.0,0.0
learned,0,RELLIS-3D,0.0,00003_001033_04,0,0,0.09604330360889435,0.12456557899713516,0.0,12,R2,0.0,0.0
fixed,0,RELLIS-3D,0.0,00003_001033_04,0,0,0.09604330360889435,0.12456557899713516,0.0,12,R2,0.0,0.0
zero,0,RELLIS-3D,0.0,00003_001033_04,0,0,0.09108807146549225,0.1167667806148529,0.0,24,R2,0.0,0.0
learned,0,RELLIS-3D,0.0,00003_001033_04,0,0,0.09108807146549225,0.1167667806148529,0.0,24,R2,0.0,0.0
fixed,0,RELLIS-3D,0.0,00003_001033_04,0,0,0.09108807146549225,0.1167667806148529,0.0,24,R2,0.0,0.0
zero,0,RELLIS-3D,0.0,00003_001033_04,0,0,0.07299833744764328,0.10309211164712906,0.0,36,R2,0.0,0.0
learned,0,RELLIS-3D,0.0,00003_001033_04,0,0,0.07299833744764328,0.10309211164712906,0.0,36,R2,0.0,0.0
fixed,0,RELLIS-3D,0.0,00003_001033_04,0,0,0.07299833744764328,0.10309211164712906,0.0,36,R2,0.0,0.0
zero,0,RELLIS-3D,0.0,00003_001033_04,0,0,0.06792616844177246,0.09887723624706268,0.0,48,R2,0.0,0.0
learned,0,RELLIS-3D,0.0,00003_001033_04,0,0,0.06792616844177246,0.09887723624706268,0.0,48,R2,0.0,0.0
fixed,0,RELLIS-3D,0.0,00003_001033_04,0,0,0.06792616844177246,0.09887723624706268,0.0,48,R2,0.0,0.0
zero,0,RELLIS-3D,0.0,00003_001033_04,0,0,0.0767022892832756,0.10560621321201324,0.0,60,R2,0.0,0.0
learned,0,RELLIS-3D,0.0,00003_001033_04,0,0,0.0767022892832756,0.10560621321201324,0.0,60,R2,0.0,0.0
fixed,0,RELLIS-3D,0.0,00003_001033_04,0,0,0.0767022892832756,0.10560621321201324,0.0,60,R2,0.0,0.0
zero,0,RELLIS-3D,0.0,00003_001033_05,0,0,0.10976837575435638,0.13849565386772156,0.0,0,R2,0.0,0.0
learned,0,RELLIS-3D,0.0,00003_001033_05,0,0,0.10976837575435638,0.13849565386772156,0.0,0,R2,0.0,0.0
fixed,0,RELLIS-3D,0.0,00003_001033_05,0,0,0.10976837575435638,0.13849565386772156,0.0,0,R2,0.0,0.0
zero,0,RELLIS-3D,0.0,00003_001033_05,0,0,0.09790946543216705,0.12731686234474182,0.0,12,R2,0.0,0.0
learned,0,RELLIS-3D,0.0,00003_001033_05,0,0,0.09790946543216705,0.12731686234474182,0.0,12,R2,0.0,0.0
fixed,0,RELLIS-3D,0.0,00003_001033_05,0,0,0.09790946543216705,0.12731686234474182,0.0,12,R2,0.0,0.0
zero,0,RELLIS-3D,0.0,00003_001033_05,0,0,0.09677942097187042,0.12271271646022797,0.0,24,R2,0.0,0.0
learned,0,RELLIS-3D,0.0,00003_001033_05,0,0,0.09677942097187042,0.12271271646022797,0.0,24,R2,0.0,0.0
fixed,0,RELLIS-3D,0.0,00003_001033_05,0,0,0.09677942097187042,0.12271271646022797,0.0,24,R2,0.0,0.0
zero,0,RELLIS-3D,0.0,00003_001033_05,0,0,0.07517383247613907,0.10530748963356018,0.0,36,R2,0.0,0.0
learned,0,RELLIS-3D,0.0,00003_001033_05,0,0,0.07517383247613907,0.10530748963356018,0.0,36,R2,0.0,0.0
fixed,0,RELLIS-3D,0.0,00003_001033_05,0,0,0.07517383247613907,0.10530748963356018,0.0,36,R2,0.0,0.0
zero,0,RELLIS-3D,0.0,00003_001033_05,0,0,0.07020369917154312,0.10115079581737518,0.0,48,R2,0.0,0.0
learned,0,RELLIS-3D,0.0,00003_001033_05,0,0,0.07020369917154312,0.10115079581737518,0.0,48,R2,0.0,0.0
fixed,0,RELLIS-3D,0.0,00003_001033_05,0,0,0.07020369917154312,0.10115079581737518,0.0,48,R2,0.0,0.0
zero,0,RELLIS-3D,0.0,00003_001033_05,0,0,0.07209661602973938,0.10431042313575745,0.0,60,R2,0.0,0.0
learned,0,RELLIS-3D,0.0,00003_001033_05,0,0,0.07209661602973938,0.10431042313575745,0.0,60,R2,0.0,0.0
fixed,0,RELLIS-3D,0.0,00003_001033_05,0,0,0.07209661602973938,0.10431042313575745,0.0,60,R2,0.0,0.0
zero,0,RELLIS-3D,0.0,00003_001033_06,0,0,0.10109122842550278,0.13037049770355225,0.0,0,R2,0.0,0.0
learned,0,RELLIS-3D,0.0,00003_001033_06,0,0,0.10109122842550278,0.13037049770355225,0.0,0,R2,0.0,0.0
fixed,0,RELLIS-3D,0.0,00003_001033_06,0,0,0.10109122842550278,0.13037049770355225,0.0,0,R2,0.0,0.0
zero,0,RELLIS-3D,0.0,00003_001033_06,0,0,0.09574662148952484,0.12538272142410278,0.0,12,R2,0.0,0.0
learned,0,RELLIS-3D,0.0,00003_001033_06,0,0,0.09574662148952484,0.12538272142410278,0.0,12,R2,0.0,0.0
fixed,0,RELLIS-3D,0.0,00003_001033_06,0,0,0.09574662148952484,0.12538272142410278,0.0,12,R2,0.0,0.0
zero,0,RELLIS-3D,0.0,00003_001033_06,0,0,0.08112900704145432,0.11013779044151306,0.0,24,R2,0.0,0.0
learned,0,RELLIS-3D,0.0,00003_001033_06,0,0,0.08112900704145432,0.11013779044151306,0.0,24,R2,0.0,0.0
fixed,0,RELLIS-3D,0.0,00003_001033_06,0,0,0.08112900704145432,0.11013779044151306,0.0,24,R2,0.0,0.0
zero,0,RELLIS-3D,0.0,00003_001033_06,0,0,0.07349356263875961,0.1041909009218216,0.0,36,R2,0.0,0.0
learned,0,RELLIS-3D,0.0,00003_001033_06,0,0,0.07349356263875961,0.1041909009218216,0.0,36,R2,0.0,0.0
fixed,0,RELLIS-3D,0.0,00003_001033_06,0,0,0.07349356263875961,0.1041909009218216,0.0,36,R2,0.0,0.0
zero,0,RELLIS-3D,0.0,00003_001033_06,0,0,0.07119456678628922,0.10123378783464432,0.0,48,R2,0.0,0.0
learned,0,RELLIS-3D,0.0,00003_001033_06,0,0,0.07119456678628922,0.10123378783464432,0.0,48,R2,0.0,0.0
fixed,0,RELLIS-3D,0.0,00003_001033_06,0,0,0.07119456678628922,0.10123378783464432,0.0,48,R2,0.0,0.0
zero,0,RELLIS-3D,0.0,00003_001033_07,0,0,0.10202917456626892,0.13150359690189362,0.0,0,R2,0.0,0.0
learned,0,RELLIS-3D,0.0,00003_001033_07,0,0,0.10202917456626892,0.13150359690189362,0.0,0,R2,0.0,0.0
fixed,0,RELLIS-3D,0.0,00003_001033_07,0,0,0.10202917456626892,0.13150359690189362,0.0,0,R2,0.0,0.0
zero,0,RELLIS-3D,0.0,00003_001033_07,0,0,0.09529127180576324,0.12519429624080658,0.0,12,R2,0.0,0.0
learned,0,RELLIS-3D,0.0,00003_001033_07,0,0,0.09529127180576324,0.12519429624080658,0.0,12,R2,0.0,0.0
fixed,0,RELLIS-3D,0.0,00003_001033_07,0,0,0.09529127180576324,0.12519429624080658,0.0,12,R2,0.0,0.0
zero,0,RELLIS-3D,0.0,00003_001033_07,0,0,0.08112900704145432,0.11013779044151306,0.0,24,R2,0.0,0.0
learned,0,RELLIS-3D,0.0,00003_001033_07,0,0,0.08112900704145432,0.11013779044151306,0.0,24,R2,0.0,0.0
fixed,0,RELLIS-3D,0.0,00003_001033_07,0,0,0.08112900704145432,0.11013779044151306,0.0,24,R2,0.0,0.0
zero,0,RELLIS-3D,0.0,00003_001033_07,0,0,0.07349356263875961,0.1041909009218216,0.0,36,R2,0.0,0.0
learned,0,RELLIS-3D,0.0,00003_001033_07,0,0,0.07349356263875961,0.1041909009218216,0.0,36,R2,0.0,0.0
fixed,0,RELLIS-3D,0.0,00003_001033_07,0,0,0.07349356263875961,0.1041909009218216,0.0,36,R2,0.0,0.0
zero,0,RELLIS-3D,0.0,00003_001033_07,0,0,0.07119456678628922,0.10123378783464432,0.0,48,R2,0.0,0.0
learned,0,RELLIS-3D,0.0,00003_001033_07,0,0,0.07119456678628922,0.10123378783464432,0.0,48,R2,0.0,0.0
fixed,0,RELLIS-3D,0.0,00003_001033_07,0,0,0.07119456678628922,0.10123378783464432,0.0,48,R2,0.0,0.0
zero,0,RELLIS-3D,0.0,00003_001033_07,0,0,0.07558964937925339,0.10537032783031464,0.0,60,R2,0.0,0.0
learned,0,RELLIS-3D,0.0,00003_001033_07,0,0,0.07558964937925339,0.10537032783031464,0.0,60,R2,0.0,0.0
fixed,0,RELLIS-3D,0.0,00003_001033_07,0,0,0.07558964937925339,0.10537032783031464,0.0,60,R2,0.0,0.0
zero,0,RELLIS-3D,0.0,00003_002125_00,0,0,0.030033646151423454,0.05885162949562073,0.0,0,R2,0.0,0.0
learned,0,RELLIS-3D,0.0,00003_002125_00,0,0,0.030033646151423454,0.05885162949562073,0.0,0,R2,0.0,0.0
fixed,0,RELLIS-3D,0.0,00003_002125_00,0,0,0.030033646151423454,0.05885162949562073,0.0,0,R2,0.0,0.0
zero,0,RELLIS-3D,0.0,00003_002125_00,0,1,0.07382149994373322,0.10514792799949646,0.0,12,R2,0.0,0.0
learned,1,RELLIS-3D,0.021661758422851562,00003_002125_00,0,1,0.07382149994373322,0.10514792799949646,0.10514792799949646,12,R2,0.07781137526035309,0.06075690686702728
fixed,1,RELLIS-3D,0.3090183138847351,00003_002125_00,0,1,0.07382149994373322,0.10514792799949646,1.5,12,R2,1.1100273132324219,0.8667346835136414
zero,0,RELLIS-3D,0.0,00003_002125_00,0,0,0.08881188184022903,0.11636330932378769,0.0,24,R2,0.0,0.0
learned,0,RELLIS-3D,0.0,00003_002125_00,0,0,0.08881188184022903,0.11636330932378769,0.0,24,R2,0.0,0.0
fixed,0,RELLIS-3D,0.0,00003_002125_00,0,0,0.08881188184022903,0.11636330932378769,0.0,24,R2,0.0,0.0
zero,0,RELLIS-3D,0.0,00003_002125_00,0,0,0.08051495999097824,0.11222338676452637,0.0,36,R2,0.0,0.0
learned,0,RELLIS-3D,0.0,00003_002125_00,0,0,0.08051495999097824,0.11222338676452637,0.0,36,R2,0.0,0.0
fixed,0,RELLIS-3D,0.0,00003_002125_00,0,0,0.08051495999097824,0.11222338676452637,0.0,36,R2,0.0,0.0
zero,0,RELLIS-3D,0.0,00003_002125_00,0,0,0.07850899547338486,0.10492166876792908,0.0,48,R2,0.0,0.0
learned,0,RELLIS-3D,0.0,00003_002125_00,0,0,0.07850899547338486,0.10492166876792908,0.0,48,R2,0.0,0.0
fixed,0,RELLIS-3D,0.0,00003_002125_00,0,0,0.07850899547338486,0.10492166876792908,0.0,48,R2,0.0,0.0
zero,0,RELLIS-3D,0.0,00003_002125_00,0,0,0.0765300840139389,0.105033278465271,0.0,60,R2,0.0,0.0
learned,0,RELLIS-3D,0.0,00003_002125_00,0,0,0.0765300840139389,0.105033278465271,0.0,60,R2,0.0,0.0
fixed,0,RELLIS-3D,0.0,00003_002125_00,0,0,0.0765300840139389,0.105033278465271,0.0,60,R2,0.0,0.0
zero,0,RELLIS-3D,0.0,00003_002125_01,0,0,0.045174263417720795,0.08128078281879425,0.0,0,R2,0.0,0.0
learned,0,RELLIS-3D,0.0,00003_002125_01,0,0,0.045174263417720795,0.08128078281879425,0.0,0,R2,0.0,0.0
fixed,0,RELLIS-3D,0.0,00003_002125_01,0,0,0.045174263417720795,0.08128078281879425,0.0,0,R2,0.0,0.0
zero,0,RELLIS-3D,0.0,00003_002125_01,0,0,0.09141777455806732,0.12227733433246613,0.0,12,R2,0.0,0.0
learned,0,RELLIS-3D,0.0,00003_002125_01,0,0,0.09141777455806732,0.12227733433246613,0.0,12,R2,0.0,0.0
fixed,0,RELLIS-3D,0.0,00003_002125_01,0,0,0.09141777455806732,0.12227733433246613,0.0,12,R2,0.0,0.0
zero,0,RELLIS-3D,0.0,00003_002125_01,0,0,0.08031865954399109,0.11079636216163635,0.0,24,R2,0.0,0.0
learned,0,RELLIS-3D,0.0,00003_002125_01,0,0,0.08031865954399109,0.11079636216163635,0.0,24,R2,0.0,0.0
fixed,0,RELLIS-3D,0.0,00003_002125_01,0,0,0.08031865954399109,0.11079636216163635,0.0,24,R2,0.0,0.0
zero,0,RELLIS-3D,0.0,00003_002125_01,0,0,0.06487163156270981,0.09613779187202454,0.0,36,R2,0.0,0.0
learned,0,RELLIS-3D,0.0,00003_002125_01,0,0,0.06487163156270981,0.09613779187202454,0.0,36,R2,0.0,0.0
fixed,0,RELLIS-3D,0.0,00003_002125_01,0,0,0.06487163156270981,0.09613779187202454,0.0,36,R2,0.0,0.0
zero,0,RELLIS-3D,0.0,00003_002125_01,0,0,0.06193627044558525,0.09158909320831299,0.0,48,R2,0.0,0.0
learned,0,RELLIS-3D,0.0,00003_002125_01,0,0,0.06193627044558525,0.09158909320831299,0.0,48,R2,0.0,0.0
fixed,0,RELLIS-3D,0.0,00003_002125_01,0,0,0.06193627044558525,0.09158909320831299,0.0,48,R2,0.0,0.0
zero,0,RELLIS-3D,0.0,00003_002125_01,0,0,0.06521822512149811,0.09525178372859955,0.0,60,R2,0.0,0.0
learned,0,RELLIS-3D,0.0,00003_002125_01,0,0,0.06521822512149811,0.09525178372859955,0.0,60,R2,0.0,0.0
fixed,0,RELLIS-3D,0.0,00003_002125_01,0,0,0.06521822512149811,0.09525178372859955,0.0,60,R2,0.0,0.0
zero,0,RELLIS-3D,0.0,00003_002125_02,0,1,0.11027753353118896,0.13807663321495056,0.0,0,R2,0.0,0.0
learned,0,RELLIS-3D,-3.491696887181206e-08,00003_002125_02,0,1,0.11027753353118896,0.13807663321495056,0.13807663321495056,0,R2,3.680571936115484e-08,1.16389902160563e-08
fixed,0,RELLIS-3D,-3.7932161944809195e-07,00003_002125_02,0,1,0.11027753353118896,0.13807663321495056,1.5,0,R2,3.998401041371835e-07,1.2644053981603065e-07
zero,0,RELLIS-3D,0.0,00003_002125_02,0,0,0.08797858655452728,0.11980293691158295,0.0,12,R2,0.0,0.0
learned,0,RELLIS-3D,0.0,00003_002125_02,0,0,0.08797858655452728,0.11980293691158295,0.0,12,R2,0.0,0.0
fixed,0,RELLIS-3D,0.0,00003_002125_02,0,0,0.08797858655452728,0.11980293691158295,0.0,12,R2,0.0,0.0
zero,0,RELLIS-3D,0.0,00003_002125_02,0,0,0.08188216388225555,0.11224254220724106,0.0,24,R2,0.0,0.0
learned,0,RELLIS-3D,0.0,00003_002125_02,0,0,0.08188216388225555,0.11224254220724106,0.0,24,R2,0.0,0.0
fixed,0,RELLIS-3D,0.0,00003_002125_02,0,0,0.08188216388225555,0.11224254220724106,0.0,24,R2,0.0,0.0
zero,0,RELLIS-3D,0.0,00003_002125_02,0,0,0.06865695863962173,0.09972096979618073,0.0,36,R2,0.0,0.0
learned,0,RELLIS-3D,0.0,00003_002125_02,0,0,0.06865695863962173,0.09972096979618073,0.0,36,R2,0.0,0.0
fixed,0,RELLIS-3D,0.0,00003_002125_02,0,0,0.06865695863962173,0.09972096979618073,0.0,36,R2,0.0,0.0
zero,0,RELLIS-3D,0.0,00003_002125_02,0,0,0.06562383472919464,0.0981641411781311,0.0,48,R2,0.0,0.0
learned,0,RELLIS-3D,0.0,00003_002125_02,0,0,0.06562383472919464,0.0981641411781311,0.0,48,R2,0.0,0.0
fixed,0,RELLIS-3D,0.0,00003_002125_02,0,0,0.06562383472919464,0.0981641411781311,0.0,48,R2,0.0,0.0
zero,0,RELLIS-3D,0.0,00003_002125_02,0,0,0.07871197164058685,0.10180190950632095,0.0,60,R2,0.0,0.0
learned,0,RELLIS-3D,0.0,00003_002125_02,0,0,0.07871197164058685,0.10180190950632095,0.0,60,R2,0.0,0.0
fixed,0,RELLIS-3D,0.0,00003_002125_02,0,0,0.07871197164058685,0.10180190950632095,0.0,60,R2,0.0,0.0
zero,0,RELLIS-3D,0.0,00003_002125_02,0,0,0.07837064564228058,0.10234963148832321,0.0,72,R2,0.0,0.0
learned,0,RELLIS-3D,0.0,00003_002125_02,0,0,0.07837064564228058,0.10234963148832321,0.0,72,R2,0.0,0.0
fixed,0,RELLIS-3D,0.0,00003_002125_02,0,0,0.07837064564228058,0.10234963148832321,0.0,72,R2,0.0,0.0
zero,0,RELLIS-3D,0.0,00003_002125_03,0,0,0.07064942270517349,0.10632021725177765,0.0,0,R2,0.0,0.0
learned,0,RELLIS-3D,0.0,00003_002125_03,0,0,0.07064942270517349,0.10632021725177765,0.0,0,R2,0.0,0.0
fixed,0,RELLIS-3D,0.0,00003_002125_03,0,0,0.07064942270517349,0.10632021725177765,0.0,0,R2,0.0,0.0
zero,0,RELLIS-3D,0.0,00003_002125_03,0,0,0.0832289531826973,0.11631271988153458,0.0,12,R2,0.0,0.0
learned,0,RELLIS-3D,0.0,00003_002125_03,0,0,0.0832289531826973,0.11631271988153458,0.0,12,R2,0.0,0.0
fixed,0,RELLIS-3D,0.0,00003_002125_03,0,0,0.0832289531826973,0.11631271988153458,0.0,12,R2,0.0,0.0
zero,0,RELLIS-3D,0.0,00003_002125_03,0,0,0.08020396530628204,0.11043211817741394,0.0,24,R2,0.0,0.0
learned,0,RELLIS-3D,0.0,00003_002125_03,0,0,0.08020396530628204,0.11043211817741394,0.0,24,R2,0.0,0.0
fixed,0,RELLIS-3D,0.0,00003_002125_03,0,0,0.08020396530628204,0.11043211817741394,0.0,24,R2,0.0,0.0
zero,0,RELLIS-3D,0.0,00003_002125_03,0,0,0.06639250367879868,0.09785927832126617,0.0,36,R2,0.0,0.0
learned,0,RELLIS-3D,0.0,00003_002125_03,0,0,0.06639250367879868,0.09785927832126617,0.0,36,R2,0.0,0.0
fixed,0,RELLIS-3D,0.0,00003_002125_03,0,0,0.06639250367879868,0.09785927832126617,0.0,36,R2,0.0,0.0
zero,0,RELLIS-3D,0.0,00003_002125_03,0,0,0.062279555946588516,0.0919714868068695,0.0,48,R2,0.0,0.0
learned,0,RELLIS-3D,0.0,00003_002125_03,0,0,0.062279555946588516,0.0919714868068695,0.0,48,R2,0.0,0.0
fixed,0,RELLIS-3D,0.0,00003_002125_03,0,0,0.062279555946588516,0.0919714868068695,0.0,48,R2,0.0,0.0
zero,0,RELLIS-3D,0.0,00003_002125_03,0,0,0.06804908066987991,0.09630617499351501,0.0,60,R2,0.0,0.0
learned,0,RELLIS-3D,0.0,00003_002125_03,0,0,0.06804908066987991,0.09630617499351501,0.0,60,R2,0.0,0.0
fixed,0,RELLIS-3D,0.0,00003_002125_03,0,0,0.06804908066987991,0.09630617499351501,0.0,60,R2,0.0,0.0
zero,0,RELLIS-3D,0.0,00003_002125_04,0,0,0.06263874471187592,0.09650328010320663,0.0,0,R2,0.0,0.0
learned,0,RELLIS-3D,0.0,00003_002125_04,0,0,0.06263874471187592,0.09650328010320663,0.0,0,R2,0.0,0.0
fixed,0,RELLIS-3D,0.0,00003_002125_04,0,0,0.06263874471187592,0.09650328010320663,0.0,0,R2,0.0,0.0
zero,0,RELLIS-3D,0.0,00003_002125_04,0,0,0.08659985661506653,0.1172349750995636,0.0,12,R2,0.0,0.0
learned,0,RELLIS-3D,0.0,00003_002125_04,0,0,0.08659985661506653,0.1172349750995636,0.0,12,R2,0.0,0.0
fixed,0,RELLIS-3D,0.0,00003_002125_04,0,0,0.08659985661506653,0.1172349750995636,0.0,12,R2,0.0,0.0
zero,0,RELLIS-3D,0.0,00003_002125_04,0,0,0.06835207343101501,0.09987470507621765,0.0,24,R2,0.0,0.0
learned,0,RELLIS-3D,0.0,00003_002125_04,0,0,0.06835207343101501,0.09987470507621765,0.0,24,R2,0.0,0.0
fixed,0,RELLIS-3D,0.0,00003_002125_04,0,0,0.06835207343101501,0.09987470507621765,0.0,24,R2,0.0,0.0
zero,0,RELLIS-3D,0.0,00003_002125_04,0,0,0.06278792023658752,0.0940663069486618,0.0,36,R2,0.0,0.0
learned,0,RELLIS-3D,0.0,00003_002125_04,0,0,0.06278792023658752,0.0940663069486618,0.0,36,R2,0.0,0.0
fixed,0,RELLIS-3D,0.0,00003_002125_04,0,0,0.06278792023658752,0.0940663069486618,0.0,36,R2,0.0,0.0
zero,0,RELLIS-3D,0.0,00003_002125_04,0,0,0.07656025886535645,0.10353449732065201,0.0,48,R2,0.0,0.0
learned,0,RELLIS-3D,0.0,00003_002125_04,0,0,0.07656025886535645,0.10353449732065201,0.0,48,R2,0.0,0.0
fixed,0,RELLIS-3D,0.0,00003_002125_04,0,0,0.07656025886535645,0.10353449732065201,0.0,48,R2,0.0,0.0
zero,0,RELLIS-3D,0.0,00003_002125_05,0,0,0.045174263417720795,0.08128078281879425,0.0,0,R2,0.0,0.0
learned,0,RELLIS-3D,0.0,00003_002125_05,0,0,0.045174263417720795,0.08128078281879425,0.0,0,R2,0.0,0.0
fixed,0,RELLIS-3D,0.0,00003_002125_05,0,0,0.045174263417720795,0.08128078281879425,0.0,0,R2,0.0,0.0
zero,0,RELLIS-3D,0.0,00003_002125_05,0,0,0.09141777455806732,0.12227733433246613,0.0,12,R2,0.0,0.0
learned,0,RELLIS-3D,0.0,00003_002125_05,0,0,0.09141777455806732,0.12227733433246613,0.0,12,R2,0.0,0.0
fixed,0,RELLIS-3D,0.0,00003_002125_05,0,0,0.09141777455806732,0.12227733433246613,0.0,12,R2,0.0,0.0
zero,0,RELLIS-3D,0.0,00003_002125_05,0,0,0.08031865954399109,0.11079636216163635,0.0,24,R2,0.0,0.0
learned,0,RELLIS-3D,0.0,00003_002125_05,0,0,0.08031865954399109,0.11079636216163635,0.0,24,R2,0.0,0.0
fixed,0,RELLIS-3D,0.0,00003_002125_05,0,0,0.08031865954399109,0.11079636216163635,0.0,24,R2,0.0,0.0
zero,0,RELLIS-3D,0.0,00003_002125_05,0,0,0.06487163156270981,0.09613779187202454,0.0,36,R2,0.0,0.0
learned,0,RELLIS-3D,0.0,00003_002125_05,0,0,0.06487163156270981,0.09613779187202454,0.0,36,R2,0.0,0.0
fixed,0,RELLIS-3D,0.0,00003_002125_05,0,0,0.06487163156270981,0.09613779187202454,0.0,36,R2,0.0,0.0
zero,0,RELLIS-3D,0.0,00003_002125_05,0,0,0.06385885179042816,0.09221985936164856,0.0,48,R2,0.0,0.0
learned,0,RELLIS-3D,0.0,00003_002125_05,0,0,0.06385885179042816,0.09221985936164856,0.0,48,R2,0.0,0.0
fixed,0,RELLIS-3D,0.0,00003_002125_05,0,0,0.06385885179042816,0.09221985936164856,0.0,48,R2,0.0,0.0
zero,0,RELLIS-3D,0.0,00003_002125_05,0,0,0.07872485369443893,0.10524697601795197,0.0,60,R2,0.0,0.0
learned,0,RELLIS-3D,0.0,00003_002125_05,0,0,0.07872485369443893,0.10524697601795197,0.0,60,R2,0.0,0.0
fixed,0,RELLIS-3D,0.0,00003_002125_05,0,0,0.07872485369443893,0.10524697601795197,0.0,60,R2,0.0,0.0
zero,0,RELLIS-3D,0.0,00003_002125_05,0,0,0.0783885195851326,0.10436955839395523,0.0,72,R2,0.0,0.0
learned,0,RELLIS-3D,0.0,00003_002125_05,0,0,0.0783885195851326,0.10436955839395523,0.0,72,R2,0.0,0.0
fixed,0,RELLIS-3D,0.0,00003_002125_05,0,0,0.0783885195851326,0.10436955839395523,0.0,72,R2,0.0,0.0
zero,0,RELLIS-3D,0.0,00003_002125_06,0,1,0.11027753353118896,0.13807663321495056,0.0,0,R2,0.0,0.0
learned,0,RELLIS-3D,-3.491696887181206e-08,00003_002125_06,0,1,0.11027753353118896,0.13807663321495056,0.13807663321495056,0,R2,3.680571936115484e-08,3.292003469823612e-08
fixed,0,RELLIS-3D,-3.7932161944809195e-07,00003_002125_06,0,1,0.11027753353118896,0.13807663321495056,1.5,0,R2,3.998401041371835e-07,3.5762786865234375e-07
zero,0,RELLIS-3D,0.0,00003_002125_06,0,0,0.08797858655452728,0.11980293691158295,0.0,12,R2,0.0,0.0
learned,0,RELLIS-3D,0.0,00003_002125_06,0,0,0.08797858655452728,0.11980293691158295,0.0,12,R2,0.0,0.0
fixed,0,RELLIS-3D,0.0,00003_002125_06,0,0,0.08797858655452728,0.11980293691158295,0.0,12,R2,0.0,0.0
zero,0,RELLIS-3D,0.0,00003_002125_06,0,0,0.08188216388225555,0.11224254220724106,0.0,24,R2,0.0,0.0
learned,0,RELLIS-3D,0.0,00003_002125_06,0,0,0.08188216388225555,0.11224254220724106,0.0,24,R2,0.0,0.0
fixed,0,RELLIS-3D,0.0,00003_002125_06,0,0,0.08188216388225555,0.11224254220724106,0.0,24,R2,0.0,0.0
zero,0,RELLIS-3D,0.0,00003_002125_06,0,0,0.06865695863962173,0.09972096979618073,0.0,36,R2,0.0,0.0
learned,0,RELLIS-3D,0.0,00003_002125_06,0,0,0.06865695863962173,0.09972096979618073,0.0,36,R2,0.0,0.0
fixed,0,RELLIS-3D,0.0,00003_002125_06,0,0,0.06865695863962173,0.09972096979618073,0.0,36,R2,0.0,0.0
zero,0,RELLIS-3D,0.0,00003_002125_06,0,0,0.06562383472919464,0.0981641411781311,0.0,48,R2,0.0,0.0
learned,0,RELLIS-3D,0.0,00003_002125_06,0,0,0.06562383472919464,0.0981641411781311,0.0,48,R2,0.0,0.0
fixed,0,RELLIS-3D,0.0,00003_002125_06,0,0,0.06562383472919464,0.0981641411781311,0.0,48,R2,0.0,0.0
zero,0,RELLIS-3D,0.0,00003_002125_06,0,0,0.078299380838871,0.10106216371059418,0.0,60,R2,0.0,0.0
learned,0,RELLIS-3D,0.0,00003_002125_06,0,0,0.078299380838871,0.10106216371059418,0.0,60,R2,0.0,0.0
fixed,0,RELLIS-3D,0.0,00003_002125_06,0,0,0.078299380838871,0.10106216371059418,0.0,60,R2,0.0,0.0
zero,0,RELLIS-3D,0.0,00003_002125_07,0,0,0.03744050860404968,0.07029661536216736,0.0,0,R2,0.0,0.0
learned,0,RELLIS-3D,0.0,00003_002125_07,0,0,0.03744050860404968,0.07029661536216736,0.0,0,R2,0.0,0.0
fixed,0,RELLIS-3D,0.0,00003_002125_07,0,0,0.03744050860404968,0.07029661536216736,0.0,0,R2,0.0,0.0
zero,0,RELLIS-3D,0.0,00003_002125_07,0,0,0.08645710349082947,0.11677785962820053,0.0,12,R2,0.0,0.0
learned,0,RELLIS-3D,0.0,00003_002125_07,0,0,0.08645710349082947,0.11677785962820053,0.0,12,R2,0.0,0.0
fixed,0,RELLIS-3D,0.0,00003_002125_07,0,0,0.08645710349082947,0.11677785962820053,0.0,12,R2,0.0,0.0
zero,0,RELLIS-3D,0.0,00003_002125_07,0,0,0.07087661325931549,0.10241176933050156,0.0,24,R2,0.0,0.0
learned,0,RELLIS-3D,0.0,00003_002125_07,0,0,0.07087661325931549,0.10241176933050156,0.0,24,R2,0.0,0.0
fixed,0,RELLIS-3D,0.0,00003_002125_07,0,0,0.07087661325931549,0.10241176933050156,0.0,24,R2,0.0,0.0
zero,0,RELLIS-3D,0.0,00003_002125_07,0,0,0.06278792023658752,0.0940663069486618,0.0,36,R2,0.0,0.0
learned,0,RELLIS-3D,0.0,00003_002125_07,0,0,0.06278792023658752,0.0940663069486618,0.0,36,R2,0.0,0.0
fixed,0,RELLIS-3D,0.0,00003_002125_07,0,0,0.06278792023658752,0.0940663069486618,0.0,36,R2,0.0,0.0
zero,0,RELLIS-3D,0.0,00003_002125_07,0,0,0.07656025886535645,0.10353449732065201,0.0,48,R2,0.0,0.0
learned,0,RELLIS-3D,0.0,00003_002125_07,0,0,0.07656025886535645,0.10353449732065201,0.0,48,R2,0.0,0.0
fixed,0,RELLIS-3D,0.0,00003_002125_07,0,0,0.07656025886535645,0.10353449732065201,0.0,48,R2,0.0,0.0
zero,0,RELLIS-3D,0.0,00003_002125_07,0,0,0.07547131180763245,0.10266149044036865,0.0,60,R2,0.0,0.0
learned,0,RELLIS-3D,0.0,00003_002125_07,0,0,0.07547131180763245,0.10266149044036865,0.0,60,R2,0.0,0.0
fixed,0,RELLIS-3D,0.0,00003_002125_07,0,0,0.07547131180763245,0.10266149044036865,0.0,60,R2,0.0,0.0
zero,0,RELLIS-3D,0.0,00003_000263_00,0,0,0.09275279939174652,0.12454302608966827,0.0,0,R2,0.0,0.0
learned,0,RELLIS-3D,0.0,00003_000263_00,0,0,0.09275279939174652,0.12454302608966827,0.0,0,R2,0.0,0.0
fixed,0,RELLIS-3D,0.0,00003_000263_00,0,0,0.09275279939174652,0.12454302608966827,0.0,0,R2,0.0,0.0
zero,0,RELLIS-3D,0.0,00003_000263_00,0,0,0.0939948782324791,0.12448131293058395,0.0,12,R2,0.0,0.0
learned,0,RELLIS-3D,0.0,00003_000263_00,0,0,0.0939948782324791,0.12448131293058395,0.0,12,R2,0.0,0.0
fixed,0,RELLIS-3D,0.0,00003_000263_00,0,0,0.0939948782324791,0.12448131293058395,0.0,12,R2,0.0,0.0
zero,0,RELLIS-3D,0.0,00003_000263_00,0,0,0.08772659301757812,0.1193113774061203,0.0,24,R2,0.0,0.0
learned,0,RELLIS-3D,0.0,00003_000263_00,0,0,0.08772659301757812,0.1193113774061203,0.0,24,R2,0.0,0.0
fixed,0,RELLIS-3D,0.0,00003_000263_00,0,0,0.08772659301757812,0.1193113774061203,0.0,24,R2,0.0,0.0
zero,0,RELLIS-3D,0.0,00003_000263_00,0,0,0.07838986068964005,0.1123933419585228,0.0,36,R2,0.0,0.0
learned,0,RELLIS-3D,0.0,00003_000263_00,0,0,0.07838986068964005,0.1123933419585228,0.0,36,R2,0.0,0.0
fixed,0,RELLIS-3D,0.0,00003_000263_00,0,0,0.07838986068964005,0.1123933419585228,0.0,36,R2,0.0,0.0
zero,0,RELLIS-3D,0.0,00003_000263_00,0,0,0.07675094157457352,0.10924100130796432,0.0,48,R2,0.0,0.0
learned,0,RELLIS-3D,0.0,00003_000263_00,0,0,0.07675094157457352,0.10924100130796432,0.0,48,R2,0.0,0.0
fixed,0,RELLIS-3D,0.0,00003_000263_00,0,0,0.07675094157457352,0.10924100130796432,0.0,48,R2,0.0,0.0
zero,0,RELLIS-3D,0.0,00003_000263_00,0,0,0.07479816675186157,0.12541502714157104,0.0,60,R2,0.0,0.0
learned,0,RELLIS-3D,0.0,00003_000263_00,0,0,0.07479816675186157,0.12541502714157104,0.0,60,R2,0.0,0.0
fixed,0,RELLIS-3D,0.0,00003_000263_00,0,0,0.07479816675186157,0.12541502714157104,0.0,60,R2,0.0,0.0
zero,0,RELLIS-3D,0.0,00003_000263_01,0,0,0.09469544887542725,0.11950429528951645,0.0,0,R2,0.0,0.0
learned,0,RELLIS-3D,0.0,00003_000263_01,0,0,0.09469544887542725,0.11950429528951645,0.0,0,R2,0.0,0.0
fixed,0,RELLIS-3D,0.0,00003_000263_01,0,0,0.09469544887542725,0.11950429528951645,0.0,0,R2,0.0,0.0
zero,0,RELLIS-3D,0.0,00003_000263_01,0,0,0.0803009495139122,0.10694397985935211,0.0,12,R2,0.0,0.0
learned,0,RELLIS-3D,0.0,00003_000263_01,0,0,0.0803009495139122,0.10694397985935211,0.0,12,R2,0.0,0.0
fixed,0,RELLIS-3D,0.0,00003_000263_01,0,0,0.0803009495139122,0.10694397985935211,0.0,12,R2,0.0,0.0
zero,0,RELLIS-3D,0.0,00003_000263_01,0,0,0.08653372526168823,0.11256837844848633,0.0,24,R2,0.0,0.0
learned,0,RELLIS-3D,0.0,00003_000263_01,0,0,0.08653372526168823,0.11256837844848633,0.0,24,R2,0.0,0.0
fixed,0,RELLIS-3D,0.0,00003_000263_01,0,0,0.08653372526168823,0.11256837844848633,0.0,24,R2,0.0,0.0
zero,0,RELLIS-3D,0.0,00003_000263_01,0,0,0.05635596439242363,0.08788050711154938,0.0,36,R2,0.0,0.0
learned,0,RELLIS-3D,0.0,00003_000263_01,0,0,0.05635596439242363,0.08788050711154938,0.0,36,R2,0.0,0.0
fixed,0,RELLIS-3D,0.0,00003_000263_01,0,0,0.05635596439242363,0.08788050711154938,0.0,36,R2,0.0,0.0
zero,0,RELLIS-3D,0.0,00003_000263_01,0,0,0.04995039105415344,0.07981126010417938,0.0,48,R2,0.0,0.0
learned,0,RELLIS-3D,0.0,00003_000263_01,0,0,0.04995039105415344,0.07981126010417938,0.0,48,R2,0.0,0.0
fixed,0,RELLIS-3D,0.0,00003_000263_01,0,0,0.04995039105415344,0.07981126010417938,0.0,48,R2,0.0,0.0
zero,0,RELLIS-3D,0.0,00003_000263_01,0,0,0.033515844494104385,0.06457774341106415,0.0,60,R2,0.0,0.0
learned,0,RELLIS-3D,0.0,00003_000263_01,0,0,0.033515844494104385,0.06457774341106415,0.0,60,R2,0.0,0.0
fixed,0,RELLIS-3D,0.0,00003_000263_01,0,0,0.033515844494104385,0.06457774341106415,0.0,60,R2,0.0,0.0
zero,0,RELLIS-3D,0.0,00003_000263_02,0,0,0.08420455455780029,0.11025838553905487,0.0,0,R2,0.0,0.0
learned,0,RELLIS-3D,0.0,00003_000263_02,0,0,0.08420455455780029,0.11025838553905487,0.0,0,R2,0.0,0.0
fixed,0,RELLIS-3D,0.0,00003_000263_02,0,0,0.08420455455780029,0.11025838553905487,0.0,0,R2,0.0,0.0
zero,0,RELLIS-3D,0.0,00003_000263_02,0,0,0.08412551879882812,0.11042207479476929,0.0,12,R2,0.0,0.0
learned,0,RELLIS-3D,0.0,00003_000263_02,0,0,0.08412551879882812,0.11042207479476929,0.0,12,R2,0.0,0.0
fixed,0,RELLIS-3D,0.0,00003_000263_02,0,0,0.08412551879882812,0.11042207479476929,0.0,12,R2,0.0,0.0
zero,0,RELLIS-3D,0.0,00003_000263_02,0,0,0.07724595069885254,0.10489575564861298,0.0,24,R2,0.0,0.0
learned,0,RELLIS-3D,0.0,00003_000263_02,0,0,0.07724595069885254,0.10489575564861298,0.0,24,R2,0.0,0.0
fixed,0,RELLIS-3D,0.0,00003_000263_02,0,0,0.07724595069885254,0.10489575564861298,0.0,24,R2,0.0,0.0
zero,0,RELLIS-3D,0.0,00003_000263_02,0,0,0.051859430968761444,0.08428002893924713,0.0,36,R2,0.0,0.0
learned,0,RELLIS-3D,0.0,00003_000263_02,0,0,0.051859430968761444,0.08428002893924713,0.0,36,R2,0.0,0.0
fixed,0,RELLIS-3D,0.0,00003_000263_02,0,0,0.051859430968761444,0.08428002893924713,0.0,36,R2,0.0,0.0
zero,0,RELLIS-3D,0.0,00003_000263_02,0,0,0.047771647572517395,0.08049514144659042,0.0,48,R2,0.0,0.0
learned,0,RELLIS-3D,0.0,00003_000263_02,0,0,0.047771647572517395,0.08049514144659042,0.0,48,R2,0.0,0.0
fixed,0,RELLIS-3D,0.0,00003_000263_02,0,0,0.047771647572517395,0.08049514144659042,0.0,48,R2,0.0,0.0
zero,0,RELLIS-3D,0.0,00003_000263_02,0,0,0.05806301534175873,0.09017616510391235,0.0,60,R2,0.0,0.0
learned,0,RELLIS-3D,0.0,00003_000263_02,0,0,0.05806301534175873,0.09017616510391235,0.0,60,R2,0.0,0.0
fixed,0,RELLIS-3D,0.0,00003_000263_02,0,0,0.05806301534175873,0.09017616510391235,0.0,60,R2,0.0,0.0
zero,0,RELLIS-3D,0.0,00003_000263_02,0,0,0.07756556570529938,0.1108105480670929,0.0,72,R2,0.0,0.0
learned,0,RELLIS-3D,0.0,00003_000263_02,0,0,0.07756556570529938,0.1108105480670929,0.0,72,R2,0.0,0.0
fixed,0,RELLIS-3D,0.0,00003_000263_02,0,0,0.07756556570529938,0.1108105480670929,0.0,72,R2,0.0,0.0
zero,0,RELLIS-3D,0.0,00003_000263_03,0,0,0.08364139497280121,0.11021920293569565,0.0,0,R2,0.0,0.0
learned,0,RELLIS-3D,0.0,00003_000263_03,0,0,0.08364139497280121,0.11021920293569565,0.0,0,R2,0.0,0.0
fixed,0,RELLIS-3D,0.0,00003_000263_03,0,0,0.08364139497280121,0.11021920293569565,0.0,0,R2,0.0,0.0
zero,0,RELLIS-3D,0.0,00003_000263_03,0,0,0.08478910475969315,0.11183516681194305,0.0,12,R2,0.0,0.0
learned,0,RELLIS-3D,0.0,00003_000263_03,0,0,0.08478910475969315,0.11183516681194305,0.0,12,R2,0.0,0.0
fixed,0,RELLIS-3D,0.0,00003_000263_03,0,0,0.08478910475969315,0.11183516681194305,0.0,12,R2,0.0,0.0
zero,0,RELLIS-3D,0.0,00003_000263_03,0,0,0.0743502825498581,0.10402670502662659,0.0,24,R2,0.0,0.0
learned,0,RELLIS-3D,0.0,00003_000263_03,0,0,0.0743502825498581,0.10402670502662659,0.0,24,R2,0.0,0.0
fixed,0,RELLIS-3D,0.0,00003_000263_03,0,0,0.0743502825498581,0.10402670502662659,0.0,24,R2,0.0,0.0
zero,0,RELLIS-3D,0.0,00003_000263_03,0,0,0.05960981547832489,0.09144682437181473,0.0,36,R2,0.0,0.0
learned,0,RELLIS-3D,0.0,00003_000263_03,0,0,0.05960981547832489,0.09144682437181473,0.0,36,R2,0.0,0.0
fixed,0,RELLIS-3D,0.0,00003_000263_03,0,0,0.05960981547832489,0.09144682437181473,0.0,36,R2,0.0,0.0
zero,0,RELLIS-3D,0.0,00003_000263_03,0,0,0.0554705411195755,0.08767169713973999,0.0,48,R2,0.0,0.0
learned,0,RELLIS-3D,0.0,00003_000263_03,0,0,0.0554705411195755,0.08767169713973999,0.0,48,R2,0.0,0.0
fixed,0,RELLIS-3D,0.0,00003_000263_03,0,0,0.0554705411195755,0.08767169713973999,0.0,48,R2,0.0,0.0
zero,0,RELLIS-3D,0.0,00003_000263_04,0,0,0.09027904272079468,0.11372103542089462,0.0,0,R2,0.0,0.0
learned,0,RELLIS-3D,0.0,00003_000263_04,0,0,0.09027904272079468,0.11372103542089462,0.0,0,R2,0.0,0.0
fixed,0,RELLIS-3D,0.0,00003_000263_04,0,0,0.09027904272079468,0.11372103542089462,0.0,0,R2,0.0,0.0
zero,0,RELLIS-3D,0.0,00003_000263_04,0,0,0.08856931328773499,0.11475413292646408,0.0,12,R2,0.0,0.0
learned,0,RELLIS-3D,0.0,00003_000263_04,0,0,0.08856931328773499,0.11475413292646408,0.0,12,R2,0.0,0.0
fixed,0,RELLIS-3D,0.0,00003_000263_04,0,0,0.08856931328773499,0.11475413292646408,0.0,12,R2,0.0,0.0
zero,0,RELLIS-3D,0.0,00003_000263_04,0,0,0.06271082162857056,0.09317543357610703,0.0,24,R2,0.0,0.0
learned,0,RELLIS-3D,0.0,00003_000263_04,0,0,0.06271082162857056,0.09317543357610703,0.0,24,R2,0.0,0.0
fixed,0,RELLIS-3D,0.0,00003_000263_04,0,0,0.06271082162857056,0.09317543357610703,0.0,24,R2,0.0,0.0
zero,0,RELLIS-3D,0.0,00003_000263_04,0,0,0.04690888524055481,0.07835957407951355,0.0,36,R2,0.0,0.0
learned,0,RELLIS-3D,0.0,00003_000263_04,0,0,0.04690888524055481,0.07835957407951355,0.0,36,R2,0.0,0.0
fixed,0,RELLIS-3D,0.0,00003_000263_04,0,0,0.04690888524055481,0.07835957407951355,0.0,36,R2,0.0,0.0
zero,0,RELLIS-3D,0.0,00003_000263_04,0,0,0.042800530791282654,0.07360142469406128,0.0,48,R2,0.0,0.0
learned,0,RELLIS-3D,0.0,00003_000263_04,0,0,0.042800530791282654,0.07360142469406128,0.0,48,R2,0.0,0.0
fixed,0,RELLIS-3D,0.0,00003_000263_04,0,0,0.042800530791282654,0.07360142469406128,0.0,48,R2,0.0,0.0
zero,0,RELLIS-3D,0.0,00003_000263_05,0,0,0.1025782972574234,0.13086514174938202,0.0,0,R2,0.0,0.0
learned,0,RELLIS-3D,0.0,00003_000263_05,0,0,0.1025782972574234,0.13086514174938202,0.0,0,R2,0.0,0.0
fixed,0,RELLIS-3D,0.0,00003_000263_05,0,0,0.1025782972574234,0.13086514174938202,0.0,0,R2,0.0,0.0
zero,0,RELLIS-3D,0.0,00003_000263_05,0,0,0.08868202567100525,0.11998069286346436,0.0,12,R2,0.0,0.0
learned,0,RELLIS-3D,0.0,00003_000263_05,0,0,0.08868202567100525,0.11998069286346436,0.0,12,R2,0.0,0.0
fixed,0,RELLIS-3D,0.0,00003_000263_05,0,0,0.08868202567100525,0.11998069286346436,0.0,12,R2,0.0,0.0
zero,0,RELLIS-3D,0.0,00003_000263_05,0,0,0.09107275307178497,0.12074615806341171,0.0,24,R2,0.0,0.0
learned,0,RELLIS-3D,0.0,00003_000263_05,0,0,0.09107275307178497,0.12074615806341171,0.0,24,R2,0.0,0.0
fixed,0,RELLIS-3D,0.0,00003_000263_05,0,0,0.09107275307178497,0.12074615806341171,0.0,24,R2,0.0,0.0
zero,0,RELLIS-3D,0.0,00003_000263_05,0,0,0.08212100714445114,0.11368153989315033,0.0,36,R2,0.0,0.0
learned,0,RELLIS-3D,0.0,00003_000263_05,0,0,0.08212100714445114,0.11368153989315033,0.0,36,R2,0.0,0.0
fixed,0,RELLIS-3D,0.0,00003_000263_05,0,0,0.08212100714445114,0.11368153989315033,0.0,36,R2,0.0,0.0
zero,0,RELLIS-3D,0.0,00003_000263_05,0,0,0.07752884179353714,0.1106519103050232,0.0,48,R2,0.0,0.0
learned,0,RELLIS-3D,0.0,00003_000263_05,0,0,0.07752884179353714,0.1106519103050232,0.0,48,R2,0.0,0.0
fixed,0,RELLIS-3D,0.0,00003_000263_05,0,0,0.07752884179353714,0.1106519103050232,0.0,48,R2,0.0,0.0
zero,0,RELLIS-3D,0.0,00003_000263_05,0,0,0.07497402280569077,0.11031579226255417,0.0,60,R2,0.0,0.0
learned,0,RELLIS-3D,0.0,00003_000263_05,0,0,0.07497402280569077,0.11031579226255417,0.0,60,R2,0.0,0.0
fixed,0,RELLIS-3D,0.0,00003_000263_05,0,0,0.07497402280569077,0.11031579226255417,0.0,60,R2,0.0,0.0
zero,0,RELLIS-3D,0.0,00003_000263_05,0,0,0.07421892881393433,0.1100776419043541,0.0,72,R2,0.0,0.0
learned,0,RELLIS-3D,0.0,00003_000263_05,0,0,0.07421892881393433,0.1100776419043541,0.0,72,R2,0.0,0.0
fixed,0,RELLIS-3D,0.0,00003_000263_05,0,0,0.07421892881393433,0.1100776419043541,0.0,72,R2,0.0,0.0
zero,0,RELLIS-3D,0.0,00003_000263_06,0,0,0.09338246285915375,0.1193292886018753,0.0,0,R2,0.0,0.0
learned,0,RELLIS-3D,0.0,00003_000263_06,0,0,0.09338246285915375,0.1193292886018753,0.0,0,R2,0.0,0.0
fixed,0,RELLIS-3D,0.0,00003_000263_06,0,0,0.09338246285915375,0.1193292886018753,0.0,0,R2,0.0,0.0
zero,0,RELLIS-3D,0.0,00003_000263_06,0,0,0.08297477662563324,0.11001084744930267,0.0,12,R2,0.0,0.0
learned,0,RELLIS-3D,0.0,00003_000263_06,0,0,0.08297477662563324,0.11001084744930267,0.0,12,R2,0.0,0.0
fixed,0,RELLIS-3D,0.0,00003_000263_06,0,0,0.08297477662563324,0.11001084744930267,0.0,12,R2,0.0,0.0
zero,0,RELLIS-3D,0.0,00003_000263_06,0,0,0.08123767375946045,0.10925634205341339,0.0,24,R2,0.0,0.0
learned,0,RELLIS-3D,0.0,00003_000263_06,0,0,0.08123767375946045,0.10925634205341339,0.0,24,R2,0.0,0.0
fixed,0,RELLIS-3D,0.0,00003_000263_06,0,0,0.08123767375946045,0.10925634205341339,0.0,24,R2,0.0,0.0
zero,0,RELLIS-3D,0.0,00003_000263_06,0,0,0.06629013270139694,0.09846493601799011,0.0,36,R2,0.0,0.0
learned,0,RELLIS-3D,0.0,00003_000263_06,0,0,0.06629013270139694,0.09846493601799011,0.0,36,R2,0.0,0.0
fixed,0,RELLIS-3D,0.0,00003_000263_06,0,0,0.06629013270139694,0.09846493601799011,0.0,36,R2,0.0,0.0
zero,0,RELLIS-3D,0.0,00003_000263_06,0,0,0.06254874914884567,0.0946599543094635,0.0,48,R2,0.0,0.0
learned,0,RELLIS-3D,0.0,00003_000263_06,0,0,0.06254874914884567,0.0946599543094635,0.0,48,R2,0.0,0.0
fixed,0,RELLIS-3D,0.0,00003_000263_06,0,0,0.06254874914884567,0.0946599543094635,0.0,48,R2,0.0,0.0
zero,0,RELLIS-3D,0.0,00003_000263_07,0,0,0.07938313484191895,0.10566060245037079,0.0,0,R2,0.0,0.0
learned,0,RELLIS-3D,0.0,00003_000263_07,0,0,0.07938313484191895,0.10566060245037079,0.0,0,R2,0.0,0.0
fixed,0,RELLIS-3D,0.0,00003_000263_07,0,0,0.07938313484191895,0.10566060245037079,0.0,0,R2,0.0,0.0
zero,0,RELLIS-3D,0.0,00003_000263_07,0,0,0.08546459674835205,0.11178046464920044,0.0,12,R2,0.0,0.0
learned,0,RELLIS-3D,0.0,00003_000263_07,0,0,0.08546459674835205,0.11178046464920044,0.0,12,R2,0.0,0.0
fixed,0,RELLIS-3D,0.0,00003_000263_07,0,0,0.08546459674835205,0.11178046464920044,0.0,12,R2,0.0,0.0
zero,0,RELLIS-3D,0.0,00003_000263_07,0,0,0.06635506451129913,0.09680696576833725,0.0,24,R2,0.0,0.0
learned,0,RELLIS-3D,0.0,00003_000263_07,0,0,0.06635506451129913,0.09680696576833725,0.0,24,R2,0.0,0.0
fixed,0,RELLIS-3D,0.0,00003_000263_07,0,0,0.06635506451129913,0.09680696576833725,0.0,24,R2,0.0,0.0
zero,0,RELLIS-3D,0.0,00003_000263_07,0,0,0.05184653773903847,0.0839047059416771,0.0,36,R2,0.0,0.0
learned,0,RELLIS-3D,0.0,00003_000263_07,0,0,0.05184653773903847,0.0839047059416771,0.0,36,R2,0.0,0.0
fixed,0,RELLIS-3D,0.0,00003_000263_07,0,0,0.05184653773903847,0.0839047059416771,0.0,36,R2,0.0,0.0
zero,0,RELLIS-3D,0.0,00003_000263_07,0,0,0.04789842665195465,0.08105054497718811,0.0,48,R2,0.0,0.0
learned,0,RELLIS-3D,0.0,00003_000263_07,0,0,0.04789842665195465,0.08105054497718811,0.0,48,R2,0.0,0.0
fixed,0,RELLIS-3D,0.0,00003_000263_07,0,0,0.04789842665195465,0.08105054497718811,0.0,48,R2,0.0,0.0
zero,0,RELLIS-3D,0.0,00003_000817_00,0,0,0.0655193105340004,0.09620598703622818,0.0,0,R2,0.0,0.0
learned,0,RELLIS-3D,0.0,00003_000817_00,0,0,0.0655193105340004,0.09620598703622818,0.0,0,R2,0.0,0.0
fixed,0,RELLIS-3D,0.0,00003_000817_00,0,0,0.0655193105340004,0.09620598703622818,0.0,0,R2,0.0,0.0
zero,0,RELLIS-3D,0.0,00003_000817_00,0,0,0.09022645652294159,0.11700108647346497,0.0,12,R2,0.0,0.0
learned,0,RELLIS-3D,0.0,00003_000817_00,0,0,0.09022645652294159,0.11700108647346497,0.0,12,R2,0.0,0.0
fixed,0,RELLIS-3D,0.0,00003_000817_00,0,0,0.09022645652294159,0.11700108647346497,0.0,12,R2,0.0,0.0
zero,0,RELLIS-3D,0.0,00003_000817_00,0,0,0.07878372073173523,0.10651648789644241,0.0,24,R2,0.0,0.0
learned,0,RELLIS-3D,0.0,00003_000817_00,0,0,0.07878372073173523,0.10651648789644241,0.0,24,R2,0.0,0.0
fixed,0,RELLIS-3D,0.0,00003_000817_00,0,0,0.07878372073173523,0.10651648789644241,0.0,24,R2,0.0,0.0
zero,0,RELLIS-3D,0.0,00003_000817_00,0,0,0.07133682072162628,0.1000763475894928,0.0,36,R2,0.0,0.0
learned,0,RELLIS-3D,0.0,00003_000817_00,0,0,0.07133682072162628,0.1000763475894928,0.0,36,R2,0.0,0.0
fixed,0,RELLIS-3D,0.0,00003_000817_00,0,0,0.07133682072162628,0.1000763475894928,0.0,36,R2,0.0,0.0
zero,0,RELLIS-3D,0.0,00003_000817_00,0,0,0.0738641694188118,0.10152890533208847,0.0,48,R2,0.0,0.0
learned,0,RELLIS-3D,0.0,00003_000817_00,0,0,0.0738641694188118,0.10152890533208847,0.0,48,R2,0.0,0.0
fixed,0,RELLIS-3D,0.0,00003_000817_00,0,0,0.0738641694188118,0.10152890533208847,0.0,48,R2,0.0,0.0
zero,0,RELLIS-3D,0.0,00003_000817_00,0,0,0.07776693254709244,0.10419459640979767,0.0,60,R2,0.0,0.0
learned,0,RELLIS-3D,0.0,00003_000817_00,0,0,0.07776693254709244,0.10419459640979767,0.0,60,R2,0.0,0.0
fixed,0,RELLIS-3D,0.0,00003_000817_00,0,0,0.07776693254709244,0.10419459640979767,0.0,60,R2,0.0,0.0
zero,0,RELLIS-3D,0.0,00003_000817_01,0,0,0.06160081923007965,0.092030830681324,0.0,0,R2,0.0,0.0
learned,0,RELLIS-3D,0.0,00003_000817_01,0,0,0.06160081923007965,0.092030830681324,0.0,0,R2,0.0,0.0
fixed,0,RELLIS-3D,0.0,00003_000817_01,0,0,0.06160081923007965,0.092030830681324,0.0,0,R2,0.0,0.0
zero,0,RELLIS-3D,0.0,00003_000817_01,0,0,0.08472715318202972,0.11303441226482391,0.0,12,R2,0.0,0.0
learned,0,RELLIS-3D,0.0,00003_000817_01,0,0,0.08472715318202972,0.11303441226482391,0.0,12,R2,0.0,0.0
fixed,0,RELLIS-3D,0.0,00003_000817_01,0,0,0.08472715318202972,0.11303441226482391,0.0,12,R2,0.0,0.0
zero,0,RELLIS-3D,0.0,00003_000817_01,0,0,0.0853843092918396,0.11117452383041382,0.0,24,R2,0.0,0.0
learned,0,RELLIS-3D,0.0,00003_000817_01,0,0,0.0853843092918396,0.11117452383041382,0.0,24,R2,0.0,0.0
fixed,0,RELLIS-3D,0.0,00003_000817_01,0,0,0.0853843092918396,0.11117452383041382,0.0,24,R2,0.0,0.0
zero,0,RELLIS-3D,0.0,00003_000817_01,0,0,0.07391873002052307,0.10261140763759613,0.0,36,R2,0.0,0.0
learned,0,RELLIS-3D,0.0,00003_000817_01,0,0,0.07391873002052307,0.10261140763759613,0.0,36,R2,0.0,0.0
fixed,0,RELLIS-3D,0.0,00003_000817_01,0,0,0.07391873002052307,0.10261140763759613,0.0,36,R2,0.0,0.0
zero,0,RELLIS-3D,0.0,00003_000817_01,0,0,0.07618094980716705,0.10318714380264282,0.0,48,R2,0.0,0.0
learned,0,RELLIS-3D,0.0,00003_000817_01,0,0,0.07618094980716705,0.10318714380264282,0.0,48,R2,0.0,0.0
fixed,0,RELLIS-3D,0.0,00003_000817_01,0,0,0.07618094980716705,0.10318714380264282,0.0,48,R2,0.0,0.0
zero,0,RELLIS-3D,0.0,00003_000817_01,0,0,0.07140147686004639,0.10153952240943909,0.0,60,R2,0.0,0.0
learned,0,RELLIS-3D,0.0,00003_000817_01,0,0,0.07140147686004639,0.10153952240943909,0.0,60,R2,0.0,0.0
fixed,0,RELLIS-3D,0.0,00003_000817_01,0,0,0.07140147686004639,0.10153952240943909,0.0,60,R2,0.0,0.0
zero,0,DFC2018,0.0,0000,0,0,1.0255191326141357,2.0693857669830322,0.0,0,soft-dominant-test,0.0,0.0
learned,0,DFC2018,0.0,0000,0,0,1.0255191326141357,2.0693857669830322,0.0,0,soft-dominant-test,0.0,0.0
fixed,0,DFC2018,0.0,0000,0,0,1.0255191326141357,2.0693857669830322,0.0,0,soft-dominant-test,0.0,0.0
zero,0,DFC2018,0.0,0000,0,0,0.9125005006790161,1.9979852437973022,0.0,12,soft-dominant-test,0.0,0.0
learned,0,DFC2018,0.0,0000,0,0,0.9125005006790161,1.9979852437973022,0.0,12,soft-dominant-test,0.0,0.0
fixed,0,DFC2018,0.0,0000,0,0,0.9125005006790161,1.9979852437973022,0.0,12,soft-dominant-test,0.0,0.0
zero,0,DFC2018,0.0,0000,0,0,0.8930254578590393,2.024855852127075,0.0,24,soft-dominant-test,0.0,0.0
learned,0,DFC2018,0.0,0000,0,0,0.8930254578590393,2.024855852127075,0.0,24,soft-dominant-test,0.0,0.0
fixed,0,DFC2018,0.0,0000,0,0,0.8930254578590393,2.024855852127075,0.0,24,soft-dominant-test,0.0,0.0
zero,0,DFC2018,0.0,0000,0,0,1.0157541036605835,2.0996670722961426,0.0,36,soft-dominant-test,0.0,0.0
learned,0,DFC2018,0.0,0000,0,0,1.0157541036605835,2.0996670722961426,0.0,36,soft-dominant-test,0.0,0.0
fixed,0,DFC2018,0.0,0000,0,0,1.0157541036605835,2.0996670722961426,0.0,36,soft-dominant-test,0.0,0.0
zero,0,DFC2018,0.0,0000,0,0,1.2193800210952759,2.2238423824310303,0.0,48,soft-dominant-test,0.0,0.0
learned,0,DFC2018,0.0,0000,0,0,1.2193800210952759,2.2238423824310303,0.0,48,soft-dominant-test,0.0,0.0
fixed,0,DFC2018,0.0,0000,0,0,1.2193800210952759,2.2238423824310303,0.0,48,soft-dominant-test,0.0,0.0
zero,0,DFC2018,0.0,0000,0,0,1.3632248640060425,2.251694679260254,0.0,60,soft-dominant-test,0.0,0.0
learned,0,DFC2018,0.0,0000,0,0,1.3632248640060425,2.251694679260254,0.0,60,soft-dominant-test,0.0,0.0
fixed,0,DFC2018,0.0,0000,0,0,1.3632248640060425,2.251694679260254,0.0,60,soft-dominant-test,0.0,0.0
zero,0,DFC2018,0.0,0000,0,0,1.3879330158233643,2.263413906097412,0.0,72,soft-dominant-test,0.0,0.0
learned,0,DFC2018,0.0,0000,0,0,1.3879330158233643,2.263413906097412,0.0,72,soft-dominant-test,0.0,0.0
fixed,0,DFC2018,0.0,0000,0,0,1.3879330158233643,2.263413906097412,0.0,72,soft-dominant-test,0.0,0.0
zero,0,DFC2018,0.0,0000,0,0,1.387170433998108,2.2631521224975586,0.0,84,soft-dominant-test,0.0,0.0
learned,0,DFC2018,0.0,0000,0,0,1.387170433998108,2.2631521224975586,0.0,84,soft-dominant-test,0.0,0.0
fixed,0,DFC2018,0.0,0000,0,0,1.387170433998108,2.2631521224975586,0.0,84,soft-dominant-test,0.0,0.0
zero,0,DFC2018,0.0,0000,0,0,1.3829315900802612,2.2609786987304688,0.0,96,soft-dominant-test,0.0,0.0
learned,0,DFC2018,0.0,0000,0,0,1.3829315900802612,2.2609786987304688,0.0,96,soft-dominant-test,0.0,0.0
fixed,0,DFC2018,0.0,0000,0,0,1.3829315900802612,2.2609786987304688,0.0,96,soft-dominant-test,0.0,0.0
zero,0,DFC2018,0.0,0000,0,1,1.38239324092865,2.2606685161590576,0.0,108,soft-dominant-test,0.0,0.0
learned,1,DFC2018,0.03724857419729233,0000,0,1,1.38239324092865,2.2606685161590576,2.2606685161590576,108,soft-dominant-test,0.13648313283920288,0.13556154072284698
fixed,1,DFC2018,0.02471519447863102,0000,0,1,1.38239324092865,2.2606685161590576,1.5,108,soft-dominant-test,0.09055935591459274,0.08994786441326141
zero,0,DFC2018,0.0,0000,0,0,1.3839712142944336,2.261371374130249,0.0,120,soft-dominant-test,0.0,0.0
learned,0,DFC2018,0.0,0000,0,0,1.3839712142944336,2.261371374130249,0.0,120,soft-dominant-test,0.0,0.0
fixed,0,DFC2018,0.0,0000,0,0,1.3839712142944336,2.261371374130249,0.0,120,soft-dominant-test,0.0,0.0
zero,0,DFC2018,0.0,0000,0,0,1.3869141340255737,2.2630093097686768,0.0,132,soft-dominant-test,0.0,0.0
learned,0,DFC2018,0.0,0000,0,0,1.3869141340255737,2.2630093097686768,0.0,132,soft-dominant-test,0.0,0.0
fixed,0,DFC2018,0.0,0000,0,0,1.3869141340255737,2.2630093097686768,0.0,132,soft-dominant-test,0.0,0.0
zero,0,DFC2018,0.0,0000,0,0,1.3867090940475464,2.2628276348114014,0.0,144,soft-dominant-test,0.0,0.0
learned,0,DFC2018,0.0,0000,0,0,1.3867090940475464,2.2628276348114014,0.0,144,soft-dominant-test,0.0,0.0
fixed,0,DFC2018,0.0,0000,0,0,1.3867090940475464,2.2628276348114014,0.0,144,soft-dominant-test,0.0,0.0
zero,0,DFC2018,0.0,0000,0,0,1.365109920501709,2.254352331161499,0.0,156,soft-dominant-test,0.0,0.0
learned,0,DFC2018,0.0,0000,0,0,1.365109920501709,2.254352331161499,0.0,156,soft-dominant-test,0.0,0.0
fixed,0,DFC2018,0.0,0000,0,0,1.365109920501709,2.254352331161499,0.0,156,soft-dominant-test,0.0,0.0
zero,0,DFC2018,0.0,0000,0,0,1.3092148303985596,2.274709939956665,0.0,168,soft-dominant-test,0.0,0.0
learned,0,DFC2018,0.0,0000,0,0,1.3092148303985596,2.274709939956665,0.0,168,soft-dominant-test,0.0,0.0
fixed,0,DFC2018,0.0,0000,0,0,1.3092148303985596,2.274709939956665,0.0,168,soft-dominant-test,0.0,0.0
zero,0,DFC2018,0.0,0000,0,0,1.3596305847167969,2.3022537231445312,0.0,180,soft-dominant-test,0.0,0.0
learned,0,DFC2018,0.0,0000,0,0,1.3596305847167969,2.3022537231445312,0.0,180,soft-dominant-test,0.0,0.0
fixed,0,DFC2018,0.0,0000,0,0,1.3596305847167969,2.3022537231445312,0.0,180,soft-dominant-test,0.0,0.0
zero,0,DFC2018,0.0,0000,0,0,1.3572179079055786,2.303990364074707,0.0,192,soft-dominant-test,0.0,0.0
learned,0,DFC2018,0.0,0000,0,0,1.3572179079055786,2.303990364074707,0.0,192,soft-dominant-test,0.0,0.0
fixed,0,DFC2018,0.0,0000,0,0,1.3572179079055786,2.303990364074707,0.0,192,soft-dominant-test,0.0,0.0
zero,0,DFC2018,0.0,0000,0,0,1.3908817768096924,2.26477313041687,0.0,204,soft-dominant-test,0.0,0.0
learned,0,DFC2018,0.0,0000,0,0,1.3908817768096924,2.26477313041687,0.0,204,soft-dominant-test,0.0,0.0
fixed,0,DFC2018,0.0,0000,0,0,1.3908817768096924,2.26477313041687,0.0,204,soft-dominant-test,0.0,0.0
zero,0,DFC2018,0.0,0000,0,0,1.3908817768096924,2.26477313041687,0.0,216,soft-dominant-test,0.0,0.0
learned,0,DFC2018,0.0,0000,0,0,1.3908817768096924,2.26477313041687,0.0,216,soft-dominant-test,0.0,0.0
fixed,0,DFC2018,0.0,0000,0,0,1.3908817768096924,2.26477313041687,0.0,216,soft-dominant-test,0.0,0.0
zero,0,DFC2018,0.0,0000,0,0,1.3908816576004028,2.26477313041687,0.0,228,soft-dominant-test,0.0,0.0
learned,0,DFC2018,0.0,0000,0,0,1.3908816576004028,2.26477313041687,0.0,228,soft-dominant-test,0.0,0.0
fixed,0,DFC2018,0.0,0000,0,0,1.3908816576004028,2.26477313041687,0.0,228,soft-dominant-test,0.0,0.0
zero,0,DFC2018,0.0,0000,0,0,1.388132095336914,2.263442039489746,0.0,240,soft-dominant-test,0.0,0.0
learned,0,DFC2018,0.0,0000,0,0,1.388132095336914,2.263442039489746,0.0,240,soft-dominant-test,0.0,0.0
fixed,0,DFC2018,0.0,0000,0,0,1.388132095336914,2.263442039489746,0.0,240,soft-dominant-test,0.0,0.0
zero,0,DFC2018,0.0,0000,0,0,1.3884745836257935,2.263732433319092,0.0,252,soft-dominant-test,0.0,0.0
learned,0,DFC2018,0.0,0000,0,0,1.3884745836257935,2.263732433319092,0.0,252,soft-dominant-test,0.0,0.0
fixed,0,DFC2018,0.0,0000,0,0,1.3884745836257935,2.263732433319092,0.0,252,soft-dominant-test,0.0,0.0
zero,0,DFC2018,0.0,0000,0,0,1.3887403011322021,2.269587993621826,0.0,264,soft-dominant-test,0.0,0.0
learned,0,DFC2018,0.0,0000,0,0,1.3887403011322021,2.269587993621826,0.0,264,soft-dominant-test,0.0,0.0
fixed,0,DFC2018,0.0,0000,0,0,1.3887403011322021,2.269587993621826,0.0,264,soft-dominant-test,0.0,0.0
zero,0,DFC2018,0.0,0000,0,0,1.3765220642089844,2.3013620376586914,0.0,276,soft-dominant-test,0.0,0.0
learned,0,DFC2018,0.0,0000,0,0,1.3765220642089844,2.3013620376586914,0.0,276,soft-dominant-test,0.0,0.0
fixed,0,DFC2018,0.0,0000,0,0,1.3765220642089844,2.3013620376586914,0.0,276,soft-dominant-test,0.0,0.0
zero,0,DFC2018,0.0,0000,0,0,1.3765220642089844,2.3013620376586914,0.0,288,soft-dominant-test,0.0,0.0
learned,0,DFC2018,0.0,0000,0,0,1.3765220642089844,2.3013620376586914,0.0,288,soft-dominant-test,0.0,0.0
fixed,0,DFC2018,0.0,0000,0,0,1.3765220642089844,2.3013620376586914,0.0,288,soft-dominant-test,0.0,0.0
zero,0,DFC2018,0.0,0000,0,0,1.3765220642089844,2.3013620376586914,0.0,300,soft-dominant-test,0.0,0.0
learned,0,DFC2018,0.0,0000,0,0,1.3765220642089844,2.3013620376586914,0.0,300,soft-dominant-test,0.0,0.0
fixed,0,DFC2018,0.0,0000,0,0,1.3765220642089844,2.3013620376586914,0.0,300,soft-dominant-test,0.0,0.0
zero,0,DFC2018,0.0,0000,0,0,1.3765220642089844,2.3013620376586914,0.0,312,soft-dominant-test,0.0,0.0
learned,0,DFC2018,0.0,0000,0,0,1.3765220642089844,2.3013620376586914,0.0,312,soft-dominant-test,0.0,0.0
fixed,0,DFC2018,0.0,0000,0,0,1.3765220642089844,2.3013620376586914,0.0,312,soft-dominant-test,0.0,0.0
zero,0,DFC2018,0.0,0000,0,0,1.3765220642089844,2.3013620376586914,0.0,324,soft-dominant-test,0.0,0.0
learned,0,DFC2018,0.0,0000,0,0,1.3765220642089844,2.3013620376586914,0.0,324,soft-dominant-test,0.0,0.0
fixed,0,DFC2018,0.0,0000,0,0,1.3765220642089844,2.3013620376586914,0.0,324,soft-dominant-test,0.0,0.0
zero,0,DFC2018,0.0,0000,0,0,1.3765220642089844,2.3013620376586914,0.0,336,soft-dominant-test,0.0,0.0
learned,0,DFC2018,0.0,0000,0,0,1.3765220642089844,2.3013620376586914,0.0,336,soft-dominant-test,0.0,0.0
fixed,0,DFC2018,0.0,0000,0,0,1.3765220642089844,2.3013620376586914,0.0,336,soft-dominant-test,0.0,0.0
zero,0,DFC2018,0.0,0000,0,0,1.3765220642089844,2.3013620376586914,0.0,348,soft-dominant-test,0.0,0.0
learned,0,DFC2018,0.0,0000,0,0,1.3765220642089844,2.3013620376586914,0.0,348,soft-dominant-test,0.0,0.0
fixed,0,DFC2018,0.0,0000,0,0,1.3765220642089844,2.3013620376586914,0.0,348,soft-dominant-test,0.0,0.0
zero,0,DFC2018,0.0,0000,0,0,1.3765182495117188,2.301361083984375,0.0,360,soft-dominant-test,0.0,0.0
learned,0,DFC2018,0.0,0000,0,0,1.3765182495117188,2.301361083984375,0.0,360,soft-dominant-test,0.0,0.0
fixed,0,DFC2018,0.0,0000,0,0,1.3765182495117188,2.301361083984375,0.0,360,soft-dominant-test,0.0,0.0
zero,0,DFC2018,0.0,0000,0,0,1.3744640350341797,2.300833225250244,0.0,372,soft-dominant-test,0.0,0.0
learned,0,DFC2018,0.0,0000,0,0,1.3744640350341797,2.300833225250244,0.0,372,soft-dominant-test,0.0,0.0
fixed,0,DFC2018,0.0,0000,0,0,1.3744640350341797,2.300833225250244,0.0,372,soft-dominant-test,0.0,0.0
zero,0,DFC2018,0.0,0000,0,0,1.3570958375930786,2.292031764984131,0.0,384,soft-dominant-test,0.0,0.0
learned,0,DFC2018,0.0,0000,0,0,1.3570958375930786,2.292031764984131,0.0,384,soft-dominant-test,0.0,0.0
fixed,0,DFC2018,0.0,0000,0,0,1.3570958375930786,2.292031764984131,0.0,384,soft-dominant-test,0.0,0.0
zero,0,DFC2018,0.0,0000,0,0,1.3486838340759277,2.2875547409057617,0.0,396,soft-dominant-test,0.0,0.0
learned,0,DFC2018,0.0,0000,0,0,1.3486838340759277,2.2875547409057617,0.0,396,soft-dominant-test,0.0,0.0
fixed,0,DFC2018,0.0,0000,0,0,1.3486838340759277,2.2875547409057617,0.0,396,soft-dominant-test,0.0,0.0
zero,0,DFC2018,0.0,0000,0,0,1.3416327238082886,2.2856149673461914,0.0,408,soft-dominant-test,0.0,0.0
learned,0,DFC2018,0.0,0000,0,0,1.3416327238082886,2.2856149673461914,0.0,408,soft-dominant-test,0.0,0.0
fixed,0,DFC2018,0.0,0000,0,0,1.3416327238082886,2.2856149673461914,0.0,408,soft-dominant-test,0.0,0.0
zero,0,DFC2018,0.0,0000,0,0,1.3515129089355469,2.285857677459717,0.0,420,soft-dominant-test,0.0,0.0
learned,0,DFC2018,0.0,0000,0,0,1.3515129089355469,2.285857677459717,0.0,420,soft-dominant-test,0.0,0.0
fixed,0,DFC2018,0.0,0000,0,0,1.3515129089355469,2.285857677459717,0.0,420,soft-dominant-test,0.0,0.0
zero,0,DFC2018,0.0,0007,0,0,1.005550503730774,2.077338695526123,0.0,0,soft-dominant-test,0.0,0.0
learned,0,DFC2018,0.0,0007,0,0,1.005550503730774,2.077338695526123,0.0,0,soft-dominant-test,0.0,0.0
fixed,0,DFC2018,0.0,0007,0,0,1.005550503730774,2.077338695526123,0.0,0,soft-dominant-test,0.0,0.0
zero,0,DFC2018,0.0,0007,0,0,1.1249314546585083,2.1509509086608887,0.0,12,soft-dominant-test,0.0,0.0
learned,0,DFC2018,0.0,0007,0,0,1.1249314546585083,2.1509509086608887,0.0,12,soft-dominant-test,0.0,0.0
fixed,0,DFC2018,0.0,0007,0,0,1.1249314546585083,2.1509509086608887,0.0,12,soft-dominant-test,0.0,0.0
zero,0,DFC2018,0.0,0007,0,0,1.2401865720748901,2.2683467864990234,0.0,24,soft-dominant-test,0.0,0.0
learned,0,DFC2018,0.0,0007,0,0,1.2401865720748901,2.2683467864990234,0.0,24,soft-dominant-test,0.0,0.0
fixed,0,DFC2018,0.0,0007,0,0,1.2401865720748901,2.2683467864990234,0.0,24,soft-dominant-test,0.0,0.0
zero,0,DFC2018,0.0,0007,0,0,1.347139835357666,2.29830002784729,0.0,36,soft-dominant-test,0.0,0.0
learned,0,DFC2018,0.0,0007,0,0,1.347139835357666,2.29830002784729,0.0,36,soft-dominant-test,0.0,0.0
fixed,0,DFC2018,0.0,0007,0,0,1.347139835357666,2.29830002784729,0.0,36,soft-dominant-test,0.0,0.0
zero,0,DFC2018,0.0,0007,0,0,1.3135706186294556,2.280291795730591,0.0,48,soft-dominant-test,0.0,0.0
learned,0,DFC2018,0.0,0007,0,0,1.3135706186294556,2.280291795730591,0.0,48,soft-dominant-test,0.0,0.0
fixed,0,DFC2018,0.0,0007,0,0,1.3135706186294556,2.280291795730591,0.0,48,soft-dominant-test,0.0,0.0
zero,0,DFC2018,0.0,0007,0,1,0.049730945378541946,0.7427512407302856,0.0,60,soft-dominant-test,0.0,0.0
learned,0,DFC2018,4.351392271928489e-05,0007,0,1,0.049730945378541946,0.7427512407302856,0.7427512407302856,60,soft-dominant-test,0.0008805961697362363,0.000296376267215237
fixed,0,DFC2018,8.78772116266191e-05,0007,0,1,0.049730945378541946,0.7427512407302856,1.5,60,soft-dominant-test,0.0017783803632482886,0.0005985373863950372
zero,0,DFC2018,0.0,0007,0,0,0.049150045961141586,0.7570971250534058,0.0,72,soft-dominant-test,0.0,0.0
learned,0,DFC2018,0.0,0007,0,0,0.049150045961141586,0.7570971250534058,0.0,72,soft-dominant-test,0.0,0.0
fixed,0,DFC2018,0.0,0007,0,0,0.049150045961141586,0.7570971250534058,0.0,72,soft-dominant-test,0.0,0.0
zero,0,DFC2018,0.0,0007,0,1,0.04600167274475098,0.8611723780632019,0.0,84,soft-dominant-test,0.0,0.0
learned,0,DFC2018,6.902869790792465e-05,0007,0,1,0.04600167274475098,0.8611723780632019,0.8611723780632019,84,soft-dominant-test,0.013991172425448895,0.012899584136903286
fixed,0,DFC2018,0.00012023560702800751,0007,0,1,0.04600167274475098,0.8611723780632019,1.5,84,soft-dominant-test,0.0243699848651886,0.022468645125627518
zero,0,DFC2018,0.0,0007,0,0,0.006413219962269068,0.3598615527153015,0.0,96,soft-dominant-test,0.0,0.0
learned,0,DFC2018,0.0,0007,0,0,0.006413219962269068,0.3598615527153015,0.0,96,soft-dominant-test,0.0,0.0
fixed,0,DFC2018,0.0,0007,0,0,0.006413219962269068,0.3598615527153015,0.0,96,soft-dominant-test,0.0,0.0
zero,0,DFC2018,0.0,0007,0,0,0.05881777033209801,0.9569417834281921,0.0,108,soft-dominant-test,0.0,0.0
learned,0,DFC2018,0.0,0007,0,0,0.05881777033209801,0.9569417834281921,0.0,108,soft-dominant-test,0.0,0.0
fixed,0,DFC2018,0.0,0007,0,0,0.05881777033209801,0.9569417834281921,0.0,108,soft-dominant-test,0.0,0.0
zero,0,DFC2018,0.0,0007,0,0,0.44847872853279114,1.8828632831573486,0.0,120,soft-dominant-test,0.0,0.0
learned,0,DFC2018,0.0,0007,0,0,0.44847872853279114,1.8828632831573486,0.0,120,soft-dominant-test,0.0,0.0
fixed,0,DFC2018,0.0,0007,0,0,0.44847872853279114,1.8828632831573486,0.0,120,soft-dominant-test,0.0,0.0
zero,0,DFC2018,0.0,0007,0,0,1.1751997470855713,2.307920217514038,0.0,132,soft-dominant-test,0.0,0.0
learned,0,DFC2018,0.0,0007,0,0,1.1751997470855713,2.307920217514038,0.0,132,soft-dominant-test,0.0,0.0
fixed,0,DFC2018,0.0,0007,0,0,1.1751997470855713,2.307920217514038,0.0,132,soft-dominant-test,0.0,0.0
zero,0,DFC2018,0.0,0007,0,0,1.3609164953231812,2.306976318359375,0.0,144,soft-dominant-test,0.0,0.0
learned,0,DFC2018,0.0,0007,0,0,1.3609164953231812,2.306976318359375,0.0,144,soft-dominant-test,0.0,0.0
fixed,0,DFC2018,0.0,0007,0,0,1.3609164953231812,2.306976318359375,0.0,144,soft-dominant-test,0.0,0.0
zero,0,DFC2018,0.0,0007,0,0,1.3649142980575562,2.3062708377838135,0.0,156,soft-dominant-test,0.0,0.0
learned,0,DFC2018,0.0,0007,0,0,1.3649142980575562,2.3062708377838135,0.0,156,soft-dominant-test,0.0,0.0
fixed,0,DFC2018,0.0,0007,0,0,1.3649142980575562,2.3062708377838135,0.0,156,soft-dominant-test,0.0,0.0
zero,0,DFC2018,0.0,0007,0,0,1.364409327507019,2.306514263153076,0.0,168,soft-dominant-test,0.0,0.0
learned,0,DFC2018,0.0,0007,0,0,1.364409327507019,2.306514263153076,0.0,168,soft-dominant-test,0.0,0.0
fixed,0,DFC2018,0.0,0007,0,0,1.364409327507019,2.306514263153076,0.0,168,soft-dominant-test,0.0,0.0
zero,0,DFC2018,0.0,0007,0,0,1.3632196187973022,2.307065486907959,0.0,180,soft-dominant-test,0.0,0.0
learned,0,DFC2018,0.0,0007,0,0,1.3632196187973022,2.307065486907959,0.0,180,soft-dominant-test,0.0,0.0
fixed,0,DFC2018,0.0,0007,0,0,1.3632196187973022,2.307065486907959,0.0,180,soft-dominant-test,0.0,0.0
zero,0,DFC2018,0.0,0007,0,0,1.3602542877197266,2.3077569007873535,0.0,192,soft-dominant-test,0.0,0.0
learned,0,DFC2018,0.0,0007,0,0,1.3602542877197266,2.3077569007873535,0.0,192,soft-dominant-test,0.0,0.0
fixed,0,DFC2018,0.0,0007,0,0,1.3602542877197266,2.3077569007873535,0.0,192,soft-dominant-test,0.0,0.0
zero,0,DFC2018,0.0,0007,0,0,1.3519182205200195,2.3100216388702393,0.0,204,soft-dominant-test,0.0,0.0
learned,0,DFC2018,0.0,0007,0,0,1.3519182205200195,2.3100216388702393,0.0,204,soft-dominant-test,0.0,0.0
fixed,0,DFC2018,0.0,0007,0,0,1.3519182205200195,2.3100216388702393,0.0,204,soft-dominant-test,0.0,0.0
zero,0,DFC2018,0.0,0007,0,0,1.3687353134155273,2.282306432723999,0.0,216,soft-dominant-test,0.0,0.0
learned,0,DFC2018,0.0,0007,0,0,1.3687353134155273,2.282306432723999,0.0,216,soft-dominant-test,0.0,0.0
fixed,0,DFC2018,0.0,0007,0,0,1.3687353134155273,2.282306432723999,0.0,216,soft-dominant-test,0.0,0.0
zero,0,DFC2018,0.0,0007,0,0,1.3711154460906982,2.2833361625671387,0.0,228,soft-dominant-test,0.0,0.0
learned,0,DFC2018,0.0,0007,0,0,1.3711154460906982,2.2833361625671387,0.0,228,soft-dominant-test,0.0,0.0
fixed,0,DFC2018,0.0,0007,0,0,1.3711154460906982,2.2833361625671387,0.0,228,soft-dominant-test,0.0,0.0
zero,0,DFC2018,0.0,0007,0,0,1.3761982917785645,2.285602569580078,0.0,240,soft-dominant-test,0.0,0.0
learned,0,DFC2018,0.0,0007,0,0,1.3761982917785645,2.285602569580078,0.0,240,soft-dominant-test,0.0,0.0
fixed,0,DFC2018,0.0,0007,0,0,1.3761982917785645,2.285602569580078,0.0,240,soft-dominant-test,0.0,0.0
zero,0,DFC2018,0.0,0007,0,0,1.3854408264160156,2.2883706092834473,0.0,252,soft-dominant-test,0.0,0.0
learned,0,DFC2018,0.0,0007,0,0,1.3854408264160156,2.2883706092834473,0.0,252,soft-dominant-test,0.0,0.0
fixed,0,DFC2018,0.0,0007,0,0,1.3854408264160156,2.2883706092834473,0.0,252,soft-dominant-test,0.0,0.0
zero,0,DFC2018,0.0,0007,0,0,1.3854408264160156,2.2883706092834473,0.0,264,soft-dominant-test,0.0,0.0
learned,0,DFC2018,0.0,0007,0,0,1.3854408264160156,2.2883706092834473,0.0,264,soft-dominant-test,0.0,0.0
fixed,0,DFC2018,0.0,0007,0,0,1.3854408264160156,2.2883706092834473,0.0,264,soft-dominant-test,0.0,0.0
zero,0,DFC2018,0.0,0007,0,0,1.3509094715118408,2.316260576248169,0.0,276,soft-dominant-test,0.0,0.0
learned,0,DFC2018,0.0,0007,0,0,1.3509094715118408,2.316260576248169,0.0,276,soft-dominant-test,0.0,0.0
fixed,0,DFC2018,0.0,0007,0,0,1.3509094715118408,2.316260576248169,0.0,276,soft-dominant-test,0.0,0.0
zero,0,DFC2018,0.0,0007,0,0,1.3854408264160156,2.2883706092834473,0.0,288,soft-dominant-test,0.0,0.0
learned,0,DFC2018,0.0,0007,0,0,1.3854408264160156,2.2883706092834473,0.0,288,soft-dominant-test,0.0,0.0
fixed,0,DFC2018,0.0,0007,0,0,1.3854408264160156,2.2883706092834473,0.0,288,soft-dominant-test,0.0,0.0
zero,0,DFC2018,0.0,0007,0,0,1.3854408264160156,2.2883706092834473,0.0,300,soft-dominant-test,0.0,0.0
learned,0,DFC2018,0.0,0007,0,0,1.3854408264160156,2.2883706092834473,0.0,300,soft-dominant-test,0.0,0.0
fixed,0,DFC2018,0.0,0007,0,0,1.3854408264160156,2.2883706092834473,0.0,300,soft-dominant-test,0.0,0.0
zero,0,DFC2018,0.0,0007,0,0,1.3854408264160156,2.2883706092834473,0.0,312,soft-dominant-test,0.0,0.0
learned,0,DFC2018,0.0,0007,0,0,1.3854408264160156,2.2883706092834473,0.0,312,soft-dominant-test,0.0,0.0
fixed,0,DFC2018,0.0,0007,0,0,1.3854408264160156,2.2883706092834473,0.0,312,soft-dominant-test,0.0,0.0
zero,0,DFC2018,0.0,0007,0,0,1.3854408264160156,2.2883706092834473,0.0,324,soft-dominant-test,0.0,0.0
learned,0,DFC2018,0.0,0007,0,0,1.3854408264160156,2.2883706092834473,0.0,324,soft-dominant-test,0.0,0.0
fixed,0,DFC2018,0.0,0007,0,0,1.3854408264160156,2.2883706092834473,0.0,324,soft-dominant-test,0.0,0.0
zero,0,DFC2018,0.0,0007,0,0,1.3836098909378052,2.2880160808563232,0.0,336,soft-dominant-test,0.0,0.0
learned,0,DFC2018,0.0,0007,0,0,1.3836098909378052,2.2880160808563232,0.0,336,soft-dominant-test,0.0,0.0
fixed,0,DFC2018,0.0,0007,0,0,1.3836098909378052,2.2880160808563232,0.0,336,soft-dominant-test,0.0,0.0
zero,0,DFC2018,0.0,0007,0,0,0.3875787854194641,1.606401801109314,0.0,348,soft-dominant-test,0.0,0.0
learned,0,DFC2018,0.0,0007,0,0,0.3875787854194641,1.606401801109314,0.0,348,soft-dominant-test,0.0,0.0
fixed,0,DFC2018,0.0,0007,0,0,0.3875787854194641,1.606401801109314,0.0,348,soft-dominant-test,0.0,0.0
zero,0,DFC2018,0.0,0007,0,0,0.11480490863323212,0.9206240177154541,0.0,360,soft-dominant-test,0.0,0.0
learned,0,DFC2018,0.0,0007,0,0,0.11480490863323212,0.9206240177154541,0.0,360,soft-dominant-test,0.0,0.0
fixed,0,DFC2018,0.0,0007,0,0,0.11480490863323212,0.9206240177154541,0.0,360,soft-dominant-test,0.0,0.0
zero,0,DFC2018,0.0,0007,0,0,0.042725227773189545,0.6959983706474304,0.0,372,soft-dominant-test,0.0,0.0
learned,0,DFC2018,0.0,0007,0,0,0.042725227773189545,0.6959983706474304,0.0,372,soft-dominant-test,0.0,0.0
fixed,0,DFC2018,0.0,0007,0,0,0.042725227773189545,0.6959983706474304,0.0,372,soft-dominant-test,0.0,0.0
zero,0,DFC2018,0.0,0007,0,0,0.05330328643321991,0.7348232269287109,0.0,384,soft-dominant-test,0.0,0.0
learned,0,DFC2018,0.0,0007,0,0,0.05330328643321991,0.7348232269287109,0.0,384,soft-dominant-test,0.0,0.0
fixed,0,DFC2018,0.0,0007,0,0,0.05330328643321991,0.7348232269287109,0.0,384,soft-dominant-test,0.0,0.0
zero,0,DFC2018,0.0,0007,0,0,0.11960845440626144,1.0675889253616333,0.0,396,soft-dominant-test,0.0,0.0
learned,0,DFC2018,0.0,0007,0,0,0.11960845440626144,1.0675889253616333,0.0,396,soft-dominant-test,0.0,0.0
fixed,0,DFC2018,0.0,0007,0,0,0.11960845440626144,1.0675889253616333,0.0,396,soft-dominant-test,0.0,0.0
zero,0,DFC2018,0.0,0007,0,0,0.0173054002225399,0.43585821986198425,0.0,408,soft-dominant-test,0.0,0.0
learned,0,DFC2018,0.0,0007,0,0,0.0173054002225399,0.43585821986198425,0.0,408,soft-dominant-test,0.0,0.0
fixed,0,DFC2018,0.0,0007,0,0,0.0173054002225399,0.43585821986198425,0.0,408,soft-dominant-test,0.0,0.0
zero,0,DFC2018,0.0,0007,0,0,0.012536131776869297,0.4012608528137207,0.0,420,soft-dominant-test,0.0,0.0
learned,0,DFC2018,0.0,0007,0,0,0.012536131776869297,0.4012608528137207,0.0,420,soft-dominant-test,0.0,0.0
fixed,0,DFC2018,0.0,0007,0,0,0.012536131776869297,0.4012608528137207,0.0,420,soft-dominant-test,0.0,0.0
zero,0,DFC2018,0.0,0007,0,0,0.021682076156139374,0.497101366519928,0.0,432,soft-dominant-test,0.0,0.0
learned,0,DFC2018,0.0,0007,0,0,0.021682076156139374,0.497101366519928,0.0,432,soft-dominant-test,0.0,0.0
fixed,0,DFC2018,0.0,0007,0,0,0.021682076156139374,0.497101366519928,0.0,432,soft-dominant-test,0.0,0.0
zero,0,DFC2018,0.0,0007,0,0,0.19271321594715118,1.1947928667068481,0.0,444,soft-dominant-test,0.0,0.0
learned,0,DFC2018,0.0,0007,0,0,0.19271321594715118,1.1947928667068481,0.0,444,soft-dominant-test,0.0,0.0
fixed,0,DFC2018,0.0,0007,0,0,0.19271321594715118,1.1947928667068481,0.0,444,soft-dominant-test,0.0,0.0
zero,0,DFC2018,0.0,0007,0,0,1.050857424736023,2.1772055625915527,0.0,456,soft-dominant-test,0.0,0.0
learned,0,DFC2018,0.0,0007,0,0,1.050857424736023,2.1772055625915527,0.0,456,soft-dominant-test,0.0,0.0
fixed,0,DFC2018,0.0,0007,0,0,1.050857424736023,2.1772055625915527,0.0,456,soft-dominant-test,0.0,0.0
zero,0,DFC2018,0.0,0007,0,0,1.3783330917358398,2.2867085933685303,0.0,468,soft-dominant-test,0.0,0.0
learned,0,DFC2018,0.0,0007,0,0,1.3783330917358398,2.2867085933685303,0.0,468,soft-dominant-test,0.0,0.0
fixed,0,DFC2018,0.0,0007,0,0,1.3783330917358398,2.2867085933685303,0.0,468,soft-dominant-test,0.0,0.0
zero,0,DFC2018,0.0,0007,0,0,1.3319331407546997,2.2659802436828613,0.0,480,soft-dominant-test,0.0,0.0
learned,0,DFC2018,0.0,0007,0,0,1.3319331407546997,2.2659802436828613,0.0,480,soft-dominant-test,0.0,0.0
fixed,0,DFC2018,0.0,0007,0,0,1.3319331407546997,2.2659802436828613,0.0,480,soft-dominant-test,0.0,0.0
zero,0,DFC2018,0.0,0007,0,0,1.1186118125915527,2.1041135787963867,0.0,492,soft-dominant-test,0.0,0.0
learned,0,DFC2018,0.0,0007,0,0,1.1186118125915527,2.1041135787963867,0.0,492,soft-dominant-test,0.0,0.0
fixed,0,DFC2018,0.0,0007,0,0,1.1186118125915527,2.1041135787963867,0.0,492,soft-dominant-test,0.0,0.0
zero,0,DFC2018,0.0,0016,0,0,1.3223153352737427,2.3177642822265625,0.0,0,soft-dominant-test,0.0,0.0
learned,0,DFC2018,0.0,0016,0,0,1.3223153352737427,2.3177642822265625,0.0,0,soft-dominant-test,0.0,0.0
fixed,0,DFC2018,0.0,0016,0,0,1.3223153352737427,2.3177642822265625,0.0,0,soft-dominant-test,0.0,0.0
zero,0,DFC2018,0.0,0016,0,0,1.3449536561965942,2.3276314735412598,0.0,12,soft-dominant-test,0.0,0.0
learned,0,DFC2018,0.0,0016,0,0,1.3449536561965942,2.3276314735412598,0.0,12,soft-dominant-test,0.0,0.0
fixed,0,DFC2018,0.0,0016,0,0,1.3449536561965942,2.3276314735412598,0.0,12,soft-dominant-test,0.0,0.0
zero,0,DFC2018,0.0,0016,0,0,1.3098567724227905,2.3079373836517334,0.0,24,soft-dominant-test,0.0,0.0
learned,0,DFC2018,0.0,0016,0,0,1.3098567724227905,2.3079373836517334,0.0,24,soft-dominant-test,0.0,0.0
fixed,0,DFC2018,0.0,0016,0,0,1.3098567724227905,2.3079373836517334,0.0,24,soft-dominant-test,0.0,0.0
zero,0,DFC2018,0.0,0016,0,0,1.3149127960205078,2.283177137374878,0.0,36,soft-dominant-test,0.0,0.0
learned,0,DFC2018,0.0,0016,0,0,1.3149127960205078,2.283177137374878,0.0,36,soft-dominant-test,0.0,0.0
fixed,0,DFC2018,0.0,0016,0,0,1.3149127960205078,2.283177137374878,0.0,36,soft-dominant-test,0.0,0.0
zero,0,DFC2018,0.0,0016,0,0,1.3357243537902832,2.2919704914093018,0.0,48,soft-dominant-test,0.0,0.0
learned,0,DFC2018,0.0,0016,0,0,1.3357243537902832,2.2919704914093018,0.0,48,soft-dominant-test,0.0,0.0
fixed,0,DFC2018,0.0,0016,0,0,1.3357243537902832,2.2919704914093018,0.0,48,soft-dominant-test,0.0,0.0
zero,0,DFC2018,0.0,0016,0,0,1.3573116064071655,2.302190065383911,0.0,60,soft-dominant-test,0.0,0.0
learned,0,DFC2018,0.0,0016,0,0,1.3573116064071655,2.302190065383911,0.0,60,soft-dominant-test,0.0,0.0
fixed,0,DFC2018,0.0,0016,0,0,1.3573116064071655,2.302190065383911,0.0,60,soft-dominant-test,0.0,0.0
zero,0,DFC2018,0.0,0016,0,1,0.3312520682811737,1.5423451662063599,0.0,72,soft-dominant-test,0.0,0.0
learned,0,DFC2018,-0.0007038781186565757,0016,0,1,0.3312520682811737,1.5423451662063599,1.5423451662063599,72,soft-dominant-test,0.000826152740046382,0.00013024499639868736
fixed,0,DFC2018,-0.0006845531170256436,0016,0,1,0.3312520682811737,1.5423451662063599,1.5,72,soft-dominant-test,0.0008034707279875875,0.00012666913971770555
zero,0,DFC2018,0.0,0016,0,0,0.05508534610271454,0.7301366925239563,0.0,84,soft-dominant-test,0.0,0.0
learned,0,DFC2018,0.0,0016,0,0,0.05508534610271454,0.7301366925239563,0.0,84,soft-dominant-test,0.0,0.0
fixed,0,DFC2018,0.0,0016,0,0,0.05508534610271454,0.7301366925239563,0.0,84,soft-dominant-test,0.0,0.0
zero,0,DFC2018,0.0,0016,0,0,0.0037738869432359934,0.228525310754776,0.0,96,soft-dominant-test,0.0,0.0
learned,0,DFC2018,0.0,0016,0,0,0.0037738869432359934,0.228525310754776,0.0,96,soft-dominant-test,0.0,0.0
fixed,0,DFC2018,0.0,0016,0,0,0.0037738869432359934,0.228525310754776,0.0,96,soft-dominant-test,0.0,0.0
zero,0,DFC2018,0.0,0016,0,0,0.010415436699986458,0.3775949776172638,0.0,108,soft-dominant-test,0.0,0.0
learned,0,DFC2018,0.0,0016,0,0,0.010415436699986458,0.3775949776172638,0.0,108,soft-dominant-test,0.0,0.0
fixed,0,DFC2018,0.0,0016,0,0,0.010415436699986458,0.3775949776172638,0.0,108,soft-dominant-test,0.0,0.0
zero,0,DFC2018,0.0,0016,0,0,0.010727956891059875,0.41461795568466187,0.0,120,soft-dominant-test,0.0,0.0
learned,0,DFC2018,0.0,0016,0,0,0.010727956891059875,0.41461795568466187,0.0,120,soft-dominant-test,0.0,0.0
fixed,0,DFC2018,0.0,0016,0,0,0.010727956891059875,0.41461795568466187,0.0,120,soft-dominant-test,0.0,0.0
zero,0,DFC2018,0.0,0016,0,0,0.021931065246462822,0.5368086695671082,0.0,132,soft-dominant-test,0.0,0.0
learned,0,DFC2018,0.0,0016,0,0,0.021931065246462822,0.5368086695671082,0.0,132,soft-dominant-test,0.0,0.0
fixed,0,DFC2018,0.0,0016,0,0,0.021931065246462822,0.5368086695671082,0.0,132,soft-dominant-test,0.0,0.0
zero,0,DFC2018,0.0,0016,0,0,0.01754361391067505,0.4826405346393585,0.0,144,soft-dominant-test,0.0,0.0
learned,0,DFC2018,0.0,0016,0,0,0.01754361391067505,0.4826405346393585,0.0,144,soft-dominant-test,0.0,0.0
fixed,0,DFC2018,0.0,0016,0,0,0.01754361391067505,0.4826405346393585,0.0,144,soft-dominant-test,0.0,0.0
zero,0,DFC2018,0.0,0016,0,0,0.01402227208018303,0.43221402168273926,0.0,156,soft-dominant-test,0.0,0.0
learned,0,DFC2018,0.0,0016,0,0,0.01402227208018303,0.43221402168273926,0.0,156,soft-dominant-test,0.0,0.0
fixed,0,DFC2018,0.0,0016,0,0,0.01402227208018303,0.43221402168273926,0.0,156,soft-dominant-test,0.0,0.0
zero,0,DFC2018,0.0,0016,0,1,0.04086738079786301,0.6513872742652893,0.0,168,soft-dominant-test,0.0,0.0
learned,0,DFC2018,-0.021871419623494148,0016,0,1,0.04086738079786301,0.6513872742652893,0.6513872742652893,168,soft-dominant-test,0.07434998452663422,0.057281289249658585
fixed,0,DFC2018,-0.05036501586437225,0016,0,1,0.04086738079786301,0.6513872742652893,1.5,168,soft-dominant-test,0.17121146619319916,0.13190607726573944
zero,0,DFC2018,0.0,0016,0,0,0.12276911735534668,1.1672804355621338,0.0,180,soft-dominant-test,0.0,0.0
learned,0,DFC2018,0.0,0016,0,0,0.12276911735534668,1.1672804355621338,0.0,180,soft-dominant-test,0.0,0.0
fixed,0,DFC2018,0.0,0016,0,0,0.12276911735534668,1.1672804355621338,0.0,180,soft-dominant-test,0.0,0.0
zero,0,DFC2018,0.0,0016,0,0,0.06490123271942139,0.8539350032806396,0.0,192,soft-dominant-test,0.0,0.0
learned,0,DFC2018,0.0,0016,0,0,0.06490123271942139,0.8539350032806396,0.0,192,soft-dominant-test,0.0,0.0
fixed,0,DFC2018,0.0,0016,0,0,0.06490123271942139,0.8539350032806396,0.0,192,soft-dominant-test,0.0,0.0
zero,0,DFC2018,0.0,0016,0,0,0.049464695155620575,0.7628065347671509,0.0,204,soft-dominant-test,0.0,0.0
learned,0,DFC2018,0.0,0016,0,0,0.049464695155620575,0.7628065347671509,0.0,204,soft-dominant-test,0.0,0.0
fixed,0,DFC2018,0.0,0016,0,0,0.049464695155620575,0.7628065347671509,0.0,204,soft-dominant-test,0.0,0.0
zero,0,DFC2018,0.0,0016,0,0,0.03381330147385597,0.6224836707115173,0.0,216,soft-dominant-test,0.0,0.0
learned,0,DFC2018,0.0,0016,0,0,0.03381330147385597,0.6224836707115173,0.0,216,soft-dominant-test,0.0,0.0
fixed,0,DFC2018,0.0,0016,0,0,0.03381330147385597,0.6224836707115173,0.0,216,soft-dominant-test,0.0,0.0
zero,0,DFC2018,0.0,0016,0,0,0.034713272005319595,0.6677122116088867,0.0,228,soft-dominant-test,0.0,0.0
learned,0,DFC2018,0.0,0016,0,0,0.034713272005319595,0.6677122116088867,0.0,228,soft-dominant-test,0.0,0.0
fixed,0,DFC2018,0.0,0016,0,0,0.034713272005319595,0.6677122116088867,0.0,228,soft-dominant-test,0.0,0.0
zero,0,DFC2018,0.0,0016,0,0,0.3338305950164795,1.499885082244873,0.0,240,soft-dominant-test,0.0,0.0
learned,0,DFC2018,0.0,0016,0,0,0.3338305950164795,1.499885082244873,0.0,240,soft-dominant-test,0.0,0.0
fixed,0,DFC2018,0.0,0016,0,0,0.3338305950164795,1.499885082244873,0.0,240,soft-dominant-test,0.0,0.0
zero,0,DFC2018,0.0,0016,0,0,0.9905649423599243,2.0887532234191895,0.0,252,soft-dominant-test,0.0,0.0
learned,0,DFC2018,0.0,0016,0,0,0.9905649423599243,2.0887532234191895,0.0,252,soft-dominant-test,0.0,0.0
fixed,0,DFC2018,0.0,0016,0,0,0.9905649423599243,2.0887532234191895,0.0,252,soft-dominant-test,0.0,0.0
zero,0,DFC2018,0.0,0016,0,0,1.2191493511199951,2.227471351623535,0.0,264,soft-dominant-test,0.0,0.0
learned,0,DFC2018,0.0,0016,0,0,1.2191493511199951,2.227471351623535,0.0,264,soft-dominant-test,0.0,0.0
fixed,0,DFC2018,0.0,0016,0,0,1.2191493511199951,2.227471351623535,0.0,264,soft-dominant-test,0.0,0.0
zero,0,DFC2018,0.0,0016,0,0,1.152146816253662,2.1891679763793945,0.0,276,soft-dominant-test,0.0,0.0
learned,0,DFC2018,0.0,0016,0,0,1.152146816253662,2.1891679763793945,0.0,276,soft-dominant-test,0.0,0.0
fixed,0,DFC2018,0.0,0016,0,0,1.152146816253662,2.1891679763793945,0.0,276,soft-dominant-test,0.0,0.0
zero,0,DFC2018,0.0,0016,0,0,1.0968526601791382,2.155900716781616,0.0,288,soft-dominant-test,0.0,0.0
learned,0,DFC2018,0.0,0016,0,0,1.0968526601791382,2.155900716781616,0.0,288,soft-dominant-test,0.0,0.0
fixed,0,DFC2018,0.0,0016,0,0,1.0968526601791382,2.155900716781616,0.0,288,soft-dominant-test,0.0,0.0
zero,0,DFC2018,0.0,0016,0,0,1.01273775100708,2.1069674491882324,0.0,300,soft-dominant-test,0.0,0.0
learned,0,DFC2018,0.0,0016,0,0,1.01273775100708,2.1069674491882324,0.0,300,soft-dominant-test,0.0,0.0
fixed,0,DFC2018,0.0,0016,0,0,1.01273775100708,2.1069674491882324,0.0,300,soft-dominant-test,0.0,0.0
zero,0,DFC2018,0.0,0016,0,0,0.9405738711357117,2.059067964553833,0.0,312,soft-dominant-test,0.0,0.0
learned,0,DFC2018,0.0,0016,0,0,0.9405738711357117,2.059067964553833,0.0,312,soft-dominant-test,0.0,0.0
fixed,0,DFC2018,0.0,0016,0,0,0.9405738711357117,2.059067964553833,0.0,312,soft-dominant-test,0.0,0.0
zero,0,DFC2018,0.0,0016,0,0,0.9258038401603699,2.0196211338043213,0.0,324,soft-dominant-test,0.0,0.0
learned,0,DFC2018,0.0,0016,0,0,0.9258038401603699,2.0196211338043213,0.0,324,soft-dominant-test,0.0,0.0
fixed,0,DFC2018,0.0,0016,0,0,0.9258038401603699,2.0196211338043213,0.0,324,soft-dominant-test,0.0,0.0
