directional_class,directional_p_noop,directional_p_pred,dot_safe,episode_id,feasible_direction_count,force_norm,force_perp_norm,force_risk_alignment,force_source,has_safe_alt,lam_hard,lam_soft,path_index,regime,safe_risk,scaffold_risk
0.0,nan,nan,4.959205150604248,00000_001822_04,4.0,6.403810501098633,6.371567726135254,-0.07117105275392532,coef_energy_material_checkpoint_lambdas,0.0,4.206073760986328,2.2408547401428223,3,R2,2.451377034187317,0.3381277024745941
0.0,nan,nan,0.8089277148246765,00000_001822_04,5.0,4.141533851623535,4.061765670776367,0.6201574802398682,coef_energy_material_checkpoint_lambdas,0.0,4.19782018661499,2.2371602058410645,6,R2,2.029312700033188,2.029312700033188
0.0,nan,nan,3.881235361099243,00000_001822_04,3.0,4.290835380554199,4.289685249328613,0.9996175169944763,coef_energy_material_checkpoint_lambdas,0.0,4.19581937789917,2.2349090576171875,9,R2,2.1005732715129852,2.0570045709609985
0.0,nan,nan,1.3184688091278076,00000_001822_04,2.0,1.3714063167572021,1.1991268396377563,0.9378402233123779,coef_energy_material_checkpoint_lambdas,0.0,4.1900224685668945,2.241010904312134,12,R2,2.0247632265090942,1.2957609593868256
0.0,nan,nan,-0.4043852388858795,00000_001822_04,1.0,1.0035289525985718,0.3634958565235138,0.665804922580719,coef_energy_material_checkpoint_lambdas,0.0,4.18283224105835,2.2453572750091553,15,R2,2.029312700033188,0.8878019452095032
0.0,nan,nan,3.949307680130005,00000_001822_04,1.0,6.686023235321045,5.394986152648926,-0.15455791354179382,coef_energy_material_checkpoint_lambdas,0.0,4.190248012542725,2.2244346141815186,30,R2,3.1665260195732117,3.1665260195732117
0.0,nan,nan,0.187064528465271,00000_001822_04,2.0,4.321554660797119,4.317503929138184,0.9168914556503296,coef_energy_material_checkpoint_lambdas,0.0,4.198489189147949,2.2212069034576416,33,R2,3.1889272034168243,3.1889272034168243
0.0,nan,nan,-0.11346860975027084,00000_001822_04,2.0,0.11652813106775284,0.026526976376771927,0.9998168349266052,coef_energy_material_checkpoint_lambdas,0.0,4.191469192504883,2.233914375305176,36,R2,3.348447561264038,3.348447561264038
0.0,nan,nan,1.047393560409546,00000_001822_04,1.0,2.436190366744995,2.1995432376861572,-0.9507889747619629,coef_energy_material_checkpoint_lambdas,0.0,4.17803955078125,2.2684004306793213,39,R2,3.1665260195732117,3.161460041999817
0.0,nan,nan,0.0007884204387664795,00000_001822_04,2.0,0.48014310002326965,0.33895447850227356,-0.29454079270362854,coef_energy_material_checkpoint_lambdas,0.0,4.134333610534668,2.3160452842712402,42,R2,3.1889272034168243,1.2306994795799255
0.0,nan,nan,6.92510986328125,00000_001822_04,2.0,7.345931529998779,6.629644393920898,0.9785005450248718,coef_energy_material_checkpoint_lambdas,0.0,4.210373878479004,2.276925802230835,54,R2,4.401374340057373,0.5592601299285889
0.0,nan,nan,0.3043312728404999,00000_001822_04,5.0,0.39338481426239014,0.249267116189003,0.9964563250541687,coef_energy_material_checkpoint_lambdas,0.0,4.219093322753906,2.268627166748047,57,R2,4.400000095367432,4.400000095367432
0.0,nan,nan,0.013908197171986103,00000_001822_04,8.0,0.01435083243995905,0.013908197171986103,0.9817472696304321,coef_energy_material_checkpoint_lambdas,0.0,4.22178316116333,2.262253522872925,60,R2,4.400000095367432,2.758541524410248
0.0,nan,nan,0.22266662120819092,00000_001822_04,7.0,0.2481294870376587,0.08002873510122299,0.9911757111549377,coef_energy_material_checkpoint_lambdas,0.0,4.208435535430908,2.278759002685547,63,R2,4.400000095367432,1.1085233688354492
0.0,nan,nan,7.782854080200195,00000_001822_04,1.0,7.7828545570373535,7.7828545570373535,0.9999973773956299,coef_energy_material_checkpoint_lambdas,0.0,4.204411506652832,2.2844817638397217,66,R2,4.403094947338104,0.5682933330535889
0.0,nan,nan,6.944725036621094,00000_001822_04,5.0,7.937977313995361,7.629326820373535,0.9994075298309326,coef_energy_material_checkpoint_lambdas,0.0,4.2034220695495605,2.2825186252593994,69,R2,4.401238799095154,0.5579012632369995
0.0,nan,nan,1.973785161972046,00000_001822_04,6.0,2.1959896087646484,1.973785161972046,0.9957457184791565,coef_energy_material_checkpoint_lambdas,0.0,4.228182792663574,2.2649588584899902,72,R2,4.40012389421463,0.5563650727272034
0.0,nan,nan,5.402127265930176,00000_001822_04,5.0,5.73740816116333,5.402127265930176,0.9926233291625977,coef_energy_material_checkpoint_lambdas,0.0,4.310297012329102,2.2134108543395996,75,R2,4.400637924671173,0.558726966381073
0.0,nan,nan,7.745674133300781,00000_001822_05,1.0,7.74740743637085,5.361155033111572,0.971223771572113,coef_energy_material_checkpoint_lambdas,0.0,4.182419300079346,2.2205798625946045,0,R2,2.260578840970993,0.27955785393714905
0.0,nan,nan,3.626598834991455,00000_001822_05,4.0,6.7974958419799805,5.814865589141846,0.999025285243988,coef_energy_material_checkpoint_lambdas,0.0,4.171204090118408,2.2010226249694824,3,R2,2.1097047924995422,0.2957347631454468
0.0,nan,nan,4.243124485015869,00000_001822_05,4.0,6.927882671356201,6.87277364730835,0.9998182654380798,coef_energy_material_checkpoint_lambdas,0.0,4.174412727355957,2.1998932361602783,6,R2,2.008937418460846,0.29145145416259766
0.0,nan,nan,7.157857894897461,00000_001822_05,1.0,7.789086818695068,7.233344078063965,0.9999628663063049,coef_energy_material_checkpoint_lambdas,0.0,4.178485870361328,2.1938650608062744,9,R2,2.0534464716911316,0.2945456802845001
0.0,nan,nan,-0.0639590471982956,00000_001822_05,1.0,2.470210075378418,2.4693820476531982,0.36709195375442505,coef_energy_material_checkpoint_lambdas,0.0,4.194831371307373,2.222140312194824,30,R2,3.1943240761756897,3.1943240761756897
0.0,nan,nan,-0.011297538876533508,00000_001822_05,2.0,0.6588446497917175,0.6587477922439575,0.9356706738471985,coef_energy_material_checkpoint_lambdas,0.0,4.198075294494629,2.2260677814483643,33,R2,3.2935602366924286,3.2935602366924286
0.0,nan,nan,-0.3078802824020386,00000_001822_05,1.0,0.6351367235183716,0.5555253028869629,0.9178941249847412,coef_energy_material_checkpoint_lambdas,0.0,4.197417259216309,2.2348670959472656,36,R2,3.2091935873031616,3.2091935873031616
0.0,nan,nan,-1.164353370666504,00000_001822_05,2.0,2.497704267501831,2.209707736968994,-0.8065810203552246,coef_energy_material_checkpoint_lambdas,0.0,4.190604209899902,2.240170478820801,39,R2,3.1943240761756897,2.390684813261032
0.0,nan,nan,-0.22712799906730652,00000_001822_05,2.0,0.22876524925231934,0.027320504188537598,0.5323415994644165,coef_energy_material_checkpoint_lambdas,0.0,4.195022106170654,2.2356836795806885,42,R2,3.2935602366924286,1.1170957386493683
0.0,nan,nan,8.193187713623047,00000_001822_05,2.0,8.372998237609863,7.013862609863281,0.8627721071243286,coef_energy_material_checkpoint_lambdas,0.0,4.1815385818481445,2.2402894496917725,45,R2,3.2091935873031616,0.5574440956115723
0.0,nan,nan,0.4716523289680481,00000_001822_05,2.0,0.6637044548988342,0.4669557809829712,0.9956526160240173,coef_energy_material_checkpoint_lambdas,0.0,4.162342548370361,2.3155202865600586,54,R2,3.9431747496128082,3.9431747496128082
0.0,nan,nan,0.39741796255111694,00000_001822_05,6.0,0.42522308230400085,0.39741796255111694,0.9998834133148193,coef_energy_material_checkpoint_lambdas,0.0,4.113300323486328,2.3563966751098633,57,R2,3.9574230313301086,1.5409712195396423
0.0,nan,nan,5.90919303894043,00000_001822_05,5.0,6.546971321105957,4.5425705909729,0.8305361270904541,coef_energy_material_checkpoint_lambdas,0.0,4.133851528167725,2.3393301963806152,60,R2,3.975868582725525,0.5758089423179626
0.0,nan,nan,-1.4609299898147583,00000_001822_05,2.0,1.460931658744812,1.0346038341522217,0.9955183267593384,coef_energy_material_checkpoint_lambdas,0.0,4.221274375915527,2.265470266342163,63,R2,4.4001792669296265,4.414590656757355
0.0,nan,nan,7.745674133300781,00000_001822_06,1.0,7.74740743637085,5.361155033111572,0.971223771572113,coef_energy_material_checkpoint_lambdas,0.0,4.182419300079346,2.2205798625946045,0,R2,2.260578840970993,0.27955785393714905
0.0,nan,nan,3.626598834991455,00000_001822_06,4.0,6.7974958419799805,5.814865589141846,0.999025285243988,coef_energy_material_checkpoint_lambdas,0.0,4.171204090118408,2.2010226249694824,3,R2,2.1097047924995422,0.2957347631454468
0.0,nan,nan,4.242508411407471,00000_001822_06,4.0,6.926876068115234,6.871775150299072,0.9998182654380798,coef_energy_material_checkpoint_lambdas,0.0,4.17378044128418,2.1997463703155518,6,R2,2.008937418460846,0.29145145416259766
0.0,nan,nan,7.154417037963867,00000_001822_06,1.0,7.785337448120117,7.2298583984375,0.9999628663063049,coef_energy_material_checkpoint_lambdas,0.0,4.175825119018555,2.1964595317840576,9,R2,2.0534464716911316,0.2945456802845001
0.0,nan,nan,-0.06436650454998016,00000_001822_06,1.0,2.4732730388641357,2.472435235977173,0.3669684827327728,coef_energy_material_checkpoint_lambdas,0.0,4.200252056121826,2.221076488494873,30,R2,3.1943240761756897,3.1943240761756897
0.0,nan,nan,-0.011418595910072327,00000_001822_06,2.0,0.6590430736541748,0.6589441299438477,0.9357336163520813,coef_energy_material_checkpoint_lambdas,0.0,4.197351455688477,2.227480888366699,33,R2,3.2935602366924286,3.2935602366924286
0.0,nan,nan,-0.30796074867248535,00000_001822_06,1.0,0.6351929903030396,0.5555450916290283,0.9179320931434631,coef_energy_material_checkpoint_lambdas,0.0,4.1968607902526855,2.2362213134765625,36,R2,3.2091935873031616,3.2091935873031616
0.0,nan,nan,-1.1650763750076294,00000_001822_06,2.0,2.4995269775390625,2.2113869190216064,-0.8066148161888123,coef_energy_material_checkpoint_lambdas,0.0,4.193334102630615,2.2394418716430664,39,R2,3.1943240761756897,2.390684813261032
0.0,nan,nan,-0.2269943207502365,00000_001822_06,2.0,0.22863225638866425,0.027318358421325684,0.5322904586791992,coef_energy_material_checkpoint_lambdas,0.0,4.192742824554443,2.234379529953003,42,R2,3.2935602366924286,1.1170957386493683
0.0,nan,nan,8.186005592346191,00000_001822_06,2.0,8.365593910217285,7.007491111755371,0.8627907633781433,coef_energy_material_checkpoint_lambdas,0.0,4.177577018737793,2.239482879638672,45,R2,3.2091935873031616,0.5574440956115723
0.0,nan,nan,7.843341827392578,00000_001822_06,1.0,7.848919868469238,7.843341827392578,0.9488317966461182,coef_energy_material_checkpoint_lambdas,0.0,4.1361823081970215,2.3355541229248047,54,R2,4.077144175767899,0.5237516760826111
0.0,nan,nan,0.13358131051063538,00000_001822_06,1.0,0.3537237346172333,0.3260556161403656,-0.21734531223773956,coef_energy_material_checkpoint_lambdas,0.0,4.2750244140625,2.2243330478668213,57,R2,4.087027281522751,3.8463666439056396
0.0,nan,nan,7.745674133300781,00000_001822_07,1.0,7.74740743637085,5.361155033111572,0.971223771572113,coef_energy_material_checkpoint_lambdas,0.0,4.182419300079346,2.2205798625946045,0,R2,2.260578840970993,0.27955785393714905
0.0,nan,nan,3.626598834991455,00000_001822_07,4.0,6.7974958419799805,5.814865589141846,0.999025285243988,coef_energy_material_checkpoint_lambdas,0.0,4.171204090118408,2.2010226249694824,3,R2,2.1097047924995422,0.2957347631454468
0.0,nan,nan,4.243157863616943,00000_001822_07,4.0,6.9279375076293945,6.872828006744385,0.9998182058334351,coef_energy_material_checkpoint_lambdas,0.0,4.174437999725342,2.199962854385376,6,R2,2.008937418460846,0.29145145416259766
0.0,nan,nan,7.155252456665039,00000_001822_07,1.0,7.786250114440918,7.23070764541626,0.9999627470970154,coef_energy_material_checkpoint_lambdas,0.0,4.176665306091309,2.1947453022003174,9,R2,2.0534464716911316,0.2945456802845001
0.0,nan,nan,-0.06318745017051697,00000_001822_07,1.0,2.467386484146118,2.4665772914886475,0.3673553764820099,coef_energy_material_checkpoint_lambdas,0.0,4.189568042755127,2.2277286052703857,30,R2,3.1943240761756897,3.1943240761756897
0.0,nan,nan,-0.011244907975196838,00000_001822_07,2.0,0.6589972376823425,0.6589012742042542,0.9356409907341003,coef_energy_material_checkpoint_lambdas,0.0,4.199981212615967,2.2262344360351562,33,R2,3.2935602366924286,3.2935602366924286
0.0,nan,nan,-0.30782943964004517,00000_001822_07,1.0,0.6352843642234802,0.5557222962379456,0.9178067445755005,coef_energy_material_checkpoint_lambdas,0.0,4.20053243637085,2.2327256202697754,36,R2,3.2091935873031616,3.2091935873031616
0.0,nan,nan,-1.1663968563079834,00000_001822_07,2.0,2.5030624866485596,2.2146873474121094,-0.806702196598053,coef_energy_material_checkpoint_lambdas,0.0,4.198417663574219,2.2365050315856934,39,R2,3.1943240761756897,2.390684813261032
0.0,nan,nan,-0.2269739806652069,00000_001822_07,2.0,0.22865448892116547,0.027671098709106445,0.530984103679657,coef_energy_material_checkpoint_lambdas,0.0,4.197211742401123,2.2344799041748047,42,R2,3.2935602366924286,1.1170957386493683
0.0,nan,nan,8.16051959991455,00000_001822_07,2.0,8.338703155517578,6.982771396636963,0.8630342483520508,coef_energy_material_checkpoint_lambdas,0.0,4.160725116729736,2.2475454807281494,45,R2,3.2091935873031616,0.5574440956115723
0.0,nan,nan,0.5531489849090576,00000_001822_07,3.0,4.107408046722412,2.4867827892303467,0.9994910359382629,coef_energy_material_checkpoint_lambdas,0.0,4.130401611328125,2.2837331295013428,51,R2,4.146731913089752,3.8607032895088196
0.0,nan,nan,0.012856775894761086,00000_001822_07,5.0,0.060532521456480026,0.012856774963438511,0.9994812607765198,coef_energy_material_checkpoint_lambdas,0.0,4.131598949432373,2.2900631427764893,54,R2,4.0160859525203705,1.6606643795967102
0.0,nan,nan,7.281515121459961,00000_001822_07,1.0,7.281563758850098,7.281515121459961,0.993774950504303,coef_energy_material_checkpoint_lambdas,0.0,4.135132312774658,2.287130832672119,57,R2,4.389934420585632,0.5693983435630798
0.0,nan,nan,5.765517234802246,00000_001822_07,4.0,6.442873001098633,4.560286521911621,0.999330461025238,coef_energy_material_checkpoint_lambdas,1.0,4.070594787597656,2.346268653869629,63,R2,4.2411006689071655,4.400810897350311
0.0,nan,nan,-0.0001239392440766096,00000_001822_07,11.0,0.0009565188083797693,0.0001823487546062097,-0.49444127082824707,coef_energy_material_checkpoint_lambdas,0.0,4.019152641296387,2.3969550132751465,66,R2,4.384245455265045,4.400000095367432
0.0,nan,nan,-2.895708561823085e-09,00000_001822_07,14.0,3.141637394676877e-09,2.402734400330786e-10,0.0,coef_energy_material_checkpoint_lambdas,0.0,4.00872278213501,2.4073281288146973,69,R2,4.370986700057983,4.400000095367432
0.0,nan,nan,-9.541880360928318e-15,00000_001822_07,16.0,1.4906812221236743e-13,1.3811101242690305e-13,0.0,coef_energy_material_checkpoint_lambdas,0.0,4.1782708168029785,2.2771592140197754,72,R2,4.39999794960022,4.400000095367432
0.0,nan,nan,6.279230117797852,00000_001823_00,3.0,7.840165615081787,7.7596845626831055,0.6505066156387329,coef_energy_material_checkpoint_lambdas,0.0,4.20309591293335,2.273259162902832,0,R2,4.216098189353943,0.5541492700576782
0.0,nan,nan,4.130125045776367,00000_001823_00,3.0,5.857767581939697,5.857742786407471,0.9716720581054688,coef_energy_material_checkpoint_lambdas,0.0,4.19516134262085,2.255962371826172,3,R2,3.5579903721809387,0.526345431804657
0.0,nan,nan,4.993198394775391,00000_001823_00,5.0,6.432600498199463,6.398329734802246,-0.014363803900778294,coef_energy_material_checkpoint_lambdas,0.0,4.202107906341553,2.2376623153686523,6,R2,2.411900609731674,0.33764371275901794
0.0,nan,nan,0.8034366369247437,00000_001823_00,5.0,4.144384384155273,4.065761089324951,0.6518814563751221,coef_energy_material_checkpoint_lambdas,0.0,4.195303440093994,2.235980987548828,9,R2,2.037433922290802,2.037433922290802
0.0,nan,nan,3.877652406692505,00000_001823_00,3.0,4.28584098815918,4.284641265869141,0.9992568492889404,coef_energy_material_checkpoint_lambdas,0.0,4.1885986328125,2.244100332260132,12,R2,2.079476684331894,2.0637172162532806
0.0,nan,nan,0.7172703742980957,00000_001823_00,2.0,0.7227182984352112,0.7172704339027405,0.8586382865905762,coef_energy_material_checkpoint_lambdas,0.0,4.184035778045654,2.2396419048309326,15,R2,2.020309954881668,0.27710115909576416
0.0,nan,nan,4.032656669616699,00000_001823_00,1.0,7.0027689933776855,5.725072383880615,0.5536531209945679,coef_energy_material_checkpoint_lambdas,0.0,4.191055774688721,2.219822645187378,33,R2,3.2146677672863007,3.2146677672863007
0.0,nan,nan,0.3035831153392792,00000_001823_00,1.0,2.4887197017669678,2.4701342582702637,-0.5972943305969238,coef_energy_material_checkpoint_lambdas,0.0,4.189239025115967,2.224843740463257,36,R2,3.338151842355728,3.338151842355728
0.0,nan,nan,0.9174280762672424,00000_001823_00,1.0,2.470052480697632,2.2933566570281982,0.9951980113983154,coef_energy_material_checkpoint_lambdas,0.0,4.194737434387207,2.2304301261901855,39,R2,3.326844871044159,3.326844871044159
0.0,nan,nan,0.33839479088783264,00000_001823_00,2.0,0.37731432914733887,0.16689836978912354,0.9393913149833679,coef_energy_material_checkpoint_lambdas,1.0,4.178389549255371,2.2422306537628174,42,R2,3.2146677672863007,3.3647356927394867
0.0,nan,nan,0.8115729093551636,00000_001823_00,2.0,1.986354947090149,1.8129961490631104,-0.9993278384208679,coef_energy_material_checkpoint_lambdas,0.0,4.1949005126953125,2.233649492263794,45,R2,3.338151842355728,2.453604429960251
0.0,nan,nan,-0.09339684993028641,00000_001823_00,2.0,0.15206317603588104,0.12000098824501038,0.6912224292755127,coef_energy_material_checkpoint_lambdas,0.0,4.163877487182617,2.243299722671509,48,R2,3.326844871044159,1.3133510053157806
0.0,nan,nan,5.508233547210693,00000_001823_00,2.0,6.751348495483398,6.655350208282471,0.2980824112892151,coef_energy_material_checkpoint_lambdas,0.0,4.129842758178711,2.269071340560913,51,R2,3.8018732368946075,0.5566036105155945
0.0,nan,nan,-0.19035601615905762,00000_001823_00,2.0,3.8955960273742676,3.6310763359069824,0.9800816774368286,coef_energy_material_checkpoint_lambdas,0.0,4.126847267150879,2.2800896167755127,54,R2,3.9684351682662964,3.810908854007721
0.0,nan,nan,0.17436003684997559,00000_001823_00,3.0,0.22881586849689484,0.1743600219488144,0.9914168119430542,coef_energy_material_checkpoint_lambdas,0.0,4.127908706665039,2.2823376655578613,57,R2,4.195374935865402,1.6695483922958374
0.0,nan,nan,0.0016055891755968332,00000_001823_01,4.0,0.005829511675983667,0.0028273332864046097,-0.5221222639083862,coef_energy_material_checkpoint_lambdas,1.0,4.211391925811768,2.2570762634277344,0,R2,3.8579846024513245,3.999901205301285
0.0,nan,nan,0.003981462679803371,00000_001823_01,4.0,0.003981562796980143,2.8249109163880348e-05,0.9890412092208862,coef_energy_material_checkpoint_lambdas,0.0,4.202193737030029,2.247321128845215,3,R2,3.1325910687446594,3.1325910687446594
0.0,nan,nan,0.26381170749664307,00000_001823_01,3.0,0.5301851630210876,0.030290910974144936,0.999254047870636,coef_energy_material_checkpoint_lambdas,0.0,4.207274436950684,2.2449471950531006,6,R2,2.6176693439483643,2.3096558451652527
0.0,nan,nan,-0.3596455454826355,00000_001823_01,2.0,0.37073996663093567,0.0803239643573761,0.9999978542327881,coef_energy_material_checkpoint_lambdas,0.0,4.189913749694824,2.228170871734619,9,R2,3.8561133444309235,1.2747428119182587
0.0,nan,nan,0.27419358491897583,00000_001823_01,3.0,0.38232535123825073,0.005482248496264219,0.9826938509941101,coef_energy_material_checkpoint_lambdas,0.0,4.175365447998047,2.2169265747070312,12,R2,2.195527106523514,0.5196752548217773
0.0,nan,nan,4.029558181762695,00000_001823_01,1.0,6.99888801574707,5.722507476806641,0.5537787675857544,coef_energy_material_checkpoint_lambdas,0.0,4.188312530517578,2.224013566970825,33,R2,3.2146677672863007,3.2146677672863007
0.0,nan,nan,0.30359748005867004,00000_001823_01,1.0,2.4889988899230957,2.47041392326355,-0.5972879528999329,coef_energy_material_checkpoint_lambdas,0.0,4.189733982086182,2.225919246673584,36,R2,3.338151842355728,3.338151842355728
0.0,nan,nan,0.9176002740859985,00000_001823_01,1.0,2.470414638519287,2.293677806854248,0.995196521282196,coef_energy_material_checkpoint_lambdas,0.0,4.196052074432373,2.229705333709717,39,R2,3.326844871044159,3.326844871044159
0.0,nan,nan,0.33724445104599,00000_001823_01,2.0,0.3763747811317444,0.16710524260997772,0.9387572407722473,coef_energy_material_checkpoint_lambdas,1.0,4.189046859741211,2.23606538772583,42,R2,3.2146677672863007,3.3647356927394867
0.0,nan,nan,0.8094325065612793,00000_001823_01,2.0,1.981415867805481,1.8085429668426514,-0.9993253350257874,coef_energy_material_checkpoint_lambdas,0.0,4.192191123962402,2.2435786724090576,45,R2,3.338151842355728,2.453604429960251
0.0,nan,nan,-0.09437921643257141,00000_001823_01,2.0,0.1500328779220581,0.1166294515132904,0.6773900389671326,coef_energy_material_checkpoint_lambdas,0.0,4.182086944580078,2.233957529067993,48,R2,3.326844871044159,1.3133510053157806
0.0,nan,nan,7.153494834899902,00000_001823_01,2.0,7.559747219085693,6.787054538726807,0.7784502506256104,coef_energy_material_checkpoint_lambdas,0.0,4.180806636810303,2.2439465522766113,51,R2,3.3647356927394867,0.560863196849823
0.0,nan,nan,7.127346515655518,00000_001823_01,1.0,7.688424587249756,7.127346515655518,0.9978289008140564,coef_energy_material_checkpoint_lambdas,0.0,4.182184219360352,2.2590491771698,54,R2,4.402320384979248,0.6018400192260742
0.0,nan,nan,0.1680680513381958,00000_001823_01,5.0,0.3502981960773468,0.3073466420173645,-0.22249165177345276,coef_energy_material_checkpoint_lambdas,0.0,4.1736063957214355,2.278163433074951,60,R2,3.986420691013336,3.986420691013336
0.0,nan,nan,-0.27575016021728516,00000_001823_01,2.0,0.2765328288078308,0.10472383350133896,0.9999971985816956,coef_energy_material_checkpoint_lambdas,0.0,4.175060272216797,2.2809274196624756,63,R2,4.3082743883132935,3.8436904847621918
0.0,nan,nan,0.12217500805854797,00000_001823_01,2.0,0.24204008281230927,0.12217500805854797,0.9973417520523071,coef_energy_material_checkpoint_lambdas,0.0,4.1612749099731445,2.277292490005493,66,R2,4.258896470069885,2.4837615191936493
0.0,nan,nan,0.1958305686712265,00000_001823_01,3.0,0.21809664368629456,0.09600277990102768,-0.3115302324295044,coef_energy_material_checkpoint_lambdas,0.0,4.15358304977417,2.276252269744873,69,R2,3.986420691013336,0.9875674545764923
0.0,nan,nan,7.473674297332764,00000_001823_01,1.0,7.476594924926758,7.473674774169922,0.9061230421066284,coef_energy_material_checkpoint_lambdas,0.0,4.1373467445373535,2.2890610694885254,72,R2,4.393233597278595,0.572006344795227
0.0,nan,nan,4.998960971832275,00000_001823_01,4.0,5.243836402893066,4.654667377471924,0.9994164705276489,coef_energy_material_checkpoint_lambdas,0.0,4.128011703491211,2.35002064704895,78,R2,4.376897573471069,0.5772935152053833
0.0,nan,nan,6.125512599945068,00000_001823_07,4.0,6.879333972930908,4.907410621643066,0.9918566942214966,coef_energy_material_checkpoint_lambdas,0.0,4.174903392791748,2.1981284618377686,0,R2,2.0625895261764526,2.0570818185806274
0.0,nan,nan,1.6973483562469482,00000_001823_07,4.0,4.033511161804199,3.7875044345855713,0.9810625314712524,coef_energy_material_checkpoint_lambdas,0.0,4.177863121032715,2.2054240703582764,3,R2,2.006074398756027,0.264035165309906
0.0,nan,nan,7.157124042510986,00000_001823_07,1.0,7.788278579711914,7.232584476470947,0.9999627470970154,coef_energy_material_checkpoint_lambdas,0.0,4.176844596862793,2.200427293777466,6,R2,2.05157607793808,0.29454585909843445
0.0,nan,nan,-0.1734362542629242,00000_001823_07,1.0,0.1745842695236206,0.0199882872402668,0.9918935894966125,coef_energy_material_checkpoint_lambdas,0.0,4.200125217437744,2.2165987491607666,27,R2,3.1803967654705048,3.1803967654705048
0.0,nan,nan,0.1626233607530594,00000_001823_07,1.0,0.5260533094406128,0.37474173307418823,0.9581426978111267,coef_energy_material_checkpoint_lambdas,0.0,4.1902337074279785,2.228198528289795,30,R2,3.459059864282608,2.6835455298423767
0.0,nan,nan,0.32186996936798096,00000_001823_07,1.0,3.8752522468566895,3.8618621826171875,0.28865423798561096,coef_energy_material_checkpoint_lambdas,0.0,4.195440292358398,2.2404861450195312,33,R2,3.0604480504989624,1.6370117962360382
0.0,nan,nan,1.2500228881835938,00000_001823_07,1.0,3.270908832550049,3.0226292610168457,-0.9765416383743286,coef_energy_material_checkpoint_lambdas,0.0,4.166051387786865,2.2832562923431396,36,R2,3.1803967654705048,0.34714841842651367
0.0,nan,nan,7.845866680145264,00000_001823_07,1.0,7.849503993988037,7.845866680145264,0.9674466252326965,coef_energy_material_checkpoint_lambdas,0.0,4.124083995819092,2.320775032043457,39,R2,3.7383203208446503,0.39303889870643616
0.0,nan,nan,4.05805778503418,00000_001823_07,2.0,5.771480083465576,5.771389007568359,0.9871930480003357,coef_energy_material_checkpoint_lambdas,0.0,4.136117935180664,2.3460898399353027,48,R2,4.4020915031433105,0.5617870092391968
0.0,nan,nan,3.495392322540283,00000_001823_07,7.0,3.907539129257202,2.762441635131836,0.9997619390487671,coef_energy_material_checkpoint_lambdas,0.0,4.128726959228516,2.3593015670776367,51,R2,4.400024116039276,4.400029182434082
0.0,nan,nan,4.4796342990593985e-05,00000_001823_07,10.0,8.686060027685016e-05,2.094573574140668e-05,0.0,coef_energy_material_checkpoint_lambdas,0.0,4.276084899902344,2.2520806789398193,54,R2,4.400000095367432,4.400000095367432
0.0,nan,nan,6.338082313537598,00000_001824_01,1.0,6.6833624839782715,5.981042385101318,0.8357738256454468,coef_energy_material_checkpoint_lambdas,0.0,4.199785232543945,2.2770612239837646,0,R2,4.270744740962982,0.49298083782196045
0.0,nan,nan,6.577401161193848,00000_001824_01,4.0,7.687844753265381,7.662936210632324,0.9990102052688599,coef_energy_material_checkpoint_lambdas,0.0,4.183213233947754,2.2675023078918457,3,R2,3.991858333349228,0.4557575583457947
0.0,nan,nan,4.031478404998779,00000_001824_01,5.0,7.430426120758057,7.264211177825928,-0.16432400047779083,coef_energy_material_checkpoint_lambdas,0.0,4.201798915863037,2.2439212799072266,6,R2,2.412261486053467,0.35315266251564026
0.0,nan,nan,1.7963509559631348,00000_001824_01,4.0,4.058775901794434,3.639613628387451,0.8757635951042175,coef_energy_material_checkpoint_lambdas,0.0,4.187841415405273,2.24031400680542,9,R2,2.032036066055298,2.032036066055298
0.0,nan,nan,3.8702728748321533,00000_001824_01,3.0,4.278692245483398,4.2775444984436035,0.9996179938316345,coef_energy_material_checkpoint_lambdas,0.0,4.18214225769043,2.2496471405029297,12,R2,2.0555380284786224,2.056042432785034
0.0,nan,nan,1.3339364528656006,00000_001824_01,2.0,1.3859710693359375,1.3339364528656006,0.9628541469573975,coef_energy_material_checkpoint_lambdas,0.0,4.178116321563721,2.2472288608551025,15,R2,2.017636477947235,0.2785015106201172
0.0,nan,nan,3.364426374435425,00000_001824_01,1.0,6.6494550704956055,5.735494136810303,0.5677018761634827,coef_energy_material_checkpoint_lambdas,0.0,4.185774326324463,2.225592613220215,33,R2,3.21189546585083,3.21189546585083
0.0,nan,nan,-0.4086947739124298,00000_001824_01,1.0,4.388430595397949,4.369358062744141,0.8653350472450256,coef_energy_material_checkpoint_lambdas,0.0,4.1950154304504395,2.2290563583374023,36,R2,3.2706809639930725,3.2706809639930725
0.0,nan,nan,0.4419448971748352,00000_001824_01,1.0,1.4711545705795288,1.4032037258148193,-0.8605806827545166,coef_energy_material_checkpoint_lambdas,0.0,4.181416988372803,2.23842716217041,39,R2,3.4109268188476562,3.4109268188476562
0.0,nan,nan,-0.29438936710357666,00000_001824_01,1.0,0.45756983757019043,0.35029280185699463,0.9862455129623413,coef_energy_material_checkpoint_lambdas,0.0,4.1795759201049805,2.2722113132476807,42,R2,3.21189546585083,3.258298546075821
0.0,nan,nan,0.19722895324230194,00000_001824_01,1.0,0.22938552498817444,0.05664147436618805,0.5487310290336609,coef_energy_material_checkpoint_lambdas,0.0,4.115795612335205,2.3207435607910156,45,R2,3.2706809639930725,1.216610848903656
0.0,nan,nan,0.7854341864585876,00000_001824_01,3.0,0.9958401322364807,0.33240923285484314,0.9343590140342712,coef_energy_material_checkpoint_lambdas,0.0,4.137608528137207,2.347656726837158,57,R2,4.401579022407532,4.403252303600311
0.0,nan,nan,0.34385836124420166,00000_001824_01,6.0,0.3844575583934784,0.27186983823776245,0.999968945980072,coef_energy_material_checkpoint_lambdas,0.0,4.137627124786377,2.357403516769409,60,R2,4.4000038504600525,4.402783572673798
0.0,nan,nan,0.0,00000_001824_01,6.0,0.39091596007347107,0.2764193117618561,1.0,coef_energy_material_checkpoint_lambdas,0.0,4.2092461585998535,2.2976861000061035,63,R2,4.40006023645401,4.402807593345642
0.0,nan,nan,2.422309637069702,00000_001824_01,9.0,2.717747211456299,1.232301115989685,0.9979531168937683,coef_energy_material_checkpoint_lambdas,0.0,4.231409072875977,2.2562525272369385,66,R2,4.400014638900757,4.400014638900757
0.0,nan,nan,-3.349901089677587e-05,00000_001824_01,12.0,0.0006430422654375434,3.349901089677587e-05,0.0,coef_energy_material_checkpoint_lambdas,0.0,4.279778957366943,2.2401552200317383,69,R2,4.400000095367432,4.400000095367432
0.0,nan,nan,4.0700557292439044e-05,00000_001824_01,13.0,4.1268714994657785e-05,2.395410956523847e-05,0.0,coef_energy_material_checkpoint_lambdas,0.0,4.332747936248779,2.2016117572784424,72,R2,4.400000095367432,4.400000095367432
0.0,nan,nan,0.04474126547574997,00000_001824_06,5.0,0.046654921025037766,0.0081801051273942,0.9967766404151917,coef_energy_material_checkpoint_lambdas,0.0,4.210580348968506,2.2476415634155273,0,R2,2.8317004442214966,2.8321361243724823
0.0,nan,nan,-0.6552191972732544,00000_001824_06,2.0,0.7395655512809753,0.01376034040004015,0.9996118545532227,coef_energy_material_checkpoint_lambdas,0.0,4.197534561157227,2.242342948913574,3,R2,4.224268317222595,1.8984350860118866
0.0,nan,nan,-0.12268993258476257,00000_001824_06,2.0,0.12464074790477753,0.03522178530693054,0.999995768070221,coef_energy_material_checkpoint_lambdas,0.0,4.185009002685547,2.217219829559326,6,R2,3.4394979178905487,1.0306951701641083
0.0,nan,nan,2.537803888320923,00000_001824_06,4.0,4.195021152496338,0.5674664378166199,0.9990537166595459,coef_energy_material_checkpoint_lambdas,0.0,4.180503845214844,2.219097137451172,9,R2,2.054825395345688,0.27808311581611633
0.0,nan,nan,1.5635197162628174,00000_001824_06,1.0,3.7552597522735596,3.4142909049987793,-0.9247216582298279,coef_energy_material_checkpoint_lambdas,0.0,4.199014186859131,2.2240681648254395,30,R2,3.249377280473709,3.249377280473709
0.0,nan,nan,-0.015598428435623646,00000_001824_06,1.0,4.468420505523682,4.468393325805664,0.9987012147903442,coef_energy_material_checkpoint_lambdas,0.0,4.182285785675049,2.233372449874878,33,R2,3.305520087480545,3.305520087480545
0.0,nan,nan,-0.07457461953163147,00000_001824_06,1.0,0.16974788904190063,0.15248924493789673,0.9080625176429749,coef_energy_material_checkpoint_lambdas,0.0,4.197021007537842,2.23919415473938,36,R2,3.3444840908050537,3.3444840908050537
0.0,nan,nan,-0.15017464756965637,00000_001824_06,1.0,0.4123670160770416,0.384049654006958,0.995812714099884,coef_energy_material_checkpoint_lambdas,0.0,4.180922031402588,2.2448678016662598,39,R2,3.249377280473709,2.85396870970726
0.0,nan,nan,0.23128825426101685,00000_001824_06,2.0,0.3080383539199829,0.20345360040664673,0.24024011194705963,coef_energy_material_checkpoint_lambdas,0.0,4.1959028244018555,2.234766721725464,42,R2,3.305520087480545,1.6315340101718903
0.0,nan,nan,3.561844825744629,00000_001824_06,1.0,3.56207275390625,0.040283918380737305,0.5252060294151306,coef_energy_material_checkpoint_lambdas,0.0,4.164583206176758,2.250971555709839,45,R2,3.3444840908050537,0.4412898123264313
0.0,nan,nan,4.952098846435547,00000_001824_06,1.0,7.647830009460449,7.035669803619385,0.9543168544769287,coef_energy_material_checkpoint_lambdas,0.0,4.17264986038208,2.2506489753723145,48,R2,4.095853686332703,0.6107539534568787
0.0,nan,nan,-0.04167069122195244,00000_001824_06,3.0,0.06519206613302231,0.0553864985704422,-0.28621071577072144,coef_energy_material_checkpoint_lambdas,0.0,4.176815986633301,2.2649500370025635,54,R2,4.116069197654724,1.6675658822059631
0.0,nan,nan,3.6107497215270996,00000_001824_06,3.0,6.660643100738525,5.732616901397705,0.9038541913032532,coef_energy_material_checkpoint_lambdas,0.0,4.134363651275635,2.2859201431274414,57,R2,4.0002782344818115,0.5555529594421387
0.0,nan,nan,4.570953369140625,00000_001824_06,2.0,6.461381435394287,4.570953369140625,0.9998435378074646,coef_energy_material_checkpoint_lambdas,0.0,4.08766508102417,2.3158931732177734,60,R2,4.33556592464447,4.390227913856506
0.0,nan,nan,-0.01724332943558693,00000_001824_06,6.0,0.050994373857975006,0.05098066106438637,-0.38299450278282166,coef_energy_material_checkpoint_lambdas,1.0,4.071197509765625,2.3366479873657227,63,R2,4.266951143741608,4.388179361820221
0.0,nan,nan,0.09463945031166077,00000_001824_06,10.0,0.09807025641202927,0.09463945031166077,0.999397337436676,coef_energy_material_checkpoint_lambdas,1.0,4.02326774597168,2.38930606842041,66,R2,4.274292886257172,4.398897469043732
0.0,nan,nan,1.920537033583969e-05,00000_001824_06,13.0,1.9509836420184e-05,3.4332961149630137e-06,0.03334462270140648,coef_energy_material_checkpoint_lambdas,0.0,4.011991024017334,2.399854898452759,69,R2,4.3847463726997375,4.400000095367432
0.0,nan,nan,-8.791549085951367e-12,00000_001824_06,16.0,8.791549953313105e-12,2.776193771397706e-12,0.0,coef_energy_material_checkpoint_lambdas,0.0,4.022908687591553,2.392732858657837,72,R2,4.377509713172913,4.400000095367432
0.0,nan,nan,-3.719199910407465e-17,00000_001824_06,16.0,4.3675841100681756e-17,2.2898344588937933e-17,0.0,coef_energy_material_checkpoint_lambdas,0.0,4.181938648223877,2.271713972091675,75,R2,4.400000095367432,4.400000095367432
0.0,nan,nan,-1.0929700607963678e-20,00000_001824_06,16.0,2.1056051806068951e-19,1.4095957676652295e-19,0.0,coef_energy_material_checkpoint_lambdas,0.0,4.359421253204346,2.2127742767333984,78,R2,4.400000095367432,4.400000095367432
0.0,nan,nan,6.338082313537598,00000_001824_07,1.0,6.6833624839782715,2.120389223098755,0.8357738256454468,coef_energy_material_checkpoint_lambdas,0.0,4.199785232543945,2.2770612239837646,0,R2,4.270744740962982,4.270744740962982
0.0,nan,nan,1.590177059173584,00000_001824_07,4.0,3.321232795715332,3.186211109161377,-0.9943738579750061,coef_energy_material_checkpoint_lambdas,0.0,4.199219703674316,2.2541048526763916,3,R2,3.539017975330353,0.4777219593524933
0.0,nan,nan,4.031478404998779,00000_001824_07,5.0,7.430426120758057,7.264211177825928,-0.16432400047779083,coef_energy_material_checkpoint_lambdas,0.0,4.201798915863037,2.2439212799072266,6,R2,2.412261486053467,0.35315266251564026
0.0,nan,nan,1.7960848808288574,00000_001824_07,4.0,4.058144569396973,3.63904070854187,0.875765323638916,coef_energy_material_checkpoint_lambdas,0.0,4.187161922454834,2.24019455909729,9,R2,2.032036066055298,2.032036066055298
0.0,nan,nan,3.8702728748321533,00000_001824_07,3.0,4.278692245483398,4.2775444984436035,0.9996179938316345,coef_energy_material_checkpoint_lambdas,0.0,4.18214225769043,2.2496471405029297,12,R2,2.0555380284786224,2.056042432785034
0.0,nan,nan,1.3333474397659302,00000_001824_07,2.0,1.3853684663772583,1.3333474397659302,0.9628605246543884,coef_energy_material_checkpoint_lambdas,0.0,4.175944805145264,2.2480978965759277,15,R2,2.017636477947235,0.2785015106201172
0.0,nan,nan,3.3618834018707275,00000_001824_07,1.0,6.6445841789245605,5.7313385009765625,0.5677131414413452,coef_energy_material_checkpoint_lambdas,0.0,4.182668685913086,2.2259199619293213,33,R2,3.21189546585083,3.21189546585083
0.0,nan,nan,-0.40982550382614136,00000_001824_07,1.0,4.395810604095459,4.376664638519287,0.8652844429016113,coef_energy_material_checkpoint_lambdas,0.0,4.202805042266846,2.227324962615967,36,R2,3.2706809639930725,3.2706809639930725
0.0,nan,nan,0.44211870431900024,00000_001824_07,1.0,1.4713164567947388,1.4033186435699463,-0.8606260418891907,coef_energy_material_checkpoint_lambdas,0.0,4.181246757507324,2.236868381500244,39,R2,3.4109268188476562,3.4109268188476562
0.0,nan,nan,-0.29455995559692383,00000_001824_07,1.0,0.457988977432251,0.35069695115089417,0.98629230260849,coef_energy_material_checkpoint_lambdas,0.0,4.176351070404053,2.2738475799560547,42,R2,3.21189546585083,3.258298546075821
0.0,nan,nan,0.1970546394586563,00000_001824_07,1.0,0.22943855822086334,0.056237757205963135,0.547163188457489,coef_energy_material_checkpoint_lambdas,0.0,4.121804714202881,2.318692445755005,45,R2,3.2706809639930725,1.216610848903656
0.0,nan,nan,0.798458456993103,00000_001824_07,3.0,1.0116881132125854,0.336894154548645,0.9340577721595764,coef_energy_material_checkpoint_lambdas,0.0,4.212757110595703,2.266500473022461,57,R2,4.401579022407532,4.403252303600311
0.0,nan,nan,0.046458370983600616,00000_001824_07,6.0,0.04678361490368843,0.015851223841309547,0.9992914795875549,coef_energy_material_checkpoint_lambdas,0.0,4.239887237548828,2.253084421157837,60,R2,4.400000631809235,4.40760201215744
0.0,nan,nan,0.004502239637076855,00000_001824_07,6.0,0.004783733282238245,0.004326792433857918,0.9852254986763,coef_energy_material_checkpoint_lambdas,0.0,4.309885025024414,2.2086997032165527,63,R2,4.400000810623169,2.7576016783714294
0.0,nan,nan,6.90946102142334,00000_001825_00,1.0,7.249375343322754,6.909461975097656,0.999712347984314,coef_energy_material_checkpoint_lambdas,0.0,4.188993453979492,2.278672933578491,0,R2,4.253796100616455,0.4428735375404358
0.0,nan,nan,3.460315704345703,00000_001825_00,5.0,3.5886244773864746,3.5203099250793457,-0.33106327056884766,coef_energy_material_checkpoint_lambdas,0.0,4.195563316345215,2.239971399307251,3,R2,2.33820378780365,2.056286484003067
0.0,nan,nan,0.3737886846065521,00000_001825_00,5.0,0.3877587616443634,0.3737886846065521,0.300019770860672,coef_energy_material_checkpoint_lambdas,0.0,4.194678783416748,2.2396225929260254,6,R2,2.0393746197223663,1.2642468810081482
0.0,nan,nan,0.20659369230270386,00000_001825_00,4.0,0.2997821569442749,0.08763527870178223,0.9876521229743958,coef_energy_material_checkpoint_lambdas,0.0,4.187301158905029,2.247819423675537,9,R2,2.023806005716324,0.5137324631214142
0.0,nan,nan,3.7062134742736816,00000_001825_00,1.0,7.005380630493164,5.944690227508545,0.9829656481742859,coef_energy_material_checkpoint_lambdas,0.0,4.199119567871094,2.2239859104156494,30,R2,3.070921868085861,3.070921868085861
0.0,nan,nan,0.2497270703315735,00000_001825_00,1.0,4.108438968658447,4.100842475891113,0.8449435830116272,coef_energy_material_checkpoint_lambdas,0.0,4.182098388671875,2.2301838397979736,33,R2,3.262023389339447,3.262023389339447
0.0,nan,nan,0.8187304735183716,00000_001825_00,1.0,1.3964256048202515,1.1312315464019775,0.4821168780326843,coef_energy_material_checkpoint_lambdas,0.0,4.199313640594482,2.233947515487671,36,R2,3.433288097381592,3.433288097381592
0.0,nan,nan,-0.164073184132576,00000_001825_00,1.0,0.19232238829135895,0.100338876247406,0.7203301191329956,coef_energy_material_checkpoint_lambdas,0.0,4.1799821853637695,2.238072156906128,39,R2,3.070921868085861,3.1288128197193146
0.0,nan,nan,0.2597280442714691,00000_001825_00,2.0,0.382888525724411,0.28132712841033936,0.6136465668678284,coef_energy_material_checkpoint_lambdas,0.0,4.1909990310668945,2.237774133682251,42,R2,3.262023389339447,1.8531458675861359
0.0,nan,nan,1.9820619821548462,00000_001825_00,2.0,2.2100188732147217,0.9775552749633789,0.18550024926662445,coef_energy_material_checkpoint_lambdas,0.0,4.1887431144714355,2.2393531799316406,45,R2,3.433288097381592,0.5032744407653809
0.0,nan,nan,4.3537373542785645,00000_001825_00,1.0,6.99265193939209,5.47194242477417,0.996890664100647,coef_energy_material_checkpoint_lambdas,0.0,4.176837921142578,2.268470287322998,54,R2,4.090335339307785,4.090335339307785
0.0,nan,nan,0.26936987042427063,00000_001825_00,1.0,0.28510844707489014,0.036911360919475555,0.9646368622779846,coef_energy_material_checkpoint_lambdas,0.0,4.274131774902344,2.2058706283569336,57,R2,4.232813626527786,4.1177307069301605
0.0,nan,nan,0.02923024632036686,00000_001825_02,5.0,0.032212503254413605,0.0009647160768508911,0.9998509287834167,coef_energy_material_checkpoint_lambdas,0.0,4.203369140625,2.247969627380371,0,R2,2.7904206216335297,2.8625424206256866
0.0,nan,nan,-0.7481528520584106,00000_001825_02,2.0,0.8470581769943237,0.020690299570560455,0.9997096657752991,coef_energy_material_checkpoint_lambdas,0.0,4.193610191345215,2.2433650493621826,3,R2,4.238647222518921,1.8765635788440704
0.0,nan,nan,-0.055429358035326004,00000_001825_02,3.0,0.06221308186650276,0.0004786628996953368,0.999971330165863,coef_energy_material_checkpoint_lambdas,0.0,4.182270526885986,2.218717336654663,6,R2,3.3605747520923615,1.0281828939914703
0.0,nan,nan,2.5367257595062256,00000_001825_02,4.0,4.192898273468018,0.566922664642334,0.99900883436203,coef_energy_material_checkpoint_lambdas,0.0,4.1865386962890625,2.2240142822265625,9,R2,2.0471159517765045,0.2759527862071991
0.0,nan,nan,3.7032952308654785,00000_001825_02,1.0,6.999708652496338,5.939825057983398,0.9829682111740112,coef_energy_material_checkpoint_lambdas,0.0,4.195405960083008,2.224889039993286,30,R2,3.070921868085861,3.070921868085861
0.0,nan,nan,0.24937333166599274,00000_001825_02,1.0,4.1046857833862305,4.097103595733643,0.8449599742889404,coef_energy_material_checkpoint_lambdas,0.0,4.178074836730957,2.2300806045532227,33,R2,3.262023389339447,3.262023389339447
0.0,nan,nan,0.8181980848312378,00000_001825_02,1.0,1.3957557678222656,1.1307899951934814,0.48222506046295166,coef_energy_material_checkpoint_lambdas,0.0,4.197013854980469,2.234570026397705,36,R2,3.433288097381592,3.433288097381592
0.0,nan,nan,-0.16405999660491943,00000_001825_02,1.0,0.19237209856510162,0.10045565664768219,0.7207139730453491,coef_energy_material_checkpoint_lambdas,0.0,4.1786580085754395,2.2386322021484375,39,R2,3.070921868085861,3.1288128197193146
0.0,nan,nan,0.25989726185798645,00000_001825_02,2.0,0.383145272731781,0.28152036666870117,0.6136326789855957,coef_energy_material_checkpoint_lambdas,0.0,4.193867206573486,2.23921537399292,42,R2,3.262023389339447,1.8531458675861359
0.0,nan,nan,1.9790232181549072,00000_001825_02,2.0,2.205928325653076,0.9744671583175659,0.1861351877450943,coef_energy_material_checkpoint_lambdas,0.0,4.180478572845459,2.241995096206665,45,R2,3.433288097381592,0.5032744407653809
0.0,nan,nan,5.781566619873047,00000_001825_02,3.0,6.887854099273682,6.668768405914307,0.9334770441055298,coef_energy_material_checkpoint_lambdas,0.0,4.233235836029053,2.254459857940674,57,R2,4.209052503108978,1.5196632742881775
0.0,nan,nan,0.002681709360331297,00000_001825_04,4.0,0.005468147341161966,0.0014733941061422229,-0.29716938734054565,coef_energy_material_checkpoint_lambdas,1.0,4.21464204788208,2.2527029514312744,0,R2,3.822021871805191,4.045201301574707
0.0,nan,nan,0.0036629056558012962,00000_001825_04,5.0,0.003949054516851902,0.0003180552157573402,0.9996374249458313,coef_energy_material_checkpoint_lambdas,0.0,4.192330360412598,2.2349672317504883,3,R2,3.066024035215378,3.1621310710906982
0.0,nan,nan,0.2319396436214447,00000_001825_04,2.0,0.490404337644577,0.014217291958630085,0.999608039855957,coef_energy_material_checkpoint_lambdas,0.0,4.194302082061768,2.2322421073913574,6,R2,2.4957995116710663,2.321725010871887
0.0,nan,nan,-0.0130414217710495,00000_001825_04,3.0,0.30444079637527466,0.0130414217710495,0.9764595627784729,coef_energy_material_checkpoint_lambdas,0.0,4.201788425445557,2.2325851917266846,9,R2,2.1214277744293213,1.2639961242675781
0.0,nan,nan,0.08561086654663086,00000_001825_04,4.0,0.19460472464561462,0.0015832814387977123,0.9327894449234009,coef_energy_material_checkpoint_lambdas,0.0,4.188117504119873,2.218705654144287,12,R2,2.0478519797325134,0.512976199388504
0.0,nan,nan,0.23037603497505188,00000_001825_04,1.0,4.486271858215332,4.480352878570557,0.9511545300483704,coef_energy_material_checkpoint_lambdas,0.0,4.203799724578857,2.2289280891418457,36,R2,3.164988934993744,3.164988934993744
0.0,nan,nan,-0.8575111627578735,00000_001825_04,1.0,2.459221601486206,2.3048741817474365,0.28274354338645935,coef_energy_material_checkpoint_lambdas,0.0,4.1760334968566895,2.2339091300964355,39,R2,3.4604705572128296,3.4604705572128296
0.0,nan,nan,0.3893822729587555,00000_001825_04,2.0,0.5693396329879761,0.4153662323951721,0.9519652724266052,coef_energy_material_checkpoint_lambdas,0.0,4.172029972076416,2.232036828994751,45,R2,3.164988934993744,2.32823845744133
0.0,nan,nan,-0.2342527061700821,00000_001825_04,1.0,0.5224587321281433,0.3689577281475067,0.9794219732284546,coef_energy_material_checkpoint_lambdas,0.0,4.139529705047607,2.2585694789886475,48,R2,3.828421801328659,4.024765104055405
0.0,nan,nan,1.8898606300354004,00000_001825_04,2.0,2.7304229736328125,2.7298245429992676,0.9952336549758911,coef_energy_material_checkpoint_lambdas,0.0,4.141540050506592,2.2688655853271484,51,R2,4.138121068477631,2.0858203172683716
0.0,nan,nan,4.654768943786621,00000_001825_04,1.0,6.632673263549805,4.724984169006348,0.9766925573348999,coef_energy_material_checkpoint_lambdas,0.0,4.161668300628662,2.262873888015747,54,R2,3.9622389674186707,0.576877236366272
0.0,nan,nan,5.918701648712158,00000_001825_04,2.0,6.226059436798096,6.22593879699707,0.9739071130752563,coef_energy_material_checkpoint_lambdas,0.0,4.165074825286865,2.2786972522735596,57,R2,4.272550880908966,0.5671029686927795
0.0,nan,nan,4.702117443084717,00000_001825_04,2.0,6.7130231857299805,6.712728500366211,0.9631214141845703,coef_energy_material_checkpoint_lambdas,0.0,4.214212894439697,2.248314380645752,60,R2,4.394187152385712,0.5507452487945557
0.0,nan,nan,0.41239896416664124,00000_001825_04,6.0,0.4489525854587555,0.33512404561042786,0.8391126990318298,coef_energy_material_checkpoint_lambdas,0.0,4.322385311126709,2.1904754638671875,63,R2,4.375545382499695,4.400025844573975
0.0,nan,nan,0.002681709360331297,00000_001825_06,4.0,0.005468147341161966,0.0014733941061422229,-0.29716938734054565,coef_energy_material_checkpoint_lambdas,1.0,4.21464204788208,2.2527029514312744,0,R2,3.822021871805191,4.045201301574707
0.0,nan,nan,0.0036846681032329798,00000_001825_06,5.0,0.003972711507230997,0.0003194790333509445,0.9996408224105835,coef_energy_material_checkpoint_lambdas,0.0,4.198403358459473,2.248271942138672,3,R2,3.066024035215378,3.1621310710906982
0.0,nan,nan,0.23317471146583557,00000_001825_06,2.0,0.4931146204471588,0.014242810197174549,0.9996110796928406,coef_energy_material_checkpoint_lambdas,0.0,4.201273441314697,2.244525194168091,6,R2,2.4957995116710663,2.321725010871887
0.0,nan,nan,-0.29080334305763245,00000_001825_06,3.0,0.3272151052951813,0.004122136160731316,0.9999221563339233,coef_energy_material_checkpoint_lambdas,0.0,4.182992935180664,2.224109411239624,9,R2,3.8031830489635468,1.2793965339660645
0.0,nan,nan,0.1466919630765915,00000_001825_06,4.0,0.3999505341053009,0.035192977637052536,0.9969119429588318,coef_energy_material_checkpoint_lambdas,0.0,4.174448013305664,2.2153220176696777,12,R2,2.0785345435142517,0.5280831158161163
0.0,nan,nan,0.2301115244626999,00000_001825_06,1.0,4.479214668273926,4.473299980163574,0.9511613845825195,coef_energy_material_checkpoint_lambdas,0.0,4.196903705596924,2.227074384689331,36,R2,3.164988934993744,3.164988934993744
0.0,nan,nan,-0.8577184081077576,00000_001825_06,1.0,2.4580750465393066,2.3035736083984375,0.2829962968826294,coef_energy_material_checkpoint_lambdas,0.0,4.17376184463501,2.236234426498413,39,R2,3.4604705572128296,3.4604705572128296
0.0,nan,nan,0.39195457100868225,00000_001825_06,2.0,0.5725350379943848,0.4173343777656555,0.9522485136985779,coef_energy_material_checkpoint_lambdas,0.0,4.183356285095215,2.2471871376037598,45,R2,3.164988934993744,2.32823845744133
0.0,nan,nan,0.020174264907836914,00000_001825_06,2.0,0.2300206422805786,0.2291342318058014,0.9478533864021301,coef_energy_material_checkpoint_lambdas,0.0,4.19189977645874,2.2367970943450928,48,R2,3.4604705572128296,0.9483759701251984
0.0,nan,nan,5.146036624908447,00000_001825_06,1.0,7.9651899337768555,7.321672439575195,0.9776791334152222,coef_energy_material_checkpoint_lambdas,0.0,4.177775859832764,2.2909350395202637,54,R2,4.358226895332336,0.6027705073356628
0.0,nan,nan,6.644233703613281,00000_001825_06,2.0,7.251685619354248,6.6442341804504395,0.9866797924041748,coef_energy_material_checkpoint_lambdas,0.0,4.102958679199219,2.368818521499634,60,R2,4.249882161617279,0.534050464630127
0.0,nan,nan,2.9175772666931152,00000_001825_06,2.0,5.7333173751831055,5.604798793792725,0.956721305847168,coef_energy_material_checkpoint_lambdas,0.0,4.128925800323486,2.340949535369873,63,R2,4.214456617832184,0.549189567565918
0.0,nan,nan,1.8552396297454834,00000_001825_06,3.0,1.8588066101074219,1.7236368656158447,0.9948448538780212,coef_energy_material_checkpoint_lambdas,0.0,4.1445136070251465,2.3326728343963623,66,R2,4.400180876255035,1.6866973042488098
0.0,nan,nan,5.987959861755371,00000_001825_06,2.0,6.704970359802246,4.726688385009766,0.9964247345924377,coef_energy_material_checkpoint_lambdas,0.0,4.199592113494873,2.298729419708252,69,R2,4.400852978229523,0.5990763902664185
0.0,nan,nan,5.612392425537109,00000_001827_00,4.0,7.926173686981201,7.92616605758667,-0.974030613899231,coef_energy_material_checkpoint_lambdas,0.0,4.1852874755859375,2.2094976902008057,3,R2,3.8053443133831024,0.405303418636322
0.0,nan,nan,2.7559452056884766,00000_001827_00,5.0,2.770761728286743,0.6000315546989441,0.31552934646606445,coef_energy_material_checkpoint_lambdas,1.0,4.169088363647461,2.1971757411956787,6,R2,2.0988064408302307,2.346051812171936
0.0,nan,nan,0.40079665184020996,00000_001827_00,3.0,0.6439926028251648,0.6049476861953735,0.9999998211860657,coef_energy_material_checkpoint_lambdas,0.0,4.193845272064209,2.203505516052246,9,R2,2.0198808014392853,1.80604887008667
0.0,nan,nan,0.010249605402350426,00000_001827_00,4.0,0.01210953388363123,0.012051495723426342,0.4853050112724304,coef_energy_material_checkpoint_lambdas,0.0,4.183110237121582,2.237971067428589,12,R2,2.0444789230823517,1.013380080461502
0.0,nan,nan,0.5257053375244141,00000_001827_00,3.0,1.773577094078064,0.8260200619697571,0.9689897298812866,coef_energy_material_checkpoint_lambdas,0.0,4.186039447784424,2.2295303344726562,15,R2,2.0228112041950226,0.2606806457042694
0.0,nan,nan,3.455106735229492,00000_001827_00,1.0,7.044703006744385,6.139224529266357,0.9096368551254272,coef_energy_material_checkpoint_lambdas,0.0,4.178248405456543,2.235870838165283,39,R2,3.661234349012375,3.661234349012375
0.0,nan,nan,0.29794538021087646,00000_001827_00,1.0,0.7892219424247742,0.7308213114738464,0.9826751947402954,coef_energy_material_checkpoint_lambdas,0.0,4.191173553466797,2.237389326095581,42,R2,3.6752063930034637,3.6752063930034637
0.0,nan,nan,-0.13698314130306244,00000_001827_00,2.0,0.5174792408943176,0.4990193843841553,0.9853516817092896,coef_energy_material_checkpoint_lambdas,0.0,4.184359550476074,2.237222194671631,48,R2,3.661234349012375,2.454566091299057
0.0,nan,nan,0.5191792845726013,00000_001827_00,2.0,0.6211534142494202,0.34100496768951416,0.9667372703552246,coef_energy_material_checkpoint_lambdas,0.0,4.152103424072266,2.2566351890563965,51,R2,3.6752063930034637,1.0875659584999084
0.0,nan,nan,-0.1050119400024414,00000_001827_00,3.0,2.0307798385620117,1.8907817602157593,0.9902560114860535,coef_energy_material_checkpoint_lambdas,1.0,4.124454975128174,2.273270606994629,54,R2,3.7040909230709076,4.399022102355957
0.0,nan,nan,0.09370037168264389,00000_001827_00,5.0,0.09378884732723236,0.09370037168264389,0.9877983331680298,coef_energy_material_checkpoint_lambdas,0.0,4.152121067047119,2.2689530849456787,57,R2,4.04717156291008,3.880935251712799
0.0,nan,nan,2.749004364013672,00000_001827_00,5.0,2.75193452835083,2.749004602432251,0.9975986480712891,coef_energy_material_checkpoint_lambdas,0.0,4.172309398651123,2.2626426219940186,60,R2,4.381548166275024,1.6790074706077576
0.0,nan,nan,5.903016567230225,00000_001827_00,5.0,8.010772705078125,7.00422477722168,0.9998640418052673,coef_energy_material_checkpoint_lambdas,0.0,4.269540786743164,2.2022204399108887,63,R2,4.255961716175079,0.5905562043190002
0.0,nan,nan,0.048108723014593124,00000_001827_01,5.0,0.05488523095846176,0.026418544352054596,0.9988256692886353,coef_energy_material_checkpoint_lambdas,0.0,4.212815284729004,2.241886854171753,0,R2,2.863491654396057,2.863491654396057
0.0,nan,nan,-0.6178345680236816,00000_001827_01,2.0,0.8274562358856201,0.21600830554962158,0.8893945217132568,coef_energy_material_checkpoint_lambdas,0.0,4.196621417999268,2.223904609680176,3,R2,4.249672532081604,1.8653636276721954
0.0,nan,nan,-0.06297875940799713,00000_001827_01,2.0,0.07067932933568954,0.0005298950709402561,0.996723473072052,coef_energy_material_checkpoint_lambdas,0.0,4.205460071563721,2.2186501026153564,6,R2,3.4794352650642395,1.013035625219345
0.0,nan,nan,0.29586508870124817,00000_001827_01,4.0,0.44805625081062317,0.02871853858232498,0.9496857523918152,coef_energy_material_checkpoint_lambdas,0.0,4.168370246887207,2.259664535522461,9,R2,2.0348376035690308,0.5131192207336426
0.0,nan,nan,1.2570178508758545,00000_001827_01,1.0,2.8795180320739746,2.5906620025634766,0.9999998211860657,coef_energy_material_checkpoint_lambdas,0.0,4.179283618927002,2.2409262657165527,36,R2,3.6324969232082367,3.6324969232082367
0.0,nan,nan,0.483165979385376,00000_001827_01,2.0,0.48381051421165466,0.238407164812088,0.9992400407791138,coef_energy_material_checkpoint_lambdas,1.0,4.188520431518555,2.239058256149292,39,R2,3.0662929117679596,3.8443152010440826
0.0,nan,nan,0.3439238369464874,00000_001827_01,3.0,0.7242175340652466,0.6373440027236938,0.9985237121582031,coef_energy_material_checkpoint_lambdas,0.0,4.188830375671387,2.247124671936035,45,R2,3.6324969232082367,1.579138070344925
0.0,nan,nan,5.120373725891113,00000_001827_01,2.0,7.094975471496582,4.911257743835449,0.9455294609069824,coef_energy_material_checkpoint_lambdas,0.0,4.186500549316406,2.2471604347229004,48,R2,3.8443152010440826,0.6012175679206848
0.0,nan,nan,1.621131181716919,00000_001827_01,5.0,4.071180820465088,3.7344939708709717,0.9847771525382996,coef_energy_material_checkpoint_lambdas,0.0,4.1720871925354,2.2594716548919678,54,R2,4.201535552740097,4.201535552740097
0.0,nan,nan,-0.09906961768865585,00000_001827_01,4.0,0.11297615617513657,0.10845085233449936,0.9022452235221863,coef_energy_material_checkpoint_lambdas,0.0,4.117803573608398,2.2963955402374268,57,R2,4.326758623123169,4.400118291378021
0.0,nan,nan,0.0005973271327093244,00000_001827_01,3.0,0.0006902776076458395,0.0006669997237622738,0.9961931109428406,coef_energy_material_checkpoint_lambdas,0.0,4.100860118865967,2.3091988563537598,60,R2,4.269387125968933,2.7566676139831543
0.0,nan,nan,-1.9383022785186768,00000_001827_01,6.0,3.42313551902771,2.0637614727020264,0.9875832200050354,coef_energy_material_checkpoint_lambdas,0.0,4.082023620605469,2.330341100692749,63,R2,4.304360866546631,0.555840015411377
0.0,nan,nan,3.1615688800811768,00000_001827_01,5.0,3.582491397857666,3.1615688800811768,0.9121842980384827,coef_energy_material_checkpoint_lambdas,0.0,4.033241271972656,2.378117561340332,66,R2,4.312197387218475,1.6564768552780151
0.0,nan,nan,6.563474655151367,00000_001827_01,6.0,6.606077194213867,6.563474655151367,0.9857019186019897,coef_energy_material_checkpoint_lambdas,0.0,4.024266719818115,2.395308256149292,69,R2,4.400215208530426,4.401605844497681
0.0,nan,nan,-0.003924015909433365,00000_001827_01,13.0,0.004892350174486637,0.0015310239978134632,0.9923874139785767,coef_energy_material_checkpoint_lambdas,0.0,4.08084774017334,2.3386144638061523,72,R2,4.3818678855896,4.400000095367432
0.0,nan,nan,-1.261683912900935e-08,00000_001827_01,14.0,2.169153567876947e-08,3.555287175771582e-09,0.0,coef_energy_material_checkpoint_lambdas,0.0,4.346443176269531,2.210371732711792,75,R2,4.400000095367432,4.400000095367432
0.0,nan,nan,7.806398868560791,00000_001827_05,4.0,8.79659366607666,6.315178871154785,0.9900192618370056,coef_energy_material_checkpoint_lambdas,0.0,4.166996955871582,2.196653366088867,0,R2,2.085533946752548,2.161763608455658
0.0,nan,nan,2.1140754222869873,00000_001827_05,3.0,2.886975049972534,2.8850765228271484,0.9326880574226379,coef_energy_material_checkpoint_lambdas,0.0,4.165821552276611,2.190385580062866,3,R2,2.015131890773773,1.0406651496887207
0.0,nan,nan,7.841763496398926,00000_001827_05,2.0,7.988768577575684,7.696113109588623,0.9943609833717346,coef_energy_material_checkpoint_lambdas,0.0,4.205352306365967,2.1987340450286865,6,R2,2.0575152337551117,0.27595821022987366
0.0,nan,nan,1.2563647031784058,00000_001827_05,1.0,2.878021240234375,2.589315414428711,0.9999998807907104,coef_energy_material_checkpoint_lambdas,0.0,4.178175449371338,2.2371597290039062,33,R2,3.6324969232082367,3.6324969232082367
0.0,nan,nan,0.48357507586479187,00000_001827_05,2.0,0.4842197299003601,0.23860237002372742,0.9992406964302063,coef_energy_material_checkpoint_lambdas,1.0,4.190419673919678,2.2409162521362305,36,R2,3.0662929117679596,3.8443152010440826
0.0,nan,nan,0.34383970499038696,00000_001827_05,3.0,0.724096417427063,0.6372518539428711,0.9985215663909912,coef_energy_material_checkpoint_lambdas,0.0,4.191344261169434,2.246060848236084,42,R2,3.6324969232082367,1.579138070344925
0.0,nan,nan,5.120142936706543,00000_001827_05,2.0,7.094654560089111,4.911034107208252,0.9455294609069824,coef_energy_material_checkpoint_lambdas,0.0,4.186308860778809,2.2470788955688477,45,R2,3.8443152010440826,0.6012175679206848
0.0,nan,nan,1.6216239929199219,00000_001827_05,5.0,4.0723395347595215,3.7355434894561768,0.9847757816314697,coef_energy_material_checkpoint_lambdas,0.0,4.173472881317139,2.2586305141448975,51,R2,4.201535552740097,4.201535552740097
0.0,nan,nan,-0.09906069189310074,00000_001827_05,4.0,0.11296418309211731,0.10843844711780548,0.9022578001022339,coef_energy_material_checkpoint_lambdas,0.0,4.117118835449219,2.296133041381836,54,R2,4.326758623123169,4.400118291378021
0.0,nan,nan,0.0005962509312666953,00000_001827_05,3.0,0.0006889133364893496,0.0006656278274022043,0.9961666464805603,coef_energy_material_checkpoint_lambdas,0.0,4.106894016265869,2.3043344020843506,57,R2,4.269387125968933,2.7566676139831543
0.0,nan,nan,-1.957460641860962,00000_001827_05,6.0,3.4567508697509766,2.08390736579895,0.9875763654708862,coef_energy_material_checkpoint_lambdas,0.0,4.123238563537598,2.295281171798706,60,R2,4.304360866546631,0.555840015411377
0.0,nan,nan,3.350131034851074,00000_001827_05,5.0,3.800546884536743,3.350131034851074,0.9112961292266846,coef_energy_material_checkpoint_lambdas,0.0,4.299320220947266,2.1982693672180176,63,R2,4.312197387218475,1.6564768552780151
0.0,nan,nan,0.009573467075824738,00000_001827_07,4.0,0.009573699906468391,0.006722250021994114,0.703680157661438,coef_energy_material_checkpoint_lambdas,1.0,4.220906734466553,2.250833749771118,0,R2,3.755394399166107,4.044434756040573
0.0,nan,nan,0.0035126020666211843,00000_001827_07,5.0,0.010798942297697067,0.004736976232379675,0.9989740252494812,coef_energy_material_checkpoint_lambdas,0.0,4.207389831542969,2.241105794906616,3,R2,3.1174957752227783,3.162315934896469
0.0,nan,nan,0.21974018216133118,00000_001827_07,2.0,0.3784482777118683,0.05874656140804291,0.8671027421951294,coef_energy_material_checkpoint_lambdas,0.0,4.212255477905273,2.2364959716796875,6,R2,2.606577306985855,2.3131083548069
0.0,nan,nan,-0.3353710472583771,00000_001827_07,2.0,0.38752320408821106,0.023684967309236526,0.9885215163230896,coef_energy_material_checkpoint_lambdas,0.0,4.2027363777160645,2.232522487640381,9,R2,3.888400673866272,1.2643193304538727
0.0,nan,nan,0.10974790155887604,00000_001827_07,4.0,0.23045578598976135,0.06568863987922668,0.9885663986206055,coef_energy_material_checkpoint_lambdas,0.0,4.1948137283325195,2.2209391593933105,12,R2,2.0630631744861603,0.5129682719707489
0.0,nan,nan,1.790962815284729,00000_001827_07,1.0,4.318260669708252,3.929354667663574,0.9949105978012085,coef_energy_material_checkpoint_lambdas,0.0,4.190823078155518,2.232881784439087,39,R2,3.6381717920303345,3.6381717920303345
0.0,nan,nan,-0.13862013816833496,00000_001827_07,1.0,0.38487163186073303,0.3590412735939026,0.9538282155990601,coef_energy_material_checkpoint_lambdas,0.0,4.18334436416626,2.2403104305267334,42,R2,3.7672462463378906,3.7672462463378906
0.0,nan,nan,0.10323742032051086,00000_001827_07,2.0,0.6916842460632324,0.6839364767074585,0.9996224045753479,coef_energy_material_checkpoint_lambdas,0.0,4.186342239379883,2.2444279193878174,48,R2,3.6381717920303345,2.0298995971679688
0.0,nan,nan,1.7283583879470825,00000_001827_07,2.0,2.137468099594116,1.2575957775115967,0.48860716819763184,coef_energy_material_checkpoint_lambdas,0.0,4.1929192543029785,2.2480876445770264,51,R2,3.7672462463378906,0.5591220259666443
0.0,nan,nan,3.832916736602783,00000_001827_07,4.0,7.044014930725098,5.909898281097412,0.9400871396064758,coef_energy_material_checkpoint_lambdas,0.0,4.147242069244385,2.325791358947754,57,R2,4.098617881536484,4.098617881536484
0.0,nan,nan,1.561262845993042,00000_001827_07,6.0,7.042015075683594,7.008098125457764,0.9635518193244934,coef_energy_material_checkpoint_lambdas,0.0,4.199794769287109,2.2793350219726562,60,R2,4.1096058785915375,3.5584797263145447
0.0,nan,nan,0.09090986847877502,00000_001827_07,7.0,0.19193896651268005,0.16904427111148834,-0.9615930914878845,coef_energy_material_checkpoint_lambdas,0.0,4.303659915924072,2.193875789642334,63,R2,3.9604811668395996,1.5191458463668823
0.0,nan,nan,-0.6187847256660461,00000_001829_00,3.0,0.6189770698547363,0.2905275225639343,0.7868489623069763,coef_energy_material_checkpoint_lambdas,0.0,4.2097954750061035,2.2333617210388184,0,R1,4.006439179182053,1.5223443508148193
0.0,nan,nan,0.010015972889959812,00000_001829_00,3.0,0.010145343840122223,0.00968081783503294,-0.20764635503292084,coef_energy_material_checkpoint_lambdas,0.0,4.187384605407715,2.2253916263580322,3,R1,2.080889344215393,0.7630340456962585
0.0,nan,nan,0.8049931526184082,00000_001829_00,3.0,7.0489277839660645,4.382519245147705,0.995315670967102,coef_energy_material_checkpoint_lambdas,0.0,4.194292068481445,2.2124195098876953,6,R1,2.0435497760772705,0.30377551913261414
0.0,nan,nan,6.631235122680664,00000_001829_00,2.0,7.441439628601074,7.358731746673584,0.9389140605926514,coef_energy_material_checkpoint_lambdas,0.0,4.183882713317871,2.2319705486297607,33,R1,3.357678174972534,0.5061221718788147
0.0,nan,nan,3.6737444400787354,00000_001829_00,3.0,6.82014799118042,6.612998008728027,0.9852167367935181,coef_energy_material_checkpoint_lambdas,0.0,4.154514789581299,2.2617619037628174,45,R1,3.8289458453655243,0.573026180267334
0.0,nan,nan,4.275367259979248,00000_001829_00,2.0,5.486693382263184,5.454708576202393,0.9789771437644958,coef_energy_material_checkpoint_lambdas,0.0,4.173181056976318,2.2656760215759277,48,R1,4.368849217891693,0.561022162437439
0.0,nan,nan,3.918889045715332,00000_001829_00,1.0,4.019632339477539,0.8942885398864746,0.9905194640159607,coef_energy_material_checkpoint_lambdas,0.0,4.146859169006348,2.2762694358825684,57,R1,4.404286026954651,4.404286026954651
0.0,nan,nan,-0.7375948429107666,00000_001829_00,2.0,1.8331981897354126,1.678263783454895,0.9965187907218933,coef_energy_material_checkpoint_lambdas,0.0,4.151501178741455,2.278482437133789,60,R1,4.401455581188202,4.401455581188202
0.0,nan,nan,0.08697476238012314,00000_001829_00,6.0,0.2789718806743622,0.19818712770938873,0.9937588572502136,coef_energy_material_checkpoint_lambdas,0.0,4.2083210945129395,2.24407958984375,63,R1,4.400026798248291,4.400065898895264
0.0,nan,nan,0.2272145003080368,00000_001829_00,9.0,0.24588125944137573,0.09421507269144058,0.9998455047607422,coef_energy_material_checkpoint_lambdas,0.0,4.319139003753662,2.2097349166870117,66,R1,4.400000095367432,4.400000095367432
0.0,nan,nan,6.636213302612305,00000_001829_01,4.0,7.494816303253174,7.155532360076904,-0.11464162915945053,coef_energy_material_checkpoint_lambdas,0.0,4.195305824279785,2.2330379486083984,3,R1,3.095506250858307,0.3653394281864166
0.0,nan,nan,0.8330469131469727,00000_001829_01,6.0,0.8346579074859619,0.41890963912010193,0.8311687707901001,coef_energy_material_checkpoint_lambdas,0.0,4.197856903076172,2.231955051422119,6,R1,2.0379923284053802,1.8197459876537323
0.0,nan,nan,0.11469051241874695,00000_001829_01,4.0,0.11472280323505402,0.1013650894165039,0.9966031312942505,coef_energy_material_checkpoint_lambdas,0.0,4.191709518432617,2.2263965606689453,9,R1,2.0088812708854675,1.0227065682411194
0.0,nan,nan,2.849515199661255,00000_001829_01,2.0,2.8496041297912598,2.0308175086975098,0.9943108558654785,coef_energy_material_checkpoint_lambdas,0.0,4.186375141143799,2.2126266956329346,12,R1,2.4438866674900055,0.26538559794425964
0.0,nan,nan,7.272543907165527,00000_001829_01,1.0,7.693572998046875,7.272543430328369,0.9922823905944824,coef_energy_material_checkpoint_lambdas,0.0,4.182604789733887,2.197507858276367,15,R1,2.021585315465927,0.28755083680152893
0.0,nan,nan,2.8057444095611572,00000_001829_01,2.0,3.0875015258789062,2.4073166847229004,0.9290791749954224,coef_energy_material_checkpoint_lambdas,1.0,4.18576192855835,2.2408080101013184,42,R1,3.4053441882133484,3.9346156418323517
0.0,nan,nan,0.8185653686523438,00000_001829_01,2.0,0.9307400584220886,0.44297608733177185,-0.11282868683338165,coef_energy_material_checkpoint_lambdas,0.0,4.186144828796387,2.2632617950439453,51,R1,3.9346156418323517,0.4975052773952484
0.0,nan,nan,7.05714225769043,00000_001829_01,1.0,7.1064653396606445,6.4306840896606445,0.2935844659805298,coef_energy_material_checkpoint_lambdas,0.0,4.128260612487793,2.3297407627105713,60,R1,4.313944697380066,0.4984135031700134
0.0,nan,nan,0.30139243602752686,00000_001829_01,3.0,1.4361064434051514,1.4041240215301514,-0.09070675075054169,coef_energy_material_checkpoint_lambdas,1.0,4.123781681060791,2.310354471206665,63,R1,3.970520406961441,4.329224675893784
0.0,nan,nan,-1.4188460111618042,00000_001829_01,3.0,2.3622310161590576,1.88865327835083,0.23608393967151642,coef_energy_material_checkpoint_lambdas,1.0,4.1260175704956055,2.3064873218536377,66,R1,3.839525431394577,4.4002299308776855
0.0,nan,nan,-0.027824437245726585,00000_001829_01,4.0,0.1512846052646637,0.14870384335517883,0.9752004146575928,coef_energy_material_checkpoint_lambdas,1.0,4.1605000495910645,2.306166172027588,69,R1,3.9137502014636993,4.400063514709473
0.0,nan,nan,-0.02628360502421856,00000_001829_01,7.0,0.3719455301761627,0.3710156977176666,0.9982399940490723,coef_energy_material_checkpoint_lambdas,0.0,4.277735233306885,2.218729019165039,72,R1,4.329224675893784,4.400018155574799
0.0,nan,nan,0.08840468525886536,00000_001829_02,5.0,0.09378902614116669,0.03132079914212227,0.999987006187439,coef_energy_material_checkpoint_lambdas,0.0,4.2091875076293945,2.2431931495666504,0,R1,2.7189444601535797,2.7189444601535797
0.0,nan,nan,0.6725567579269409,00000_001829_02,4.0,0.7247668504714966,0.05919131636619568,0.9571654796600342,coef_energy_material_checkpoint_lambdas,0.0,4.205227375030518,2.23437237739563,3,R1,2.067341536283493,1.821808010339737
0.0,nan,nan,0.04842686653137207,00000_001829_02,4.0,0.07338838279247284,0.04842686653137207,0.6812227964401245,coef_energy_material_checkpoint_lambdas,0.0,4.197958946228027,2.2196314334869385,6,R1,2.092411518096924,1.0130527019500732
0.0,nan,nan,0.07410740852355957,00000_001829_02,4.0,2.4478371143341064,1.0279206037521362,0.9998521208763123,coef_energy_material_checkpoint_lambdas,0.0,4.1861772537231445,2.2414674758911133,9,R1,2.056382954120636,0.262014240026474
0.0,nan,nan,2.7875375747680664,00000_001829_02,1.0,2.7883057594299316,2.0173583030700684,0.9144047498703003,coef_energy_material_checkpoint_lambdas,0.0,4.177715301513672,2.2459464073181152,39,R1,3.270366609096527,2.111798346042633
0.0,nan,nan,2.2467424869537354,00000_001829_02,1.0,3.1017532348632812,3.1008079051971436,0.9405953884124756,coef_energy_material_checkpoint_lambdas,0.0,4.158901214599609,2.259053945541382,48,R1,4.3846548199653625,0.5575338006019592
0.0,nan,nan,7.538255214691162,00000_001829_02,1.0,7.538255214691162,5.330431938171387,1.0,coef_energy_material_checkpoint_lambdas,0.0,4.170092582702637,2.2648797035217285,51,R1,4.3971152901649475,0.5627826452255249
0.0,nan,nan,7.525622367858887,00000_001829_02,1.0,7.525871753692627,7.525622844696045,0.9903109669685364,coef_energy_material_checkpoint_lambdas,0.0,4.17057466506958,2.2621984481811523,54,R1,4.378594696521759,0.5691991448402405
0.0,nan,nan,6.515042304992676,00000_001829_02,3.0,6.515047073364258,4.6013054847717285,0.9988542795181274,coef_energy_material_checkpoint_lambdas,0.0,4.123767852783203,2.292919158935547,57,R1,4.388176143169403,0.5757388472557068
0.0,nan,nan,2.512028217315674,00000_001829_02,10.0,2.641876220703125,0.8180609345436096,0.9979555010795593,coef_energy_material_checkpoint_lambdas,0.0,4.111013889312744,2.310119867324829,66,R1,4.400006651878357,4.400006651878357
0.0,nan,nan,9.69049651757814e-05,00000_001829_02,13.0,0.00014146830653771758,0.00010306652256986126,0.004767691716551781,coef_energy_material_checkpoint_lambdas,0.0,4.115192413330078,2.3166534900665283,69,R1,4.400000095367432,4.400000095367432
0.0,nan,nan,-1.6955492299075559e-07,00000_001829_02,14.0,2.2077566086409206e-07,1.4139669701762614e-07,0.0,coef_energy_material_checkpoint_lambdas,0.0,4.110753059387207,2.322497844696045,72,R1,4.400000095367432,4.400000095367432
0.0,nan,nan,-1.1358868012845136e-10,00000_001829_02,16.0,1.2997825038496558e-10,6.318194578636138e-11,0.0,coef_energy_material_checkpoint_lambdas,0.0,4.185400009155273,2.2608237266540527,75,R1,4.400000095367432,4.400000095367432
0.0,nan,nan,-3.719303036668793e-14,00000_001829_02,16.0,4.029858518823752e-14,1.5330068147529317e-14,0.0,coef_energy_material_checkpoint_lambdas,0.0,4.329711437225342,2.2191901206970215,78,R1,4.400000095367432,4.400000095367432
0.0,nan,nan,7.870622158050537,00000_001829_03,4.0,8.035574913024902,4.025590419769287,0.9735329151153564,coef_energy_material_checkpoint_lambdas,0.0,4.177916526794434,2.2001378536224365,0,R1,2.065837472677231,2.1180583238601685
0.0,nan,nan,2.041069984436035,00000_001829_03,4.0,2.8353006839752197,2.834829807281494,0.9678349494934082,coef_energy_material_checkpoint_lambdas,0.0,4.179780960083008,2.201472759246826,3,R1,2.0048590004444122,1.0206256806850433
0.0,nan,nan,7.990731716156006,00000_001829_03,2.0,8.012456893920898,7.4108171463012695,0.9961335062980652,coef_energy_material_checkpoint_lambdas,0.0,4.188935279846191,2.208050012588501,6,R1,2.016097813844681,0.33629849553108215
0.0,nan,nan,6.62493896484375,00000_001829_03,2.0,7.434990406036377,5.981274127960205,0.9389699101448059,coef_energy_material_checkpoint_lambdas,1.0,4.178401947021484,2.239290237426758,33,R1,3.357678174972534,3.912534773349762
0.0,nan,nan,-0.13468293845653534,00000_001829_03,3.0,1.4297884702682495,1.4234309196472168,0.9995729923248291,coef_energy_material_checkpoint_lambdas,0.0,4.1878838539123535,2.2533082962036133,42,R1,3.912534773349762,0.9758655428886414
0.0,nan,nan,3.6810812950134277,00000_001829_03,1.0,8.043014526367188,7.659582614898682,0.9166547060012817,coef_energy_material_checkpoint_lambdas,0.0,4.182624340057373,2.2564444541931152,45,R1,4.3549884557724,0.5717490315437317
0.0,nan,nan,6.011557579040527,00000_001829_03,2.0,6.729264259338379,6.729244709014893,0.9984526634216309,coef_energy_material_checkpoint_lambdas,0.0,4.184685230255127,2.274880886077881,48,R1,4.400845289230347,0.5577768683433533
0.0,nan,nan,1.2973402738571167,00000_001829_03,2.0,2.6819183826446533,2.347252607345581,0.985648512840271,coef_energy_material_checkpoint_lambdas,0.0,4.175106525421143,2.2839488983154297,51,R1,4.280105292797089,4.280105292797089
0.0,nan,nan,0.1541786789894104,00000_001829_03,2.0,0.15418489277362823,0.0013847368536517024,0.9998601675033569,coef_energy_material_checkpoint_lambdas,0.0,4.173119068145752,2.284945011138916,54,R1,4.265534996986389,4.265534996986389
0.0,nan,nan,0.11632983386516571,00000_001829_03,3.0,0.22047269344329834,0.11548829823732376,0.8692961931228638,coef_energy_material_checkpoint_lambdas,0.0,4.151499271392822,2.2961976528167725,57,R1,4.322775423526764,4.334710776805878
0.0,nan,nan,-0.10608693957328796,00000_001829_03,5.0,0.11657314747571945,0.04832039028406143,0.9969363212585449,coef_energy_material_checkpoint_lambdas,0.0,4.1592631340026855,2.297703266143799,60,R1,4.280105292797089,2.6894683837890625
0.0,nan,nan,0.5919108390808105,00000_001829_03,5.0,0.6691181659698486,0.3120267987251282,0.36979860067367554,coef_energy_material_checkpoint_lambdas,0.0,4.139538764953613,2.3162472248077393,63,R1,4.265534996986389,1.1034470796585083
0.0,nan,nan,7.353994369506836,00000_001829_03,4.0,7.3779377937316895,6.84321928024292,0.9941183924674988,coef_energy_material_checkpoint_lambdas,0.0,4.18065071105957,2.293158769607544,66,R1,4.30126029253006,0.5824509859085083
0.0,nan,nan,6.687993049621582,00000_001829_03,1.0,7.053045749664307,6.312823295593262,0.9708907008171082,coef_energy_material_checkpoint_lambdas,0.0,4.290633678436279,2.2135441303253174,69,R1,4.40766978263855,0.5687696933746338
0.0,nan,nan,0.0018355133943259716,00000_001829_04,4.0,0.006517493166029453,0.003124120645225048,-0.4901636242866516,coef_energy_material_checkpoint_lambdas,1.0,4.212800025939941,2.2542624473571777,0,R2,3.6531048119068146,3.9076887369155884
0.0,nan,nan,0.012840621173381805,00000_001829_04,5.0,0.01352614350616932,0.004251471254974604,0.9993879199028015,coef_energy_material_checkpoint_lambdas,0.0,4.200692653656006,2.2294907569885254,3,R2,3.0171146392822266,3.0171146392822266
0.0,nan,nan,0.5102784633636475,00000_001829_04,3.0,0.6404374837875366,0.1179480105638504,0.997612476348877,coef_energy_material_checkpoint_lambdas,0.0,4.198150634765625,2.228253126144409,6,R2,2.203351706266403,2.2116150557994843
0.0,nan,nan,2.453145742416382,00000_001829_04,3.0,2.7668509483337402,2.453145742416382,0.4419775903224945,coef_energy_material_checkpoint_lambdas,0.0,4.19304084777832,2.2322182655334473,9,R2,2.101827383041382,1.5176591277122498
0.0,nan,nan,0.26738104224205017,00000_001829_04,4.0,0.26763230562210083,0.24433781206607819,0.9846366047859192,coef_energy_material_checkpoint_lambdas,0.0,4.197862148284912,2.22717547416687,12,R2,2.0412104427814484,0.7667763233184814
0.0,nan,nan,3.116572856903076,00000_001829_04,2.0,4.112885475158691,1.0066932439804077,0.9090989232063293,coef_energy_material_checkpoint_lambdas,0.0,4.197232723236084,2.222228527069092,15,R2,2.037391781806946,0.2697739899158478
0.0,nan,nan,2.8034887313842773,00000_001829_04,2.0,3.085200071334839,2.405768394470215,0.9291263222694397,coef_energy_material_checkpoint_lambdas,1.0,4.181303024291992,2.2417500019073486,42,R2,3.4053441882133484,3.9346156418323517
0.0,nan,nan,0.8111075758934021,00000_001829_04,2.0,0.9207670092582703,0.435793936252594,-0.10984217375516891,coef_energy_material_checkpoint_lambdas,0.0,4.142683982849121,2.2616007328033447,51,R2,3.9346156418323517,0.4975052773952484
0.0,nan,nan,0.16444043815135956,00000_001829_04,4.0,0.6426065564155579,0.6413326859474182,0.6894741058349609,coef_energy_material_checkpoint_lambdas,1.0,4.117625713348389,2.2833364009857178,54,R2,3.7521756291389465,4.392905414104462
0.0,nan,nan,0.21494153141975403,00000_001829_04,3.0,0.36571377515792847,0.2974778413772583,0.98297119140625,coef_energy_material_checkpoint_lambdas,0.0,4.135417461395264,2.2762885093688965,57,R2,4.322775423526764,2.755889117717743
0.0,nan,nan,2.2012906074523926,00000_001829_04,3.0,2.224130868911743,1.9877902269363403,0.8153961300849915,coef_energy_material_checkpoint_lambdas,0.0,4.169053554534912,2.2726073265075684,60,R2,4.335425555706024,0.55449378490448
0.0,nan,nan,3.07000732421875,00000_001829_04,1.0,5.231283187866211,4.640172481536865,0.9955829977989197,coef_energy_material_checkpoint_lambdas,0.0,4.143429756164551,2.283482313156128,63,R2,4.402242958545685,0.556398332118988
0.0,nan,nan,0.13455259799957275,00000_001829_04,7.0,0.1347913146018982,0.03494216874241829,0.9699922204017639,coef_energy_material_checkpoint_lambdas,0.0,4.067262649536133,2.355668067932129,69,R2,4.400003612041473,4.400006651878357
0.0,nan,nan,0.0,00000_001829_04,12.0,0.000999687472358346,0.0007068858249112964,0.0,coef_energy_material_checkpoint_lambdas,0.0,4.092046737670898,2.3305587768554688,72,R2,4.395806074142456,4.400000095367432
0.0,nan,nan,-8.586404476318421e-09,00000_001829_04,15.0,2.440044966078858e-08,1.0078659684609192e-08,0.0,coef_energy_material_checkpoint_lambdas,0.0,4.10783052444458,2.3258872032165527,75,R2,4.400000095367432,4.400000095367432
0.0,nan,nan,-2.6131906968179797e-13,00000_001829_04,16.0,6.309256502662342e-13,2.6131906968179797e-13,0.0,coef_energy_material_checkpoint_lambdas,0.0,4.33027458190918,2.2113630771636963,78,R2,4.400000095367432,4.400000095367432
0.0,nan,nan,0.08840468525886536,00000_001829_05,5.0,0.09378902614116669,0.03132079914212227,0.999987006187439,coef_energy_material_checkpoint_lambdas,0.0,4.2091875076293945,2.2431931495666504,0,R1,2.7189444601535797,2.7189444601535797
0.0,nan,nan,0.6730024814605713,00000_001829_05,4.0,0.7252038717269897,0.059334367513656616,0.9571225643157959,coef_energy_material_checkpoint_lambdas,0.0,4.209829330444336,2.23580265045166,3,R1,2.067341536283493,1.821808010339737
0.0,nan,nan,0.04846424236893654,00000_001829_05,4.0,0.07342256605625153,0.04846424236893654,0.6810261607170105,coef_energy_material_checkpoint_lambdas,0.0,4.200964450836182,2.219550371170044,6,R1,2.092411518096924,1.0130527019500732
0.0,nan,nan,0.07401329278945923,00000_001829_05,4.0,2.4447524547576904,1.0266258716583252,0.9998520612716675,coef_energy_material_checkpoint_lambdas,0.0,4.180821895599365,2.240182876586914,9,R1,2.056382954120636,0.262014240026474
0.0,nan,nan,0.044620662927627563,00000_001829_05,2.0,0.9372921586036682,0.8573440313339233,0.9008892774581909,coef_energy_material_checkpoint_lambdas,1.0,4.1815876960754395,2.23861026763916,39,R1,3.5081863701343536,3.9794976115226746
0.0,nan,nan,-1.544386386871338,00000_001829_05,1.0,3.9152839183807373,2.9248151779174805,0.9754164814949036,coef_energy_material_checkpoint_lambdas,0.0,4.120635509490967,2.2649848461151123,45,R1,4.0548297464847565,0.5375027656555176
0.0,nan,nan,-0.7333232164382935,00000_001829_05,3.0,3.6042068004608154,3.1158318519592285,0.7005971670150757,coef_energy_material_checkpoint_lambdas,0.0,4.150413513183594,2.2645490169525146,48,R1,3.393704414367676,2.1908222436904907
0.0,nan,nan,6.288763046264648,00000_001829_05,2.0,6.930241107940674,6.886897563934326,0.9985927939414978,coef_energy_material_checkpoint_lambdas,0.0,4.165963172912598,2.2609944343566895,51,R1,4.383471488952637,0.5627826452255249
0.0,nan,nan,7.524949073791504,00000_001829_05,1.0,7.525197505950928,7.524949073791504,0.9903106689453125,coef_energy_material_checkpoint_lambdas,0.0,4.170266628265381,2.261381149291992,54,R1,4.378594696521759,0.5691991448402405
0.0,nan,nan,6.511186122894287,00000_001829_05,3.0,6.511190891265869,4.598575592041016,0.998854398727417,coef_energy_material_checkpoint_lambdas,0.0,4.121199131011963,2.2944071292877197,57,R1,4.388176143169403,0.5757388472557068
0.0,nan,nan,2.4975368976593018,00000_001829_05,10.0,2.6266472339630127,0.8133793473243713,0.997956395149231,coef_energy_material_checkpoint_lambdas,0.0,4.086441516876221,2.341871976852417,66,R1,4.400006651878357,4.400006651878357
0.0,nan,nan,9.264526852348354e-06,00000_001829_05,14.0,1.4818978343100753e-05,1.6273354503937298e-06,0.0,coef_energy_material_checkpoint_lambdas,0.0,4.054540157318115,2.362227439880371,69,R1,4.400000095367432,4.400000095367432
0.0,nan,nan,-3.023467240459432e-11,00000_001829_05,16.0,4.590665000914207e-11,3.0471250522801085e-12,0.0,coef_energy_material_checkpoint_lambdas,0.0,4.030971527099609,2.381511688232422,72,R1,4.400000095367432,4.400000095367432
0.0,nan,nan,-9.571553036801379e-17,00000_001829_05,16.0,1.4228308570234007e-16,6.760196421816173e-18,0.0,coef_energy_material_checkpoint_lambdas,0.0,4.124387741088867,2.3055622577667236,75,R1,4.400000095367432,4.400000095367432
0.0,nan,nan,-2.2146415117024783e-20,00000_001829_05,16.0,3.13197786399911e-20,0.0,0.0,coef_energy_material_checkpoint_lambdas,0.0,4.360719680786133,2.2096543312072754,78,R1,4.400000095367432,4.400000095367432
0.0,nan,nan,7.142449378967285,00000_001829_06,1.0,7.609913349151611,7.142449378967285,0.9675710797309875,coef_energy_material_checkpoint_lambdas,0.0,4.198697566986084,2.2630114555358887,0,R1,4.198624849319458,0.34698036313056946
0.0,nan,nan,5.982855319976807,00000_001829_06,3.0,6.97693395614624,5.982855319976807,0.9949419498443604,coef_energy_material_checkpoint_lambdas,0.0,4.203421115875244,2.2284653186798096,3,R1,2.069224625825882,1.2843207120895386
0.0,nan,nan,3.912822723388672,00000_001829_06,3.0,4.32282018661499,4.321512699127197,0.9986205101013184,coef_energy_material_checkpoint_lambdas,0.0,4.2021331787109375,2.229325771331787,6,R1,2.0228351950645447,0.5214002728462219
0.0,nan,nan,6.254669666290283,00000_001829_06,1.0,6.493862628936768,5.657497406005859,0.9545742869377136,coef_energy_material_checkpoint_lambdas,0.0,4.192151069641113,2.2560510635375977,9,R1,2.010245054960251,0.28149542212486267
0.0,nan,nan,6.779184341430664,00000_001829_06,1.0,7.1118998527526855,4.954610347747803,0.9742836356163025,coef_energy_material_checkpoint_lambdas,0.0,4.184792518615723,2.241246223449707,36,R1,3.698592722415924,2.589071661233902
0.0,nan,nan,0.749222993850708,00000_001829_06,1.0,0.809276282787323,0.6086946725845337,0.9356025457382202,coef_energy_material_checkpoint_lambdas,0.0,4.174488544464111,2.2374513149261475,39,R1,3.398880898952484,1.1020485162734985
0.0,nan,nan,6.600497245788574,00000_001829_06,1.0,6.615922451019287,4.9865241050720215,0.9212979078292847,coef_energy_material_checkpoint_lambdas,0.0,4.1539154052734375,2.258395195007324,45,R1,4.2819326519966125,1.6426331400871277
0.0,nan,nan,4.975351333618164,00000_001829_06,2.0,7.5642852783203125,6.978699684143066,0.9880073666572571,coef_energy_material_checkpoint_lambdas,0.0,4.167789459228516,2.2602834701538086,48,R1,3.9513424038887024,0.5850534439086914
0.0,nan,nan,4.65157413482666,00000_001829_06,3.0,6.605989933013916,4.690624237060547,0.9918068647384644,coef_energy_material_checkpoint_lambdas,0.0,4.151309967041016,2.2704696655273438,51,R1,4.194596141576767,0.5832736492156982
0.0,nan,nan,3.9109621047973633,00000_001829_06,3.0,4.538530349731445,4.527889728546143,0.9222989082336426,coef_energy_material_checkpoint_lambdas,0.0,4.180735111236572,2.2568516731262207,54,R1,4.37758731842041,0.55449378490448
0.0,nan,nan,1.8851865530014038,00000_001829_06,1.0,1.8851871490478516,0.00157166610006243,0.9997660517692566,coef_energy_material_checkpoint_lambdas,0.0,4.151090621948242,2.276946783065796,60,R1,4.402282118797302,4.402282118797302
0.0,nan,nan,3.745990753173828,00000_001829_06,3.0,3.7499892711639404,3.745990753173828,0.9991341233253479,coef_energy_material_checkpoint_lambdas,0.0,4.144687175750732,2.2818360328674316,63,R1,4.400156557559967,4.400659680366516
0.0,nan,nan,0.06973713636398315,00000_001829_06,6.0,0.07552161067724228,0.0698084905743599,0.7151030898094177,coef_energy_material_checkpoint_lambdas,0.0,4.255926132202148,2.2180774211883545,66,R1,4.400006651878357,4.400042474269867
0.0,nan,nan,7.136359214782715,00000_001829_07,1.0,7.60344123840332,7.136359214782715,0.9675727486610413,coef_energy_material_checkpoint_lambdas,0.0,4.195027828216553,2.261416435241699,0,R1,4.198624849319458,0.34698036313056946
0.0,nan,nan,5.990997791290283,00000_001829_07,3.0,6.9864702224731445,5.990997791290283,0.994940996170044,coef_energy_material_checkpoint_lambdas,0.0,4.209572792053223,2.227656602859497,3,R1,2.069224625825882,1.2843207120895386
0.0,nan,nan,3.90777587890625,00000_001829_07,3.0,4.31723690032959,4.3159308433532715,0.9986206889152527,coef_energy_material_checkpoint_lambdas,0.0,4.1964030265808105,2.2295961380004883,6,R1,2.0228351950645447,0.5214002728462219
0.0,nan,nan,6.246222496032715,00000_001829_07,1.0,6.485062599182129,5.649778366088867,0.954569399356842,coef_energy_material_checkpoint_lambdas,0.0,4.1866912841796875,2.251793384552002,9,R1,2.010245054960251,0.28149542212486267
0.0,nan,nan,6.780045032501221,00000_001829_07,1.0,7.112783908843994,4.955185413360596,0.9742855429649353,coef_energy_material_checkpoint_lambdas,0.0,4.185166835784912,2.242760419845581,36,R1,3.698592722415924,2.589071661233902
0.0,nan,nan,0.7501491904258728,00000_001829_07,1.0,0.8102372288703918,0.6093535423278809,0.935644805431366,coef_energy_material_checkpoint_lambdas,0.0,4.178119659423828,2.2411468029022217,39,R1,3.398880898952484,1.1020485162734985
0.0,nan,nan,5.085129737854004,00000_001829_07,2.0,6.347426414489746,6.281923770904541,0.9602786898612976,coef_energy_material_checkpoint_lambdas,0.0,4.151772975921631,2.2595021724700928,45,R1,4.2050537168979645,2.6593871116638184
0.0,nan,nan,3.0443267822265625,00000_001829_07,2.0,3.9372708797454834,3.6776700019836426,0.9986506700515747,coef_energy_material_checkpoint_lambdas,0.0,4.160048007965088,2.261967182159424,48,R1,4.393801808357239,0.557901918888092
0.0,nan,nan,4.653573513031006,00000_001829_07,3.0,6.608820915222168,4.692628860473633,0.99180668592453,coef_energy_material_checkpoint_lambdas,0.0,4.153127193450928,2.2708048820495605,51,R1,4.194596141576767,0.5832736492156982
0.0,nan,nan,3.8861989974975586,00000_001829_07,3.0,4.509170055389404,4.49867057800293,0.9223896861076355,coef_energy_material_checkpoint_lambdas,0.0,4.151359558105469,2.2750303745269775,54,R1,4.37758731842041,0.55449378490448
0.0,nan,nan,5.789688587188721,00000_001829_07,5.0,6.4730706214904785,4.577148914337158,1.0,coef_energy_material_checkpoint_lambdas,0.0,4.096551418304443,2.321772336959839,63,R1,4.400810241699219,4.400968492031097
0.0,nan,nan,0.0006336196092888713,00000_001829_07,13.0,0.001053756452165544,0.0008419791702181101,0.5238876938819885,coef_energy_material_checkpoint_lambdas,0.0,4.270724296569824,2.214869260787964,66,R1,4.400000095367432,4.400000095367432
0.0,nan,nan,2.1258249282836914,00000_001830_00,4.0,2.708409070968628,2.451723575592041,0.10629609227180481,coef_energy_material_checkpoint_lambdas,0.0,4.197186470031738,2.27372145652771,3,R1,3.5312130451202393,1.960138201713562
0.0,nan,nan,0.010741174221038818,00000_001830_00,3.0,1.8795816898345947,1.8795510530471802,-0.9052252173423767,coef_energy_material_checkpoint_lambdas,0.0,4.189754486083984,2.2633891105651855,6,R1,2.5975946485996246,2.5975946485996246
0.0,nan,nan,3.8984010219573975,00000_001830_00,3.0,3.93644642829895,3.8984010219573975,0.06662280112504959,coef_energy_material_checkpoint_lambdas,0.0,4.202743053436279,2.2309625148773193,9,R1,2.226116180419922,1.7737008333206177
0.0,nan,nan,0.027480894699692726,00000_001830_00,3.0,0.04476355016231537,0.04038203880190849,0.9146317839622498,coef_energy_material_checkpoint_lambdas,0.0,4.190763473510742,2.2270867824554443,12,R1,2.078608423471451,1.0133835971355438
0.0,nan,nan,0.527792751789093,00000_001830_00,3.0,1.7786500453948975,0.8278417587280273,0.9701166749000549,coef_energy_material_checkpoint_lambdas,0.0,4.198302268981934,2.2226521968841553,15,R1,2.0411364138126373,0.260692834854126
0.0,nan,nan,4.002744674682617,00000_001830_00,1.0,8.137456893920898,7.840170383453369,0.996832549571991,coef_energy_material_checkpoint_lambdas,0.0,4.185197830200195,2.2210545539855957,33,R1,3.3552165031433105,0.3908039331436157
0.0,nan,nan,-0.3894742727279663,00000_001830_00,1.0,2.6838417053222656,2.6554315090179443,0.9415011405944824,coef_energy_material_checkpoint_lambdas,0.0,4.188602447509766,2.2313926219940186,42,R1,3.9248233437538147,3.9248233437538147
0.0,nan,nan,-0.3011445105075836,00000_001830_00,1.0,1.039928674697876,0.755611002445221,0.9988301992416382,coef_energy_material_checkpoint_lambdas,0.0,4.180222511291504,2.2457475662231445,45,R1,3.678736388683319,4.082872688770294
0.0,nan,nan,-0.05789530277252197,00000_001830_00,2.0,1.3013300895690918,1.300041675567627,0.9999943375587463,coef_energy_material_checkpoint_lambdas,0.0,4.176361560821533,2.2624292373657227,51,R1,3.9248233437538147,1.077222466468811
0.0,nan,nan,7.596812725067139,00000_001830_00,2.0,7.797545433044434,6.651078224182129,0.8139737844467163,coef_energy_material_checkpoint_lambdas,0.0,4.1147308349609375,2.351386308670044,60,R1,4.187259614467621,3.4948002696037292
0.0,nan,nan,2.2947373390197754,00000_001830_00,4.0,2.300261974334717,2.2273638248443604,0.9454712867736816,coef_energy_material_checkpoint_lambdas,0.0,4.141289710998535,2.3355743885040283,63,R1,4.059805393218994,1.591218113899231
0.0,nan,nan,4.034367084503174,00000_001830_00,1.0,5.701814651489258,5.701813697814941,0.9999470114707947,coef_energy_material_checkpoint_lambdas,0.0,4.196685314178467,2.276531457901001,69,R1,4.405387997627258,0.5638486742973328
0.0,nan,nan,3.774427652359009,00000_001830_01,4.0,4.188604354858398,4.1881208419799805,0.961981475353241,coef_energy_material_checkpoint_lambdas,0.0,4.180519104003906,2.2068724632263184,0,R1,2.0628294944763184,0.8460752964019775
0.0,nan,nan,7.926602840423584,00000_001830_01,2.0,7.9375739097595215,7.387905597686768,0.964508593082428,coef_energy_material_checkpoint_lambdas,0.0,4.172872066497803,2.19889235496521,3,R1,2.4564468264579773,0.32088392972946167
0.0,nan,nan,7.521738052368164,00000_001830_01,1.0,7.907683849334717,7.521738052368164,0.9998504519462585,coef_energy_material_checkpoint_lambdas,0.0,4.179241180419922,2.2001285552978516,6,R1,2.0712133944034576,0.2921556532382965
0.0,nan,nan,4.000659942626953,00000_001830_01,1.0,8.132976531982422,7.835890293121338,0.9968339204788208,coef_energy_material_checkpoint_lambdas,0.0,4.182013988494873,2.2253189086914062,24,R1,3.3552165031433105,0.3908039331436157
0.0,nan,nan,-0.38927555084228516,00000_001830_01,1.0,2.683596611022949,2.655212879180908,0.9414803981781006,coef_energy_material_checkpoint_lambdas,0.0,4.188938617706299,2.2279694080352783,33,R1,3.9248233437538147,3.9248233437538147
0.0,nan,nan,-0.30110469460487366,00000_001830_01,1.0,1.039669394493103,0.7553973197937012,0.9988319277763367,coef_energy_material_checkpoint_lambdas,0.0,4.176122665405273,2.2474818229675293,36,R1,3.678736388683319,4.082872688770294
0.0,nan,nan,-0.05789025127887726,00000_001830_01,2.0,1.3012381792068481,1.2999497652053833,0.999994158744812,coef_energy_material_checkpoint_lambdas,0.0,4.176969528198242,2.2608182430267334,42,R1,3.9248233437538147,1.077222466468811
0.0,nan,nan,1.9386160373687744,00000_001830_01,2.0,2.7301430702209473,1.922355055809021,0.9915504455566406,coef_energy_material_checkpoint_lambdas,0.0,4.172028541564941,2.276427984237671,51,R1,4.160018354654312,4.160018354654312
0.0,nan,nan,0.12312151491641998,00000_001830_01,4.0,0.12456002086400986,0.018875662237405777,0.9999751448631287,coef_energy_material_checkpoint_lambdas,0.0,4.166976451873779,2.2880983352661133,54,R1,4.142097622156143,4.142097622156143
0.0,nan,nan,0.18422375619411469,00000_001830_01,2.0,0.1882699728012085,0.04766345024108887,0.9675254821777344,coef_energy_material_checkpoint_lambdas,0.0,4.166421413421631,2.28486967086792,57,R1,4.297558516263962,4.22385048866272
0.0,nan,nan,-0.08091288805007935,00000_001830_01,4.0,0.14142797887325287,0.1399349570274353,-0.7916380167007446,coef_energy_material_checkpoint_lambdas,0.0,4.149631500244141,2.3052968978881836,60,R1,4.112082421779633,2.6170986890792847
0.0,nan,nan,0.18584901094436646,00000_001830_01,3.0,0.3582208454608917,0.3062390089035034,0.6066678166389465,coef_energy_material_checkpoint_lambdas,0.0,4.15793514251709,2.307732105255127,63,R1,4.142097622156143,1.0392086505889893
0.0,nan,nan,5.755990028381348,00000_001830_01,3.0,6.488583087921143,6.487738609313965,0.7663832902908325,coef_energy_material_checkpoint_lambdas,0.0,4.130841255187988,2.3220252990722656,66,R1,4.39989173412323,0.5561468601226807
0.0,nan,nan,3.6158931255340576,00000_001830_01,4.0,3.896667003631592,3.8836653232574463,0.9973723292350769,coef_energy_material_checkpoint_lambdas,0.0,4.2827467918396,2.213423013687134,69,R1,4.396245002746582,1.1138712763786316
0.0,nan,nan,7.417196273803711,00000_001830_02,3.0,8.179306030273438,5.616247177124023,0.6920446753501892,coef_energy_material_checkpoint_lambdas,0.0,4.180597305297852,2.2817914485931396,0,R2,3.5286875665187836,1.3124563097953796
0.0,nan,nan,7.269793510437012,00000_001830_02,1.0,7.275845050811768,7.26979398727417,0.35209599137306213,coef_energy_material_checkpoint_lambdas,0.0,4.20473051071167,2.2404732704162598,3,R2,4.062496334314346,0.2981589436531067
0.0,nan,nan,1.9024574756622314,00000_001830_02,3.0,2.80505633354187,2.061309337615967,0.9979570508003235,coef_energy_material_checkpoint_lambdas,0.0,4.199817180633545,2.2315409183502197,6,R2,2.017908990383148,2.017908990383148
0.0,nan,nan,2.4610507488250732,00000_001830_02,3.0,2.4869723320007324,2.041067600250244,0.969161868095398,coef_energy_material_checkpoint_lambdas,0.0,4.181736946105957,2.2412657737731934,9,R2,2.027174562215805,2.075098216533661
0.0,nan,nan,-0.2963380813598633,00000_001830_02,1.0,0.5708798766136169,0.30390238761901855,0.7096834778785706,coef_energy_material_checkpoint_lambdas,0.0,4.178796291351318,2.25663423538208,12,R2,2.011772722005844,1.3144812285900116
0.0,nan,nan,0.6073371171951294,00000_001830_02,1.0,2.398109197616577,2.3199286460876465,0.3765695095062256,coef_energy_material_checkpoint_lambdas,0.0,4.180144786834717,2.2348787784576416,36,R2,3.91664856672287,3.91664856672287
0.0,nan,nan,2.6356430053710938,00000_001830_02,3.0,3.088548183441162,2.6188387870788574,0.8812738656997681,coef_energy_material_checkpoint_lambdas,1.0,4.191632270812988,2.2378013134002686,39,R2,3.3434042930603027,3.971448838710785
0.0,nan,nan,0.43761205673217773,00000_001830_02,2.0,3.766568660736084,3.741060733795166,0.9638848304748535,coef_energy_material_checkpoint_lambdas,0.0,4.185135841369629,2.2557477951049805,45,R2,3.91664856672287,1.6122400164604187
0.0,nan,nan,3.7541491985321045,00000_001830_02,1.0,6.0088300704956055,4.691737651824951,0.43122154474258423,coef_energy_material_checkpoint_lambdas,0.0,4.1740570068359375,2.2509570121765137,48,R2,3.971448838710785,0.5388080477714539
0.0,nan,nan,-0.08627303689718246,00000_001830_02,3.0,0.1634303480386734,0.08627303689718246,0.975156307220459,coef_energy_material_checkpoint_lambdas,0.0,4.162517547607422,2.2607460021972656,54,R2,4.227552026510239,2.219998598098755
0.0,nan,nan,0.021729692816734314,00000_001830_02,2.0,0.5843662619590759,0.2052796185016632,0.9998588562011719,coef_energy_material_checkpoint_lambdas,0.0,4.136879920959473,2.2837066650390625,57,R2,4.249492287635803,0.5572624802589417
0.0,nan,nan,7.3914289474487305,00000_001830_02,1.0,7.3915205001831055,7.3914289474487305,0.9967337250709534,coef_energy_material_checkpoint_lambdas,0.0,4.082629203796387,2.3136444091796875,60,R2,4.361036717891693,0.5660542845726013
0.0,nan,nan,0.44089367985725403,00000_001830_02,4.0,3.1380698680877686,2.508699417114258,0.9764314889907837,coef_energy_material_checkpoint_lambdas,0.0,4.075455188751221,2.327674627304077,63,R2,4.313957750797272,0.5558432936668396
0.0,nan,nan,-1.7283977270126343,00000_001830_02,6.0,3.8680167198181152,2.7362325191497803,0.9990752935409546,coef_energy_material_checkpoint_lambdas,0.0,4.088695526123047,2.3296568393707275,66,R2,4.383362114429474,4.400302827358246
0.0,nan,nan,0.16235019266605377,00000_001830_02,9.0,0.6300402283668518,0.6288634538650513,0.9982361793518066,coef_energy_material_checkpoint_lambdas,0.0,4.070569038391113,2.3516125679016113,69,R2,4.34849888086319,4.400029182434082
0.0,nan,nan,-0.0004531290614977479,00000_001830_02,14.0,0.000736583024263382,0.0004076214972883463,0.0,coef_energy_material_checkpoint_lambdas,0.0,4.053325176239014,2.365008592605591,72,R2,4.399674773216248,4.400000095367432
0.0,nan,nan,-3.3709355307109945e-09,00000_001830_02,15.0,7.526641532251688e-09,6.729571566665982e-09,0.0,coef_energy_material_checkpoint_lambdas,0.0,4.207987308502197,2.2492477893829346,75,R2,4.400000095367432,4.400000095367432
0.0,nan,nan,-3.2645122716168373e-11,00000_001830_02,16.0,4.956654184318232e-11,3.290055077334597e-12,0.0,coef_energy_material_checkpoint_lambdas,0.0,4.352339267730713,2.2034661769866943,78,R2,4.400000095367432,4.400000095367432
0.0,nan,nan,3.4830241203308105,00000_001830_03,3.0,7.493739128112793,7.154600620269775,-0.11481113731861115,coef_energy_material_checkpoint_lambdas,0.0,4.194694995880127,2.2293715476989746,3,R2,4.20112007856369,0.3653394281864166
0.0,nan,nan,0.838543176651001,00000_001830_03,5.0,0.8392468690872192,0.40574130415916443,0.8425228595733643,coef_energy_material_checkpoint_lambdas,0.0,4.198030948638916,2.2278552055358887,6,R2,2.036845624446869,2.074659138917923
0.0,nan,nan,0.10354001820087433,00000_001830_03,4.0,0.10761235654354095,0.09394889324903488,0.9976254105567932,coef_energy_material_checkpoint_lambdas,0.0,4.195217609405518,2.2232892513275146,9,R2,2.0090740025043488,1.2776277959346771
0.0,nan,nan,2.6290831565856934,00000_001830_03,2.0,2.6711130142211914,2.192784070968628,0.9985786080360413,coef_energy_material_checkpoint_lambdas,0.0,4.19342565536499,2.2208516597747803,12,R2,2.4469277560710907,0.5227154493331909
0.0,nan,nan,3.8169846534729004,00000_001830_03,1.0,6.845394134521484,5.682433128356934,0.23611123859882355,coef_energy_material_checkpoint_lambdas,0.0,4.186466217041016,2.2304961681365967,39,R2,3.8628850877285004,3.8628850877285004
0.0,nan,nan,2.0207083225250244,00000_001830_03,3.0,4.166991710662842,4.163204669952393,0.8400987982749939,coef_energy_material_checkpoint_lambdas,1.0,4.175249099731445,2.2439818382263184,42,R2,3.3066059052944183,3.9284571409225464
0.0,nan,nan,0.3163151741027832,00000_001830_03,1.0,0.44369450211524963,0.4197545647621155,0.9964445233345032,coef_energy_material_checkpoint_lambdas,0.0,4.180789470672607,2.2441842555999756,45,R2,3.490202695131302,3.6717538237571716
0.0,nan,nan,1.2586263418197632,00000_001830_03,1.0,2.893221855163574,2.6051089763641357,0.9732320308685303,coef_energy_material_checkpoint_lambdas,0.0,4.177132606506348,2.257021903991699,48,R2,3.8628850877285004,2.1505207419395447
0.0,nan,nan,0.7726414799690247,00000_001830_03,2.0,0.9047724008560181,0.4707847535610199,-0.28573891520500183,coef_energy_material_checkpoint_lambdas,0.0,4.180356025695801,2.2602107524871826,51,R2,3.9284571409225464,0.5412558317184448
0.0,nan,nan,0.4942502975463867,00000_001830_03,2.0,0.6411729454994202,0.40843525528907776,0.3893076777458191,coef_energy_material_checkpoint_lambdas,0.0,4.169529438018799,2.2833433151245117,60,R2,4.159400850534439,4.159400850534439
0.0,nan,nan,0.2504863739013672,00000_001830_03,5.0,0.2506352961063385,0.008638452738523483,0.9999998807907104,coef_energy_material_checkpoint_lambdas,0.0,4.172565460205078,2.2841122150421143,63,R2,4.131214112043381,4.131214112043381
0.0,nan,nan,0.40320369601249695,00000_001830_03,2.0,0.4070917069911957,0.23052141070365906,0.8285357356071472,coef_energy_material_checkpoint_lambdas,0.0,4.151054859161377,2.2965850830078125,66,R2,4.254084289073944,3.7092577815055847
0.0,nan,nan,-0.08479376137256622,00000_001830_03,3.0,0.09550319612026215,0.04394175484776497,0.9998688697814941,coef_energy_material_checkpoint_lambdas,0.0,4.282750129699707,2.21175479888916,69,R2,4.159400850534439,2.0713492035865784
0.0,nan,nan,3.4830241203308105,00000_001830_04,3.0,7.493739128112793,7.154600620269775,-0.11481113731861115,coef_energy_material_checkpoint_lambdas,0.0,4.194694995880127,2.2293715476989746,3,R2,4.20112007856369,0.3653394281864166
0.0,nan,nan,0.838543176651001,00000_001830_04,5.0,0.8392468690872192,0.40574130415916443,0.8425228595733643,coef_energy_material_checkpoint_lambdas,0.0,4.198030948638916,2.2278552055358887,6,R2,2.036845624446869,2.074659138917923
0.0,nan,nan,0.10354001820087433,00000_001830_04,4.0,0.10761235654354095,0.09394889324903488,0.9976254105567932,coef_energy_material_checkpoint_lambdas,0.0,4.195217609405518,2.2232892513275146,9,R2,2.0090740025043488,1.2776277959346771
0.0,nan,nan,2.6290831565856934,00000_001830_04,2.0,2.6711130142211914,2.192784070968628,0.9985786080360413,coef_energy_material_checkpoint_lambdas,0.0,4.19342565536499,2.2208516597747803,12,R2,2.4469277560710907,0.5227154493331909
0.0,nan,nan,3.8174383640289307,00000_001830_04,1.0,6.8450846672058105,5.681756019592285,0.23600418865680695,coef_energy_material_checkpoint_lambdas,0.0,4.186388969421387,2.2274715900421143,39,R2,3.8628850877285004,3.8628850877285004
0.0,nan,nan,2.021371841430664,00000_001830_04,3.0,4.16916561126709,4.165395259857178,0.8400406837463379,coef_energy_material_checkpoint_lambdas,1.0,4.178119659423828,2.239518642425537,42,R2,3.3066059052944183,3.9284571409225464
0.0,nan,nan,0.31379684805870056,00000_001830_04,1.0,0.44042426347732544,0.4167470633983612,0.9963932633399963,coef_energy_material_checkpoint_lambdas,0.0,4.179676055908203,2.2263827323913574,45,R2,3.490202695131302,3.6717538237571716
0.0,nan,nan,1.256644606590271,00000_001830_04,1.0,2.8880441188812256,0.9501190185546875,0.9732080698013306,coef_energy_material_checkpoint_lambdas,0.0,4.171494960784912,2.2419207096099854,48,R2,3.8628850877285004,0.5599706768989563
0.0,nan,nan,4.912816524505615,00000_001830_04,1.0,6.220695972442627,3.8159258365631104,0.9995247721672058,coef_energy_material_checkpoint_lambdas,0.0,4.181811332702637,2.26400089263916,51,R2,4.328555405139923,4.328555405139923
0.0,nan,nan,0.019687440246343613,00000_001830_04,2.0,0.13822375237941742,0.13117511570453644,0.9502310752868652,coef_energy_material_checkpoint_lambdas,1.0,4.169926166534424,2.2612056732177734,54,R2,4.17138671875,4.377303421497345
0.0,nan,nan,-0.23451407253742218,00000_001830_04,3.0,0.34340065717697144,0.3432062566280365,-0.16711562871932983,coef_energy_material_checkpoint_lambdas,1.0,4.176522731781006,2.2583813667297363,57,R2,4.201359510421753,4.373493432998657
0.0,nan,nan,0.11917176842689514,00000_001830_04,4.0,0.33858126401901245,0.21327371895313263,0.9592608213424683,coef_energy_material_checkpoint_lambdas,0.0,4.143651008605957,2.2744247913360596,60,R2,4.185819625854492,1.697999894618988
0.0,nan,nan,6.520657062530518,00000_001830_04,2.0,6.52067232131958,4.62073278427124,0.9981850981712341,coef_energy_material_checkpoint_lambdas,0.0,4.084801197052002,2.316746711730957,63,R2,4.184867560863495,0.5835415720939636
0.0,nan,nan,0.05143681541085243,00000_001830_04,3.0,3.422637462615967,2.456268072128296,0.9938092231750488,coef_energy_material_checkpoint_lambdas,0.0,4.075830936431885,2.323725461959839,66,R2,4.318872570991516,1.6575230956077576
0.0,nan,nan,6.602286338806152,00000_001830_04,5.0,6.748613357543945,6.705474853515625,0.9899089336395264,coef_energy_material_checkpoint_lambdas,0.0,4.108893394470215,2.3028883934020996,69,R2,4.381215751171112,4.401938617229462
0.0,nan,nan,1.2209526300430298,00000_001830_04,7.0,2.5501708984375,1.4565010070800781,0.9861316084861755,coef_energy_material_checkpoint_lambdas,0.0,4.107500076293945,2.312655210494995,72,R2,4.395706355571747,0.5558792352676392
0.0,nan,nan,5.816681385040283,00000_001830_04,5.0,6.5032477378845215,6.5032477378845215,1.0,coef_energy_material_checkpoint_lambdas,0.0,4.116740703582764,2.30810546875,75,R2,4.400810241699219,0.5558789372444153
0.0,nan,nan,0.6439001560211182,00000_001830_04,12.0,0.6451021432876587,0.4274730980396271,0.9982314109802246,coef_energy_material_checkpoint_lambdas,0.0,4.173034191131592,2.2643845081329346,78,R2,4.40000057220459,4.400003373622894
0.0,nan,nan,0.00030832577613182366,00000_001830_04,14.0,0.0003323435958009213,0.00012404625886119902,0.0,coef_energy_material_checkpoint_lambdas,0.0,4.304624080657959,2.1985208988189697,81,R2,4.400000095367432,4.400000095367432
0.0,nan,nan,6.590348243713379,00000_001830_05,1.0,6.6039862632751465,4.360123634338379,0.9402602314949036,coef_energy_material_checkpoint_lambdas,0.0,4.170909881591797,2.288698196411133,0,R2,4.201323926448822,0.38375723361968994
0.0,nan,nan,6.601877689361572,00000_001830_05,1.0,6.614292621612549,4.381807327270508,0.35634204745292664,coef_energy_material_checkpoint_lambdas,0.0,4.201144218444824,2.2488317489624023,3,R2,2.258021891117096,2.038738250732422
0.0,nan,nan,0.027499563992023468,00000_001830_05,3.0,0.04479512572288513,0.040410131216049194,0.9146398305892944,coef_energy_material_checkpoint_lambdas,0.0,4.193528175354004,2.2293143272399902,6,R2,2.078608423471451,1.0133835971355438
0.0,nan,nan,0.5261453986167908,00000_001830_05,3.0,1.7740774154663086,0.8259827494621277,0.9701581597328186,coef_energy_material_checkpoint_lambdas,0.0,4.184638023376465,2.2399425506591797,9,R2,2.0411364138126373,0.260692834854126
0.0,nan,nan,3.999030590057373,00000_001830_05,1.0,8.129636764526367,7.832676410675049,0.9968339800834656,coef_energy_material_checkpoint_lambdas,0.0,4.180196285247803,2.2250301837921143,27,R2,3.3552165031433105,0.3908039331436157
0.0,nan,nan,-0.3894033432006836,00000_001830_05,1.0,2.681562900543213,2.6531386375427246,0.9415340423583984,coef_energy_material_checkpoint_lambdas,0.0,4.183901309967041,2.2346231937408447,36,R2,3.9248233437538147,3.9248233437538147
0.0,nan,nan,-0.30120664834976196,00000_001830_05,1.0,1.0402085781097412,0.7558280229568481,0.9988293051719666,coef_energy_material_checkpoint_lambdas,0.0,4.182992935180664,2.2451183795928955,39,R2,3.678736388683319,4.082872688770294
0.0,nan,nan,-0.057830505073070526,00000_001830_05,2.0,1.299834132194519,1.2985470294952393,0.9999943375587463,coef_energy_material_checkpoint_lambdas,0.0,4.169902324676514,2.2624921798706055,45,R2,3.9248233437538147,1.077222466468811
0.0,nan,nan,5.376039028167725,00000_001830_05,2.0,6.7989068031311035,6.744504928588867,0.8983301520347595,coef_energy_material_checkpoint_lambdas,0.0,4.090422630310059,2.36920166015625,54,R2,4.239081025123596,3.4800826013088226
0.0,nan,nan,0.447163462638855,00000_001830_05,4.0,0.45915645360946655,0.39124763011932373,0.25721147656440735,coef_energy_material_checkpoint_lambdas,0.0,4.084290981292725,2.380296230316162,57,R2,4.098036587238312,1.4752439856529236
0.0,nan,nan,0.012067784555256367,00000_001830_05,1.0,0.024292882531881332,0.018115684390068054,1.0000001192092896,coef_energy_material_checkpoint_lambdas,0.0,4.097337245941162,2.3891398906707764,63,R2,4.403325855731964,0.556433916091919
0.0,nan,nan,7.36015510559082,00000_001830_05,1.0,7.36015510559082,7.36015510559082,0.9999632835388184,coef_energy_material_checkpoint_lambdas,0.0,4.176331996917725,2.322753667831421,69,R2,4.40545916557312,0.5597072839736938
0.0,nan,nan,5.165184020996094,00000_001830_05,4.0,5.408596992492676,4.786751747131348,0.9751833081245422,coef_energy_material_checkpoint_lambdas,0.0,4.270699977874756,2.235642910003662,72,R2,4.40121191740036,0.5836459994316101
0.0,nan,nan,5.973169326782227,00000_001830_05,5.0,8.076942443847656,7.046635627746582,0.996669352054596,coef_energy_material_checkpoint_lambdas,0.0,4.340158462524414,2.198784112930298,75,R2,4.401355445384979,0.5885880589485168
0.0,nan,nan,3.7743301391601562,00000_001830_06,4.0,4.18849515914917,4.188011646270752,0.9619813561439514,coef_energy_material_checkpoint_lambdas,0.0,4.180415153503418,2.206699848175049,0,R1,2.0628294944763184,0.8460752964019775
0.0,nan,nan,7.9388628005981445,00000_001830_06,2.0,7.949891090393066,7.399095058441162,0.9644836783409119,coef_energy_material_checkpoint_lambdas,0.0,4.180789470672607,2.1957688331604004,3,R1,2.4564468264579773,0.32088392972946167
0.0,nan,nan,7.517550468444824,00000_001830_06,1.0,7.903299808502197,7.517550945281982,0.999850332736969,coef_energy_material_checkpoint_lambdas,0.0,4.175244331359863,2.203078269958496,6,R1,2.0712133944034576,0.2921556532382965
0.0,nan,nan,4.000824928283691,00000_001830_06,1.0,8.133336067199707,7.836233139038086,0.9968338012695312,coef_energy_material_checkpoint_lambdas,0.0,4.182287693023682,2.2248640060424805,24,R1,3.3552165031433105,0.3908039331436157
0.0,nan,nan,-0.3890816569328308,00000_001830_06,1.0,2.6773300170898438,2.6489076614379883,0.9415713548660278,coef_energy_material_checkpoint_lambdas,0.0,4.176005840301514,2.2368767261505127,33,R1,3.9248233437538147,3.9248233437538147
0.0,nan,nan,-0.30119019746780396,00000_001830_06,1.0,1.040044903755188,0.75568687915802,0.9988308548927307,coef_energy_material_checkpoint_lambdas,0.0,4.179645538330078,2.2467823028564453,36,R1,3.678736388683319,4.082872688770294
0.0,nan,nan,-0.05790580436587334,00000_001830_06,2.0,1.3015934228897095,1.3003047704696655,0.9999943375587463,coef_energy_material_checkpoint_lambdas,0.0,4.178351879119873,2.261047840118408,42,R1,3.9248233437538147,1.077222466468811
0.0,nan,nan,5.37485408782959,00000_001830_06,2.0,6.797374725341797,6.742979049682617,0.898332953453064,coef_energy_material_checkpoint_lambdas,0.0,4.089447021484375,2.3695876598358154,51,R1,4.239081025123596,3.4800826013088226
0.0,nan,nan,0.44958844780921936,00000_001830_06,4.0,0.4614339768886566,0.3936665654182434,0.2552943825721741,coef_energy_material_checkpoint_lambdas,0.0,4.106708526611328,2.362149477005005,54,R1,4.098036587238312,1.4752439856529236
0.0,nan,nan,4.034367084503174,00000_001830_06,1.0,5.701814651489258,5.701813697814941,0.9999470114707947,coef_energy_material_checkpoint_lambdas,0.0,4.196685314178467,2.276531457901001,60,R1,4.405387997627258,0.5638486742973328
0.0,nan,nan,3.902996778488159,00000_001830_07,3.0,3.94107985496521,3.902996778488159,0.06660985201597214,coef_energy_material_checkpoint_lambdas,0.0,4.207693576812744,2.233381509780884,0,R1,2.226116180419922,1.7737008333206177
0.0,nan,nan,0.02747182548046112,00000_001830_07,3.0,0.0447525754570961,0.04037086293101311,0.9146583676338196,coef_energy_material_checkpoint_lambdas,0.0,4.189111232757568,2.228682518005371,3,R1,2.078608423471451,1.0133835971355438
0.0,nan,nan,0.5262207984924316,00000_001830_07,3.0,1.7743829488754272,0.8261390924453735,0.9701604247093201,coef_energy_material_checkpoint_lambdas,0.0,4.185208320617676,2.241534948348999,6,R1,2.0411364138126373,0.260692834854126
0.0,nan,nan,3.997148036956787,00000_001830_07,1.0,8.1257905960083,7.828973293304443,0.9968340992927551,coef_energy_material_checkpoint_lambdas,0.0,4.178145885467529,2.2244317531585693,24,R1,3.3552165031433105,0.3908039331436157
0.0,nan,nan,-0.3907420039176941,00000_001830_07,1.0,2.6701395511627197,2.64139461517334,0.9419156908988953,coef_energy_material_checkpoint_lambdas,0.0,4.152864933013916,2.284250497817993,33,R1,3.9248233437538147,3.9248233437538147
0.0,nan,nan,-0.3029591739177704,00000_001830_07,2.0,0.3694557845592499,0.0647030770778656,0.9979658126831055,coef_energy_material_checkpoint_lambdas,0.0,4.119927883148193,2.3152759075164795,36,R1,3.3875994086265564,1.6612417995929718
0.0,nan,nan,4.839627742767334,00000_001830_07,1.0,6.265969276428223,4.839628219604492,-0.11751759797334671,coef_energy_material_checkpoint_lambdas,0.0,4.132314205169678,2.3131039142608643,39,R1,3.7712066769599915,0.334156334400177
0.0,nan,nan,3.099503993988037,00000_001830_07,1.0,3.5213046073913574,3.373344659805298,0.9617879390716553,coef_energy_material_checkpoint_lambdas,0.0,4.220799446105957,2.2580525875091553,48,R1,4.408696293830872,0.5749514698982239
0.0,nan,nan,6.863023281097412,00000_001830_07,2.0,8.047574043273926,8.017961502075195,0.9965306520462036,coef_energy_material_checkpoint_lambdas,0.0,4.1939005851745605,2.29472017288208,51,R1,4.403908669948578,0.6003627777099609
0.0,nan,nan,6.846087455749512,00000_001830_07,4.0,6.995561122894287,5.480060577392578,0.9842760562896729,coef_energy_material_checkpoint_lambdas,0.0,4.241840362548828,2.2669918537139893,54,R1,4.400504291057587,3.3272945284843445
0.0,nan,nan,0.28411293029785156,00000_001830_07,7.0,0.37613970041275024,0.28411293029785156,0.9985312819480896,coef_energy_material_checkpoint_lambdas,0.0,4.326549530029297,2.1881487369537354,57,R1,4.400000095367432,4.403143465518951
0.0,nan,nan,6.824193000793457,00000_001831_00,1.0,7.149868965148926,6.824192523956299,0.9975107312202454,coef_energy_material_checkpoint_lambdas,0.0,4.164308547973633,2.295760154724121,0,R2,4.279005348682404,0.484188437461853
0.0,nan,nan,6.739284515380859,00000_001831_00,3.0,7.020164966583252,6.739284992218018,0.24091710150241852,coef_energy_material_checkpoint_lambdas,0.0,4.200057506561279,2.259392499923706,3,R2,4.223764657974243,0.354282408952713
0.0,nan,nan,5.932444095611572,00000_001831_00,1.0,6.974059581756592,5.932444095611572,0.9906548857688904,coef_energy_material_checkpoint_lambdas,0.0,4.2053070068359375,2.2267112731933594,6,R2,2.0998583137989044,2.0540833175182343
0.0,nan,nan,2.189631462097168,00000_001831_00,3.0,2.220588445663452,2.123709201812744,0.9939078092575073,coef_energy_material_checkpoint_lambdas,0.0,4.200991153717041,2.239327907562256,9,R2,2.0419840216636658,1.295700341463089
0.0,nan,nan,0.41624531149864197,00000_001831_00,1.0,0.46181777119636536,0.4581427574157715,0.9708623290061951,coef_energy_material_checkpoint_lambdas,0.0,4.198690414428711,2.2370166778564453,12,R2,2.0478674173355103,0.278720498085022
0.0,nan,nan,0.3622940480709076,00000_001831_00,1.0,4.405757904052734,4.390836715698242,0.7864946126937866,coef_energy_material_checkpoint_lambdas,0.0,4.18695592880249,2.2295989990234375,33,R2,3.5644815266132355,3.5644815266132355
0.0,nan,nan,-0.5552406311035156,00000_001831_00,1.0,4.135545253753662,4.09810209274292,0.4219646751880646,coef_energy_material_checkpoint_lambdas,0.0,4.189652442932129,2.2337265014648438,36,R2,3.8678418695926666,3.8678418695926666
0.0,nan,nan,0.489818811416626,00000_001831_00,3.0,0.5894075036048889,0.5122821927070618,0.9873964786529541,coef_energy_material_checkpoint_lambdas,1.0,4.187139987945557,2.2388148307800293,39,R2,3.3239435255527496,3.945084720849991
0.0,nan,nan,0.5570268630981445,00000_001831_00,3.0,0.6270673871040344,0.5066904425621033,0.9999706745147705,coef_energy_material_checkpoint_lambdas,1.0,4.185085773468018,2.243208169937134,42,R2,3.3587360084056854,4.19107973575592
0.0,nan,nan,0.5269734263420105,00000_001831_00,2.0,4.313812732696533,4.2815046310424805,0.9769891500473022,coef_energy_material_checkpoint_lambdas,1.0,4.18311071395874,2.2536251544952393,45,R2,3.8678418695926666,4.18825563788414
0.0,nan,nan,-0.050211675465106964,00000_001831_00,4.0,0.20466318726539612,0.19840818643569946,1.0,coef_energy_material_checkpoint_lambdas,1.0,4.1888651847839355,2.252371072769165,48,R2,3.945084720849991,4.230209976434708
0.0,nan,nan,0.1659591794013977,00000_001831_00,3.0,4.348094940185547,4.344926834106445,0.7593184113502502,coef_energy_material_checkpoint_lambdas,1.0,4.165602207183838,2.254964828491211,51,R2,4.19107973575592,4.3651556968688965
0.0,nan,nan,0.051517367362976074,00000_001831_00,2.0,0.23453330993652344,0.12536144256591797,-0.14323511719703674,coef_energy_material_checkpoint_lambdas,0.0,4.12000846862793,2.288909673690796,54,R2,4.331706941127777,2.760174036026001
0.0,nan,nan,2.6738288402557373,00000_001831_00,4.0,2.673893690109253,0.8278672695159912,0.9980865120887756,coef_energy_material_checkpoint_lambdas,0.0,4.162136554718018,2.269681930541992,57,R2,4.221766799688339,0.5597075819969177
0.0,nan,nan,0.9614917635917664,00000_001831_00,3.0,3.649904489517212,3.5209851264953613,0.9999749064445496,coef_energy_material_checkpoint_lambdas,0.0,4.1654052734375,2.2969002723693848,63,R2,4.32819527387619,4.32819527387619
0.0,nan,nan,0.09438315033912659,00000_001831_00,7.0,0.09439172595739365,0.04334702342748642,0.9995909929275513,coef_energy_material_checkpoint_lambdas,0.0,4.157468318939209,2.305229902267456,66,R2,4.302229583263397,4.331716358661652
0.0,nan,nan,-0.10739997029304504,00000_001831_00,8.0,0.12210655212402344,0.1170239970088005,-0.47054430842399597,coef_energy_material_checkpoint_lambdas,0.0,4.13463830947876,2.326694965362549,69,R2,4.3870901465415955,4.395752906799316
0.0,nan,nan,0.0006935912533663213,00000_001831_00,12.0,0.0007156403735280037,0.00017627340275794268,0.8155430555343628,coef_energy_material_checkpoint_lambdas,0.0,4.164628028869629,2.2913968563079834,72,R2,4.32819527387619,4.400000095367432
0.0,nan,nan,-1.1609839702941827e-06,00000_001831_00,12.0,1.3960928981759935e-06,7.753653221698187e-07,0.0,coef_energy_material_checkpoint_lambdas,0.0,4.310695171356201,2.1980063915252686,75,R2,4.331716358661652,4.400000095367432
0.0,nan,nan,6.648319244384766,00000_001831_01,1.0,6.65786075592041,4.449121952056885,0.9598674178123474,coef_energy_material_checkpoint_lambdas,0.0,4.182170867919922,2.2772629261016846,0,R2,4.199469804763794,0.3845711052417755
0.0,nan,nan,6.137721061706543,00000_001831_01,2.0,6.686655521392822,6.676314353942871,0.4916616976261139,coef_energy_material_checkpoint_lambdas,0.0,4.2126145362854,2.2322404384613037,3,R2,2.0746362805366516,0.2677983343601227
0.0,nan,nan,2.453461170196533,00000_001831_01,4.0,2.4765665531158447,2.453461170196533,0.9934038519859314,coef_energy_material_checkpoint_lambdas,0.0,4.2010817527771,2.2251992225646973,6,R2,2.011856108903885,1.5473703742027283
0.0,nan,nan,1.3659186363220215,00000_001831_01,2.0,1.4121373891830444,1.2192258834838867,0.9961980581283569,coef_energy_material_checkpoint_lambdas,0.0,4.185971260070801,2.2516512870788574,9,R2,2.025573194026947,0.7879176437854767
0.0,nan,nan,1.0304005146026611,00000_001831_01,1.0,3.9856231212615967,3.850125312805176,0.9822248220443726,coef_energy_material_checkpoint_lambdas,0.0,4.185598373413086,2.2247674465179443,30,R2,3.5968103110790253,3.5968103110790253
0.0,nan,nan,-0.09071624279022217,00000_001831_01,1.0,2.732250928878784,2.7307446002960205,0.8621051907539368,coef_energy_material_checkpoint_lambdas,0.0,4.18405818939209,2.230525255203247,33,R2,3.728224366903305,3.728224366903305
0.0,nan,nan,0.3322274684906006,00000_001831_01,2.0,0.632718563079834,0.6302052736282349,0.8694949746131897,coef_energy_material_checkpoint_lambdas,1.0,4.191361427307129,2.2335166931152344,36,R2,3.2970795333385468,3.934239536523819
0.0,nan,nan,-0.22812430560588837,00000_001831_01,3.0,0.6197215914726257,0.5762066841125488,0.9998742938041687,coef_energy_material_checkpoint_lambdas,1.0,4.185038089752197,2.2409210205078125,39,R2,3.5968103110790253,4.112210005521774
0.0,nan,nan,1.4347546100616455,00000_001831_01,2.0,2.9270248413085938,2.551265001296997,0.9266547560691833,coef_energy_material_checkpoint_lambdas,1.0,4.1848673820495605,2.2493813037872314,42,R2,3.728224366903305,4.1865971982479095
0.0,nan,nan,-0.7640871405601501,00000_001831_01,4.0,2.118157148361206,1.9755405187606812,0.9626331329345703,coef_energy_material_checkpoint_lambdas,1.0,4.182804107666016,2.249967336654663,45,R2,3.934239536523819,4.2139483988285065
0.0,nan,nan,0.2786286771297455,00000_001831_01,4.0,3.9926958084106445,3.982961893081665,0.7565993070602417,coef_energy_material_checkpoint_lambdas,1.0,4.16318416595459,2.2552552223205566,48,R2,4.112210005521774,4.316565006971359
0.0,nan,nan,-0.09910110384225845,00000_001831_01,2.0,0.3965274691581726,0.34156450629234314,0.2391558140516281,coef_energy_material_checkpoint_lambdas,0.0,4.121543884277344,2.2809667587280273,51,R2,4.3487343192100525,3.8573394417762756
0.0,nan,nan,0.21929806470870972,00000_001831_01,3.0,0.2196023166179657,0.05838543921709061,0.9952633380889893,coef_energy_material_checkpoint_lambdas,0.0,4.123454570770264,2.28184175491333,54,R2,4.170364439487457,1.657990276813507
0.0,nan,nan,5.784276008605957,00000_001831_01,1.0,6.659883499145508,6.649838924407959,0.9828659296035767,coef_energy_material_checkpoint_lambdas,0.0,4.1401047706604,2.292497396469116,60,R2,4.4053730964660645,0.5657182335853577
0.0,nan,nan,4.6237664222717285,00000_001831_01,5.0,6.538896560668945,4.6237664222717285,0.9999997615814209,coef_energy_material_checkpoint_lambdas,0.0,4.116494178771973,2.30810809135437,63,R2,4.308847546577454,4.400997698307037
0.0,nan,nan,-0.00019032126874662936,00000_001831_01,13.0,0.00105453806463629,0.000842604786157608,0.5242761969566345,coef_energy_material_checkpoint_lambdas,0.0,4.273996829986572,2.206188678741455,66,R2,4.39943790435791,4.400000095367432
0.0,nan,nan,6.821969509124756,00000_001831_02,1.0,7.14754056930542,6.821969985961914,0.9975107908248901,coef_energy_material_checkpoint_lambdas,0.0,4.162964820861816,2.2949447631835938,0,R2,4.279005348682404,0.484188437461853
0.0,nan,nan,6.736861705780029,00000_001831_02,3.0,7.017561912536621,6.736861705780029,0.24095463752746582,coef_energy_material_checkpoint_lambdas,0.0,4.198459625244141,2.260504722595215,3,R2,4.223764657974243,0.354282408952713
0.0,nan,nan,5.933501720428467,00000_001831_02,1.0,6.975352764129639,5.933501720428467,0.9906563758850098,coef_energy_material_checkpoint_lambdas,0.0,4.205734729766846,2.2305123805999756,6,R2,2.0998583137989044,2.0540833175182343
0.0,nan,nan,2.1932735443115234,00000_001831_02,3.0,2.2242751121520996,2.127223491668701,0.9939059019088745,coef_energy_material_checkpoint_lambdas,0.0,4.208651542663574,2.236067533493042,9,R2,2.0419840216636658,1.295700341463089
0.0,nan,nan,0.4159935414791107,00000_001831_02,1.0,0.4615388810634613,0.45786601305007935,0.970862865447998,coef_energy_material_checkpoint_lambdas,0.0,4.1961212158203125,2.235701560974121,12,R2,2.0478674173355103,0.278720498085022
0.0,nan,nan,0.3622996211051941,00000_001831_02,1.0,4.413832664489746,4.398938179016113,0.7864021062850952,coef_energy_material_checkpoint_lambdas,0.0,4.195428848266602,2.2281577587127686,33,R2,3.5644815266132355,3.5644815266132355
0.0,nan,nan,-0.5535628795623779,00000_001831_02,1.0,4.131215572357178,4.093959808349609,0.42172184586524963,coef_energy_material_checkpoint_lambdas,0.0,4.185787677764893,2.2269768714904785,36,R2,3.8678418695926666,3.8678418695926666
0.0,nan,nan,0.4882517457008362,00000_001831_02,3.0,0.5876566171646118,0.5108599662780762,0.9873422980308533,coef_energy_material_checkpoint_lambdas,1.0,4.183623313903809,2.2299365997314453,39,R2,3.3239435255527496,3.945084720849991
0.0,nan,nan,0.553413987159729,00000_001831_02,3.0,0.6230090856552124,0.5034211874008179,0.9999704957008362,coef_energy_material_checkpoint_lambdas,1.0,4.172812461853027,2.2282838821411133,42,R2,3.3587360084056854,4.19107973575592
0.0,nan,nan,6.0159502029418945,00000_001831_02,2.0,6.549685955047607,4.888285160064697,0.9401882886886597,coef_energy_material_checkpoint_lambdas,0.0,4.184944152832031,2.255929708480835,48,R2,4.229243695735931,1.6735753417015076
0.0,nan,nan,0.8680754899978638,00000_001831_02,3.0,2.7319977283477783,2.4455230236053467,0.9530706405639648,coef_energy_material_checkpoint_lambdas,0.0,4.176548004150391,2.270841598510742,51,R2,4.164910316467285,3.856042444705963
0.0,nan,nan,0.006817698944360018,00000_001831_02,4.0,0.019535988569259644,0.019423920661211014,0.8142500519752502,coef_energy_material_checkpoint_lambdas,0.0,4.158092498779297,2.2584495544433594,54,R2,4.234557509422302,2.2063757181167603
0.0,nan,nan,2.664605140686035,00000_001831_02,4.0,2.6646697521209717,0.8250231146812439,0.9980868101119995,coef_energy_material_checkpoint_lambdas,0.0,4.147469520568848,2.277772903442383,57,R2,4.221766799688339,0.5597075819969177
0.0,nan,nan,7.364542484283447,00000_001831_02,1.0,7.657906532287598,6.691945552825928,0.9999829530715942,coef_energy_material_checkpoint_lambdas,0.0,4.109972953796387,2.3077938556671143,63,R2,4.398473918437958,0.5822409391403198
0.0,nan,nan,0.8228434920310974,00000_001831_02,8.0,2.6566457748413086,0.8228434920310974,0.9977511167526245,coef_energy_material_checkpoint_lambdas,0.0,4.1310319900512695,2.2903289794921875,66,R2,4.38721889257431,4.400006651878357
0.0,nan,nan,-9.738157677929848e-05,00000_001831_02,13.0,0.00014216426643542945,0.00010357367136748508,0.004791146609932184,coef_energy_material_checkpoint_lambdas,0.0,4.135584354400635,2.298079490661621,69,R2,4.317104876041412,4.400000095367432
0.0,nan,nan,-1.6891551979369979e-07,00000_001831_02,13.0,2.219918826540379e-07,1.4404146497781767e-07,0.0,coef_energy_material_checkpoint_lambdas,0.0,4.137263774871826,2.2955784797668457,72,R2,4.399453639984131,4.400000095367432
0.0,nan,nan,-7.35076943758628e-10,00000_001831_02,16.0,3.2702269781026416e-09,3.1865414751308663e-09,0.0,coef_energy_material_checkpoint_lambdas,0.0,4.197517395019531,2.2592573165893555,75,R2,4.400000095367432,4.400000095367432
0.0,nan,nan,-6.525024270898072e-11,00000_001831_02,16.0,1.3423316624905368e-10,3.680973234554408e-11,0.0,coef_energy_material_checkpoint_lambdas,0.0,4.32241153717041,2.2096588611602783,78,R2,4.400000095367432,4.400000095367432
0.0,nan,nan,6.825985908508301,00000_001831_03,1.0,7.151769161224365,6.825986385345459,0.9975101351737976,coef_energy_material_checkpoint_lambdas,0.0,4.165968894958496,2.2933144569396973,0,R2,4.279005348682404,0.484188437461853
0.0,nan,nan,6.745385646820068,00000_001831_03,3.0,7.02656364440918,6.745385646820068,0.2408965528011322,coef_energy_material_checkpoint_lambdas,0.0,4.2039079666137695,2.2603838443756104,3,R2,4.223764657974243,0.354282408952713
0.0,nan,nan,5.93232536315918,00000_001831_03,1.0,6.973928928375244,5.93232536315918,0.9906551241874695,coef_energy_material_checkpoint_lambdas,0.0,4.205165863037109,2.2272679805755615,6,R2,2.0998583137989044,2.0540833175182343
0.0,nan,nan,2.189739227294922,00000_001831_03,3.0,2.220698356628418,2.1238155364990234,0.9939080476760864,coef_energy_material_checkpoint_lambdas,0.0,4.201131820678711,2.2401301860809326,9,R2,2.0419840216636658,1.295700341463089
0.0,nan,nan,0.41582101583480835,00000_001831_03,1.0,0.46136051416397095,0.457685649394989,0.9708771109580994,coef_energy_material_checkpoint_lambdas,0.0,4.193498611450195,2.235874652862549,12,R2,2.0478674173355103,0.278720498085022
0.0,nan,nan,0.3621666133403778,00000_001831_03,1.0,4.410921096801758,4.3960280418396,0.7864170670509338,coef_energy_material_checkpoint_lambdas,0.0,4.192532539367676,2.2275776863098145,33,R2,3.5644815266132355,3.5644815266132355
0.0,nan,nan,-0.5538018345832825,00000_001831_03,1.0,4.138927459716797,4.101709842681885,0.4215462803840637,coef_energy_material_checkpoint_lambdas,0.0,4.193979263305664,2.227938175201416,36,R2,3.8678418695926666,3.8678418695926666
0.0,nan,nan,0.4897151589393616,00000_001831_03,3.0,0.5893376469612122,0.5122620463371277,0.9873746037483215,coef_energy_material_checkpoint_lambdas,1.0,4.190278053283691,2.237642288208008,39,R2,3.3239435255527496,3.945084720849991
0.0,nan,nan,0.5550934076309204,00000_001831_03,3.0,0.6249037981033325,0.5049569606781006,0.9999704957008362,coef_energy_material_checkpoint_lambdas,1.0,4.192519664764404,2.234868049621582,42,R2,3.3587360084056854,4.19107973575592
0.0,nan,nan,0.5267277359962463,00000_001831_03,2.0,4.311920166015625,4.279627799987793,0.9769898056983948,coef_energy_material_checkpoint_lambdas,1.0,4.181210517883301,2.253270387649536,45,R2,3.8678418695926666,4.18825563788414
0.0,nan,nan,-0.05029449239373207,00000_001831_03,4.0,0.20500074326992035,0.19873543083667755,1.0000001192092896,coef_energy_material_checkpoint_lambdas,1.0,4.192187786102295,2.2560861110687256,48,R2,3.945084720849991,4.230209976434708
0.0,nan,nan,0.16689135134220123,00000_001831_03,3.0,4.36550235748291,4.362310886383057,0.7593582272529602,coef_energy_material_checkpoint_lambdas,1.0,4.181979179382324,2.2676305770874023,51,R2,4.19107973575592,4.3651556968688965
0.0,nan,nan,-1.2037229537963867,00000_001831_03,2.0,2.6945884227752686,2.4107794761657715,0.8690239191055298,coef_energy_material_checkpoint_lambdas,0.0,4.178890705108643,2.273367404937744,54,R2,4.18825563788414,4.287355601787567
0.0,nan,nan,-0.004417833872139454,00000_001831_03,4.0,0.004531286656856537,0.0010076228063553572,0.5271347165107727,coef_energy_material_checkpoint_lambdas,0.0,4.236819744110107,2.232999324798584,57,R2,4.230209976434708,4.280316591262817
0.0,nan,nan,0.14422887563705444,00000_001831_03,5.0,0.144627183675766,0.10956986993551254,0.9973669648170471,coef_energy_material_checkpoint_lambdas,0.0,4.326548099517822,2.1759181022644043,60,R2,4.311585426330566,4.336213529109955
0.0,nan,nan,3.895879030227661,00000_001831_04,4.0,3.934488296508789,3.895879030227661,0.06499135494232178,coef_energy_material_checkpoint_lambdas,0.0,4.201943874359131,2.2353217601776123,0,R2,2.2414413690567017,1.5264942646026611
0.0,nan,nan,0.11828663945198059,00000_001831_04,3.0,0.12090492248535156,0.11699049174785614,0.7418845891952515,coef_energy_material_checkpoint_lambdas,0.0,4.198457717895508,2.2302086353302,3,R2,2.0803025364875793,0.7660008370876312
0.0,nan,nan,1.3269509077072144,00000_001831_04,2.0,5.732175350189209,4.394317150115967,0.9963549971580505,coef_energy_material_checkpoint_lambdas,0.0,4.1901021003723145,2.239102602005005,6,R2,2.0862569212913513,0.27841249108314514
0.0,nan,nan,1.0338791608810425,00000_001831_04,1.0,3.9982786178588867,3.862295389175415,0.9822148680686951,coef_energy_material_checkpoint_lambdas,0.0,4.200064659118652,2.2220828533172607,27,R2,3.5968103110790253,3.5968103110790253
0.0,nan,nan,-0.09080575406551361,00000_001831_04,1.0,2.7371251583099365,2.7356185913085938,0.8620917201042175,coef_energy_material_checkpoint_lambdas,0.0,4.191710948944092,2.2327260971069336,30,R2,3.728224366903305,3.728224366903305
0.0,nan,nan,0.3318712115287781,00000_001831_04,2.0,0.6325621008872986,0.6300780177116394,0.8697462677955627,coef_energy_material_checkpoint_lambdas,1.0,4.1865692138671875,2.236945867538452,33,R2,3.2970795333385468,3.934239536523819
0.0,nan,nan,-0.22802741825580597,00000_001831_04,3.0,0.6194678544998169,0.5759721398353577,0.9998744130134583,coef_energy_material_checkpoint_lambdas,1.0,4.181728839874268,2.240037441253662,36,R2,3.5968103110790253,4.112210005521774
0.0,nan,nan,1.4348561763763428,00000_001831_04,2.0,2.9279532432556152,2.5522732734680176,0.926602840423584,coef_energy_material_checkpoint_lambdas,1.0,4.187624931335449,2.242499589920044,39,R2,3.728224366903305,4.1865971982479095
0.0,nan,nan,-0.7651881575584412,00000_001831_04,4.0,2.1216623783111572,1.9788730144500732,0.9626556038856506,coef_energy_material_checkpoint_lambdas,1.0,4.188496112823486,2.2577128410339355,42,R2,3.934239536523819,4.2139483988285065
0.0,nan,nan,0.2797149121761322,00000_001831_04,4.0,4.008326530456543,3.9985547065734863,0.7565999627113342,coef_energy_material_checkpoint_lambdas,1.0,4.179476737976074,2.2641820907592773,45,R2,4.112210005521774,4.316565006971359
0.0,nan,nan,-0.4420279562473297,00000_001831_04,3.0,4.172740459442139,4.149261951446533,0.584602952003479,coef_energy_material_checkpoint_lambdas,1.0,4.185566425323486,2.2740745544433594,48,R2,4.1865971982479095,4.316539466381073
0.0,nan,nan,-0.04311675578355789,00000_001831_04,3.0,0.057796359062194824,0.03848849609494209,0.1676042675971985,coef_energy_material_checkpoint_lambdas,0.0,4.1775922775268555,2.276170015335083,51,R2,4.2139483988285065,4.280291140079498
0.0,nan,nan,0.10070479661226273,00000_001831_04,5.0,0.10095468163490295,0.00709867849946022,0.9980072975158691,coef_energy_material_checkpoint_lambdas,0.0,4.171047210693359,2.2855749130249023,54,R2,4.286404132843018,4.286404132843018
0.0,nan,nan,0.15175051987171173,00000_001831_04,4.0,0.15175053477287292,5.8166770031675696e-05,0.9999998807907104,coef_energy_material_checkpoint_lambdas,0.0,4.161999702453613,2.288922071456909,57,R2,4.316539466381073,4.3797972202301025
0.0,nan,nan,0.004370106849819422,00000_001831_04,4.0,0.004780974704772234,0.0019390425877645612,0.7581360340118408,coef_energy_material_checkpoint_lambdas,1.0,4.153127193450928,2.3050827980041504,60,R2,4.280291140079498,4.387865722179413
0.0,nan,nan,0.22810876369476318,00000_001831_04,4.0,0.24443155527114868,0.08782471716403961,-0.07986535131931305,coef_energy_material_checkpoint_lambdas,1.0,4.155478477478027,2.312037944793701,63,R2,4.286404132843018,4.3926679491996765
0.0,nan,nan,-0.6121407747268677,00000_001831_04,6.0,3.9928181171417236,3.945615291595459,0.7953256964683533,coef_energy_material_checkpoint_lambdas,0.0,4.131208896636963,2.3210620880126953,66,R2,4.3797972202301025,4.400882661342621
0.0,nan,nan,-0.026461338624358177,00000_001831_04,6.0,0.3819311559200287,0.3810133934020996,0.9970563650131226,coef_energy_material_checkpoint_lambdas,0.0,4.283671855926514,2.2126431465148926,69,R2,4.387865722179413,4.409950017929077
0.0,nan,nan,3.441408157348633,00000_001831_05,3.0,7.402114391326904,7.067448139190674,-0.5868987441062927,coef_energy_material_checkpoint_lambdas,0.0,4.204807758331299,2.23374605178833,3,R2,4.170728027820587,0.3643651604652405
0.0,nan,nan,0.6819667816162109,00000_001831_05,4.0,0.8127598166465759,0.169573575258255,0.6330511569976807,coef_energy_material_checkpoint_lambdas,0.0,4.210081577301025,2.231027841567993,6,R2,2.1335373520851135,2.093410849571228
0.0,nan,nan,0.04448053240776062,00000_001831_05,3.0,0.10470017045736313,0.08217234909534454,0.9999905228614807,coef_energy_material_checkpoint_lambdas,0.0,4.214285850524902,2.2256131172180176,9,R2,3.0402447283267975,1.287484586238861
0.0,nan,nan,0.41019415855407715,00000_001831_05,2.0,0.5311707258224487,0.05142681300640106,0.9404007196426392,coef_energy_material_checkpoint_lambdas,0.0,4.2075090408325195,2.2229557037353516,12,R2,2.449437975883484,0.5333684980869293
0.0,nan,nan,0.3621441721916199,00000_001831_05,1.0,4.413175106048584,4.398291110992432,0.7863878607749939,coef_energy_material_checkpoint_lambdas,0.0,4.194926738739014,2.2269740104675293,36,R2,3.5644815266132355,3.5644815266132355
0.0,nan,nan,-0.554460883140564,00000_001831_05,1.0,4.138403415679932,4.101092338562012,0.42170751094818115,coef_energy_material_checkpoint_lambdas,0.0,4.19310188293457,2.2305896282196045,39,R2,3.8678418695926666,3.8678418695926666
0.0,nan,nan,0.48958271741867065,00000_001831_05,3.0,0.5891713500022888,0.5121123790740967,0.9873773455619812,coef_energy_material_checkpoint_lambdas,1.0,4.188634872436523,2.2371256351470947,42,R2,3.3239435255527496,3.945084720849991
0.0,nan,nan,0.5566710233688354,00000_001831_05,3.0,0.626667857170105,0.5063686966896057,0.9999707341194153,coef_energy_material_checkpoint_lambdas,1.0,4.184059143066406,2.241734027862549,45,R2,3.3587360084056854,4.19107973575592
0.0,nan,nan,0.5276145935058594,00000_001831_05,2.0,4.31884241104126,4.286492824554443,0.9769876599311829,coef_energy_material_checkpoint_lambdas,1.0,4.188107490539551,2.2550835609436035,48,R2,3.8678418695926666,4.18825563788414
0.0,nan,nan,-0.050092149525880814,00000_001831_05,4.0,0.20417600870132446,0.19793589413166046,1.0,coef_energy_material_checkpoint_lambdas,1.0,4.182013988494873,2.247009515762329,51,R2,3.945084720849991,4.230209976434708
0.0,nan,nan,0.1666615903377533,00000_001831_05,3.0,4.325355052947998,4.322143077850342,0.7595547437667847,coef_energy_material_checkpoint_lambdas,1.0,4.142059326171875,2.2645087242126465,54,R2,4.19107973575592,4.3651556968688965
0.0,nan,nan,-0.01505342312157154,00000_001831_05,2.0,0.0159421619027853,0.012621203437447548,0.861952543258667,coef_energy_material_checkpoint_lambdas,0.0,4.090099811553955,2.304020881652832,57,R2,4.3705432415008545,2.7571981549263
0.0,nan,nan,3.3243563175201416,00000_001831_05,3.0,3.5073704719543457,2.112042188644409,0.9961608052253723,coef_energy_material_checkpoint_lambdas,0.0,4.1872782707214355,2.24281907081604,60,R2,4.252506285905838,0.5563854575157166
0.0,nan,nan,0.07680843770503998,00000_001831_06,5.0,0.08365875482559204,0.03315494954586029,0.9992958307266235,coef_energy_material_checkpoint_lambdas,0.0,4.198374271392822,2.245255947113037,0,R2,2.7239789962768555,2.7239789962768555
0.0,nan,nan,1.8080962896347046,00000_001831_06,5.0,2.272758722305298,2.2330384254455566,-0.3617362380027771,coef_energy_material_checkpoint_lambdas,0.0,4.200195789337158,2.234846591949463,3,R2,2.254899501800537,1.8273856341838837
0.0,nan,nan,0.49623972177505493,00000_001831_06,4.0,0.5626546144485474,0.49623972177505493,0.7801229953765869,coef_energy_material_checkpoint_lambdas,0.0,4.19978141784668,2.232252359390259,6,R2,2.0513814091682434,1.0160821080207825
0.0,nan,nan,0.5312632918357849,00000_001831_06,3.0,1.800713062286377,0.8409597277641296,0.9752433896064758,coef_energy_material_checkpoint_lambdas,0.0,4.192706108093262,2.2374982833862305,9,R2,2.0635629892349243,0.26311251521110535
0.0,nan,nan,3.3700006008148193,00000_001831_06,1.0,6.748981475830078,5.847379207611084,0.7195879817008972,coef_energy_material_checkpoint_lambdas,0.0,4.193731784820557,2.2245032787323,30,R2,3.5745054483413696,3.5745054483413696
0.0,nan,nan,0.8668893575668335,00000_001831_06,1.0,4.356190204620361,4.269062519073486,0.7063784003257751,coef_energy_material_checkpoint_lambdas,0.0,4.191192626953125,2.227289915084839,33,R2,3.5915867686271667,3.5915867686271667
0.0,nan,nan,0.47063255310058594,00000_001831_06,1.0,2.5408196449279785,2.496851921081543,0.1882331669330597,coef_energy_material_checkpoint_lambdas,0.0,4.18456506729126,2.2355165481567383,36,R2,3.9262671768665314,3.9262671768665314
0.0,nan,nan,0.7154060006141663,00000_001831_06,4.0,0.7622714638710022,0.5553147792816162,0.9998552203178406,coef_energy_material_checkpoint_lambdas,1.0,4.186175346374512,2.240839958190918,39,R2,3.4284833669662476,4.002795696258545
0.0,nan,nan,0.8896434903144836,00000_001831_06,2.0,1.1388633251190186,0.7110162973403931,0.9858031272888184,coef_energy_material_checkpoint_lambdas,1.0,4.180102825164795,2.2512052059173584,42,R2,3.5915867686271667,4.197992295026779
0.0,nan,nan,-0.4449038505554199,00000_001831_06,3.0,4.212182998657227,4.1886210441589355,0.9930689334869385,coef_energy_material_checkpoint_lambdas,1.0,4.181136131286621,2.2563223838806152,45,R2,3.9262671768665314,4.199351340532303
0.0,nan,nan,0.578601062297821,00000_001831_06,4.0,1.7427794933319092,1.6439286470413208,-0.475473552942276,coef_energy_material_checkpoint_lambdas,1.0,4.189464569091797,2.263331890106201,48,R2,4.002795696258545,4.26068988442421
0.0,nan,nan,0.2488722950220108,00000_001831_06,2.0,4.345578670501709,4.338446140289307,0.5698238611221313,coef_energy_material_checkpoint_lambdas,1.0,4.186206817626953,2.2698094844818115,51,R2,4.197992295026779,4.36054801940918
0.0,nan,nan,-0.4301689565181732,00000_001831_06,2.0,0.6480101943016052,0.4846358299255371,0.9998365640640259,coef_energy_material_checkpoint_lambdas,0.0,4.1754913330078125,2.285189390182495,54,R2,4.199351340532303,4.2807987332344055
0.0,nan,nan,-0.022174086421728134,00000_001831_06,4.0,0.022391127422451973,0.0031100481282919645,0.998908519744873,coef_energy_material_checkpoint_lambdas,0.0,4.1802568435668945,2.289475202560425,57,R2,4.26068988442421,4.28079080581665
0.0,nan,nan,0.14092716574668884,00000_001831_06,3.0,0.1583966612815857,0.15838803350925446,0.9999864101409912,coef_energy_material_checkpoint_lambdas,0.0,4.166053771972656,2.284694194793701,60,R2,4.330812335014343,4.336190581321716
0.0,nan,nan,0.1916479766368866,00000_001831_06,3.0,0.3941574692726135,0.39377400279045105,0.5591080784797668,coef_energy_material_checkpoint_lambdas,0.0,4.156704425811768,2.3013644218444824,63,R2,4.284057915210724,2.707957148551941
0.0,nan,nan,0.32565808296203613,00000_001831_06,4.0,0.43468141555786133,0.287914514541626,-0.9682549834251404,coef_energy_material_checkpoint_lambdas,0.0,4.143056869506836,2.3280811309814453,66,R2,4.3273497223854065,1.0620852708816528
0.0,nan,nan,5.490954875946045,00000_001831_06,2.0,7.564216136932373,7.237921237945557,0.8624574542045593,coef_energy_material_checkpoint_lambdas,0.0,4.103775978088379,2.3678042888641357,69,R2,4.397472441196442,0.5616614818572998
0.0,nan,nan,3.895879030227661,00000_001831_07,4.0,3.934488296508789,3.895879030227661,0.06499135494232178,coef_energy_material_checkpoint_lambdas,0.0,4.201943874359131,2.2353217601776123,0,R2,2.2414413690567017,1.5264942646026611
0.0,nan,nan,0.11800935864448547,00000_001831_07,3.0,0.12063443660736084,0.11674415320158005,0.7422237396240234,coef_energy_material_checkpoint_lambdas,0.0,4.18671989440918,2.243476152420044,3,R2,2.0803025364875793,0.7660008370876312
0.0,nan,nan,1.325203776359558,00000_001831_07,2.0,5.725706577301025,4.389523029327393,0.9963588714599609,coef_energy_material_checkpoint_lambdas,0.0,4.183183193206787,2.253945827484131,6,R2,2.0862569212913513,0.27841249108314514
0.0,nan,nan,1.0322145223617554,00000_001831_07,1.0,3.9922080039978027,3.8564565181732178,0.9822193384170532,coef_energy_material_checkpoint_lambdas,0.0,4.193148136138916,2.2231812477111816,27,R2,3.5968103110790253,3.5968103110790253
0.0,nan,nan,-0.0906456783413887,00000_001831_07,1.0,2.7356574535369873,2.7341551780700684,0.8620710372924805,coef_energy_material_checkpoint_lambdas,0.0,4.18975305557251,2.228790283203125,30,R2,3.728224366903305,3.728224366903305
0.0,nan,nan,0.3326174318790436,00000_001831_07,2.0,0.6329423189163208,0.6303995251655579,0.8692448735237122,coef_energy_material_checkpoint_lambdas,1.0,4.196577548980713,2.230346441268921,33,R2,3.2970795333385468,3.934239536523819
0.0,nan,nan,-0.2283688187599182,00000_001831_07,3.0,0.6204470992088318,0.576890230178833,0.9998750686645508,coef_energy_material_checkpoint_lambdas,1.0,4.179601192474365,2.243764638900757,36,R2,3.5968103110790253,4.112210005521774
0.0,nan,nan,1.4336477518081665,00000_001831_07,2.0,2.9246325492858887,2.549142837524414,0.9266645312309265,coef_energy_material_checkpoint_lambdas,1.0,4.181180953979492,2.2489566802978516,39,R2,3.728224366903305,4.1865971982479095
0.0,nan,nan,-0.7642494440078735,00000_001831_07,4.0,2.1195743083953857,1.9769973754882812,0.9626810550689697,coef_energy_material_checkpoint_lambdas,1.0,4.182976722717285,2.2600629329681396,42,R2,3.934239536523819,4.2139483988285065
0.0,nan,nan,0.28054651618003845,00000_001831_07,4.0,4.015301704406738,4.005488872528076,0.7565436959266663,coef_energy_material_checkpoint_lambdas,1.0,4.187167167663574,2.260690689086914,45,R2,4.112210005521774,4.316565006971359
0.0,nan,nan,-0.4422583281993866,00000_001831_07,3.0,4.174249649047852,4.150754928588867,0.5845891833305359,coef_energy_material_checkpoint_lambdas,1.0,4.187131881713867,2.2735366821289062,48,R2,4.1865971982479095,4.316539466381073
0.0,nan,nan,-0.043405402451753616,00000_001831_07,3.0,0.05825025215744972,0.03884665668010712,0.16633526980876923,coef_energy_material_checkpoint_lambdas,0.0,4.211318492889404,2.241983652114868,51,R2,4.2139483988285065,4.280291140079498
0.0,nan,nan,0.09638902544975281,00000_001831_07,5.0,0.09666217118501663,0.007261576130986214,0.9976915121078491,coef_energy_material_checkpoint_lambdas,0.0,4.2981462478637695,2.192781925201416,54,R2,4.286404132843018,4.286404132843018
0.0,nan,nan,-0.0005552028305828571,00000_001832_00,5.0,0.00840497761964798,0.005537648685276508,-0.35512232780456543,coef_energy_material_checkpoint_lambdas,1.0,4.209994316101074,2.2600958347320557,0,R2,3.716336041688919,3.912403792142868
0.0,nan,nan,0.010932969860732555,00000_001832_00,5.0,0.012396159581840038,0.0058425115421414375,0.9998466372489929,coef_energy_material_checkpoint_lambdas,0.0,4.195221900939941,2.251929759979248,3,R2,3.025322675704956,3.025322675704956
0.0,nan,nan,0.37568461894989014,00000_001832_00,4.0,0.37805551290512085,0.29554104804992676,0.39460164308547974,coef_energy_material_checkpoint_lambdas,0.0,4.195821285247803,2.249812602996826,6,R2,2.3543641269207,2.2215876281261444
0.0,nan,nan,1.163893461227417,00000_001832_00,2.0,4.212723255157471,4.141822338104248,0.501959502696991,coef_energy_material_checkpoint_lambdas,0.0,4.1957197189331055,2.2411839962005615,9,R2,3.774674743413925,1.2679243385791779
0.0,nan,nan,0.14299774169921875,00000_001832_00,4.0,0.27520832419395447,0.022742822766304016,0.9455351829528809,coef_energy_material_checkpoint_lambdas,0.0,4.197023868560791,2.233849287033081,12,R2,2.069870889186859,0.5157062411308289
0.0,nan,nan,4.56038236618042,00000_001832_00,1.0,6.596796989440918,6.595184803009033,0.6592433452606201,coef_energy_material_checkpoint_lambdas,0.0,4.199660301208496,2.2202398777008057,33,R2,3.781621754169464,0.39479124546051025
0.0,nan,nan,-0.5021024346351624,00000_001832_00,1.0,4.1964335441589355,4.166286945343018,0.9526525139808655,coef_energy_material_checkpoint_lambdas,0.0,4.195124626159668,2.2209179401397705,36,R2,3.6040522158145905,3.6040522158145905
0.0,nan,nan,0.0990491658449173,00000_001832_00,1.0,4.141124248504639,4.139939308166504,0.909026026725769,coef_energy_material_checkpoint_lambdas,0.0,4.201479434967041,2.2308173179626465,39,R2,3.6869101524353027,3.6869101524353027
0.0,nan,nan,-0.18666279315948486,00000_001832_00,2.0,0.34766197204589844,0.17885881662368774,0.9982889890670776,coef_energy_material_checkpoint_lambdas,1.0,4.1835222244262695,2.235016107559204,42,R2,3.3109635412693024,3.942036420106888
0.0,nan,nan,-0.31843918561935425,00000_001832_00,3.0,0.5369206070899963,0.432296484708786,0.9999960660934448,coef_energy_material_checkpoint_lambdas,1.0,4.185203552246094,2.24375057220459,45,R2,3.6040522158145905,4.120329290628433
0.0,nan,nan,1.5138229131698608,00000_001832_00,2.0,3.0842771530151367,2.687211513519287,0.9675899147987366,coef_energy_material_checkpoint_lambdas,1.0,4.1858391761779785,2.248986005783081,48,R2,3.6869101524353027,4.300273835659027
0.0,nan,nan,-0.1070231944322586,00000_001832_00,3.0,0.16929396986961365,0.1311734914779663,0.46534639596939087,coef_energy_material_checkpoint_lambdas,1.0,4.194120407104492,2.257127285003662,51,R2,3.942036420106888,4.3155837059021
0.0,nan,nan,-0.1486518234014511,00000_001832_00,2.0,3.9948413372039795,3.992074489593506,0.45689696073532104,coef_energy_material_checkpoint_lambdas,1.0,4.186251640319824,2.2530486583709717,54,R2,4.120329290628433,4.341628670692444
0.0,nan,nan,0.1062655970454216,00000_001832_00,2.0,2.6571128368377686,2.654987096786499,0.5696759223937988,coef_energy_material_checkpoint_lambdas,1.0,4.183960437774658,2.2532238960266113,57,R2,4.300273835659027,4.401144206523895
0.0,nan,nan,0.006745941936969757,00000_001832_00,2.0,0.006812780164182186,0.004096957854926586,0.8553333282470703,coef_energy_material_checkpoint_lambdas,0.0,4.1636552810668945,2.268500804901123,60,R2,4.27924382686615,1.6789951920509338
0.0,nan,nan,6.482860565185547,00000_001832_00,2.0,6.482860565185547,4.584091663360596,1.0,coef_energy_material_checkpoint_lambdas,0.0,4.103418827056885,2.3092851638793945,63,R2,4.291393220424652,0.5763508677482605
0.0,nan,nan,-0.5141831636428833,00000_001832_00,2.0,1.3029146194458008,0.10922039300203323,0.9225367903709412,coef_energy_material_checkpoint_lambdas,0.0,4.123562812805176,2.293018102645874,66,R2,4.406102418899536,1.6578392386436462
0.0,nan,nan,4.910452842712402,00000_001832_00,1.0,6.207050800323486,6.156886577606201,0.9861237406730652,coef_energy_material_checkpoint_lambdas,0.0,4.251784324645996,2.2215888500213623,69,R2,4.402599334716797,2.2292893528938293
0.0,nan,nan,7.287810325622559,00000_001832_01,1.0,7.671718597412109,3.458698034286499,0.999039888381958,coef_energy_material_checkpoint_lambdas,0.0,4.184535026550293,2.2329893112182617,0,R2,2.1296865940093994,0.2806534469127655
0.0,nan,nan,6.115546226501465,00000_001832_01,4.0,6.858884811401367,6.8587517738342285,0.9956704378128052,coef_energy_material_checkpoint_lambdas,0.0,4.171787261962891,2.21476674079895,3,R2,2.069870889186859,0.2968041002750397
0.0,nan,nan,5.067545413970947,00000_001832_01,4.0,7.118805885314941,5.067545413970947,0.9950867295265198,coef_energy_material_checkpoint_lambdas,0.0,4.171629428863525,2.201097011566162,6,R2,2.0122242271900177,0.33757543563842773
0.0,nan,nan,6.532373905181885,00000_001832_01,1.0,6.736321449279785,5.782297134399414,0.9992877244949341,coef_energy_material_checkpoint_lambdas,0.0,4.175434589385986,2.2054882049560547,9,R2,2.070572644472122,0.3368338346481323
0.0,nan,nan,0.7347899079322815,00000_001832_01,1.0,2.206428050994873,2.0804827213287354,0.08117156475782394,coef_energy_material_checkpoint_lambdas,0.0,4.192821502685547,2.2243502140045166,30,R2,3.4943053126335144,3.4943053126335144
0.0,nan,nan,0.1468833088874817,00000_001832_01,2.0,2.9967544078826904,2.993152379989624,0.9559643864631653,coef_energy_material_checkpoint_lambdas,0.0,4.182995796203613,2.2302768230438232,33,R2,3.611810088157654,3.611810088157654
0.0,nan,nan,0.0030008554458618164,00000_001832_01,2.0,0.5182674527168274,0.46488678455352783,0.6757969260215759,coef_energy_material_checkpoint_lambdas,1.0,4.192509651184082,2.233937978744507,36,R2,3.305227279663086,3.9124630987644196
0.0,nan,nan,-0.39972350001335144,00000_001832_01,3.0,0.5015166997909546,0.30288633704185486,0.9999801516532898,coef_energy_material_checkpoint_lambdas,1.0,4.185080051422119,2.2363908290863037,39,R2,3.4943053126335144,4.010740756988525
0.0,nan,nan,0.824458122253418,00000_001832_01,2.0,1.203236699104309,0.8763830661773682,0.9994630217552185,coef_energy_material_checkpoint_lambdas,1.0,4.193134784698486,2.24947190284729,42,R2,3.611810088157654,4.287718951702118
0.0,nan,nan,-0.6839430332183838,00000_001832_01,3.0,1.9611191749572754,1.8379907608032227,0.7966630458831787,coef_energy_material_checkpoint_lambdas,1.0,4.186433792114258,2.2536115646362305,45,R2,3.9124630987644196,4.313389301300049
0.0,nan,nan,0.7710990905761719,00000_001832_01,4.0,2.350909948348999,2.2208518981933594,0.02585909701883793,coef_energy_material_checkpoint_lambdas,1.0,4.192529201507568,2.261561632156372,48,R2,4.010740756988525,4.320790767669678
0.0,nan,nan,0.15806414186954498,00000_001832_01,2.0,4.002798557281494,3.9996767044067383,0.48889803886413574,coef_energy_material_checkpoint_lambdas,1.0,4.182555198669434,2.2578864097595215,51,R2,4.287718951702118,4.397306263446808
0.0,nan,nan,-1.214754343032837,00000_001832_01,3.0,2.6799893379211426,2.3888731002807617,0.9976720809936523,coef_energy_material_checkpoint_lambdas,0.0,4.164524555206299,2.2649528980255127,54,R2,4.313389301300049,4.400112628936768
0.0,nan,nan,1.194923996925354,00000_001832_01,3.0,2.6355819702148438,0.8161525726318359,0.9978851079940796,coef_energy_material_checkpoint_lambdas,0.0,4.100951671600342,2.311575412750244,57,R2,4.28631466627121,0.5596927404403687
0.0,nan,nan,4.598771572113037,00000_001832_01,1.0,6.501899242401123,4.598771572113037,0.9999426603317261,coef_energy_material_checkpoint_lambdas,0.0,4.115311622619629,2.2975616455078125,60,R2,4.404113352298737,2.2079570293426514
0.0,nan,nan,-0.33363959193229675,00000_001832_01,4.0,0.9690953493118286,0.604238748550415,0.9947556853294373,coef_energy_material_checkpoint_lambdas,0.0,4.333601474761963,2.1868715286254883,66,R2,4.400740146636963,0.5558822154998779
0.0,nan,nan,7.287810325622559,00000_001832_02,1.0,7.671718597412109,3.458698034286499,0.999039888381958,coef_energy_material_checkpoint_lambdas,0.0,4.184535026550293,2.2329893112182617,0,R1,2.1296865940093994,0.2806534469127655
0.0,nan,nan,6.115546226501465,00000_001832_02,4.0,6.858884811401367,6.8587517738342285,0.9956704378128052,coef_energy_material_checkpoint_lambdas,0.0,4.171787261962891,2.21476674079895,3,R1,2.069870889186859,0.2968041002750397
0.0,nan,nan,5.066084861755371,00000_001832_02,4.0,7.116766929626465,5.066084861755371,0.9950865507125854,coef_energy_material_checkpoint_lambdas,0.0,4.170508861541748,2.1998884677886963,6,R1,2.0122242271900177,0.33757543563842773
0.0,nan,nan,6.543584823608398,00000_001832_02,1.0,6.747912406921387,6.543584823608398,0.9992883801460266,coef_energy_material_checkpoint_lambdas,0.0,4.180697441101074,2.2163095474243164,9,R1,2.070572644472122,0.2813122868537903
0.0,nan,nan,0.7346720695495605,00000_001832_02,1.0,2.206852912902832,2.08097505569458,0.08104732632637024,coef_energy_material_checkpoint_lambdas,0.0,4.193671226501465,2.2157113552093506,30,R1,3.4943053126335144,3.4943053126335144
0.0,nan,nan,0.14589877426624298,00000_001832_02,2.0,2.995673656463623,2.2189135551452637,0.9558731913566589,coef_energy_material_checkpoint_lambdas,0.0,4.185728549957275,2.215327501296997,33,R1,3.611810088157654,0.40488681197166443
0.0,nan,nan,2.2267584800720215,00000_001832_02,1.0,2.6724648475646973,2.3175368309020996,0.14084671437740326,coef_energy_material_checkpoint_lambdas,0.0,4.182546138763428,2.240835189819336,36,R1,3.560821235179901,3.6433209478855133
0.0,nan,nan,-0.15397796034812927,00000_001832_02,2.0,0.3493613302707672,0.21163013577461243,0.9964954257011414,coef_energy_material_checkpoint_lambdas,0.0,4.184299468994141,2.2295994758605957,39,R1,3.41316294670105,2.0444786846637726
0.0,nan,nan,2.9557695388793945,00000_001832_02,1.0,3.133388042449951,2.2520413398742676,0.9961155652999878,coef_energy_material_checkpoint_lambdas,0.0,4.16277551651001,2.2386457920074463,42,R1,3.840341329574585,0.5468849539756775
0.0,nan,nan,2.220367193222046,00000_001832_02,2.0,6.9285502433776855,6.928481101989746,0.9938514828681946,coef_energy_material_checkpoint_lambdas,0.0,4.167665958404541,2.2460474967956543,48,R1,4.256894499063492,0.5655144453048706
0.0,nan,nan,5.725656986236572,00000_001832_02,4.0,7.755825042724609,6.773746490478516,0.9995616674423218,coef_energy_material_checkpoint_lambdas,0.0,4.155426502227783,2.253251314163208,51,R1,4.3450241684913635,0.5848493576049805
0.0,nan,nan,2.823845863342285,00000_001832_02,2.0,3.8165807723999023,3.3287465572357178,0.99986732006073,coef_energy_material_checkpoint_lambdas,0.0,4.138384819030762,2.2949776649475098,60,R1,4.400161623954773,4.401024878025055
0.0,nan,nan,0.011859309859573841,00000_001832_02,9.0,0.012780928052961826,0.005016162525862455,0.9997005462646484,coef_energy_material_checkpoint_lambdas,0.0,4.118311405181885,2.3058838844299316,63,R1,4.400000095367432,4.400000095367432
0.0,nan,nan,-1.4123145319899777e-07,00000_001832_02,13.0,1.8928963072539773e-06,1.4346147736432613e-06,0.0,coef_energy_material_checkpoint_lambdas,0.0,4.103351593017578,2.316868543624878,66,R1,4.400000095367432,4.400000095367432
0.0,nan,nan,5.178501377711697e-11,00000_001832_02,16.0,1.583010666994511e-10,6.915944900098836e-11,0.0,coef_energy_material_checkpoint_lambdas,0.0,4.1138834953308105,2.3133323192596436,69,R1,4.400000095367432,4.400000095367432
0.0,nan,nan,-2.4838911851822465e-13,00000_001832_02,16.0,5.997077292228814e-13,5.45849986304664e-13,0.0,coef_energy_material_checkpoint_lambdas,0.0,4.11601448059082,2.318955183029175,72,R1,4.400000095367432,4.400000095367432
0.0,nan,nan,-3.773455547052655e-15,00000_001832_02,16.0,6.413840202760916e-15,5.186364524829715e-15,0.0,coef_energy_material_checkpoint_lambdas,0.0,4.1857590675354,2.2652366161346436,75,R1,4.400000095367432,4.400000095367432
0.0,nan,nan,-1.3105436034983894e-17,00000_001832_02,16.0,1.874779546624693e-17,2.1270363963023784e-19,0.0,coef_energy_material_checkpoint_lambdas,0.0,4.309822082519531,2.226503849029541,78,R1,4.400000095367432,4.400000095367432
0.0,nan,nan,-0.0005552028305828571,00000_001832_03,5.0,0.00840497761964798,0.005537648685276508,-0.35512232780456543,coef_energy_material_checkpoint_lambdas,1.0,4.209994316101074,2.2600958347320557,0,R2,3.716336041688919,3.912403792142868
0.0,nan,nan,0.010928530246019363,00000_001832_03,5.0,0.012391051277518272,0.005839981138706207,0.9998463988304138,coef_energy_material_checkpoint_lambdas,0.0,4.196187973022461,2.2510669231414795,3,R2,3.025322675704956,3.025322675704956
0.0,nan,nan,0.37568461894989014,00000_001832_03,4.0,0.37805551290512085,0.29554104804992676,0.39460164308547974,coef_energy_material_checkpoint_lambdas,0.0,4.195821285247803,2.249812602996826,6,R2,2.3543641269207,2.2215876281261444
0.0,nan,nan,1.1634118556976318,00000_001832_03,2.0,4.2115936279296875,4.140679836273193,0.5019958019256592,coef_energy_material_checkpoint_lambdas,0.0,4.194493293762207,2.2424886226654053,9,R2,3.774674743413925,1.2679243385791779
0.0,nan,nan,0.14266280829906464,00000_001832_03,4.0,0.2746743857860565,0.022631656378507614,0.9456149339675903,coef_energy_material_checkpoint_lambdas,0.0,4.185900688171387,2.251995086669922,12,R2,2.069870889186859,0.5157062411308289
0.0,nan,nan,4.558714389801025,00000_001832_03,1.0,6.594738006591797,6.593118667602539,0.6592819094657898,coef_energy_material_checkpoint_lambdas,0.0,4.198160648345947,2.224691390991211,33,R2,3.781621754169464,0.39479124546051025
0.0,nan,nan,-0.5020544528961182,00000_001832_03,1.0,4.193484306335449,4.163322448730469,0.9526745676994324,coef_energy_material_checkpoint_lambdas,0.0,4.1912150382995605,2.226175546646118,36,R2,3.6040522158145905,3.6040522158145905
0.0,nan,nan,0.09912647306919098,00000_001832_03,1.0,4.137023448944092,4.135835647583008,0.9090437293052673,coef_energy_material_checkpoint_lambdas,0.0,4.196930408477783,2.232558488845825,39,R2,3.6869101524353027,3.6869101524353027
0.0,nan,nan,-0.18647798895835876,00000_001832_03,2.0,0.34738999605178833,0.17875830829143524,0.9982811808586121,coef_energy_material_checkpoint_lambdas,1.0,4.189687252044678,2.2335104942321777,42,R2,3.3109635412693024,3.942036420106888
0.0,nan,nan,-0.31850919127464294,00000_001832_03,3.0,0.537040114402771,0.43239331245422363,0.9999960660934448,coef_energy_material_checkpoint_lambdas,1.0,4.189140319824219,2.2442498207092285,45,R2,3.6040522158145905,4.120329290628433
0.0,nan,nan,1.513936161994934,00000_001832_03,2.0,3.0845658779144287,2.687479019165039,0.9675872921943665,coef_energy_material_checkpoint_lambdas,1.0,4.186400413513184,2.2486281394958496,48,R2,3.6869101524353027,4.300273835659027
0.0,nan,nan,-0.10687358677387238,00000_001832_03,3.0,0.1692453920841217,0.13123276829719543,0.46614840626716614,coef_energy_material_checkpoint_lambdas,1.0,4.190917015075684,2.259690999984741,51,R2,3.942036420106888,4.3155837059021
0.0,nan,nan,-0.15003010630607605,00000_001832_03,2.0,3.989912271499634,3.987090587615967,0.4572453498840332,coef_energy_material_checkpoint_lambdas,1.0,4.1802449226379395,2.2739386558532715,54,R2,4.120329290628433,4.341628670692444
0.0,nan,nan,0.10752587765455246,00000_001832_03,2.0,2.658083438873291,2.65590763092041,0.5700538158416748,coef_energy_material_checkpoint_lambdas,1.0,4.184154033660889,2.2799465656280518,57,R2,4.300273835659027,4.401144206523895
0.0,nan,nan,-0.024805665016174316,00000_001832_03,3.0,2.724623203277588,1.9089794158935547,0.946545422077179,coef_energy_material_checkpoint_lambdas,0.0,4.185935974121094,2.277622699737549,60,R2,4.390397012233734,4.397977530956268
0.0,nan,nan,0.0005762185901403427,00000_001832_03,3.0,0.02999296970665455,0.02656388469040394,0.9999458193778992,coef_energy_material_checkpoint_lambdas,0.0,4.165729522705078,2.2854740619659424,63,R2,4.391063690185547,4.4000325202941895
0.0,nan,nan,-0.00013005088840145618,00000_001832_03,3.0,0.33615046739578247,0.3361504375934601,0.9990603923797607,coef_energy_material_checkpoint_lambdas,0.0,4.1699323654174805,2.2870984077453613,66,R2,4.400208055973053,4.400208055973053
0.0,nan,nan,0.05330163612961769,00000_001832_03,2.0,0.13336487114429474,0.1222502589225769,0.9980661273002625,coef_energy_material_checkpoint_lambdas,0.0,4.152286052703857,2.304978609085083,69,R2,4.397977530956268,4.411416709423065
0.0,nan,nan,0.010295253247022629,00000_001832_03,4.0,0.01813102699816227,0.003273401176556945,0.7793922424316406,coef_energy_material_checkpoint_lambdas,0.0,4.154585838317871,2.310798168182373,72,R2,4.400022327899933,2.761374592781067
0.0,nan,nan,2.322956085205078,00000_001832_03,5.0,2.6520447731018066,2.322956085205078,0.996086061000824,coef_energy_material_checkpoint_lambdas,0.0,4.11937952041626,2.3602161407470703,75,R2,4.400027275085449,1.1105343103408813
0.0,nan,nan,5.97102165222168,00000_001832_03,3.0,6.0772833824157715,2.96163010597229,0.9851365089416504,coef_energy_material_checkpoint_lambdas,0.0,4.149949073791504,2.3182411193847656,78,R2,4.401380300521851,0.5998081564903259
0.0,nan,nan,5.999253749847412,00000_001832_03,1.0,6.239593505859375,5.999253749847412,0.990044116973877,coef_energy_material_checkpoint_lambdas,0.0,4.279271125793457,2.211075782775879,81,R2,4.403466582298279,0.5573485493659973
0.0,nan,nan,-0.0005552028305828571,00000_001832_04,5.0,0.00840497761964798,0.005537648685276508,-0.35512232780456543,coef_energy_material_checkpoint_lambdas,1.0,4.209994316101074,2.2600958347320557,0,R2,3.716336041688919,3.912403792142868
0.0,nan,nan,0.010932128876447678,00000_001832_04,5.0,0.01239515095949173,0.005841944832354784,0.9998465776443481,coef_energy_material_checkpoint_lambdas,0.0,4.196883201599121,2.2517948150634766,3,R2,3.025322675704956,3.025322675704956
0.0,nan,nan,0.37568461894989014,00000_001832_04,4.0,0.37805551290512085,0.29554104804992676,0.39460164308547974,coef_energy_material_checkpoint_lambdas,0.0,4.195821285247803,2.249812602996826,6,R2,2.3543641269207,2.2215876281261444
0.0,nan,nan,1.162672519683838,00000_001832_04,2.0,4.208325386047363,4.137497425079346,0.501960813999176,coef_energy_material_checkpoint_lambdas,0.0,4.191335678100586,2.238912343978882,9,R2,3.774674743413925,1.2679243385791779
0.0,nan,nan,0.14288845658302307,00000_001832_04,4.0,0.2750192880630493,0.022714300081133842,0.9455505013465881,coef_energy_material_checkpoint_lambdas,0.0,4.193567752838135,2.236640691757202,12,R2,2.069870889186859,0.5157062411308289
0.0,nan,nan,4.560131549835205,00000_001832_04,1.0,6.5965375900268555,6.594923496246338,0.6592546105384827,coef_energy_material_checkpoint_lambdas,0.0,4.199440002441406,2.2216579914093018,33,R2,3.781621754169464,0.39479124546051025
0.0,nan,nan,-0.5019387602806091,00000_001832_04,1.0,4.192281246185303,4.162124156951904,0.9526767134666443,coef_energy_material_checkpoint_lambdas,0.0,4.189922332763672,2.226172924041748,36,R2,3.6040522158145905,3.6040522158145905
0.0,nan,nan,0.09909174591302872,00000_001832_04,1.0,4.136248588562012,4.135061264038086,0.9090421199798584,coef_energy_material_checkpoint_lambdas,0.0,4.19618034362793,2.231776237487793,39,R2,3.6869101524353027,3.6869101524353027
0.0,nan,nan,-0.1865726113319397,00000_001832_04,2.0,0.34753623604774475,0.17881716787815094,0.9982844591140747,coef_energy_material_checkpoint_lambdas,1.0,4.187528610229492,2.2343497276306152,42,R2,3.3109635412693024,3.942036420106888
0.0,nan,nan,-0.3182714283466339,00000_001832_04,3.0,0.5366431474685669,0.4320754110813141,0.9999960660934448,coef_energy_material_checkpoint_lambdas,1.0,4.194005489349365,2.24259090423584,45,R2,3.6040522158145905,4.120329290628433
0.0,nan,nan,1.5133942365646362,00000_001832_04,2.0,3.0832769870758057,2.686305046081543,0.9675958752632141,coef_energy_material_checkpoint_lambdas,1.0,4.184110641479492,2.249502658843994,48,R2,3.6869101524353027,4.300273835659027
0.0,nan,nan,-0.10694438219070435,00000_001832_04,3.0,0.16929076611995697,0.13123361766338348,0.46586430072784424,coef_energy_material_checkpoint_lambdas,1.0,4.192749977111816,2.2591588497161865,51,R2,3.942036420106888,4.3155837059021
0.0,nan,nan,-0.14852717518806458,00000_001832_04,2.0,3.9917571544647217,3.988992929458618,0.45689478516578674,coef_energy_material_checkpoint_lambdas,1.0,4.183024883270264,2.251159429550171,54,R2,4.120329290628433,4.341628670692444
0.0,nan,nan,0.10655508935451508,00000_001832_04,2.0,2.658095598220825,2.655958890914917,0.5697532892227173,coef_energy_material_checkpoint_lambdas,1.0,4.185234546661377,2.25936222076416,57,R2,4.300273835659027,4.401144206523895
0.0,nan,nan,0.00683207344263792,00000_001832_04,2.0,0.006895743310451508,0.0009349071187898517,0.8531522750854492,coef_energy_material_checkpoint_lambdas,1.0,4.243511199951172,2.227844476699829,60,R2,4.27924382686615,4.403524935245514
0.0,nan,nan,2.515727828722447e-05,00000_001832_04,3.0,4.088887691497803,2.8912622928619385,0.9999997615814209,coef_energy_material_checkpoint_lambdas,0.0,4.32760763168335,2.1756138801574707,63,R2,4.316061437129974,0.5558789372444153
0.0,nan,nan,6.115546226501465,00000_001832_05,4.0,6.858884811401367,6.8587517738342285,0.9956704378128052,coef_energy_material_checkpoint_lambdas,0.0,4.171787261962891,2.21476674079895,0,R1,2.069870889186859,0.2968041002750397
0.0,nan,nan,5.067139625549316,00000_001832_05,4.0,7.118232250213623,5.067139625549316,0.9950867295265198,coef_energy_material_checkpoint_lambdas,0.0,4.171268463134766,2.201113224029541,3,R1,2.0122242271900177,0.33757543563842773
0.0,nan,nan,6.540553092956543,00000_001832_05,1.0,6.744794845581055,5.78964900970459,0.9992884993553162,coef_energy_material_checkpoint_lambdas,0.0,4.178161144256592,2.2174973487854004,6,R1,2.070572644472122,0.3368338346481323
0.0,nan,nan,0.7338379621505737,00000_001832_05,1.0,2.2039198875427246,2.0781590938568115,0.08111559599637985,coef_energy_material_checkpoint_lambdas,0.0,4.188074111938477,2.2177419662475586,27,R1,3.4943053126335144,3.4943053126335144
0.0,nan,nan,0.14609754085540771,00000_001832_05,2.0,2.9932258129119873,2.2173142433166504,0.9559043645858765,coef_energy_material_checkpoint_lambdas,0.0,4.180860996246338,2.2183456420898438,30,R1,3.611810088157654,0.40488681197166443
0.0,nan,nan,2.2282238006591797,00000_001832_05,1.0,2.6735804080963135,2.318021535873413,0.1404879242181778,coef_energy_material_checkpoint_lambdas,0.0,4.184507369995117,2.2381491661071777,33,R1,3.560821235179901,3.6433209478855133
0.0,nan,nan,-0.15403151512145996,00000_001832_05,2.0,0.349507600069046,0.21172842383384705,0.9964925050735474,coef_energy_material_checkpoint_lambdas,0.0,4.187785625457764,2.2304089069366455,36,R1,3.41316294670105,2.0444786846637726
0.0,nan,nan,2.951972007751465,00000_001832_05,1.0,3.129390239715576,2.249223470687866,0.996117889881134,coef_energy_material_checkpoint_lambdas,0.0,4.156268119812012,2.2392215728759766,39,R1,3.840341329574585,0.5468849539756775
0.0,nan,nan,2.2185378074645996,00000_001832_05,2.0,6.922765731811523,6.922696113586426,0.993851900100708,coef_energy_material_checkpoint_lambdas,0.0,4.164045333862305,2.246067762374878,45,R1,4.256894499063492,0.5655144453048706
0.0,nan,nan,5.724762439727783,00000_001832_05,4.0,7.754609107971191,6.772683143615723,0.9995617270469666,coef_energy_material_checkpoint_lambdas,0.0,4.154698848724365,2.2538974285125732,48,R1,4.3450241684913635,0.5848493576049805
0.0,nan,nan,2.8344926834106445,00000_001832_05,2.0,3.8309483528137207,3.3412652015686035,0.9998672008514404,coef_energy_material_checkpoint_lambdas,0.0,4.155610084533691,2.2736928462982178,57,R1,4.400161623954773,4.401024878025055
0.0,nan,nan,0.0036053070798516273,00000_001832_05,7.0,0.012878991663455963,0.0036053070798516273,0.9891422986984253,coef_energy_material_checkpoint_lambdas,0.0,4.1702880859375,2.2746033668518066,60,R1,4.400000095367432,4.40006023645401
0.0,nan,nan,0.2324402928352356,00000_001832_05,10.0,0.2454386204481125,0.2324402928352356,0.9989753365516663,coef_energy_material_checkpoint_lambdas,0.0,4.183403015136719,2.263523578643799,63,R1,4.400000095367432,4.400042176246643
0.0,nan,nan,0.05723923444747925,00000_001832_05,13.0,0.06894528865814209,0.05723923444747925,0.9996464252471924,coef_energy_material_checkpoint_lambdas,0.0,4.281543731689453,2.225090742111206,66,R1,4.400000095367432,4.400000333786011
0.0,nan,nan,-0.0005552028305828571,00000_001832_06,5.0,0.00840497761964798,0.005537648685276508,-0.35512232780456543,coef_energy_material_checkpoint_lambdas,1.0,4.209994316101074,2.2600958347320557,0,R2,3.716336041688919,3.912403792142868
0.0,nan,nan,0.01093214564025402,00000_001832_06,5.0,0.012395178899168968,0.0058419727720320225,0.9998465776443481,coef_energy_material_checkpoint_lambdas,0.0,4.196568489074707,2.2517921924591064,3,R2,3.025322675704956,3.025322675704956
0.0,nan,nan,0.37568461894989014,00000_001832_06,4.0,0.37805551290512085,0.29554104804992676,0.39460164308547974,coef_energy_material_checkpoint_lambdas,0.0,4.195821285247803,2.249812602996826,6,R2,2.3543641269207,2.2215876281261444
0.0,nan,nan,1.1640732288360596,00000_001832_06,2.0,4.212222576141357,4.141390800476074,0.5018916130065918,coef_energy_material_checkpoint_lambdas,0.0,4.195412635803223,2.237342596054077,9,R2,3.774674743413925,1.2679243385791779
0.0,nan,nan,0.14265602827072144,00000_001832_06,4.0,0.2745737135410309,0.022676438093185425,0.9455518126487732,coef_energy_material_checkpoint_lambdas,0.0,4.186726093292236,2.2333719730377197,12,R2,2.069870889186859,0.5157062411308289
0.0,nan,nan,4.561495304107666,00000_001832_06,1.0,6.59842586517334,6.596813201904297,0.659245491027832,coef_energy_material_checkpoint_lambdas,0.0,4.200686931610107,2.2210726737976074,33,R2,3.781621754169464,0.39479124546051025
0.0,nan,nan,-0.5019934177398682,00000_001832_06,1.0,4.192859172821045,4.1626996994018555,0.9526757001876831,coef_energy_material_checkpoint_lambdas,0.0,4.190546035766602,2.226154088973999,36,R2,3.6040522158145905,3.6040522158145905
0.0,nan,nan,0.09908763319253922,00000_001832_06,1.0,4.135469436645508,4.134282112121582,0.9090436697006226,coef_energy_material_checkpoint_lambdas,0.0,4.195357799530029,2.2316837310791016,39,R2,3.6869101524353027,3.6869101524353027
0.0,nan,nan,-0.1869404911994934,00000_001832_06,2.0,0.3481276333332062,0.17907026410102844,0.998294472694397,coef_energy_material_checkpoint_lambdas,1.0,4.182389259338379,2.2378363609313965,42,R2,3.3109635412693024,3.942036420106888
0.0,nan,nan,-0.3184267580509186,00000_001832_06,3.0,0.5369017124176025,0.43228214979171753,0.9999959468841553,coef_energy_material_checkpoint_lambdas,1.0,4.189240455627441,2.243671417236328,45,R2,3.6040522158145905,4.120329290628433
0.0,nan,nan,1.5135221481323242,00000_001832_06,2.0,3.08369779586792,2.686716079711914,0.967588484287262,coef_energy_material_checkpoint_lambdas,1.0,4.185151100158691,2.2482340335845947,48,R2,3.6869101524353027,4.300273835659027
0.0,nan,nan,-0.10690635442733765,00000_001832_06,3.0,0.16919417679309845,0.13114000856876373,0.46570920944213867,coef_energy_material_checkpoint_lambdas,1.0,4.190744400024414,2.257249116897583,51,R2,3.942036420106888,4.3155837059021
0.0,nan,nan,-0.14861343801021576,00000_001832_06,2.0,3.993649959564209,3.9908838272094727,0.4568983018398285,coef_energy_material_checkpoint_lambdas,1.0,4.184999942779541,2.252466917037964,54,R2,4.120329290628433,4.341628670692444
0.0,nan,nan,0.10636238753795624,00000_001832_06,2.0,2.656282901763916,2.6541526317596436,0.5697161555290222,coef_energy_material_checkpoint_lambdas,1.0,4.182511806488037,2.2552762031555176,57,R2,4.300273835659027,4.401144206523895
0.0,nan,nan,0.006748677231371403,00000_001832_06,2.0,0.006815442815423012,0.004099125042557716,0.8552794456481934,coef_energy_material_checkpoint_lambdas,0.0,4.16599702835083,2.2677159309387207,60,R2,4.27924382686615,1.6789951920509338
0.0,nan,nan,6.468889236450195,00000_001832_06,2.0,6.468889236450195,4.574212551116943,1.0,coef_energy_material_checkpoint_lambdas,0.0,4.094090938568115,2.315201997756958,63,R2,4.291393220424652,0.5763508677482605
0.0,nan,nan,-0.5168994665145874,00000_001832_06,2.0,1.3095602989196777,0.1098790243268013,0.9225068688392639,coef_energy_material_checkpoint_lambdas,0.0,4.14536714553833,2.2803773880004883,66,R2,4.406102418899536,1.6578392386436462
0.0,nan,nan,4.803160190582275,00000_001832_06,1.0,6.070516586303711,6.02130651473999,0.9861559271812439,coef_energy_material_checkpoint_lambdas,0.0,4.153466701507568,2.295301914215088,69,R2,4.402599334716797,2.2292893528938293
0.0,nan,nan,0.57887202501297,00000_001832_06,5.0,0.9285496473312378,0.9227011799812317,0.9950577616691589,coef_energy_material_checkpoint_lambdas,0.0,4.145397663116455,2.3168530464172363,72,R2,4.400279104709625,4.401404142379761
0.0,nan,nan,0.48135048151016235,00000_001832_06,8.0,0.6427050828933716,0.48135048151016235,0.9982599020004272,coef_energy_material_checkpoint_lambdas,0.0,4.155824661254883,2.303361415863037,75,R2,4.400003612041473,4.4000091552734375
0.0,nan,nan,-0.0006396397366188467,00000_001832_06,11.0,0.001063777133822441,0.0006396397366188467,0.5288693308830261,coef_energy_material_checkpoint_lambdas,0.0,4.311702251434326,2.199816942214966,78,R2,4.400000095367432,4.400000095367432
0.0,nan,nan,6.669138431549072,00000_001832_07,1.0,6.676506996154785,4.4940505027771,0.9695701003074646,coef_energy_material_checkpoint_lambdas,0.0,4.1826171875,2.283597707748413,0,R2,4.20100724697113,0.38589712977409363
0.0,nan,nan,6.017562389373779,00000_001832_07,2.0,7.839020729064941,7.6290106773376465,0.6511406302452087,coef_energy_material_checkpoint_lambdas,0.0,4.212984561920166,2.228532075881958,3,R2,2.0746717154979706,0.283952921628952
0.0,nan,nan,2.0914032459259033,00000_001832_07,3.0,2.327394723892212,2.0914032459259033,0.9993361830711365,coef_energy_material_checkpoint_lambdas,0.0,4.211921691894531,2.2192366123199463,6,R2,2.0122242271900177,1.0275691747665405
0.0,nan,nan,1.8835015296936035,00000_001832_07,2.0,1.8849835395812988,1.2789936065673828,0.9635064005851746,coef_energy_material_checkpoint_lambdas,0.0,4.1995530128479,2.2446954250335693,9,R2,2.025572270154953,0.26614925265312195
0.0,nan,nan,0.7345911860466003,00000_001832_07,1.0,2.205437183380127,2.0795021057128906,0.08123448491096497,coef_energy_material_checkpoint_lambdas,0.0,4.190917015075684,2.227940797805786,30,R2,3.4943053126335144,3.4943053126335144
0.0,nan,nan,0.14669933915138245,00000_001832_07,2.0,2.9998512268066406,2.9962620735168457,0.955931544303894,coef_energy_material_checkpoint_lambdas,0.0,4.188847541809082,2.2274832725524902,33,R2,3.611810088157654,3.611810088157654
0.0,nan,nan,0.0020154863595962524,00000_001832_07,2.0,0.5190137624740601,0.465117871761322,0.6772012114524841,coef_energy_material_checkpoint_lambdas,1.0,4.191197872161865,2.238467216491699,36,R2,3.305227279663086,3.9124630987644196
0.0,nan,nan,-0.3999558687210083,00000_001832_07,3.0,0.501810610294342,0.3030663728713989,0.9999802708625793,coef_energy_material_checkpoint_lambdas,1.0,4.183342933654785,2.237706422805786,39,R2,3.4943053126335144,4.010740756988525
0.0,nan,nan,0.8237960338592529,00000_001832_07,2.0,1.2022761106491089,0.8756871223449707,0.9994627833366394,coef_energy_material_checkpoint_lambdas,1.0,4.190357208251953,2.2473642826080322,42,R2,3.611810088157654,4.287718951702118
0.0,nan,nan,-0.683742344379425,00000_001832_07,3.0,1.960724949836731,1.8376448154449463,0.7966838479042053,coef_energy_material_checkpoint_lambdas,1.0,4.1854023933410645,2.2544689178466797,45,R2,3.9124630987644196,4.313389301300049
0.0,nan,nan,0.770482063293457,00000_001832_07,4.0,2.349233865737915,2.219291925430298,0.02588941529393196,coef_energy_material_checkpoint_lambdas,1.0,4.189536094665527,2.261648416519165,48,R2,4.010740756988525,4.320790767669678
0.0,nan,nan,0.15880954265594482,00000_001832_07,2.0,4.0018391609191895,3.9986865520477295,0.4890688359737396,coef_energy_material_checkpoint_lambdas,1.0,4.181093215942383,2.2685341835021973,51,R2,4.287718951702118,4.397306263446808
0.0,nan,nan,-1.2220617532730103,00000_001832_07,3.0,2.696101188659668,2.4032325744628906,0.9976717829704285,coef_energy_material_checkpoint_lambdas,0.0,4.18967866897583,2.2733848094940186,54,R2,4.313389301300049,4.400112628936768
0.0,nan,nan,0.028112154453992844,00000_001832_07,3.0,0.15466096997261047,0.1520845890045166,0.9990295767784119,coef_energy_material_checkpoint_lambdas,0.0,4.1702423095703125,2.28426194190979,57,R2,4.320790767669678,4.401464879512787
0.0,nan,nan,-0.020864954218268394,00000_001832_07,3.0,0.02449440211057663,0.01283079944550991,0.862155020236969,coef_energy_material_checkpoint_lambdas,0.0,4.169085502624512,2.286313772201538,60,R2,4.397306263446808,4.402054965496063
0.0,nan,nan,0.34021735191345215,00000_001832_07,2.0,0.5220319628715515,0.39594128727912903,0.998833417892456,coef_energy_material_checkpoint_lambdas,0.0,4.157064437866211,2.3022658824920654,63,R2,4.400112628936768,4.402115166187286
0.0,nan,nan,0.018261194229125977,00000_001832_07,3.0,2.6689305305480957,2.378941535949707,0.9977929592132568,coef_energy_material_checkpoint_lambdas,0.0,4.149746417999268,2.3195924758911133,66,R2,4.400231063365936,4.408592939376831
0.0,nan,nan,0.010131544433534145,00000_001832_07,5.0,0.02458631992340088,0.01013154536485672,0.9618639349937439,coef_energy_material_checkpoint_lambdas,0.0,4.117300987243652,2.3592946529388428,69,R2,4.40000057220459,1.674923300743103
0.0,nan,nan,5.777315616607666,00000_001832_07,5.0,6.729866027832031,5.777315616607666,0.9783422350883484,coef_energy_material_checkpoint_lambdas,0.0,4.135212421417236,2.3408901691436768,72,R2,4.400571703910828,0.5623953938484192
0.0,nan,nan,0.07675948739051819,00000_001833_00,6.0,0.08358041197061539,0.033070627599954605,0.9992892742156982,coef_energy_material_checkpoint_lambdas,0.0,4.208456039428711,2.2440860271453857,0,R2,2.727348417043686,2.727348417043686
0.0,nan,nan,1.8184603452682495,00000_001833_00,4.0,2.293135643005371,2.2512481212615967,-0.3496965169906616,coef_energy_material_checkpoint_lambdas,0.0,4.204240322113037,2.2361772060394287,3,R2,2.2550460398197174,1.8281803131103516
0.0,nan,nan,2.2881391048431396,00000_001833_00,4.0,2.549705743789673,2.2881391048431396,0.9401912689208984,coef_energy_material_checkpoint_lambdas,0.0,4.19659423828125,2.244689702987671,6,R2,2.055336743593216,1.0139378607273102
0.0,nan,nan,0.5302290320396423,00000_001833_00,3.0,1.6580719947814941,0.7359403967857361,0.9773339033126831,coef_energy_material_checkpoint_lambdas,0.0,4.167362689971924,2.274583578109741,9,R2,2.066183626651764,0.26089709997177124
0.0,nan,nan,4.172543525695801,00000_001833_00,1.0,6.740047454833984,5.293214321136475,0.18070322275161743,coef_energy_material_checkpoint_lambdas,0.0,4.185581207275391,2.225508213043213,30,R2,3.427015572786331,3.427015572786331
0.0,nan,nan,0.24826325476169586,00000_001833_00,1.0,4.592070579528809,4.585354804992676,0.8697431683540344,coef_energy_material_checkpoint_lambdas,0.0,4.198204040527344,2.2244293689727783,33,R2,3.568729728460312,3.568729728460312
0.0,nan,nan,0.625328540802002,00000_001833_00,1.0,2.497720956802368,2.4181759357452393,0.06862814724445343,coef_energy_material_checkpoint_lambdas,0.0,4.190286636352539,2.2269222736358643,36,R2,3.878960460424423,3.878960460424423
0.0,nan,nan,-0.16625064611434937,00000_001833_00,2.0,0.46682921051979065,0.43622270226478577,0.9939554333686829,coef_energy_material_checkpoint_lambdas,1.0,4.190633773803711,2.234673023223877,39,R2,3.427015572786331,4.030450820922852
0.0,nan,nan,0.2714703679084778,00000_001833_00,2.0,0.4937308728694916,0.41240033507347107,0.9996486306190491,coef_energy_material_checkpoint_lambdas,1.0,4.1877264976501465,2.2424137592315674,42,R2,3.568729728460312,4.295279026031494
0.0,nan,nan,0.17534755170345306,00000_001833_00,2.0,3.919546604156494,3.9156224727630615,0.9991711378097534,coef_energy_material_checkpoint_lambdas,0.0,4.185556888580322,2.251920700073242,45,R2,3.878960460424423,3.2660447359085083
0.0,nan,nan,-0.09306689351797104,00000_001833_00,3.0,0.09852119535207748,0.07053416222333908,-0.6126852631568909,coef_energy_material_checkpoint_lambdas,0.0,4.175064563751221,2.2813007831573486,48,R2,3.9414572417736053,1.629533290863037
0.0,nan,nan,4.289706230163574,00000_001833_00,1.0,6.673137187957764,5.111671447753906,0.22948424518108368,coef_energy_material_checkpoint_lambdas,0.0,4.1286540031433105,2.3358657360076904,51,R2,4.295279026031494,0.5558376908302307
0.0,nan,nan,3.5647621154785156,00000_001833_00,4.0,3.637502670288086,3.5647623538970947,0.9567041993141174,coef_energy_material_checkpoint_lambdas,0.0,4.151345252990723,2.3120150566101074,57,R2,4.12575751543045,0.4384012222290039
0.0,nan,nan,0.2312488853931427,00000_001833_00,4.0,0.4980945885181427,0.44116002321243286,0.9625065326690674,coef_energy_material_checkpoint_lambdas,0.0,4.279967308044434,2.223666191101074,63,R2,4.400081694126129,4.400081694126129
0.0,nan,nan,3.9275155067443848,00000_001833_01,4.0,4.118885517120361,4.0678253173828125,0.9971909523010254,coef_energy_material_checkpoint_lambdas,0.0,4.1793012619018555,2.209300994873047,0,R2,2.0647102892398834,0.8152203261852264
0.0,nan,nan,4.4982757568359375,00000_001833_01,4.0,7.154952526092529,4.4982757568359375,0.9976637363433838,coef_energy_material_checkpoint_lambdas,0.0,4.172731876373291,2.199221134185791,3,R2,2.0121638774871826,0.337463915348053
0.0,nan,nan,6.553610324859619,00000_001833_01,1.0,6.758577823638916,5.802126884460449,0.9992311596870422,coef_energy_material_checkpoint_lambdas,0.0,4.189538955688477,2.2099802494049072,6,R2,2.070537716150284,0.3368097245693207
0.0,nan,nan,0.5401881337165833,00000_001833_01,1.0,2.176939010620117,2.1088528633117676,-0.16792979836463928,coef_energy_material_checkpoint_lambdas,0.0,4.193779945373535,2.2212576866149902,27,R2,3.5348614752292633,3.5348614752292633
0.0,nan,nan,0.2941085398197174,00000_001833_01,1.0,4.484328746795654,4.474673748016357,0.7378514409065247,coef_energy_material_checkpoint_lambdas,0.0,4.192749977111816,2.2271206378936768,30,R2,3.5984680354595184,3.5984680354595184
0.0,nan,nan,-0.37263479828834534,00000_001833_01,1.0,0.7184890508651733,0.6143043637275696,0.7919957637786865,coef_energy_material_checkpoint_lambdas,0.0,4.1983489990234375,2.2312333583831787,33,R2,3.9778032898902893,3.9778032898902893
0.0,nan,nan,-0.3576704263687134,00000_001833_01,3.0,0.5406504273414612,0.4054315686225891,0.9997193813323975,coef_energy_material_checkpoint_lambdas,1.0,4.19102144241333,2.2350540161132812,36,R2,3.5348614752292633,4.084026604890823
0.0,nan,nan,0.8533062934875488,00000_001833_01,1.0,1.1157586574554443,0.7188780307769775,0.9825547337532043,coef_energy_material_checkpoint_lambdas,0.0,4.195461750030518,2.240610361099243,39,R2,3.5984680354595184,4.3484179973602295
0.0,nan,nan,-0.7347195148468018,00000_001833_01,2.0,1.9823170900344849,1.8411322832107544,0.9285867810249329,coef_energy_material_checkpoint_lambdas,0.0,4.183624267578125,2.252915620803833,42,R2,3.9778032898902893,2.7229366302490234
0.0,nan,nan,-0.03754892200231552,00000_001833_01,3.0,0.31850889325141907,0.29968881607055664,-0.9972107410430908,coef_energy_material_checkpoint_lambdas,0.0,4.192192077636719,2.2613327503204346,45,R2,3.867664247751236,1.0851553082466125
0.0,nan,nan,0.4683537781238556,00000_001833_01,1.0,0.6628007888793945,0.46898791193962097,0.9998949766159058,coef_energy_material_checkpoint_lambdas,0.0,4.183725833892822,2.2747788429260254,51,R2,4.399947822093964,4.399947822093964
0.0,nan,nan,-0.0017871827585622668,00000_001833_01,2.0,0.0050390600226819515,0.005013333633542061,0.9983131885528564,coef_energy_material_checkpoint_lambdas,0.0,4.175477981567383,2.2818408012390137,54,R2,4.400009572505951,4.4013805985450745
0.0,nan,nan,-0.004446262028068304,00000_001833_01,4.0,0.00935351848602295,0.009348812513053417,0.8961775898933411,coef_energy_material_checkpoint_lambdas,0.0,4.17112398147583,2.27014422416687,57,R2,4.400223970413208,4.401993989944458
0.0,nan,nan,0.5818293690681458,00000_001833_01,3.0,0.6279073357582092,0.03999143838882446,0.9983853697776794,coef_energy_material_checkpoint_lambdas,0.0,4.2455830574035645,2.2197108268737793,60,R2,4.196106255054474,0.5558789372444153
0.0,nan,nan,4.406536102294922,00000_001833_01,2.0,7.075558185577393,7.0303497314453125,0.9855876564979553,coef_energy_material_checkpoint_lambdas,0.0,4.32361364364624,2.1843221187591553,63,R2,4.40142285823822,0.5558789372444153
0.0,nan,nan,4.0707550048828125,00000_001833_02,4.0,4.070798397064209,4.0707550048828125,-0.0029093637131154537,coef_energy_material_checkpoint_lambdas,0.0,4.202190399169922,2.237318515777588,0,R1,2.2481574416160583,1.52648463845253
0.0,nan,nan,0.26388290524482727,00000_001833_02,3.0,0.3476907014846802,0.33727091550827026,0.9591161012649536,coef_energy_material_checkpoint_lambdas,0.0,4.195950508117676,2.232058525085449,3,R1,2.085337817668915,0.7636592984199524
0.0,nan,nan,2.010540246963501,00000_001833_02,2.0,5.592613220214844,3.768625259399414,0.9759254455566406,coef_energy_material_checkpoint_lambdas,0.0,4.190083980560303,2.2386183738708496,6,R1,2.0861164033412933,0.26858004927635193
0.0,nan,nan,0.5416380763053894,00000_001833_02,1.0,2.1821212768554688,2.113831043243408,-0.1680062860250473,coef_energy_material_checkpoint_lambdas,0.0,4.203708171844482,2.2235803604125977,27,R1,3.5348614752292633,3.5348614752292633
0.0,nan,nan,0.2940659523010254,00000_001833_02,1.0,4.483553886413574,4.473899841308594,0.7378525733947754,coef_energy_material_checkpoint_lambdas,0.0,4.1920166015625,2.2267980575561523,30,R1,3.5984680354595184,3.5984680354595184
0.0,nan,nan,-0.3730984926223755,00000_001833_02,1.0,0.7187231183052063,0.6142966747283936,0.7923357486724854,coef_energy_material_checkpoint_lambdas,0.0,4.196680068969727,2.2329213619232178,33,R1,3.9778032898902893,3.9778032898902893
0.0,nan,nan,-0.35738605260849,00000_001833_02,3.0,0.5402171015739441,0.4051045775413513,0.9997192621231079,coef_energy_material_checkpoint_lambdas,1.0,4.188662528991699,2.2332136631011963,36,R1,3.5348614752292633,4.084026604890823
0.0,nan,nan,0.8539475202560425,00000_001833_02,1.0,1.1161187887191772,0.7186757922172546,0.9826493263244629,coef_energy_material_checkpoint_lambdas,0.0,4.185534477233887,2.2491321563720703,39,R1,3.5984680354595184,4.3484179973602295
0.0,nan,nan,-0.7347894310951233,00000_001833_02,2.0,1.9826127290725708,1.8414227962493896,0.9285948276519775,coef_energy_material_checkpoint_lambdas,0.0,4.184022903442383,2.2546133995056152,42,R1,3.9778032898902893,2.7229366302490234
0.0,nan,nan,-0.03752993047237396,00000_001833_02,3.0,0.31830528378486633,0.299498975276947,-0.9972096681594849,coef_energy_material_checkpoint_lambdas,0.0,4.190402507781982,2.2613675594329834,45,R1,3.867664247751236,1.0851553082466125
0.0,nan,nan,0.46744823455810547,00000_001833_02,1.0,0.6615243554115295,0.4680882394313812,0.9998949766159058,coef_energy_material_checkpoint_lambdas,0.0,4.173490047454834,2.2957842350006104,51,R1,4.399947822093964,4.399947822093964
0.0,nan,nan,-0.0018060975708067417,00000_001833_02,2.0,0.005112302955240011,0.005085435230284929,0.9983980655670166,coef_energy_material_checkpoint_lambdas,0.0,4.128571033477783,2.3408780097961426,54,R1,4.400009572505951,4.4013805985450745
0.0,nan,nan,0.0643831193447113,00000_001833_02,3.0,0.06635688245296478,0.0051201521418988705,0.147760272026062,coef_energy_material_checkpoint_lambdas,0.0,4.165057182312012,2.300438404083252,57,R1,4.3973981738090515,1.6679210662841797
0.0,nan,nan,6.916635036468506,00000_001833_02,2.0,7.917604446411133,7.615557670593262,0.9998029470443726,coef_energy_material_checkpoint_lambdas,0.0,4.243781089782715,2.2474820613861084,60,R1,4.401543736457825,0.5573309063911438
0.0,nan,nan,2.043599843978882,00000_001833_02,5.0,2.4737305641174316,1.4979294538497925,0.9832157492637634,coef_energy_material_checkpoint_lambdas,0.0,4.314442157745361,2.1991021633148193,63,R1,4.4000784158706665,0.5721782445907593
0.0,nan,nan,7.170187473297119,00000_001833_03,2.0,8.0219144821167,8.021906852722168,0.6959316730499268,coef_energy_material_checkpoint_lambdas,0.0,4.205174922943115,2.237797498703003,3,R1,4.269879519939423,0.37508445978164673
0.0,nan,nan,2.203523635864258,00000_001833_03,6.0,2.7056477069854736,1.5700361728668213,0.1719152182340622,coef_energy_material_checkpoint_lambdas,0.0,4.2042107582092285,2.2275216579437256,6,R1,2.1253945529460907,2.1253945529460907
0.0,nan,nan,0.13928553462028503,00000_001833_03,4.0,0.14659997820854187,0.06615480780601501,0.9999768137931824,coef_energy_material_checkpoint_lambdas,0.0,4.210461139678955,2.2263500690460205,9,R1,2.0159876942634583,1.5298397839069366
0.0,nan,nan,0.04953937977552414,00000_001833_03,2.0,0.049664683640003204,0.03253659978508949,0.1605098694562912,coef_energy_material_checkpoint_lambdas,0.0,4.210571765899658,2.2207181453704834,12,R1,2.850776582956314,0.7692963182926178
0.0,nan,nan,4.081195831298828,00000_001833_03,2.0,4.184030055999756,0.921925961971283,0.993895947933197,coef_energy_material_checkpoint_lambdas,0.0,4.205702304840088,2.2197303771972656,15,R1,2.1253945529460907,0.28051018714904785
0.0,nan,nan,5.417840480804443,00000_001833_03,1.0,5.879493713378906,5.867181777954102,0.9572871327400208,coef_energy_material_checkpoint_lambdas,0.0,4.186424255371094,2.225059986114502,36,R1,3.5103614926338196,0.48156726360321045
0.0,nan,nan,2.286125421524048,00000_001833_03,1.0,4.077903747558594,4.042707920074463,0.5716871023178101,coef_energy_material_checkpoint_lambdas,0.0,4.185414791107178,2.2292320728302,42,R1,3.695276230573654,3.675227612257004
0.0,nan,nan,-0.23849144577980042,00000_001833_03,2.0,0.973343014717102,0.7373900413513184,0.9996419548988342,coef_energy_material_checkpoint_lambdas,0.0,4.182803153991699,2.230337619781494,45,R1,3.402506649494171,2.0706630051136017
0.0,nan,nan,2.893826484680176,00000_001833_03,1.0,3.054190158843994,2.167701482772827,0.9997041821479797,coef_energy_material_checkpoint_lambdas,0.0,4.175564765930176,2.2340478897094727,48,R1,3.7080456018447876,0.5506437420845032
0.0,nan,nan,0.7537124752998352,00000_001833_03,3.0,2.7341206073760986,1.849498987197876,0.9995632171630859,coef_energy_material_checkpoint_lambdas,1.0,4.174285888671875,2.2595572471618652,54,R1,4.072230368852615,4.403995215892792
0.0,nan,nan,0.19929982721805573,00000_001833_03,3.0,0.22455330193042755,0.21408280730247498,0.9994969367980957,coef_energy_material_checkpoint_lambdas,0.0,4.176240921020508,2.2565526962280273,57,R1,4.266014933586121,3.31039160490036
0.0,nan,nan,6.824240684509277,00000_001833_03,4.0,6.869232177734375,5.380481719970703,0.988274872303009,coef_energy_material_checkpoint_lambdas,0.0,4.152287006378174,2.2647323608398438,60,R1,4.358830034732819,0.565608024597168
0.0,nan,nan,3.4783787727355957,00000_001833_03,1.0,3.5270802974700928,3.4783787727355957,0.9970230460166931,coef_energy_material_checkpoint_lambdas,0.0,4.088028430938721,2.348708152770996,69,R1,4.402574241161346,0.5766103863716125
0.0,nan,nan,2.025346279144287,00000_001833_03,3.0,2.2720165252685547,0.7041146159172058,0.988898754119873,coef_energy_material_checkpoint_lambdas,0.0,4.1558732986450195,2.2754507064819336,72,R1,4.4001893401145935,3.3065472841262817
0.0,nan,nan,0.003321295138448477,00000_001833_03,5.0,0.005278950557112694,0.003321295138448477,0.9999833106994629,coef_energy_material_checkpoint_lambdas,0.0,4.141965866088867,2.291388988494873,75,R1,4.400000095367432,1.656418263912201
0.0,nan,nan,2.8155598640441895,00000_001833_03,2.0,5.807174205780029,3.2836086750030518,0.9930508732795715,coef_energy_material_checkpoint_lambdas,0.0,4.141517162322998,2.290498971939087,78,R1,4.400763928890228,0.5763654112815857
0.0,nan,nan,6.747439384460449,00000_001833_03,6.0,6.790772438049316,5.3127546310424805,0.9884528517723083,coef_energy_material_checkpoint_lambdas,0.0,4.1429219245910645,2.2906227111816406,81,R1,4.400222182273865,4.4014230370521545
0.0,nan,nan,0.05549176409840584,00000_001833_03,10.0,0.06684263050556183,0.03726394101977348,0.9996061325073242,coef_energy_material_checkpoint_lambdas,0.0,4.146914958953857,2.2930521965026855,84,R1,4.400000095367432,4.400000095367432
0.0,nan,nan,1.8408934920444153e-05,00000_001833_03,12.0,1.9413946574786678e-05,6.1654204728256445e-06,0.0,coef_energy_material_checkpoint_lambdas,0.0,4.204562187194824,2.2517833709716797,87,R1,4.400000095367432,4.400000095367432
0.0,nan,nan,3.2111588943450897e-09,00000_001833_03,15.0,3.3385796349705288e-09,9.135491252365568e-10,0.0,coef_energy_material_checkpoint_lambdas,0.0,4.314215660095215,2.2161686420440674,90,R1,4.400000095367432,4.400000095367432
0.0,nan,nan,0.8961071968078613,00000_001833_04,3.0,2.546201229095459,2.3188931941986084,-0.9965031147003174,coef_energy_material_checkpoint_lambdas,0.0,4.1929707527160645,2.266465902328491,3,R2,3.423267751932144,1.3709067404270172
0.0,nan,nan,6.2015380859375,00000_001833_04,2.0,7.0618720054626465,6.773764133453369,0.3932770788669586,coef_energy_material_checkpoint_lambdas,0.0,4.196066379547119,2.263399124145508,6,R2,4.25515940785408,0.3640808165073395
0.0,nan,nan,7.788849830627441,00000_001833_04,1.0,8.121482849121094,7.788849830627441,0.9929795265197754,coef_energy_material_checkpoint_lambdas,0.0,4.205048561096191,2.2402052879333496,9,R2,2.101674258708954,0.26494500041007996
0.0,nan,nan,3.461869716644287,00000_001833_04,3.0,3.5661957263946533,3.013439416885376,0.9821522831916809,coef_energy_material_checkpoint_lambdas,0.0,4.203902721405029,2.2362985610961914,12,R2,2.042257606983185,0.8086693584918976
0.0,nan,nan,4.591894149780273,00000_001833_04,1.0,6.677191734313965,6.674743175506592,0.7516627311706543,coef_energy_material_checkpoint_lambdas,0.0,4.203983306884766,2.2172489166259766,33,R2,3.7615172266960144,0.40346595644950867
0.0,nan,nan,-0.4324408769607544,00000_001833_04,1.0,4.131534099578857,4.108839988708496,0.9894129037857056,coef_energy_material_checkpoint_lambdas,0.0,4.187705993652344,2.226300001144409,36,R2,3.575257420539856,3.575257420539856
0.0,nan,nan,2.3986151218414307,00000_001833_04,2.0,4.229102611541748,4.188068389892578,0.987267792224884,coef_energy_material_checkpoint_lambdas,1.0,4.199662685394287,2.2309823036193848,39,R2,3.250485748052597,3.719771236181259
0.0,nan,nan,-0.24057292938232422,00000_001833_04,1.0,0.5326775908470154,0.47525790333747864,0.9425554871559143,coef_energy_material_checkpoint_lambdas,0.0,4.189076900482178,2.2340216636657715,42,R2,4.009852349758148,4.009852349758148
0.0,nan,nan,-0.21431347727775574,00000_001833_04,3.0,0.472921222448349,0.4215735197067261,0.9999964833259583,coef_energy_material_checkpoint_lambdas,1.0,4.184497833251953,2.244595527648926,45,R2,3.575257420539856,4.188272207975388
0.0,nan,nan,1.4122368097305298,00000_001833_04,1.0,2.8943161964416504,2.5263915061950684,0.9169564843177795,coef_energy_material_checkpoint_lambdas,0.0,4.18619441986084,2.228287696838379,48,R2,3.719771236181259,3.8110914826393127
0.0,nan,nan,-0.1331816166639328,00000_001833_04,2.0,0.21392449736595154,0.1674107164144516,0.5745455026626587,coef_energy_material_checkpoint_lambdas,0.0,4.153115272521973,2.253709077835083,51,R2,4.009852349758148,2.177287518978119
0.0,nan,nan,-0.008328785188496113,00000_001833_04,3.0,0.019492564722895622,0.01408542413264513,-0.9989238977432251,coef_energy_material_checkpoint_lambdas,0.0,4.174787521362305,2.247927665710449,54,R2,4.262565195560455,2.7645074129104614
0.0,nan,nan,2.808399200439453,00000_001833_04,4.0,3.790837049484253,3.786301851272583,0.9843849539756775,coef_energy_material_checkpoint_lambdas,0.0,4.174976348876953,2.2577545642852783,57,R2,4.373487889766693,1.1092568039894104
0.0,nan,nan,5.722851276397705,00000_001833_04,2.0,7.747925281524658,7.454452991485596,0.9988195896148682,coef_energy_material_checkpoint_lambdas,0.0,4.1685357093811035,2.2635765075683594,60,R2,4.39974719285965,0.5663824081420898
0.0,nan,nan,4.747818470001221,00000_001833_04,2.0,6.7135090827941895,4.747818470001221,0.9999823570251465,coef_energy_material_checkpoint_lambdas,0.0,4.25732421875,2.221179485321045,69,R2,4.403800010681152,0.576347827911377
0.0,nan,nan,6.7925801277160645,00000_001833_05,1.0,7.123253345489502,6.792580604553223,0.9990922212600708,coef_energy_material_checkpoint_lambdas,0.0,4.158165454864502,2.2934117317199707,0,R1,4.328909873962402,0.5017649531364441
0.0,nan,nan,6.2015380859375,00000_001833_05,2.0,7.0618720054626465,6.773764133453369,0.3932770788669586,coef_energy_material_checkpoint_lambdas,0.0,4.196066379547119,2.263399124145508,3,R1,4.25515940785408,0.3640808165073395
0.0,nan,nan,7.786539077758789,00000_001833_05,1.0,8.118965148925781,7.786539077758789,0.9929741024971008,coef_energy_material_checkpoint_lambdas,0.0,4.205340385437012,2.228588342666626,6,R1,2.101674258708954,0.26494500041007996
0.0,nan,nan,3.4594290256500244,00000_001833_05,3.0,3.56369948387146,3.476909637451172,0.9821562170982361,coef_energy_material_checkpoint_lambdas,0.0,4.200510501861572,2.239753007888794,9,R1,2.042257606983185,0.7771882116794586
0.0,nan,nan,3.475785493850708,00000_001833_05,1.0,3.5174074172973633,3.468027353286743,0.8716933727264404,coef_energy_material_checkpoint_lambdas,0.0,4.183297634124756,2.249647617340088,12,R1,2.0494817197322845,0.2630334198474884
0.0,nan,nan,4.585205078125,00000_001833_05,1.0,6.666957855224609,4.585205078125,0.7516152262687683,coef_energy_material_checkpoint_lambdas,0.0,4.197884559631348,2.20796537399292,30,R1,3.7615172266960144,0.44455909729003906
0.0,nan,nan,1.5272302627563477,00000_001833_05,3.0,4.252452850341797,4.232749938964844,0.6860607266426086,coef_energy_material_checkpoint_lambdas,0.0,4.191129684448242,2.231259822845459,39,R1,3.1271641552448273,3.140567570924759
0.0,nan,nan,0.0710243284702301,00000_001833_05,1.0,0.46751922369003296,0.44507142901420593,0.9994288086891174,coef_energy_material_checkpoint_lambdas,0.0,4.181056022644043,2.2259135246276855,42,R1,3.6811779141426086,1.5723541975021362
0.0,nan,nan,6.905900001525879,00000_001833_05,1.0,7.46889591217041,6.89479398727417,0.9731449484825134,coef_energy_material_checkpoint_lambdas,0.0,4.177701473236084,2.253208637237549,48,R1,4.4025683999061584,0.5596908926963806
0.0,nan,nan,0.0014169812202453613,00000_001833_05,3.0,0.6391066908836365,0.45291754603385925,0.9976903200149536,coef_energy_material_checkpoint_lambdas,0.0,4.178978443145752,2.259111166000366,51,R1,4.305407404899597,4.410422623157501
0.0,nan,nan,0.29559847712516785,00000_001833_05,4.0,0.3618035912513733,0.3576901853084564,0.9771698713302612,coef_energy_material_checkpoint_lambdas,0.0,4.171236038208008,2.256009340286255,54,R1,4.343446433544159,2.760358452796936
0.0,nan,nan,5.686705589294434,00000_001833_05,2.0,7.698832988739014,7.407266616821289,0.9988206624984741,coef_energy_material_checkpoint_lambdas,0.0,4.140231132507324,2.276841640472412,57,R1,4.39974719285965,0.5663824081420898
0.0,nan,nan,7.239057540893555,00000_001833_05,1.0,7.239062309265137,7.239057540893555,0.9995570182800293,coef_energy_material_checkpoint_lambdas,0.0,4.0904765129089355,2.344491720199585,66,R1,4.40266215801239,0.5603941679000854
0.0,nan,nan,2.1459715366363525,00000_001833_05,4.0,2.6694209575653076,1.2093992233276367,0.9958426356315613,coef_energy_material_checkpoint_lambdas,0.0,4.150221824645996,2.2785234451293945,69,R1,4.400129318237305,3.309193789958954
0.0,nan,nan,0.512118935585022,00000_001833_05,4.0,0.5903303623199463,0.32673346996307373,0.9711372256278992,coef_energy_material_checkpoint_lambdas,0.0,4.16087532043457,2.2842721939086914,72,R1,4.400018155574799,1.6590591669082642
0.0,nan,nan,0.9606245160102844,00000_001833_05,2.0,3.1159136295318604,2.221601963043213,0.9693413376808167,coef_energy_material_checkpoint_lambdas,0.0,4.143894195556641,2.2866930961608887,75,R1,4.402745008468628,0.5598004460334778
0.0,nan,nan,2.693866014480591,00000_001833_05,7.0,2.693866014480591,1.9047338962554932,0.9999964833259583,coef_energy_material_checkpoint_lambdas,0.0,4.152154922485352,2.291332244873047,78,R1,4.400017738342285,4.400111019611359
0.0,nan,nan,0.0044312858954072,00000_001833_05,10.0,0.004962963052093983,0.002234884537756443,0.9919984936714172,coef_energy_material_checkpoint_lambdas,0.0,4.140158653259277,2.297863483428955,81,R1,4.400000095367432,4.400000095367432
0.0,nan,nan,1.0719658121161046e-06,00000_001833_05,13.0,1.1151857961522182e-06,3.0745511025997985e-07,0.0,coef_energy_material_checkpoint_lambdas,0.0,4.240909576416016,2.23119854927063,84,R1,4.400000095367432,4.400000095367432
0.0,nan,nan,7.055449485778809,00000_001833_06,1.0,7.484287738800049,3.2232840061187744,0.978674054145813,coef_energy_material_checkpoint_lambdas,0.0,4.194507122039795,2.2273871898651123,0,R1,2.169729173183441,0.29069784283638
0.0,nan,nan,3.9275155067443848,00000_001833_06,4.0,4.118885517120361,4.0678253173828125,0.9971909523010254,coef_energy_material_checkpoint_lambdas,0.0,4.1793012619018555,2.209300994873047,3,R1,2.0647102892398834,0.8152203261852264
0.0,nan,nan,4.494859218597412,00000_001833_06,4.0,7.149553298950195,4.494859218597412,0.9976634383201599,coef_energy_material_checkpoint_lambdas,0.0,4.169822692871094,2.1956560611724854,6,R1,2.0121638774871826,0.337463915348053
0.0,nan,nan,6.54323673248291,00000_001833_06,1.0,6.747857093811035,6.543237209320068,0.9992305636405945,coef_energy_material_checkpoint_lambdas,0.0,4.184335231781006,2.2012064456939697,9,R1,2.070537716150284,0.28051018714904785
0.0,nan,nan,0.5399942398071289,00000_001833_06,1.0,2.1771223545074463,2.1090917587280273,-0.16781790554523468,coef_energy_material_checkpoint_lambdas,0.0,4.1942138671875,2.225774049758911,30,R1,3.5348614752292633,3.5348614752292633
0.0,nan,nan,0.294390469789505,00000_001833_06,1.0,4.480666637420654,4.470984935760498,0.737930178642273,coef_energy_material_checkpoint_lambdas,0.0,4.188790798187256,2.229255437850952,33,R1,3.5984680354595184,3.5984680354595184
0.0,nan,nan,-0.3705507516860962,00000_001833_06,1.0,0.7164242267608643,0.6131523847579956,0.7909852862358093,coef_energy_material_checkpoint_lambdas,0.0,4.195255756378174,2.221973419189453,36,R1,3.9778032898902893,3.9778032898902893
0.0,nan,nan,-0.35530996322631836,00000_001833_06,3.0,0.5369813442230225,0.40262115001678467,0.9997154474258423,coef_energy_material_checkpoint_lambdas,1.0,4.191750526428223,2.2184624671936035,39,R1,3.5348614752292633,4.084026604890823
0.0,nan,nan,2.8850443363189697,00000_001833_06,1.0,3.044930934906006,2.161149740219116,0.9997043609619141,coef_energy_material_checkpoint_lambdas,0.0,4.161323070526123,2.2327840328216553,42,R1,3.7080456018447876,0.5506437420845032
0.0,nan,nan,2.222447395324707,00000_001833_06,3.0,6.963480472564697,4.939115047454834,0.9973387122154236,coef_energy_material_checkpoint_lambdas,0.0,4.180082321166992,2.2688846588134766,48,R1,4.267090350389481,3.3130046725273132
0.0,nan,nan,2.5579326152801514,00000_001833_06,4.0,2.6911120414733887,2.3999438285827637,0.9898046255111694,coef_energy_material_checkpoint_lambdas,0.0,4.181277751922607,2.26267147064209,51,R1,4.355307877063751,1.6602022647857666
0.0,nan,nan,6.820818901062012,00000_001833_06,4.0,6.865790367126465,5.377802848815918,0.9882754683494568,coef_energy_material_checkpoint_lambdas,0.0,4.150102138519287,2.2655792236328125,54,R1,4.358830034732819,0.565608024597168
0.0,nan,nan,3.46602463722229,00000_001833_06,1.0,3.5145342350006104,3.46602463722229,0.9970254898071289,coef_energy_material_checkpoint_lambdas,0.0,4.071798801422119,2.3614985942840576,63,R1,4.402574241161346,0.5766103863716125
0.0,nan,nan,2.0707929134368896,00000_001833_06,3.0,2.3233819007873535,0.7193154096603394,0.9888504147529602,coef_energy_material_checkpoint_lambdas,0.0,4.259018898010254,2.204169750213623,66,R1,4.4001893401145935,3.3065472841262817
0.0,nan,nan,6.664592742919922,00000_001833_07,1.0,6.672762393951416,4.479167938232422,0.9658234715461731,coef_energy_material_checkpoint_lambdas,0.0,4.186673641204834,2.276815891265869,0,R1,4.20441460609436,0.3859689235687256
0.0,nan,nan,6.008932590484619,00000_001833_07,2.0,7.826635837554932,7.61727237701416,0.6516546607017517,coef_energy_material_checkpoint_lambdas,0.0,4.2055344581604,2.2342348098754883,3,R1,2.074671447277069,0.28396371006965637
0.0,nan,nan,2.251397132873535,00000_001833_07,3.0,2.35652756690979,2.251397132873535,0.9968677759170532,coef_energy_material_checkpoint_lambdas,0.0,4.171411514282227,2.2696008682250977,6,R1,2.0121638774871826,1.0300136506557465
0.0,nan,nan,1.8820255994796753,00000_001833_07,2.0,1.8823966979980469,1.8820255994796753,0.935748815536499,coef_energy_material_checkpoint_lambdas,0.0,4.133107662200928,2.297192096710205,9,R1,2.0252625644207,0.26858004927635193
0.0,nan,nan,0.5413420796394348,00000_001833_07,1.0,2.180821180343628,2.1125648021698,-0.16801874339580536,coef_energy_material_checkpoint_lambdas,0.0,4.201194763183594,2.2217724323272705,30,R1,3.5348614752292633,3.5348614752292633
0.0,nan,nan,0.2937930226325989,00000_001833_07,1.0,4.479259967803955,4.469614505767822,0.7378538250923157,coef_energy_material_checkpoint_lambdas,0.0,4.187993049621582,2.224731206893921,33,R1,3.5984680354595184,3.5984680354595184
0.0,nan,nan,-0.37372082471847534,00000_001833_07,1.0,0.7188794612884521,0.6141012907028198,0.7928729057312012,coef_energy_material_checkpoint_lambdas,0.0,4.192788600921631,2.234926223754883,36,R1,3.9778032898902893,3.9778032898902893
0.0,nan,nan,-0.3578195571899414,00000_001833_07,3.0,0.5408822894096375,0.4056091904640198,0.9997196793556213,coef_energy_material_checkpoint_lambdas,1.0,4.190954685211182,2.2361035346984863,39,R1,3.5348614752292633,4.084026604890823
0.0,nan,nan,0.8530910015106201,00000_001833_07,1.0,1.1152808666229248,0.718392014503479,0.9825935959815979,coef_energy_material_checkpoint_lambdas,0.0,4.189035892486572,2.2428510189056396,42,R1,3.5984680354595184,4.3484179973602295
0.0,nan,nan,-0.7339662313461304,00000_001833_07,2.0,1.9806302785873413,1.8396167755126953,0.9286127686500549,coef_energy_material_checkpoint_lambdas,0.0,4.179336071014404,2.255399703979492,45,R1,3.9778032898902893,2.7229366302490234
0.0,nan,nan,-0.037207841873168945,00000_001833_07,3.0,0.313698410987854,0.2952395975589752,-0.9971563816070557,coef_energy_material_checkpoint_lambdas,0.0,4.168903827667236,2.2937979698181152,48,R1,3.867664247751236,1.0851553082466125
0.0,nan,nan,5.737608909606934,00000_001833_07,4.0,7.12286901473999,7.041654586791992,0.8933345675468445,coef_energy_material_checkpoint_lambdas,0.0,4.09832763671875,2.372159481048584,57,R1,4.06277260184288,0.5107557773590088
0.0,nan,nan,6.766002655029297,00000_001833_07,2.0,6.9186577796936035,6.875853538513184,0.9991862177848816,coef_energy_material_checkpoint_lambdas,0.0,4.175604820251465,2.3135576248168945,60,R1,4.400772869586945,2.210187077522278
0.0,nan,nan,7.16757869720459,00000_001835_00,1.0,7.587374687194824,7.167578220367432,0.9894312620162964,coef_energy_material_checkpoint_lambdas,0.0,4.17361307144165,2.272554874420166,0,R2,4.196995794773102,0.3802231252193451
0.0,nan,nan,6.2213215827941895,00000_001835_00,2.0,6.847792625427246,6.844161510467529,0.8712018728256226,coef_energy_material_checkpoint_lambdas,0.0,4.2022786140441895,2.2343881130218506,3,R2,2.0231447219848633,0.26390331983566284
0.0,nan,nan,1.74411940574646,00000_001835_00,3.0,2.0174362659454346,2.0134403705596924,0.9891902208328247,coef_energy_material_checkpoint_lambdas,0.0,4.1930718421936035,2.2508482933044434,6,R2,2.053622603416443,0.7746908664703369
0.0,nan,nan,3.460468053817749,00000_001835_00,1.0,3.499725103378296,2.0151031017303467,0.8880482316017151,coef_energy_material_checkpoint_lambdas,0.0,4.150559425354004,2.279421329498291,9,R2,2.0859342217445374,0.28256556391716003
0.0,nan,nan,3.6606123447418213,00000_001835_00,1.0,7.85515022277832,7.5028767585754395,0.8955056071281433,coef_energy_material_checkpoint_lambdas,0.0,4.193103790283203,2.2203967571258545,27,R2,3.576698362827301,0.4118680953979492
0.0,nan,nan,-0.026585683226585388,00000_001835_00,1.0,0.542989194393158,0.4969713091850281,0.9979507923126221,coef_energy_material_checkpoint_lambdas,0.0,4.1771321296691895,2.239885091781616,42,R2,4.2899865210056305,2.35645791888237
0.0,nan,nan,-0.3166133761405945,00000_001835_00,2.0,0.347006618976593,0.26861998438835144,0.7817038297653198,coef_energy_material_checkpoint_lambdas,0.0,4.171915054321289,2.246570110321045,45,R2,4.173343658447266,0.91756471991539
0.0,nan,nan,-0.04623052850365639,00000_001835_00,4.0,3.509955644607544,2.514388084411621,-0.989673376083374,coef_energy_material_checkpoint_lambdas,0.0,4.1210036277771,2.28420352935791,48,R2,4.327008426189423,4.377155601978302
0.0,nan,nan,0.0004156554350629449,00000_001835_00,5.0,0.0006296462379395962,0.0003172412107232958,0.9350079298019409,coef_energy_material_checkpoint_lambdas,0.0,4.135885715484619,2.277953624725342,51,R2,4.248684525489807,3.857365667819977
0.0,nan,nan,0.10755084455013275,00000_001835_00,5.0,0.2428039312362671,0.2176845520734787,0.9999972581863403,coef_energy_material_checkpoint_lambdas,0.0,4.13292121887207,2.2818918228149414,54,R2,4.323901027441025,1.6573503017425537
0.0,nan,nan,6.557837963104248,00000_001835_00,4.0,6.557837963104248,4.6376519203186035,0.9999934434890747,coef_energy_material_checkpoint_lambdas,0.0,4.118259906768799,2.2997982501983643,57,R2,4.4007410407066345,0.5873666405677795
0.0,nan,nan,1.286476969718933,00000_001835_00,5.0,1.7137008905410767,1.7102227210998535,0.9279661774635315,coef_energy_material_checkpoint_lambdas,0.0,4.151061534881592,2.296708106994629,63,R2,4.400120437145233,4.403130233287811
0.0,nan,nan,0.38430488109588623,00000_001835_00,11.0,0.38430488109588623,0.0,1.0,coef_energy_material_checkpoint_lambdas,0.0,4.137116432189941,2.3269007205963135,66,R2,4.400000095367432,4.400000095367432
0.0,nan,nan,0.0,00000_001835_00,14.0,5.0705923058558255e-05,0.0,0.0,coef_energy_material_checkpoint_lambdas,0.0,4.155378818511963,2.302098035812378,69,R2,4.399999916553497,4.400000095367432
0.0,nan,nan,0.0,00000_001835_00,15.0,6.544766506522137e-09,0.0,0.0,coef_energy_material_checkpoint_lambdas,0.0,4.329071521759033,2.199692487716675,72,R2,4.400000095367432,4.400000095367432
0.0,nan,nan,-0.023124277591705322,00000_001835_01,4.0,2.397670030593872,2.1340999603271484,-0.9332489967346191,coef_energy_material_checkpoint_lambdas,0.0,4.186441898345947,2.2684435844421387,3,R1,3.0378815829753876,1.352437436580658
0.0,nan,nan,3.1214759349823,00000_001835_01,5.0,6.501884937286377,6.397994041442871,0.16771376132965088,coef_energy_material_checkpoint_lambdas,0.0,4.191838264465332,2.2643556594848633,6,R1,2.6163062155246735,0.34913331270217896
0.0,nan,nan,6.218832969665527,00000_001835_01,2.0,6.845080375671387,6.841452598571777,0.8711976408958435,coef_energy_material_checkpoint_lambdas,0.0,4.20067834854126,2.2329134941101074,9,R1,2.0231447219848633,0.26390331983566284
0.0,nan,nan,1.745527982711792,00000_001835_01,3.0,2.018953561782837,2.0149669647216797,0.9891763925552368,coef_energy_material_checkpoint_lambdas,0.0,4.198923110961914,2.2295615673065186,12,R1,2.053622603416443,0.7746908664703369
0.0,nan,nan,3.4777750968933105,00000_001835_01,1.0,3.516395330429077,2.02016544342041,0.887322187423706,coef_energy_material_checkpoint_lambdas,0.0,4.183027267456055,2.235807418823242,15,R1,2.0859342217445374,0.28256556391716003
0.0,nan,nan,3.661421775817871,00000_001835_01,1.0,7.857111930847168,7.504715442657471,0.8955121636390686,coef_energy_material_checkpoint_lambdas,0.0,4.194024085998535,2.2224206924438477,33,R1,3.576698362827301,0.4118680953979492
0.0,nan,nan,-0.0265122652053833,00000_001835_01,1.0,0.5454564094543457,0.4991510510444641,0.9979735612869263,coef_energy_material_checkpoint_lambdas,0.0,4.172780990600586,2.252840042114258,48,R1,4.2899865210056305,2.35645791888237
0.0,nan,nan,-0.3175632655620575,00000_001835_01,2.0,0.3473318815231323,0.26785343885421753,0.7788153290748596,coef_energy_material_checkpoint_lambdas,0.0,4.199953556060791,2.248217821121216,51,R1,4.173343658447266,0.91756471991539
0.0,nan,nan,4.607452869415283,00000_001835_01,2.0,6.675017833709717,6.673165321350098,0.8694620728492737,coef_energy_material_checkpoint_lambdas,0.0,4.159475803375244,2.2582740783691406,54,R1,4.296347141265869,0.48170697689056396
0.0,nan,nan,0.0901927798986435,00000_001835_01,5.0,4.137759208679199,2.9889180660247803,0.44530007243156433,coef_energy_material_checkpoint_lambdas,1.0,4.09434700012207,2.3061728477478027,57,R1,4.132325261831284,4.3999550342559814
0.0,nan,nan,-4.145360799157061e-05,00000_001835_01,4.0,0.00014916427608113736,5.985439202049747e-06,-0.00376904453150928,coef_energy_material_checkpoint_lambdas,0.0,4.147077560424805,2.272799491882324,60,R1,4.168546557426453,4.410635232925415
0.0,nan,nan,0.38680699467658997,00000_001835_01,5.0,0.38680699467658997,0.2735211253166199,0.9999943971633911,coef_energy_material_checkpoint_lambdas,0.0,4.163516521453857,2.271760940551758,63,R1,4.382091999053955,2.2106111645698547
0.0,nan,nan,0.2900819480419159,00000_001835_01,5.0,0.4448580741882324,0.2900819480419159,0.993232250213623,coef_energy_material_checkpoint_lambdas,0.0,4.161798477172852,2.280979633331299,66,R1,4.399319589138031,1.1179137229919434
0.0,nan,nan,0.12122547626495361,00000_001835_01,7.0,2.673740863800049,1.8029567003250122,0.9962726831436157,coef_energy_material_checkpoint_lambdas,0.0,4.121068000793457,2.3348186016082764,72,R1,4.3991334438323975,4.400042235851288
0.0,nan,nan,0.0021665822714567184,00000_001835_01,10.0,0.004877251107245684,0.0021665822714567184,-0.948270320892334,coef_energy_material_checkpoint_lambdas,0.0,4.168501853942871,2.2863969802856445,75,R1,4.400000095367432,4.400000095367432
0.0,nan,nan,3.131496839614556e-07,00000_001835_01,13.0,1.1358408755768323e-06,3.131496839614556e-07,0.0,coef_energy_material_checkpoint_lambdas,0.0,4.319458484649658,2.1948063373565674,78,R1,4.400000095367432,4.400000095367432
0.0,nan,nan,6.901073455810547,00000_001835_02,1.0,7.190476417541504,6.901073455810547,0.9740385413169861,coef_energy_material_checkpoint_lambdas,0.0,4.154099941253662,2.294231414794922,3,R2,4.229635655879974,0.4802600145339966
0.0,nan,nan,7.16757869720459,00000_001835_02,1.0,7.587374687194824,7.167578220367432,0.9894312620162964,coef_energy_material_checkpoint_lambdas,0.0,4.17361307144165,2.272554874420166,6,R2,4.196995794773102,0.3802231252193451
0.0,nan,nan,6.213743209838867,00000_001835_02,2.0,6.839354991912842,6.835721492767334,0.8712168335914612,coef_energy_material_checkpoint_lambdas,0.0,4.196873188018799,2.2337281703948975,9,R2,2.0231447219848633,0.26390331983566284
0.0,nan,nan,1.7456464767456055,00000_001835_02,3.0,2.019075632095337,2.015090227127075,0.9891744256019592,coef_energy_material_checkpoint_lambdas,0.0,4.199542045593262,2.22658109664917,12,R2,2.053622603416443,0.7746908664703369
0.0,nan,nan,3.4870686531066895,00000_001835_02,1.0,3.525726079940796,2.025164842605591,0.8872645497322083,coef_energy_material_checkpoint_lambdas,0.0,4.195136547088623,2.237407922744751,15,R2,2.0859342217445374,0.28256556391716003
0.0,nan,nan,3.6625537872314453,00000_001835_02,1.0,7.859628200531006,7.507105350494385,0.8955147862434387,coef_energy_material_checkpoint_lambdas,0.0,4.19531774520874,2.223705768585205,33,R2,3.576698362827301,0.4118680953979492
0.0,nan,nan,-0.026577860116958618,00000_001835_02,1.0,0.5437514185905457,0.49765071272850037,0.9979561567306519,coef_energy_material_checkpoint_lambdas,0.0,4.177573204040527,2.2436747550964355,48,R2,4.2899865210056305,2.35645791888237
0.0,nan,nan,-0.3164292275905609,00000_001835_02,2.0,0.3466750979423523,0.26818007230758667,0.7811830043792725,coef_energy_material_checkpoint_lambdas,0.0,4.17228889465332,2.244344711303711,51,R2,4.173343658447266,0.91756471991539
0.0,nan,nan,-0.04630644619464874,00000_001835_02,4.0,3.499704360961914,2.5071916580200195,-0.9896647334098816,coef_energy_material_checkpoint_lambdas,0.0,4.110677719116211,2.287954568862915,54,R2,4.327008426189423,4.377155601978302
0.0,nan,nan,0.00041598541429266334,00000_001835_02,5.0,0.0006298674852587283,0.00031714115175418556,0.9351457357406616,coef_energy_material_checkpoint_lambdas,0.0,4.1330976486206055,2.2783870697021484,57,R2,4.248684525489807,3.857365667819977
0.0,nan,nan,0.10752420872449875,00000_001835_02,5.0,0.24274380505084991,0.21763065457344055,0.9999973177909851,coef_energy_material_checkpoint_lambdas,0.0,4.131894111633301,2.2815003395080566,60,R2,4.323901027441025,1.6573503017425537
0.0,nan,nan,6.557837963104248,00000_001835_02,4.0,6.557837963104248,4.6376519203186035,0.9999934434890747,coef_energy_material_checkpoint_lambdas,0.0,4.118259906768799,2.2997982501983643,63,R2,4.4007410407066345,0.5873666405677795
0.0,nan,nan,1.2713654041290283,00000_001835_02,5.0,1.6937999725341797,1.6903786659240723,0.9280233979225159,coef_energy_material_checkpoint_lambdas,0.0,4.101286888122559,2.3289976119995117,69,R2,4.400120437145233,4.403130233287811
0.0,nan,nan,0.37856823205947876,00000_001835_02,11.0,0.37856823205947876,0.26768818497657776,1.0,coef_energy_material_checkpoint_lambdas,0.0,4.074545860290527,2.3508920669555664,72,R2,4.400000095367432,4.400000095367432
0.0,nan,nan,-2.655263187989476e-06,00000_001835_02,15.0,5.9222779782430734e-06,1.865636136244575e-06,0.0,coef_energy_material_checkpoint_lambdas,0.0,4.0490312576293945,2.3692827224731445,75,R2,4.400000095367432,4.400000095367432
0.0,nan,nan,-1.5250375615116774e-11,00000_001835_02,16.0,2.747764689392529e-11,5.37876904474488e-12,0.0,coef_energy_material_checkpoint_lambdas,0.0,4.222368240356445,2.2444663047790527,78,R2,4.400000095367432,4.400000095367432
0.0,nan,nan,2.415757179260254,00000_001835_03,4.0,2.4811947345733643,2.415757179260254,-0.17652858793735504,coef_energy_material_checkpoint_lambdas,0.0,4.204745292663574,2.235515832901001,0,R2,2.3782032132148743,1.529745191335678
0.0,nan,nan,0.2700466513633728,00000_001835_03,3.0,0.3690040409564972,0.3539993166923523,0.9555260539054871,coef_energy_material_checkpoint_lambdas,0.0,4.192420959472656,2.234556198120117,3,R2,2.12896192073822,0.7635542750358582
0.0,nan,nan,2.1053762435913086,00000_001835_03,2.0,5.896102428436279,3.984412431716919,0.9758783578872681,coef_energy_material_checkpoint_lambdas,0.0,4.191233158111572,2.2409486770629883,6,R2,2.1843328177928925,0.2685754895210266
0.0,nan,nan,0.05724106729030609,00000_001835_03,1.0,0.5334154963493347,0.44874733686447144,0.8674405217170715,coef_energy_material_checkpoint_lambdas,0.0,4.190739631652832,2.2475435733795166,39,R2,4.337219715118408,2.8726421296596527
0.0,nan,nan,-0.25703495740890503,00000_001835_03,2.0,0.5865299105644226,0.5865004658699036,0.9996424913406372,coef_energy_material_checkpoint_lambdas,0.0,4.183479309082031,2.256492853164673,42,R2,4.206399589776993,1.39177405834198
0.0,nan,nan,0.7374565601348877,00000_001835_03,2.0,6.814816474914551,5.3119659423828125,0.9833531379699707,coef_energy_material_checkpoint_lambdas,0.0,4.200624465942383,2.2599892616271973,45,R2,4.260228514671326,0.4531317949295044
0.0,nan,nan,5.7856597900390625,00000_001835_03,2.0,8.020232200622559,7.658810615539551,0.9491240978240967,coef_energy_material_checkpoint_lambdas,0.0,4.181506156921387,2.2733211517333984,48,R2,4.378781497478485,0.5655019283294678
0.0,nan,nan,4.406233310699463,00000_001835_03,5.0,6.869923114776611,5.270764350891113,0.6848030090332031,coef_energy_material_checkpoint_lambdas,0.0,4.1905670166015625,2.272373914718628,51,R2,4.368239998817444,4.368239998817444
0.0,nan,nan,-0.038725681602954865,00000_001835_03,6.0,0.10084492713212967,0.10060140490531921,0.9379242062568665,coef_energy_material_checkpoint_lambdas,0.0,4.172765731811523,2.2762155532836914,54,R2,4.388080298900604,4.392907023429871
0.0,nan,nan,0.039900459349155426,00000_001835_03,4.0,0.04490530863404274,0.0005829185247421265,0.1540801078081131,coef_energy_material_checkpoint_lambdas,0.0,4.178038120269775,2.262676239013672,57,R2,4.398165583610535,3.853432059288025
0.0,nan,nan,0.026703979820013046,00000_001835_03,7.0,0.028903432190418243,0.011059194803237915,0.6283504366874695,coef_energy_material_checkpoint_lambdas,0.0,4.1688456535339355,2.2840096950531006,60,R2,3.867327868938446,1.6606721878051758
0.0,nan,nan,0.08987623453140259,00000_001835_03,5.0,1.8356858491897583,1.6801121234893799,0.9990952014923096,coef_energy_material_checkpoint_lambdas,0.0,4.156405925750732,2.3078761100769043,63,R2,4.305404365062714,4.40352475643158
0.0,nan,nan,3.723040819168091,00000_001835_03,5.0,3.7270116806030273,3.723040819168091,0.9991061687469482,coef_energy_material_checkpoint_lambdas,0.0,4.118180274963379,2.331960439682007,66,R2,4.398874878883362,3.3079010248184204
0.0,nan,nan,0.04455752670764923,00000_001835_03,6.0,0.05025747790932655,0.05025000870227814,0.9467708468437195,coef_energy_material_checkpoint_lambdas,0.0,4.280935287475586,2.2079551219940186,69,R2,4.39892578125,1.6572986841201782
0.0,nan,nan,0.011226730421185493,00000_001835_04,5.0,0.06623146682977676,0.05409349873661995,-0.36782246828079224,coef_energy_material_checkpoint_lambdas,1.0,4.212807655334473,2.2516798973083496,0,R2,3.7241004705429077,3.9797039330005646
0.0,nan,nan,0.009684565477073193,00000_001835_04,5.0,0.011214900761842728,0.005655368790030479,0.9997804164886475,coef_energy_material_checkpoint_lambdas,0.0,4.206260681152344,2.241295576095581,3,R2,3.0960081815719604,3.0960081815719604
0.0,nan,nan,0.3149045407772064,00000_001835_04,4.0,0.5074161291122437,0.05867056921124458,0.9972711801528931,coef_energy_material_checkpoint_lambdas,0.0,4.206311225891113,2.2380483150482178,6,R2,2.405624568462372,2.2678204774856567
0.0,nan,nan,4.010960102081299,00000_001835_04,4.0,4.020697593688965,4.010960102081299,0.31433138251304626,coef_energy_material_checkpoint_lambdas,0.0,4.204314231872559,2.2346956729888916,9,R2,2.1744737923145294,1.2657058537006378
0.0,nan,nan,0.12485760450363159,00000_001835_04,4.0,0.2339986115694046,0.023170746862888336,0.9294595718383789,coef_energy_material_checkpoint_lambdas,0.0,4.200390815734863,2.2303473949432373,12,R2,2.08440962433815,0.5133023858070374
0.0,nan,nan,3.6644904613494873,00000_001835_04,1.0,7.86338472366333,7.51075553894043,0.8955029249191284,coef_energy_material_checkpoint_lambdas,0.0,4.197548866271973,2.222147226333618,33,R2,3.576698362827301,0.4118680953979492
0.0,nan,nan,-0.026546567678451538,00000_001835_04,1.0,0.5422508716583252,0.49629437923431396,0.9979512095451355,coef_energy_material_checkpoint_lambdas,0.0,4.171092987060547,2.236882209777832,48,R2,4.2899865210056305,2.35645791888237
0.0,nan,nan,-0.3178955912590027,00000_001835_04,2.0,0.3515618145465851,0.04189552739262581,0.7937458157539368,coef_energy_material_checkpoint_lambdas,1.0,4.122306823730469,2.2774860858917236,51,R2,4.173343658447266,4.321156561374664
0.0,nan,nan,0.019713792949914932,00000_001835_04,3.0,0.05784747749567032,0.04535982385277748,0.9928512573242188,coef_energy_material_checkpoint_lambdas,0.0,4.141326427459717,2.267252206802368,54,R2,4.217161446809769,4.4072354435920715
0.0,nan,nan,0.08329522609710693,00000_001835_04,5.0,0.2426421344280243,0.22789715230464935,0.9928281307220459,coef_energy_material_checkpoint_lambdas,0.0,4.16655158996582,2.2601990699768066,57,R2,4.26674947142601,2.2072575092315674
0.0,nan,nan,1.5997726917266846,00000_001835_04,7.0,2.6875901222229004,2.3966822624206543,0.9888965487480164,coef_energy_material_checkpoint_lambdas,0.0,4.1807098388671875,2.255626916885376,60,R2,4.378781497478485,4.420287787914276
0.0,nan,nan,6.796191692352295,00000_001835_04,4.0,6.796191692352295,4.806169509887695,0.9999933838844299,coef_energy_material_checkpoint_lambdas,0.0,4.278687477111816,2.202360153198242,63,R2,4.4007410407066345,0.5873666405677795
0.0,nan,nan,2.415886640548706,00000_001835_05,4.0,2.4813523292541504,2.415886640548706,-0.17657019197940826,coef_energy_material_checkpoint_lambdas,0.0,4.204980373382568,2.2352733612060547,0,R1,2.3782032132148743,1.529745191335678
0.0,nan,nan,0.2707066833972931,00000_001835_05,3.0,0.3698556125164032,0.3548315167427063,0.9554829001426697,coef_energy_material_checkpoint_lambdas,0.0,4.204085350036621,2.2275264263153076,3,R1,2.12896192073822,0.7635542750358582
0.0,nan,nan,2.1059670448303223,00000_001835_05,2.0,5.897644996643066,3.9854230880737305,0.9758768081665039,coef_energy_material_checkpoint_lambdas,0.0,4.1924662590026855,2.239786148071289,6,R1,2.1843328177928925,0.2685754895210266
0.0,nan,nan,0.05758501589298248,00000_001835_05,1.0,0.5334842801094055,0.44862210750579834,0.867124617099762,coef_energy_material_checkpoint_lambdas,0.0,4.195916175842285,2.2435483932495117,39,R1,4.337219715118408,2.8726421296596527
0.0,nan,nan,-0.25727036595344543,00000_001835_05,2.0,0.5871337056159973,0.5871039032936096,0.9996438026428223,coef_energy_material_checkpoint_lambdas,0.0,4.179124355316162,2.2592928409576416,42,R1,4.206399589776993,1.39177405834198
0.0,nan,nan,0.7367732524871826,00000_001835_05,2.0,6.808686256408691,5.3071746826171875,0.9833535552024841,coef_energy_material_checkpoint_lambdas,0.0,4.196778297424316,2.2620179653167725,45,R1,4.260228514671326,0.4531317949295044
0.0,nan,nan,5.783671855926514,00000_001835_05,2.0,8.017498970031738,7.656193733215332,0.9491251111030579,coef_energy_material_checkpoint_lambdas,0.0,4.180045127868652,2.2728235721588135,48,R1,4.378781497478485,0.5655019283294678
0.0,nan,nan,4.404994964599609,00000_001835_05,5.0,6.867817401885986,5.269054412841797,0.6848185062408447,coef_energy_material_checkpoint_lambdas,0.0,4.1891984939575195,2.273988723754883,51,R1,4.368239998817444,4.368239998817444
0.0,nan,nan,-0.03875631466507912,00000_001835_05,6.0,0.10213987529277802,0.10185690969228745,0.9396271109580994,coef_energy_material_checkpoint_lambdas,0.0,4.169804573059082,2.2965638637542725,54,R1,4.388080298900604,4.392907023429871
0.0,nan,nan,0.038620755076408386,00000_001835_05,4.0,0.04486195743083954,0.003144584596157074,0.21028566360473633,coef_energy_material_checkpoint_lambdas,0.0,4.129992485046387,2.3410444259643555,57,R1,4.398165583610535,3.853432059288025
0.0,nan,nan,1.1590917110443115,00000_001835_05,5.0,2.4938316345214844,1.7282499074935913,-0.9231041669845581,coef_energy_material_checkpoint_lambdas,0.0,4.234036445617676,2.263075828552246,60,R1,4.38772177696228,0.5414155721664429
0.0,nan,nan,5.241656303405762,00000_001835_06,3.0,7.099274158477783,6.82952880859375,-0.6241135597229004,coef_energy_material_checkpoint_lambdas,0.0,4.191870212554932,2.2374589443206787,3,R1,4.088809549808502,0.3704310357570648
0.0,nan,nan,2.034280300140381,00000_001835_06,6.0,2.4646832942962646,1.3915342092514038,-0.2975069582462311,coef_energy_material_checkpoint_lambdas,0.0,4.201028823852539,2.2266697883605957,6,R1,2.1915388107299805,2.1915388107299805
0.0,nan,nan,0.15613630414009094,00000_001835_06,4.0,0.25214043259620667,0.029588257893919945,0.999575138092041,coef_energy_material_checkpoint_lambdas,0.0,4.205997943878174,2.224247932434082,9,R1,2.0246503949165344,1.5296810865402222
0.0,nan,nan,0.049283020198345184,00000_001835_06,2.0,0.04991799220442772,0.04046040028333664,0.31092649698257446,coef_energy_material_checkpoint_lambdas,0.0,4.207327365875244,2.215176582336426,12,R1,2.927468329668045,0.7670384347438812
0.0,nan,nan,4.591114044189453,00000_001835_06,2.0,5.108506679534912,2.2402031421661377,0.9948737025260925,coef_energy_material_checkpoint_lambdas,0.0,4.192300319671631,2.205717086791992,15,R1,2.1915388107299805,0.2797134518623352
0.0,nan,nan,0.05749724805355072,00000_001835_06,1.0,0.5332949757575989,0.44849956035614014,0.8671878576278687,coef_energy_material_checkpoint_lambdas,0.0,4.19350004196167,2.2436094284057617,48,R1,4.337219715118408,2.8726421296596527
0.0,nan,nan,-0.2575230300426483,00000_001835_06,2.0,0.5877254605293274,0.5876955389976501,0.9996441602706909,coef_energy_material_checkpoint_lambdas,0.0,4.18137264251709,2.2616777420043945,51,R1,4.206399589776993,1.39177405834198
0.0,nan,nan,0.7363424301147461,00000_001835_06,2.0,6.805304050445557,5.304497718811035,0.9833553433418274,coef_energy_material_checkpoint_lambdas,0.0,4.194477081298828,2.2740039825439453,54,R1,4.260228514671326,0.4531317949295044
0.0,nan,nan,5.778952598571777,00000_001835_06,2.0,8.011956214904785,7.650591850280762,0.9491659998893738,coef_energy_material_checkpoint_lambdas,0.0,4.1755194664001465,2.283843994140625,57,R1,4.378781497478485,0.5655019283294678
0.0,nan,nan,7.412672996520996,00000_001835_06,1.0,7.428837776184082,4.895206451416016,0.561252236366272,coef_energy_material_checkpoint_lambdas,0.0,4.177727699279785,2.279871940612793,60,R1,4.379348993301392,0.4982492923736572
0.0,nan,nan,0.07964509725570679,00000_001835_06,5.0,0.22978904843330383,0.21554504334926605,0.7109172940254211,coef_energy_material_checkpoint_lambdas,0.0,4.191565036773682,2.279508590698242,63,R1,4.323138177394867,4.323138177394867
0.0,nan,nan,0.5155954957008362,00000_001835_06,5.0,0.51601243019104,0.21203124523162842,-0.21258443593978882,coef_energy_material_checkpoint_lambdas,0.0,4.133636474609375,2.3307058811187744,66,R1,4.37585723400116,3.827338755130768
0.0,nan,nan,1.1590917110443115,00000_001835_06,5.0,2.4938316345214844,1.7282499074935913,-0.9231041669845581,coef_energy_material_checkpoint_lambdas,0.0,4.234036445617676,2.263075828552246,69,R1,4.38772177696228,0.5414155721664429
0.0,nan,nan,5.241656303405762,00000_001835_07,3.0,7.099274158477783,6.82952880859375,-0.6241135597229004,coef_energy_material_checkpoint_lambdas,0.0,4.191870212554932,2.2374589443206787,3,R2,4.088809549808502,0.3704310357570648
0.0,nan,nan,2.0329113006591797,00000_001835_07,6.0,2.462965250015259,1.3904924392700195,-0.297473281621933,coef_energy_material_checkpoint_lambdas,0.0,4.198146820068359,2.225536584854126,6,R2,2.1915388107299805,2.1915388107299805
0.0,nan,nan,0.15614043176174164,00000_001835_07,4.0,0.25214874744415283,0.029590532183647156,0.9995752573013306,coef_energy_material_checkpoint_lambdas,0.0,4.205388069152832,2.224329948425293,9,R2,2.0246503949165344,1.5296810865402222
0.0,nan,nan,0.04931996017694473,00000_001835_07,2.0,0.04996396601200104,0.04052865505218506,0.311933696269989,coef_energy_material_checkpoint_lambdas,0.0,4.209739685058594,2.219724416732788,12,R2,2.927468329668045,0.7670384347438812
0.0,nan,nan,4.6002020835876465,00000_001835_07,2.0,5.118657112121582,2.244725227355957,0.9948720932006836,coef_energy_material_checkpoint_lambdas,0.0,4.201264381408691,2.2032382488250732,15,R2,2.1915388107299805,0.2797134518623352
0.0,nan,nan,0.05749891698360443,00000_001835_07,1.0,0.5338175296783447,0.448968768119812,0.8672391176223755,coef_energy_material_checkpoint_lambdas,0.0,4.1968560218811035,2.2465038299560547,48,R2,4.337219715118408,2.8726421296596527
0.0,nan,nan,-0.25711649656295776,00000_001835_07,2.0,0.5866946578025818,0.5866653323173523,0.9996419548988342,coef_energy_material_checkpoint_lambdas,0.0,4.187417507171631,2.256974697113037,51,R2,4.206399589776993,1.39177405834198
0.0,nan,nan,0.7366800308227539,00000_001835_07,2.0,6.807164669036865,5.306034088134766,0.9833517670631409,coef_energy_material_checkpoint_lambdas,0.0,4.196079730987549,2.2470085620880127,54,R2,4.260228514671326,0.4531317949295044
0.0,nan,nan,5.724902629852295,00000_001835_07,2.0,7.938126564025879,7.579750061035156,0.9492115378379822,coef_energy_material_checkpoint_lambdas,0.0,4.1352338790893555,2.2767179012298584,57,R2,4.378781497478485,0.5655019283294678
0.0,nan,nan,-0.07830233126878738,00000_001835_07,4.0,0.2392662912607193,0.10450231283903122,0.5972757935523987,coef_energy_material_checkpoint_lambdas,0.0,4.095225811004639,2.3033463954925537,60,R2,4.350602507591248,4.400146067142487
0.0,nan,nan,0.0006921566091477871,00000_001835_07,5.0,0.0006996439769864082,0.00041724511538632214,0.0,coef_energy_material_checkpoint_lambdas,0.0,4.149020671844482,2.2764368057250977,63,R2,4.227859854698181,3.879822611808777
0.0,nan,nan,0.43357279896736145,00000_001835_07,5.0,0.4601719081401825,0.43357279896736145,0.9935856461524963,coef_energy_material_checkpoint_lambdas,0.0,4.158693313598633,2.279268741607666,66,R2,4.398962914943695,1.6680723428726196
0.0,nan,nan,3.524202823638916,00000_001835_07,1.0,3.583314895629883,0.6481814384460449,0.9673894047737122,coef_energy_material_checkpoint_lambdas,0.0,4.154026985168457,2.2959578037261963,69,R2,4.403566300868988,0.5826373100280762
0.0,nan,nan,6.482710361480713,00000_001835_07,6.0,6.533051490783691,4.011595249176025,0.9885503649711609,coef_energy_material_checkpoint_lambdas,0.0,4.1485748291015625,2.31484317779541,72,R2,4.400250792503357,4.401154518127441
0.0,nan,nan,-0.0357135608792305,00000_001835_07,9.0,0.06450720131397247,0.0357135608792305,-0.8516785502433777,coef_energy_material_checkpoint_lambdas,0.0,4.090756416320801,2.3589577674865723,75,R2,4.399673163890839,4.399999916553497
0.0,nan,nan,6.264356670726556e-06,00000_001835_07,13.0,1.972548125195317e-05,6.264356670726556e-06,0.0,coef_energy_material_checkpoint_lambdas,0.0,4.272032737731934,2.2154953479766846,78,R2,4.400000095367432,4.400000095367432
0.0,nan,nan,0.01212400384247303,00000_001836_00,4.0,0.06723877787590027,0.05533866584300995,0.4105411171913147,coef_energy_material_checkpoint_lambdas,1.0,4.210216045379639,2.249359130859375,0,R2,3.722746878862381,3.97985503077507
0.0,nan,nan,0.009687157347798347,00000_001836_00,5.0,0.011953992769122124,0.007004065439105034,0.9999955892562866,coef_energy_material_checkpoint_lambdas,0.0,4.204686164855957,2.2384033203125,3,R2,3.0990637838840485,3.0990637838840485
0.0,nan,nan,0.1610126495361328,00000_001836_00,4.0,0.574235200881958,0.2759038507938385,0.9995699524879456,coef_energy_material_checkpoint_lambdas,0.0,4.207491397857666,2.2346315383911133,6,R2,2.511030226945877,2.2708799242973328
0.0,nan,nan,-1.5763070583343506,00000_001836_00,3.0,4.120906352996826,4.110485553741455,0.040610700845718384,coef_energy_material_checkpoint_lambdas,0.0,4.21407413482666,2.22648024559021,9,R2,3.6019037067890167,1.2678318321704865
0.0,nan,nan,0.11175191402435303,00000_001836_00,3.0,0.11585092544555664,0.08629419654607773,0.8646324276924133,coef_energy_material_checkpoint_lambdas,0.0,4.2092695236206055,2.2216954231262207,12,R2,2.049012452363968,0.5131233632564545
0.0,nan,nan,3.7293314933776855,00000_001836_00,1.0,7.878170490264893,7.54405403137207,0.9580737352371216,coef_energy_material_checkpoint_lambdas,0.0,4.195365905761719,2.2238872051239014,33,R2,3.5299341678619385,0.43036431074142456
0.0,nan,nan,3.4411067962646484,00000_001836_00,1.0,4.403341770172119,3.996258497238159,0.9974638223648071,coef_energy_material_checkpoint_lambdas,0.0,4.1890058517456055,2.239515781402588,42,R2,3.564434230327606,3.042857587337494
0.0,nan,nan,0.2910867929458618,00000_001836_00,2.0,0.29113078117370605,0.13470393419265747,0.9883902072906494,coef_energy_material_checkpoint_lambdas,0.0,4.181886196136475,2.231060743331909,45,R2,3.102383255958557,1.6224359273910522
0.0,nan,nan,6.1403093338012695,00000_001836_00,1.0,6.977426528930664,5.709956645965576,0.559627115726471,coef_energy_material_checkpoint_lambdas,0.0,4.169885158538818,2.244072198867798,48,R2,3.932511806488037,0.5019745230674744
0.0,nan,nan,6.732996463775635,00000_001836_00,2.0,7.877991676330566,7.851356029510498,0.998407781124115,coef_energy_material_checkpoint_lambdas,0.0,4.194783687591553,2.2253568172454834,54,R2,4.002278625965118,0.5675045251846313
0.0,nan,nan,3.5667495727539062,00000_001836_00,1.0,3.615605354309082,2.103205442428589,0.9965605139732361,coef_energy_material_checkpoint_lambdas,0.0,4.1183881759643555,2.2983338832855225,57,R2,4.402685165405273,0.59136962890625
0.0,nan,nan,2.5366642475128174,00000_001836_00,6.0,2.6793124675750732,0.8625836372375488,0.9818629622459412,coef_energy_material_checkpoint_lambdas,0.0,4.146806716918945,2.286381483078003,66,R2,4.40001368522644,4.40001368522644
0.0,nan,nan,0.00048218839219771326,00000_001836_00,9.0,0.0007001364720053971,1.79879989445908e-05,0.0,coef_energy_material_checkpoint_lambdas,0.0,4.164000988006592,2.2802186012268066,69,R2,4.400000095367432,4.400000095367432
0.0,nan,nan,4.53734827488006e-07,00000_001836_00,13.0,9.633969284550403e-07,8.498578836224624e-07,0.0,coef_energy_material_checkpoint_lambdas,0.0,4.218565940856934,2.2485594749450684,72,R2,4.400000095367432,4.400000095367432
0.0,nan,nan,1.2483801548057727e-08,00000_001836_00,14.0,2.1462810195771453e-08,3.517798941032879e-09,0.0,coef_energy_material_checkpoint_lambdas,0.0,4.300612449645996,2.227208375930786,75,R2,4.400000095367432,4.400000095367432
0.0,nan,nan,3.8936312198638916,00000_001836_01,3.0,5.498619556427002,5.218913555145264,0.9994679689407349,coef_energy_material_checkpoint_lambdas,0.0,4.194573879241943,2.2150330543518066,0,R1,2.049012452363968,0.30127763748168945
0.0,nan,nan,4.928317070007324,00000_001836_01,3.0,5.476938724517822,4.928317070007324,0.9286372661590576,coef_energy_material_checkpoint_lambdas,0.0,4.182539463043213,2.19673490524292,3,R1,2.0531002283096313,0.3213067054748535
0.0,nan,nan,7.734152793884277,00000_001836_01,1.0,8.04161548614502,7.7341532707214355,0.9902256727218628,coef_energy_material_checkpoint_lambdas,0.0,4.184392929077148,2.200622320175171,6,R1,2.1171809136867523,0.3368041217327118
0.0,nan,nan,6.39836311340332,00000_001836_01,1.0,7.407318115234375,6.199615478515625,0.9670128226280212,coef_energy_material_checkpoint_lambdas,0.0,4.1884965896606445,2.2356913089752197,33,R1,3.4611902832984924,3.428153336048126
0.0,nan,nan,0.45073211193084717,00000_001836_01,1.0,0.7224370837211609,0.7065533995628357,0.5607579946517944,coef_energy_material_checkpoint_lambdas,0.0,4.184774398803711,2.2354581356048584,36,R1,3.2528964579105377,2.159843623638153
0.0,nan,nan,2.5180859565734863,00000_001836_01,1.0,2.725849151611328,2.059715747833252,0.42662036418914795,coef_energy_material_checkpoint_lambdas,0.0,4.17014217376709,2.2393174171447754,39,R1,3.567072808742523,0.528863787651062
0.0,nan,nan,7.546492576599121,00000_001836_01,1.0,7.546572208404541,7.546493053436279,0.9975223541259766,coef_energy_material_checkpoint_lambdas,0.0,4.154549598693848,2.263765573501587,48,R1,4.402710139751434,0.5675000548362732
0.0,nan,nan,5.890010356903076,00000_001836_01,2.0,6.59099817276001,4.668673038482666,0.9985597133636475,coef_energy_material_checkpoint_lambdas,0.0,4.14162540435791,2.287060260772705,57,R1,4.400987267494202,4.4010549783706665
0.0,nan,nan,0.006213371641933918,00000_001836_01,6.0,0.007172664161771536,0.001859634299762547,0.9021931886672974,coef_energy_material_checkpoint_lambdas,0.0,4.141761779785156,2.296001672744751,60,R1,4.400000095367432,4.400000095367432
0.0,nan,nan,1.2152847830293467e-06,00000_001836_01,12.0,1.5145573115660227e-06,2.2020905987574224e-07,0.0,coef_energy_material_checkpoint_lambdas,0.0,4.16749906539917,2.2960357666015625,63,R1,4.400000095367432,4.400000095367432
0.0,nan,nan,1.5338519343544021e-10,00000_001836_01,16.0,1.643285230112923e-10,6.676530162064154e-11,0.0,coef_energy_material_checkpoint_lambdas,0.0,4.1600494384765625,2.3110926151275635,66,R1,4.400000095367432,4.400000095367432
0.0,nan,nan,-5.605014607827641e-13,00000_001836_01,16.0,6.158048246676651e-13,5.605014607827641e-13,0.0,coef_energy_material_checkpoint_lambdas,0.0,4.226494789123535,2.2677223682403564,69,R1,4.400000095367432,4.400000095367432
0.0,nan,nan,6.950907230377197,00000_001836_02,1.0,7.259586334228516,6.950907230377197,0.9891950488090515,coef_energy_material_checkpoint_lambdas,0.0,4.162725448608398,2.2951772212982178,0,R1,4.213547170162201,0.4399043321609497
0.0,nan,nan,7.973587989807129,00000_001836_02,1.0,7.977413654327393,7.973588466644287,0.9667429327964783,coef_energy_material_checkpoint_lambdas,0.0,4.18877649307251,2.258697986602783,3,R1,3.99721497297287,0.333894282579422
0.0,nan,nan,7.816810131072998,00000_001836_02,1.0,8.119129180908203,7.816810131072998,0.9986788630485535,coef_energy_material_checkpoint_lambdas,0.0,4.190811634063721,2.2538108825683594,6,R1,2.0892623960971832,0.26447415351867676
0.0,nan,nan,1.5234575271606445,00000_001836_02,3.0,1.529703974723816,1.3008625507354736,0.917233407497406,coef_energy_material_checkpoint_lambdas,0.0,4.156013488769531,2.2787599563598633,9,R1,2.0303967893123627,0.7770889401435852
0.0,nan,nan,6.886704444885254,00000_001836_02,1.0,8.035442352294922,7.797231674194336,0.8980043530464172,coef_energy_material_checkpoint_lambdas,0.0,4.196852684020996,2.225571393966675,30,R1,3.4946137368679047,0.4388440251350403
0.0,nan,nan,0.45091962814331055,00000_001836_02,2.0,2.8573529720306396,2.725327253341675,0.4589170217514038,coef_energy_material_checkpoint_lambdas,0.0,4.1948137283325195,2.240550994873047,39,R1,3.604970872402191,2.644265294075012
0.0,nan,nan,0.650321364402771,00000_001836_02,1.0,0.6957582831382751,0.5120325088500977,0.9235119819641113,coef_energy_material_checkpoint_lambdas,0.0,4.181171417236328,2.2473738193511963,42,R1,3.2297218441963196,1.0741129517555237
0.0,nan,nan,0.10484817624092102,00000_001836_02,3.0,0.3544774651527405,0.3497573435306549,0.6539058685302734,coef_energy_material_checkpoint_lambdas,1.0,4.178070068359375,2.283670663833618,48,R1,3.4089079797267914,4.394999086856842
0.0,nan,nan,-0.18832430243492126,00000_001836_02,3.0,0.3728986978530884,0.3720925450325012,0.10206975787878036,coef_energy_material_checkpoint_lambdas,1.0,4.124227046966553,2.337589979171753,51,R1,3.5441604256629944,4.396233379840851
0.0,nan,nan,6.512531280517578,00000_001836_02,1.0,7.3405609130859375,6.512531280517578,-0.018656905740499496,coef_energy_material_checkpoint_lambdas,0.0,4.100060939788818,2.3629908561706543,54,R1,4.377744197845459,0.47252631187438965
0.0,nan,nan,6.4483137130737305,00000_001836_02,4.0,6.464848518371582,6.263530254364014,0.45875057578086853,coef_energy_material_checkpoint_lambdas,0.0,4.089967250823975,2.3732831478118896,57,R1,4.151099920272827,2.3638668060302734
0.0,nan,nan,0.040313899517059326,00000_001836_02,3.0,4.2609357833862305,2.98429536819458,0.6150023937225342,coef_energy_material_checkpoint_lambdas,0.0,4.094933986663818,2.380993604660034,60,R1,3.800678938627243,0.5486462712287903
0.0,nan,nan,2.479795217514038,00000_001836_02,2.0,2.7553460597991943,2.479795217514038,0.9921711087226868,coef_energy_material_checkpoint_lambdas,0.0,4.152787685394287,2.3293044567108154,63,R1,4.400393009185791,1.6589035987854004
0.0,nan,nan,6.353005409240723,00000_001836_02,1.0,6.413512229919434,6.353005409240723,0.9999797940254211,coef_energy_material_checkpoint_lambdas,0.0,4.266730785369873,2.2379257678985596,72,R1,4.402771770954132,0.5656194090843201
0.0,nan,nan,-0.18509529531002045,00000_001836_02,1.0,0.3905394375324249,0.11228525638580322,0.9483071565628052,coef_energy_material_checkpoint_lambdas,0.0,4.335129737854004,2.1951630115509033,75,R1,4.404701352119446,3.3089099526405334
0.0,nan,nan,7.044390678405762,00000_001836_03,1.0,7.48726224899292,7.044390678405762,0.9727288484573364,coef_energy_material_checkpoint_lambdas,0.0,4.175270080566406,2.273836374282837,0,R1,4.196614444255829,0.3428860306739807
0.0,nan,nan,6.003902912139893,00000_001836_03,2.0,7.989542484283447,7.727422714233398,0.9478985071182251,coef_energy_material_checkpoint_lambdas,0.0,4.1964569091796875,2.241346836090088,3,R1,2.0255727767944336,0.2794676721096039
0.0,nan,nan,1.3168964385986328,00000_001836_03,2.0,2.043337821960449,1.8765829801559448,0.9974981546401978,coef_energy_material_checkpoint_lambdas,0.0,4.187623023986816,2.2545053958892822,6,R1,2.0405349731445312,1.0291116535663605
0.0,nan,nan,3.7295055389404297,00000_001836_03,1.0,7.878538608551025,7.544406414031982,0.9580737352371216,coef_energy_material_checkpoint_lambdas,0.0,4.195560932159424,2.224001407623291,27,R1,3.5299341678619385,0.43036431074142456
0.0,nan,nan,3.442352294921875,00000_001836_03,1.0,4.404967308044434,3.9977505207061768,0.9974631667137146,coef_energy_material_checkpoint_lambdas,0.0,4.191082954406738,2.238513231277466,36,R1,3.564434230327606,3.042857587337494
0.0,nan,nan,0.2927323579788208,00000_001836_03,2.0,0.2927732467651367,0.1352887600660324,0.988492488861084,coef_energy_material_checkpoint_lambdas,0.0,4.187022686004639,2.2444369792938232,39,R1,3.102383255958557,1.6224359273910522
0.0,nan,nan,6.165796756744385,00000_001836_03,1.0,7.006470680236816,5.73381233215332,0.5596451759338379,coef_energy_material_checkpoint_lambdas,0.0,4.18718147277832,2.2541873455047607,42,R1,3.932511806488037,0.5019745230674744
0.0,nan,nan,1.4050015211105347,00000_001836_03,2.0,2.5087485313415527,2.0784103870391846,0.5318490862846375,coef_energy_material_checkpoint_lambdas,0.0,4.193756103515625,2.26138973236084,45,R1,4.386466026306152,4.386466026306152
0.0,nan,nan,-0.14670787751674652,00000_001836_03,4.0,0.2859364449977875,0.2851300537586212,-0.24164773523807526,coef_energy_material_checkpoint_lambdas,1.0,4.165416717529297,2.300556182861328,48,R1,3.2473058104515076,4.396212339401245
0.0,nan,nan,-0.14283573627471924,00000_001836_03,3.0,0.347989946603775,0.25587198138237,-0.9312002658843994,coef_energy_material_checkpoint_lambdas,0.0,4.0980401039123535,2.362123727798462,51,R1,4.273404479026794,1.5741074681282043
0.0,nan,nan,5.035182476043701,00000_001836_03,5.0,6.5293121337890625,6.499701976776123,-0.8912491202354431,coef_energy_material_checkpoint_lambdas,0.0,4.182445049285889,2.304840564727783,54,R1,4.279781222343445,3.3076783418655396
0.0,nan,nan,0.11546765267848969,00000_001836_03,4.0,0.4910615384578705,0.2558491826057434,0.9896370768547058,coef_energy_material_checkpoint_lambdas,0.0,4.314183712005615,2.190497398376465,57,R1,4.0897292494773865,1.3327836394309998
0.0,nan,nan,3.8936312198638916,00000_001836_04,3.0,5.498619556427002,5.218913555145264,0.9994679689407349,coef_energy_material_checkpoint_lambdas,0.0,4.194573879241943,2.2150330543518066,0,R2,2.049012452363968,0.30127763748168945
0.0,nan,nan,4.928408145904541,00000_001836_04,3.0,5.477029323577881,5.174385070800781,0.9286386966705322,coef_energy_material_checkpoint_lambdas,0.0,4.182567596435547,2.1971025466918945,3,R2,2.0531002283096313,0.2704794406890869
0.0,nan,nan,7.735389709472656,00000_001836_04,1.0,8.042896270751953,7.735389709472656,0.9902260899543762,coef_energy_material_checkpoint_lambdas,0.0,4.185009956359863,2.201087713241577,6,R2,2.1171809136867523,0.3368041217327118
0.0,nan,nan,6.398880481719971,00000_001836_04,1.0,7.407885551452637,6.200060844421387,0.967014729976654,coef_energy_material_checkpoint_lambdas,0.0,4.18870210647583,2.23635196685791,33,R2,3.4611902832984924,3.428153336048126
0.0,nan,nan,0.4534829258918762,00000_001836_04,1.0,0.7238463163375854,0.7074277400970459,0.5634979009628296,coef_energy_material_checkpoint_lambdas,0.0,4.183507442474365,2.2452762126922607,36,R2,3.2528964579105377,2.159843623638153
0.0,nan,nan,2.5320844650268555,00000_001836_04,1.0,2.740924119949341,2.0709826946258545,0.42655786871910095,coef_energy_material_checkpoint_lambdas,0.0,4.193341255187988,2.249521255493164,39,R2,3.567072808742523,0.528863787651062
0.0,nan,nan,4.155617713928223,00000_001836_04,2.0,7.293602466583252,5.993953704833984,0.7813866138458252,coef_energy_material_checkpoint_lambdas,0.0,4.183876991271973,2.2581284046173096,42,R2,4.3561922907829285,4.3561922907829285
0.0,nan,nan,0.012177610769867897,00000_001836_04,3.0,0.03600933775305748,0.024864111095666885,0.1263241469860077,coef_energy_material_checkpoint_lambdas,1.0,4.188610076904297,2.265502452850342,45,R2,3.1917297542095184,4.396171510219574
0.0,nan,nan,-0.18265056610107422,00000_001836_04,4.0,0.3811738193035126,0.38092583417892456,-0.7335300445556641,coef_energy_material_checkpoint_lambdas,1.0,4.184208869934082,2.27363920211792,48,R2,3.9000884890556335,4.3965635895729065
0.0,nan,nan,-0.02236781269311905,00000_001836_04,4.0,0.19553032517433167,0.18374274671077728,-0.9932609796524048,coef_energy_material_checkpoint_lambdas,1.0,4.169398307800293,2.2602334022521973,51,R2,4.275693476200104,4.399588346481323
0.0,nan,nan,0.0010813979897648096,00000_001836_04,2.0,0.0013005961664021015,0.00025371930678375065,0.9931975603103638,coef_energy_material_checkpoint_lambdas,0.0,4.095395088195801,2.316303014755249,54,R2,4.142649680376053,4.406937599182129
0.0,nan,nan,0.0343274250626564,00000_001836_04,5.0,0.03454554080963135,0.021532511338591576,0.8381184935569763,coef_energy_material_checkpoint_lambdas,0.0,4.10207462310791,2.309767007827759,57,R2,4.1221596002578735,2.2069342732429504
0.0,nan,nan,2.3453269004821777,00000_001836_04,2.0,5.540605068206787,5.019735813140869,0.9982703924179077,coef_energy_material_checkpoint_lambdas,0.0,4.189765930175781,2.2523787021636963,60,R2,4.40185683965683,0.5616669654846191
0.0,nan,nan,5.251635551452637,00000_001836_04,5.0,5.760200500488281,5.251635551452637,0.8861851096153259,coef_energy_material_checkpoint_lambdas,0.0,4.326967716217041,2.1913721561431885,63,R2,4.361447036266327,4.4009668827056885
0.0,nan,nan,3.8936312198638916,00000_001836_05,3.0,5.498619556427002,5.218913555145264,0.9994679689407349,coef_energy_material_checkpoint_lambdas,0.0,4.194573879241943,2.2150330543518066,0,R1,2.049012452363968,0.30127763748168945
0.0,nan,nan,4.9280266761779785,00000_001836_05,3.0,5.47662353515625,4.9280266761779785,0.9286361932754517,coef_energy_material_checkpoint_lambdas,0.0,4.182328224182129,2.1963694095611572,3,R1,2.0531002283096313,0.3213067054748535
0.0,nan,nan,7.736430644989014,00000_001836_05,1.0,8.044026374816895,7.736430644989014,0.9902230501174927,coef_energy_material_checkpoint_lambdas,0.0,4.186216354370117,2.1999928951263428,6,R1,2.1171809136867523,0.3368041217327118
0.0,nan,nan,6.40029764175415,00000_001836_05,1.0,7.4095377922058105,6.201455116271973,0.9670140147209167,coef_energy_material_checkpoint_lambdas,0.0,4.189680099487305,2.2366669178009033,33,R1,3.4611902832984924,3.428153336048126
0.0,nan,nan,0.45285141468048096,00000_001836_05,1.0,0.7235895991325378,0.7073044776916504,0.5628085136413574,coef_energy_material_checkpoint_lambdas,0.0,4.1844024658203125,2.2431082725524902,36,R1,3.2528964579105377,2.159843623638153
0.0,nan,nan,2.5284252166748047,00000_001836_05,1.0,2.7372374534606934,2.0686309337615967,0.426776647567749,coef_energy_material_checkpoint_lambdas,0.0,4.187223434448242,2.254122734069824,39,R1,3.567072808742523,0.528863787651062
0.0,nan,nan,4.153665542602539,00000_001836_05,2.0,7.291048526763916,5.992198944091797,0.7814383506774902,coef_energy_material_checkpoint_lambdas,0.0,4.181978225708008,2.2600414752960205,42,R1,4.3561922907829285,4.3561922907829285
0.0,nan,nan,0.012953178957104683,00000_001836_05,3.0,0.0360189713537693,0.02426818758249283,0.14898595213890076,coef_energy_material_checkpoint_lambdas,1.0,4.176427841186523,2.2862038612365723,45,R1,3.1917297542095184,4.396171510219574
0.0,nan,nan,-0.1802658885717392,00000_001836_05,4.0,0.37506499886512756,0.3747982084751129,-0.7324085831642151,coef_energy_material_checkpoint_lambdas,1.0,4.124472618103027,2.3394131660461426,48,R1,3.9000884890556335,4.3965635895729065
0.0,nan,nan,4.107953071594238,00000_001836_05,3.0,6.44020938873291,6.4119696617126465,-0.8854546546936035,coef_energy_material_checkpoint_lambdas,0.0,4.134607791900635,2.3399477005004883,51,R1,4.351127088069916,0.5004263520240784
0.0,nan,nan,0.47682464122772217,00000_001836_05,6.0,2.9555981159210205,2.6164116859436035,0.5220370888710022,coef_energy_material_checkpoint_lambdas,0.0,4.28248929977417,2.219280242919922,54,R1,4.010615348815918,1.727886974811554
0.0,nan,nan,0.01212400384247303,00000_001836_06,4.0,0.06723877787590027,0.05533866584300995,0.4105411171913147,coef_energy_material_checkpoint_lambdas,1.0,4.210216045379639,2.249359130859375,0,R1,3.722746878862381,3.97985503077507
0.0,nan,nan,0.009687157347798347,00000_001836_06,5.0,0.011953992769122124,0.007004065439105034,0.9999955892562866,coef_energy_material_checkpoint_lambdas,0.0,4.204686164855957,2.2384033203125,3,R1,3.0990637838840485,3.0990637838840485
0.0,nan,nan,0.1610126495361328,00000_001836_06,4.0,0.574235200881958,0.2759038507938385,0.9995699524879456,coef_energy_material_checkpoint_lambdas,0.0,4.207491397857666,2.2346315383911133,6,R1,2.511030226945877,2.2708799242973328
0.0,nan,nan,-1.573362112045288,00000_001836_06,3.0,4.110882759094238,4.100555896759033,0.040844593197107315,coef_energy_material_checkpoint_lambdas,0.0,4.203784465789795,2.229255437850952,9,R1,3.6019037067890167,1.2678318321704865
0.0,nan,nan,0.11178426444530487,00000_001836_06,3.0,0.11588449031114578,0.08631911128759384,0.8646319508552551,coef_energy_material_checkpoint_lambdas,0.0,4.2104973793029785,2.2222933769226074,12,R1,2.049012452363968,0.5131233632564545
0.0,nan,nan,3.7298994064331055,00000_001836_06,1.0,7.879332065582275,7.545172214508057,0.9580729603767395,coef_energy_material_checkpoint_lambdas,0.0,4.196021556854248,2.223804235458374,33,R1,3.5299341678619385,0.43036431074142456
0.0,nan,nan,3.4415442943573,00000_001836_06,1.0,4.40388298034668,3.996739387512207,0.9974641799926758,coef_energy_material_checkpoint_lambdas,0.0,4.189202308654785,2.240886688232422,42,R1,3.564434230327606,3.042857587337494
0.0,nan,nan,0.292732298374176,00000_001836_06,2.0,0.2927735447883606,0.13530759513378143,0.9884815812110901,coef_energy_material_checkpoint_lambdas,0.0,4.188997745513916,2.2443549633026123,45,R1,3.102383255958557,1.6224359273910522
0.0,nan,nan,6.173960208892822,00000_001836_06,1.0,7.015429973602295,5.7408061027526855,0.5595756769180298,coef_energy_material_checkpoint_lambdas,0.0,4.19277286529541,2.254077434539795,48,R1,3.932511806488037,0.5019745230674744
0.0,nan,nan,1.4020799398422241,00000_001836_06,2.0,2.506906270980835,2.078160524368286,0.5326192378997803,coef_energy_material_checkpoint_lambdas,0.0,4.188281059265137,2.27036190032959,51,R1,4.386466026306152,4.386466026306152
0.0,nan,nan,-0.14596112072467804,00000_001836_06,4.0,0.28465181589126587,0.28385668992996216,-0.24129968881607056,coef_energy_material_checkpoint_lambdas,1.0,4.147072792053223,2.3178064823150635,54,R1,3.2473058104515076,4.396212339401245
0.0,nan,nan,-0.08923346549272537,00000_001836_06,3.0,3.987844705581665,2.882223606109619,-0.7701220512390137,coef_energy_material_checkpoint_lambdas,0.0,4.099620819091797,2.359354019165039,57,R1,3.9811432659626007,0.5001128911972046
0.0,nan,nan,7.067290306091309,00000_001836_06,2.0,7.07943868637085,6.5735273361206055,0.4356437921524048,coef_energy_material_checkpoint_lambdas,0.0,4.10261869430542,2.3695032596588135,60,R1,4.360175371170044,0.5232142806053162
0.0,nan,nan,0.4068273901939392,00000_001836_06,5.0,0.40977752208709717,0.4068273901939392,0.9992384910583496,coef_energy_material_checkpoint_lambdas,0.0,4.090954780578613,2.379282236099243,63,R1,3.8539162278175354,1.4778156280517578
0.0,nan,nan,6.813733100891113,00000_001836_06,2.0,6.855693340301514,6.813733100891113,0.9998461008071899,coef_energy_material_checkpoint_lambdas,0.0,4.115931987762451,2.36618709564209,66,R1,4.400418043136597,2.2106996178627014
0.0,nan,nan,7.044390678405762,00000_001836_07,1.0,7.48726224899292,7.044390678405762,0.9727288484573364,coef_energy_material_checkpoint_lambdas,0.0,4.175270080566406,2.273836374282837,0,R2,4.196614444255829,0.3428860306739807
0.0,nan,nan,6.005820274353027,00000_001836_07,2.0,7.992739677429199,7.73032808303833,0.9478691220283508,coef_energy_material_checkpoint_lambdas,0.0,4.199285984039307,2.2324485778808594,3,R2,2.0255727767944336,0.2794676721096039
0.0,nan,nan,1.315354585647583,00000_001836_07,2.0,2.0409908294677734,1.8744124174118042,0.997499406337738,coef_energy_material_checkpoint_lambdas,0.0,4.1817097663879395,2.2570548057556152,6,R2,2.0405349731445312,1.0291116535663605
0.0,nan,nan,0.9193724393844604,00000_001836_07,1.0,0.9533018469810486,0.6366131901741028,0.9278871417045593,coef_energy_material_checkpoint_lambdas,0.0,4.149913311004639,2.282229423522949,9,R2,2.0920765697956085,0.26640018820762634
0.0,nan,nan,3.7290284633636475,00000_001836_07,1.0,7.877444744110107,7.54337215423584,0.9580720663070679,coef_energy_material_checkpoint_lambdas,0.0,4.195061683654785,2.2227747440338135,27,R2,3.5299341678619385,0.43036431074142456
0.0,nan,nan,3.437807559967041,00000_001836_07,1.0,4.399054527282715,3.992333173751831,0.9974651336669922,coef_energy_material_checkpoint_lambdas,0.0,4.183835983276367,2.2410974502563477,36,R2,3.564434230327606,3.042857587337494
0.0,nan,nan,0.29100069403648376,00000_001836_07,2.0,0.29104456305503845,0.13465943932533264,0.9883929491043091,coef_energy_material_checkpoint_lambdas,0.0,4.180163383483887,2.2304205894470215,39,R2,3.102383255958557,1.6224359273910522
0.0,nan,nan,6.135295867919922,00000_001836_07,1.0,6.971925258636475,5.705662727355957,0.5596701502799988,coef_energy_material_checkpoint_lambdas,0.0,4.166451930999756,2.244144916534424,42,R2,3.932511806488037,0.5019745230674744
0.0,nan,nan,6.7367424964904785,00000_001836_07,2.0,7.882353782653809,7.855706214904785,0.9984075427055359,coef_energy_material_checkpoint_lambdas,0.0,4.197434902191162,2.2237038612365723,48,R2,4.002278625965118,0.5675045251846313
0.0,nan,nan,3.56868839263916,00000_001836_07,1.0,3.617574453353882,2.1043336391448975,0.9965599775314331,coef_energy_material_checkpoint_lambdas,0.0,4.120920181274414,2.297072172164917,51,R2,4.402685165405273,0.59136962890625
0.0,nan,nan,2.5334908962249756,00000_001836_07,6.0,2.6759696006774902,0.8615314960479736,0.9818647503852844,coef_energy_material_checkpoint_lambdas,0.0,4.141427993774414,2.2924675941467285,60,R2,4.40001368522644,4.40001368522644
0.0,nan,nan,0.00047996046487241983,00000_001836_07,9.0,0.0006969015230424702,1.7904878404806368e-05,0.0,coef_energy_material_checkpoint_lambdas,0.0,4.144761562347412,2.300415277481079,63,R2,4.400000095367432,4.400000095367432
0.0,nan,nan,8.854478750208727e-08,00000_001836_07,13.0,1.0041134146376862e-07,2.9127347644930524e-08,0.0,coef_energy_material_checkpoint_lambdas,0.0,4.140158176422119,2.3127012252807617,66,R2,4.400000095367432,4.400000095367432
0.0,nan,nan,4.17316181611227e-12,00000_001836_07,16.0,4.438491674890743e-12,1.882009739023749e-12,0.0,coef_energy_material_checkpoint_lambdas,0.0,4.11663818359375,2.3220865726470947,69,R2,4.400000095367432,4.400000095367432
0.0,nan,nan,-4.336442414366779e-17,00000_001836_07,16.0,4.7184486487503033e-17,1.7512187808800946e-17,0.0,coef_energy_material_checkpoint_lambdas,0.0,4.095224380493164,2.331442356109619,72,R2,4.400000095367432,4.400000095367432
0.0,nan,nan,-3.1476978903189907e-21,00000_001836_07,16.0,3.679775558943582e-21,1.9058241313221758e-21,0.0,coef_energy_material_checkpoint_lambdas,0.0,4.213600158691406,2.2538061141967773,75,R2,4.400000095367432,4.400000095367432
0.0,nan,nan,5.994661808013916,00000_001839_00,2.0,7.816749572753906,7.605250358581543,0.6614472270011902,coef_energy_material_checkpoint_lambdas,0.0,4.200472831726074,2.226335048675537,3,R1,2.0898846089839935,0.284140944480896
0.0,nan,nan,2.4142534732818604,00000_001839_00,3.0,2.4283666610717773,2.4142534732818604,0.9811879992485046,coef_energy_material_checkpoint_lambdas,0.0,4.200772285461426,2.2224621772766113,6,R1,2.0733389258384705,0.5186351537704468
0.0,nan,nan,5.936653137207031,00000_001839_00,1.0,7.085769176483154,6.114925861358643,0.9770925641059875,coef_energy_material_checkpoint_lambdas,0.0,4.193044185638428,2.2342519760131836,36,R1,3.448134809732437,3.442776530981064
0.0,nan,nan,1.0304031372070312,00000_001839_00,2.0,3.028014659881592,2.7419533729553223,0.9747289419174194,coef_energy_material_checkpoint_lambdas,0.0,4.164271354675293,2.2695302963256836,39,R1,3.215485394001007,2.0545847415924072
0.0,nan,nan,2.775885581970215,00000_001839_00,1.0,2.906609535217285,2.012303590774536,0.9772137403488159,coef_energy_material_checkpoint_lambdas,0.0,4.186598777770996,2.2662336826324463,42,R1,2.946771740913391,0.555517315864563
0.0,nan,nan,0.013795982114970684,00000_001839_00,3.0,0.6082019209861755,0.6080454587936401,0.9988513588905334,coef_energy_material_checkpoint_lambdas,0.0,4.179493427276611,2.264610767364502,45,R1,3.426665335893631,1.4089095890522003
0.0,nan,nan,4.038756847381592,00000_001839_00,3.0,6.582906723022461,5.198375225067139,-0.8374153971672058,coef_energy_material_checkpoint_lambdas,0.0,4.1892805099487305,2.2689361572265625,48,R1,3.8382657170295715,0.4147219657897949
0.0,nan,nan,7.489565849304199,00000_001839_00,1.0,8.665040969848633,8.647683143615723,0.8401074409484863,coef_energy_material_checkpoint_lambdas,0.0,4.149909973144531,2.318305492401123,51,R1,4.2359872460365295,0.5132237076759338
0.0,nan,nan,2.3961281776428223,00000_001839_00,4.0,2.5138144493103027,2.3961281776428223,0.7045934796333313,coef_energy_material_checkpoint_lambdas,1.0,4.151522636413574,2.3093366622924805,57,R1,3.9238052368164062,4.304094195365906
0.0,nan,nan,1.974055528640747,00000_001839_00,5.0,2.791358470916748,1.9735214710235596,0.9999887347221375,coef_energy_material_checkpoint_lambdas,0.0,4.281044960021973,2.21795654296875,63,R1,4.400118350982666,4.400118350982666
0.0,nan,nan,0.016732214018702507,00000_001839_01,5.0,0.021257009357213974,0.013110816478729248,0.9999840259552002,coef_energy_material_checkpoint_lambdas,0.0,4.206110954284668,2.245323657989502,0,R1,3.0251287519931793,3.0251287519931793
0.0,nan,nan,0.3553389310836792,00000_001839_01,3.0,0.3576134443283081,0.2797374129295349,0.3670441806316376,coef_energy_material_checkpoint_lambdas,0.0,4.207001209259033,2.236091375350952,3,R1,2.369446873664856,1.718717485666275
0.0,nan,nan,4.0615553855896,00000_001839_01,3.0,4.118368148803711,4.0615553855896,0.493164986371994,coef_energy_material_checkpoint_lambdas,0.0,4.200192928314209,2.2206714153289795,6,R1,2.137103021144867,0.7651282250881195
0.0,nan,nan,1.106828212738037,00000_001839_01,3.0,5.751777172088623,3.208461284637451,0.9993274211883545,coef_energy_material_checkpoint_lambdas,0.0,4.191226482391357,2.2399563789367676,9,R1,2.187551975250244,0.30379748344421387
0.0,nan,nan,4.068030834197998,00000_001839_01,1.0,8.000088691711426,7.747494697570801,0.9258325695991516,coef_energy_material_checkpoint_lambdas,0.0,4.198757171630859,2.221182346343994,30,R1,3.315499782562256,0.3410705327987671
0.0,nan,nan,3.067092180252075,00000_001839_01,1.0,4.303140640258789,4.071269989013672,0.9400283694267273,coef_energy_material_checkpoint_lambdas,0.0,4.171151638031006,2.246068000793457,39,R1,3.514147788286209,2.921603411436081
0.0,nan,nan,0.7677136659622192,00000_001839_01,2.0,0.8463813066482544,0.7948248386383057,0.8040134906768799,coef_energy_material_checkpoint_lambdas,0.0,4.19695520401001,2.2425878047943115,42,R1,2.9290666580200195,1.6131629943847656
0.0,nan,nan,6.259202003479004,00000_001839_01,1.0,6.912276744842529,5.4224748611450195,0.9774474501609802,coef_energy_material_checkpoint_lambdas,0.0,4.175406455993652,2.259549856185913,45,R1,3.0605468451976776,0.5595448017120361
0.0,nan,nan,1.6825907230377197,00000_001839_01,2.0,2.4246721267700195,1.7458301782608032,0.9606752395629883,coef_energy_material_checkpoint_lambdas,0.0,4.195695400238037,2.25748872756958,48,R1,4.145278960466385,4.145278960466385
0.0,nan,nan,-0.178532674908638,00000_001839_01,3.0,0.28718215227127075,0.12135353684425354,0.7990183234214783,coef_energy_material_checkpoint_lambdas,1.0,4.160748481750488,2.255173683166504,51,R1,3.8327396512031555,4.229904592037201
0.0,nan,nan,-0.3078552484512329,00000_001839_01,2.0,0.3081950545310974,0.2874816358089447,0.38772761821746826,coef_energy_material_checkpoint_lambdas,0.0,4.116228103637695,2.2938098907470703,54,R1,3.9959002137184143,2.758143126964569
0.0,nan,nan,0.01851332187652588,00000_001839_01,3.0,2.6705102920532227,0.8269059062004089,0.9978991150856018,coef_energy_material_checkpoint_lambdas,0.0,4.156715393066406,2.2678959369659424,57,R1,4.081481397151947,0.5597161650657654
0.0,nan,nan,6.511579513549805,00000_001839_01,3.0,6.511587142944336,4.611437797546387,0.9983668327331543,coef_energy_material_checkpoint_lambdas,0.0,4.11456298828125,2.3059568405151367,63,R1,4.383386075496674,4.4039915800094604
0.0,nan,nan,2.119882106781006,00000_001839_01,8.0,2.6362485885620117,2.5066676139831543,0.997941255569458,coef_energy_material_checkpoint_lambdas,0.0,4.101665496826172,2.32621693611145,66,R1,4.3291876912117,4.400048136711121
0.0,nan,nan,-0.00011942973651457578,00000_001839_01,13.0,0.0003199750208295882,0.00012545583012979478,0.0,coef_energy_material_checkpoint_lambdas,0.0,4.14442253112793,2.305243492126465,69,R1,4.383913457393646,4.400000095367432
0.0,nan,nan,-1.4766928790876932e-09,00000_001839_01,15.0,1.7300328947200683e-09,9.177081872202564e-10,0.0,coef_energy_material_checkpoint_lambdas,0.0,4.201110363006592,2.271179676055908,72,R1,4.399990379810333,4.400000095367432
0.0,nan,nan,-2.625567406717988e-13,00000_001839_01,16.0,6.339138198738214e-13,2.2233374809190604e-13,0.0,coef_energy_material_checkpoint_lambdas,0.0,4.350783348083496,2.1898255348205566,75,R1,4.400000095367432,4.400000095367432
0.0,nan,nan,6.843445777893066,00000_001839_02,1.0,7.1809539794921875,6.843446254730225,0.9997850656509399,coef_energy_material_checkpoint_lambdas,0.0,4.152297496795654,2.2946572303771973,0,R1,4.268153071403503,0.4461645781993866
0.0,nan,nan,7.793323993682861,00000_001839_02,1.0,8.121142387390137,7.793323993682861,0.9958893060684204,coef_energy_material_checkpoint_lambdas,0.0,4.200608253479004,2.2261829376220703,6,R1,2.117486983537674,0.2657443583011627
0.0,nan,nan,1.4553635120391846,00000_001839_02,2.0,1.458780288696289,0.9585386514663696,0.9465246796607971,coef_energy_material_checkpoint_lambdas,0.0,4.197642803192139,2.2328977584838867,9,R1,2.204738676548004,0.2632446587085724
0.0,nan,nan,4.067899703979492,00000_001839_02,1.0,7.999572277069092,7.747032642364502,0.9258397817611694,coef_energy_material_checkpoint_lambdas,0.0,4.198288917541504,2.222675323486328,30,R1,3.315499782562256,0.3410705327987671
0.0,nan,nan,3.0664708614349365,00000_001839_02,1.0,4.302494049072266,4.070732116699219,0.9400101900100708,coef_energy_material_checkpoint_lambdas,0.0,4.171136856079102,2.2435998916625977,39,R1,3.514147788286209,2.921603411436081
0.0,nan,nan,0.7727359533309937,00000_001839_02,2.0,0.8499547243118286,0.7967088222503662,0.8069789409637451,coef_energy_material_checkpoint_lambdas,0.0,4.1861042976379395,2.2641971111297607,42,R1,2.9290666580200195,1.6131629943847656
0.0,nan,nan,6.2458696365356445,00000_001839_02,1.0,6.897782802581787,6.851015567779541,0.9774624109268188,coef_energy_material_checkpoint_lambdas,0.0,4.165283679962158,2.27988862991333,45,R1,3.0605468451976776,2.509308934211731
0.0,nan,nan,0.23566460609436035,00000_001839_02,3.0,0.38818565011024475,0.3084644079208374,0.8197976350784302,coef_energy_material_checkpoint_lambdas,0.0,4.193563938140869,2.256462335586548,48,R1,3.5513747334480286,0.932270884513855
0.0,nan,nan,4.007716178894043,00000_001839_02,2.0,7.71553897857666,7.495843887329102,0.6550837755203247,coef_energy_material_checkpoint_lambdas,0.0,4.1688127517700195,2.291517496109009,51,R1,4.011055678129196,0.38334205746650696
0.0,nan,nan,7.646956920623779,00000_001839_02,1.0,7.866815567016602,6.670517444610596,0.7798820734024048,coef_energy_material_checkpoint_lambdas,0.0,4.131705284118652,2.3185675144195557,57,R1,3.941317141056061,3.402743399143219
0.0,nan,nan,2.7202329635620117,00000_001839_02,3.0,2.8542256355285645,1.9895386695861816,0.9980127215385437,coef_energy_material_checkpoint_lambdas,0.0,4.14084529876709,2.3103725910186768,60,R1,3.8680348694324493,0.5493234395980835
0.0,nan,nan,0.49017027020454407,00000_001839_02,5.0,0.6538954973220825,0.43279606103897095,0.9992298483848572,coef_energy_material_checkpoint_lambdas,0.0,4.310218811035156,2.207343101501465,66,R1,4.400003612041473,4.400003612041473
0.0,nan,nan,0.016732214018702507,00000_001839_03,5.0,0.021257009357213974,0.013110816478729248,0.9999840259552002,coef_energy_material_checkpoint_lambdas,0.0,4.206110954284668,2.245323657989502,0,R1,3.0251287519931793,3.0251287519931793
0.0,nan,nan,0.355277419090271,00000_001839_03,3.0,0.35753828287124634,0.2796054184436798,0.36734968423843384,coef_energy_material_checkpoint_lambdas,0.0,4.20557165145874,2.2357492446899414,3,R1,2.369446873664856,1.718717485666275
0.0,nan,nan,4.060420513153076,00000_001839_03,3.0,4.117229461669922,4.060420513153076,0.4931807816028595,coef_energy_material_checkpoint_lambdas,0.0,4.198988914489746,2.220862627029419,6,R1,2.137103021144867,0.7651282250881195
0.0,nan,nan,1.1073863506317139,00000_001839_03,3.0,5.7547173500061035,3.2101080417633057,0.9993274211883545,coef_energy_material_checkpoint_lambdas,0.0,4.1935248374938965,2.239581346511841,9,R1,2.187551975250244,0.30379748344421387
0.0,nan,nan,4.070868492126465,00000_001839_03,1.0,8.006326675415039,7.753438949584961,0.9258142113685608,coef_energy_material_checkpoint_lambdas,0.0,4.202529430389404,2.218766689300537,30,R1,3.315499782562256,0.3410705327987671
0.0,nan,nan,3.067587375640869,00000_001839_03,1.0,4.30421257019043,4.0724077224731445,0.9399980306625366,coef_energy_material_checkpoint_lambdas,0.0,4.173213481903076,2.243062973022461,39,R1,3.514147788286209,2.921603411436081
0.0,nan,nan,0.7677557468414307,00000_001839_03,2.0,0.8458083271980286,0.7938263416290283,0.8049522042274475,coef_energy_material_checkpoint_lambdas,0.0,4.185146331787109,2.244891405105591,42,R1,2.9290666580200195,1.6131629943847656
0.0,nan,nan,6.251256942749023,00000_001839_03,1.0,6.903550624847412,5.4156928062438965,0.9774506092071533,coef_energy_material_checkpoint_lambdas,0.0,4.169849872589111,2.2619357109069824,45,R1,3.0605468451976776,0.5595448017120361
0.0,nan,nan,1.6813640594482422,00000_001839_03,2.0,2.423135757446289,1.7448787689208984,0.9607008695602417,coef_energy_material_checkpoint_lambdas,0.0,4.191701889038086,2.2673168182373047,48,R1,4.145278960466385,4.145278960466385
0.0,nan,nan,-0.17778629064559937,00000_001839_03,3.0,0.3008701503276825,0.1375904083251953,0.8216796517372131,coef_energy_material_checkpoint_lambdas,1.0,4.1317458152771,2.3226537704467773,51,R1,3.8327396512031555,4.229904592037201
0.0,nan,nan,0.5096887350082397,00000_001839_03,3.0,4.037582874298096,2.4717583656311035,-0.03559252247214317,coef_energy_material_checkpoint_lambdas,0.0,4.0886735916137695,2.367790460586548,54,R1,3.865165263414383,0.556405782699585
0.0,nan,nan,7.5681376457214355,00000_001839_03,1.0,7.789282321929932,6.596995830535889,0.7810578942298889,coef_energy_material_checkpoint_lambdas,0.0,4.081389427185059,2.3798928260803223,57,R1,3.941317141056061,3.402743399143219
0.0,nan,nan,0.6556421518325806,00000_001839_03,4.0,0.7070940136909485,0.6508458852767944,0.9789496660232544,coef_energy_material_checkpoint_lambdas,0.0,4.086547374725342,2.3873116970062256,60,R1,3.8239875435829163,1.5738702416419983
0.0,nan,nan,6.731236457824707,00000_001839_03,3.0,6.77386999130249,6.731236457824707,0.9951028227806091,coef_energy_material_checkpoint_lambdas,0.0,4.121761798858643,2.3581321239471436,63,R1,4.4002174735069275,2.208845853805542
0.0,nan,nan,6.895841598510742,00000_001839_04,1.0,7.290605545043945,3.2027313709259033,0.9841287136077881,coef_energy_material_checkpoint_lambdas,0.0,4.19351053237915,2.231149196624756,0,R1,2.292412430047989,0.31842538714408875
0.0,nan,nan,4.094597339630127,00000_001839_04,3.0,4.098957061767578,4.094597339630127,0.029356295242905617,coef_energy_material_checkpoint_lambdas,0.0,4.186037063598633,2.2045705318450928,3,R1,2.322191208600998,0.8496707379817963
0.0,nan,nan,4.9403204917907715,00000_001839_04,4.0,7.018154621124268,4.9403204917907715,0.9961884617805481,coef_energy_material_checkpoint_lambdas,0.0,4.177431106567383,2.1919870376586914,6,R1,2.0733389258384705,0.33385154604911804
0.0,nan,nan,8.146584510803223,00000_001839_04,1.0,8.147392272949219,8.146584510803223,0.9951924085617065,coef_energy_material_checkpoint_lambdas,0.0,4.1792120933532715,2.186089515686035,9,R1,2.0740522742271423,0.279207706451416
0.0,nan,nan,5.933875560760498,00000_001839_04,1.0,7.082500457763672,6.112140655517578,0.9770947694778442,coef_energy_material_checkpoint_lambdas,0.0,4.190917015075684,2.234588146209717,36,R1,3.448134809732437,3.442776530981064
0.0,nan,nan,1.031664252281189,00000_001839_04,2.0,3.032317638397217,2.745758056640625,0.9747129082679749,coef_energy_material_checkpoint_lambdas,0.0,4.17148494720459,2.267866611480713,39,R1,3.215485394001007,2.0545847415924072
0.0,nan,nan,2.7739336490631104,00000_001839_04,1.0,2.9045159816741943,2.0107386112213135,0.9772253632545471,coef_energy_material_checkpoint_lambdas,0.0,4.182520389556885,2.270636558532715,42,R1,2.946771740913391,0.555517315864563
0.0,nan,nan,0.013773980550467968,00000_001839_04,3.0,0.6081662774085999,0.6080102920532227,0.9988531470298767,coef_energy_material_checkpoint_lambdas,0.0,4.176211357116699,2.2646877765655518,45,R1,3.426665335893631,1.4089095890522003
0.0,nan,nan,4.043085098266602,00000_001839_04,3.0,6.589757919311523,5.203688621520996,-0.8374285697937012,coef_energy_material_checkpoint_lambdas,0.0,4.193486213684082,2.2676188945770264,48,R1,3.8382657170295715,0.4147219657897949
0.0,nan,nan,7.516868591308594,00000_001839_04,1.0,8.6934232711792,8.676355361938477,0.8397632837295532,coef_energy_material_checkpoint_lambdas,0.0,4.167591094970703,2.3026320934295654,51,R1,4.2359872460365295,0.5132237076759338
0.0,nan,nan,4.8094282150268555,00000_001839_04,2.0,5.785999774932861,4.809427738189697,0.7608676552772522,coef_energy_material_checkpoint_lambdas,0.0,4.138207912445068,2.316563129425049,57,R1,3.8156276643276215,0.5483696460723877
0.0,nan,nan,1.97415030002594,00000_001839_04,5.0,2.7914927005767822,1.9736162424087524,0.9999886751174927,coef_energy_material_checkpoint_lambdas,0.0,4.281264305114746,2.2178115844726562,63,R1,4.400118350982666,4.400118350982666
0.0,nan,nan,5.994922637939453,00000_001839_05,2.0,7.8170037269592285,7.605521202087402,0.6614570617675781,coef_energy_material_checkpoint_lambdas,0.0,4.200560569763184,2.227062702178955,3,R1,2.0898846089839935,0.284140944480896
0.0,nan,nan,2.416177272796631,00000_001839_05,3.0,2.4302923679351807,2.416177272796631,0.9811812043190002,coef_energy_material_checkpoint_lambdas,0.0,4.204855442047119,2.220858097076416,6,R1,2.0733389258384705,0.5186351537704468
0.0,nan,nan,5.944159507751465,00000_001839_05,1.0,7.094621181488037,6.1224822998046875,0.977087676525116,coef_energy_material_checkpoint_lambdas,0.0,4.198729038238525,2.233877182006836,36,R1,3.448134809732437,3.442776530981064
0.0,nan,nan,1.0300815105438232,00000_001839_05,2.0,3.029937505722046,2.7432539463043213,0.9746522903442383,coef_energy_material_checkpoint_lambdas,0.0,4.173142433166504,2.247479200363159,39,R1,3.215485394001007,2.0545847415924072
0.0,nan,nan,2.775448799133301,00000_001839_05,1.0,2.906308174133301,2.0124571323394775,0.9771770238876343,coef_energy_material_checkpoint_lambdas,0.0,4.189493656158447,2.247091293334961,42,R1,2.946771740913391,0.555517315864563
0.0,nan,nan,4.276181221008301,00000_001839_05,2.0,6.9250712394714355,5.447098731994629,0.9563199281692505,coef_energy_material_checkpoint_lambdas,0.0,4.173181533813477,2.263676643371582,45,R1,4.145436197519302,4.145436197519302
0.0,nan,nan,-0.17565423250198364,00000_001839_05,4.0,0.3236854374408722,0.16462045907974243,0.9540891051292419,coef_energy_material_checkpoint_lambdas,1.0,4.170982360839844,2.2970404624938965,48,R1,4.012497305870056,4.174373537302017
0.0,nan,nan,0.28253063559532166,00000_001839_05,3.0,0.28255707025527954,0.26925405859947205,0.8008173704147339,coef_energy_material_checkpoint_lambdas,0.0,4.09042501449585,2.362156629562378,51,R1,3.565420687198639,1.543499231338501
0.0,nan,nan,0.7862086296081543,00000_001839_05,3.0,0.7865967750549316,0.7862086892127991,0.9820860624313354,coef_energy_material_checkpoint_lambdas,0.0,4.086796760559082,2.3810482025146484,57,R1,4.0118730664253235,2.0017232298851013
0.0,nan,nan,6.030355453491211,00000_001839_05,3.0,6.705650806427002,6.648290157318115,0.7179699540138245,coef_energy_material_checkpoint_lambdas,0.0,4.083230018615723,2.389704465866089,60,R1,4.4010268449783325,0.5559273362159729
0.0,nan,nan,-1.4708819389343262,00000_001839_05,1.0,2.4484310150146484,2.0143778324127197,0.9869742393493652,coef_energy_material_checkpoint_lambdas,0.0,4.244629859924316,2.2641868591308594,63,R1,4.40209287405014,0.5563615560531616
0.0,nan,nan,3.701481819152832,00000_001839_06,3.0,3.721928358078003,3.484937906265259,0.32544171810150146,coef_energy_material_checkpoint_lambdas,0.0,4.1936211585998535,2.21543025970459,0,R2,2.154748797416687,1.1332150101661682
0.0,nan,nan,2.134162187576294,00000_001839_06,3.0,2.24454402923584,2.134162187576294,0.9671480655670166,coef_energy_material_checkpoint_lambdas,0.0,4.1788530349731445,2.1978366374969482,3,R2,2.07351753115654,0.28889647126197815
0.0,nan,nan,8.143929481506348,00000_001839_06,1.0,8.144121170043945,8.143929481506348,0.998870313167572,coef_energy_material_checkpoint_lambdas,0.0,4.173533916473389,2.1864981651306152,6,R2,2.240432471036911,0.3193585276603699
0.0,nan,nan,2.9903697967529297,00000_001839_06,2.0,4.541388988494873,4.394378662109375,0.8135068416595459,coef_energy_material_checkpoint_lambdas,0.0,4.19413948059082,2.2384448051452637,36,R2,3.633275419473648,2.459318608045578
0.0,nan,nan,0.918520450592041,00000_001839_06,1.0,0.9571228623390198,0.6514478325843811,0.9440965056419373,coef_energy_material_checkpoint_lambdas,0.0,4.163068771362305,2.236271381378174,39,R2,3.0859987437725067,1.100731074810028
0.0,nan,nan,6.617306709289551,00000_001839_06,2.0,6.75511360168457,6.707007884979248,0.9865959286689758,coef_energy_material_checkpoint_lambdas,0.0,4.1781511306762695,2.2396888732910156,45,R2,4.343590974807739,0.5651534199714661
0.0,nan,nan,5.890215873718262,00000_001839_06,2.0,6.632309913635254,4.754638671875,0.9328798055648804,coef_energy_material_checkpoint_lambdas,0.0,4.153584957122803,2.25258731842041,48,R2,4.288137227296829,0.5775795578956604
0.0,nan,nan,2.5764923095703125,00000_001839_06,3.0,5.817821502685547,5.763279438018799,0.9746385812759399,coef_energy_material_checkpoint_lambdas,0.0,4.1548542976379395,2.2758893966674805,57,R2,4.40141087770462,4.401865661144257
0.0,nan,nan,0.006461197044700384,00000_001839_06,6.0,0.008180073462426662,0.006461197044700384,0.646264910697937,coef_energy_material_checkpoint_lambdas,0.0,4.171041488647461,2.2761361598968506,60,R2,4.400000095367432,4.401994109153748
0.0,nan,nan,2.3970463275909424,00000_001839_06,7.0,2.6893908977508545,2.3970463275909424,0.9979537725448608,coef_energy_material_checkpoint_lambdas,0.0,4.186697483062744,2.2616748809814453,63,R2,4.400014638900757,4.40139502286911
0.0,nan,nan,0.6611493825912476,00000_001839_06,12.0,0.6623814105987549,0.4960567355155945,0.9982287287712097,coef_energy_material_checkpoint_lambdas,0.0,4.288659572601318,2.2178800106048584,66,R2,4.40000057220459,4.4000091552734375
0.0,nan,nan,0.016732214018702507,00000_001839_07,5.0,0.021257009357213974,0.013110816478729248,0.9999840259552002,coef_energy_material_checkpoint_lambdas,0.0,4.206110954284668,2.245323657989502,0,R2,3.0251287519931793,3.0251287519931793
0.0,nan,nan,0.35534346103668213,00000_001839_07,3.0,0.3575533926486969,0.2793322205543518,0.3685380220413208,coef_energy_material_checkpoint_lambdas,0.0,4.203622817993164,2.236339569091797,3,R2,2.369446873664856,1.718717485666275
0.0,nan,nan,4.060415744781494,00000_001839_07,3.0,4.117225170135498,4.060415744781494,0.4931811988353729,coef_energy_material_checkpoint_lambdas,0.0,4.198983192443848,2.220881700515747,6,R2,2.137103021144867,0.7651282250881195
0.0,nan,nan,1.1082065105438232,00000_001839_07,3.0,5.759092330932617,3.21256685256958,0.9993273019790649,coef_energy_material_checkpoint_lambdas,0.0,4.197154521942139,2.2369701862335205,9,R2,2.187551975250244,0.30379748344421387
0.0,nan,nan,4.072216033935547,00000_001839_07,1.0,8.008999824523926,7.75602388381958,0.925813615322113,coef_energy_material_checkpoint_lambdas,0.0,4.203949928283691,2.21936297416687,30,R2,3.315499782562256,0.3410705327987671
0.0,nan,nan,3.0656051635742188,00000_001839_07,1.0,4.3011932373046875,4.069472789764404,0.9400171637535095,coef_energy_material_checkpoint_lambdas,0.0,4.16964054107666,2.2437386512756348,39,R2,3.514147788286209,2.921603411436081
0.0,nan,nan,0.7640019655227661,00000_001839_07,2.0,0.8428134918212891,0.7918611764907837,0.8032171726226807,coef_energy_material_checkpoint_lambdas,0.0,4.1868205070495605,2.2299060821533203,42,R2,2.9290666580200195,1.6131629943847656
0.0,nan,nan,6.190242767333984,00000_001839_07,1.0,6.836362838745117,5.3632402420043945,0.9774633049964905,coef_energy_material_checkpoint_lambdas,0.0,4.128118515014648,2.2609779834747314,45,R2,3.0605468451976776,0.5595448017120361
0.0,nan,nan,6.898124694824219,00000_001839_07,1.0,7.445927143096924,6.85984468460083,0.992190420627594,coef_energy_material_checkpoint_lambdas,0.0,4.145010948181152,2.262822151184082,48,R2,4.398158073425293,0.5604971647262573
0.0,nan,nan,4.708595275878906,00000_001839_07,2.0,5.697652339935303,5.646234035491943,0.908319890499115,coef_energy_material_checkpoint_lambdas,0.0,4.198551177978516,2.2254772186279297,51,R2,4.31393501162529,0.5617569088935852
0.0,nan,nan,0.2738935947418213,00000_001839_07,5.0,0.3622037172317505,0.2370101809501648,0.996595561504364,coef_energy_material_checkpoint_lambdas,0.0,4.155735969543457,2.278426170349121,63,R2,4.400000095367432,4.400000095367432
0.0,nan,nan,0.05559900403022766,00000_001839_07,9.0,0.0669705793261528,0.05559900403022766,0.9996469020843506,coef_energy_material_checkpoint_lambdas,0.0,4.155556678771973,2.2843258380889893,66,R2,4.400000095367432,4.400056719779968
0.0,nan,nan,0.2314891815185547,00000_001839_07,11.0,0.24443478882312775,0.2314891815185547,0.9989756345748901,coef_energy_material_checkpoint_lambdas,0.0,4.165783882141113,2.2837941646575928,69,R2,4.400000095367432,4.400003612041473
0.0,nan,nan,0.000732211337890476,00000_001839_07,13.0,0.0010355032281950116,0.000732211337890476,1.0,coef_energy_material_checkpoint_lambdas,0.0,4.157442569732666,2.294715404510498,72,R2,4.400000095367432,4.400000095367432
0.0,nan,nan,1.1274752296230872e-06,00000_001839_07,14.0,1.3557983038481325e-06,7.529864660682506e-07,0.0,coef_energy_material_checkpoint_lambdas,0.0,4.186278343200684,2.2736268043518066,75,R2,4.400000095367432,4.400000095367432
0.0,nan,nan,4.6320569602187334e-10,00000_001839_07,16.0,5.070356356995376e-10,2.0621737650827754e-10,0.0,coef_energy_material_checkpoint_lambdas,0.0,4.275322437286377,2.230665445327759,78,R2,4.400000095367432,4.400000095367432
0.0,nan,nan,-0.021490735933184624,00000_001840_00,4.0,0.04729761555790901,0.04213327169418335,-0.8958596587181091,coef_energy_material_checkpoint_lambdas,0.0,4.20467472076416,2.240753412246704,0,R1,3.0444500744342804,3.0444500744342804
0.0,nan,nan,0.5935447216033936,00000_001840_00,3.0,0.5938180088996887,0.4324379563331604,0.5763769745826721,coef_energy_material_checkpoint_lambdas,0.0,4.200883388519287,2.2296247482299805,3,R1,2.352596640586853,1.7268513441085815
0.0,nan,nan,4.321001052856445,00000_001840_00,3.0,4.325848579406738,4.321001052856445,0.5626049041748047,coef_energy_material_checkpoint_lambdas,0.0,4.195425033569336,2.2196314334869385,6,R1,2.0419029593467712,0.7673925757408142
0.0,nan,nan,2.40847110748291,00000_001840_00,2.0,5.248513698577881,3.0938620567321777,0.9954543113708496,coef_energy_material_checkpoint_lambdas,0.0,4.192643642425537,2.2366092205047607,9,R1,2.574232906103134,0.3038173019886017
0.0,nan,nan,-0.17139379680156708,00000_001840_00,1.0,4.004311561584473,4.000641822814941,-0.34348368644714355,coef_energy_material_checkpoint_lambdas,0.0,4.199225425720215,2.227482318878174,33,R1,3.5069799721240997,3.5069799721240997
0.0,nan,nan,3.1254162788391113,00000_001840_00,1.0,3.1415233612060547,3.1254162788391113,0.9072185754776001,coef_energy_material_checkpoint_lambdas,0.0,4.187935829162598,2.2356390953063965,36,R1,3.7045326232910156,2.6915416419506073
0.0,nan,nan,5.297697067260742,00000_001840_00,3.0,6.919247150421143,4.450886249542236,0.7986295819282532,coef_energy_material_checkpoint_lambdas,0.0,4.1742987632751465,2.234034776687622,42,R1,3.5069799721240997,0.557568371295929
0.0,nan,nan,5.211735725402832,00000_001840_00,2.0,6.638034820556641,6.592255115509033,0.9568738341331482,coef_energy_material_checkpoint_lambdas,0.0,4.171529293060303,2.2516510486602783,48,R1,4.381354093551636,0.5574045181274414
0.0,nan,nan,2.7052862644195557,00000_001840_00,4.0,2.7078073024749756,1.9955265522003174,0.999925971031189,coef_energy_material_checkpoint_lambdas,1.0,4.176924228668213,2.2736544609069824,51,R1,3.968476891517639,4.401492118835449
0.0,nan,nan,0.06823408603668213,00000_001840_00,5.0,0.06825833022594452,0.06184396520256996,0.9926031231880188,coef_energy_material_checkpoint_lambdas,1.0,4.165884017944336,2.263218402862549,54,R1,3.946672260761261,4.402015030384064
0.0,nan,nan,0.2422381490468979,00000_001840_00,4.0,0.6437289118766785,0.041205160319805145,0.9859145879745483,coef_energy_material_checkpoint_lambdas,0.0,4.143732070922852,2.2719674110412598,57,R1,4.231915682554245,0.5559058785438538
0.0,nan,nan,5.914273262023926,00000_001840_00,5.0,6.609928607940674,0.00486308429390192,0.9997103810310364,coef_energy_material_checkpoint_lambdas,0.0,4.161380767822266,2.274226665496826,69,R1,4.40083783864975,4.400847554206848
0.0,nan,nan,0.02008535899221897,00000_001840_00,10.0,0.02008710987865925,0.0002652269904501736,0.9955308437347412,coef_energy_material_checkpoint_lambdas,0.0,4.158863544464111,2.2793593406677246,72,R1,4.400000095367432,4.400000095367432
0.0,nan,nan,2.4654852950334316e-06,00000_001840_00,13.0,2.5066090074687963e-06,4.521852474681509e-07,0.0,coef_energy_material_checkpoint_lambdas,0.0,4.152183532714844,2.2905545234680176,75,R1,4.400000095367432,4.400000095367432
0.0,nan,nan,4.3768497159923925e-10,00000_001840_00,16.0,4.727035984863903e-10,1.7855132650179684e-10,0.0,coef_energy_material_checkpoint_lambdas,0.0,4.242040634155273,2.2291877269744873,78,R1,4.400000095367432,4.400000095367432
0.0,nan,nan,0.1028575599193573,00000_001840_01,5.0,0.22568261623382568,0.2147752344608307,0.8751592040061951,coef_energy_material_checkpoint_lambdas,1.0,4.208799839019775,2.248900890350342,0,R1,3.709807574748993,4.174699813127518
0.0,nan,nan,-0.0013633861672133207,00000_001840_01,4.0,0.002791870851069689,0.002436333568766713,-0.8093124032020569,coef_energy_material_checkpoint_lambdas,0.0,4.199596405029297,2.2381653785705566,3,R1,3.342276096343994,3.342276096343994
0.0,nan,nan,0.32408225536346436,00000_001840_01,4.0,0.36719411611557007,0.2993417978286743,0.38330405950546265,coef_energy_material_checkpoint_lambdas,0.0,4.199728488922119,2.236161231994629,6,R1,2.4635285437107086,2.218902975320816
0.0,nan,nan,4.106581687927246,00000_001840_01,3.0,4.106590270996094,4.106581687927246,0.07897162437438965,coef_energy_material_checkpoint_lambdas,0.0,4.194675922393799,2.21627140045166,9,R1,2.2103540003299713,1.0291208624839783
0.0,nan,nan,0.9465272426605225,00000_001840_01,3.0,0.9928939342498779,0.7124918699264526,0.9523882269859314,coef_energy_material_checkpoint_lambdas,0.0,4.201302528381348,2.225564479827881,12,R1,2.09072482585907,0.262239933013916
0.0,nan,nan,1.007874608039856,00000_001840_01,1.0,3.611321449279785,3.4678280353546143,-0.972415566444397,coef_energy_material_checkpoint_lambdas,0.0,4.194519996643066,2.226742744445801,36,R1,3.3722772896289825,3.3722772896289825
0.0,nan,nan,2.006502389907837,00000_001840_01,1.0,2.5108845233917236,1.5094667673110962,0.9741074442863464,coef_energy_material_checkpoint_lambdas,0.0,4.186558246612549,2.23709774017334,45,R1,3.3722772896289825,0.5483049154281616
0.0,nan,nan,6.538511276245117,00000_001840_01,2.0,7.205235481262207,3.027092933654785,0.2479589283466339,coef_energy_material_checkpoint_lambdas,0.0,4.174432754516602,2.261741876602173,51,R1,4.336461782455444,4.336461782455444
0.0,nan,nan,0.024689624086022377,00000_001840_01,2.0,0.07086464762687683,0.06642454862594604,-0.8018485307693481,coef_energy_material_checkpoint_lambdas,0.0,4.180792808532715,2.2485275268554688,54,R1,4.208305656909943,4.208305656909943
0.0,nan,nan,0.05163327604532242,00000_001840_01,3.0,0.14863747358322144,0.004907441791146994,-0.08567672967910767,coef_energy_material_checkpoint_lambdas,0.0,4.150811672210693,2.2635343074798584,57,R1,3.8777763545513153,3.8754900693893433
0.0,nan,nan,0.033751778304576874,00000_001840_01,4.0,0.06898762285709381,0.012993164360523224,0.9272661209106445,coef_energy_material_checkpoint_lambdas,0.0,4.15720272064209,2.265510320663452,60,R1,4.174713671207428,1.679727852344513
0.0,nan,nan,5.870350360870361,00000_001840_01,3.0,6.567015171051025,4.638261318206787,0.999051034450531,coef_energy_material_checkpoint_lambdas,0.0,4.151674270629883,2.2651472091674805,63,R1,4.279702812433243,0.5827333927154541
0.0,nan,nan,2.5209102630615234,00000_001840_01,10.0,2.6511926651000977,0.8208738565444946,0.9980997443199158,coef_energy_material_checkpoint_lambdas,0.0,4.125731945037842,2.3006632328033447,72,R1,4.400006651878357,4.400006651878357
0.0,nan,nan,7.18904921086505e-05,00000_001840_01,13.0,8.391039591515437e-05,4.327484202804044e-05,0.0,coef_energy_material_checkpoint_lambdas,0.0,4.130848407745361,2.3023722171783447,75,R1,4.400000095367432,4.400000095367432
0.0,nan,nan,2.299367274360975e-08,00000_001840_01,14.0,2.4564856815345593e-08,8.644258642220848e-09,0.0,coef_energy_material_checkpoint_lambdas,0.0,4.1355085372924805,2.304131507873535,78,R1,4.400000095367432,4.400000095367432
0.0,nan,nan,4.1018976409956664e-12,00000_001840_01,16.0,4.5852926490452806e-12,2.0492301432140092e-12,0.0,coef_energy_material_checkpoint_lambdas,0.0,4.119268417358398,2.3197243213653564,81,R1,4.400000095367432,4.400000095367432
0.0,nan,nan,-2.2794313061147344e-15,00000_001840_01,16.0,2.6393286173812718e-15,1.3305069656902014e-15,0.0,coef_energy_material_checkpoint_lambdas,0.0,4.123645305633545,2.315197706222534,84,R1,4.400000095367432,4.400000095367432
0.0,nan,nan,-8.149787162408931e-19,00000_001840_01,16.0,8.994468331784167e-19,3.8054477684714423e-19,0.0,coef_energy_material_checkpoint_lambdas,0.0,4.111670970916748,2.327298641204834,87,R1,4.400000095367432,4.400000095367432
0.0,nan,nan,-2.193256974358261e-22,00000_001840_01,16.0,2.337747514548928e-22,8.370479371910218e-23,0.0,coef_energy_material_checkpoint_lambdas,0.0,4.246058464050293,2.2364649772644043,90,R1,4.400000095367432,4.400000095367432
0.0,nan,nan,-0.021490735933184624,00000_001840_02,4.0,0.04729761555790901,0.04213327169418335,-0.8958596587181091,coef_energy_material_checkpoint_lambdas,0.0,4.20467472076416,2.240753412246704,0,R2,3.0444500744342804,3.0444500744342804
0.0,nan,nan,0.593943178653717,00000_001840_02,3.0,0.5941634774208069,0.43141987919807434,0.578917920589447,coef_energy_material_checkpoint_lambdas,0.0,4.19407844543457,2.233755588531494,3,R2,2.352596640586853,1.7268513441085815
0.0,nan,nan,4.320893287658691,00000_001840_02,3.0,4.325740814208984,4.320893287658691,0.5626056790351868,coef_energy_material_checkpoint_lambdas,0.0,4.19531774520874,2.219620943069458,6,R2,2.0419029593467712,0.7673925757408142
0.0,nan,nan,2.406315803527832,00000_001840_02,2.0,5.243808269500732,3.0910842418670654,0.9954543113708496,coef_energy_material_checkpoint_lambdas,0.0,4.188842296600342,2.2350034713745117,9,R2,2.574232906103134,0.3038173019886017
0.0,nan,nan,-0.17182372510433197,00000_001840_02,1.0,4.001130104064941,3.99743914604187,-0.34335070848464966,coef_energy_material_checkpoint_lambdas,0.0,4.19610595703125,2.2305753231048584,33,R2,3.5069799721240997,3.5069799721240997
0.0,nan,nan,3.125117301940918,00000_001840_02,1.0,3.1412248611450195,3.125117301940918,0.9072214961051941,coef_energy_material_checkpoint_lambdas,0.0,4.187476634979248,2.23557710647583,36,R2,3.7045326232910156,2.6915416419506073
0.0,nan,nan,5.305383682250977,00000_001840_02,3.0,6.930226802825928,4.458806037902832,0.7987267971038818,coef_energy_material_checkpoint_lambdas,0.0,4.180026531219482,2.2530055046081543,42,R2,3.5069799721240997,0.557568371295929
0.0,nan,nan,-0.46984583139419556,00000_001840_02,2.0,0.47230982780456543,0.25321638584136963,1.0,coef_energy_material_checkpoint_lambdas,0.0,4.198282241821289,2.2609286308288574,48,R2,4.388388156890869,1.0983904004096985
0.0,nan,nan,3.8467955589294434,00000_001840_02,2.0,7.8102803230285645,7.5264787673950195,0.9839656352996826,coef_energy_material_checkpoint_lambdas,0.0,4.184988021850586,2.2700297832489014,51,R2,4.384789824485779,0.5535684823989868
0.0,nan,nan,-0.5952234864234924,00000_001840_02,4.0,0.6470621824264526,0.6458728313446045,0.43413716554641724,coef_energy_material_checkpoint_lambdas,1.0,4.175795555114746,2.2632524967193604,57,R2,3.7355243265628815,4.2124069929122925
0.0,nan,nan,0.009727737866342068,00000_001840_02,3.0,0.021153023466467857,0.009727737866342068,0.9998346567153931,coef_energy_material_checkpoint_lambdas,0.0,4.176645755767822,2.2872304916381836,60,R2,3.785154849290848,2.7560967206954956
0.0,nan,nan,0.6155012845993042,00000_001840_02,3.0,0.6542639136314392,0.45130476355552673,0.7439569234848022,coef_energy_material_checkpoint_lambdas,0.0,4.152457237243652,2.3007984161376953,63,R2,3.623098909854889,1.1064696311950684
0.0,nan,nan,4.691302299499512,00000_001840_02,1.0,6.628261566162109,6.62825870513916,0.9996450543403625,coef_energy_material_checkpoint_lambdas,0.0,4.153608798980713,2.3043556213378906,66,R2,3.6093559861183167,0.5560318231582642
0.0,nan,nan,-0.16976486146450043,00000_001840_02,6.0,0.20547956228256226,0.027622997760772705,0.8481591939926147,coef_energy_material_checkpoint_lambdas,1.0,4.1328911781311035,2.3307442665100098,69,R2,3.927535057067871,4.400102198123932
0.0,nan,nan,0.2363319993019104,00000_001840_02,6.0,0.24963565170764923,0.2363319993019104,0.9938841462135315,coef_energy_material_checkpoint_lambdas,0.0,4.239041328430176,2.2413947582244873,72,R2,4.400000095367432,4.400004148483276
0.0,nan,nan,0.02162228524684906,00000_001840_02,7.0,0.02162228710949421,0.015284238383173943,0.9995009303092957,coef_energy_material_checkpoint_lambdas,0.0,4.327333450317383,2.188023567199707,75,R2,4.400000095367432,4.400000095367432
0.0,nan,nan,7.325480937957764,00000_001840_04,1.0,7.719722270965576,6.902023792266846,0.9982808232307434,coef_energy_material_checkpoint_lambdas,0.0,4.169703006744385,2.3048763275146484,0,R2,2.7840049862861633,0.3941177725791931
0.0,nan,nan,4.625635623931885,00000_001840_04,2.0,6.479476451873779,4.537301540374756,0.3091201186180115,coef_energy_material_checkpoint_lambdas,0.0,4.190973281860352,2.2875540256500244,3,R2,4.372867465019226,4.372867465019226
0.0,nan,nan,-0.37403059005737305,00000_001840_04,3.0,2.161736249923706,1.241044282913208,-0.6415127515792847,coef_energy_material_checkpoint_lambdas,0.0,4.189946174621582,2.266334295272827,6,R2,3.83438378572464,0.5323243737220764
0.0,nan,nan,2.6471734046936035,00000_001840_04,3.0,3.580577850341797,3.5766818523406982,-0.4436455965042114,coef_energy_material_checkpoint_lambdas,0.0,4.207200050354004,2.238193988800049,9,R2,2.6915705800056458,0.8477935492992401
0.0,nan,nan,6.108938217163086,00000_001840_04,2.0,7.938131809234619,7.730928421020508,0.7419596910476685,coef_energy_material_checkpoint_lambdas,0.0,4.207071781158447,2.22900652885437,12,R2,2.073924273252487,0.29424694180488586
0.0,nan,nan,4.409273147583008,00000_001840_04,2.0,5.4153265953063965,4.409273147583008,0.9832770824432373,coef_energy_material_checkpoint_lambdas,0.0,4.198580741882324,2.22817063331604,15,R2,2.0150318443775177,0.5204327702522278
0.0,nan,nan,1.0082594156265259,00000_001840_04,1.0,3.6126420497894287,3.4690914154052734,-0.9724144339561462,coef_energy_material_checkpoint_lambdas,0.0,4.196135520935059,2.228703022003174,39,R2,3.3722772896289825,3.3722772896289825
0.0,nan,nan,2.0091452598571777,00000_001840_04,1.0,2.513887882232666,1.5109492540359497,0.9741435647010803,coef_energy_material_checkpoint_lambdas,0.0,4.188662528991699,2.2530975341796875,48,R2,3.3722772896289825,0.5483049154281616
0.0,nan,nan,0.08307439088821411,00000_001840_04,2.0,1.946163296699524,1.7019627094268799,0.07072656601667404,coef_energy_material_checkpoint_lambdas,0.0,4.1841559410095215,2.260937452316284,54,R2,4.358284413814545,1.6090254187583923
0.0,nan,nan,0.7254230976104736,00000_001840_04,2.0,6.965784072875977,5.411722183227539,0.9863131642341614,coef_energy_material_checkpoint_lambdas,0.0,4.188144207000732,2.284123420715332,57,R2,4.400125622749329,0.5652928352355957
0.0,nan,nan,7.7980194091796875,00000_001840_04,1.0,7.811798095703125,7.7980194091796875,0.8901430368423462,coef_energy_material_checkpoint_lambdas,0.0,4.110503196716309,2.3683297634124756,63,R2,4.279941558837891,0.5466908812522888
0.0,nan,nan,2.3919029235839844,00000_001840_04,6.0,2.594728469848633,2.3919031620025635,0.8063381314277649,coef_energy_material_checkpoint_lambdas,0.0,4.099811553955078,2.3749513626098633,66,R2,3.4761106371879578,2.0884833931922913
0.0,nan,nan,6.777080059051514,00000_001840_04,4.0,6.8199462890625,6.7770795822143555,0.998086154460907,coef_energy_material_checkpoint_lambdas,0.0,4.101389408111572,2.380147695541382,69,R2,4.400613248348236,0.5563888549804688
0.0,nan,nan,0.22823749482631683,00000_001840_04,5.0,0.24100220203399658,0.1066630408167839,0.999099850654602,coef_energy_material_checkpoint_lambdas,0.0,4.103612422943115,2.3897788524627686,72,R2,4.400000095367432,3.8690142035484314
0.0,nan,nan,0.2463674545288086,00000_001840_04,7.0,0.2463681995868683,0.17378167808055878,0.9936816096305847,coef_energy_material_checkpoint_lambdas,0.0,4.17914342880249,2.3200345039367676,75,R2,4.400000095367432,1.6689817309379578
0.0,nan,nan,7.566165924072266,00000_001840_04,1.0,7.566258430480957,7.566166400909424,0.9965571165084839,coef_energy_material_checkpoint_lambdas,0.0,4.187743186950684,2.2831192016601562,78,R2,4.402865827083588,0.5609741806983948
0.0,nan,nan,3.5569729804992676,00000_001840_07,2.0,7.567486763000488,7.2382307052612305,0.243513822555542,coef_energy_material_checkpoint_lambdas,0.0,4.204498291015625,2.228508710861206,3,R2,4.192336976528168,0.36854761838912964
0.0,nan,nan,-0.5331941843032837,00000_001840_07,3.0,0.9378542304039001,0.4516350030899048,0.9129375219345093,coef_energy_material_checkpoint_lambdas,0.0,4.207197189331055,2.225977897644043,6,R2,3.9226218461990356,1.788064032793045
0.0,nan,nan,-0.0015358119271695614,00000_001840_07,2.0,0.008904127404093742,0.005115821957588196,0.9617978930473328,coef_energy_material_checkpoint_lambdas,0.0,4.2032670974731445,2.204622507095337,9,R2,3.2469711303710938,1.0185554921627045
0.0,nan,nan,1.7798017263412476,00000_001840_07,1.0,1.9579018354415894,0.06619235873222351,0.8957111239433289,coef_energy_material_checkpoint_lambdas,0.0,4.194101810455322,2.18745756149292,12,R2,2.444728195667267,0.26462361216545105
0.0,nan,nan,5.6655168533325195,00000_001840_07,3.0,6.726113796234131,5.776229381561279,0.9283947348594666,coef_energy_material_checkpoint_lambdas,0.0,4.1941237449646,2.22637939453125,33,R2,3.176588386297226,3.2654340267181396
0.0,nan,nan,0.6974831819534302,00000_001840_07,2.0,0.7518084049224854,0.2805941700935364,0.952826976776123,coef_energy_material_checkpoint_lambdas,0.0,4.1836137771606445,2.250375986099243,42,R2,3.2654340267181396,1.0843478441238403
0.0,nan,nan,1.0783329010009766,00000_001840_07,1.0,6.867828369140625,5.584336280822754,0.33462679386138916,coef_energy_material_checkpoint_lambdas,0.0,4.196559906005859,2.254162549972534,48,R2,4.282808870077133,2.0594697892665863
0.0,nan,nan,-0.23385196924209595,00000_001840_07,1.0,2.1256167888641357,1.328555941581726,0.5697952508926392,coef_energy_material_checkpoint_lambdas,0.0,4.188375473022461,2.263470411300659,51,R2,4.400737106800079,0.5564438104629517
0.0,nan,nan,7.757943153381348,00000_001840_07,1.0,7.860418319702148,7.504687786102295,0.8925482630729675,coef_energy_material_checkpoint_lambdas,0.0,4.188089847564697,2.252706527709961,54,R2,4.391587615013123,0.5000014901161194
0.0,nan,nan,4.266661643981934,00000_001840_07,3.0,6.653418064117432,0.5929710865020752,0.40603378415107727,coef_energy_material_checkpoint_lambdas,0.0,4.100511074066162,2.3037476539611816,57,R2,4.066756963729858,4.081865549087524
0.0,nan,nan,-0.015070263296365738,00000_001840_07,2.0,0.14875340461730957,0.03250102698802948,0.999415397644043,coef_energy_material_checkpoint_lambdas,0.0,4.092422962188721,2.3150393962860107,60,R2,4.200725108385086,2.7589014172554016
0.0,nan,nan,3.711695671081543,00000_001840_07,3.0,3.716456174850464,3.4617578983306885,0.9960317611694336,coef_energy_material_checkpoint_lambdas,0.0,4.104111671447754,2.3034145832061768,63,R2,4.230405956506729,0.5564014315605164
0.0,nan,nan,5.777864456176758,00000_001840_07,5.0,6.45875358581543,4.565479278564453,0.9999127388000488,coef_energy_material_checkpoint_lambdas,0.0,4.085680961608887,2.34493350982666,69,R2,4.400813519954681,4.400968492031097
0.0,nan,nan,0.0006048136274330318,00000_001840_07,12.0,0.0010057907784357667,0.00014058196393307298,0.5000426173210144,coef_energy_material_checkpoint_lambdas,0.0,4.073846817016602,2.358882188796997,72,R2,4.400000095367432,4.400000095367432
0.0,nan,nan,-2.1541766148658326e-09,00000_001840_07,14.0,3.309250651284401e-09,2.530924636534593e-10,0.0,coef_energy_material_checkpoint_lambdas,0.0,4.222597122192383,2.2467174530029297,75,R2,4.400000095367432,4.400000095367432
0.0,nan,nan,-0.023253129795193672,00000_001841_00,4.0,0.04798528924584389,0.0419747531414032,-0.9524487853050232,coef_energy_material_checkpoint_lambdas,0.0,4.2120537757873535,2.2419798374176025,0,R1,3.1151027381420135,3.1151027381420135
0.0,nan,nan,0.3650607764720917,00000_001841_00,3.0,0.5287162661552429,0.012299269437789917,0.9269448518753052,coef_energy_material_checkpoint_lambdas,0.0,4.203221321105957,2.2368361949920654,3,R1,2.504961997270584,1.7754874527454376
0.0,nan,nan,4.102292537689209,00000_001841_00,3.0,4.112175464630127,4.102292537689209,0.06769063323736191,coef_energy_material_checkpoint_lambdas,0.0,4.197890281677246,2.2172820568084717,6,R1,2.091307520866394,0.7675826251506805
0.0,nan,nan,2.5976009368896484,00000_001841_00,2.0,5.010494232177734,2.6705515384674072,0.9995301365852356,coef_energy_material_checkpoint_lambdas,0.0,4.193390369415283,2.237804651260376,9,R1,2.8205626606941223,0.30379748344421387
0.0,nan,nan,0.7284082770347595,00000_001841_00,1.0,3.534601926803589,3.458732843399048,-0.6482959985733032,coef_energy_material_checkpoint_lambdas,0.0,4.194943428039551,2.226447105407715,33,R1,3.5165127217769623,3.5165127217769623
0.0,nan,nan,5.129245281219482,00000_001841_00,2.0,6.718671798706055,4.339515209197998,0.03524789214134216,coef_energy_material_checkpoint_lambdas,0.0,4.175692558288574,2.2703781127929688,42,R1,3.5165127217769623,0.5196267366409302
0.0,nan,nan,-0.8827801942825317,00000_001841_00,1.0,0.9113582372665405,0.7843335866928101,0.9393521547317505,coef_energy_material_checkpoint_lambdas,0.0,4.180595874786377,2.2529823780059814,48,R1,4.385586261749268,0.5283819437026978
0.0,nan,nan,3.8329873085021973,00000_001841_00,2.0,7.873101711273193,7.573146343231201,0.9998204708099365,coef_energy_material_checkpoint_lambdas,0.0,4.173428535461426,2.2543089389801025,51,R1,4.385207533836365,0.5633636713027954
0.0,nan,nan,0.15938955545425415,00000_001841_00,2.0,0.21383452415466309,0.10613231360912323,1.0,coef_energy_material_checkpoint_lambdas,0.0,4.128400802612305,2.2863411903381348,57,R1,3.9272732734680176,2.2095102667808533
0.0,nan,nan,3.4750092029571533,00000_001841_00,5.0,3.885502815246582,2.747006416320801,0.9998469352722168,coef_energy_material_checkpoint_lambdas,0.0,4.107470989227295,2.3018271923065186,60,R1,4.124979078769684,0.5563647747039795
0.0,nan,nan,2.8748745918273926,00000_001841_00,6.0,3.599290609359741,3.564180612564087,0.9995457530021667,coef_energy_material_checkpoint_lambdas,0.0,4.3020477294921875,2.200913190841675,66,R1,4.400029301643372,4.4025532603263855
0.0,nan,nan,7.333469390869141,00000_001841_01,1.0,7.72515344619751,6.902844429016113,0.9986583590507507,coef_energy_material_checkpoint_lambdas,0.0,4.165053844451904,2.3039677143096924,0,R1,2.781260132789612,0.38904380798339844
0.0,nan,nan,5.609430313110352,00000_001841_01,2.0,7.6741766929626465,6.742212772369385,0.9071168303489685,coef_energy_material_checkpoint_lambdas,0.0,4.196626663208008,2.2852983474731445,3,R1,4.37036520242691,4.396006107330322
0.0,nan,nan,0.3390519618988037,00000_001841_01,3.0,1.703597903251648,1.4202733039855957,-0.9916628003120422,coef_energy_material_checkpoint_lambdas,0.0,4.180610656738281,2.266672372817993,6,R1,4.004373639822006,0.5348314046859741
0.0,nan,nan,2.8460052013397217,00000_001841_01,3.0,3.7082653045654297,3.6934242248535156,-0.5031005144119263,coef_energy_material_checkpoint_lambdas,0.0,4.192437648773193,2.2390313148498535,9,R1,2.833175003528595,1.1489267349243164
0.0,nan,nan,3.0925021171569824,00000_001841_01,4.0,6.674428939819336,5.4111809730529785,-0.17040424048900604,coef_energy_material_checkpoint_lambdas,0.0,4.192041397094727,2.22952938079834,12,R1,2.105952173471451,0.28533935546875
0.0,nan,nan,4.78966760635376,00000_001841_01,2.0,5.322937965393066,4.78966760635376,0.9967884421348572,coef_energy_material_checkpoint_lambdas,0.0,4.1919989585876465,2.2222893238067627,15,R1,2.011548697948456,0.520810604095459
0.0,nan,nan,3.3254637718200684,00000_001841_01,1.0,6.406775951385498,5.476136207580566,-0.9999480843544006,coef_energy_material_checkpoint_lambdas,0.0,4.186049938201904,2.230135917663574,39,R1,3.3878744542598724,3.3878744542598724
0.0,nan,nan,1.9008448123931885,00000_001841_01,1.0,2.36806058883667,1.4122676849365234,0.9542068243026733,coef_energy_material_checkpoint_lambdas,0.0,4.183024883270264,2.2625479698181152,48,R1,3.3878744542598724,0.5373489260673523
0.0,nan,nan,0.2722357213497162,00000_001841_01,3.0,0.27500030398368835,0.1649962216615677,0.6985328197479248,coef_energy_material_checkpoint_lambdas,1.0,4.171360969543457,2.2509684562683105,57,R1,4.208408921957016,4.400417804718018
0.0,nan,nan,0.0175294391810894,00000_001841_01,3.0,0.017884837463498116,0.0175294391810894,0.9940723776817322,coef_energy_material_checkpoint_lambdas,0.0,4.170279502868652,2.2620766162872314,60,R1,4.100457042455673,2.7574912905693054
0.0,nan,nan,0.027992090210318565,00000_001841_01,4.0,0.051397256553173065,0.044314444065093994,0.9877581000328064,coef_energy_material_checkpoint_lambdas,0.0,4.175057888031006,2.2673370838165283,63,R1,4.313819408416748,1.6573493480682373
0.0,nan,nan,2.864621162414551,00000_001841_01,5.0,6.792544841766357,5.316559314727783,0.9847594499588013,coef_energy_material_checkpoint_lambdas,0.0,4.141225814819336,2.280747652053833,66,R1,4.2559734582901,0.559814989566803
0.0,nan,nan,6.768489360809326,00000_001841_01,2.0,7.296006202697754,6.7120842933654785,0.9955831170082092,coef_energy_material_checkpoint_lambdas,0.0,4.132058620452881,2.2834272384643555,69,R1,4.280086696147919,0.5776864886283875
0.0,nan,nan,1.7275691032409668,00000_001841_01,5.0,1.7572400569915771,1.4489487409591675,0.9780730605125427,coef_energy_material_checkpoint_lambdas,0.0,4.251006603240967,2.2275032997131348,72,R1,4.400083780288696,4.40333217382431
0.0,nan,nan,7.36016845703125,00000_001841_02,1.0,7.753027439117432,6.9274091720581055,0.9986532330513,coef_energy_material_checkpoint_lambdas,0.0,4.188000202178955,2.2890048027038574,0,R1,2.781260132789612,0.38904380798339844
0.0,nan,nan,5.623904228210449,00000_001841_02,2.0,7.693418502807617,7.377954483032227,0.9070838689804077,coef_energy_material_checkpoint_lambdas,0.0,4.207855701446533,2.2722620964050293,3,R1,4.37036520242691,0.5570989847183228
0.0,nan,nan,1.7938450574874878,00000_001841_02,2.0,1.903653860092163,1.7938450574874878,-0.9770927429199219,coef_energy_material_checkpoint_lambdas,0.0,4.192480087280273,2.2644236087799072,6,R1,4.253860145807266,0.486505925655365
0.0,nan,nan,4.743408203125,00000_001841_02,2.0,6.255363941192627,6.237640380859375,-0.3856491446495056,coef_energy_material_checkpoint_lambdas,0.0,4.202549457550049,2.24896240234375,9,R1,2.7367919385433197,0.42031964659690857
0.0,nan,nan,8.045374870300293,00000_001841_02,1.0,8.055575370788574,8.045374870300293,0.9282022714614868,coef_energy_material_checkpoint_lambdas,0.0,4.200978755950928,2.242704391479492,12,R1,3.877957433462143,0.28533935546875
0.0,nan,nan,4.790150165557861,00000_001841_02,2.0,5.323477268218994,4.790150165557861,0.9967883229255676,coef_energy_material_checkpoint_lambdas,0.0,4.192482948303223,2.2221744060516357,15,R1,2.011548697948456,0.520810604095459
0.0,nan,nan,3.3262441158294678,00000_001841_02,1.0,6.408280372619629,5.477422714233398,-0.9999481439590454,coef_energy_material_checkpoint_lambdas,0.0,4.187070369720459,2.231415033340454,39,R1,3.3878744542598724,3.3878744542598724
0.0,nan,nan,1.9031248092651367,00000_001841_02,1.0,2.371025800704956,1.4141709804534912,0.9541855454444885,coef_energy_material_checkpoint_lambdas,0.0,4.189209938049316,2.259817361831665,48,R1,3.3878744542598724,0.5373489260673523
0.0,nan,nan,-0.019383229315280914,00000_001841_02,2.0,0.2825598418712616,0.10753132402896881,-0.47225382924079895,coef_energy_material_checkpoint_lambdas,0.0,4.1557135581970215,2.2680892944335938,60,R1,3.88193741440773,3.8523438572883606
0.0,nan,nan,0.007855894975364208,00000_001841_02,4.0,0.011342949233949184,0.004865336697548628,0.9013255834579468,coef_energy_material_checkpoint_lambdas,0.0,4.16151237487793,2.267868995666504,63,R1,4.175798416137695,1.6565901637077332
0.0,nan,nan,2.864621162414551,00000_001841_02,5.0,6.792544841766357,5.316559314727783,0.9847594499588013,coef_energy_material_checkpoint_lambdas,0.0,4.141225814819336,2.280747652053833,66,R1,4.2559734582901,0.559814989566803
0.0,nan,nan,6.706591606140137,00000_001841_02,2.0,7.229497909545898,6.651107311248779,0.9955899715423584,coef_energy_material_checkpoint_lambdas,0.0,4.09120512008667,2.3119425773620605,69,R1,4.280086696147919,0.5776864886283875
0.0,nan,nan,1.6652061939239502,00000_001841_02,5.0,1.6936862468719482,0.30929186940193176,0.9781522154808044,coef_energy_material_checkpoint_lambdas,0.0,4.089954376220703,2.3265767097473145,72,R1,4.400083780288696,4.400083780288696
0.0,nan,nan,0.00038754448178224266,00000_001841_02,9.0,0.0005959434201940894,4.608796734828502e-05,0.0,coef_energy_material_checkpoint_lambdas,0.0,4.0735249519348145,2.349153757095337,75,R1,4.400000095367432,4.400000095367432
0.0,nan,nan,1.1630761065362094e-07,00000_001841_02,13.0,1.1651874842755205e-07,7.728412754204328e-08,0.0,coef_energy_material_checkpoint_lambdas,0.0,4.064494609832764,2.359412431716919,78,R1,4.400000095367432,4.400000095367432
0.0,nan,nan,4.421588963021694e-12,00000_001841_02,16.0,4.583596956847513e-12,2.2724539264218357e-12,0.0,coef_energy_material_checkpoint_lambdas,0.0,4.076580047607422,2.362389326095581,81,R1,4.400000095367432,4.400000095367432
0.0,nan,nan,-3.3791630335947584e-16,00000_001841_02,16.0,3.5146459535080837e-16,9.664326967327366e-17,0.0,coef_energy_material_checkpoint_lambdas,0.0,4.071884632110596,2.3767268657684326,84,R1,4.400000095367432,4.400000095367432
0.0,nan,nan,-5.169487856370021e-20,00000_001841_02,16.0,5.602476194245757e-20,2.1596614659489782e-20,0.0,coef_energy_material_checkpoint_lambdas,0.0,4.0867109298706055,2.3675546646118164,87,R1,4.400000095367432,4.400000095367432
0.0,nan,nan,-3.802713144404388e-23,00000_001841_02,16.0,5.293955920339377e-23,3.743392066509216e-23,0.0,coef_energy_material_checkpoint_lambdas,0.0,4.056951522827148,2.3913791179656982,90,R1,4.400000095367432,4.400000095367432
0.0,nan,nan,-6.51151490778601e-26,00000_001841_02,16.0,0.0,0.0,0.0,coef_energy_material_checkpoint_lambdas,0.0,4.153592109680176,2.2829110622406006,93,R1,4.400000095367432,4.400000095367432
0.0,nan,nan,-7.917559390392904e-29,00000_001841_02,16.0,0.0,0.0,0.0,coef_energy_material_checkpoint_lambdas,0.0,4.330853462219238,2.2172558307647705,96,R1,4.400000095367432,4.400000095367432
0.0,nan,nan,4.432396411895752,00000_001841_03,1.0,4.664554119110107,2.106576681137085,0.9944062829017639,coef_energy_material_checkpoint_lambdas,0.0,4.185766220092773,2.279651641845703,0,R1,4.310915410518646,0.486505925655365
0.0,nan,nan,4.743408203125,00000_001841_03,2.0,6.255363941192627,6.237640380859375,-0.3856491446495056,coef_energy_material_checkpoint_lambdas,0.0,4.202549457550049,2.24896240234375,3,R1,2.7367919385433197,0.42031964659690857
0.0,nan,nan,8.045716285705566,00000_001841_03,1.0,8.05589771270752,8.045716285705566,0.9281848669052124,coef_energy_material_checkpoint_lambdas,0.0,4.201638221740723,2.2407069206237793,6,R1,3.877957433462143,0.28533935546875
0.0,nan,nan,4.787164688110352,00000_001841_03,2.0,5.320030212402344,4.787164688110352,0.9967923164367676,coef_energy_material_checkpoint_lambdas,0.0,4.187160968780518,2.2356483936309814,9,R1,2.011548697948456,0.520810604095459
0.0,nan,nan,3.3238720893859863,00000_001841_03,1.0,6.403709411621094,5.473515510559082,-0.9999481439590454,coef_energy_material_checkpoint_lambdas,0.0,4.184046268463135,2.2290632724761963,33,R1,3.3878744542598724,3.3878744542598724
0.0,nan,nan,1.9015311002731323,00000_001841_03,1.0,2.3689322471618652,1.4128056764602661,0.9542039632797241,coef_energy_material_checkpoint_lambdas,0.0,4.1846923828125,2.2626307010650635,42,R1,3.3878744542598724,0.5373489260673523
0.0,nan,nan,-0.19198580086231232,00000_001841_03,3.0,1.6954106092453003,1.3268797397613525,0.7157576680183411,coef_energy_material_checkpoint_lambdas,1.0,4.168129920959473,2.2528085708618164,51,R1,3.924625664949417,4.39986127614975
0.0,nan,nan,-0.019383229315280914,00000_001841_03,2.0,0.2825598418712616,0.260802298784256,-0.47225382924079895,coef_energy_material_checkpoint_lambdas,1.0,4.1557135581970215,2.2680892944335938,54,R1,3.88193741440773,4.210208624601364
0.0,nan,nan,0.04264896363019943,00000_001841_03,4.0,0.04502066969871521,0.03590046241879463,0.9999852776527405,coef_energy_material_checkpoint_lambdas,0.0,4.167004108428955,2.257875919342041,57,R1,3.995095908641815,2.228561520576477
0.0,nan,nan,2.864621162414551,00000_001841_03,5.0,6.792544841766357,5.316559314727783,0.9847594499588013,coef_energy_material_checkpoint_lambdas,0.0,4.141225814819336,2.280747652053833,60,R1,4.2559734582901,0.559814989566803
0.0,nan,nan,6.714224338531494,00000_001841_03,2.0,7.237687110900879,6.658603668212891,0.9955888390541077,coef_energy_material_checkpoint_lambdas,0.0,4.096414566040039,2.3056564331054688,63,R1,4.280086696147919,0.5776864886283875
0.0,nan,nan,1.6765084266662598,00000_001841_03,5.0,1.7052136659622192,0.3115658760070801,0.9781311750411987,coef_energy_material_checkpoint_lambdas,0.0,4.119743824005127,2.2944118976593018,66,R1,4.400083780288696,4.400083780288696
0.0,nan,nan,0.004379856400191784,00000_001841_03,8.0,0.013402488082647324,0.012666631489992142,0.9997617602348328,coef_energy_material_checkpoint_lambdas,0.0,4.13610315322876,2.2874226570129395,69,R1,4.400000095367432,4.400000095367432
0.0,nan,nan,0.00010040698543889448,00000_001841_03,10.0,0.0001465818495489657,0.00010679266415536404,0.0049400245770812035,coef_energy_material_checkpoint_lambdas,0.0,4.26487922668457,2.209470748901367,72,R1,4.400000095367432,4.400000095367432
0.0,nan,nan,4.432396411895752,00000_001841_04,1.0,4.664554119110107,2.106576681137085,0.9944062829017639,coef_energy_material_checkpoint_lambdas,0.0,4.185766220092773,2.279651641845703,0,R1,4.310915410518646,0.486505925655365
0.0,nan,nan,4.743408203125,00000_001841_04,2.0,6.255363941192627,6.237640380859375,-0.3856491446495056,coef_energy_material_checkpoint_lambdas,0.0,4.202549457550049,2.24896240234375,3,R1,2.7367919385433197,0.42031964659690857
0.0,nan,nan,8.056173324584961,00000_001841_04,1.0,8.066365242004395,8.056173324584961,0.9281825423240662,coef_energy_material_checkpoint_lambdas,0.0,4.207164287567139,2.2433342933654785,6,R1,3.877957433462143,0.28533935546875
0.0,nan,nan,4.791834354400635,00000_001841_04,2.0,5.32522439956665,4.791834354400635,0.9967922568321228,coef_energy_material_checkpoint_lambdas,0.0,4.191342353820801,2.237297534942627,9,R1,2.011548697948456,0.520810604095459
0.0,nan,nan,3.320600986480713,00000_001841_04,1.0,6.397395133972168,5.468114376068115,-0.9999480843544006,coef_energy_material_checkpoint_lambdas,0.0,4.1794352531433105,2.2170674800872803,33,R1,3.3878744542598724,3.3878744542598724
0.0,nan,nan,0.27322471141815186,00000_001841_04,3.0,0.2760045826435089,0.03907426819205284,0.6984375715255737,coef_energy_material_checkpoint_lambdas,0.0,4.18713903427124,2.249871253967285,51,R1,4.208408921957016,4.208408921957016
0.0,nan,nan,-0.019383229315280914,00000_001841_04,2.0,0.2825598418712616,0.260802298784256,-0.47225382924079895,coef_energy_material_checkpoint_lambdas,1.0,4.1557135581970215,2.2680892944335938,54,R1,3.88193741440773,4.210208624601364
0.0,nan,nan,0.042670838534832,00000_001841_04,4.0,0.0450437106192112,0.03591892123222351,0.9999852180480957,coef_energy_material_checkpoint_lambdas,0.0,4.166668891906738,2.2590363025665283,57,R1,3.995095908641815,2.228561520576477
0.0,nan,nan,2.864621162414551,00000_001841_04,5.0,6.792544841766357,5.316559314727783,0.9847594499588013,coef_energy_material_checkpoint_lambdas,0.0,4.141225814819336,2.280747652053833,60,R1,4.2559734582901,0.559814989566803
0.0,nan,nan,6.706591606140137,00000_001841_04,2.0,7.229497909545898,6.651107311248779,0.9955899715423584,coef_energy_material_checkpoint_lambdas,0.0,4.09120512008667,2.3119425773620605,63,R1,4.280086696147919,0.5776864886283875
0.0,nan,nan,1.671963095664978,00000_001841_04,5.0,1.700579047203064,0.31065821647644043,0.9781387448310852,coef_energy_material_checkpoint_lambdas,0.0,4.107843399047852,2.3054614067077637,66,R1,4.400083780288696,4.400083780288696
0.0,nan,nan,0.0003927319194190204,00000_001841_04,9.0,0.0006039204308763146,0.0004587826260831207,0.0,coef_energy_material_checkpoint_lambdas,0.0,4.128050804138184,2.306452751159668,69,R1,4.400000095367432,4.400000095367432
0.0,nan,nan,9.467742529523093e-06,00000_001841_04,10.0,1.5144029930524994e-05,1.1819623068731744e-05,0.0,coef_energy_material_checkpoint_lambdas,0.0,4.143475532531738,2.289700746536255,72,R1,4.400000095367432,4.400000095367432
0.0,nan,nan,2.0642174192175844e-08,00000_001841_04,13.0,2.9192444017667185e-08,2.0642174192175844e-08,0.0,coef_energy_material_checkpoint_lambdas,0.0,4.116817474365234,2.307774305343628,75,R1,4.400000095367432,4.400000095367432
0.0,nan,nan,-3.326240324841301e-11,00000_001841_04,16.0,4.704014261447398e-11,3.326240324841301e-11,0.0,coef_energy_material_checkpoint_lambdas,0.0,4.130502700805664,2.3043978214263916,78,R1,4.400000095367432,4.400000095367432
0.0,nan,nan,-5.3357793579561844e-14,00000_001841_04,16.0,6.834012929125485e-14,4.270034033391351e-14,0.0,coef_energy_material_checkpoint_lambdas,0.0,4.104645729064941,2.3289546966552734,81,R1,4.400000095367432,4.400000095367432
0.0,nan,nan,-3.6602563434459163e-17,00000_001841_04,16.0,4.298364312920758e-17,2.253544060187622e-17,0.0,coef_energy_material_checkpoint_lambdas,0.0,4.11566162109375,2.318418502807617,84,R1,4.400000095367432,4.400000095367432
0.0,nan,nan,-1.4903290478148025e-20,00000_001841_04,16.0,1.6663941180792877e-20,7.455085631875637e-21,0.0,coef_energy_material_checkpoint_lambdas,0.0,4.186967849731445,2.2635302543640137,87,R1,4.400000095367432,4.400000095367432
0.0,nan,nan,-4.437290132617994e-24,00000_001841_04,16.0,0.0,0.0,0.0,coef_energy_material_checkpoint_lambdas,0.0,4.321246147155762,2.216972827911377,90,R1,4.400000095367432,4.400000095367432
0.0,nan,nan,6.258977890014648,00000_001841_05,2.0,6.638861656188965,0.1206684485077858,0.9813382029533386,coef_energy_material_checkpoint_lambdas,0.0,4.173365592956543,2.19472599029541,0,R1,2.1117545664310455,1.8042965531349182
0.0,nan,nan,0.06134467571973801,00000_001841_05,3.0,0.06237780302762985,0.05462146922945976,0.32704463601112366,coef_energy_material_checkpoint_lambdas,0.0,4.179447174072266,2.191382884979248,3,R1,2.788014143705368,1.0561414957046509
0.0,nan,nan,0.5558696985244751,00000_001841_05,2.0,1.4458472728729248,0.5558696985244751,0.9446414113044739,coef_energy_material_checkpoint_lambdas,0.0,4.186378479003906,2.185481548309326,6,R1,2.234161376953125,0.26770496368408203
0.0,nan,nan,0.057125553488731384,00000_001841_05,2.0,0.36878955364227295,0.36433830857276917,0.1828896403312683,coef_energy_material_checkpoint_lambdas,0.0,4.157853603363037,2.2582194805145264,45,R1,4.400806188583374,4.400806188583374
0.0,nan,nan,0.015389766544103622,00000_001841_05,2.0,0.01625935733318329,0.012941042892634869,0.7522881627082825,coef_energy_material_checkpoint_lambdas,0.0,4.173162937164307,2.2657339572906494,48,R1,3.9593109488487244,4.4371432065963745
0.0,nan,nan,0.028968580067157745,00000_001841_05,3.0,0.031082239001989365,0.02845027856528759,0.9999971389770508,coef_energy_material_checkpoint_lambdas,1.0,4.1669230461120605,2.267097234725952,51,R1,4.149926662445068,4.398588716983795
0.0,nan,nan,0.048874400556087494,00000_001841_05,4.0,0.09417042881250381,0.07971282303333282,0.9977463483810425,coef_energy_material_checkpoint_lambdas,0.0,4.125661373138428,2.287454843521118,54,R1,4.0892632603645325,3.309579312801361
0.0,nan,nan,6.551881790161133,00000_001841_05,2.0,6.571825981140137,6.377446174621582,0.9824788570404053,coef_energy_material_checkpoint_lambdas,0.0,4.0851263999938965,2.3186638355255127,57,R1,4.221858114004135,0.5656129121780396
0.0,nan,nan,3.782500743865967,00000_001841_05,1.0,4.29992151260376,2.044997453689575,0.9871022701263428,coef_energy_material_checkpoint_lambdas,0.0,4.11176061630249,2.294269561767578,60,R1,4.402193546295166,4.402193546295166
0.0,nan,nan,0.00920263770967722,00000_001841_05,7.0,0.016858262941241264,0.01412489078938961,0.9990265369415283,coef_energy_material_checkpoint_lambdas,0.0,4.13026237487793,2.301774263381958,63,R1,4.400000095367432,4.400000095367432
0.0,nan,nan,0.0006269759032875299,00000_001841_05,10.0,0.0010426986264064908,0.0008331395802088082,0.5183903574943542,coef_energy_material_checkpoint_lambdas,0.0,4.2255353927612305,2.2284443378448486,66,R1,4.400000095367432,4.400000095367432
0.0,nan,nan,1.5098572703209356e-06,00000_001841_05,13.0,2.1352607291191816e-06,1.607774650176294e-13,0.0,coef_energy_material_checkpoint_lambdas,0.0,4.3303303718566895,2.197702169418335,69,R1,4.400000095367432,4.400000095367432
0.0,nan,nan,-0.023253129795193672,00000_001841_06,4.0,0.04798528924584389,0.0419747531414032,-0.9524487853050232,coef_energy_material_checkpoint_lambdas,0.0,4.2120537757873535,2.2419798374176025,0,R2,3.1151027381420135,3.1151027381420135
0.0,nan,nan,0.3648480176925659,00000_001841_06,3.0,0.5282434225082397,0.012131094932556152,0.9268332719802856,coef_energy_material_checkpoint_lambdas,0.0,4.202550888061523,2.234898328781128,3,R2,2.504961997270584,1.7754874527454376
0.0,nan,nan,4.110219478607178,00000_001841_06,3.0,4.120057106018066,4.110219478607178,0.06791695207357407,coef_energy_material_checkpoint_lambdas,0.0,4.205871105194092,2.2292520999908447,6,R2,2.091307520866394,0.7675826251506805
0.0,nan,nan,2.5980803966522217,00000_001841_06,2.0,5.011424541473389,2.6710503101348877,0.9995301365852356,coef_energy_material_checkpoint_lambdas,0.0,4.194268703460693,2.237316846847534,9,R2,2.8205626606941223,0.30379748344421387
0.0,nan,nan,0.7280296087265015,00000_001841_06,1.0,3.534172773361206,3.458373785018921,-0.648232102394104,coef_energy_material_checkpoint_lambdas,0.0,4.194733619689941,2.2289958000183105,33,R2,3.5165127217769623,3.5165127217769623
0.0,nan,nan,5.13140869140625,00000_001841_06,2.0,6.7207536697387695,4.340181350708008,0.03511577472090721,coef_energy_material_checkpoint_lambdas,0.0,4.177005767822266,2.259901523590088,42,R2,3.5165127217769623,0.5196267366409302
0.0,nan,nan,1.8505430221557617,00000_001841_06,2.0,4.950704097747803,4.941391468048096,0.19874686002731323,coef_energy_material_checkpoint_lambdas,0.0,4.119781494140625,2.2778658866882324,48,R2,4.3893963098526,4.398998916149139
0.0,nan,nan,0.15959426760673523,00000_001841_06,2.0,0.16914412379264832,0.13368605077266693,0.8759190440177917,coef_energy_material_checkpoint_lambdas,0.0,4.12462043762207,2.273768424987793,51,R2,3.9095526933670044,4.4075868129730225
0.0,nan,nan,0.2453935444355011,00000_001841_06,3.0,0.2476799637079239,0.22218304872512817,0.9939140677452087,coef_energy_material_checkpoint_lambdas,0.0,4.2159929275512695,2.226813554763794,54,R2,4.080994337797165,2.2075693011283875
0.0,nan,nan,1.6575499773025513,00000_001841_06,5.0,4.020243167877197,1.417807936668396,0.993278443813324,coef_energy_material_checkpoint_lambdas,0.0,4.318734169006348,2.179417371749878,57,R2,4.151177078485489,0.584976315498352
0.0,nan,nan,0.10337017476558685,00000_001841_07,5.0,0.22090622782707214,0.21114115417003632,0.9236493706703186,coef_energy_material_checkpoint_lambdas,1.0,4.220231533050537,2.2496864795684814,0,R2,3.7091888785362244,4.225434631109238
0.0,nan,nan,-0.0012168155517429113,00000_001841_07,4.0,0.003447488648816943,0.003225606633350253,-0.14229336380958557,coef_energy_material_checkpoint_lambdas,0.0,4.210264205932617,2.237081289291382,3,R2,3.4129200875759125,3.4129200875759125
0.0,nan,nan,0.29648321866989136,00000_001841_07,4.0,0.3360874652862549,0.27416107058525085,0.08727268874645233,coef_energy_material_checkpoint_lambdas,0.0,4.208444595336914,2.236938714981079,6,R2,2.5851047933101654,2.2852623760700226
0.0,nan,nan,2.2390010356903076,00000_001841_07,3.0,2.3066487312316895,2.2390010356903076,-0.4351208508014679,coef_energy_material_checkpoint_lambdas,0.0,4.19699764251709,2.2174737453460693,9,R2,2.366063177585602,1.0324983298778534
0.0,nan,nan,1.0577794313430786,00000_001841_07,3.0,1.1108227968215942,0.7944294810295105,0.9649949073791504,coef_energy_material_checkpoint_lambdas,0.0,4.207063674926758,2.227895498275757,12,R2,2.1117545664310455,0.2622612714767456
0.0,nan,nan,3.3267879486083984,00000_001841_07,1.0,6.409324645996094,5.47831392288208,-0.9999480247497559,coef_energy_material_checkpoint_lambdas,0.0,4.187614440917969,2.228982925415039,36,R2,3.3878744542598724,3.3878744542598724
0.0,nan,nan,1.8827576637268066,00000_001841_07,1.0,2.3437750339508057,2.3183529376983643,0.9545075297355652,coef_energy_material_checkpoint_lambdas,0.0,4.126823902130127,2.31745982170105,45,R2,3.3878744542598724,1.8003786206245422
0.0,nan,nan,1.388078212738037,00000_001841_07,1.0,1.3893134593963623,0.058573201298713684,0.9107313752174377,coef_energy_material_checkpoint_lambdas,0.0,4.2189412117004395,2.2555925846099854,57,R2,4.403324246406555,4.403324246406555
0.0,nan,nan,2.4765584468841553,00000_001841_07,6.0,2.607889175415039,2.5805444717407227,0.9984839558601379,coef_energy_material_checkpoint_lambdas,0.0,4.2278523445129395,2.249457836151123,60,R2,4.400025129318237,4.403462648391724
0.0,nan,nan,2.5906853675842285,00000_001841_07,8.0,2.7624917030334473,2.510017156600952,0.9999037981033325,coef_energy_material_checkpoint_lambdas,0.0,4.214552402496338,2.2636241912841797,63,R2,4.400007128715515,4.400171875953674
0.0,nan,nan,0.060362834483385086,00000_001841_07,9.0,0.06843173503875732,0.060362834483385086,0.9929340481758118,coef_energy_material_checkpoint_lambdas,0.0,4.214929580688477,2.259280204772949,66,R2,4.400000095367432,4.401540100574493
0.0,nan,nan,0.020915938541293144,00000_001841_07,7.0,0.020959267392754555,0.020915938541293144,0.998188316822052,coef_energy_material_checkpoint_lambdas,0.0,4.2314839363098145,2.2622601985931396,69,R2,4.400000095367432,3.307925045490265
0.0,nan,nan,0.0169526394456625,00000_001841_07,5.0,0.037759166210889816,0.011870194226503372,0.9545873403549194,coef_energy_material_checkpoint_lambdas,0.0,4.315958023071289,2.2136001586914062,72,R2,4.400000095367432,1.6579214930534363
0.0,nan,nan,8.155341148376465,00000_001843_00,1.0,8.172974586486816,8.155342102050781,0.9188566207885742,coef_energy_material_checkpoint_lambdas,0.0,4.1640849113464355,2.2989697456359863,0,R1,3.0165843963623047,0.4717489778995514
0.0,nan,nan,3.7495408058166504,00000_001843_00,2.0,7.640403747558594,7.3585920333862305,0.9627566933631897,coef_energy_material_checkpoint_lambdas,0.0,4.182158946990967,2.2743523120880127,3,R1,4.339046627283096,0.5413334369659424
0.0,nan,nan,6.820486068725586,00000_001843_00,1.0,7.24800443649292,6.556959629058838,0.4241621196269989,coef_energy_material_checkpoint_lambdas,0.0,4.187051773071289,2.2635960578918457,6,R1,4.372542858123779,0.5750437378883362
0.0,nan,nan,7.115509510040283,00000_001843_00,2.0,7.1160888671875,5.095615863800049,0.5231091976165771,coef_energy_material_checkpoint_lambdas,0.0,4.194969177246094,2.2314324378967285,9,R1,2.4475817382335663,0.6775279343128204
0.0,nan,nan,6.005220413208008,00000_001843_00,2.0,7.9868927001953125,7.726132869720459,0.944841742515564,coef_energy_material_checkpoint_lambdas,0.0,4.195506572723389,2.2270216941833496,12,R1,2.0432803332805634,0.28020814061164856
0.0,nan,nan,1.3934861421585083,00000_001843_00,1.0,1.4770174026489258,1.3315925598144531,0.8870443105697632,coef_energy_material_checkpoint_lambdas,0.0,4.188899993896484,2.2238621711730957,15,R1,2.1933094561100006,0.2668231427669525
0.0,nan,nan,4.099508285522461,00000_001843_00,1.0,6.683421611785889,5.278461456298828,-0.4796481430530548,coef_energy_material_checkpoint_lambdas,0.0,4.191035270690918,2.2431392669677734,48,R1,4.1336725652217865,4.1336725652217865
0.0,nan,nan,-0.08028680831193924,00000_001843_00,2.0,0.16533079743385315,0.1445278525352478,0.9958536028862,coef_energy_material_checkpoint_lambdas,0.0,4.190434455871582,2.2422478199005127,51,R1,3.8854470551013947,3.8854470551013947
0.0,nan,nan,-0.011348843574523926,00000_001843_00,2.0,0.3685498535633087,0.36837509274482727,0.9997518062591553,coef_energy_material_checkpoint_lambdas,0.0,4.173730850219727,2.2501399517059326,54,R1,3.752807140350342,3.752807140350342
0.0,nan,nan,0.5171788334846497,00000_001843_00,3.0,0.5243299007415771,0.3046763837337494,0.8525358438491821,coef_energy_material_checkpoint_lambdas,1.0,4.121119499206543,2.2840468883514404,57,R1,4.015956819057465,4.219043612480164
0.0,nan,nan,0.16947802901268005,00000_001843_00,4.0,0.28518733382225037,0.22936654090881348,0.740898072719574,coef_energy_material_checkpoint_lambdas,0.0,4.161285400390625,2.264206647872925,60,R1,3.977456510066986,3.881327748298645
0.0,nan,nan,0.06961068511009216,00000_001843_00,4.0,0.11932408809661865,0.11395483464002609,0.9944772720336914,coef_energy_material_checkpoint_lambdas,0.0,4.162015914916992,2.269702434539795,63,R1,4.079174727201462,1.6809569597244263
0.0,nan,nan,4.634438514709473,00000_001843_00,2.0,5.787135124206543,3.4659643173217773,0.9993073344230652,coef_energy_material_checkpoint_lambdas,0.0,4.125349521636963,2.2982664108276367,66,R1,4.363899111747742,0.5865525603294373
0.0,nan,nan,5.879123687744141,00000_001843_00,4.0,6.576955318450928,4.656108379364014,0.9994179010391235,coef_energy_material_checkpoint_lambdas,0.0,4.124205589294434,2.306556463241577,69,R1,4.400842666625977,4.401052176952362
0.0,nan,nan,0.00046472717076539993,00000_001843_00,11.0,0.0010117951314896345,0.0003069029771722853,0.48983973264694214,coef_energy_material_checkpoint_lambdas,0.0,4.113846778869629,2.3172152042388916,72,R1,4.400000095367432,4.400000095367432
0.0,nan,nan,3.328576525518656e-09,00000_001843_00,14.0,7.302451976443081e-09,2.2423383150282916e-09,0.0,coef_energy_material_checkpoint_lambdas,0.0,4.0945820808410645,2.3320136070251465,75,R1,4.400000095367432,4.400000095367432
0.0,nan,nan,-1.8125925700706105e-14,00000_001843_00,16.0,3.37470970493501e-14,7.311589247732068e-15,0.0,coef_energy_material_checkpoint_lambdas,0.0,4.06759786605835,2.3517353534698486,78,R1,4.400000095367432,4.400000095367432
0.0,nan,nan,-7.617988352201585e-20,00000_001843_00,16.0,1.310411642341293e-19,1.0662275377747271e-19,0.0,coef_energy_material_checkpoint_lambdas,0.0,4.23124885559082,2.239107847213745,81,R1,4.400000095367432,4.400000095367432
0.0,nan,nan,0.3378960192203522,00000_001843_01,5.0,0.3932671546936035,0.3922070860862732,0.9938225746154785,coef_energy_material_checkpoint_lambdas,1.0,4.209955215454102,2.246664524078369,0,R1,3.784939855337143,4.227732956409454
0.0,nan,nan,-0.01967686042189598,00000_001843_01,5.0,0.02872680127620697,0.020929651334881783,0.9699403643608093,coef_energy_material_checkpoint_lambdas,0.0,4.2001423835754395,2.2229883670806885,3,R1,3.4147717356681824,3.4147717356681824
0.0,nan,nan,1.9169163703918457,00000_001843_01,5.0,3.8941071033477783,3.8890364170074463,-0.175603985786438,coef_energy_material_checkpoint_lambdas,0.0,4.199543476104736,2.219949245452881,6,R1,2.5666616559028625,2.2855114340782166
0.0,nan,nan,3.0624358654022217,00000_001843_01,2.0,6.635910511016846,5.371873378753662,-0.3037645220756531,coef_energy_material_checkpoint_lambdas,0.0,4.195476055145264,2.228079319000244,9,R1,2.126839369535446,0.28458648920059204
0.0,nan,nan,4.852505207061768,00000_001843_01,2.0,5.364572525024414,4.852505207061768,0.983622670173645,coef_energy_material_checkpoint_lambdas,0.0,4.195448875427246,2.235142946243286,12,R1,2.078203499317169,0.5292025804519653
0.0,nan,nan,5.760857105255127,00000_001843_01,4.0,7.844466686248779,6.872818470001221,0.9965242743492126,coef_energy_material_checkpoint_lambdas,0.0,4.155534744262695,2.254086971282959,57,R1,4.181513786315918,0.5888637900352478
0.0,nan,nan,0.3378960192203522,00000_001843_02,5.0,0.3932671546936035,0.3922070860862732,0.9938225746154785,coef_energy_material_checkpoint_lambdas,1.0,4.209955215454102,2.246664524078369,0,R1,3.784939855337143,4.227732956409454
0.0,nan,nan,-0.01970609836280346,00000_001843_02,5.0,0.028773348778486252,0.020966049283742905,0.9699710607528687,coef_energy_material_checkpoint_lambdas,0.0,4.204833030700684,2.2356910705566406,3,R1,3.4147717356681824,3.4147717356681824
0.0,nan,nan,1.9201617240905762,00000_001843_02,5.0,3.8991801738739014,3.8940589427948,-0.1753869652748108,coef_energy_material_checkpoint_lambdas,0.0,4.205179691314697,2.2324328422546387,6,R1,2.5666616559028625,2.2855114340782166
0.0,nan,nan,1.7692302465438843,00000_001843_02,3.0,2.328432321548462,2.2594146728515625,-0.4169241487979889,coef_energy_material_checkpoint_lambdas,0.0,4.205294609069824,2.21454119682312,9,R1,2.172130733728409,1.0330322980880737
0.0,nan,nan,0.8060920834541321,00000_001843_02,4.0,1.1230194568634033,0.8060920834541321,0.9624143838882446,coef_energy_material_checkpoint_lambdas,0.0,4.206078052520752,2.223607063293457,12,R1,2.109518378973007,0.2626326382160187
0.0,nan,nan,-0.13539274036884308,00000_001843_02,1.0,0.39341452717781067,0.16545608639717102,0.9920022487640381,coef_energy_material_checkpoint_lambdas,0.0,4.137935161590576,2.288767099380493,36,R1,3.4002332985401154,2.0342777967453003
0.0,nan,nan,2.3166027069091797,00000_001843_02,1.0,4.858367919921875,3.981854200363159,0.9994375109672546,coef_energy_material_checkpoint_lambdas,0.0,4.219139099121094,2.250821828842163,51,R1,4.4023977518081665,0.5783907175064087
0.0,nan,nan,6.1356048583984375,00000_001843_02,3.0,6.13571310043335,6.1356048583984375,0.9931981563568115,coef_energy_material_checkpoint_lambdas,0.0,4.231670379638672,2.2431511878967285,54,R1,4.401149690151215,0.5681762099266052
0.0,nan,nan,6.034570217132568,00000_001843_02,5.0,6.72991943359375,6.729833126068115,0.9874910712242126,coef_energy_material_checkpoint_lambdas,0.0,4.232370376586914,2.2391765117645264,57,R1,4.400922000408173,0.5617669820785522
0.0,nan,nan,6.896719932556152,00000_001843_02,7.0,6.94087553024292,5.42943811416626,0.990724503993988,coef_energy_material_checkpoint_lambdas,0.0,4.230299472808838,2.244777202606201,60,R1,4.400216221809387,4.401426076889038
0.0,nan,nan,0.06276553869247437,00000_001843_02,9.0,0.06282144039869308,0.04625549539923668,0.9906571507453918,coef_energy_material_checkpoint_lambdas,0.0,4.230494976043701,2.2403159141540527,63,R1,4.400000095367432,4.400009453296661
0.0,nan,nan,0.01415017619729042,00000_001843_02,9.0,0.014597257599234581,0.01415017619729042,0.9943230748176575,coef_energy_material_checkpoint_lambdas,0.0,4.304934501647949,2.1983795166015625,66,R1,4.400000095367432,4.401994407176971
0.0,nan,nan,1.6873283386230469,00000_001843_03,3.0,1.7978081703186035,1.631890892982483,0.17001701891422272,coef_energy_material_checkpoint_lambdas,0.0,4.194700717926025,2.232255220413208,6,R2,2.1633664667606354,0.30162036418914795
0.0,nan,nan,7.8540730476379395,00000_001843_03,1.0,8.14565372467041,7.8540730476379395,0.9934688806533813,coef_energy_material_checkpoint_lambdas,0.0,4.196789264678955,2.234755277633667,9,R2,2.0921203196048737,0.26820337772369385
0.0,nan,nan,2.0809166431427,00000_001843_03,1.0,2.8989696502685547,0.8746693134307861,0.8617645502090454,coef_energy_material_checkpoint_lambdas,0.0,4.191348075866699,2.2344233989715576,12,R2,2.458032250404358,0.273321270942688
0.0,nan,nan,3.9266159534454346,00000_001843_03,1.0,8.11833381652832,7.800929069519043,0.9994658827781677,coef_energy_material_checkpoint_lambdas,0.0,4.193149089813232,2.2228634357452393,33,R2,3.7057913839817047,0.4396612346172333
0.0,nan,nan,4.735376358032227,00000_001843_03,1.0,6.470432758331299,6.466325283050537,-0.41143909096717834,coef_energy_material_checkpoint_lambdas,0.0,4.175503730773926,2.233187675476074,45,R2,4.294641494750977,1.6251121759414673
0.0,nan,nan,7.419539451599121,00000_001843_03,2.0,7.41985559463501,7.060432434082031,0.9789565801620483,coef_energy_material_checkpoint_lambdas,0.0,4.162844657897949,2.2547378540039062,51,R2,4.079236835241318,0.5752513408660889
0.0,nan,nan,6.733251571655273,00000_001843_03,2.0,7.929780960083008,7.895622253417969,0.9816707968711853,coef_energy_material_checkpoint_lambdas,0.0,4.176304817199707,2.2488861083984375,54,R2,4.274060398340225,0.5683011412620544
0.0,nan,nan,6.813220977783203,00000_001843_03,1.0,7.793681621551514,7.493631839752197,0.9999498724937439,coef_energy_material_checkpoint_lambdas,0.0,4.157660007476807,2.258861541748047,57,R2,4.40262097120285,0.5725771188735962
0.0,nan,nan,2.633779287338257,00000_001843_03,6.0,2.809577465057373,0.978229284286499,0.9970664381980896,coef_energy_material_checkpoint_lambdas,0.0,4.309481620788574,2.204744815826416,66,R2,4.400006651878357,4.400006651878357
0.0,nan,nan,4.504956245422363,00000_001843_04,3.0,6.970332622528076,5.318919658660889,0.7376383543014526,coef_energy_material_checkpoint_lambdas,0.0,4.210206985473633,2.2255308628082275,3,R1,2.1998210847377777,2.1998210847377777
0.0,nan,nan,-0.07100854814052582,00000_001843_04,2.0,0.3726896643638611,0.2954813838005066,0.9981948137283325,coef_energy_material_checkpoint_lambdas,0.0,4.198795795440674,2.2103331089019775,6,R1,3.6729498207569122,1.813792198896408
0.0,nan,nan,0.06529705226421356,00000_001843_04,1.0,0.08861376345157623,0.08278302103281021,0.8803150057792664,coef_energy_material_checkpoint_lambdas,0.0,4.191641330718994,2.1919288635253906,9,R1,3.061539441347122,1.0296811163425446
0.0,nan,nan,-0.07282331585884094,00000_001843_04,1.0,0.3031996786594391,0.2943243384361267,0.2792510688304901,coef_energy_material_checkpoint_lambdas,0.0,4.19474983215332,2.248180389404297,45,R1,4.065983384847641,4.065983384847641
0.0,nan,nan,0.00796918012201786,00000_001843_04,2.0,0.48626986145973206,0.4862045645713806,0.9980645179748535,coef_energy_material_checkpoint_lambdas,0.0,4.186984062194824,2.2591004371643066,48,R1,3.7438241243362427,3.7438241243362427
0.0,nan,nan,-0.7383643984794617,00000_001843_04,3.0,2.025832414627075,1.8864822387695312,-0.9311864972114563,coef_energy_material_checkpoint_lambdas,0.0,4.19273567199707,2.2637925148010254,51,R1,3.791042745113373,3.791042745113373
0.0,nan,nan,0.1994066834449768,00000_001843_04,4.0,4.087146759033203,4.082279682159424,-0.4170605540275574,coef_energy_material_checkpoint_lambdas,0.0,4.1858439445495605,2.2604923248291016,54,R1,4.065983384847641,4.154947191476822
0.0,nan,nan,-1.060791015625,00000_001843_04,5.0,2.6237685680389404,2.3997673988342285,-0.21891562640666962,coef_energy_material_checkpoint_lambdas,1.0,4.185369491577148,2.2664034366607666,57,R1,3.7438241243362427,4.011228501796722
0.0,nan,nan,-0.020403865724802017,00000_001843_04,3.0,0.042794425040483475,0.03761708363890648,0.9967194199562073,coef_energy_material_checkpoint_lambdas,1.0,4.180279731750488,2.2870004177093506,60,R1,3.9650879502296448,4.219036489725113
0.0,nan,nan,0.7693650722503662,00000_001843_04,5.0,0.7993214726448059,0.7693650722503662,0.9720317721366882,coef_energy_material_checkpoint_lambdas,1.0,4.159186363220215,2.2944607734680176,63,R1,3.72652667760849,4.264341205358505
0.0,nan,nan,0.2891649007797241,00000_001843_04,6.0,0.2987349033355713,0.19640763103961945,0.9998388290405273,coef_energy_material_checkpoint_lambdas,1.0,4.151913642883301,2.3083314895629883,66,R1,3.560187190771103,4.395582437515259
0.0,nan,nan,-0.03506169840693474,00000_001843_04,6.0,0.16336216032505035,0.158390611410141,0.8145656585693359,coef_energy_material_checkpoint_lambdas,1.0,4.136837482452393,2.3243846893310547,69,R1,3.8004539012908936,4.400335848331451
0.0,nan,nan,-0.0005890940083190799,00000_001843_04,6.0,0.4047491252422333,0.40474870800971985,0.9974455237388611,coef_energy_material_checkpoint_lambdas,1.0,4.182184219360352,2.280423879623413,72,R1,4.264341205358505,4.400244414806366
0.0,nan,nan,0.02268574945628643,00000_001843_04,7.0,0.2500641644001007,0.24903300404548645,0.9936345219612122,coef_energy_material_checkpoint_lambdas,0.0,4.310530185699463,2.1986911296844482,75,R1,4.395582437515259,4.4021115899086
0.0,nan,nan,8.108501434326172,00000_001843_05,1.0,8.126653671264648,8.108501434326172,0.9193098545074463,coef_energy_material_checkpoint_lambdas,0.0,4.129390239715576,2.3259081840515137,0,R1,3.0165843963623047,0.4717489778995514
0.0,nan,nan,3.7495408058166504,00000_001843_05,2.0,7.640403747558594,6.657079696655273,0.9627566933631897,coef_energy_material_checkpoint_lambdas,0.0,4.182158946990967,2.2743523120880127,3,R1,4.339046627283096,4.339046627283096
0.0,nan,nan,0.0020869970321655273,00000_001843_05,4.0,2.717195987701416,1.9228228330612183,0.9993269443511963,coef_energy_material_checkpoint_lambdas,0.0,4.1980462074279785,2.2428717613220215,6,R1,3.382783204317093,0.5544120669364929
0.0,nan,nan,7.115509510040283,00000_001843_05,2.0,7.1160888671875,5.095615863800049,0.5231091976165771,coef_energy_material_checkpoint_lambdas,0.0,4.194969177246094,2.2314324378967285,9,R1,2.4475817382335663,0.6775279343128204
0.0,nan,nan,6.0026445388793945,00000_001843_05,2.0,7.983386516571045,7.722764492034912,0.9448454976081848,coef_energy_material_checkpoint_lambdas,0.0,4.1935272216796875,2.2272095680236816,12,R1,2.0432803332805634,0.28020814061164856
0.0,nan,nan,1.3934534788131714,00000_001843_05,1.0,1.476864218711853,1.3313082456588745,0.8869386911392212,coef_energy_material_checkpoint_lambdas,0.0,4.190305233001709,2.218120574951172,15,R1,2.1933094561100006,0.2668231427669525
0.0,nan,nan,4.095273494720459,00000_001843_05,1.0,6.676118850708008,5.272503852844238,-0.4796887934207916,coef_energy_material_checkpoint_lambdas,0.0,4.186349868774414,2.2337498664855957,48,R1,4.1336725652217865,4.1336725652217865
0.0,nan,nan,-0.08035066723823547,00000_001843_05,2.0,0.16532036662101746,0.14448042213916779,0.9958968758583069,coef_energy_material_checkpoint_lambdas,0.0,4.168291091918945,2.2431399822235107,51,R1,3.8854470551013947,3.8854470551013947
0.0,nan,nan,0.941603422164917,00000_001843_05,2.0,2.3680381774902344,2.2022039890289307,0.9674043655395508,coef_energy_material_checkpoint_lambdas,0.0,4.124784469604492,2.2754974365234375,54,R1,3.9530306458473206,3.868726968765259
0.0,nan,nan,0.6005020141601562,00000_001843_05,4.0,2.742647647857666,2.676100492477417,0.9997736811637878,coef_energy_material_checkpoint_lambdas,0.0,4.171172618865967,2.255401611328125,57,R1,4.233508259057999,1.6736817955970764
0.0,nan,nan,7.662256717681885,00000_001843_05,1.0,7.662264347076416,5.410552978515625,0.9998345971107483,coef_energy_material_checkpoint_lambdas,0.0,4.175339698791504,2.268462657928467,60,R1,4.400840759277344,0.5577148199081421
0.0,nan,nan,0.06986180692911148,00000_001843_05,4.0,0.11975684016942978,0.10598579049110413,0.994475781917572,coef_energy_material_checkpoint_lambdas,0.0,4.177656650543213,2.2684199810028076,63,R1,4.079174727201462,2.2092121839523315
0.0,nan,nan,4.692918300628662,00000_001843_05,2.0,5.860058784484863,3.5095295906066895,0.9993063807487488,coef_energy_material_checkpoint_lambdas,0.0,4.179941654205322,2.281362771987915,66,R1,4.363899111747742,0.5865525603294373
0.0,nan,nan,0.9566642045974731,00000_001843_05,3.0,1.8255397081375122,0.9628180265426636,0.9962775111198425,coef_energy_material_checkpoint_lambdas,0.0,4.172599792480469,2.2981157302856445,69,R1,4.4002867341041565,4.402114510536194
0.0,nan,nan,3.935767412185669,00000_001843_05,7.0,3.935767412185669,3.935767412185669,0.9999995231628418,coef_energy_material_checkpoint_lambdas,0.0,4.162142276763916,2.3034260272979736,72,R1,4.400024116039276,4.400599360466003
0.0,nan,nan,0.06836190819740295,00000_001843_05,11.0,0.06836190819740295,0.04833923652768135,1.0,coef_energy_material_checkpoint_lambdas,0.0,4.148618698120117,2.3197858333587646,75,R1,4.400000095367432,4.400000333786011
0.0,nan,nan,4.4157583033666015e-05,00000_001843_05,14.0,8.562204311601818e-05,4.4157583033666015e-05,0.0,coef_energy_material_checkpoint_lambdas,0.0,4.215111255645752,2.255181074142456,78,R1,4.400000095367432,4.400000095367432
0.0,nan,nan,1.102778401929072e-08,00000_001843_05,15.0,2.3135852345035346e-08,6.583688261230236e-09,0.0,coef_energy_material_checkpoint_lambdas,0.0,4.3250041007995605,2.1944944858551025,81,R1,4.400000095367432,4.400000095367432
0.0,nan,nan,7.002930164337158,00000_001843_06,1.0,7.134453773498535,6.873429775238037,-0.695855975151062,coef_energy_material_checkpoint_lambdas,0.0,4.205953598022461,2.231130361557007,3,R2,4.256367862224579,0.3512139916419983
0.0,nan,nan,2.0463314056396484,00000_001843_06,4.0,2.8630316257476807,2.0023679733276367,0.9893250465393066,coef_energy_material_checkpoint_lambdas,0.0,4.20610237121582,2.2227706909179688,6,R2,2.1445659697055817,2.1445659697055817
0.0,nan,nan,-0.04307743161916733,00000_001843_06,2.0,0.25842374563217163,0.20864248275756836,0.9999999403953552,coef_energy_material_checkpoint_lambdas,0.0,4.207121849060059,2.221644163131714,9,R2,3.505935460329056,1.5435618460178375
0.0,nan,nan,0.33116063475608826,00000_001843_06,1.0,0.4699438810348511,0.1501350998878479,-0.3330361247062683,coef_energy_material_checkpoint_lambdas,0.0,4.204554557800293,2.204378604888916,12,R2,2.794172465801239,0.7745708525180817
0.0,nan,nan,2.338047742843628,00000_001843_06,1.0,3.419677495956421,3.417863607406616,0.9659886360168457,coef_energy_material_checkpoint_lambdas,0.0,4.189990043640137,2.1852896213531494,15,R2,2.1445659697055817,2.2439059615135193
0.0,nan,nan,4.098630905151367,00000_001843_06,1.0,6.681913375854492,5.277233123779297,-0.47965607047080994,coef_energy_material_checkpoint_lambdas,0.0,4.19006872177124,2.2412734031677246,45,R2,4.1336725652217865,4.1336725652217865
0.0,nan,nan,-0.08065016567707062,00000_001843_06,2.0,0.16600388288497925,0.14509597420692444,0.9958764910697937,coef_energy_material_checkpoint_lambdas,0.0,4.195911884307861,2.2519237995147705,48,R2,3.8854470551013947,3.8854470551013947
0.0,nan,nan,-0.01140577532351017,00000_001843_06,2.0,0.36998409032821655,0.36980825662612915,0.9997509717941284,coef_energy_material_checkpoint_lambdas,0.0,4.196463584899902,2.258352756500244,51,R2,3.752807140350342,3.752807140350342
0.0,nan,nan,-0.001658797264099121,00000_001843_06,4.0,3.885913610458374,3.885913133621216,-0.29464656114578247,coef_energy_material_checkpoint_lambdas,0.0,4.186164855957031,2.2508320808410645,54,R2,3.8584470748901367,3.8584470748901367
0.0,nan,nan,0.6465466618537903,00000_001843_06,3.0,4.155167579650879,3.3595383167266846,0.13728109002113342,coef_energy_material_checkpoint_lambdas,0.0,4.116533279418945,2.296750783920288,57,R2,3.8854470551013947,4.346284091472626
0.0,nan,nan,0.0005510573973879218,00000_001843_06,3.0,0.005002286750823259,0.001049455371685326,0.9877117872238159,coef_energy_material_checkpoint_lambdas,0.0,4.103346824645996,2.3064589500427246,60,R2,3.910833328962326,2.206727683544159
0.0,nan,nan,1.0720291137695312,00000_001843_06,2.0,5.846352577209473,5.747225284576416,0.9929252862930298,coef_energy_material_checkpoint_lambdas,0.0,4.171004772186279,2.2718629837036133,63,R2,4.24348446726799,0.5563855171203613
0.0,nan,nan,0.9600185751914978,00000_001843_06,3.0,1.831750750541687,0.965994656085968,0.9962719678878784,coef_energy_material_checkpoint_lambdas,0.0,4.189878463745117,2.272334337234497,66,R2,4.4002867341041565,4.402114510536194
0.0,nan,nan,4.05921745300293,00000_001843_06,7.0,4.05921745300293,4.05921745300293,0.9999995231628418,coef_energy_material_checkpoint_lambdas,0.0,4.295526504516602,2.204707622528076,69,R2,4.400024116039276,4.400599360466003
0.0,nan,nan,0.3378960192203522,00000_001843_07,5.0,0.3932671546936035,0.3922070860862732,0.9938225746154785,coef_energy_material_checkpoint_lambdas,1.0,4.209955215454102,2.246664524078369,0,R1,3.784939855337143,4.227732956409454
0.0,nan,nan,-0.01970609836280346,00000_001843_07,5.0,0.028773348778486252,0.020966049283742905,0.9699710607528687,coef_energy_material_checkpoint_lambdas,0.0,4.204833030700684,2.2356910705566406,3,R1,3.4147717356681824,3.4147717356681824
0.0,nan,nan,1.9201617240905762,00000_001843_07,5.0,3.8991801738739014,3.8940589427948,-0.1753869652748108,coef_energy_material_checkpoint_lambdas,0.0,4.205179691314697,2.2324328422546387,6,R1,2.5666616559028625,2.2855114340782166
0.0,nan,nan,1.7681200504302979,00000_001843_07,3.0,2.326601505279541,2.257742404937744,-0.4167553782463074,coef_energy_material_checkpoint_lambdas,0.0,4.202345848083496,2.2145774364471436,9,R1,2.172130733728409,1.0330322980880737
0.0,nan,nan,0.8061515688896179,00000_001843_07,4.0,1.1231050491333008,0.8061515688896179,0.9624137282371521,coef_energy_material_checkpoint_lambdas,0.0,4.206435203552246,2.223414659500122,12,R1,2.109518378973007,0.2626326382160187
0.0,nan,nan,-0.0736207664012909,00000_001843_07,1.0,0.30322515964508057,0.2941521406173706,0.28183236718177795,coef_energy_material_checkpoint_lambdas,0.0,4.191805839538574,2.2511277198791504,48,R1,4.065983384847641,4.065983384847641
0.0,nan,nan,0.007974294945597649,00000_001843_07,2.0,0.4862692654132843,0.4862038791179657,0.9980650544166565,coef_energy_material_checkpoint_lambdas,0.0,4.186270713806152,2.2593114376068115,51,R1,3.7438241243362427,3.7438241243362427
0.0,nan,nan,-0.7393121719360352,00000_001843_07,3.0,2.0270886421203613,1.8874599933624268,-0.9312809705734253,coef_energy_material_checkpoint_lambdas,0.0,4.192553520202637,2.252764940261841,54,R1,3.791042745113373,3.791042745113373
0.0,nan,nan,0.19937476515769958,00000_001843_07,4.0,4.089885234832764,4.085022449493408,-0.4170973300933838,coef_energy_material_checkpoint_lambdas,0.0,4.188570022583008,2.2601304054260254,57,R1,4.065983384847641,4.154947191476822
0.0,nan,nan,-0.15928570926189423,00000_001843_07,5.0,0.1832783818244934,0.1767374873161316,-0.12967626750469208,coef_energy_material_checkpoint_lambdas,1.0,4.175027847290039,2.2805681228637695,60,R1,3.7750611305236816,4.2451532781124115
0.0,nan,nan,-0.020403865724802017,00000_001843_07,3.0,0.042794425040483475,0.03761708363890648,0.9967194199562073,coef_energy_material_checkpoint_lambdas,1.0,4.180279731750488,2.2870004177093506,63,R1,3.9650879502296448,4.219036489725113
0.0,nan,nan,0.7693650722503662,00000_001843_07,5.0,0.7993214726448059,0.7693650722503662,0.9720317721366882,coef_energy_material_checkpoint_lambdas,1.0,4.159186363220215,2.2944607734680176,66,R1,3.72652667760849,4.264341205358505
0.0,nan,nan,0.2891649007797241,00000_001843_07,6.0,0.2987349033355713,0.19640763103961945,0.9998388290405273,coef_energy_material_checkpoint_lambdas,1.0,4.151913642883301,2.3083314895629883,69,R1,3.560187190771103,4.395582437515259
0.0,nan,nan,-0.03506169840693474,00000_001843_07,6.0,0.16336216032505035,0.158390611410141,0.8145656585693359,coef_energy_material_checkpoint_lambdas,1.0,4.136837482452393,2.3243846893310547,72,R1,3.8004539012908936,4.400335848331451
0.0,nan,nan,-0.0005890940083190799,00000_001843_07,6.0,0.4047491252422333,0.40474870800971985,0.9974455237388611,coef_energy_material_checkpoint_lambdas,1.0,4.182184219360352,2.280423879623413,75,R1,4.264341205358505,4.400244414806366
0.0,nan,nan,0.02268574945628643,00000_001843_07,7.0,0.2500641644001007,0.24903300404548645,0.9936345219612122,coef_energy_material_checkpoint_lambdas,0.0,4.310530185699463,2.1986911296844482,78,R1,4.395582437515259,4.4021115899086
0.0,nan,nan,3.655851364135742,00000_001844_00,2.0,7.902348041534424,7.538957595825195,0.8797955513000488,coef_energy_material_checkpoint_lambdas,0.0,4.204949855804443,2.214630603790283,3,R1,4.121436297893524,0.3193969130516052
0.0,nan,nan,-0.2526894807815552,00000_001844_00,2.0,0.9856886267662048,0.7391581535339355,0.9936193823814392,coef_energy_material_checkpoint_lambdas,0.0,4.206066131591797,2.209271192550659,6,R1,3.6775644421577454,1.8006892204284668
0.0,nan,nan,0.48312512040138245,00000_001844_00,2.0,0.6412156224250793,0.42160120606422424,0.7599054574966431,coef_energy_material_checkpoint_lambdas,0.0,4.189671993255615,2.1967997550964355,9,R1,2.65411639213562,0.5130377113819122
0.0,nan,nan,3.6637680530548096,00000_001844_00,1.0,4.039178371429443,1.70051908493042,0.9789831042289734,coef_energy_material_checkpoint_lambdas,0.0,4.192257404327393,2.253253698348999,51,R1,4.280224144458771,4.280224144458771
0.0,nan,nan,0.37215614318847656,00000_001844_00,4.0,0.43471255898475647,0.42201700806617737,0.9999311566352844,coef_energy_material_checkpoint_lambdas,1.0,4.136183738708496,2.2716901302337646,54,R1,3.43374902009964,4.377101242542267
0.0,nan,nan,0.17250019311904907,00000_001844_00,4.0,0.24549728631973267,0.1084098368883133,0.9934679865837097,coef_energy_material_checkpoint_lambdas,0.0,4.167502403259277,2.2684597969055176,57,R1,4.219793051481247,1.6577723622322083
0.0,nan,nan,3.8837227821350098,00000_001844_00,2.0,4.176565647125244,4.160787582397461,0.9943636059761047,coef_energy_material_checkpoint_lambdas,0.0,4.1601762771606445,2.2758405208587646,60,R1,4.339419990777969,0.5720508694648743
0.0,nan,nan,0.17046216130256653,00000_001844_00,10.0,0.2423466444015503,0.07784372568130493,0.9985633492469788,coef_energy_material_checkpoint_lambdas,0.0,4.129096508026123,2.2998409271240234,69,R1,4.400000095367432,4.400116860866547
0.0,nan,nan,3.482033889667946e-06,00000_001844_00,10.0,1.4628877579525579e-05,3.482033889667946e-06,0.0,coef_energy_material_checkpoint_lambdas,0.0,4.135672569274902,2.2990214824676514,72,R1,4.400000095367432,4.401877582073212
0.0,nan,nan,0.00041164644062519073,00000_001844_00,9.0,0.01004920806735754,0.006808821111917496,0.9999735355377197,coef_energy_material_checkpoint_lambdas,0.0,4.147525787353516,2.274850845336914,75,R1,4.400000095367432,4.401994109153748
0.0,nan,nan,2.618833065032959,00000_001844_00,10.0,2.754152774810791,2.454733371734619,0.9979519844055176,coef_energy_material_checkpoint_lambdas,0.0,4.289392948150635,2.21938419342041,78,R1,4.400006651878357,4.40139502286911
0.0,nan,nan,-0.37284907698631287,00000_001844_01,4.0,0.5717839598655701,0.43349790573120117,0.8859770894050598,coef_energy_material_checkpoint_lambdas,0.0,4.196308135986328,2.2436113357543945,0,R1,3.0440522730350494,3.0440522730350494
0.0,nan,nan,2.963125705718994,00000_001844_01,3.0,2.978334665298462,2.3078038692474365,0.5503633618354797,coef_energy_material_checkpoint_lambdas,0.0,4.195277690887451,2.2191379070281982,3,R1,2.358036458492279,1.723879486322403
0.0,nan,nan,4.135783672332764,00000_001844_01,3.0,4.151727199554443,4.135783672332764,0.31683778762817383,coef_energy_material_checkpoint_lambdas,0.0,4.187077522277832,2.2201552391052246,6,R1,2.2242040634155273,0.7672570645809174
0.0,nan,nan,5.869879722595215,00000_001844_01,2.0,6.958800315856934,5.968072414398193,0.994964599609375,coef_energy_material_checkpoint_lambdas,0.0,4.183570861816406,2.2317891120910645,33,R1,3.515389084815979,0.797319233417511
0.0,nan,nan,4.024625301361084,00000_001844_01,1.0,6.600844860076904,5.231973171234131,-0.6804500222206116,coef_energy_material_checkpoint_lambdas,0.0,4.181901931762695,2.227212905883789,42,R1,4.029987037181854,4.029987037181854
0.0,nan,nan,0.3388338088989258,00000_001844_01,1.0,0.5294428467750549,0.5154007077217102,0.9243459105491638,coef_energy_material_checkpoint_lambdas,0.0,4.172118186950684,2.2381515502929688,45,R1,3.867744565010071,2.904168128967285
0.0,nan,nan,0.8262040019035339,00000_001844_01,3.0,2.8610708713531494,1.9639784097671509,0.9830257296562195,coef_energy_material_checkpoint_lambdas,1.0,4.181642055511475,2.2564122676849365,51,R1,3.7460948526859283,4.385214030742645
0.0,nan,nan,0.0858873575925827,00000_001844_01,4.0,0.09139402210712433,0.031244652345776558,0.9989159107208252,coef_energy_material_checkpoint_lambdas,0.0,4.148355960845947,2.259286880493164,54,R1,3.686657428741455,2.2106805443763733
0.0,nan,nan,2.7835795879364014,00000_001844_01,4.0,3.9359514713287354,2.7835795879364014,0.9998652935028076,coef_energy_material_checkpoint_lambdas,0.0,4.160329341888428,2.2697978019714355,57,R1,4.240784794092178,0.5561514496803284
0.0,nan,nan,5.020870208740234,00000_001844_01,1.0,5.047141075134277,3.186636209487915,0.9444228410720825,coef_energy_material_checkpoint_lambdas,0.0,4.136431694030762,2.2848899364471436,60,R1,4.331690549850464,0.5919575095176697
0.0,nan,nan,5.810933589935303,00000_001844_01,5.0,6.4942522048950195,4.588491916656494,0.9995087385177612,coef_energy_material_checkpoint_lambdas,0.0,4.109711170196533,2.3224968910217285,66,R1,4.400828063488007,4.400968492031097
0.0,nan,nan,0.0006066634668968618,00000_001844_01,12.0,0.001008873339742422,0.0001410175464116037,0.5015749335289001,coef_energy_material_checkpoint_lambdas,0.0,4.0865960121154785,2.340083599090576,69,R1,4.400000095367432,4.400000095367432
0.0,nan,nan,0.0002913612115662545,00000_001844_01,12.0,0.00031405751360580325,0.0002889112802222371,0.0,coef_energy_material_checkpoint_lambdas,0.0,4.067777156829834,2.356229782104492,72,R1,4.400000095367432,4.400000095367432
0.0,nan,nan,0.0006203896482475102,00000_001844_01,14.0,0.0010317311389371753,0.0008243698976002634,0.5129381418228149,coef_energy_material_checkpoint_lambdas,0.0,4.180496692657471,2.2635631561279297,75,R1,4.400000095367432,4.400000095367432
0.0,nan,nan,0.0,00000_001844_01,13.0,0.021207310259342194,0.014995832927525043,1.0,coef_energy_material_checkpoint_lambdas,0.0,4.339810848236084,2.2113821506500244,78,R1,4.400000095367432,4.400000095367432
0.0,nan,nan,0.1538676917552948,00000_001844_02,2.0,0.42238420248031616,0.313539981842041,0.7886812686920166,coef_energy_material_checkpoint_lambdas,0.0,4.196543216705322,2.204789638519287,3,R1,2.6434941589832306,0.7938966155052185
0.0,nan,nan,6.809772968292236,00000_001844_02,3.0,7.165109157562256,5.094274044036865,0.9969999194145203,coef_energy_material_checkpoint_lambdas,0.0,4.186505317687988,2.186056613922119,6,R1,2.019913136959076,0.308871328830719
0.0,nan,nan,3.717221736907959,00000_001844_02,1.0,7.688872814178467,7.387728214263916,0.9342036843299866,coef_energy_material_checkpoint_lambdas,0.0,4.186591148376465,2.2284860610961914,27,R1,3.7921842634677887,0.4229600429534912
0.0,nan,nan,-0.17917166650295258,00000_001844_02,2.0,0.5092962980270386,0.5065364837646484,1.0,coef_energy_material_checkpoint_lambdas,0.0,4.195228099822998,2.2613515853881836,45,R1,3.811160385608673,0.891340583562851
0.0,nan,nan,4.087339401245117,00000_001844_02,1.0,7.778213024139404,7.569622039794922,0.6600104570388794,coef_energy_material_checkpoint_lambdas,0.0,4.1768927574157715,2.2875823974609375,48,R1,3.9318549036979675,0.3445698618888855
0.0,nan,nan,5.682636260986328,00000_001844_02,1.0,8.097999572753906,7.662829875946045,0.8709681034088135,coef_energy_material_checkpoint_lambdas,0.0,4.146827697753906,2.322971820831299,51,R1,4.339419990777969,0.5545750856399536
0.0,nan,nan,7.031810283660889,00000_001844_02,3.0,7.052217960357666,7.031810283660889,0.7467555403709412,coef_energy_material_checkpoint_lambdas,0.0,4.226949214935303,2.2526893615722656,54,R1,3.6744218170642853,0.40884169936180115
0.0,nan,nan,7.475754737854004,00000_001844_02,2.0,7.901939868927002,7.475754737854004,0.7033867835998535,coef_energy_material_checkpoint_lambdas,0.0,4.32179069519043,2.189671754837036,57,R1,3.60444638133049,0.5337304472923279
0.0,nan,nan,-0.37284907698631287,00000_001844_03,4.0,0.5717839598655701,0.43349790573120117,0.8859770894050598,coef_energy_material_checkpoint_lambdas,0.0,4.196308135986328,2.2436113357543945,0,R2,3.0440522730350494,3.0440522730350494
0.0,nan,nan,2.965627670288086,00000_001844_03,3.0,2.980499744415283,2.3072900772094727,0.5513336062431335,coef_energy_material_checkpoint_lambdas,0.0,4.195107936859131,2.2326838970184326,3,R2,2.358036458492279,1.723879486322403
0.0,nan,nan,4.139802932739258,00000_001844_03,3.0,4.155774116516113,4.139802932739258,0.3168060779571533,coef_energy_material_checkpoint_lambdas,0.0,4.191205978393555,2.2207348346710205,6,R2,2.2242040634155273,0.7672570645809174
0.0,nan,nan,2.5901541709899902,00000_001844_03,2.0,4.993688106536865,2.6603410243988037,0.9993539452552795,coef_energy_material_checkpoint_lambdas,0.0,4.1811137199401855,2.218343734741211,9,R2,2.5022527277469635,0.3038090467453003
0.0,nan,nan,5.86705207824707,00000_001844_03,2.0,6.955465793609619,5.965227127075195,0.9949649572372437,coef_energy_material_checkpoint_lambdas,0.0,4.181399822235107,2.2322490215301514,33,R2,3.515389084815979,0.797319233417511
0.0,nan,nan,-0.524112343788147,00000_001844_03,1.0,1.4728306531906128,0.6026736497879028,-0.9603655338287354,coef_energy_material_checkpoint_lambdas,0.0,4.118410110473633,2.3195526599884033,42,R2,3.6433528065681458,1.450631022453308
0.0,nan,nan,7.697548866271973,00000_001844_03,1.0,7.69760799407959,7.6975483894348145,0.9991469383239746,coef_energy_material_checkpoint_lambdas,0.0,4.121343612670898,2.3333003520965576,45,R2,3.482384979724884,0.42337098717689514
0.0,nan,nan,6.605496883392334,00000_001844_03,6.0,6.810403347015381,1.6580101251602173,0.9734813570976257,coef_energy_material_checkpoint_lambdas,0.0,4.215221881866455,2.277336359024048,54,R2,4.400299906730652,4.400299906730652
0.0,nan,nan,0.2533000707626343,00000_001844_03,7.0,0.25330111384391785,0.2533000707626343,0.9907703995704651,coef_energy_material_checkpoint_lambdas,0.0,4.300163745880127,2.2179439067840576,57,R2,4.400000095367432,3.860558331012726
0.0,nan,nan,0.1540394425392151,00000_001844_04,2.0,0.42216256260871887,0.31355708837509155,0.7882861495018005,coef_energy_material_checkpoint_lambdas,0.0,4.197796821594238,2.200282573699951,3,R1,2.6434941589832306,0.7938966155052185
0.0,nan,nan,6.812363624572754,00000_001844_04,3.0,7.167831897735596,5.096216678619385,0.9970000982284546,coef_energy_material_checkpoint_lambdas,0.0,4.188022136688232,2.1874349117279053,6,R1,2.019913136959076,0.308871328830719
0.0,nan,nan,3.7126731872558594,00000_001844_04,1.0,7.67992639541626,7.379061698913574,0.9342156648635864,coef_energy_material_checkpoint_lambdas,0.0,4.181355953216553,2.2288153171539307,27,R1,3.7921842634677887,0.4229600429534912
0.0,nan,nan,-0.17816781997680664,00000_001844_04,2.0,0.5064429044723511,0.5036985278129578,0.9999999403953552,coef_energy_material_checkpoint_lambdas,0.0,4.188847541809082,2.2486820220947266,45,R1,3.811160385608673,0.891340583562851
0.0,nan,nan,4.043497562408447,00000_001844_04,1.0,7.69255256652832,7.486575603485107,0.6601449251174927,coef_energy_material_checkpoint_lambdas,0.0,4.13024377822876,2.271223783493042,48,R1,3.9318549036979675,0.3445698618888855
0.0,nan,nan,-0.36002790927886963,00000_001844_04,2.0,0.3642999529838562,0.32396167516708374,0.5167882442474365,coef_energy_material_checkpoint_lambdas,0.0,4.114777565002441,2.2979671955108643,51,R1,4.133664906024933,3.860237956047058
0.0,nan,nan,0.11369632929563522,00000_001844_04,4.0,0.223829984664917,0.14695508778095245,0.9972280263900757,coef_energy_material_checkpoint_lambdas,0.0,4.159475326538086,2.271270751953125,54,R1,4.057524621486664,1.6622987985610962
0.0,nan,nan,4.609827041625977,00000_001844_04,4.0,5.212379455566406,2.4327754974365234,0.9317138195037842,coef_energy_material_checkpoint_lambdas,0.0,4.1522016525268555,2.3078997135162354,63,R1,4.401557683944702,4.401557683944702
0.0,nan,nan,0.013592593371868134,00000_001844_04,10.0,0.05749824643135071,0.013592593371868134,0.9994750022888184,coef_energy_material_checkpoint_lambdas,0.0,4.141740798950195,2.3135170936584473,66,R1,4.394769310951233,4.400000095367432
0.0,nan,nan,2.3994111870706547e-06,00000_001844_04,12.0,1.8378623281023465e-05,2.3994111870706547e-06,0.0,coef_energy_material_checkpoint_lambdas,0.0,4.283536911010742,2.212108612060547,69,R1,4.400000095367432,4.400000095367432
0.0,nan,nan,3.6599106788635254,00000_001844_05,2.0,7.912775039672852,7.548646450042725,0.8798472881317139,coef_energy_material_checkpoint_lambdas,0.0,4.209649085998535,2.2266640663146973,3,R1,4.121436297893524,0.3193969130516052
0.0,nan,nan,-0.25272336602211,00000_001844_05,2.0,0.9857808351516724,0.7392203211784363,0.9936181902885437,coef_energy_material_checkpoint_lambdas,0.0,4.206858158111572,2.2090983390808105,6,R1,3.6775644421577454,1.8006892204284668
0.0,nan,nan,0.01779167540371418,00000_001844_05,1.0,0.037078991532325745,0.03705386817455292,0.7831514477729797,coef_energy_material_checkpoint_lambdas,0.0,4.19941520690918,2.1913890838623047,9,R1,3.025647461414337,1.0198050439357758
0.0,nan,nan,3.6647679805755615,00000_001844_05,1.0,4.040281772613525,1.700985074043274,0.9789831638336182,coef_energy_material_checkpoint_lambdas,0.0,4.193393707275391,2.2539498805999756,51,R1,4.280224144458771,4.280224144458771
0.0,nan,nan,0.37249016761779785,00000_001844_05,4.0,0.43509483337402344,0.42238494753837585,0.9999314546585083,coef_energy_material_checkpoint_lambdas,1.0,4.129166126251221,2.27359676361084,54,R1,3.43374902009964,4.377101242542267
0.0,nan,nan,0.1723736971616745,00000_001844_05,4.0,0.24531769752502441,0.1083301529288292,0.9934680461883545,coef_energy_material_checkpoint_lambdas,0.0,4.1643900871276855,2.2693638801574707,57,R1,4.219793051481247,1.6577723622322083
0.0,nan,nan,3.883991003036499,00000_001844_05,2.0,4.176852226257324,4.161072731018066,0.9943634867668152,coef_energy_material_checkpoint_lambdas,0.0,4.1605048179626465,2.2756187915802,60,R1,4.339419990777969,0.5720508694648743
0.0,nan,nan,0.06480337679386139,00000_001844_05,11.0,0.06604296714067459,0.012735579162836075,0.9996452927589417,coef_energy_material_checkpoint_lambdas,0.0,4.095779895782471,2.334198474884033,69,R1,4.400000095367432,4.400000095367432
0.0,nan,nan,3.532719347276725e-05,00000_001844_05,11.0,3.6536705010803416e-05,3.1572530133416876e-05,0.0,coef_energy_material_checkpoint_lambdas,0.0,4.070677280426025,2.352348804473877,72,R1,4.400000095367432,4.400000095367432
0.0,nan,nan,0.0007198698003776371,00000_001844_05,13.0,0.0010180496610701084,0.0010180496610701084,1.0,coef_energy_material_checkpoint_lambdas,0.0,4.084794998168945,2.3520991802215576,75,R1,4.400000095367432,4.400000095367432
0.0,nan,nan,0.003402663627639413,00000_001844_05,14.0,0.013851966708898544,0.01342754065990448,0.9945640563964844,coef_energy_material_checkpoint_lambdas,0.0,4.082785606384277,2.3685402870178223,78,R1,4.400000095367432,4.400000095367432
0.0,nan,nan,-0.0021936523262411356,00000_001844_05,13.0,0.004871282260864973,0.004349399823695421,0.9923897981643677,coef_energy_material_checkpoint_lambdas,0.0,4.062655448913574,2.3863706588745117,81,R1,4.400000095367432,4.400000095367432
0.0,nan,nan,-1.0718757039285265e-05,00000_001844_05,13.0,1.5158611859078519e-05,1.0718757039285265e-05,0.0,coef_energy_material_checkpoint_lambdas,0.0,4.147494316101074,2.2913029193878174,84,R1,4.400000095367432,4.400000095367432
0.0,nan,nan,-1.756338718905681e-08,00000_001844_05,14.0,2.159148237979025e-08,3.538887849430239e-09,0.0,coef_energy_material_checkpoint_lambdas,0.0,4.326395034790039,2.2228808403015137,87,R1,4.400000095367432,4.400000095367432
0.0,nan,nan,-0.37284907698631287,00000_001844_07,4.0,0.5717839598655701,0.43349790573120117,0.8859770894050598,coef_energy_material_checkpoint_lambdas,0.0,4.196308135986328,2.2436113357543945,0,R2,3.0440522730350494,3.0440522730350494
0.0,nan,nan,2.9671504497528076,00000_001844_07,3.0,2.982062816619873,2.308706760406494,0.5512421131134033,coef_energy_material_checkpoint_lambdas,0.0,4.1976118087768555,2.2327301502227783,3,R2,2.358036458492279,1.723879486322403
0.0,nan,nan,4.13918924331665,00000_001844_07,3.0,4.1551737785339355,4.13918924331665,0.3167654275894165,coef_energy_material_checkpoint_lambdas,0.0,4.19066047668457,2.2183847427368164,6,R2,2.2242040634155273,0.7672570645809174
0.0,nan,nan,2.5909342765808105,00000_001844_07,2.0,4.9952073097229,2.661158561706543,0.9993539452552795,coef_energy_material_checkpoint_lambdas,0.0,4.182608127593994,2.217005729675293,9,R2,2.5022527277469635,0.3038090467453003
0.0,nan,nan,5.8636884689331055,00000_001844_07,2.0,6.951467037200928,5.961788177490234,0.9949646592140198,coef_energy_material_checkpoint_lambdas,0.0,4.179104804992676,2.2299633026123047,33,R2,3.515389084815979,0.797319233417511
0.0,nan,nan,4.026673793792725,00000_001844_07,1.0,6.605453014373779,5.23621129989624,-0.6803434491157532,coef_energy_material_checkpoint_lambdas,0.0,4.185386657714844,2.2452688217163086,42,R2,4.029987037181854,4.029987037181854
0.0,nan,nan,0.34064435958862305,00000_001844_07,1.0,0.5322943329811096,0.5181808471679688,0.9243593215942383,coef_energy_material_checkpoint_lambdas,0.0,4.194231986999512,2.250668525695801,45,R2,3.867744565010071,2.904168128967285
0.0,nan,nan,-0.2087884545326233,00000_001844_07,2.0,2.3794963359832764,2.2134504318237305,0.9918828010559082,coef_energy_material_checkpoint_lambdas,0.0,4.18122673034668,2.2575135231018066,48,R2,3.9332381188869476,1.3675076067447662
0.0,nan,nan,1.0013713836669922,00000_001844_07,3.0,6.514617919921875,5.259861946105957,-0.5815451741218567,coef_energy_material_checkpoint_lambdas,0.0,4.187790870666504,2.248241901397705,51,R2,3.922551840543747,0.3591987192630768
0.0,nan,nan,-0.0018131150864064693,00000_001844_07,4.0,0.005555508192628622,0.0033806825522333384,0.8551508784294128,coef_energy_material_checkpoint_lambdas,0.0,4.165969371795654,2.258624792098999,57,R2,3.964134633541107,2.20603746175766
0.0,nan,nan,1.907456398010254,00000_001844_07,5.0,2.6972622871398926,1.907456398010254,0.9999895095825195,coef_energy_material_checkpoint_lambdas,0.0,4.1579718589782715,2.278137445449829,60,R2,4.0232937932014465,0.5558789372444153
0.0,nan,nan,2.5150306224823,00000_001844_07,10.0,2.645034074783325,0.8190403580665588,0.9979555606842041,coef_energy_material_checkpoint_lambdas,0.0,4.115882873535156,2.3151955604553223,69,R2,4.400006651878357,4.400006651878357
0.0,nan,nan,-9.508596122032031e-06,00000_001844_07,14.0,1.5209377124847379e-05,1.6702070979590644e-06,0.0,coef_energy_material_checkpoint_lambdas,0.0,4.161355018615723,2.2855093479156494,72,R2,4.400000095367432,4.400000095367432
0.0,nan,nan,1.6687971893247777e-08,00000_001844_07,14.0,2.147937827601254e-08,2.1362481561482127e-08,0.0,coef_energy_material_checkpoint_lambdas,0.0,4.339189529418945,2.1983492374420166,75,R2,4.400000095367432,4.400000095367432
0.0,nan,nan,2.0437064170837402,00000_001845_00,3.0,2.514373302459717,1.4646971225738525,-0.37549951672554016,coef_energy_material_checkpoint_lambdas,0.0,4.200774669647217,2.2281947135925293,3,R1,2.548067718744278,2.548067718744278
0.0,nan,nan,0.7353151440620422,00000_001845_00,3.0,3.724355697631836,3.594437599182129,-0.5461903810501099,coef_energy_material_checkpoint_lambdas,0.0,4.202670574188232,2.2250471115112305,6,R1,4.179284393787384,2.1121445298194885
0.0,nan,nan,-0.018933899700641632,00000_001845_00,3.0,0.20905552804470062,0.07617324590682983,0.9898855686187744,coef_energy_material_checkpoint_lambdas,0.0,4.206267356872559,2.218858242034912,9,R1,3.4019546806812286,1.2684308588504791
0.0,nan,nan,0.4905771017074585,00000_001845_00,3.0,0.6556456089019775,0.43497735261917114,0.9999920129776001,coef_energy_material_checkpoint_lambdas,0.0,4.212075233459473,2.2139506340026855,12,R1,2.548067718744278,0.5129859149456024
0.0,nan,nan,3.845313549041748,00000_001845_00,1.0,7.678281784057617,7.418492794036865,0.7853847742080688,coef_energy_material_checkpoint_lambdas,0.0,4.19465446472168,2.2271242141723633,36,R1,3.702146828174591,0.3940357565879822
0.0,nan,nan,0.8978424668312073,00000_001845_00,3.0,4.165157318115234,4.06723690032959,0.893917977809906,coef_energy_material_checkpoint_lambdas,0.0,4.189181327819824,2.234677791595459,39,R1,3.502007156610489,3.502007156610489
0.0,nan,nan,2.5927014350891113,00000_001845_00,1.0,2.602626323699951,2.5927014350891113,0.10525443404912949,coef_energy_material_checkpoint_lambdas,0.0,4.185798645019531,2.238175868988037,42,R1,3.907165616750717,2.8423731923103333
0.0,nan,nan,7.323699951171875,00000_001845_00,3.0,7.694063663482666,6.846275806427002,0.6363068222999573,coef_energy_material_checkpoint_lambdas,0.0,4.180082321166992,2.2709779739379883,48,R1,3.502007156610489,0.4921259880065918
0.0,nan,nan,-0.31991833448410034,00000_001845_00,1.0,0.32938435673713684,0.2816525101661682,1.0,coef_energy_material_checkpoint_lambdas,0.0,4.152078151702881,2.2605137825012207,54,R1,4.401210844516754,0.546501874923706
0.0,nan,nan,-0.062191084027290344,00000_001845_00,3.0,3.569140672683716,2.5673561096191406,0.9994201064109802,coef_energy_material_checkpoint_lambdas,1.0,4.122260093688965,2.288158893585205,57,R1,4.089157968759537,4.40057235956192
0.0,nan,nan,0.052132848650217056,00000_001845_00,4.0,0.05289408937096596,0.052132848650217056,0.9974052309989929,coef_energy_material_checkpoint_lambdas,0.0,4.137840270996094,2.2803447246551514,60,R1,4.1287078857421875,3.8757362961769104
0.0,nan,nan,2.696049928665161,00000_001845_00,5.0,2.6961209774017334,2.563878059387207,0.9997995495796204,coef_energy_material_checkpoint_lambdas,0.0,4.163511276245117,2.271404504776001,63,R1,4.395961403846741,1.6750325560569763
0.0,nan,nan,7.454874515533447,00000_001845_00,4.0,8.34173583984375,8.341724395751953,0.9995812773704529,coef_energy_material_checkpoint_lambdas,0.0,4.141118049621582,2.28851580619812,66,R1,4.365097641944885,0.5678080916404724
0.0,nan,nan,7.433574199676514,00000_001845_00,4.0,7.724694728851318,6.741739749908447,0.9984477162361145,coef_energy_material_checkpoint_lambdas,0.0,4.125119209289551,2.306018829345703,69,R1,4.401344180107117,4.402632653713226
0.0,nan,nan,0.0022199549712240696,00000_001845_00,12.0,0.004927275702357292,0.0015407087048515677,0.990058958530426,coef_energy_material_checkpoint_lambdas,0.0,4.105503559112549,2.3299882411956787,72,R1,4.400000095367432,4.400000095367432
0.0,nan,nan,1.1870236349409424e-08,00000_001845_00,14.0,2.040793667390517e-08,3.344902355095769e-09,0.0,coef_energy_material_checkpoint_lambdas,0.0,4.089241981506348,2.3444344997406006,75,R1,4.400000095367432,4.400000095367432
0.0,nan,nan,-4.2301980738819814e-14,00000_001845_00,16.0,6.770257097998833e-14,7.465650988310469e-15,0.0,coef_energy_material_checkpoint_lambdas,0.0,4.066352367401123,2.3589212894439697,78,R1,4.400000095367432,4.400000095367432
0.0,nan,nan,-1.4321062731143355e-18,00000_001845_00,16.0,2.119271264151431e-18,1.5621724628249033e-18,0.0,coef_energy_material_checkpoint_lambdas,0.0,4.255997180938721,2.2245497703552246,81,R1,4.400000095367432,4.400000095367432
0.0,nan,nan,6.0475897789001465,00000_001845_01,2.0,8.17459774017334,7.868832111358643,0.9991313219070435,coef_energy_material_checkpoint_lambdas,0.0,4.203882694244385,2.2279958724975586,3,R1,2.0123168528079987,0.2890201508998871
0.0,nan,nan,6.839921474456787,00000_001845_01,1.0,7.7393999099731445,7.397197723388672,0.825084924697876,coef_energy_material_checkpoint_lambdas,0.0,4.19388484954834,2.2292261123657227,30,R1,3.538778156042099,0.3884658217430115
0.0,nan,nan,0.46223974227905273,00000_001845_01,2.0,0.4756343364715576,0.3069693148136139,0.9847556948661804,coef_energy_material_checkpoint_lambdas,0.0,4.173144340515137,2.277867078781128,39,R1,3.4980688393115997,1.0919693112373352
0.0,nan,nan,6.842339992523193,00000_001845_01,2.0,7.752406597137451,7.415297508239746,0.9035204648971558,coef_energy_material_checkpoint_lambdas,0.0,4.168118476867676,2.306736946105957,51,R1,4.385174512863159,0.5277950763702393
0.0,nan,nan,4.568009853363037,00000_001845_01,2.0,6.165544509887695,4.568009853363037,-0.5048782229423523,coef_energy_material_checkpoint_lambdas,0.0,4.123309135437012,2.344058036804199,54,R1,4.183188796043396,0.4464453160762787
0.0,nan,nan,4.003989219665527,00000_001845_01,4.0,4.124724864959717,4.024318218231201,0.8448927402496338,coef_energy_material_checkpoint_lambdas,0.0,4.260715007781982,2.2243714332580566,57,R1,4.194782882928848,0.5016931295394897
0.0,nan,nan,7.630302906036377,00000_001845_02,3.0,7.987059593200684,7.630302906036377,0.9352592825889587,coef_energy_material_checkpoint_lambdas,0.0,4.212299346923828,2.2304630279541016,3,R1,3.7825725078582764,0.3120901882648468
0.0,nan,nan,0.3391489088535309,00000_001845_02,3.0,0.9691120982170105,0.7093381881713867,0.9837503433227539,coef_energy_material_checkpoint_lambdas,0.0,4.20797872543335,2.2112748622894287,6,R1,3.452618271112442,1.7906442284584045
0.0,nan,nan,0.012003472074866295,00000_001845_02,2.0,0.035573918372392654,0.015191582031548023,-0.9994331002235413,coef_energy_material_checkpoint_lambdas,0.0,4.199017524719238,2.1932852268218994,9,R1,2.743011474609375,1.0193586945533752
0.0,nan,nan,3.8458588123321533,00000_001845_02,1.0,7.679234504699707,7.41943359375,0.785391092300415,coef_energy_material_checkpoint_lambdas,0.0,4.195120334625244,2.2287418842315674,33,R1,3.702146828174591,0.3940357565879822
0.0,nan,nan,0.8988796472549438,00000_001845_02,3.0,4.169122219085693,4.071067810058594,0.8938977718353271,coef_energy_material_checkpoint_lambdas,0.0,4.193543910980225,2.2350311279296875,36,R1,3.502007156610489,3.502007156610489
0.0,nan,nan,2.59454607963562,00000_001845_02,1.0,2.604487895965576,2.59454607963562,0.10529783368110657,coef_energy_material_checkpoint_lambdas,0.0,4.188774108886719,2.2408926486968994,39,R1,3.907165616750717,2.8423731923103333
0.0,nan,nan,7.339117050170898,00000_001845_02,3.0,7.709240436553955,6.858333587646484,0.6359896659851074,coef_energy_material_checkpoint_lambdas,0.0,4.189747333526611,2.2476396560668945,45,R1,3.502007156610489,0.4921259880065918
0.0,nan,nan,4.635858535766602,00000_001845_02,2.0,5.849576950073242,5.800581932067871,0.8968173861503601,coef_energy_material_checkpoint_lambdas,0.0,4.167418956756592,2.2546908855438232,51,R1,4.253660798072815,0.5564513802528381
0.0,nan,nan,0.2758886218070984,00000_001845_02,2.0,0.27648138999938965,0.01809488795697689,0.9737002849578857,coef_energy_material_checkpoint_lambdas,0.0,4.148362636566162,2.270566940307617,54,R1,4.381103754043579,4.381103754043579
0.0,nan,nan,0.6419165134429932,00000_001845_02,4.0,0.6431237459182739,0.6419165134429932,0.9976980686187744,coef_energy_material_checkpoint_lambdas,0.0,4.156390190124512,2.265533447265625,57,R1,4.238622725009918,2.210625171661377
0.0,nan,nan,5.482942581176758,00000_001845_02,5.0,6.978558540344238,6.929698467254639,0.98020339012146,coef_energy_material_checkpoint_lambdas,0.0,4.167904376983643,2.2691798210144043,60,R1,4.127878665924072,0.5715930461883545
0.0,nan,nan,7.454874515533447,00000_001845_02,4.0,8.34173583984375,8.341724395751953,0.9995812773704529,coef_energy_material_checkpoint_lambdas,0.0,4.141118049621582,2.28851580619812,63,R1,4.365097641944885,0.5678080916404724
0.0,nan,nan,7.45818567276001,00000_001845_02,4.0,7.750326156616211,6.764206886291504,0.9984464645385742,coef_energy_material_checkpoint_lambdas,0.0,4.140713214874268,2.289982318878174,66,R1,4.401344180107117,4.402632653713226
0.0,nan,nan,0.0022433437407016754,00000_001845_02,12.0,0.004979455843567848,0.0044454908929765224,0.9900550842285156,coef_energy_material_checkpoint_lambdas,0.0,4.149773597717285,2.292428493499756,69,R1,4.400000095367432,4.400000095367432
0.0,nan,nan,1.0711702088883612e-05,00000_001845_02,13.0,1.514863470220007e-05,1.0711702088883612e-05,0.0,coef_energy_material_checkpoint_lambdas,0.0,4.144764423370361,2.2986629009246826,72,R1,4.400000095367432,4.400000095367432
0.0,nan,nan,-2.1185657672617708e-08,00000_001845_02,14.0,2.9358961484149404e-08,2.032527035567e-08,0.0,coef_energy_material_checkpoint_lambdas,0.0,4.139411926269531,2.3000593185424805,75,R1,4.400000095367432,4.400000095367432
0.0,nan,nan,-2.2372045188623346e-11,00000_001845_02,16.0,2.689453520998697e-11,1.492674213399159e-11,0.0,coef_energy_material_checkpoint_lambdas,0.0,4.132763862609863,2.309375047683716,78,R1,4.400000095367432,4.400000095367432
0.0,nan,nan,-9.849938620548181e-15,00000_001845_02,16.0,1.1014380224127086e-14,4.929024480509071e-15,0.0,coef_energy_material_checkpoint_lambdas,0.0,4.126570701599121,2.311126232147217,81,R1,4.400000095367432,4.400000095367432
0.0,nan,nan,-2.7732979522835802e-18,00000_001845_02,16.0,2.9872174052426033e-18,1.1100840334668293e-18,0.0,coef_energy_material_checkpoint_lambdas,0.0,4.144900321960449,2.2870078086853027,84,R1,4.400000095367432,4.400000095367432
0.0,nan,nan,-6.227857170247559e-22,00000_001845_02,16.0,6.569626550486876e-22,2.0842324845066274e-22,0.0,coef_energy_material_checkpoint_lambdas,0.0,4.2772674560546875,2.233921527862549,87,R1,4.400000095367432,4.400000095367432
0.0,nan,nan,0.015326527878642082,00000_001845_03,4.0,0.015862511470913887,0.0040886239148676395,0.9999850988388062,coef_energy_material_checkpoint_lambdas,0.0,4.201951503753662,2.2430381774902344,0,R1,2.9073818027973175,2.9073818027973175
0.0,nan,nan,0.45266008377075195,00000_001845_03,3.0,0.7763490080833435,0.12591233849525452,0.9989073872566223,coef_energy_material_checkpoint_lambdas,0.0,4.197691917419434,2.232987403869629,3,R1,2.2772737443447113,1.637909710407257
0.0,nan,nan,4.150899410247803,00000_001845_03,3.0,4.179188251495361,4.150899410247803,0.7513346076011658,coef_energy_material_checkpoint_lambdas,0.0,4.190413475036621,2.219543218612671,6,R1,2.1836698949337006,0.7696428596973419
0.0,nan,nan,2.526252031326294,00000_001845_03,2.0,3.6352603435516357,1.2082881927490234,0.9972699880599976,coef_energy_material_checkpoint_lambdas,0.0,4.19618034362793,2.210359573364258,9,R1,2.3856345415115356,0.303988516330719
0.0,nan,nan,6.838566303253174,00000_001845_03,1.0,7.737838268280029,7.395689010620117,0.8250887989997864,coef_energy_material_checkpoint_lambdas,0.0,4.192996501922607,2.2295258045196533,33,R1,3.538778156042099,0.3884658217430115
0.0,nan,nan,0.4614235758781433,00000_001845_03,2.0,0.47485706210136414,0.3066643476486206,0.9846612215042114,coef_energy_material_checkpoint_lambdas,0.0,4.179117202758789,2.2674753665924072,42,R1,3.4980688393115997,1.0919693112373352
0.0,nan,nan,4.849608898162842,00000_001845_03,2.0,6.127082824707031,6.077061653137207,0.9892656207084656,coef_energy_material_checkpoint_lambdas,0.0,4.167504787445068,2.2564098834991455,51,R1,4.319352686405182,2.7589449286460876
0.0,nan,nan,0.22958138585090637,00000_001845_03,3.0,0.34440067410469055,0.33228760957717896,0.9864923357963562,coef_energy_material_checkpoint_lambdas,1.0,4.142672061920166,2.272714138031006,54,R1,4.1791286170482635,4.398608982563019
0.0,nan,nan,0.6115491986274719,00000_001845_03,4.0,0.6115491986274719,0.5802239179611206,0.9935445785522461,coef_energy_material_checkpoint_lambdas,0.0,4.1697187423706055,2.264949321746826,57,R1,4.2002032995224,1.6617629528045654
0.0,nan,nan,5.68113374710083,00000_001845_03,4.0,5.719027519226074,5.68113374710083,0.9835035800933838,coef_energy_material_checkpoint_lambdas,0.0,4.172102451324463,2.275056838989258,60,R1,4.324317127466202,0.5697540640830994
0.0,nan,nan,5.724598407745361,00000_001845_03,3.0,7.774158954620361,6.800253868103027,0.9995555281639099,coef_energy_material_checkpoint_lambdas,0.0,4.1242170333862305,2.3014614582061768,63,R1,4.357080101966858,0.588812530040741
0.0,nan,nan,3.2609872817993164,00000_001845_03,8.0,4.09730863571167,2.480705499649048,0.9994622468948364,coef_energy_material_checkpoint_lambdas,0.0,4.123567581176758,2.2974958419799805,66,R1,4.400035738945007,4.400035738945007
0.0,nan,nan,4.335901030572131e-05,00000_001845_03,12.0,8.40735956444405e-05,7.203031418612227e-05,0.0,coef_energy_material_checkpoint_lambdas,0.0,4.138882637023926,2.3009119033813477,69,R1,4.400000095367432,4.400000095367432
0.0,nan,nan,1.5693338184519234e-07,00000_001845_03,13.0,2.2193731297193153e-07,1.5693338184519234e-07,0.0,coef_energy_material_checkpoint_lambdas,0.0,4.132391929626465,2.3058736324310303,72,R1,4.400000095367432,4.400000095367432
0.0,nan,nan,-3.0307337195445427e-10,00000_001845_03,15.0,4.2118553089665056e-10,2.924787079194857e-10,0.0,coef_energy_material_checkpoint_lambdas,0.0,4.1309614181518555,2.309511661529541,75,R1,4.400000095367432,4.400000095367432
0.0,nan,nan,-3.39514549287101e-13,00000_001845_03,16.0,4.14507566725425e-13,2.3779483698978254e-13,0.0,coef_energy_material_checkpoint_lambdas,0.0,4.119667053222656,2.314526319503784,78,R1,4.400000095367432,4.400000095367432
0.0,nan,nan,-1.6951269356239347e-16,00000_001845_03,16.0,1.9255204266726964e-16,9.133309439548335e-17,0.0,coef_energy_material_checkpoint_lambdas,0.0,4.120210647583008,2.321475028991699,81,R1,4.400000095367432,4.400000095367432
0.0,nan,nan,-5.462952150658228e-20,00000_001845_03,16.0,5.963426794290927e-20,2.391362510343324e-20,0.0,coef_energy_material_checkpoint_lambdas,0.0,4.196041584014893,2.2605230808258057,84,R1,4.400000095367432,4.400000095367432
0.0,nan,nan,-1.3565244237571467e-23,00000_001845_03,16.0,0.0,0.0,0.0,coef_energy_material_checkpoint_lambdas,0.0,4.3140130043029785,2.2182841300964355,87,R1,4.400000095367432,4.400000095367432
0.0,nan,nan,7.630302906036377,00000_001845_04,3.0,7.987059593200684,7.630302906036377,0.9352592825889587,coef_energy_material_checkpoint_lambdas,0.0,4.212299346923828,2.2304630279541016,6,R1,3.7825725078582764,0.3120901882648468
0.0,nan,nan,0.340267151594162,00000_001845_04,3.0,0.971621572971344,0.7113495469093323,0.9837977290153503,coef_energy_material_checkpoint_lambdas,0.0,4.212779521942139,2.223093032836914,9,R1,3.452618271112442,1.7906442284584045
0.0,nan,nan,0.012021241709589958,00000_001845_04,2.0,0.03562092036008835,0.015209821052849293,-0.9994312524795532,coef_energy_material_checkpoint_lambdas,0.0,4.211679458618164,2.2082252502441406,12,R1,2.743011474609375,1.0193586945533752
0.0,nan,nan,1.1749354600906372,00000_001845_04,1.0,1.7199786901474,0.7174196243286133,0.6966712474822998,coef_energy_material_checkpoint_lambdas,0.0,4.191343307495117,2.1877927780151367,15,R1,2.1680130064487457,0.2616337835788727
0.0,nan,nan,3.8438363075256348,00000_001845_04,1.0,7.6751708984375,7.415511131286621,0.7853922843933105,coef_energy_material_checkpoint_lambdas,0.0,4.192890167236328,2.2278146743774414,36,R1,3.702146828174591,0.3940357565879822
0.0,nan,nan,0.8979540467262268,00000_001845_04,3.0,4.1657586097717285,4.0678277015686035,0.8939198851585388,coef_energy_material_checkpoint_lambdas,0.0,4.189748764038086,2.235175371170044,39,R1,3.502007156610489,3.502007156610489
0.0,nan,nan,2.5950913429260254,00000_001845_04,1.0,2.605006456375122,2.5950913429260254,0.10517241060733795,coef_energy_material_checkpoint_lambdas,0.0,4.189663887023926,2.2381129264831543,42,R1,3.907165616750717,2.8423731923103333
0.0,nan,nan,7.319157600402832,00000_001845_04,3.0,7.689342021942139,6.842146873474121,0.6363226771354675,coef_energy_material_checkpoint_lambdas,0.0,4.177446365356445,2.270968437194824,48,R1,3.502007156610489,0.4921259880065918
0.0,nan,nan,-0.32020458579063416,00000_001845_04,1.0,0.32967910170555115,0.28190454840660095,1.0,coef_energy_material_checkpoint_lambdas,0.0,4.151374816894531,2.2625365257263184,54,R1,4.401210844516754,0.546501874923706
0.0,nan,nan,-0.06219498813152313,00000_001845_04,3.0,3.569348096847534,2.5675055980682373,0.9994200468063354,coef_energy_material_checkpoint_lambdas,1.0,4.122509479522705,2.287932872772217,57,R1,4.089157968759537,4.40057235956192
0.0,nan,nan,0.05207622051239014,00000_001845_04,4.0,0.052836593240499496,0.05207622051239014,0.9974055290222168,coef_energy_material_checkpoint_lambdas,0.0,4.133110046386719,2.279656171798706,60,R1,4.1287078857421875,3.8757362961769104
0.0,nan,nan,2.6941652297973633,00000_001845_04,5.0,2.6942360401153564,2.5620856285095215,0.9997996687889099,coef_energy_material_checkpoint_lambdas,0.0,4.160572052001953,2.270658493041992,63,R1,4.395961403846741,1.6750325560569763
0.0,nan,nan,7.454874515533447,00000_001845_04,4.0,8.34173583984375,8.341724395751953,0.9995812773704529,coef_energy_material_checkpoint_lambdas,0.0,4.141118049621582,2.28851580619812,66,R1,4.365097641944885,0.5678080916404724
0.0,nan,nan,7.446080207824707,00000_001845_04,4.0,7.737720966339111,6.753161907196045,0.9984470009803772,coef_energy_material_checkpoint_lambdas,0.0,4.133114337921143,2.296999216079712,69,R1,4.401344180107117,4.402632653713226
0.0,nan,nan,0.002237273845821619,00000_001845_04,12.0,0.004965945612639189,0.0015529105439782143,0.9900556206703186,coef_energy_material_checkpoint_lambdas,0.0,4.13840389251709,2.2948808670043945,72,R1,4.400000095367432,4.400000095367432
0.0,nan,nan,1.4066638414078625e-06,00000_001845_04,13.0,2.0405766463227337e-06,1.4782591506445897e-06,0.0,coef_energy_material_checkpoint_lambdas,0.0,4.1370368003845215,2.3025729656219482,75,R1,4.400000095367432,4.400000095367432
0.0,nan,nan,-2.2872543858909467e-09,00000_001845_04,14.0,3.234666312579293e-09,2.2872543858909467e-09,0.0,coef_energy_material_checkpoint_lambdas,0.0,4.127429962158203,2.306582450866699,78,R1,4.400000095367432,4.400000095367432
0.0,nan,nan,-3.664746024006904e-12,00000_001845_04,16.0,4.643541627602499e-12,2.851686118146568e-12,0.0,coef_energy_material_checkpoint_lambdas,0.0,4.1271772384643555,2.3133749961853027,81,R1,4.400000095367432,4.400000095367432
0.0,nan,nan,-2.2759690589428325e-15,00000_001845_04,16.0,2.635319822200154e-15,1.3284861568362894e-15,0.0,coef_energy_material_checkpoint_lambdas,0.0,4.117382049560547,2.3178021907806396,84,R1,4.400000095367432,4.400000095367432
0.0,nan,nan,-8.223237698876343e-19,00000_001845_04,16.0,9.075532031814363e-19,3.839744486125481e-19,0.0,coef_energy_material_checkpoint_lambdas,0.0,4.1487274169921875,2.2860774993896484,87,R1,4.400000095367432,4.400000095367432
0.0,nan,nan,-2.210266330087764e-22,00000_001845_04,16.0,2.367529096313811e-22,8.370479371910218e-23,0.0,coef_energy_material_checkpoint_lambdas,0.0,4.278987884521484,2.2251925468444824,90,R1,4.400000095367432,4.400000095367432
0.0,nan,nan,0.3373996615409851,00000_001845_05,4.0,0.392783522605896,0.39171314239501953,0.9871101975440979,coef_energy_material_checkpoint_lambdas,1.0,4.210195064544678,2.250171184539795,0,R1,3.8254377245903015,4.074634343385696
0.0,nan,nan,0.007003262639045715,00000_001845_05,5.0,0.007231626193970442,0.0018029777565971017,0.4610990583896637,coef_energy_material_checkpoint_lambdas,0.0,4.20388650894165,2.2392418384552,3,R1,3.2038509249687195,3.2038509249687195
0.0,nan,nan,0.33199015259742737,00000_001845_05,5.0,0.430078387260437,0.09606978297233582,0.9999383091926575,coef_energy_material_checkpoint_lambdas,0.0,4.198843955993652,2.237398862838745,6,R1,2.3734610974788666,2.094111979007721
0.0,nan,nan,1.7134836912155151,00000_001845_05,2.0,2.4916610717773438,2.3415794372558594,-0.4336279630661011,coef_energy_material_checkpoint_lambdas,0.0,4.197628974914551,2.2184174060821533,9,R1,2.0521601736545563,1.0241831541061401
0.0,nan,nan,1.9832040071487427,00000_001845_05,3.0,2.471773147583008,1.9832040071487427,0.9300298094749451,coef_energy_material_checkpoint_lambdas,0.0,4.202549457550049,2.2267072200775146,12,R1,2.025816261768341,0.26307937502861023
0.0,nan,nan,3.8476462364196777,00000_001845_05,1.0,7.6832661628723145,7.423259735107422,0.7853695750236511,coef_energy_material_checkpoint_lambdas,0.0,4.197508335113525,2.225358009338379,36,R1,3.702146828174591,0.3940357565879822
0.0,nan,nan,0.8988609313964844,00000_001845_05,3.0,4.1685309410095215,4.070466995239258,0.8938859105110168,coef_energy_material_checkpoint_lambdas,0.0,4.193172931671143,2.2336583137512207,39,R1,3.502007156610489,3.502007156610489
0.0,nan,nan,2.5944247245788574,00000_001845_05,1.0,2.604349136352539,2.5944247245788574,0.10522357374429703,coef_energy_material_checkpoint_lambdas,0.0,4.1885833740234375,2.238863945007324,42,R1,3.907165616750717,2.8423731923103333
0.0,nan,nan,7.308454990386963,00000_001845_05,3.0,7.678576946258545,6.833245754241943,0.6364719271659851,coef_energy_material_checkpoint_lambdas,0.0,4.170932292938232,2.2808303833007812,48,R1,3.502007156610489,0.4921259880065918
0.0,nan,nan,-0.7661008834838867,00000_001845_05,1.0,2.2598352432250977,0.2655617892742157,0.5639589428901672,coef_energy_material_checkpoint_lambdas,0.0,4.138454914093018,2.266043186187744,54,R1,4.378308713436127,0.5271754264831543
0.0,nan,nan,3.7760379314422607,00000_001845_05,2.0,7.6842265129089355,6.69244909286499,0.9886966943740845,coef_energy_material_checkpoint_lambdas,0.0,4.119175910949707,2.290555953979492,57,R1,4.399160623550415,4.399160623550415
0.0,nan,nan,0.01972692273557186,00000_001845_05,4.0,0.019775262102484703,0.01972692273557186,0.9859123229980469,coef_energy_material_checkpoint_lambdas,0.0,4.136214256286621,2.279910087585449,60,R1,4.010590046644211,4.424369156360626
0.0,nan,nan,0.24193431437015533,00000_001845_05,4.0,0.24416977167129517,0.21909475326538086,0.9936555027961731,coef_energy_material_checkpoint_lambdas,0.0,4.136850357055664,2.278397560119629,63,R1,4.377257466316223,2.2245272397994995
0.0,nan,nan,3.7706024646759033,00000_001845_05,5.0,4.217038154602051,2.9838407039642334,0.9995982646942139,coef_energy_material_checkpoint_lambdas,0.0,4.122201919555664,2.2989208698272705,66,R1,4.266004204750061,0.5678080916404724
0.0,nan,nan,7.433574199676514,00000_001845_05,4.0,7.724694728851318,6.741739749908447,0.9984477162361145,coef_energy_material_checkpoint_lambdas,0.0,4.125119209289551,2.306018829345703,69,R1,4.401344180107117,4.402632653713226
0.0,nan,nan,0.0022465335205197334,00000_001845_05,12.0,0.004986523184925318,0.0015593570424243808,0.9900552034378052,coef_energy_material_checkpoint_lambdas,0.0,4.155625343322754,2.2986502647399902,72,R1,4.400000095367432,4.400000095367432
0.0,nan,nan,1.2021299511388861e-08,00000_001845_05,14.0,2.0667652478323362e-08,1.2021299511388861e-08,0.0,coef_energy_material_checkpoint_lambdas,0.0,4.141282558441162,2.3180091381073,75,R1,4.400000095367432,4.400000095367432
0.0,nan,nan,-4.14701909964843e-12,00000_001845_05,16.0,9.264269039410689e-12,4.14701909964843e-12,0.0,coef_energy_material_checkpoint_lambdas,0.0,4.239219665527344,2.2447736263275146,78,R1,4.400000095367432,4.400000095367432
0.0,nan,nan,0.3373996615409851,00000_001845_06,4.0,0.392783522605896,0.39171314239501953,0.9871101975440979,coef_energy_material_checkpoint_lambdas,1.0,4.210195064544678,2.250171184539795,0,R1,3.8254377245903015,4.074634343385696
0.0,nan,nan,0.007003262639045715,00000_001845_06,5.0,0.007231626193970442,0.0018029777565971017,0.4610990583896637,coef_energy_material_checkpoint_lambdas,0.0,4.20388650894165,2.2392418384552,3,R1,3.2038509249687195,3.2038509249687195
0.0,nan,nan,0.33199015259742737,00000_001845_06,5.0,0.430078387260437,0.09606978297233582,0.9999383091926575,coef_energy_material_checkpoint_lambdas,0.0,4.198843955993652,2.237398862838745,6,R1,2.3734610974788666,2.094111979007721
0.0,nan,nan,1.7116212844848633,00000_001845_06,2.0,2.488718271255493,2.3388898372650146,-0.4335475265979767,coef_energy_material_checkpoint_lambdas,0.0,4.192851543426514,2.217405319213867,9,R1,2.0521601736545563,1.0241831541061401
0.0,nan,nan,1.9827940464019775,00000_001845_06,3.0,2.4712696075439453,1.9827940464019775,0.9300283789634705,coef_energy_material_checkpoint_lambdas,0.0,4.201735496520996,2.225698471069336,12,R1,2.025816261768341,0.26307937502861023
0.0,nan,nan,3.8427114486694336,00000_001845_06,1.0,7.67288875579834,7.41331148147583,0.7853939533233643,coef_energy_material_checkpoint_lambdas,0.0,4.191629409790039,2.227497100830078,36,R1,3.702146828174591,0.3940357565879822
0.0,nan,nan,0.8986008167266846,00000_001845_06,3.0,4.168036460876465,4.0700178146362305,0.8939027190208435,coef_energy_material_checkpoint_lambdas,0.0,4.192359924316406,2.2348837852478027,39,R1,3.502007156610489,3.502007156610489
0.0,nan,nan,2.5929152965545654,00000_001845_06,1.0,2.60284423828125,2.5929152965545654,0.10526897758245468,coef_energy_material_checkpoint_lambdas,0.0,4.186142921447754,2.238736867904663,42,R1,3.907165616750717,2.8423731923103333
0.0,nan,nan,7.3314208984375,00000_001845_06,3.0,7.7016801834106445,6.852352619171143,0.6361528635025024,coef_energy_material_checkpoint_lambdas,0.0,4.184908866882324,2.2597365379333496,48,R1,3.502007156610489,0.4921259880065918
0.0,nan,nan,1.3479334115982056,00000_001845_06,2.0,2.051787853240967,0.7807779908180237,0.08954372256994247,coef_energy_material_checkpoint_lambdas,0.0,4.183387279510498,2.2469234466552734,54,R1,4.401654541492462,1.1075246334075928
0.0,nan,nan,3.776505947113037,00000_001845_06,2.0,7.685194969177246,6.693297386169434,0.9886964559555054,coef_energy_material_checkpoint_lambdas,0.0,4.11972713470459,2.290412664413452,57,R1,4.399160623550415,4.399160623550415
0.0,nan,nan,0.019894294440746307,00000_001845_06,4.0,0.019939802587032318,0.019894296303391457,0.9863045811653137,coef_energy_material_checkpoint_lambdas,0.0,4.1125383377075195,2.2965142726898193,60,R1,4.010590046644211,4.424369156360626
0.0,nan,nan,0.24202144145965576,00000_001845_06,4.0,0.24425771832466125,0.21917355060577393,0.9936553835868835,coef_energy_material_checkpoint_lambdas,0.0,4.138382911682129,2.2776975631713867,63,R1,4.377257466316223,2.2245272397994995
0.0,nan,nan,7.536872863769531,00000_001845_06,4.0,8.433279037475586,8.433268547058105,0.9995799660682678,coef_energy_material_checkpoint_lambdas,0.0,4.193709373474121,2.2447524070739746,66,R1,4.365097641944885,0.5678080916404724
0.0,nan,nan,7.346673011779785,00000_001845_06,4.0,7.634194850921631,7.346673011779785,0.9984527230262756,coef_energy_material_checkpoint_lambdas,0.0,4.070168495178223,2.3612875938415527,69,R1,4.401344180107117,0.5665900111198425
0.0,nan,nan,7.628179550170898,00000_001845_06,1.0,7.628984451293945,7.628179550170898,0.9862518310546875,coef_energy_material_checkpoint_lambdas,0.0,4.1164326667785645,2.318429946899414,72,R1,4.4038702845573425,0.5670731067657471
0.0,nan,nan,0.5767720937728882,00000_001845_06,10.0,0.621967077255249,0.24325361847877502,0.9996429085731506,coef_energy_material_checkpoint_lambdas,0.0,4.167256832122803,2.274108409881592,75,R1,4.40000057220459,4.400003373622894
0.0,nan,nan,0.0002978051488753408,00000_001845_06,13.0,0.0003210034337826073,0.00011981358693446964,0.0,coef_energy_material_checkpoint_lambdas,0.0,4.157742977142334,2.2819573879241943,78,R1,4.400000095367432,4.400000095367432
0.0,nan,nan,5.854147744344118e-08,00000_001845_06,15.0,6.035435262674582e-08,1.4681406312888612e-08,0.0,coef_energy_material_checkpoint_lambdas,0.0,4.1609320640563965,2.2807717323303223,81,R1,4.400000095367432,4.400000095367432
0.0,nan,nan,8.495912307004971e-12,00000_001845_06,16.0,8.74153527341548e-12,2.057645069955538e-12,0.0,coef_energy_material_checkpoint_lambdas,0.0,4.154443264007568,2.2900161743164062,84,R1,4.400000095367432,4.400000095367432
0.0,nan,nan,-4.215384399370746e-15,00000_001845_06,16.0,6.222403133384919e-15,4.576989964333658e-15,0.0,coef_energy_material_checkpoint_lambdas,0.0,4.185784339904785,2.269505500793457,87,R1,4.400000095367432,4.400000095367432
0.0,nan,nan,-1.3006525086057253e-17,00000_001845_06,16.0,1.8606299605024835e-17,1.3305062013753154e-17,0.0,coef_energy_material_checkpoint_lambdas,0.0,4.277294635772705,2.2253541946411133,90,R1,4.400000095367432,4.400000095367432
0.0,nan,nan,0.34297943115234375,00000_001858_00,4.0,0.357940673828125,0.17011234164237976,0.9536377787590027,coef_energy_material_checkpoint_lambdas,0.0,4.197042942047119,2.197012424468994,3,R1,2.0067811608314514,1.0479984879493713
0.0,nan,nan,2.9229423999786377,00000_001858_00,3.0,2.9282796382904053,2.191791296005249,0.9863647222518921,coef_energy_material_checkpoint_lambdas,0.0,4.189033031463623,2.1782917976379395,6,R1,2.009442776441574,0.2778143286705017
0.0,nan,nan,3.9308032989501953,00000_001858_00,1.0,4.170694828033447,2.5655767917633057,0.9870136976242065,coef_energy_material_checkpoint_lambdas,0.0,4.2006754875183105,2.1932923793792725,12,R1,2.0117387175559998,0.3007569909095764
0.0,nan,nan,4.287388324737549,00000_001858_00,2.0,6.384471893310547,6.376770973205566,0.9082372188568115,coef_energy_material_checkpoint_lambdas,0.0,4.1854658126831055,2.2343952655792236,30,R1,3.7905049324035645,0.47789913415908813
0.0,nan,nan,2.0222601890563965,00000_001858_00,1.0,3.6201767921447754,3.59006929397583,-0.1494283229112625,coef_energy_material_checkpoint_lambdas,0.0,4.1799235343933105,2.2676992416381836,36,R1,3.7026181519031525,2.1682676672935486
0.0,nan,nan,2.3420920372009277,00000_001858_00,2.0,2.5627658367156982,1.9779521226882935,0.5109032392501831,coef_energy_material_checkpoint_lambdas,0.0,4.178370475769043,2.276883602142334,39,R1,3.9265326261520386,0.5497334003448486
0.0,nan,nan,-0.24371585249900818,00000_001858_00,2.0,0.348361074924469,0.3316282033920288,0.7678598165512085,coef_energy_material_checkpoint_lambdas,0.0,4.192910194396973,2.2681148052215576,45,R1,4.397982060909271,1.6566237807273865
0.0,nan,nan,2.946331739425659,00000_001858_00,2.0,6.977668762207031,5.463953495025635,0.9939073324203491,coef_energy_material_checkpoint_lambdas,0.0,4.184166431427002,2.281660795211792,48,R1,4.400681138038635,0.5645787715911865
0.0,nan,nan,4.532867431640625,00000_001858_00,2.0,6.903470039367676,6.8870015144348145,0.615082859992981,coef_energy_material_checkpoint_lambdas,0.0,4.107785701751709,2.3727073669433594,54,R1,4.093572795391083,0.5178569555282593
0.0,nan,nan,0.9972653388977051,00000_001858_00,1.0,1.0940663814544678,0.742210328578949,-0.294686883687973,coef_energy_material_checkpoint_lambdas,0.0,4.201364040374756,2.2870707511901855,57,R1,3.9574865996837616,0.4229958951473236
0.0,nan,nan,6.04831600189209,00000_001858_00,3.0,6.73950719833374,6.739351749420166,0.9013907313346863,coef_energy_material_checkpoint_lambdas,0.0,4.311797142028809,2.190709352493286,60,R1,4.400757610797882,0.5566632747650146
0.0,nan,nan,0.0008596479892730713,00000_001858_01,4.0,0.06529367715120316,0.058779824525117874,-0.7419357299804688,coef_energy_material_checkpoint_lambdas,0.0,4.197604179382324,2.244185209274292,0,R1,3.8563891649246216,3.9338983297348022
0.0,nan,nan,0.03359183296561241,00000_001858_01,3.0,0.3927535116672516,0.3913143277168274,0.7012149095535278,coef_energy_material_checkpoint_lambdas,0.0,4.199944496154785,2.2350497245788574,3,R1,3.0462154746055603,3.0462154746055603
0.0,nan,nan,0.5664846897125244,00000_001858_01,5.0,0.6468363404273987,0.025934167206287384,0.9999803900718689,coef_energy_material_checkpoint_lambdas,0.0,4.201597213745117,2.22993803024292,6,R1,2.2124936282634735,1.7397083342075348
0.0,nan,nan,0.15070687234401703,00000_001858_01,4.0,0.21050003170967102,0.0026483465917408466,0.9998855590820312,coef_energy_material_checkpoint_lambdas,0.0,4.187183380126953,2.2435901165008545,9,R1,2.016415446996689,0.7801496386528015
0.0,nan,nan,7.709223747253418,00000_001858_01,1.0,8.026710510253906,7.03174352645874,0.9979977607727051,coef_energy_material_checkpoint_lambdas,0.0,4.196290493011475,2.249854326248169,12,R1,3.0462154746055603,0.30377519130706787
0.0,nan,nan,0.28860729932785034,00000_001858_01,1.0,0.315592885017395,0.014859912917017937,0.9028361439704895,coef_energy_material_checkpoint_lambdas,0.0,4.188977241516113,2.1911189556121826,21,R1,2.0077074766159058,0.5372313559055328
0.0,nan,nan,6.830848693847656,00000_001858_01,1.0,8.007596969604492,7.784890651702881,0.8511542677879333,coef_energy_material_checkpoint_lambdas,0.0,4.190116882324219,2.234294891357422,39,R1,3.7406024038791656,0.45211663842201233
0.0,nan,nan,5.194469451904297,00000_001858_01,1.0,6.462113380432129,5.761222839355469,-0.1748209446668625,coef_energy_material_checkpoint_lambdas,0.0,4.179199695587158,2.25777268409729,45,R1,3.698267638683319,2.637102246284485
0.0,nan,nan,1.8664075136184692,00000_001858_01,3.0,3.6455271244049072,3.6355955600738525,0.6957968473434448,coef_energy_material_checkpoint_lambdas,0.0,4.179042816162109,2.269216775894165,48,R1,3.5745745599269867,1.0984812378883362
0.0,nan,nan,0.14492261409759521,00000_001858_01,2.0,2.200652599334717,1.899239420890808,0.029420912265777588,coef_energy_material_checkpoint_lambdas,0.0,4.154669284820557,2.2607688903808594,54,R1,4.3836435079574585,2.190531373023987
0.0,nan,nan,0.2233734428882599,00000_001858_01,3.0,0.28110432624816895,0.2786218822002411,0.9870799779891968,coef_energy_material_checkpoint_lambdas,0.0,4.151431083679199,2.2692246437072754,57,R1,4.3452746868133545,4.401486754417419
0.0,nan,nan,0.2278996855020523,00000_001858_01,3.0,0.23662473261356354,0.2278996855020523,0.9967249631881714,coef_energy_material_checkpoint_lambdas,0.0,4.142644882202148,2.273670196533203,60,R1,4.098065286874771,2.7569940090179443
0.0,nan,nan,0.4774203896522522,00000_001858_01,2.0,2.408397674560547,0.29356762766838074,0.9852486252784729,coef_energy_material_checkpoint_lambdas,0.0,4.180029392242432,2.266993284225464,63,R1,4.302854120731354,0.5596960186958313
0.0,nan,nan,0.9329665899276733,00000_001858_01,1.0,2.1047277450561523,1.9937708377838135,0.9935501217842102,coef_energy_material_checkpoint_lambdas,0.0,4.147736549377441,2.2880454063415527,69,R1,4.400192856788635,0.5563647747039795
0.0,nan,nan,7.240984916687012,00000_001858_01,1.0,7.240984916687012,7.240984916687012,0.9999828934669495,coef_energy_material_checkpoint_lambdas,0.0,4.09772253036499,2.325176477432251,72,R1,4.402293026447296,0.5597073435783386
0.0,nan,nan,0.0553593747317791,00000_001858_01,13.0,0.06668215245008469,0.012859548442065716,0.9996471405029297,coef_energy_material_checkpoint_lambdas,0.0,4.136923313140869,2.3014636039733887,75,R1,4.400000095367432,4.400000095367432
0.0,nan,nan,-1.4747610066478956e-07,00000_001858_01,14.0,2.3026800022307725e-07,1.4747610066478956e-07,0.0,coef_energy_material_checkpoint_lambdas,0.0,4.287496089935303,2.221503496170044,78,R1,4.400000095367432,4.400000095367432
0.0,nan,nan,7.10360860824585,00000_001858_02,1.0,7.368996620178223,6.4088053703308105,0.9515169858932495,coef_energy_material_checkpoint_lambdas,0.0,4.194088459014893,2.2757906913757324,0,R2,3.882990598678589,0.36468687653541565
0.0,nan,nan,4.582638263702393,00000_001858_02,3.0,6.076944828033447,6.062530994415283,-0.6098735928535461,coef_energy_material_checkpoint_lambdas,0.0,4.173734664916992,2.270595073699951,3,R2,2.889870673418045,0.4162296652793884
0.0,nan,nan,2.8510193824768066,00000_001858_02,2.0,3.5917441844940186,2.974029779434204,0.10935650020837784,coef_energy_material_checkpoint_lambdas,0.0,4.114022731781006,2.3095881938934326,6,R2,2.145573318004608,1.796100914478302
0.0,nan,nan,0.022318318486213684,00000_001858_02,2.0,0.6180400252342224,0.5929995179176331,0.6976726055145264,coef_energy_material_checkpoint_lambdas,0.0,4.18975305557251,2.2658042907714844,9,R2,2.0271748304367065,0.7667624354362488
0.0,nan,nan,1.429300308227539,00000_001858_02,2.0,7.027224540710449,5.514754295349121,0.9832375645637512,coef_energy_material_checkpoint_lambdas,0.0,4.214238166809082,2.2135000228881836,12,R2,2.403443366289139,0.2674821615219116
0.0,nan,nan,-0.0036422836128622293,00000_001858_02,2.0,0.0039624376222491264,0.003678815206512809,0.26665204763412476,coef_energy_material_checkpoint_lambdas,0.0,4.1959943771362305,2.1845812797546387,18,R2,2.0383640229701996,1.0374531745910645
0.0,nan,nan,3.92651104927063,00000_001858_02,1.0,4.166103363037109,2.5626699924468994,0.9870176911354065,coef_energy_material_checkpoint_lambdas,0.0,4.195401191711426,2.1993563175201416,21,R2,2.0117387175559998,0.3007569909095764
0.0,nan,nan,4.290245532989502,00000_001858_02,2.0,6.38775634765625,6.380094528198242,0.9081795811653137,coef_energy_material_checkpoint_lambdas,0.0,4.188870906829834,2.229281425476074,39,R2,3.7905049324035645,0.47789913415908813
0.0,nan,nan,2.022710084915161,00000_001858_02,1.0,3.62078857421875,3.5906591415405273,-0.149463951587677,coef_energy_material_checkpoint_lambdas,0.0,4.180606842041016,2.267521381378174,45,R2,3.7026181519031525,2.1682676672935486
0.0,nan,nan,2.3437671661376953,00000_001858_02,2.0,2.5645642280578613,1.9792907238006592,0.5108771920204163,coef_energy_material_checkpoint_lambdas,0.0,4.181378364562988,2.2759313583374023,48,R2,3.9265326261520386,0.5497334003448486
0.0,nan,nan,-0.24347156286239624,00000_001858_02,2.0,0.34825634956359863,0.33160167932510376,0.7674195766448975,coef_energy_material_checkpoint_lambdas,0.0,4.195100784301758,2.2666330337524414,54,R2,4.397982060909271,1.6566237807273865
0.0,nan,nan,2.9478859901428223,00000_001858_02,2.0,6.981637954711914,5.466978073120117,0.9939051866531372,coef_energy_material_checkpoint_lambdas,0.0,4.1872782707214355,2.2721967697143555,57,R2,4.400681138038635,0.5645787715911865
0.0,nan,nan,0.6523810625076294,00000_001858_02,1.0,2.334705114364624,1.586028814315796,-0.9516628980636597,coef_energy_material_checkpoint_lambdas,0.0,4.185524940490723,2.2826383113861084,63,R2,4.312856078147888,2.582758992910385
0.0,nan,nan,0.30639195442199707,00000_001858_02,3.0,0.5645708441734314,0.28711339831352234,0.6613669991493225,coef_energy_material_checkpoint_lambdas,0.0,4.208071708679199,2.2500834465026855,66,R2,4.194961756467819,1.0975290536880493
0.0,nan,nan,7.359006881713867,00000_001970_06,1.0,7.362187385559082,7.359006404876709,0.6677177548408508,coef_energy_material_checkpoint_lambdas,0.0,4.2072529792785645,2.233208656311035,0,R3,3.4996381402015686,0.2838054299354553
0.0,nan,nan,5.940665245056152,00000_001970_06,1.0,6.013768672943115,4.861710548400879,0.908780038356781,coef_energy_material_checkpoint_lambdas,0.0,4.155239105224609,2.297074556350708,30,R3,3.321558564901352,0.8219925165176392
0.0,nan,nan,6.468621253967285,00000_001970_06,1.0,6.468628406524658,6.468621253967285,0.9906294941902161,coef_energy_material_checkpoint_lambdas,0.0,4.152037620544434,2.243527412414551,36,R3,4.311411291360855,0.4361841082572937
0.0,nan,nan,5.684406280517578,00000_001970_06,2.0,7.151029586791992,5.913666725158691,0.9996238946914673,coef_energy_material_checkpoint_lambdas,0.0,4.133789539337158,2.2615747451782227,39,R3,4.1796994805336,0.5375258922576904
0.0,nan,nan,2.945526599884033,00000_001970_06,1.0,6.9846343994140625,6.939626216888428,0.9960876107215881,coef_energy_material_checkpoint_lambdas,0.0,4.177886486053467,2.290285110473633,54,R3,4.40105676651001,4.414880573749542
0.0,nan,nan,0.005660325288772583,00000_001970_06,2.0,0.005672735627740622,0.0028668073937296867,0.4094405174255371,coef_energy_material_checkpoint_lambdas,0.0,4.170589923858643,2.285750389099121,57,R3,4.400174975395203,4.408134698867798
0.0,nan,nan,2.7784340381622314,00000_001970_06,2.0,3.938993215560913,3.938981294631958,0.9780589938163757,coef_energy_material_checkpoint_lambdas,0.0,4.155818939208984,2.293858051300049,60,R3,4.4000890254974365,3.315225899219513
0.0,nan,nan,3.923936367034912,00000_001970_06,4.0,4.14884090423584,4.112270355224609,0.9966109991073608,coef_energy_material_checkpoint_lambdas,0.0,4.161839962005615,2.3082849979400635,63,R3,4.400043368339539,1.6612866520881653
0.0,nan,nan,5.986927032470703,00000_001970_06,4.0,6.616778373718262,5.197508811950684,0.9661973714828491,coef_energy_material_checkpoint_lambdas,0.0,4.14862060546875,2.3214797973632812,66,R3,4.401796340942383,0.5938301086425781
0.0,nan,nan,-0.02048279345035553,00000_001970_07,2.0,0.06522753089666367,0.0093747079372406,0.9772356152534485,coef_energy_material_checkpoint_lambdas,0.0,4.205623149871826,2.2545418739318848,0,R3,4.020819753408432,1.391939103603363
0.0,nan,nan,6.268889427185059,00000_001970_07,2.0,6.2773942947387695,4.2017951011657715,-0.7678959369659424,coef_energy_material_checkpoint_lambdas,0.0,4.202885150909424,2.231755495071411,3,R3,3.8869802057743073,0.33888134360313416
0.0,nan,nan,3.7122912406921387,00000_001970_07,1.0,4.108031272888184,0.08670356869697571,0.5257642865180969,coef_energy_material_checkpoint_lambdas,0.0,4.169956207275391,2.2578296661376953,27,R3,3.430082857608795,1.5193274021148682
0.0,nan,nan,5.06860876083374,00000_001970_07,1.0,6.618650913238525,6.593677520751953,0.3738481104373932,coef_energy_material_checkpoint_lambdas,0.0,4.164246559143066,2.2775607109069824,33,R3,3.243353545665741,0.3350274860858917
0.0,nan,nan,2.4436020851135254,00000_001970_07,2.0,3.0805392265319824,2.552251100540161,0.00584867037832737,coef_energy_material_checkpoint_lambdas,0.0,4.1318182945251465,2.2575812339782715,42,R3,4.309295266866684,0.440997838973999
0.0,nan,nan,6.5491790771484375,00000_001970_07,4.0,6.6125335693359375,5.276664733886719,0.9399507641792297,coef_energy_material_checkpoint_lambdas,0.0,4.170554161071777,2.3057546615600586,60,R3,4.400552451610565,4.405376613140106
0.0,nan,nan,2.5616230964660645,00000_001970_07,7.0,2.692765235900879,2.398312568664551,0.9990332126617432,coef_energy_material_checkpoint_lambdas,0.0,4.164669513702393,2.3058626651763916,63,R3,4.400007128715515,4.400126516819
0.0,nan,nan,0.00683924974873662,00000_001970_07,8.0,0.010094488970935345,0.00683924974873662,0.9999629855155945,coef_energy_material_checkpoint_lambdas,0.0,4.162603378295898,2.3114166259765625,66,R3,4.400000095367432,4.400000095367432
0.0,nan,nan,3.517511140671559e-05,00000_001970_07,10.0,3.5284629120724276e-05,3.517511140671559e-05,0.0,coef_energy_material_checkpoint_lambdas,0.0,4.216227054595947,2.2693591117858887,69,R3,4.400000095367432,4.400000095367432
0.0,nan,nan,8.088142395019531,00000_001980_00,1.0,8.088284492492676,8.088143348693848,0.9990098476409912,coef_energy_material_checkpoint_lambdas,0.0,4.186166286468506,2.1972761154174805,0,R3,3.61988827586174,0.5075363516807556
0.0,nan,nan,8.055663108825684,00000_001980_00,1.0,8.058164596557617,8.055663108825684,0.9824666380882263,coef_energy_material_checkpoint_lambdas,0.0,4.177204132080078,2.197387456893921,3,R3,3.5502156913280487,0.5331715941429138
0.0,nan,nan,7.939393043518066,00000_001980_00,1.0,7.939394950866699,7.939393520355225,0.9999852776527405,coef_energy_material_checkpoint_lambdas,0.0,4.182261943817139,2.1945202350616455,6,R3,3.8260019719600677,0.4797787666320801
0.0,nan,nan,0.3539660573005676,00000_001980_00,1.0,2.467200756072998,2.4416770935058594,0.9636971354484558,coef_energy_material_checkpoint_lambdas,0.0,4.1916279792785645,2.2171616554260254,15,R3,3.4122244119644165,0.5266245901584625
0.0,nan,nan,2.0072543621063232,00000_001980_00,1.0,2.9849092960357666,2.2092108726501465,0.9993637204170227,coef_energy_material_checkpoint_lambdas,0.0,4.182776927947998,2.250605583190918,39,R3,3.4406026005744934,3.4406026005744934
0.0,nan,nan,-0.27029359340667725,00000_001980_00,2.0,0.28902381658554077,0.10235299170017242,0.9827473163604736,coef_energy_material_checkpoint_lambdas,0.0,4.186925411224365,2.2558350563049316,42,R3,3.647669732570648,3.647669732570648
0.0,nan,nan,0.3370964825153351,00000_001980_00,3.0,0.3371281921863556,0.14661839604377747,0.9999955892562866,coef_energy_material_checkpoint_lambdas,1.0,4.181776523590088,2.261828899383545,45,R3,3.5014511942863464,3.623795837163925
0.0,nan,nan,0.04599481821060181,00000_001980_00,6.0,0.6127044558525085,0.5259037017822266,0.852531909942627,coef_energy_material_checkpoint_lambdas,0.0,4.1858344078063965,2.2661001682281494,48,R3,3.3945696353912354,3.483746200799942
0.0,nan,nan,0.1942138671875,00000_001980_00,4.0,0.46550121903419495,0.2915334403514862,0.9979065656661987,coef_energy_material_checkpoint_lambdas,0.0,4.167148590087891,2.2530646324157715,51,R3,3.5733851194381714,3.527499258518219
0.0,nan,nan,-0.0822824165225029,00000_001980_00,4.0,0.23354937136173248,0.09637322276830673,0.9998463988304138,coef_energy_material_checkpoint_lambdas,1.0,4.168835163116455,2.2626068592071533,54,R3,3.623795837163925,3.73520764708519
0.0,nan,nan,0.9991629123687744,00000_001980_00,4.0,2.884873867034912,2.7063205242156982,0.9092974066734314,coef_energy_material_checkpoint_lambdas,0.0,4.180252552032471,2.273740291595459,57,R3,3.294497489929199,2.5574851632118225
0.0,nan,nan,6.114736557006836,00000_001980_00,2.0,6.82526969909668,6.82523250579834,0.9987331628799438,coef_energy_material_checkpoint_lambdas,0.0,4.156303882598877,2.281857967376709,69,R3,3.782185047864914,0.5482524633407593
0.0,nan,nan,6.9687113761901855,00000_001980_00,1.0,7.607570648193359,6.968710899353027,0.9965916872024536,coef_energy_material_checkpoint_lambdas,0.0,4.133877754211426,2.3072102069854736,75,R3,4.3527708649635315,0.5570603013038635
0.0,nan,nan,6.737607002258301,00000_001980_00,1.0,7.106337070465088,6.737607002258301,0.9905073046684265,coef_energy_material_checkpoint_lambdas,0.0,4.148835182189941,2.3192636966705322,78,R3,4.402530670166016,0.5610885620117188
0.0,nan,nan,1.9082368612289429,00000_001980_00,5.0,1.908260464668274,1.9082368612289429,0.9965235590934753,coef_energy_material_checkpoint_lambdas,0.0,4.118790149688721,2.348991632461548,81,R3,4.400225460529327,0.5560585856437683
0.0,nan,nan,3.4423131942749023,00000_001980_00,4.0,3.8609838485717773,3.4423131942749023,0.999998152256012,coef_energy_material_checkpoint_lambdas,0.0,4.284796714782715,2.223118782043457,87,R3,4.162799149751663,0.5665377378463745
0.0,nan,nan,4.533054351806641,00000_001980_01,1.0,7.013894557952881,5.352208137512207,0.8398023247718811,coef_energy_material_checkpoint_lambdas,0.0,4.185964584350586,2.247927665710449,24,R3,3.3892077803611755,3.3892077803611755
0.0,nan,nan,-0.41316279768943787,00000_001980_01,1.0,0.6446040272712708,0.4947836399078369,0.9283930063247681,coef_energy_material_checkpoint_lambdas,0.0,4.178109645843506,2.257094144821167,27,R3,3.630526125431061,3.630526125431061
0.0,nan,nan,0.5888985395431519,00000_001980_01,3.0,0.5899440050125122,0.23196427524089813,0.9999977946281433,coef_energy_material_checkpoint_lambdas,0.0,4.184468746185303,2.2585079669952393,30,R3,3.546855479478836,3.6156585812568665
0.0,nan,nan,0.5667735934257507,00000_001980_01,5.0,0.6015875935554504,0.2016812562942505,0.9668068885803223,coef_energy_material_checkpoint_lambdas,1.0,4.179540634155273,2.2643299102783203,33,R3,3.3892077803611755,3.5679194927215576
0.0,nan,nan,0.16047358512878418,00000_001980_01,5.0,0.5514811277389526,0.5276169776916504,0.9996986389160156,coef_energy_material_checkpoint_lambdas,0.0,4.177875995635986,2.2530298233032227,36,R3,3.4623254239559174,3.4623254239559174
0.0,nan,nan,0.14516182243824005,00000_001980_01,5.0,0.24185580015182495,0.13761703670024872,0.9999728798866272,coef_energy_material_checkpoint_lambdas,0.0,4.137844085693359,2.273261547088623,39,R3,3.6083917021751404,3.687576651573181
0.0,nan,nan,0.4796842336654663,00000_001980_01,3.0,0.6298298835754395,0.4081527888774872,0.9969144463539124,coef_energy_material_checkpoint_lambdas,0.0,4.144336700439453,2.271876573562622,42,R3,3.2350361347198486,3.6872922480106354
0.0,nan,nan,0.14449790120124817,00000_001980_01,2.0,0.20319989323616028,0.14286550879478455,0.9413033127784729,coef_energy_material_checkpoint_lambdas,0.0,4.168275833129883,2.271104097366333,45,R3,3.5930146276950836,1.6364572644233704
0.0,nan,nan,6.833820819854736,00000_001980_01,1.0,8.030924797058105,7.998867511749268,0.9929894804954529,coef_energy_material_checkpoint_lambdas,0.0,4.165853023529053,2.2890164852142334,51,R3,4.404657185077667,0.6026517152786255
0.0,nan,nan,6.559442043304443,00000_001980_01,6.0,6.765374660491943,5.809553146362305,0.9751434326171875,coef_energy_material_checkpoint_lambdas,0.0,4.157873630523682,2.2966322898864746,54,R3,4.400299906730652,4.403407096862793
0.0,nan,nan,0.06022273376584053,00000_001980_01,7.0,0.06829778850078583,0.06022273376584053,0.9921302795410156,coef_energy_material_checkpoint_lambdas,0.0,4.188553810119629,2.277257204055786,57,R3,4.400000095367432,4.400029122829437
0.0,nan,nan,0.00043178745545446873,00000_001980_01,9.0,0.0007009142427705228,0.00038724715705029666,-0.7014543414115906,coef_energy_material_checkpoint_lambdas,0.0,4.299881935119629,2.221311330795288,60,R3,4.399996876716614,4.400000095367432
0.0,nan,nan,8.089982032775879,00000_001980_02,1.0,8.090124130249023,8.089982032775879,0.9990096092224121,coef_energy_material_checkpoint_lambdas,0.0,4.1873674392700195,2.1967899799346924,0,R3,3.61988827586174,0.5075363516807556
0.0,nan,nan,8.061074256896973,00000_001980_02,1.0,8.06357192993164,8.061074256896973,0.9824615716934204,coef_energy_material_checkpoint_lambdas,0.0,4.18060827255249,2.1964523792266846,3,R3,3.5502156913280487,0.5331715941429138
0.0,nan,nan,7.9456377029418945,00000_001980_02,1.0,7.945639610290527,7.945638179779053,0.9999852180480957,coef_energy_material_checkpoint_lambdas,0.0,4.1853790283203125,2.197047710418701,6,R3,3.8260019719600677,0.4797787666320801
0.0,nan,nan,6.978740692138672,00000_001980_02,1.0,7.159669399261475,7.1263861656188965,0.9635677337646484,coef_energy_material_checkpoint_lambdas,0.0,4.181606292724609,2.1938271522521973,15,R3,3.2344709932804108,0.28240299224853516
0.0,nan,nan,2.0019454956054688,00000_001980_02,1.0,2.977062463760376,2.203432559967041,0.9993643164634705,coef_energy_material_checkpoint_lambdas,0.0,4.170077323913574,2.252049684524536,39,R3,3.4406026005744934,3.4406026005744934
0.0,nan,nan,-0.27014946937561035,00000_001980_02,2.0,0.2888890206813812,0.10235297679901123,0.9827147126197815,coef_energy_material_checkpoint_lambdas,0.0,4.188900947570801,2.2548632621765137,42,R3,3.647669732570648,3.647669732570648
0.0,nan,nan,0.3366282880306244,00000_001980_02,3.0,0.3366599380970001,0.14641569554805756,0.9999955296516418,coef_energy_material_checkpoint_lambdas,1.0,4.180320739746094,2.2587194442749023,45,R3,3.5014511942863464,3.623795837163925
0.0,nan,nan,0.046015605330467224,00000_001980_02,6.0,0.6126787662506104,0.5258699655532837,0.8525513410568237,coef_energy_material_checkpoint_lambdas,0.0,4.185405731201172,2.266153573989868,48,R3,3.3945696353912354,3.483746200799942
0.0,nan,nan,0.19424350559711456,00000_001980_02,4.0,0.4655791223049164,0.29158470034599304,0.9979061484336853,coef_energy_material_checkpoint_lambdas,0.0,4.168283462524414,2.253406047821045,51,R3,3.5733851194381714,3.527499258518219
0.0,nan,nan,-0.08232344686985016,00000_001980_02,4.0,0.23366421461105347,0.096420057117939,0.9998463988304138,coef_energy_material_checkpoint_lambdas,1.0,4.170266151428223,2.2637205123901367,54,R3,3.623795837163925,3.73520764708519
0.0,nan,nan,0.998759925365448,00000_001980_02,4.0,2.883761405944824,1.2066943645477295,0.9092947244644165,coef_energy_material_checkpoint_lambdas,0.0,4.178699970245361,2.272489070892334,57,R3,3.294497489929199,0.5474032163619995
0.0,nan,nan,6.120492458343506,00000_001980_02,2.0,6.83169412612915,4.846637725830078,0.9987332224845886,coef_energy_material_checkpoint_lambdas,0.0,4.160212516784668,2.2840356826782227,69,R3,3.782185047864914,0.5664836764335632
0.0,nan,nan,4.526669979095459,00000_001980_03,1.0,7.00383186340332,5.344428539276123,0.8398143649101257,coef_energy_material_checkpoint_lambdas,0.0,4.179815292358398,2.2465286254882812,24,R3,3.3892077803611755,3.3892077803611755
0.0,nan,nan,-0.412431925535202,00000_001980_03,1.0,0.6438775062561035,0.49444735050201416,0.9281934499740601,coef_energy_material_checkpoint_lambdas,0.0,4.178995132446289,2.2539777755737305,27,R3,3.630526125431061,3.630526125431061
0.0,nan,nan,0.5890201926231384,00000_001980_03,3.0,0.5900658965110779,0.23201188445091248,0.9999979138374329,coef_energy_material_checkpoint_lambdas,0.0,4.186662673950195,2.2589807510375977,30,R3,3.546855479478836,3.6156585812568665
0.0,nan,nan,0.5665826201438904,00000_001980_03,5.0,0.6014544367790222,0.2018207311630249,0.9667238593101501,coef_energy_material_checkpoint_lambdas,1.0,4.18375301361084,2.263352632522583,33,R3,3.3892077803611755,3.5679194927215576
0.0,nan,nan,0.16113385558128357,00000_001980_03,5.0,0.553905189037323,0.5299498438835144,0.9997006058692932,coef_energy_material_checkpoint_lambdas,0.0,4.181703567504883,2.2690956592559814,36,R3,3.4623254239559174,3.4623254239559174
0.0,nan,nan,0.14411339163780212,00000_001980_03,5.0,0.24014268815517426,0.04299220070242882,0.9999721050262451,coef_energy_material_checkpoint_lambdas,0.0,4.167197227478027,2.257209062576294,39,R3,3.6083917021751404,2.6967064142227173
0.0,nan,nan,0.6476587653160095,00000_001980_03,6.0,0.9861791133880615,0.9103419780731201,0.9671458601951599,coef_energy_material_checkpoint_lambdas,0.0,4.1680908203125,2.263852596282959,42,R3,3.3218575716018677,1.5358027815818787
0.0,nan,nan,4.499937057495117,00000_001980_03,1.0,6.392254829406738,6.392192363739014,0.9992023706436157,coef_energy_material_checkpoint_lambdas,0.0,4.1699299812316895,2.28714919090271,54,R3,3.9461890161037445,0.5529707074165344
0.0,nan,nan,1.37690007686615,00000_001980_03,1.0,1.4097410440444946,1.37690007686615,-0.720012366771698,coef_energy_material_checkpoint_lambdas,0.0,4.134274482727051,2.292799711227417,57,R3,4.009861528873444,0.5281673073768616
0.0,nan,nan,2.4391746520996094,00000_001980_03,1.0,3.435478925704956,3.4354500770568848,0.9006783962249756,coef_energy_material_checkpoint_lambdas,0.0,4.1428680419921875,2.3036093711853027,60,R3,4.314602762460709,0.5099795460700989
0.0,nan,nan,6.954082489013672,00000_001980_03,4.0,7.510413646697998,6.923151016235352,0.9602614641189575,coef_energy_material_checkpoint_lambdas,0.0,4.1377339363098145,2.3212227821350098,63,R3,4.396371483802795,0.5974504947662354
0.0,nan,nan,6.77608585357666,00000_001980_03,6.0,6.822758674621582,5.354751110076904,0.9686201214790344,coef_energy_material_checkpoint_lambdas,0.0,4.130814075469971,2.3600194454193115,66,R3,4.400471270084381,1.1088407635688782
0.0,nan,nan,5.217557907104492,00000_001980_03,4.0,5.956698894500732,2.8739089965820312,0.9969368577003479,coef_energy_material_checkpoint_lambdas,0.0,4.131536960601807,2.3128976821899414,69,R3,4.4010191559791565,0.5823463201522827
0.0,nan,nan,6.367918968200684,00000_001980_03,4.0,6.368113040924072,4.537944316864014,0.9486034512519836,coef_energy_material_checkpoint_lambdas,1.0,4.2739787101745605,2.2297964096069336,72,R3,4.166904449462891,4.408600091934204
0.0,nan,nan,-0.5196130275726318,00000_001980_04,1.0,0.617104709148407,0.3328971266746521,0.822127640247345,coef_energy_material_checkpoint_lambdas,0.0,4.203883647918701,2.2351608276367188,0,R3,4.351712167263031,1.6168758571147919
0.0,nan,nan,0.3494721055030823,00000_001980_04,1.0,3.9369938373565674,3.921452522277832,0.9050412178039551,coef_energy_material_checkpoint_lambdas,0.0,4.184019565582275,2.2064507007598877,3,R3,3.7083373367786407,0.7791774570941925
0.0,nan,nan,3.8365824222564697,00000_001980_04,1.0,5.427334785461426,3.8388278484344482,0.9999964237213135,coef_energy_material_checkpoint_lambdas,0.0,4.180342674255371,2.2004623413085938,6,R3,2.81958270072937,0.32331040501594543
0.0,nan,nan,4.527245998382568,00000_001980_04,1.0,7.0049920082092285,5.345461368560791,0.8397968411445618,coef_energy_material_checkpoint_lambdas,0.0,4.180718421936035,2.244231700897217,27,R3,3.3892077803611755,3.3892077803611755
0.0,nan,nan,-0.41254541277885437,00000_001980_04,1.0,0.6442727446556091,0.49486732482910156,0.9280884265899658,coef_energy_material_checkpoint_lambdas,0.0,4.18450403213501,2.2550597190856934,30,R3,3.630526125431061,3.630526125431061
0.0,nan,nan,0.5888993740081787,00000_001980_04,3.0,0.5899447798728943,0.23196494579315186,0.9999977946281433,coef_energy_material_checkpoint_lambdas,0.0,4.18328857421875,2.2585060596466064,33,R3,3.546855479478836,3.6156585812568665
0.0,nan,nan,0.5666463375091553,00000_001980_04,5.0,0.6014870405197144,0.20173896849155426,0.9667657017707825,coef_energy_material_checkpoint_lambdas,1.0,4.181392669677734,2.2637152671813965,36,R3,3.3892077803611755,3.5679194927215576
0.0,nan,nan,0.1604817807674408,00000_001980_04,5.0,0.5515084266662598,0.5276430249214172,0.9996986389160156,coef_energy_material_checkpoint_lambdas,0.0,4.178165435791016,2.253106117248535,39,R3,3.4623254239559174,3.4623254239559174
0.0,nan,nan,0.14513500034809113,00000_001980_04,5.0,0.24181149899959564,0.13759206235408783,0.9999728202819824,coef_energy_material_checkpoint_lambdas,0.0,4.1377458572387695,2.272845506668091,42,R3,3.6083917021751404,3.687576651573181
0.0,nan,nan,0.47936204075813293,00000_001980_04,3.0,0.6294525265693665,0.4079491198062897,0.9969077706336975,coef_energy_material_checkpoint_lambdas,0.0,4.146339416503906,2.269792079925537,45,R3,3.2350361347198486,3.6872922480106354
0.0,nan,nan,0.14451207220554352,00000_001980_04,2.0,0.20339566469192505,0.14312951266765594,0.9415978789329529,coef_energy_material_checkpoint_lambdas,0.0,4.162120819091797,2.271881341934204,48,R3,3.5930146276950836,1.6364572644233704
0.0,nan,nan,1.4964529275894165,00000_001980_04,2.0,2.350268840789795,1.8122893571853638,0.9882417321205139,coef_energy_material_checkpoint_lambdas,0.0,4.2551069259643555,2.2311689853668213,54,R3,4.401339590549469,4.401339590549469
0.0,nan,nan,8.090113639831543,00000_001980_05,1.0,8.090255737304688,8.09011459350586,0.9990096092224121,coef_energy_material_checkpoint_lambdas,0.0,4.187498092651367,2.1965792179107666,0,R3,3.61988827586174,0.5075363516807556
0.0,nan,nan,8.06705093383789,00000_001980_05,1.0,8.069543838500977,8.06705093383789,0.9824551343917847,coef_energy_material_checkpoint_lambdas,0.0,4.1844706535339355,2.195012331008911,3,R3,3.5502156913280487,0.5331715941429138
0.0,nan,nan,7.946415901184082,00000_001980_05,1.0,7.946417808532715,7.946415901184082,0.9999852180480957,coef_energy_material_checkpoint_lambdas,0.0,4.185855865478516,2.1969518661499023,6,R3,3.8260019719600677,0.4797787666320801
0.0,nan,nan,3.9266626834869385,00000_001980_05,1.0,4.553325653076172,2.305231809616089,0.8915665745735168,coef_energy_material_checkpoint_lambdas,0.0,4.170175552368164,2.205620765686035,9,R3,2.6346342265605927,2.6346342265605927
0.0,nan,nan,1.616930603981018,00000_001980_05,2.0,2.229189395904541,2.2284278869628906,0.8272766470909119,coef_energy_material_checkpoint_lambdas,0.0,4.183825969696045,2.1973659992218018,12,R3,2.0371099412441254,0.6046687662601471
0.0,nan,nan,6.97804069519043,00000_001980_05,1.0,7.158949851989746,7.125668525695801,0.9635673761367798,coef_energy_material_checkpoint_lambdas,0.0,4.181201934814453,2.193532705307007,15,R3,3.2344709932804108,0.28240299224853516
0.0,nan,nan,2.0053398609161377,00000_001980_05,1.0,2.9820480346679688,2.2070846557617188,0.9993637204170227,coef_energy_material_checkpoint_lambdas,0.0,4.179284572601318,2.246215343475342,39,R3,3.4406026005744934,3.4406026005744934
0.0,nan,nan,-0.27023592591285706,00000_001980_05,2.0,0.2889508008956909,0.10229915380477905,0.9827665686607361,coef_energy_material_checkpoint_lambdas,0.0,4.18356466293335,2.255218029022217,42,R3,3.647669732570648,3.647669732570648
0.0,nan,nan,0.3370727300643921,00000_001980_05,3.0,0.3371044397354126,0.14660777151584625,0.9999955296516418,coef_energy_material_checkpoint_lambdas,1.0,4.180099010467529,2.2616591453552246,45,R3,3.5014511942863464,3.623795837163925
0.0,nan,nan,0.04475000500679016,00000_001980_05,6.0,0.6099726557731628,0.5240931510925293,0.8516373038291931,coef_energy_material_checkpoint_lambdas,0.0,4.178783893585205,2.249199390411377,48,R3,3.3945696353912354,3.483746200799942
0.0,nan,nan,0.19556085765361786,00000_001980_05,4.0,0.46795886754989624,0.46516212821006775,0.9979552626609802,coef_energy_material_checkpoint_lambdas,0.0,4.140254020690918,2.2689476013183594,51,R3,3.5733851194381714,3.5975596606731415
0.0,nan,nan,0.08453947305679321,00000_001980_05,5.0,0.5464052557945251,0.5388573408126831,-0.4148624539375305,coef_energy_material_checkpoint_lambdas,1.0,4.144732475280762,2.2672648429870605,54,R3,3.3376073837280273,4.052438050508499
0.0,nan,nan,0.15617679059505463,00000_001980_05,2.0,0.1985108107328415,0.16563637554645538,0.9972735643386841,coef_energy_material_checkpoint_lambdas,0.0,4.148922920227051,2.270716428756714,57,R3,3.4696593582630157,4.401448667049408
0.0,nan,nan,0.29938456416130066,00000_001980_05,2.0,0.43847692012786865,0.32036054134368896,0.9334595203399658,coef_energy_material_checkpoint_lambdas,0.0,4.171722412109375,2.2753219604492188,60,R3,3.98282590508461,2.2148029804229736
0.0,nan,nan,4.656161785125732,00000_001980_05,1.0,6.3604865074157715,6.356383323669434,0.9972812533378601,coef_energy_material_checkpoint_lambdas,0.0,4.171667575836182,2.299187660217285,63,R3,4.375772595405579,0.555953323841095
0.0,nan,nan,0.7913874387741089,00000_001980_05,5.0,1.0820688009262085,1.081408977508545,0.9964680075645447,coef_energy_material_checkpoint_lambdas,0.0,4.176009178161621,2.3095407485961914,66,R3,4.400077223777771,4.40157824754715
0.0,nan,nan,0.6099147200584412,00000_001980_05,6.0,0.6377067565917969,0.562944769859314,0.9994831681251526,coef_energy_material_checkpoint_lambdas,0.0,4.154207706451416,2.2991015911102295,69,R3,4.40000057220459,4.400022089481354
0.0,nan,nan,0.011553339660167694,00000_001980_05,8.0,0.014547961764037609,0.013074454851448536,0.9771324992179871,coef_energy_material_checkpoint_lambdas,0.0,4.227104187011719,2.2570858001708984,72,R3,4.400000035762787,4.4000436663627625
0.0,nan,nan,8.088155746459961,00000_001980_06,1.0,8.088297843933105,8.088156700134277,0.9990098476409912,coef_energy_material_checkpoint_lambdas,0.0,4.186225414276123,2.197072982788086,0,R3,3.61988827586174,0.5075363516807556
0.0,nan,nan,8.060672760009766,00000_001980_06,1.0,8.063177108764648,8.060672760009766,0.9824673533439636,coef_energy_material_checkpoint_lambdas,0.0,4.179727554321289,2.1990535259246826,3,R3,3.5502156913280487,0.5331715941429138
0.0,nan,nan,7.9325361251831055,00000_001980_06,1.0,7.932538032531738,7.932536602020264,0.9999852776527405,coef_energy_material_checkpoint_lambdas,0.0,4.178128719329834,2.1950457096099854,6,R3,3.8260019719600677,0.4797787666320801
0.0,nan,nan,1.7042025327682495,00000_001980_06,1.0,1.7131808996200562,0.17516514658927917,0.9161084294319153,coef_energy_material_checkpoint_lambdas,0.0,4.180756568908691,2.207932710647583,15,R3,3.3795799016952515,0.2631133198738098
0.0,nan,nan,2.0042531490325928,00000_001980_06,1.0,2.9804649353027344,2.205933094024658,0.9993640780448914,coef_energy_material_checkpoint_lambdas,0.0,4.1758832931518555,2.2501304149627686,39,R3,3.4406026005744934,3.4406026005744934
0.0,nan,nan,-0.2700064778327942,00000_001980_06,2.0,0.28873947262763977,0.1023082584142685,0.9827091097831726,coef_energy_material_checkpoint_lambdas,0.0,4.187413215637207,2.253709554672241,42,R3,3.647669732570648,3.647669732570648
0.0,nan,nan,0.3372441530227661,00000_001980_06,3.0,0.337275892496109,0.1466813087463379,0.9999955892562866,coef_energy_material_checkpoint_lambdas,1.0,4.177576065063477,2.262774705886841,45,R3,3.5014511942863464,3.623795837163925
0.0,nan,nan,0.044803738594055176,00000_001980_06,6.0,0.6100220680236816,0.5241098403930664,0.8516804575920105,coef_energy_material_checkpoint_lambdas,0.0,4.178562641143799,2.249709129333496,48,R3,3.3945696353912354,3.483746200799942
0.0,nan,nan,0.19547727704048157,00000_001980_06,4.0,0.4677886366844177,0.4649944007396698,0.9979532957077026,coef_energy_material_checkpoint_lambdas,0.0,4.140639781951904,2.267967700958252,51,R3,3.5733851194381714,3.5975596606731415
0.0,nan,nan,0.08454981446266174,00000_001980_06,5.0,0.5463886260986328,0.5388430953025818,-0.41488420963287354,coef_energy_material_checkpoint_lambdas,1.0,4.144560813903809,2.266873359680176,54,R3,3.3376073837280273,4.052438050508499
0.0,nan,nan,0.15627484023571014,00000_001980_06,2.0,0.1986217200756073,0.16571927070617676,0.9972800612449646,coef_energy_material_checkpoint_lambdas,0.0,4.14630126953125,2.272233486175537,57,R3,3.4696593582630157,4.401448667049408
0.0,nan,nan,0.2978839874267578,00000_001980_06,2.0,0.43639665842056274,0.31891560554504395,0.9335497617721558,coef_energy_material_checkpoint_lambdas,0.0,4.149212837219238,2.281355381011963,60,R3,3.98282590508461,2.2148029804229736
0.0,nan,nan,4.618409633636475,00000_001980_06,1.0,6.3089752197265625,4.298076629638672,0.9972820281982422,coef_energy_material_checkpoint_lambdas,0.0,4.137314319610596,2.292651891708374,63,R3,4.375772595405579,0.5764557719230652
0.0,nan,nan,2.5295066833496094,00000_001980_06,7.0,2.6602728366851807,0.8238008618354797,0.9978201389312744,coef_energy_material_checkpoint_lambdas,0.0,4.139986515045166,2.3008055686950684,66,R3,4.400006651878357,4.400006651878357
0.0,nan,nan,1.8706291484704707e-06,00000_001980_06,12.0,1.5141003132157493e-05,1.870629034783633e-06,0.0,coef_energy_material_checkpoint_lambdas,0.0,4.135922908782959,2.310394763946533,69,R3,4.399996876716614,4.400000095367432
0.0,nan,nan,1.889483292050187e-10,00000_001980_06,16.0,3.1854988091772896e-10,1.889483292050187e-10,0.0,coef_energy_material_checkpoint_lambdas,0.0,4.2192535400390625,2.2660160064697266,72,R3,4.400000095367432,4.400000095367432
0.0,nan,nan,0.02143903262913227,00000_001980_07,5.0,0.026739416643977165,0.004705225583165884,0.8735911846160889,coef_energy_material_checkpoint_lambdas,1.0,4.214061737060547,2.2479248046875,0,R3,3.8701868653297424,4.224582135677338
0.0,nan,nan,0.018140679225325584,00000_001980_07,4.0,0.10699956119060516,0.1054505705833435,0.9979143738746643,coef_energy_material_checkpoint_lambdas,0.0,4.208434104919434,2.2404043674468994,3,R3,3.4122244119644165,3.4122244119644165
0.0,nan,nan,-0.264893114566803,00000_001980_07,1.0,0.28164610266685486,0.09568781405687332,0.964989960193634,coef_energy_material_checkpoint_lambdas,0.0,4.203159332275391,2.2242798805236816,6,R3,4.399466693401337,2.548964649438858
0.0,nan,nan,0.5650550127029419,00000_001980_07,1.0,2.458360195159912,2.3925399780273438,-0.19075392186641693,coef_energy_material_checkpoint_lambdas,0.0,4.1787872314453125,2.20211124420166,9,R3,4.224582135677338,1.2980063259601593
0.0,nan,nan,5.732007026672363,00000_001980_07,1.0,6.351276874542236,5.01011323928833,0.9999906420707703,coef_energy_material_checkpoint_lambdas,0.0,4.1809210777282715,2.2242934703826904,18,R3,2.024539142847061,0.2856876254081726
0.0,nan,nan,2.0045108795166016,00000_001980_07,1.0,2.980839252471924,2.206204652786255,0.9993639588356018,coef_energy_material_checkpoint_lambdas,0.0,4.176730155944824,2.2490200996398926,36,R3,3.4406026005744934,3.4406026005744934
0.0,nan,nan,-0.2702140212059021,00000_001980_07,2.0,0.2889552712440491,0.10236957669258118,0.9827194213867188,coef_energy_material_checkpoint_lambdas,0.0,4.189295291900635,2.255368709564209,39,R3,3.647669732570648,3.647669732570648
0.0,nan,nan,0.3364960551261902,00000_001980_07,3.0,0.3365277051925659,0.14635825157165527,0.9999954700469971,coef_energy_material_checkpoint_lambdas,1.0,4.179044723510742,2.2578349113464355,42,R3,3.5014511942863464,3.623795837163925
0.0,nan,nan,0.04616788029670715,00000_001980_07,6.0,0.6124119758605957,0.5255523324012756,0.8526988625526428,coef_energy_material_checkpoint_lambdas,0.0,4.181657314300537,2.2662930488586426,45,R3,3.3945696353912354,3.483746200799942
0.0,nan,nan,0.194961816072464,00000_001980_07,4.0,0.46719634532928467,0.2925601601600647,0.9979127645492554,coef_energy_material_checkpoint_lambdas,0.0,4.176137924194336,2.2617738246917725,48,R3,3.5733851194381714,3.527499258518219
0.0,nan,nan,-0.08225081115961075,00000_001980_07,4.0,0.23346325755119324,0.21849462389945984,0.999846339225769,coef_energy_material_checkpoint_lambdas,0.0,4.168684005737305,2.261770248413086,51,R3,3.623795837163925,2.3272504806518555
0.0,nan,nan,2.727832555770874,00000_001980_07,3.0,2.8012170791625977,1.4669109582901,0.9927377700805664,coef_energy_material_checkpoint_lambdas,0.0,4.177239894866943,2.2681467533111572,54,R3,3.1764333844184875,0.5548503398895264
0.0,nan,nan,3.538257598876953,00000_001980_07,1.0,6.233802795410156,6.131045818328857,0.9831264019012451,coef_energy_material_checkpoint_lambdas,0.0,4.16535758972168,2.3197383880615234,60,R3,3.9099429845809937,0.5201873183250427
0.0,nan,nan,5.772143363952637,00000_001980_07,2.0,6.560743808746338,6.557446002960205,-0.02599090337753296,coef_energy_material_checkpoint_lambdas,0.0,4.262292385101318,2.2007975578308105,66,R3,4.06633934378624,0.38762545585632324
0.0,nan,nan,3.5825767517089844,00000_001981_00,1.0,3.6391055583953857,2.081472158432007,0.9902405738830566,coef_energy_material_checkpoint_lambdas,0.0,4.214637756347656,2.246433734893799,18,R3,4.40884667634964,0.557214081287384
0.0,nan,nan,1.6314913034439087,00000_001981_00,1.0,5.18690299987793,3.6611673831939697,0.9989238381385803,coef_energy_material_checkpoint_lambdas,0.0,4.2628936767578125,2.209476947784424,39,R3,4.402682781219482,0.5827420353889465
0.0,nan,nan,4.694383144378662,00000_001981_00,3.0,5.865811824798584,4.694383144378662,0.9969456791877747,coef_energy_material_checkpoint_lambdas,0.0,4.203874588012695,2.235672950744629,48,R3,4.401017606258392,0.5563760995864868
0.0,nan,nan,7.3567047119140625,00000_001981_00,1.0,7.356740474700928,7.3567047119140625,0.9964122176170349,coef_energy_material_checkpoint_lambdas,0.0,4.161097049713135,2.2729556560516357,51,R3,4.402868926525116,0.5668922662734985
0.0,nan,nan,0.06525246053934097,00000_001981_00,10.0,0.06650073081254959,0.01282433234155178,0.9996451735496521,coef_energy_material_checkpoint_lambdas,0.0,4.125300407409668,2.3089325428009033,57,R3,4.400000095367432,4.400000095367432
0.0,nan,nan,0.0,00000_001981_00,11.0,1.5740964443011762e-07,1.1130542532100662e-07,0.0,coef_energy_material_checkpoint_lambdas,0.0,4.146526336669922,2.286141872406006,60,R3,4.400000095367432,4.400000095367432
0.0,nan,nan,4.715854373671391e-08,00000_001981_00,12.0,5.543721570688831e-08,5.3953851164578737e-08,0.0,coef_energy_material_checkpoint_lambdas,0.0,4.187689304351807,2.2653331756591797,63,R3,4.400000095367432,4.400003373622894
0.0,nan,nan,7.596186333103105e-05,00000_001981_00,11.0,8.556427201256156e-05,3.9383245166391134e-05,0.0,coef_energy_material_checkpoint_lambdas,0.0,4.197643756866455,2.2629051208496094,66,R3,4.400000095367432,4.403862953186035
0.0,nan,nan,0.05519108846783638,00000_001981_00,9.0,0.05776120722293854,0.02697816677391529,0.9755796790122986,coef_energy_material_checkpoint_lambdas,0.0,4.196567535400391,2.260643482208252,69,R3,4.400000095367432,4.404096245765686
0.0,nan,nan,1.1029279232025146,00000_001981_00,5.0,1.1178914308547974,0.6562933325767517,0.9968048334121704,coef_energy_material_checkpoint_lambdas,0.0,4.18635368347168,2.2645459175109863,72,R3,4.400704801082611,4.403871953487396
0.0,nan,nan,0.2741074860095978,00000_001981_00,5.0,0.42622438073158264,0.16935007274150848,0.955826461315155,coef_energy_material_checkpoint_lambdas,0.0,4.1866865158081055,2.25966477394104,75,R3,4.400161266326904,4.403426170349121
0.0,nan,nan,1.5937745571136475,00000_001981_00,4.0,2.68119215965271,2.389742851257324,0.9979526996612549,coef_energy_material_checkpoint_lambdas,0.0,4.173730850219727,2.2651915550231934,78,R3,4.400015115737915,3.3086966276168823
0.0,nan,nan,0.250166118144989,00000_001981_00,3.0,0.2870183289051056,0.250166118144989,0.99325031042099,coef_energy_material_checkpoint_lambdas,0.0,4.165054798126221,2.2586047649383545,81,R3,4.400059998035431,1.657307505607605
0.0,nan,nan,1.4162037372589111,00000_001981_00,2.0,6.843327045440674,5.355009078979492,0.9856263995170593,coef_energy_material_checkpoint_lambdas,0.0,4.176967144012451,2.2498013973236084,84,R3,4.403148174285889,0.5596927404403687
0.0,nan,nan,6.054571151733398,00000_001981_00,1.0,6.769176006317139,8.107012399705127e-05,0.9999998211860657,coef_energy_material_checkpoint_lambdas,0.0,4.293822288513184,2.2044262886047363,87,R3,4.268456518650055,3.7643412351608276
0.0,nan,nan,3.5825767517089844,00000_001981_01,1.0,3.6391055583953857,2.081472158432007,0.9902405738830566,coef_energy_material_checkpoint_lambdas,0.0,4.214637756347656,2.246433734893799,18,R3,4.40884667634964,0.557214081287384
0.0,nan,nan,1.6314913034439087,00000_001981_01,1.0,5.18690299987793,3.6611673831939697,0.9989238381385803,coef_energy_material_checkpoint_lambdas,0.0,4.2628936767578125,2.209476947784424,39,R3,4.402682781219482,0.5827420353889465
0.0,nan,nan,4.694383144378662,00000_001981_01,3.0,5.865811824798584,4.694383144378662,0.9969456791877747,coef_energy_material_checkpoint_lambdas,0.0,4.203874588012695,2.235672950744629,48,R3,4.401017606258392,0.5563760995864868
0.0,nan,nan,7.428865432739258,00000_001981_01,1.0,7.428899765014648,7.428865432739258,0.9964059591293335,coef_energy_material_checkpoint_lambdas,0.0,4.205597877502441,2.2401578426361084,51,R3,4.402868926525116,0.5668922662734985
0.0,nan,nan,0.2662663757801056,00000_001981_01,5.0,0.266506165266037,0.18028677999973297,0.9980283379554749,coef_energy_material_checkpoint_lambdas,0.0,4.201126575469971,2.24534010887146,57,R3,4.400000095367432,3.860531270503998
0.0,nan,nan,0.005696786101907492,00000_001981_01,6.0,0.00614428473636508,0.005696786101907492,0.9384216666221619,coef_energy_material_checkpoint_lambdas,0.0,4.19346284866333,2.2385642528533936,60,R3,4.400000095367432,2.210512638092041
0.0,nan,nan,2.780341386795044,00000_001981_01,5.0,3.9319682121276855,2.8178264983580448e-05,0.9999996423721313,coef_energy_material_checkpoint_lambdas,0.0,4.1588358879089355,2.2565767765045166,63,R3,4.400029182434082,0.5596929788589478
0.0,nan,nan,5.904693603515625,00000_001981_01,4.0,6.601528167724609,6.601528167724609,0.9999988675117493,coef_energy_material_checkpoint_lambdas,0.0,4.1832075119018555,2.246802568435669,66,R3,4.400810241699219,0.555932343006134
0.0,nan,nan,6.872321128845215,00000_001981_01,3.0,7.852720260620117,6.872321128845215,0.9984557628631592,coef_energy_material_checkpoint_lambdas,0.0,4.198858261108398,2.2393927574157715,69,R3,4.401208817958832,0.582942545413971
0.0,nan,nan,1.5604026317596436,00000_001981_01,2.0,2.329679012298584,1.7298983335494995,0.9995776414871216,coef_energy_material_checkpoint_lambdas,0.0,4.165040969848633,2.266242027282715,81,R3,4.395217597484589,4.395217597484589
0.0,nan,nan,-0.7192090153694153,00000_001981_01,3.0,1.3436915874481201,1.1350089311599731,0.9862195253372192,coef_energy_material_checkpoint_lambdas,0.0,4.167006015777588,2.2613003253936768,84,R3,4.287862300872803,4.287862300872803
0.0,nan,nan,0.3281957805156708,00000_001981_01,2.0,0.4345581829547882,0.28483039140701294,0.9974303245544434,coef_energy_material_checkpoint_lambdas,0.0,4.153207778930664,2.2714335918426514,87,R3,4.263883888721466,4.263883888721466
0.0,nan,nan,0.20494939386844635,00000_001981_01,3.0,0.22770005464553833,0.20494939386844635,0.4526940882205963,coef_energy_material_checkpoint_lambdas,0.0,4.156442642211914,2.2729885578155518,90,R3,4.333199203014374,3.192339301109314
0.0,nan,nan,0.050324514508247375,00000_001981_01,3.0,0.09879627823829651,0.08501850813627243,-0.32478711009025574,coef_energy_material_checkpoint_lambdas,0.0,4.128277778625488,2.2845969200134277,93,R3,4.287862300872803,1.6303108930587769
0.0,nan,nan,6.804899215698242,00000_001981_01,3.0,6.828440189361572,4.41119909286499,0.6842578053474426,coef_energy_material_checkpoint_lambdas,0.0,4.142940521240234,2.280893087387085,96,R3,4.221998035907745,0.5428453683853149
0.0,nan,nan,4.231484889984131,00000_001981_01,1.0,5.602004051208496,4.231484889984131,0.10395754128694534,coef_energy_material_checkpoint_lambdas,0.0,4.099499225616455,2.3313252925872803,99,R3,4.3851892948150635,0.5800385475158691
0.0,nan,nan,6.909964561462402,00000_001981_01,3.0,6.955007553100586,4.327282905578613,0.9964415431022644,coef_energy_material_checkpoint_lambdas,0.0,4.139030456542969,2.291612386703491,102,R3,4.400276601314545,3.3094732761383057
0.0,nan,nan,0.04340562969446182,00000_001981_01,4.0,0.04522761330008507,0.04340562969446182,0.8944854140281677,coef_energy_material_checkpoint_lambdas,0.0,4.092441082000732,2.327310800552368,105,R3,4.400000631809235,1.6586845517158508
0.0,nan,nan,6.036728858947754,00000_001981_01,5.0,6.668330669403076,5.2334065437316895,0.9635010957717896,coef_energy_material_checkpoint_lambdas,0.0,4.045987606048584,2.3656084537506104,108,R3,4.399806439876556,0.5601785778999329
0.0,nan,nan,5.9625959396362305,00000_001981_01,1.0,5.962604999542236,5.9625959396362305,0.999183177947998,coef_energy_material_checkpoint_lambdas,0.0,4.1768903732299805,2.2607429027557373,111,R3,4.401943385601044,0.5768541693687439
0.0,nan,nan,3.5825767517089844,00000_001981_02,1.0,3.6391055583953857,2.081472158432007,0.9902405738830566,coef_energy_material_checkpoint_lambdas,0.0,4.214637756347656,2.246433734893799,18,R3,4.40884667634964,0.557214081287384
0.0,nan,nan,1.6314913034439087,00000_001981_02,1.0,5.18690299987793,3.6611673831939697,0.9989238381385803,coef_energy_material_checkpoint_lambdas,0.0,4.2628936767578125,2.209476947784424,39,R3,4.402682781219482,0.5827420353889465
0.0,nan,nan,4.694383144378662,00000_001981_02,3.0,5.865811824798584,4.694383144378662,0.9969456791877747,coef_energy_material_checkpoint_lambdas,0.0,4.203874588012695,2.235672950744629,48,R3,4.401017606258392,0.5563760995864868
0.0,nan,nan,7.3567047119140625,00000_001981_02,1.0,7.356740474700928,7.3567047119140625,0.9964122176170349,coef_energy_material_checkpoint_lambdas,0.0,4.161097049713135,2.2729556560516357,51,R3,4.402868926525116,0.5668922662734985
0.0,nan,nan,0.06547745317220688,00000_001981_02,10.0,0.0667300745844841,0.012868795543909073,0.9996450543403625,coef_energy_material_checkpoint_lambdas,0.0,4.140088081359863,2.296358346939087,57,R3,4.400000095367432,4.400000095367432
0.0,nan,nan,0.0,00000_001981_02,11.0,1.588084472814444e-07,1.1229452923089411e-07,0.0,coef_energy_material_checkpoint_lambdas,0.0,4.183373928070068,2.257617473602295,60,R3,4.400000095367432,4.400000095367432
0.0,nan,nan,2.287182354621109e-07,00000_001981_02,12.0,3.700167496845097e-07,2.9086143626955163e-07,0.0,coef_energy_material_checkpoint_lambdas,0.0,4.184701442718506,2.268031358718872,63,R3,4.400000095367432,3.8563761115074158
0.0,nan,nan,0.0007454350125044584,00000_001981_02,9.0,0.0007604368729516864,0.00015030265785753727,0.0,coef_energy_material_checkpoint_lambdas,0.0,4.184589862823486,2.255744218826294,66,R3,4.400000095367432,2.206376075744629
0.0,nan,nan,2.560120105743408,00000_001981_02,7.0,2.692422389984131,1.2208197116851807,0.9979885220527649,coef_energy_material_checkpoint_lambdas,0.0,4.191646099090576,2.25034761428833,69,R3,4.400006651878357,0.5558789372444153
0.0,nan,nan,4.679365634918213,00000_001981_02,1.0,6.385401725769043,6.381016731262207,0.9994987845420837,coef_energy_material_checkpoint_lambdas,0.0,4.194062232971191,2.2567789554595947,72,R3,4.401306092739105,0.5559029579162598
0.0,nan,nan,0.3961385488510132,00000_001981_02,4.0,0.3961411416530609,0.2791064977645874,0.9934148192405701,coef_energy_material_checkpoint_lambdas,0.0,4.1856913566589355,2.262091875076294,75,R3,4.400043427944183,1.6573022603988647
0.0,nan,nan,2.889313220977783,00000_001981_02,3.0,6.855441570281982,5.364530086517334,0.9856519103050232,coef_energy_material_checkpoint_lambdas,0.0,4.1840596199035645,2.256741523742676,78,R3,4.4005104303359985,0.5596962571144104
0.0,nan,nan,1.559553623199463,00000_001981_02,2.0,2.3284149169921875,1.728961706161499,0.9995776414871216,coef_energy_material_checkpoint_lambdas,0.0,4.162591934204102,2.2686564922332764,81,R3,4.395217597484589,4.395217597484589
0.0,nan,nan,-0.7192090153694153,00000_001981_02,3.0,1.3436915874481201,1.1350089311599731,0.9862195253372192,coef_energy_material_checkpoint_lambdas,0.0,4.167006015777588,2.2613003253936768,84,R3,4.287862300872803,4.287862300872803
0.0,nan,nan,0.3281957805156708,00000_001981_02,2.0,0.4345581829547882,0.28483039140701294,0.9974303245544434,coef_energy_material_checkpoint_lambdas,0.0,4.153207778930664,2.2714335918426514,87,R3,4.263883888721466,4.263883888721466
0.0,nan,nan,0.20494939386844635,00000_001981_02,3.0,0.22770005464553833,0.20494939386844635,0.4526940882205963,coef_energy_material_checkpoint_lambdas,0.0,4.156442642211914,2.2729885578155518,90,R3,4.333199203014374,3.192339301109314
0.0,nan,nan,0.050324514508247375,00000_001981_02,3.0,0.09879627823829651,0.08501850813627243,-0.32478711009025574,coef_energy_material_checkpoint_lambdas,0.0,4.128277778625488,2.2845969200134277,93,R3,4.287862300872803,1.6303108930587769
0.0,nan,nan,6.790744781494141,00000_001981_02,3.0,6.81417989730835,4.402511119842529,0.6843311786651611,coef_energy_material_checkpoint_lambdas,0.0,4.133897304534912,2.284626007080078,96,R3,4.221998035907745,0.5428453683853149
0.0,nan,nan,4.268437385559082,00000_001981_02,1.0,5.642629146575928,5.627810478210449,0.10227040201425552,coef_energy_material_checkpoint_lambdas,0.0,4.1299543380737305,2.2942440509796143,99,R3,4.3851892948150635,0.5452260971069336
0.0,nan,nan,0.6512810587882996,00000_001981_02,4.0,0.6512918472290039,0.463179349899292,0.9900256991386414,coef_energy_material_checkpoint_lambdas,0.0,4.135500431060791,2.2953336238861084,102,R3,4.399998247623444,4.40006947517395
0.0,nan,nan,0.0007336990674957633,00000_001981_02,5.0,0.0007337591960094869,0.0007336990674957633,0.9067479968070984,coef_energy_material_checkpoint_lambdas,0.0,4.121259689331055,2.3004164695739746,105,R3,4.400000095367432,4.40006023645401
0.0,nan,nan,0.23001088201999664,00000_001981_02,7.0,0.2428644746541977,0.23001088201999664,0.9994912147521973,coef_energy_material_checkpoint_lambdas,0.0,4.137325763702393,2.284181594848633,108,R3,4.400000095367432,4.400042176246643
0.0,nan,nan,0.05672970786690712,00000_001981_02,13.0,0.06833234429359436,0.013178389519453049,0.9996316432952881,coef_energy_material_checkpoint_lambdas,0.0,4.242037773132324,2.2453460693359375,111,R3,4.400000095367432,4.400000095367432
0.0,nan,nan,3.5825767517089844,00000_001981_03,1.0,3.6391055583953857,2.081472158432007,0.9902405738830566,coef_energy_material_checkpoint_lambdas,0.0,4.214637756347656,2.246433734893799,18,R3,4.40884667634964,0.557214081287384
0.0,nan,nan,1.6314913034439087,00000_001981_03,1.0,5.18690299987793,3.6611673831939697,0.9989238381385803,coef_energy_material_checkpoint_lambdas,0.0,4.2628936767578125,2.209476947784424,39,R3,4.402682781219482,0.5827420353889465
0.0,nan,nan,4.694383144378662,00000_001981_03,3.0,5.865811824798584,4.694383144378662,0.9969456791877747,coef_energy_material_checkpoint_lambdas,0.0,4.203874588012695,2.235672950744629,48,R3,4.401017606258392,0.5563760995864868
0.0,nan,nan,7.3567047119140625,00000_001981_03,1.0,7.356740474700928,7.3567047119140625,0.9964122176170349,coef_energy_material_checkpoint_lambdas,0.0,4.161097049713135,2.2729556560516357,51,R3,4.402868926525116,0.5668922662734985
0.0,nan,nan,0.06525246053934097,00000_001981_03,10.0,0.06650073081254959,0.01282433234155178,0.9996451735496521,coef_energy_material_checkpoint_lambdas,0.0,4.125300407409668,2.3089325428009033,57,R3,4.400000095367432,4.400000095367432
0.0,nan,nan,0.0,00000_001981_03,11.0,1.5810365994184394e-07,1.117961687668867e-07,0.0,coef_energy_material_checkpoint_lambdas,0.0,4.16480827331543,2.2710068225860596,60,R3,4.400000095367432,4.400000095367432
0.0,nan,nan,4.7222854959727556e-08,00000_001981_03,12.0,5.5512817453973184e-08,2.9183466310200856e-08,0.0,coef_energy_material_checkpoint_lambdas,0.0,4.193399906158447,2.2681477069854736,63,R3,4.400000095367432,4.407305300235748
0.0,nan,nan,0.00030066026374697685,00000_001981_03,9.0,0.0003240809601265937,0.00012096226419089362,0.0,coef_energy_material_checkpoint_lambdas,0.0,4.197604179382324,2.262760639190674,66,R3,4.400000095367432,2.7573052644729614
0.0,nan,nan,0.6471688747406006,00000_001981_03,7.0,0.6483774781227112,0.42963770031929016,0.9981597661972046,coef_energy_material_checkpoint_lambdas,0.0,4.194995880126953,2.254181146621704,69,R3,4.40000057220459,1.1071942448616028
0.0,nan,nan,4.671896934509277,00000_001981_03,1.0,6.375216484069824,6.370838642120361,0.9994987845420837,coef_energy_material_checkpoint_lambdas,0.0,4.187231540679932,2.2562777996063232,72,R3,4.401306092739105,0.5559029579162598
0.0,nan,nan,0.2741074860095978,00000_001981_03,5.0,0.42622438073158264,0.16935007274150848,0.955826461315155,coef_energy_material_checkpoint_lambdas,0.0,4.1866865158081055,2.25966477394104,75,R3,4.400161266326904,4.403426170349121
0.0,nan,nan,1.5943785905838013,00000_001981_03,4.0,2.682210922241211,2.3906500339508057,0.9979525804519653,coef_energy_material_checkpoint_lambdas,0.0,4.175355434417725,2.2640392780303955,78,R3,4.400015115737915,3.3086966276168823
0.0,nan,nan,0.2507460117340088,00000_001981_03,3.0,0.28768280148506165,0.2507460117340088,0.9932496547698975,coef_energy_material_checkpoint_lambdas,0.0,4.174883842468262,2.2613930702209473,81,R3,4.400059998035431,1.657307505607605
0.0,nan,nan,1.4037225246429443,00000_001981_03,2.0,6.7850422859191895,5.309667110443115,0.9856371283531189,coef_energy_material_checkpoint_lambdas,0.0,4.139865875244141,2.274254322052002,84,R3,4.403148174285889,0.5596927404403687
0.0,nan,nan,1.9043622016906738,00000_001981_03,1.0,2.6925649642944336,1.9034994840621948,0.9999541640281677,coef_energy_material_checkpoint_lambdas,0.0,4.148896217346191,2.270690679550171,87,R3,4.318765997886658,4.318765997886658
0.0,nan,nan,-0.020570389926433563,00000_001981_03,2.0,0.037896230816841125,0.004165071994066238,0.9978125691413879,coef_energy_material_checkpoint_lambdas,0.0,4.141396522521973,2.2903969287872314,90,R3,4.396994471549988,2.114339053630829
0.0,nan,nan,0.12677884101867676,00000_001981_03,3.0,2.4783620834350586,1.660526156425476,-0.7310996055603027,coef_energy_material_checkpoint_lambdas,0.0,4.141605854034424,2.2862963676452637,93,R3,4.271946489810944,0.5209938883781433
0.0,nan,nan,0.604573130607605,00000_001981_03,3.0,1.0039705038070679,0.44653576612472534,-0.15186148881912231,coef_energy_material_checkpoint_lambdas,0.0,4.132061004638672,2.2989859580993652,99,R3,4.3903913497924805,4.39109069108963
0.0,nan,nan,0.04383750632405281,00000_001981_03,4.0,0.04400644078850746,0.003852256340906024,-0.597683310508728,coef_energy_material_checkpoint_lambdas,0.0,4.2302632331848145,2.235872745513916,102,R3,4.399999022483826,4.399999022483826
0.0,nan,nan,3.5825767517089844,00000_001981_04,1.0,3.6391055583953857,2.081472158432007,0.9902405738830566,coef_energy_material_checkpoint_lambdas,0.0,4.214637756347656,2.246433734893799,18,R3,4.40884667634964,0.557214081287384
0.0,nan,nan,1.629551649093628,00000_001981_04,1.0,5.180909156799316,3.6568961143493652,0.9989243745803833,coef_energy_material_checkpoint_lambdas,0.0,4.256956100463867,2.2206125259399414,39,R3,4.402682781219482,0.5827420353889465
0.0,nan,nan,2.236104965209961,00000_001981_04,1.0,5.084981441497803,4.566932201385498,0.9911519289016724,coef_energy_material_checkpoint_lambdas,0.0,4.26186990737915,2.200533390045166,45,R3,4.406744062900543,4.406744062900543
0.0,nan,nan,1.2236567735671997,00000_001981_04,3.0,2.6090903282165527,2.304347276687622,0.9904384613037109,coef_energy_material_checkpoint_lambdas,0.0,4.187770366668701,2.249765157699585,48,R3,4.40074348449707,4.40074348449707
0.0,nan,nan,0.21699866652488708,00000_001981_04,6.0,0.2349117398262024,0.21699868142604828,0.9999980330467224,coef_energy_material_checkpoint_lambdas,0.0,4.122082710266113,2.308563709259033,51,R3,4.400000095367432,2.2105199694633484
0.0,nan,nan,5.824830532073975,00000_001981_04,3.0,6.511205196380615,4.605748176574707,0.9999004006385803,coef_energy_material_checkpoint_lambdas,0.0,4.121037483215332,2.313335418701172,54,R3,4.400813519954681,0.5763475894927979
0.0,nan,nan,2.520024299621582,00000_001981_04,11.0,2.6502838134765625,0.820659339427948,0.9979552626609802,coef_energy_material_checkpoint_lambdas,0.0,4.124220371246338,2.3111162185668945,57,R3,4.400006651878357,4.400006651878357
0.0,nan,nan,-9.403433068655431e-06,00000_001981_04,14.0,1.5041165170259774e-05,1.6517351468792185e-06,0.0,coef_energy_material_checkpoint_lambdas,0.0,4.115331172943115,2.325639247894287,60,R3,4.400000095367432,4.400000095367432
0.0,nan,nan,-4.521237551013968e-12,00000_001981_04,16.0,3.56421107905458e-11,2.180218679204149e-11,0.0,coef_energy_material_checkpoint_lambdas,0.0,4.177694797515869,2.27089786529541,63,R3,4.400000095367432,4.400000095367432
0.0,nan,nan,6.37987351836955e-09,00000_001981_04,15.0,6.37987351836955e-09,4.511251816552431e-09,0.0,coef_energy_material_checkpoint_lambdas,0.0,4.220002174377441,2.25417423248291,66,R3,4.400000095367432,4.400000095367432
0.0,nan,nan,2.360408046797602e-08,00000_001981_04,15.0,2.521697517465782e-08,2.360408046797602e-08,0.0,coef_energy_material_checkpoint_lambdas,0.0,4.245292663574219,2.235701084136963,69,R3,4.400000095367432,4.400000095367432
0.0,nan,nan,2.6290875032586314e-10,00000_001981_04,16.0,3.26557864083199e-10,2.6290875032586314e-10,0.0,coef_energy_material_checkpoint_lambdas,0.0,4.325321197509766,2.1963980197906494,72,R3,4.400000095367432,4.400000095367432
0.0,nan,nan,3.5825767517089844,00000_001981_05,1.0,3.6391055583953857,2.081472158432007,0.9902405738830566,coef_energy_material_checkpoint_lambdas,0.0,4.214637756347656,2.246433734893799,18,R3,4.40884667634964,0.557214081287384
0.0,nan,nan,1.6314913034439087,00000_001981_05,1.0,5.18690299987793,3.6611673831939697,0.9989238381385803,coef_energy_material_checkpoint_lambdas,0.0,4.2628936767578125,2.209476947784424,39,R3,4.402682781219482,0.5827420353889465
0.0,nan,nan,4.694383144378662,00000_001981_05,3.0,5.865811824798584,4.694383144378662,0.9969456791877747,coef_energy_material_checkpoint_lambdas,0.0,4.203874588012695,2.235672950744629,48,R3,4.401017606258392,0.5563760995864868
0.0,nan,nan,7.3567047119140625,00000_001981_05,1.0,7.356740474700928,7.3567047119140625,0.9964122176170349,coef_energy_material_checkpoint_lambdas,0.0,4.161097049713135,2.2729556560516357,51,R3,4.402868926525116,0.5668922662734985
0.0,nan,nan,0.06624207645654678,00000_001981_05,10.0,0.0675094798207283,0.013019883073866367,0.9996447563171387,coef_energy_material_checkpoint_lambdas,0.0,4.190298080444336,2.2552490234375,57,R3,4.400000095367432,4.400000095367432
0.0,nan,nan,1.4177984439811553e-06,00000_001981_05,11.0,1.4185168311087182e-06,1.4177984439811553e-06,0.0,coef_energy_material_checkpoint_lambdas,0.0,4.195756435394287,2.256890296936035,60,R3,4.400000095367432,4.400123655796051
0.0,nan,nan,0.0008272680570371449,00000_001981_05,12.0,0.001035356312058866,0.0008272680570371449,0.5147403478622437,coef_energy_material_checkpoint_lambdas,0.0,4.195328235626221,2.257425308227539,63,R3,4.400000095367432,3.859354257583618
0.0,nan,nan,0.005247683729976416,00000_001981_05,8.0,0.018756605684757233,0.018007555976510048,0.9997652173042297,coef_energy_material_checkpoint_lambdas,0.0,4.198304176330566,2.252598762512207,66,R3,4.400000095367432,2.2093542218208313
0.0,nan,nan,2.229323148727417,00000_001981_05,6.0,2.337592840194702,1.0791476964950562,0.9862692356109619,coef_energy_material_checkpoint_lambdas,0.0,4.1976141929626465,2.2546401023864746,69,R3,4.400047421455383,0.557699978351593
0.0,nan,nan,7.718619346618652,00000_001981_05,1.0,7.718710899353027,5.48444128036499,0.9979145526885986,coef_energy_material_checkpoint_lambdas,0.0,4.208876609802246,2.2299699783325195,84,R3,4.401449978351593,0.5597754716873169
0.0,nan,nan,3.9137773513793945,00000_001981_05,3.0,8.03231430053711,7.727318286895752,0.9995167851448059,coef_energy_material_checkpoint_lambdas,0.0,4.280479907989502,2.1928317546844482,87,R3,4.271525621414185,0.5694236755371094
0.0,nan,nan,3.5825767517089844,00000_001981_06,1.0,3.6391055583953857,2.081472158432007,0.9902405738830566,coef_energy_material_checkpoint_lambdas,0.0,4.214637756347656,2.246433734893799,18,R3,4.40884667634964,0.557214081287384
0.0,nan,nan,1.6314913034439087,00000_001981_06,1.0,5.18690299987793,3.6611673831939697,0.9989238381385803,coef_energy_material_checkpoint_lambdas,0.0,4.2628936767578125,2.209476947784424,39,R3,4.402682781219482,0.5827420353889465
0.0,nan,nan,4.694383144378662,00000_001981_06,3.0,5.865811824798584,4.694383144378662,0.9969456791877747,coef_energy_material_checkpoint_lambdas,0.0,4.203874588012695,2.235672950744629,48,R3,4.401017606258392,0.5563760995864868
0.0,nan,nan,7.3567047119140625,00000_001981_06,1.0,7.356740474700928,7.3567047119140625,0.9964122176170349,coef_energy_material_checkpoint_lambdas,0.0,4.161097049713135,2.2729556560516357,51,R3,4.402868926525116,0.5668922662734985
0.0,nan,nan,0.06567803770303726,00000_001981_06,10.0,0.06693454086780548,0.012908443808555603,0.9996448755264282,coef_energy_material_checkpoint_lambdas,0.0,4.153295040130615,2.284287691116333,57,R3,4.400000095367432,4.400000095367432
0.0,nan,nan,0.0,00000_001981_06,11.0,1.589742879559708e-07,1.1241179720400396e-07,0.0,coef_energy_material_checkpoint_lambdas,0.0,4.187742710113525,2.256347179412842,60,R3,4.400000095367432,4.400000095367432
0.0,nan,nan,2.9111711228324566e-06,00000_001981_06,12.0,6.066350579203572e-06,5.3221888265397865e-06,0.0,coef_energy_material_checkpoint_lambdas,0.0,4.193912029266357,2.2583935260772705,63,R3,4.400000095367432,3.8605305552482605
0.0,nan,nan,0.0008962345309555531,00000_001981_06,9.0,0.0009091989486478269,0.0001529914588900283,0.031269371509552,coef_energy_material_checkpoint_lambdas,0.0,4.187365531921387,2.2500052452087402,66,R3,4.400000095367432,2.2105305194854736
0.0,nan,nan,3.9599809646606445,00000_001981_06,7.0,3.9599809646606445,0.0008190449443645775,0.9997386932373047,coef_energy_material_checkpoint_lambdas,0.0,4.188274383544922,2.2480645179748535,69,R3,4.400024354457855,0.5597073435783386
0.0,nan,nan,4.679365634918213,00000_001981_06,1.0,6.385401725769043,6.381016731262207,0.9994987845420837,coef_energy_material_checkpoint_lambdas,0.0,4.194062232971191,2.2567789554595947,72,R3,4.401306092739105,0.5559029579162598
0.0,nan,nan,0.3962215781211853,00000_001981_06,4.0,0.39622414112091064,0.27916550636291504,0.9934146404266357,coef_energy_material_checkpoint_lambdas,0.0,4.186634063720703,2.261425495147705,75,R3,4.400043427944183,1.6573022603988647
0.0,nan,nan,2.8890647888183594,00000_001981_06,3.0,6.854844570159912,5.364065170288086,0.9856520295143127,coef_energy_material_checkpoint_lambdas,0.0,4.1836838722229,2.256875991821289,78,R3,4.4005104303359985,0.5596962571144104
0.0,nan,nan,1.551228404045105,00000_001981_06,2.0,2.3160037994384766,1.719756841659546,0.9995777606964111,coef_energy_material_checkpoint_lambdas,0.0,4.139388561248779,2.276179313659668,81,R3,4.395217597484589,4.395217597484589
0.0,nan,nan,-0.7146012783050537,00000_001981_06,3.0,1.33515465259552,0.29219138622283936,0.9862252473831177,coef_energy_material_checkpoint_lambdas,0.0,4.139691352844238,2.271904706954956,84,R3,4.287862300872803,0.5596927404403687
0.0,nan,nan,5.870992183685303,00000_001981_06,1.0,6.563926696777344,8.379429345950484e-05,0.9999998211860657,coef_energy_material_checkpoint_lambdas,0.0,4.1573615074157715,2.27850079536438,87,R3,4.268456518650055,3.7643412351608276
0.0,nan,nan,-0.020570389926433563,00000_001981_06,2.0,0.037896230816841125,0.004165071994066238,0.9978125691413879,coef_energy_material_checkpoint_lambdas,0.0,4.141396522521973,2.2903969287872314,90,R3,4.396994471549988,2.114339053630829
0.0,nan,nan,0.12686192989349365,00000_001981_06,3.0,2.4724626541137695,1.6562873125076294,-0.7309932708740234,coef_energy_material_checkpoint_lambdas,0.0,4.132437229156494,2.287794828414917,93,R3,4.271946489810944,0.5209938883781433
0.0,nan,nan,6.898402214050293,00000_001981_06,1.0,7.510149002075195,6.898401737213135,0.9999943375587463,coef_energy_material_checkpoint_lambdas,0.0,4.104053497314453,2.318955898284912,99,R3,4.389439105987549,0.5728957056999207
0.0,nan,nan,7.575010299682617,00000_001981_06,5.0,7.713019371032715,6.7269511222839355,0.9974567294120789,coef_energy_material_checkpoint_lambdas,0.0,4.090685844421387,2.3247687816619873,102,R3,4.401350378990173,4.402688086032867
0.0,nan,nan,0.020164845511317253,00000_001981_06,9.0,0.02020692452788353,0.01333707571029663,0.996168315410614,coef_energy_material_checkpoint_lambdas,0.0,4.078304290771484,2.3341848850250244,105,R3,4.400000095367432,4.400000095367432
0.0,nan,nan,1.0521354170123232e-06,00000_001981_06,13.0,1.0521354170123232e-06,0.0,0.0,coef_energy_material_checkpoint_lambdas,0.0,4.085796356201172,2.323394298553467,108,R3,4.400000095367432,4.400000095367432
0.0,nan,nan,1.6207997444173117e-10,00000_001981_06,16.0,1.6263627944379522e-10,1.0510411291297928e-10,0.0,coef_energy_material_checkpoint_lambdas,0.0,4.263486862182617,2.2449772357940674,111,R3,4.400000095367432,4.400000095367432
0.0,nan,nan,3.5825767517089844,00000_001981_07,1.0,3.6391055583953857,2.081472158432007,0.9902405738830566,coef_energy_material_checkpoint_lambdas,0.0,4.214637756347656,2.246433734893799,18,R3,4.40884667634964,0.557214081287384
0.0,nan,nan,1.629551649093628,00000_001981_07,1.0,5.180909156799316,3.6568961143493652,0.9989243745803833,coef_energy_material_checkpoint_lambdas,0.0,4.256956100463867,2.2206125259399414,39,R3,4.402682781219482,0.5827420353889465
0.0,nan,nan,2.2071924209594727,00000_001981_07,1.0,5.020236015319824,4.508998870849609,0.991165041923523,coef_energy_material_checkpoint_lambdas,0.0,4.204531669616699,2.231912136077881,45,R3,4.406744062900543,4.406744062900543
0.0,nan,nan,6.683540344238281,00000_001981_07,3.0,6.831159591674805,6.787220478057861,0.9850753545761108,coef_energy_material_checkpoint_lambdas,0.0,4.166701793670654,2.2676923274993896,48,R3,4.400504946708679,1.6622880697250366
0.0,nan,nan,7.3567047119140625,00000_001981_07,1.0,7.356740474700928,7.3567047119140625,0.9964122176170349,coef_energy_material_checkpoint_lambdas,0.0,4.161097049713135,2.2729556560516357,51,R3,4.402868926525116,0.5668922662734985
0.0,nan,nan,0.06525246053934097,00000_001981_07,10.0,0.06650073081254959,0.01282433234155178,0.9996451735496521,coef_energy_material_checkpoint_lambdas,0.0,4.125300407409668,2.3089325428009033,57,R3,4.400000095367432,4.400000095367432
0.0,nan,nan,0.0,00000_001981_07,11.0,1.590152294284053e-07,1.1244074471505883e-07,0.0,coef_energy_material_checkpoint_lambdas,0.0,4.188820838928223,2.2530012130737305,60,R3,4.400000095367432,4.400000095367432
0.0,nan,nan,4.8324746870775925e-08,00000_001981_07,12.0,5.6808143966691205e-08,5.5288097655648016e-08,0.0,coef_energy_material_checkpoint_lambdas,0.0,4.291248321533203,2.1974170207977295,63,R3,4.400000095367432,4.400003373622894
0.0,nan,nan,1.0542392914203447e-07,00000_001981_07,13.0,1.0549351969757481e-07,7.18369150831677e-08,0.0,coef_energy_material_checkpoint_lambdas,0.0,4.333332061767578,2.1813697814941406,66,R3,4.400000095367432,4.400000095367432
0.0,nan,nan,7.528702735900879,00000_002019_00,1.0,7.529422283172607,7.528702735900879,0.9734014272689819,coef_energy_material_checkpoint_lambdas,0.0,4.169897079467773,2.19270920753479,0,R3,3.6652101278305054,0.47508499026298523
0.0,nan,nan,1.43270742893219,00000_002019_00,6.0,2.651005268096924,2.5902864933013916,0.9727868437767029,coef_energy_material_checkpoint_lambdas,0.0,4.191837787628174,2.1835930347442627,3,R3,3.3833330273628235,1.3765435218811035
0.0,nan,nan,4.970256805419922,00000_002019_00,7.0,6.994290828704834,6.994204521179199,0.9933467507362366,coef_energy_material_checkpoint_lambdas,0.0,4.1959943771362305,2.1782844066619873,6,R3,2.889946460723877,0.4626832604408264
0.0,nan,nan,3.609848737716675,00000_002019_00,3.0,3.822746515274048,3.822394847869873,0.9929400086402893,coef_energy_material_checkpoint_lambdas,0.0,4.190768718719482,2.1787376403808594,9,R3,2.7725329995155334,0.4484536051750183
0.0,nan,nan,2.295457363128662,00000_002019_00,2.0,3.454369306564331,3.4484474658966064,0.8829025030136108,coef_energy_material_checkpoint_lambdas,0.0,4.1886420249938965,2.178936243057251,12,R3,2.3132186233997345,0.2950083017349243
0.0,nan,nan,0.23825156688690186,00000_002019_00,4.0,0.2383456826210022,0.23825158178806305,0.9990165829658508,coef_energy_material_checkpoint_lambdas,0.0,4.136308670043945,2.333092451095581,51,R3,4.400040149688721,1.6597599387168884
0.0,nan,nan,6.57246208190918,00000_002019_00,2.0,6.572527885437012,4.668255805969238,0.9906176328659058,coef_energy_material_checkpoint_lambdas,0.0,4.130186557769775,2.3234736919403076,54,R3,4.4008466601371765,0.5782644748687744
0.0,nan,nan,1.842878818511963,00000_002019_00,4.0,2.60813307762146,2.6081323623657227,0.9994714856147766,coef_energy_material_checkpoint_lambdas,0.0,4.124619483947754,2.309460163116455,57,R3,4.400202572345734,4.405587553977966
0.0,nan,nan,3.3954455852508545,00000_002019_00,4.0,4.1047844886779785,4.068502426147461,0.9967322945594788,coef_energy_material_checkpoint_lambdas,0.0,4.125302314758301,2.309553861618042,60,R3,4.400788128376007,4.403659641742706
0.0,nan,nan,0.37044334411621094,00000_002019_00,2.0,0.48551443219184875,0.37044334411621094,0.9979907870292664,coef_energy_material_checkpoint_lambdas,0.0,4.135109901428223,2.3037595748901367,63,R3,4.4019975066185,3.307988405227661
0.0,nan,nan,-0.17273381352424622,00000_002019_00,5.0,0.20991535484790802,0.18393532931804657,0.9948420524597168,coef_energy_material_checkpoint_lambdas,0.0,4.149046421051025,2.3021349906921387,66,R3,4.400949120521545,1.6579301357269287
0.0,nan,nan,2.964977741241455,00000_002019_00,4.0,7.0236430168151855,5.4994282722473145,0.984383225440979,coef_energy_material_checkpoint_lambdas,0.0,4.272515773773193,2.219942808151245,69,R3,4.4005603194236755,0.5609709620475769
0.0,nan,nan,7.523187637329102,00000_002019_01,1.0,7.523909091949463,7.52318811416626,0.9734061360359192,coef_energy_material_checkpoint_lambdas,0.0,4.166479587554932,2.1943657398223877,0,R3,3.6652101278305054,0.47508499026298523
0.0,nan,nan,1.4331766366958618,00000_002019_01,6.0,2.6518828868865967,2.5911426544189453,0.9727862477302551,coef_energy_material_checkpoint_lambdas,0.0,4.193265438079834,2.1833224296569824,3,R3,3.3833330273628235,1.3765435218811035
0.0,nan,nan,4.9587483406066895,00000_002019_01,7.0,6.978008270263672,6.977921009063721,0.9933481216430664,coef_energy_material_checkpoint_lambdas,0.0,4.18576717376709,2.1787638664245605,6,R3,2.889946460723877,0.4626832604408264
0.0,nan,nan,3.611147880554199,00000_002019_01,3.0,3.824100971221924,3.8237502574920654,0.9929379820823669,coef_energy_material_checkpoint_lambdas,0.0,4.192814826965332,2.1769394874572754,9,R3,2.7725329995155334,0.4484536051750183
0.0,nan,nan,2.2956149578094482,00000_002019_01,2.0,3.4536590576171875,3.4477875232696533,0.8827881217002869,coef_energy_material_checkpoint_lambdas,0.0,4.189702033996582,2.1740903854370117,12,R3,2.3132186233997345,0.2950083017349243
0.0,nan,nan,0.09398215264081955,00000_002019_01,1.0,4.211370944976807,4.210322380065918,0.9998908042907715,coef_energy_material_checkpoint_lambdas,0.0,4.187920570373535,2.2696738243103027,39,R3,4.404151618480682,4.404151618480682
0.0,nan,nan,1.2275002002716064,00000_002019_01,1.0,2.7010605335235596,2.4060280323028564,0.9996077418327332,coef_energy_material_checkpoint_lambdas,0.0,4.176494598388672,2.2746453285217285,42,R3,4.400190234184265,4.400190234184265
0.0,nan,nan,-0.08380603045225143,00000_002019_01,2.0,0.22913320362567902,0.2132570594549179,0.9968562722206116,coef_energy_material_checkpoint_lambdas,0.0,4.1822967529296875,2.2823238372802734,45,R3,4.400042176246643,4.400042176246643
0.0,nan,nan,0.019293494522571564,00000_002019_01,6.0,0.025492297485470772,0.006274526007473469,0.7969218492507935,coef_energy_material_checkpoint_lambdas,0.0,4.1714372634887695,2.2763261795043945,48,R3,4.400018692016602,4.40012389421463
0.0,nan,nan,0.012980317696928978,00000_002019_01,8.0,0.013022935949265957,0.012080741114914417,0.997895359992981,coef_energy_material_checkpoint_lambdas,0.0,4.186223030090332,2.2651054859161377,51,R3,4.400000095367432,3.859465539455414
0.0,nan,nan,6.730402674293146e-05,00000_002019_01,5.0,6.759028474334627e-05,6.730402674293146e-05,0.044400304555892944,coef_energy_material_checkpoint_lambdas,0.0,4.2771382331848145,2.2181951999664307,54,R3,4.400000095367432,3.320471942424774
0.0,nan,nan,7.8907976150512695,00000_002019_02,1.0,7.890815258026123,0.016905607655644417,0.9998030662536621,coef_energy_material_checkpoint_lambdas,0.0,4.175565719604492,2.1886208057403564,0,R3,3.667966455221176,3.667966455221176
0.0,nan,nan,0.30525121092796326,00000_002019_02,4.0,0.30596187710762024,0.23058240115642548,0.7541637420654297,coef_energy_material_checkpoint_lambdas,1.0,4.176852703094482,2.1920628547668457,3,R3,3.29506653547287,3.6117560863494873
0.0,nan,nan,0.038405321538448334,00000_002019_02,6.0,0.09757841378450394,0.09058606624603271,0.9347756505012512,coef_energy_material_checkpoint_lambdas,1.0,4.179732322692871,2.179621458053589,6,R3,2.8865193724632263,3.2494106888771057
0.0,nan,nan,0.13608196377754211,00000_002019_02,7.0,0.25010013580322266,0.20983749628067017,0.9830776453018188,coef_energy_material_checkpoint_lambdas,0.0,4.191257476806641,2.1931099891662598,9,R3,2.4771698117256165,2.4771698117256165
0.0,nan,nan,0.17124584317207336,00000_002019_02,3.0,0.5022513270378113,0.47215595841407776,0.9982104301452637,coef_energy_material_checkpoint_lambdas,0.0,4.201984405517578,2.184911012649536,12,R3,2.237482100725174,1.3488411903381348
0.0,nan,nan,2.296496868133545,00000_002019_02,2.0,3.4552664756774902,3.4493777751922607,0.8828219771385193,coef_energy_material_checkpoint_lambdas,0.0,4.191082954406738,2.176405191421509,15,R3,2.3132186233997345,0.2950083017349243
0.0,nan,nan,0.0937817171216011,00000_002019_02,1.0,4.201898097991943,4.2008514404296875,0.9998907446861267,coef_energy_material_checkpoint_lambdas,0.0,4.177762508392334,2.279165744781494,42,R3,4.404151618480682,4.404151618480682
0.0,nan,nan,1.22127366065979,00000_002019_02,1.0,2.6872994899749756,2.393756151199341,0.999608039855957,coef_energy_material_checkpoint_lambdas,0.0,4.153534412384033,2.315875291824341,45,R3,4.400190234184265,4.400190234184265
0.0,nan,nan,-1.2005317211151123,00000_002019_02,2.0,2.650507926940918,0.8220112323760986,0.9953417778015137,coef_energy_material_checkpoint_lambdas,0.0,4.1181745529174805,2.3447537422180176,48,R3,4.401493847370148,0.5610095262527466
0.0,nan,nan,7.692012310028076,00000_002019_02,1.0,7.6928534507751465,7.692012310028076,0.9884724020957947,coef_energy_material_checkpoint_lambdas,0.0,4.11353063583374,2.3482444286346436,51,R3,4.404050290584564,0.5673324465751648
0.0,nan,nan,0.21786071360111237,00000_002019_02,5.0,0.24279968440532684,0.10718391090631485,0.9930692911148071,coef_energy_material_checkpoint_lambdas,0.0,4.117850303649902,2.352276086807251,54,R3,4.400030791759491,4.400030791759491
0.0,nan,nan,0.05491042509675026,00000_002019_02,3.0,0.0661427229642868,0.06490152329206467,0.9996257424354553,coef_energy_material_checkpoint_lambdas,0.0,4.10075044631958,2.366309642791748,57,R3,4.400000095367432,3.860871136188507
0.0,nan,nan,0.015715928748250008,00000_002019_02,6.0,0.025534613057971,0.014122683554887772,0.9815003871917725,coef_energy_material_checkpoint_lambdas,0.0,4.150781154632568,2.330195665359497,60,R3,4.40001517534256,1.6608436703681946
0.0,nan,nan,7.481557846069336,00000_002019_02,1.0,7.481564521789551,7.481558322906494,0.9994059801101685,coef_energy_material_checkpoint_lambdas,0.0,4.224843502044678,2.252406597137451,63,R3,4.403040289878845,0.5611391067504883
0.0,nan,nan,5.975006103515625,00000_002019_02,3.0,8.04605770111084,7.7541184425354,0.9844006896018982,coef_energy_material_checkpoint_lambdas,0.0,4.304271221160889,2.2035930156707764,66,R3,4.401439905166626,0.5666423439979553
0.0,nan,nan,7.521829605102539,00000_002019_03,1.0,7.522549152374268,7.521829128265381,0.9734042286872864,coef_energy_material_checkpoint_lambdas,0.0,4.165874481201172,2.192647933959961,0,R3,3.6652101278305054,0.47508499026298523
0.0,nan,nan,1.4302986860275269,00000_002019_03,6.0,2.646531581878662,2.5859174728393555,0.9727877974510193,coef_energy_material_checkpoint_lambdas,0.0,4.1846923828125,2.181685209274292,3,R3,3.3833330273628235,1.3765435218811035
0.0,nan,nan,4.962158679962158,00000_002019_03,7.0,6.9828386306762695,6.982752323150635,0.9933476448059082,coef_energy_material_checkpoint_lambdas,0.0,4.188828945159912,2.178283452987671,6,R3,2.889946460723877,0.4626832604408264
0.0,nan,nan,3.6136512756347656,00000_002019_03,3.0,3.8267741203308105,3.8264222145080566,0.9929400086402893,coef_energy_material_checkpoint_lambdas,0.0,4.195168972015381,2.181103467941284,9,R3,2.7725329995155334,0.4484536051750183
0.0,nan,nan,2.2914235591888428,00000_002019_03,2.0,3.448758602142334,3.4428224563598633,0.8829582333564758,coef_energy_material_checkpoint_lambdas,0.0,4.180907249450684,2.177530288696289,12,R3,2.3132186233997345,0.2950083017349243
0.0,nan,nan,0.09304036945104599,00000_002019_03,1.0,4.16659688949585,4.165557861328125,0.999890923500061,coef_energy_material_checkpoint_lambdas,0.0,4.1395344734191895,2.32194447517395,39,R3,4.404151618480682,4.404151618480682
0.0,nan,nan,0.23992696404457092,00000_002019_03,4.0,0.24002186954021454,0.23992696404457092,0.9990156292915344,coef_energy_material_checkpoint_lambdas,0.0,4.167302131652832,2.3013246059417725,51,R3,4.400040149688721,1.6597599387168884
0.0,nan,nan,6.702613353729248,00000_002019_03,2.0,6.702674865722656,4.759758949279785,0.9905903935432434,coef_energy_material_checkpoint_lambdas,0.0,4.218026161193848,2.264594316482544,54,R3,4.4008466601371765,0.5782644748687744
0.0,nan,nan,1.2529464960098267,00000_002019_03,5.0,2.761409044265747,2.6260108947753906,0.9995915293693542,coef_energy_material_checkpoint_lambdas,0.0,4.296021938323975,2.2033708095550537,57,R3,4.4001211524009705,4.403711378574371
0.0,nan,nan,7.888586521148682,00000_002019_04,1.0,7.888604640960693,0.016937637701630592,0.9998031854629517,coef_energy_material_checkpoint_lambdas,0.0,4.173412322998047,2.1927835941314697,0,R3,3.667966455221176,3.667966455221176
0.0,nan,nan,0.3054397404193878,00000_002019_04,4.0,0.3061542510986328,0.23075996339321136,0.7540574073791504,coef_energy_material_checkpoint_lambdas,1.0,4.180255889892578,2.1920957565307617,3,R3,3.29506653547287,3.6117560863494873
0.0,nan,nan,0.0384800024330616,00000_002019_04,6.0,0.09777579456567764,0.09076808393001556,0.9347875118255615,coef_energy_material_checkpoint_lambdas,1.0,4.18781852722168,2.184417247772217,6,R3,2.8865193724632263,3.2494106888771057
0.0,nan,nan,0.1362675428390503,00000_002019_04,7.0,0.2503867447376251,0.2100587636232376,0.9831034541130066,coef_energy_material_checkpoint_lambdas,0.0,4.19288444519043,2.1961007118225098,9,R3,2.4771698117256165,2.4771698117256165
0.0,nan,nan,0.17101863026618958,00000_002019_04,3.0,0.5014634728431702,0.47140029072761536,0.9982051849365234,coef_energy_material_checkpoint_lambdas,0.0,4.201544761657715,2.1813652515411377,12,R3,2.237482100725174,1.3488411903381348
0.0,nan,nan,2.2930526733398438,00000_002019_04,2.0,3.452563524246216,3.446550130844116,0.8831217288970947,coef_energy_material_checkpoint_lambdas,0.0,4.182776927947998,2.186211585998535,15,R3,2.3132186233997345,0.2950083017349243
0.0,nan,nan,0.09377051889896393,00000_002019_04,1.0,4.200990676879883,4.199944019317627,0.9998907446861267,coef_energy_material_checkpoint_lambdas,0.0,4.176251411437988,2.2907204627990723,42,R3,4.404151618480682,4.404151618480682
0.0,nan,nan,1.2207540273666382,00000_002019_04,1.0,2.686155080795288,2.555123805999756,0.9996080994606018,coef_energy_material_checkpoint_lambdas,0.0,4.151736259460449,2.315823554992676,45,R3,4.400190234184265,2.239304482936859
0.0,nan,nan,7.691799163818359,00000_002019_04,1.0,7.69264030456543,7.691799163818359,0.9884724617004395,coef_energy_material_checkpoint_lambdas,0.0,4.113406658172607,2.348238468170166,51,R3,4.404050290584564,0.5673324465751648
0.0,nan,nan,0.21788224577903748,00000_002019_04,5.0,0.24282370507717133,0.10719457268714905,0.9930692911148071,coef_energy_material_checkpoint_lambdas,0.0,4.1182661056518555,2.352180004119873,54,R3,4.400030791759491,4.400030791759491
0.0,nan,nan,0.05497274547815323,00000_002019_04,3.0,0.06621775031089783,0.06497512012720108,0.9996256232261658,coef_energy_material_checkpoint_lambdas,0.0,4.105552673339844,2.3635106086730957,57,R3,4.400000095367432,3.860871136188507
0.0,nan,nan,0.015574746765196323,00000_002019_04,6.0,0.02531597763299942,0.01400875486433506,0.981563925743103,coef_energy_material_checkpoint_lambdas,0.0,4.1082444190979,2.3667211532592773,60,R3,4.40001517534256,1.6608436703681946
0.0,nan,nan,7.28923225402832,00000_002019_04,1.0,7.289239883422852,7.28923225402832,0.9994096159934998,coef_energy_material_checkpoint_lambdas,0.0,4.1031975746154785,2.3763656616210938,63,R3,4.403040289878845,0.5611391067504883
0.0,nan,nan,0.25217604637145996,00000_002019_04,7.0,0.3916703462600708,0.2996879816055298,0.9993199110031128,coef_energy_material_checkpoint_lambdas,0.0,4.106863021850586,2.3809194564819336,66,R3,4.400000095367432,4.400000095367432
0.0,nan,nan,0.00021049276983831078,00000_002019_04,10.0,0.0002113090449711308,0.00016196163778658956,0.0,coef_energy_material_checkpoint_lambdas,0.0,4.103561878204346,2.382692337036133,69,R3,4.400000095367432,4.400000095367432
0.0,nan,nan,2.0825677182756408e-08,00000_002019_04,14.0,9.436283221475605e-08,5.0353339275943654e-08,0.0,coef_energy_material_checkpoint_lambdas,0.0,4.16819953918457,2.328758716583252,72,R3,4.400000095367432,4.400000095367432
0.0,nan,nan,0.0,00000_002019_04,15.0,2.62586058852321e-06,0.0,0.0,coef_energy_material_checkpoint_lambdas,0.0,4.314108371734619,2.2159264087677,75,R3,4.400000095367432,3.31051242351532
0.0,nan,nan,7.891628265380859,00000_002019_05,1.0,7.891646385192871,0.016921116039156914,0.9998030662536621,coef_energy_material_checkpoint_lambdas,0.0,4.175631523132324,2.190664768218994,0,R3,3.667966455221176,3.667966455221176
0.0,nan,nan,0.3054383099079132,00000_002019_05,4.0,0.306152880191803,0.2307596206665039,0.7540550827980042,coef_energy_material_checkpoint_lambdas,1.0,4.180253982543945,2.1920576095581055,3,R3,3.29506653547287,3.6117560863494873
0.0,nan,nan,0.038408152759075165,00000_002019_05,6.0,0.0976802259683609,0.09066551923751831,0.9349229335784912,coef_energy_material_checkpoint_lambdas,1.0,4.179527759552002,2.186692953109741,6,R3,2.8865193724632263,3.2494106888771057
0.0,nan,nan,0.13610516488552094,00000_002019_05,7.0,0.2501232922077179,0.20985007286071777,0.983086884021759,coef_energy_material_checkpoint_lambdas,0.0,4.190509796142578,2.193483829498291,9,R3,2.4771698117256165,2.4771698117256165
0.0,nan,nan,0.1711556613445282,00000_002019_05,3.0,0.501861572265625,0.4717741012573242,0.9982050657272339,coef_energy_material_checkpoint_lambdas,0.0,4.205067157745361,2.183093547821045,12,R3,2.237482100725174,1.3488411903381348
0.0,nan,nan,2.2946770191192627,00000_002019_05,2.0,3.4532694816589355,3.447345495223999,0.8829115629196167,coef_energy_material_checkpoint_lambdas,0.0,4.18715763092041,2.1785888671875,15,R3,2.3132186233997345,0.2950083017349243
0.0,nan,nan,0.0939478799700737,00000_002019_05,1.0,4.209781169891357,4.208732604980469,0.9998906850814819,coef_energy_material_checkpoint_lambdas,0.0,4.186257839202881,2.2704293727874756,42,R3,4.404151618480682,4.404151618480682
0.0,nan,nan,1.228705883026123,00000_002019_05,1.0,2.703716278076172,2.4083943367004395,0.9996077418327332,coef_energy_material_checkpoint_lambdas,0.0,4.180672645568848,2.2746310234069824,45,R3,4.400190234184265,4.400190234184265
0.0,nan,nan,-0.0836845114827156,00000_002019_05,2.0,0.22880564630031586,0.2129528671503067,0.9968569278717041,coef_energy_material_checkpoint_lambdas,0.0,4.175895690917969,2.3002820014953613,48,R3,4.400042176246643,4.400042176246643
0.0,nan,nan,0.019138159230351448,00000_002019_05,6.0,0.02530340477824211,0.0062463730573654175,0.7973734736442566,coef_energy_material_checkpoint_lambdas,0.0,4.136441230773926,2.335021734237671,51,R3,4.400018692016602,4.40012389421463
0.0,nan,nan,-0.0026483070105314255,00000_002019_05,8.0,0.009639889933168888,0.009630792774260044,0.9997894167900085,coef_energy_material_checkpoint_lambdas,0.0,4.152361869812012,2.3269572257995605,54,R3,4.400003612041473,4.400123476982117
0.0,nan,nan,-0.0015801327535882592,00000_002019_05,7.0,0.003942821640521288,0.0036716351751238108,0.9808247089385986,coef_energy_material_checkpoint_lambdas,0.0,4.165618896484375,2.313143253326416,57,R3,4.400003612041473,3.8569491505622864
0.0,nan,nan,3.4500415325164795,00000_002019_05,5.0,3.7687690258026123,0.1861938238143921,0.9758689999580383,coef_energy_material_checkpoint_lambdas,0.0,4.152215957641602,2.3323304653167725,60,R3,4.4000518918037415,0.5603129267692566
0.0,nan,nan,7.528841972351074,00000_002019_06,1.0,7.529561519622803,7.528841972351074,0.9734009504318237,coef_energy_material_checkpoint_lambdas,0.0,4.170012950897217,2.19240403175354,0,R3,3.6652101278305054,0.47508499026298523
0.0,nan,nan,1.4312000274658203,00000_002019_06,6.0,2.6481690406799316,2.587521553039551,0.9727895855903625,coef_energy_material_checkpoint_lambdas,0.0,4.18715238571167,2.186246871948242,3,R3,3.3833330273628235,1.3765435218811035
0.0,nan,nan,4.961296081542969,00000_002019_06,7.0,6.9816365242004395,6.9815497398376465,0.9933474659919739,coef_energy_material_checkpoint_lambdas,0.0,4.18817138671875,2.1771419048309326,6,R3,2.889946460723877,0.4626832604408264
0.0,nan,nan,3.611556053161621,00000_002019_06,3.0,3.824577808380127,3.8242251873016357,0.9929419755935669,coef_energy_material_checkpoint_lambdas,0.0,4.192169189453125,2.1825621128082275,9,R3,2.7725329995155334,0.4484536051750183
0.0,nan,nan,2.2969870567321777,00000_002019_06,2.0,3.456267833709717,3.450363874435425,0.8828538656234741,coef_energy_material_checkpoint_lambdas,0.0,4.191762924194336,2.17825984954834,12,R3,2.3132186233997345,0.2950083017349243
0.0,nan,nan,0.09388214349746704,00000_002019_06,1.0,4.2067131996154785,4.205665588378906,0.9998908042907715,coef_energy_material_checkpoint_lambdas,0.0,4.1830244064331055,2.2723941802978516,39,R3,4.404151618480682,4.404151618480682
0.0,nan,nan,1.228294849395752,00000_002019_06,1.0,2.702810525894165,2.4075872898101807,0.9996077418327332,coef_energy_material_checkpoint_lambdas,0.0,4.179247856140137,2.274639844894409,42,R3,4.400190234184265,4.400190234184265
0.0,nan,nan,-0.08387275040149689,00000_002019_06,2.0,0.2293154001235962,0.2134266048669815,0.9968562722206116,coef_energy_material_checkpoint_lambdas,0.0,4.185642242431641,2.2831411361694336,45,R3,4.400042176246643,4.400042176246643
0.0,nan,nan,0.019293494522571564,00000_002019_06,6.0,0.025492297485470772,0.006274526007473469,0.7969218492507935,coef_energy_material_checkpoint_lambdas,0.0,4.1714372634887695,2.2763261795043945,48,R3,4.400018692016602,4.40012389421463
0.0,nan,nan,0.0129356998950243,00000_002019_06,8.0,0.012978166341781616,0.01203918270766735,0.9978955984115601,coef_energy_material_checkpoint_lambdas,0.0,4.171473503112793,2.2819907665252686,51,R3,4.400000095367432,3.859465539455414
0.0,nan,nan,6.59799188724719e-05,00000_002019_06,5.0,6.628836126765236e-05,6.59799188724719e-05,0.04369233921170235,coef_energy_material_checkpoint_lambdas,0.0,4.170348644256592,2.2800254821777344,54,R3,4.400000095367432,3.320471942424774
0.0,nan,nan,0.49530330300331116,00000_002019_06,5.0,0.595223069190979,0.5836473107337952,0.9725571274757385,coef_energy_material_checkpoint_lambdas,0.0,4.170448303222656,2.282461404800415,57,R3,4.40012663602829,1.6620670557022095
0.0,nan,nan,4.674921989440918,00000_002019_06,1.0,6.719867706298828,6.719005107879639,0.9474266171455383,coef_energy_material_checkpoint_lambdas,0.0,4.162919998168945,2.3162779808044434,66,R3,4.408887207508087,0.5566219091415405
0.0,nan,nan,0.24459150433540344,00000_002019_06,5.0,0.6552767753601074,0.4343525767326355,0.9993230104446411,coef_energy_material_checkpoint_lambdas,0.0,4.2204813957214355,2.2753162384033203,69,R3,4.400003612041473,4.401455283164978
0.0,nan,nan,7.5293755531311035,00000_002019_07,1.0,7.530096530914307,7.5293755531311035,0.9734041690826416,coef_energy_material_checkpoint_lambdas,0.0,4.1700544357299805,2.194840431213379,0,R3,3.6652101278305054,0.47508499026298523
0.0,nan,nan,1.4302215576171875,00000_002019_07,6.0,2.6463756561279297,2.5857670307159424,0.9727885127067566,coef_energy_material_checkpoint_lambdas,0.0,4.184390068054199,2.1829471588134766,3,R3,3.3833330273628235,1.3765435218811035
0.0,nan,nan,4.967400074005127,00000_002019_07,7.0,6.990251064300537,6.990164279937744,0.9933469891548157,coef_energy_material_checkpoint_lambdas,0.0,4.193467140197754,2.1782755851745605,6,R3,2.889946460723877,0.4626832604408264
0.0,nan,nan,3.6066455841064453,00000_002019_07,3.0,3.819385290145874,3.819032907485962,0.9929426312446594,coef_energy_material_checkpoint_lambdas,0.0,4.186284065246582,2.1804847717285156,9,R3,2.7725329995155334,0.4484536051750183
0.0,nan,nan,2.2952933311462402,00000_002019_07,2.0,3.4536192417144775,3.4477250576019287,0.8828417658805847,coef_energy_material_checkpoint_lambdas,0.0,4.188753128051758,2.1761276721954346,12,R3,2.3132186233997345,0.2950083017349243
0.0,nan,nan,0.09390176087617874,00000_002019_07,1.0,4.207320213317871,4.206272125244141,0.9998906850814819,coef_energy_material_checkpoint_lambdas,0.0,4.183220386505127,2.2807912826538086,39,R3,4.404151618480682,4.404151618480682
0.0,nan,nan,1.2204715013504028,00000_002019_07,1.0,2.685533285140991,2.3921828269958496,0.9996080994606018,coef_energy_material_checkpoint_lambdas,0.0,4.150781154632568,2.3151025772094727,42,R3,4.400190234184265,4.400190234184265
0.0,nan,nan,-1.2019094228744507,00000_002019_07,2.0,2.653538942337036,0.8229461312294006,0.9953415393829346,coef_energy_material_checkpoint_lambdas,0.0,4.1229705810546875,2.343465805053711,45,R3,4.401493847370148,0.5610095262527466
0.0,nan,nan,7.692444801330566,00000_002019_07,1.0,7.693285942077637,7.692445278167725,0.9884716272354126,coef_energy_material_checkpoint_lambdas,0.0,4.113894462585449,2.347592353820801,48,R3,4.404050290584564,0.5673324465751648
0.0,nan,nan,0.21778514981269836,00000_002019_07,5.0,0.24271531403064728,0.10714638233184814,0.9930694103240967,coef_energy_material_checkpoint_lambdas,0.0,4.116374492645264,2.3532421588897705,51,R3,4.400030791759491,4.400030791759491
0.0,nan,nan,0.054970599710941315,00000_002019_07,3.0,0.0662151649594307,0.06497258692979813,0.9996257424354553,coef_energy_material_checkpoint_lambdas,0.0,4.105390548706055,2.363473892211914,54,R3,4.400000095367432,3.860871136188507
0.0,nan,nan,0.015562430024147034,00000_002019_07,6.0,0.025296462699770927,0.013998284004628658,0.9815667867660522,coef_energy_material_checkpoint_lambdas,0.0,4.10474967956543,2.367542266845703,57,R3,4.40001517534256,1.6608436703681946
0.0,nan,nan,7.32741641998291,00000_002019_07,1.0,7.327423572540283,7.32741641998291,0.9994089603424072,coef_energy_material_checkpoint_lambdas,0.0,4.12705135345459,2.355905532836914,60,R3,4.403040289878845,0.5611391067504883
0.0,nan,nan,0.2571543753147125,00000_002019_07,7.0,0.3994177579879761,0.30562421679496765,0.9993187785148621,coef_energy_material_checkpoint_lambdas,0.0,4.191752910614014,2.296022415161133,63,R3,4.400000095367432,4.400000095367432
0.0,nan,nan,0.004286416806280613,00000_002019_07,10.0,0.0046922252513468266,0.004286416806280613,0.9853091239929199,coef_energy_material_checkpoint_lambdas,0.0,4.197768211364746,2.2896060943603516,66,R3,4.400000095367432,4.400000095367432
0.0,nan,nan,0.014075042679905891,00000_002019_07,12.0,0.014519734308123589,0.014075042679905891,0.9945583939552307,coef_energy_material_checkpoint_lambdas,0.0,4.281830310821533,2.231461524963379,69,R3,4.400000095367432,4.400000095367432
0.0,nan,nan,7.337700843811035,00000_002020_00,1.0,7.65216064453125,2.1711065769195557,0.9916068315505981,coef_energy_material_checkpoint_lambdas,0.0,4.184972286224365,2.193474054336548,0,R3,3.6638914048671722,3.6638914048671722
0.0,nan,nan,0.0444537028670311,00000_002020_00,3.0,0.07893428951501846,0.014688550494611263,0.9990730881690979,coef_energy_material_checkpoint_lambdas,1.0,4.179012298583984,2.1910407543182373,3,R3,3.3001139163970947,3.614548474550247
0.0,nan,nan,0.003916701767593622,00000_002020_00,6.0,0.0383855365216732,0.029770532622933388,0.9986347556114197,coef_energy_material_checkpoint_lambdas,1.0,4.188570499420166,2.184603214263916,6,R3,2.8858735859394073,3.2493993043899536
0.0,nan,nan,0.13581284880638123,00000_002020_00,8.0,0.2494739592075348,0.20926569402217865,0.9831289649009705,coef_energy_material_checkpoint_lambdas,0.0,4.1742048263549805,2.1894161701202393,9,R3,2.4798833429813385,2.4798833429813385
0.0,nan,nan,0.17334049940109253,00000_002020_00,4.0,0.500187873840332,0.4543389678001404,0.99799644947052,coef_energy_material_checkpoint_lambdas,0.0,4.19533109664917,2.178013801574707,12,R3,2.2374806702136993,1.8456956148147583
0.0,nan,nan,0.40056443214416504,00000_002020_00,1.0,1.748783826828003,1.702290654182434,0.9647002220153809,coef_energy_material_checkpoint_lambdas,0.0,4.188602447509766,2.18290114402771,15,R3,2.594463497400284,0.8093332946300507
0.0,nan,nan,1.2916878461837769,00000_002020_00,1.0,2.684248447418213,2.3530261516571045,0.9995696544647217,coef_energy_material_checkpoint_lambdas,0.0,4.186201095581055,2.2600812911987305,45,R3,4.400262653827667,4.400262653827667
0.0,nan,nan,-0.08011332899332047,00000_002020_00,3.0,0.21709220111370087,0.2017693668603897,0.9992251396179199,coef_energy_material_checkpoint_lambdas,0.0,4.1600189208984375,2.2699167728424072,48,R3,4.4000988602638245,4.4000988602638245
0.0,nan,nan,2.7850449085235596,00000_002020_00,6.0,3.9391088485717773,2.7850449085235596,0.9999454617500305,coef_energy_material_checkpoint_lambdas,0.0,4.15739631652832,2.2684338092803955,51,R3,4.40002977848053,0.5578073263168335
0.0,nan,nan,2.5119266510009766,00000_002020_00,7.0,4.148323059082031,0.5581952929496765,0.9996646046638489,coef_energy_material_checkpoint_lambdas,0.0,4.172756671905518,2.2984817028045654,57,R3,4.400101363658905,4.400102436542511
0.0,nan,nan,0.00016664210124872625,00000_002020_00,6.0,0.0005140949506312609,0.00016664210124872625,-0.007622129283845425,coef_energy_material_checkpoint_lambdas,0.0,4.1770524978637695,2.3031132221221924,60,R3,4.400000095367432,4.408165216445923
0.0,nan,nan,0.06611599028110504,00000_002020_00,7.0,0.06737518310546875,0.055918700993061066,0.9989500641822815,coef_energy_material_checkpoint_lambdas,0.0,4.1679582595825195,2.304547071456909,63,R3,4.400000095367432,2.7581613659858704
0.0,nan,nan,0.22284802794456482,00000_002020_00,5.0,0.2617541253566742,0.06048469617962837,0.8090429306030273,coef_energy_material_checkpoint_lambdas,0.0,4.1681365966796875,2.2999229431152344,66,R3,4.400037586688995,1.1079457998275757
0.0,nan,nan,7.6340837478637695,00000_002020_00,1.0,7.634429454803467,5.346733093261719,0.9868965744972229,coef_energy_material_checkpoint_lambdas,0.0,4.229920864105225,2.2585227489471436,72,R3,4.402884304523468,0.556403398513794
0.0,nan,nan,7.3273725509643555,00000_002020_01,1.0,7.641343116760254,2.167886972427368,0.991609513759613,coef_energy_material_checkpoint_lambdas,0.0,4.1783976554870605,2.1923837661743164,0,R3,3.6638914048671722,3.6638914048671722
0.0,nan,nan,0.044451139867305756,00000_002020_01,3.0,0.07893034815788269,0.014688229188323021,0.9990734457969666,coef_energy_material_checkpoint_lambdas,1.0,4.17828369140625,2.190941333770752,3,R3,3.3001139163970947,3.614548474550247
0.0,nan,nan,0.0039182398468256,00000_002020_01,6.0,0.03842538595199585,0.02979983575642109,0.9986383318901062,coef_energy_material_checkpoint_lambdas,1.0,4.187616348266602,2.1872549057006836,6,R3,2.8858735859394073,3.2493993043899536
0.0,nan,nan,0.1357780396938324,00000_002020_01,8.0,0.2495345026254654,0.20936043560504913,0.983069658279419,coef_energy_material_checkpoint_lambdas,0.0,4.182482719421387,2.188854932785034,9,R3,2.4798833429813385,2.4798833429813385
0.0,nan,nan,0.17356042563915253,00000_002020_01,4.0,0.5009719729423523,0.45502808690071106,0.9980034232139587,coef_energy_material_checkpoint_lambdas,0.0,4.19459867477417,2.1815638542175293,12,R3,2.2374806702136993,1.8456956148147583
0.0,nan,nan,0.39961445331573486,00000_002020_01,1.0,1.7451701164245605,1.6988016366958618,0.9647192358970642,coef_energy_material_checkpoint_lambdas,0.0,4.178845405578613,2.186420440673828,15,R3,2.594463497400284,0.8093332946300507
0.0,nan,nan,1.2921940088272095,00000_002020_01,1.0,2.6852848529815674,2.353930711746216,0.999569833278656,coef_energy_material_checkpoint_lambdas,0.0,4.1873698234558105,2.2742950916290283,45,R3,4.400262653827667,4.400262653827667
0.0,nan,nan,-0.08045531809329987,00000_002020_01,3.0,0.2180219441652298,0.20263393223285675,0.999225378036499,coef_energy_material_checkpoint_lambdas,0.0,4.177253246307373,2.299100875854492,48,R3,4.4000988602638245,4.4000988602638245
0.0,nan,nan,0.10032577067613602,00000_002020_01,5.0,0.11545628309249878,0.09597394615411758,0.9912537336349487,coef_energy_material_checkpoint_lambdas,0.0,4.142064094543457,2.3335039615631104,51,R3,4.400028228759766,4.4006155133247375
0.0,nan,nan,0.06588350236415863,00000_002020_01,7.0,0.06713750958442688,0.06588350981473923,0.9989141821861267,coef_energy_material_checkpoint_lambdas,0.0,4.149398326873779,2.326585531234741,54,R3,4.4000009298324585,4.402209281921387
0.0,nan,nan,0.0010705426102504134,00000_002020_01,5.0,0.020344426855444908,0.0010705426102504134,0.9973917603492737,coef_energy_material_checkpoint_lambdas,0.0,4.160421371459961,2.31361985206604,57,R3,4.400000631809235,1.6676440834999084
0.0,nan,nan,5.767477989196777,00000_002020_01,3.0,7.801657676696777,6.807997226715088,0.9979245662689209,coef_energy_material_checkpoint_lambdas,0.0,4.175753593444824,2.3034887313842773,60,R3,4.401480138301849,0.5881181359291077
0.0,nan,nan,3.8435356616973877,00000_002020_01,1.0,4.363006591796875,3.8435356616973877,0.9967425465583801,coef_energy_material_checkpoint_lambdas,0.0,4.169046401977539,2.277496337890625,69,R3,4.413164913654327,0.5784652829170227
0.0,nan,nan,7.336028575897217,00000_002020_02,1.0,7.650409698486328,2.1705880165100098,0.9916072487831116,coef_energy_material_checkpoint_lambdas,0.0,4.183917999267578,2.1932668685913086,0,R3,3.6638914048671722,3.6638914048671722
0.0,nan,nan,0.04446631669998169,00000_002020_02,3.0,0.07895664870738983,0.014692692086100578,0.9990731477737427,coef_energy_material_checkpoint_lambdas,1.0,4.18022346496582,2.1916608810424805,3,R3,3.3001139163970947,3.614548474550247
0.0,nan,nan,0.003916761837899685,00000_002020_02,6.0,0.03838881477713585,0.02977290377020836,0.9986351132392883,coef_energy_material_checkpoint_lambdas,1.0,4.188352108001709,2.1848318576812744,6,R3,2.8858735859394073,3.2493993043899536
0.0,nan,nan,0.13554459810256958,00000_002020_02,8.0,0.24925583600997925,0.20917965471744537,0.9829979538917542,coef_energy_material_checkpoint_lambdas,0.0,4.186578273773193,2.185091733932495,9,R3,2.4798833429813385,2.4798833429813385
0.0,nan,nan,0.1736224740743637,00000_002020_02,4.0,0.5011975765228271,0.4552258551120758,0.9980056285858154,coef_energy_material_checkpoint_lambdas,0.0,4.194216251373291,2.182588577270508,12,R3,2.2374806702136993,1.8456956148147583
0.0,nan,nan,0.4006779193878174,00000_002020_02,1.0,1.7489328384399414,1.7024168968200684,0.9646880030632019,coef_energy_material_checkpoint_lambdas,0.0,4.189675331115723,2.177865982055664,15,R3,2.594463497400284,0.8093332946300507
0.0,nan,nan,5.724940299987793,00000_002020_02,1.0,6.7805352210998535,6.580099105834961,0.9933781623840332,coef_energy_material_checkpoint_lambdas,0.0,4.156548500061035,2.256683588027954,42,R3,4.4041178822517395,0.5727579593658447
0.0,nan,nan,6.601998329162598,00000_002020_02,2.0,6.601998329162598,4.668728351593018,0.9999958276748657,coef_energy_material_checkpoint_lambdas,0.0,4.155252933502197,2.2866878509521484,51,R3,4.402781307697296,4.403781175613403
0.0,nan,nan,0.2730042636394501,00000_002020_02,9.0,0.3614746928215027,0.2730042338371277,0.997596025466919,coef_energy_material_checkpoint_lambdas,0.0,4.157074928283691,2.281778335571289,54,R3,4.400000989437103,4.402807593345642
0.0,nan,nan,0.24584347009658813,00000_002020_02,10.0,0.6582328081130981,0.43619197607040405,0.9982296228408813,coef_energy_material_checkpoint_lambdas,0.0,4.260563850402832,2.238365650177002,57,R3,4.400003373622894,4.400006890296936
0.0,nan,nan,0.025428611785173416,00000_002020_03,4.0,0.02695724181830883,0.01937595009803772,0.9999816417694092,coef_energy_material_checkpoint_lambdas,0.0,4.1902923583984375,2.241227388381958,0,R3,3.398227035999298,3.099491834640503
0.0,nan,nan,0.24631190299987793,00000_002020_03,5.0,0.47446209192276,0.4728602170944214,0.8974677920341492,coef_energy_material_checkpoint_lambdas,0.0,4.189594268798828,2.2287001609802246,3,R3,2.837123215198517,1.46043461561203
0.0,nan,nan,1.32896089553833,00000_002020_03,6.0,6.514906406402588,5.449587821960449,-0.28698450326919556,coef_energy_material_checkpoint_lambdas,0.0,4.189986228942871,2.224287509918213,6,R3,2.6853804290294647,0.3337399959564209
0.0,nan,nan,4.83247709274292,00000_002020_03,3.0,6.959797382354736,6.958683490753174,0.9716188311576843,coef_energy_material_checkpoint_lambdas,0.0,4.207033157348633,2.2038097381591797,9,R3,2.4186801612377167,0.2625632882118225
0.0,nan,nan,6.43408727645874,00000_002020_03,3.0,7.12373685836792,5.612391948699951,0.9786888360977173,coef_energy_material_checkpoint_lambdas,0.0,4.193797588348389,2.191218137741089,12,R3,2.117599219083786,0.2782212197780609
0.0,nan,nan,5.356971740722656,00000_002020_03,1.0,5.869843006134033,2.3995649814605713,0.9756924510002136,coef_energy_material_checkpoint_lambdas,0.0,4.187841892242432,2.1858530044555664,18,R3,2.1815138161182404,0.3932284414768219
0.0,nan,nan,1.7622700929641724,00000_002020_03,1.0,3.197585344314575,0.3829951286315918,-0.033828005194664,coef_energy_material_checkpoint_lambdas,0.0,4.184837818145752,2.2297465801239014,24,R3,4.272691398859024,0.42232900857925415
0.0,nan,nan,1.6162440776824951,00000_002020_03,1.0,3.9235119819641113,3.575150489807129,0.9970614910125732,coef_energy_material_checkpoint_lambdas,0.0,4.187667369842529,2.2737743854522705,45,R3,4.400903820991516,4.400903820991516
0.0,nan,nan,0.010663965716958046,00000_002020_03,1.0,0.05278584733605385,0.051697444170713425,0.9710572361946106,coef_energy_material_checkpoint_lambdas,0.0,4.1806159019470215,2.263678550720215,48,R3,4.400117218494415,4.400117218494415
0.0,nan,nan,-0.0013785131741315126,00000_002020_03,4.0,0.23596447706222534,0.16782400012016296,0.986166775226593,coef_energy_material_checkpoint_lambdas,0.0,4.147612571716309,2.277139902114868,51,R3,4.400039553642273,2.762571334838867
0.0,nan,nan,3.9073472023010254,00000_002020_03,5.0,3.9103715419769287,3.6582112312316895,0.9985498189926147,coef_energy_material_checkpoint_lambdas,0.0,4.142894744873047,2.2822775840759277,54,R3,4.400150120258331,0.559221088886261
0.0,nan,nan,2.940133571624756,00000_002020_03,5.0,6.920151710510254,6.8727898597717285,0.9847462177276611,coef_energy_material_checkpoint_lambdas,0.0,4.139647483825684,2.2915256023406982,57,R3,4.400671064853668,4.402701497077942
0.0,nan,nan,0.003460543928667903,00000_002020_03,8.0,0.01404929906129837,0.007181302644312382,0.9847103953361511,coef_energy_material_checkpoint_lambdas,0.0,4.133511543273926,2.305762529373169,60,R3,4.400000095367432,4.401854574680328
0.0,nan,nan,-0.0034357886761426926,00000_002020_03,9.0,0.013987792655825615,0.007158379070460796,0.9945622682571411,coef_energy_material_checkpoint_lambdas,0.0,4.12351655960083,2.313014507293701,63,R3,4.400000095367432,4.402850270271301
0.0,nan,nan,2.69667649269104,00000_002020_03,9.0,2.69667649269104,2.69667649269104,1.0,coef_energy_material_checkpoint_lambdas,0.0,4.151968002319336,2.3097076416015625,66,R3,4.400017738342285,4.4009957909584045
0.0,nan,nan,0.23011334240436554,00000_002020_03,12.0,0.2429732382297516,0.23011334240436554,0.9994914531707764,coef_energy_material_checkpoint_lambdas,0.0,4.1382904052734375,2.3349015712738037,69,R3,4.400000095367432,4.400003612041473
0.0,nan,nan,0.0007424500654451549,00000_002020_03,12.0,0.0010495004244148731,0.0007424500654451549,0.9997427463531494,coef_energy_material_checkpoint_lambdas,0.0,4.190997123718262,2.290158748626709,72,R3,4.400000095367432,4.400000095367432
0.0,nan,nan,5.488315764523577e-06,00000_002020_03,13.0,6.255706011870643e-06,1.7580620124135748e-06,0.0,coef_energy_material_checkpoint_lambdas,0.0,4.3248209953308105,2.2255167961120605,75,R3,4.400000095367432,4.400000095367432
0.0,nan,nan,7.3349409103393555,00000_002020_04,1.0,7.649331092834473,2.1704628467559814,0.9916040301322937,coef_energy_material_checkpoint_lambdas,0.0,4.184121131896973,2.190534830093384,0,R3,3.6638914048671722,3.6638914048671722
0.0,nan,nan,0.04445502907037735,00000_002020_04,3.0,0.07893658429384232,0.014688946306705475,0.9990732073783875,coef_energy_material_checkpoint_lambdas,1.0,4.179176330566406,2.191103935241699,3,R3,3.3001139163970947,3.614548474550247
0.0,nan,nan,0.003915817942470312,00000_002020_04,6.0,0.038407959043979645,0.029785912483930588,0.9986391663551331,coef_energy_material_checkpoint_lambdas,1.0,4.184365749359131,2.1863605976104736,6,R3,2.8858735859394073,3.2493993043899536
0.0,nan,nan,0.13562138378620148,00000_002020_04,8.0,0.24930311739444733,0.20918624103069305,0.9830427169799805,coef_energy_material_checkpoint_lambdas,0.0,4.181900978088379,2.1863293647766113,9,R3,2.4798833429813385,2.4798833429813385
0.0,nan,nan,0.17347772419452667,00000_002020_04,4.0,0.5009026527404785,0.45493894815444946,0.9980112910270691,coef_energy_material_checkpoint_lambdas,0.0,4.18574333190918,2.181415557861328,12,R3,2.2374806702136993,1.8456956148147583
0.0,nan,nan,0.40111076831817627,00000_002020_04,1.0,1.7508587837219238,1.7042936086654663,0.964689314365387,coef_energy_material_checkpoint_lambdas,0.0,4.194213390350342,2.180816650390625,15,R3,2.594463497400284,0.8093332946300507
0.0,nan,nan,1.0670497417449951,00000_002020_04,4.0,1.776501178741455,1.0670497417449951,0.990828275680542,coef_energy_material_checkpoint_lambdas,0.0,4.145498275756836,2.3170228004455566,54,R3,4.400091707706451,0.5597161650657654
0.0,nan,nan,5.403138637542725,00000_002020_04,2.0,5.434185028076172,5.403138637542725,0.9828118681907654,coef_energy_material_checkpoint_lambdas,0.0,4.137732028961182,2.3352787494659424,57,R3,4.401934504508972,0.5603070259094238
0.0,nan,nan,4.587784290313721,00000_002020_04,1.0,6.54408597946167,4.666615009307861,0.9706058502197266,coef_energy_material_checkpoint_lambdas,0.0,4.1049675941467285,2.3629961013793945,60,R3,4.402571260929108,4.402571260929108
0.0,nan,nan,0.3522433936595917,00000_002020_04,7.0,0.4533463418483734,0.450874924659729,0.9807704091072083,coef_energy_material_checkpoint_lambdas,0.0,4.126867771148682,2.3517866134643555,63,R3,4.400009453296661,4.400256454944611
0.0,nan,nan,0.0534818209707737,00000_002020_04,7.0,0.0691077783703804,0.0687655434012413,0.9970042109489441,coef_energy_material_checkpoint_lambdas,0.0,4.26490592956543,2.2414157390594482,66,R3,4.400000333786011,4.400007367134094
0.0,nan,nan,7.328027725219727,00000_002020_05,1.0,7.642026901245117,2.168083429336548,0.991609513759613,coef_energy_material_checkpoint_lambdas,0.0,4.1787824630737305,2.192547559738159,0,R3,3.6638914048671722,3.6638914048671722
0.0,nan,nan,0.04446667060256004,00000_002020_05,3.0,0.07896244525909424,0.01469723042100668,0.9990751147270203,coef_energy_material_checkpoint_lambdas,1.0,4.176200866699219,2.191904067993164,3,R3,3.3001139163970947,3.614548474550247
0.0,nan,nan,0.003916667774319649,00000_002020_05,6.0,0.038432247936725616,0.029803715646266937,0.998641312122345,coef_energy_material_checkpoint_lambdas,1.0,4.183601379394531,2.1879899501800537,6,R3,2.8858735859394073,3.2493993043899536
0.0,nan,nan,0.1355767399072647,00000_002020_05,8.0,0.24920396506786346,0.2090970277786255,0.9830509424209595,coef_energy_material_checkpoint_lambdas,0.0,4.1792402267456055,2.185609817504883,9,R3,2.4798833429813385,2.4798833429813385
0.0,nan,nan,0.17354315519332886,00000_002020_05,4.0,0.5008849501609802,0.4549548029899597,0.998001754283905,coef_energy_material_checkpoint_lambdas,0.0,4.1956868171691895,2.1811511516571045,12,R3,2.2374806702136993,1.8456956148147583
0.0,nan,nan,0.40012580156326294,00000_002020_05,1.0,1.7469265460968018,1.7004857063293457,0.964702308177948,coef_energy_material_checkpoint_lambdas,0.0,4.1840362548828125,2.181440830230713,15,R3,2.594463497400284,0.8093332946300507
0.0,nan,nan,1.292323112487793,00000_002020_05,1.0,2.685553789138794,2.3541665077209473,0.999569833278656,coef_energy_material_checkpoint_lambdas,0.0,4.187800407409668,2.274176836013794,45,R3,4.400262653827667,4.400262653827667
0.0,nan,nan,-0.08055325597524643,00000_002020_05,3.0,0.218283012509346,0.20287594199180603,0.9992250204086304,coef_energy_material_checkpoint_lambdas,0.0,4.1830902099609375,2.273932456970215,48,R3,4.4000988602638245,4.4000988602638245
0.0,nan,nan,0.10083828866481781,00000_002020_05,5.0,0.11603766679763794,0.09644898772239685,0.9912368059158325,coef_energy_material_checkpoint_lambdas,0.0,4.166910648345947,2.269345760345459,51,R3,4.400028228759766,4.4006155133247375
0.0,nan,nan,0.0003960193134844303,00000_002020_05,6.0,0.014076034538447857,0.013473644852638245,0.9896855354309082,coef_energy_material_checkpoint_lambdas,0.0,4.143780708312988,2.28177547454834,54,R3,4.400003671646118,4.400040030479431
0.0,nan,nan,0.049287162721157074,00000_002020_05,7.0,0.06987380981445312,0.06987360119819641,0.9991316795349121,coef_energy_material_checkpoint_lambdas,0.0,4.157585144042969,2.2809605598449707,57,R3,4.400000631809235,4.400007367134094
0.0,nan,nan,0.0001663250004639849,00000_002020_05,6.0,0.0005131191574037075,0.00022563038510270417,-0.007607688196003437,coef_energy_material_checkpoint_lambdas,0.0,4.169120788574219,2.293086051940918,60,R3,4.400000095367432,3.8569374680519104
0.0,nan,nan,0.00042305639362894,00000_002020_05,8.0,0.0007525131804868579,0.00014091045886743814,0.8397958874702454,coef_energy_material_checkpoint_lambdas,0.0,4.203640937805176,2.2701501846313477,63,R3,4.400000333786011,2.219464421272278
0.0,nan,nan,4.011569499969482,00000_002020_05,5.0,4.198767185211182,2.444690704345703,0.9791125655174255,coef_energy_material_checkpoint_lambdas,0.0,4.289578437805176,2.2297770977020264,66,R3,4.40005487203598,0.5789448618888855
0.0,nan,nan,7.32557487487793,00000_002020_06,1.0,7.639432907104492,2.167229652404785,0.9916115999221802,coef_energy_material_checkpoint_lambdas,0.0,4.176848888397217,2.193376064300537,0,R3,3.6638914048671722,3.6638914048671722
0.0,nan,nan,0.044476233422756195,00000_002020_06,3.0,0.07897372543811798,0.014695510268211365,0.9990729689598083,coef_energy_material_checkpoint_lambdas,1.0,4.181573867797852,2.192126512527466,3,R3,3.3001139163970947,3.614548474550247
0.0,nan,nan,0.003917509689927101,00000_002020_06,6.0,0.03843118995428085,0.029803497716784477,0.9986400008201599,coef_energy_material_checkpoint_lambdas,1.0,4.185478210449219,2.1877853870391846,6,R3,2.8858735859394073,3.2493993043899536
0.0,nan,nan,0.13565009832382202,00000_002020_06,8.0,0.24932453036308289,0.2091931402683258,0.9830576777458191,coef_energy_material_checkpoint_lambdas,0.0,4.180430889129639,2.1867921352386475,9,R3,2.4798833429813385,2.4798833429813385
0.0,nan,nan,0.1734716147184372,00000_002020_06,4.0,0.5007419586181641,0.4548151195049286,0.9980047941207886,coef_energy_material_checkpoint_lambdas,0.0,4.19138765335083,2.180586099624634,12,R3,2.2374806702136993,1.8456956148147583
0.0,nan,nan,0.40041136741638184,00000_002020_06,1.0,1.7480709552764893,1.7015941143035889,0.9646986722946167,coef_energy_material_checkpoint_lambdas,0.0,4.186988830566406,2.1813268661499023,15,R3,2.594463497400284,0.8093332946300507
0.0,nan,nan,1.8569400310516357,00000_002020_06,2.0,1.9589256048202515,0.8719407916069031,0.9952133297920227,coef_energy_material_checkpoint_lambdas,0.0,4.12156343460083,2.319370985031128,54,R3,4.40104478597641,0.557220458984375
0.0,nan,nan,3.9227194786071777,00000_002020_06,3.0,5.680177211761475,5.137782096862793,0.9958718419075012,coef_energy_material_checkpoint_lambdas,0.0,4.285262107849121,2.2235450744628906,63,R3,4.400617897510529,4.401612401008606
0.0,nan,nan,7.329071044921875,00000_002020_07,1.0,7.643100738525391,2.1683430671691895,0.9916103482246399,coef_energy_material_checkpoint_lambdas,0.0,4.179173469543457,2.193455219268799,0,R3,3.6638914048671722,3.6638914048671722
0.0,nan,nan,0.044480469077825546,00000_002020_07,3.0,0.07898710668087006,0.014701918698847294,0.9990750551223755,coef_energy_material_checkpoint_lambdas,1.0,4.177380084991455,2.1925907135009766,3,R3,3.3001139163970947,3.614548474550247
0.0,nan,nan,0.003910499159246683,00000_002020_07,6.0,0.03843201696872711,0.02979963645339012,0.9986495971679688,coef_energy_material_checkpoint_lambdas,1.0,4.170690059661865,2.188908576965332,6,R3,2.8858735859394073,3.2493993043899536
0.0,nan,nan,0.13561901450157166,00000_002020_07,8.0,0.24926505982875824,0.20914241671562195,0.9830588102340698,coef_energy_material_checkpoint_lambdas,0.0,4.179295539855957,2.186291456222534,9,R3,2.4798833429813385,2.4798833429813385
0.0,nan,nan,0.17348302900791168,00000_002020_07,4.0,0.5006410479545593,0.4547441005706787,0.9979984164237976,coef_energy_material_checkpoint_lambdas,0.0,4.197081565856934,2.180025339126587,12,R3,2.2374806702136993,1.8456956148147583
0.0,nan,nan,0.3998154401779175,00000_002020_07,1.0,1.7460542917251587,1.699662685394287,0.9647194147109985,coef_energy_material_checkpoint_lambdas,0.0,4.18095064163208,2.187617778778076,15,R3,2.594463497400284,0.8093332946300507
0.0,nan,nan,2.8372578620910645,00000_002020_07,2.0,5.847759246826172,4.82447624206543,0.9908966422080994,coef_energy_material_checkpoint_lambdas,0.0,4.170413494110107,2.3000662326812744,54,R3,4.400693893432617,0.5597161650657654
0.0,nan,nan,5.408677101135254,00000_002020_07,2.0,5.439749717712402,5.408677101135254,0.9828100204467773,coef_energy_material_checkpoint_lambdas,0.0,4.14219331741333,2.3346030712127686,57,R3,4.401934504508972,0.5603070259094238
0.0,nan,nan,4.5866594314575195,00000_002020_07,1.0,6.542508602142334,4.665509223937988,0.9706068634986877,coef_energy_material_checkpoint_lambdas,0.0,4.103909492492676,2.363579511642456,60,R3,4.402571260929108,4.402571260929108
0.0,nan,nan,0.350493848323822,00000_002020_07,7.0,0.451127827167511,0.4486728012561798,0.9807882308959961,coef_energy_material_checkpoint_lambdas,0.0,4.10479736328125,2.3711800575256348,63,R3,4.400009453296661,4.400256454944611
0.0,nan,nan,0.051595691591501236,00000_002020_07,7.0,0.06668641418218613,0.06635808944702148,0.9970263838768005,coef_energy_material_checkpoint_lambdas,0.0,4.100088119506836,2.3781275749206543,66,R3,4.400000333786011,4.400007367134094
0.0,nan,nan,0.004457747098058462,00000_002020_07,12.0,0.00494378199800849,0.0046636369079351425,0.9897305369377136,coef_energy_material_checkpoint_lambdas,0.0,4.095318794250488,2.389909505844116,69,R3,4.400000095367432,4.400000095367432
0.0,nan,nan,1.2869797672010463e-07,00000_002020_07,13.0,1.868567096607876e-06,1.2271356126802857e-06,0.0,coef_energy_material_checkpoint_lambdas,0.0,4.160984516143799,2.340383768081665,72,R3,4.400000095367432,4.400122582912445
0.0,nan,nan,-0.0001551095920149237,00000_002020_07,14.0,0.0007847569650039077,0.00076927529880777,0.0,coef_energy_material_checkpoint_lambdas,0.0,4.31842041015625,2.2143163681030273,75,R3,4.400000095367432,4.400000095367432
0.0,nan,nan,7.008400917053223,00000_002033_00,1.0,7.318905830383301,2.10919189453125,0.9897602796554565,coef_energy_material_checkpoint_lambdas,0.0,4.176072120666504,2.1840176582336426,0,R3,3.710086405277252,3.710086405277252
0.0,nan,nan,-0.04168802872300148,00000_002033_00,6.0,0.04215911030769348,0.0250338576734066,0.999344527721405,coef_energy_material_checkpoint_lambdas,1.0,4.185781002044678,2.1848037242889404,3,R3,3.4804581701755524,3.787100613117218
0.0,nan,nan,-0.006991684436798096,00000_002033_00,7.0,0.10150233656167984,0.025388725101947784,0.9927166104316711,coef_energy_material_checkpoint_lambdas,1.0,4.183659076690674,2.181516647338867,6,R3,3.0411185324192047,3.614722967147827
0.0,nan,nan,0.1424742341041565,00000_002033_00,7.0,0.14533989131450653,0.1260812133550644,0.9209526181221008,coef_energy_material_checkpoint_lambdas,0.0,4.180549144744873,2.181288957595825,9,R3,2.488447070121765,2.936019390821457
0.0,nan,nan,2.936811923980713,00000_002033_00,4.0,3.2061197757720947,3.192840337753296,0.915757954120636,coef_energy_material_checkpoint_lambdas,0.0,4.203302383422852,2.1727352142333984,12,R3,2.4155904948711395,1.236820012331009
0.0,nan,nan,5.979583740234375,00000_002033_00,3.0,7.05329704284668,6.873348712921143,0.983826756477356,coef_energy_material_checkpoint_lambdas,0.0,4.187933921813965,2.179600954055786,15,R3,2.2431147396564484,0.29245883226394653
0.0,nan,nan,1.4581540822982788,00000_002033_00,1.0,1.4740614891052246,0.45893508195877075,-0.7364364862442017,coef_energy_material_checkpoint_lambdas,0.0,4.183496475219727,2.2461225986480713,33,R3,4.399956047534943,1.6543669700622559
0.0,nan,nan,6.817777633666992,00000_002033_00,3.0,6.866023540496826,5.395437240600586,0.9587626457214355,coef_energy_material_checkpoint_lambdas,0.0,4.150219440460205,2.3133201599121094,39,R3,4.401955962181091,4.402383267879486
0.0,nan,nan,0.11155585944652557,00000_002033_00,1.0,4.160848140716553,3.0199880599975586,0.9868157505989075,coef_energy_material_checkpoint_lambdas,0.0,4.127725601196289,2.3391952514648438,42,R3,4.405633747577667,0.568928599357605
0.0,nan,nan,7.661620140075684,00000_002033_00,1.0,7.663269519805908,7.661620140075684,0.9720792770385742,coef_energy_material_checkpoint_lambdas,0.0,4.13810920715332,2.3319203853607178,45,R3,4.4110870361328125,0.5729906558990479
0.0,nan,nan,0.35282135009765625,00000_002033_00,4.0,0.45318618416786194,0.04836694523692131,0.9768409132957458,coef_energy_material_checkpoint_lambdas,0.0,4.138814449310303,2.334611654281616,51,R3,4.4000221490859985,2.225558280944824
0.0,nan,nan,4.215001106262207,00000_002033_00,3.0,4.21500825881958,2.9860801696777344,0.9972003102302551,coef_energy_material_checkpoint_lambdas,0.0,4.111552715301514,2.3575961589813232,54,R3,4.400113105773926,0.5675012469291687
0.0,nan,nan,5.880943298339844,00000_002033_00,2.0,6.603817939758301,4.7097039222717285,0.9808356165885925,coef_energy_material_checkpoint_lambdas,0.0,4.106446266174316,2.3644657135009766,57,R3,4.40196967124939,4.402035713195801
0.0,nan,nan,0.007074218243360519,00000_002033_00,8.0,0.00714079150930047,0.0031599411740899086,0.7084212303161621,coef_energy_material_checkpoint_lambdas,0.0,4.109554290771484,2.36885142326355,60,R3,4.400000095367432,4.400000691413879
0.0,nan,nan,0.0007381483446806669,00000_002033_00,8.0,0.0007530035800300539,0.0006271908059716225,0.0,coef_energy_material_checkpoint_lambdas,0.0,4.143685817718506,2.34462833404541,63,R3,4.400000095367432,4.400000095367432
0.0,nan,nan,7.068720275782425e-09,00000_002033_00,13.0,6.91568473598636e-08,4.364681771562573e-08,0.0,coef_energy_material_checkpoint_lambdas,0.0,4.202243804931641,2.291151523590088,66,R3,4.400000095367432,4.400000095367432
0.0,nan,nan,1.937342286595367e-09,00000_002033_00,14.0,1.94872140646396e-09,2.102862883823775e-10,0.0,coef_energy_material_checkpoint_lambdas,0.0,4.303235054016113,2.2170355319976807,69,R3,4.400000095367432,4.400000095367432
0.0,nan,nan,6.999201774597168,00000_002033_01,1.0,7.309174060821533,2.105989933013916,0.989768385887146,coef_energy_material_checkpoint_lambdas,0.0,4.168876647949219,2.1881067752838135,0,R3,3.710086405277252,3.710086405277252
0.0,nan,nan,-0.04163573309779167,00000_002033_01,6.0,0.042106591165065765,0.025000708177685738,0.9993425011634827,coef_energy_material_checkpoint_lambdas,1.0,4.187264919281006,2.1823415756225586,3,R3,3.4804581701755524,3.787100613117218
0.0,nan,nan,-0.006919536739587784,00000_002033_01,7.0,0.10130879282951355,0.025397391989827156,0.9926464557647705,coef_energy_material_checkpoint_lambdas,1.0,4.195703029632568,2.1765642166137695,6,R3,3.0411185324192047,3.614722967147827
0.0,nan,nan,0.14249281585216522,00000_002033_01,7.0,0.14533549547195435,0.12613508105278015,0.9206411838531494,coef_energy_material_checkpoint_lambdas,0.0,4.188310623168945,2.1790595054626465,9,R3,2.488447070121765,2.936019390821457
0.0,nan,nan,2.931166172027588,00000_002033_01,4.0,3.200209140777588,3.186901569366455,0.9158304929733276,coef_energy_material_checkpoint_lambdas,0.0,4.1938252449035645,2.173022508621216,12,R3,2.4155904948711395,1.236820012331009
0.0,nan,nan,5.972633361816406,00000_002033_01,3.0,7.045273780822754,6.8655924797058105,0.9838338494300842,coef_energy_material_checkpoint_lambdas,0.0,4.182258129119873,2.1837587356567383,15,R3,2.2431147396564484,0.29245883226394653
0.0,nan,nan,1.4540899991989136,00000_002033_01,1.0,1.4700093269348145,0.4573128819465637,-0.7362618446350098,coef_energy_material_checkpoint_lambdas,0.0,4.173168659210205,2.2464396953582764,33,R3,4.399956047534943,1.6543669700622559
0.0,nan,nan,6.867716312408447,00000_002033_01,3.0,6.916139125823975,5.433897018432617,0.9587013125419617,coef_energy_material_checkpoint_lambdas,0.0,4.183549404144287,2.271505355834961,39,R3,4.401955962181091,4.402383267879486
0.0,nan,nan,0.040005482733249664,00000_002033_01,1.0,0.3903713822364807,0.3883160650730133,0.9797408580780029,coef_energy_material_checkpoint_lambdas,0.0,4.186388969421387,2.271941661834717,42,R3,4.400163114070892,4.400163114070892
0.0,nan,nan,0.03125400468707085,00000_002033_01,3.0,0.0586707703769207,0.04965326189994812,0.9989731907844543,coef_energy_material_checkpoint_lambdas,0.0,4.165285110473633,2.2730417251586914,45,R3,4.400120735168457,4.400120735168457
0.0,nan,nan,-0.08276522904634476,00000_002033_01,4.0,0.14132975041866302,0.022482367232441902,0.9856950640678406,coef_energy_material_checkpoint_lambdas,0.0,4.139832019805908,2.288313627243042,48,R3,4.4000988602638245,1.6696654558181763
0.0,nan,nan,7.6725568771362305,00000_002033_01,1.0,7.6726508140563965,7.672557353973389,0.9984028935432434,coef_energy_material_checkpoint_lambdas,0.0,4.137956142425537,2.287947177886963,51,R3,4.403190493583679,0.5780963897705078
0.0,nan,nan,5.842606067657471,00000_002033_01,4.0,6.531935214996338,4.618355751037598,0.9999939203262329,coef_energy_material_checkpoint_lambdas,0.0,4.130362510681152,2.299363851547241,54,R3,4.400810241699219,4.400968492031097
0.0,nan,nan,0.001007060636766255,00000_002033_01,9.0,0.001017046277411282,0.0001421690540155396,0.5056379437446594,coef_energy_material_checkpoint_lambdas,0.0,4.120214462280273,2.308415412902832,57,R3,4.400000095367432,4.400000095367432
0.0,nan,nan,1.999891082959948e-06,00000_002033_01,11.0,5.153782694833353e-06,4.77284993394278e-06,0.0,coef_energy_material_checkpoint_lambdas,0.0,4.220357418060303,2.2632389068603516,60,R3,4.400000095367432,4.400000095367432
0.0,nan,nan,7.011475563049316,00000_002033_02,1.0,7.322137832641602,2.1101911067962646,0.9897589683532715,coef_energy_material_checkpoint_lambdas,0.0,4.178194046020508,2.1837992668151855,0,R3,3.710086405277252,3.710086405277252
0.0,nan,nan,-0.04159536585211754,00000_002033_02,6.0,0.042065784335136414,0.024976389482617378,0.9993424415588379,coef_energy_material_checkpoint_lambdas,1.0,4.183507442474365,2.1802382469177246,3,R3,3.4804581701755524,3.787100613117218
0.0,nan,nan,-0.0069221630692481995,00000_002033_02,7.0,0.10136955231428146,0.025414101779460907,0.9926445484161377,coef_energy_material_checkpoint_lambdas,1.0,4.1987385749816895,2.177849054336548,6,R3,3.0411185324192047,3.614722967147827
0.0,nan,nan,0.14250603318214417,00000_002033_02,7.0,0.14536172151565552,0.12612633407115936,0.9208112955093384,coef_energy_material_checkpoint_lambdas,0.0,4.18475866317749,2.1806344985961914,9,R3,2.488447070121765,2.936019390821457
0.0,nan,nan,2.923438549041748,00000_002033_02,4.0,3.1923694610595703,3.1789700984954834,0.9160017967224121,coef_energy_material_checkpoint_lambdas,0.0,4.17948055267334,2.1778085231781006,12,R3,2.4155904948711395,1.236820012331009
0.0,nan,nan,5.977752208709717,00000_002033_02,3.0,7.0513014793396,6.871462821960449,0.9838334918022156,coef_energy_material_checkpoint_lambdas,0.0,4.185889720916748,2.1852378845214844,15,R3,2.2431147396564484,0.29245883226394653
0.0,nan,nan,1.4561735391616821,00000_002033_02,1.0,1.472084641456604,0.4581573009490967,-0.7363579869270325,coef_energy_material_checkpoint_lambdas,0.0,4.178413391113281,2.2460315227508545,33,R3,4.399956047534943,1.6543669700622559
0.0,nan,nan,6.867748260498047,00000_002033_02,3.0,6.916169166564941,5.4339118003845215,0.9587007761001587,coef_energy_material_checkpoint_lambdas,0.0,4.183598041534424,2.2709288597106934,39,R3,4.401955962181091,4.402383267879486
0.0,nan,nan,0.04002421721816063,00000_002033_02,1.0,0.3905026912689209,0.3884461522102356,0.9797435998916626,coef_energy_material_checkpoint_lambdas,0.0,4.187519073486328,2.277867078781128,42,R3,4.400163114070892,4.400163114070892
0.0,nan,nan,0.031240439042448997,00000_002033_02,3.0,0.058643512427806854,0.04962959140539169,0.9989740252494812,coef_energy_material_checkpoint_lambdas,0.0,4.161586284637451,2.314603805541992,45,R3,4.400120735168457,4.400120735168457
0.0,nan,nan,-0.08251380175352097,00000_002033_02,5.0,0.140924334526062,0.022434931248426437,0.9854741096496582,coef_energy_material_checkpoint_lambdas,0.0,4.125851631164551,2.350625514984131,48,R3,4.4000988602638245,1.6688100695610046
0.0,nan,nan,7.486279487609863,00000_002033_02,1.0,7.4863739013671875,7.486279487609863,0.9970747828483582,coef_energy_material_checkpoint_lambdas,0.0,4.119689464569092,2.3528213500976562,51,R3,4.402866899967194,0.5610932111740112
0.0,nan,nan,0.06399830430746078,00000_002033_02,6.0,0.06690557301044464,0.019508279860019684,0.9976841807365417,coef_energy_material_checkpoint_lambdas,0.0,4.123173713684082,2.355039119720459,54,R3,4.4000044465065,4.4000044465065
0.0,nan,nan,0.0014018837828189135,00000_002033_02,4.0,0.0015474241226911545,0.0010648600291460752,0.931238055229187,coef_energy_material_checkpoint_lambdas,0.0,4.119603157043457,2.359790802001953,57,R3,4.400150120258331,3.8621937036514282
0.0,nan,nan,0.03914046287536621,00000_002033_02,5.0,0.04000971093773842,0.008294645696878433,0.988683819770813,coef_energy_material_checkpoint_lambdas,0.0,4.1461687088012695,2.338829278945923,60,R3,4.400004148483276,1.6621893048286438
0.0,nan,nan,7.610592365264893,00000_002033_02,1.0,7.610738277435303,7.610592365264893,0.9957019090652466,coef_energy_material_checkpoint_lambdas,0.0,4.183544158935547,2.2965896129608154,63,R3,4.4036842584609985,0.5674882531166077
0.0,nan,nan,7.804582595825195,00000_002033_02,5.0,7.941999435424805,7.638483047485352,0.9999427795410156,coef_energy_material_checkpoint_lambdas,0.0,4.2081990242004395,2.2777340412139893,66,R3,4.401455044746399,0.5593259334564209
0.0,nan,nan,6.091203212738037,00000_002033_02,5.0,6.80366325378418,6.803650856018066,0.9979878067970276,coef_energy_material_checkpoint_lambdas,0.0,4.284957408905029,2.2281768321990967,69,R3,4.4008437395095825,0.5563682913780212
0.0,nan,nan,7.023573875427246,00000_002033_03,1.0,7.334857940673828,2.114130973815918,0.9897534847259521,coef_energy_material_checkpoint_lambdas,0.0,4.186585426330566,2.182770252227783,0,R3,3.710086405277252,3.710086405277252
0.0,nan,nan,-0.041689250618219376,00000_002033_03,6.0,0.04216025769710541,0.025035008788108826,0.999345064163208,coef_energy_material_checkpoint_lambdas,1.0,4.184298515319824,2.1848013401031494,3,R3,3.4804581701755524,3.787100613117218
0.0,nan,nan,-0.007079474627971649,00000_002033_03,7.0,0.10165722668170929,0.025352612137794495,0.9928080439567566,coef_energy_material_checkpoint_lambdas,1.0,4.163784980773926,2.1858839988708496,6,R3,3.0411185324192047,3.614722967147827
0.0,nan,nan,0.14246247708797455,00000_002033_03,7.0,0.1453377902507782,0.12605500221252441,0.921083927154541,coef_energy_material_checkpoint_lambdas,0.0,4.177156448364258,2.182170867919922,9,R3,2.488447070121765,2.936019390821457
0.0,nan,nan,2.929800510406494,00000_002033_03,4.0,3.198756456375122,3.1854469776153564,0.9158414006233215,coef_energy_material_checkpoint_lambdas,0.0,4.191661357879639,2.1726818084716797,12,R3,2.4155904948711395,1.236820012331009
0.0,nan,nan,5.976348400115967,00000_002033_03,3.0,7.049674034118652,6.869887828826904,0.9838346838951111,coef_energy_material_checkpoint_lambdas,0.0,4.184774398803711,2.185822010040283,15,R3,2.2431147396564484,0.29245883226394653
0.0,nan,nan,1.4571573734283447,00000_002033_03,1.0,1.473088264465332,0.4584117829799652,-0.7363300323486328,coef_energy_material_checkpoint_lambdas,0.0,4.181450366973877,2.2486050128936768,33,R3,4.399956047534943,1.6543669700622559
0.0,nan,nan,6.862192153930664,00000_002033_03,3.0,6.910586833953857,5.429591178894043,0.9587050080299377,coef_energy_material_checkpoint_lambdas,0.0,4.180005073547363,2.2732739448547363,39,R3,4.401955962181091,4.402383267879486
0.0,nan,nan,0.04000106826424599,00000_002033_03,1.0,0.3903370797634125,0.38828206062316895,0.9797404408454895,coef_energy_material_checkpoint_lambdas,0.0,4.186068534851074,2.270860433578491,42,R3,4.400163114070892,4.400163114070892
0.0,nan,nan,0.031244421377778053,00000_002033_03,3.0,0.05865270644426346,0.04963795095682144,0.9989731907844543,coef_energy_material_checkpoint_lambdas,0.0,4.163933277130127,2.274012804031372,45,R3,4.400120735168457,4.400120735168457
0.0,nan,nan,-0.08295799791812897,00000_002033_03,4.0,0.1416548490524292,0.02253117226064205,0.985691487789154,coef_energy_material_checkpoint_lambdas,0.0,4.149860858917236,2.2819926738739014,48,R3,4.4000988602638245,1.6696654558181763
0.0,nan,nan,7.754436492919922,00000_002033_03,1.0,7.754526138305664,7.754436492919922,0.9983965754508972,coef_energy_material_checkpoint_lambdas,0.0,4.190501689910889,2.2591171264648438,51,R3,4.403190493583679,0.5780963897705078
0.0,nan,nan,2.964071035385132,00000_002033_03,7.0,7.02502965927124,6.979572296142578,0.9811936616897583,coef_energy_material_checkpoint_lambdas,0.0,4.286858081817627,2.219067096710205,54,R3,4.400506675243378,4.401605844497681
0.0,nan,nan,7.011993885040283,00000_002033_04,1.0,7.3226704597473145,2.110318660736084,0.9897595047950745,coef_energy_material_checkpoint_lambdas,0.0,4.178390979766846,2.1844143867492676,0,R3,3.710086405277252,3.710086405277252
0.0,nan,nan,-0.04168405756354332,00000_002033_04,6.0,0.04215497151017189,0.025032058358192444,0.9993453621864319,coef_energy_material_checkpoint_lambdas,1.0,4.183128356933594,2.184502363204956,3,R3,3.4804581701755524,3.787100613117218
0.0,nan,nan,-0.006939154118299484,00000_002033_04,7.0,0.10150471329689026,0.025440456345677376,0.9926539063453674,coef_energy_material_checkpoint_lambdas,1.0,4.201694488525391,2.1808574199676514,6,R3,3.0411185324192047,3.614722967147827
0.0,nan,nan,0.1424574851989746,00000_002033_04,7.0,0.1453162431716919,0.12607690691947937,0.9208651781082153,coef_energy_material_checkpoint_lambdas,0.0,4.182083606719971,2.1803267002105713,9,R3,2.488447070121765,2.936019390821457
0.0,nan,nan,2.9197304248809814,00000_002033_04,4.0,3.188544988632202,3.175114631652832,0.9160661101341248,coef_energy_material_checkpoint_lambdas,0.0,4.17294454574585,2.178994655609131,12,R3,2.4155904948711395,1.236820012331009
0.0,nan,nan,5.969738006591797,00000_002033_04,3.0,7.041842460632324,6.862242698669434,0.9838331341743469,coef_energy_material_checkpoint_lambdas,0.0,4.180304050445557,2.1820921897888184,15,R3,2.2431147396564484,0.29245883226394653
0.0,nan,nan,1.4585251808166504,00000_002033_04,1.0,1.4744250774383545,0.4591231048107147,-0.7364725470542908,coef_energy_material_checkpoint_lambdas,0.0,4.1842851638793945,2.2453296184539795,33,R3,4.399956047534943,1.6543669700622559
0.0,nan,nan,6.822061061859131,00000_002033_04,3.0,6.87033748626709,5.398825645446777,0.9587625861167908,coef_energy_material_checkpoint_lambdas,0.0,4.152832508087158,2.314666271209717,39,R3,4.401955962181091,4.402383267879486
0.0,nan,nan,0.11157993972301483,00000_002033_04,1.0,4.162500858306885,3.0211737155914307,0.9868149757385254,coef_energy_material_checkpoint_lambdas,0.0,4.12948751449585,2.3378031253814697,42,R3,4.405633747577667,0.568928599357605
0.0,nan,nan,7.650328636169434,00000_002033_04,1.0,7.651980876922607,7.650329113006592,0.9720861911773682,coef_energy_material_checkpoint_lambdas,0.0,4.13150691986084,2.3318045139312744,45,R3,4.4110870361328125,0.5729906558990479
0.0,nan,nan,0.35286644101142883,00000_002033_04,4.0,0.4532434642314911,0.04837385565042496,0.9768404960632324,coef_energy_material_checkpoint_lambdas,0.0,4.139371395111084,2.334290027618408,51,R3,4.4000221490859985,2.225558280944824
0.0,nan,nan,4.239775657653809,00000_002033_04,3.0,4.23978328704834,3.0035557746887207,0.9971982836723328,coef_energy_material_checkpoint_lambdas,0.0,4.137110233306885,2.339749813079834,54,R3,4.400113105773926,0.5675012469291687
0.0,nan,nan,5.955165386199951,00000_002033_04,2.0,6.686156749725342,4.7670440673828125,0.980778157711029,coef_energy_material_checkpoint_lambdas,0.0,4.163817405700684,2.3121118545532227,57,R3,4.40196967124939,4.402035713195801
0.0,nan,nan,0.02876395359635353,00000_002033_04,7.0,0.029797356575727463,0.02876395359635353,0.8219513893127441,coef_energy_material_checkpoint_lambdas,0.0,4.263586521148682,2.2401974201202393,60,R3,4.400000333786011,1.6589614748954773
0.0,nan,nan,7.02357816696167,00000_002033_05,1.0,7.3349432945251465,2.1144137382507324,0.9897481799125671,coef_energy_material_checkpoint_lambdas,0.0,4.1877007484436035,2.178255081176758,0,R3,3.710086405277252,3.710086405277252
0.0,nan,nan,-0.04159010946750641,00000_002033_05,6.0,0.0420604906976223,0.024973120540380478,0.9993423223495483,coef_energy_material_checkpoint_lambdas,1.0,4.183407783508301,2.179980516433716,3,R3,3.4804581701755524,3.787100613117218
0.0,nan,nan,-0.006905127316713333,00000_002033_05,7.0,0.10122069716453552,0.025383450090885162,0.9926363825798035,coef_energy_material_checkpoint_lambdas,1.0,4.194911479949951,2.174558401107788,6,R3,3.0411185324192047,3.614722967147827
0.0,nan,nan,0.1425134688615799,00000_002033_05,7.0,0.1453724056482315,0.1261279582977295,0.9208526015281677,coef_energy_material_checkpoint_lambdas,0.0,4.184019565582275,2.181081771850586,9,R3,2.488447070121765,2.936019390821457
0.0,nan,nan,2.9264750480651855,00000_002033_05,4.0,3.195533275604248,3.182152271270752,0.915958046913147,coef_energy_material_checkpoint_lambdas,0.0,4.184661865234375,2.1773860454559326,12,R3,2.4155904948711395,1.236820012331009
0.0,nan,nan,5.965333938598633,00000_002033_05,3.0,7.03676176071167,6.857333660125732,0.983837902545929,coef_energy_material_checkpoint_lambdas,0.0,4.176690101623535,2.184868812561035,15,R3,2.2431147396564484,0.29245883226394653
0.0,nan,nan,1.4583581686019897,00000_002033_05,1.0,1.474341630935669,0.4585491418838501,-0.7362079620361328,coef_energy_material_checkpoint_lambdas,0.0,4.1858296394348145,2.2550671100616455,33,R3,4.399956047534943,1.6543669700622559
0.0,nan,nan,7.6486616134643555,00000_002033_05,1.0,7.652184963226318,7.648662090301514,0.9313211441040039,coef_energy_material_checkpoint_lambdas,0.0,4.1651506423950195,2.3003673553466797,39,R3,4.404596388339996,0.6181553602218628
0.0,nan,nan,5.9280266761779785,00000_002033_05,1.0,8.47308349609375,8.472615242004395,0.9898135662078857,coef_energy_material_checkpoint_lambdas,0.0,4.1446213722229,2.327186107635498,42,R3,4.4122354388237,0.568928599357605
0.0,nan,nan,7.652867794036865,00000_002033_05,1.0,7.654519081115723,7.652868270874023,0.9720845222473145,coef_energy_material_checkpoint_lambdas,0.0,4.133001327514648,2.3317644596099854,45,R3,4.4110870361328125,0.5729906558990479
0.0,nan,nan,0.35269618034362793,00000_002033_05,4.0,0.4530273973941803,0.04834757745265961,0.976841926574707,coef_energy_material_checkpoint_lambdas,0.0,4.137263774871826,2.3356218338012695,51,R3,4.4000221490859985,2.225558280944824
0.0,nan,nan,8.346878051757812,00000_002033_05,2.0,8.346999168395996,8.346878051757812,0.996148407459259,coef_energy_material_checkpoint_lambdas,0.0,4.128480434417725,2.344823122024536,54,R3,4.401991009712219,0.5675012469291687
0.0,nan,nan,5.884087085723877,00000_002033_05,2.0,6.607236385345459,4.71198844909668,0.9808291792869568,coef_energy_material_checkpoint_lambdas,0.0,4.109256267547607,2.3566107749938965,57,R3,4.40196967124939,4.402035713195801
0.0,nan,nan,0.0070817251689732075,00000_002033_05,8.0,0.007148288190364838,0.002296553226187825,0.7083632946014404,coef_energy_material_checkpoint_lambdas,0.0,4.114207744598389,2.3609893321990967,60,R3,4.400000095367432,4.400000333786011
0.0,nan,nan,0.0002656947763171047,00000_002033_05,7.0,0.00028053042478859425,0.0002515283122193068,0.0,coef_energy_material_checkpoint_lambdas,0.0,4.103625297546387,2.384279251098633,63,R3,4.400000095367432,4.400000095367432
0.0,nan,nan,0.0,00000_002033_05,12.0,6.456946977095868e-08,4.565751154927966e-08,0.0,coef_energy_material_checkpoint_lambdas,0.0,4.11163854598999,2.3789052963256836,66,R3,4.400000095367432,4.400000095367432
0.0,nan,nan,2.7213022804062348e-06,00000_002033_05,15.0,6.069571554689901e-06,5.760539352195337e-06,0.0,coef_energy_material_checkpoint_lambdas,0.0,4.149734973907471,2.3364596366882324,69,R3,4.400000095367432,4.400000095367432
0.0,nan,nan,-0.00010017130261985585,00000_002033_05,13.0,0.00014623752213083208,0.00010654164361767471,0.004928420763462782,coef_energy_material_checkpoint_lambdas,0.0,4.254634857177734,2.2503135204315186,72,R3,4.400000095367432,4.400000095367432
0.0,nan,nan,-0.003605665173381567,00000_002033_05,14.0,0.014682200737297535,0.012613540515303612,0.9945572018623352,coef_energy_material_checkpoint_lambdas,0.0,4.330225467681885,2.2017006874084473,75,R3,4.400000095367432,4.400000095367432
0.0,nan,nan,6.997302055358887,00000_002033_06,1.0,7.30718994140625,2.1054179668426514,0.9897684454917908,coef_energy_material_checkpoint_lambdas,0.0,4.167743682861328,2.1875193119049072,0,R3,3.710086405277252,3.710086405277252
0.0,nan,nan,-0.04164852946996689,00000_002033_06,6.0,0.04211888834834099,0.025011450052261353,0.999346137046814,coef_energy_material_checkpoint_lambdas,1.0,4.176761627197266,2.1825244426727295,3,R3,3.4804581701755524,3.787100613117218
0.0,nan,nan,-0.006900329142808914,00000_002033_06,7.0,0.10139509290456772,0.025443382561206818,0.9926163554191589,coef_energy_material_checkpoint_lambdas,1.0,4.207822322845459,2.178079843521118,6,R3,3.0411185324192047,3.614722967147827
0.0,nan,nan,0.14250189065933228,00000_002033_06,7.0,0.1453772634267807,0.12609104812145233,0.9210741519927979,coef_energy_material_checkpoint_lambdas,0.0,4.178538799285889,2.1826956272125244,9,R3,2.488447070121765,2.936019390821457
0.0,nan,nan,2.924175262451172,00000_002033_06,4.0,3.193406820297241,3.1799545288085938,0.916068434715271,coef_energy_material_checkpoint_lambdas,0.0,4.179251670837402,2.1824564933776855,12,R3,2.4155904948711395,1.236820012331009
0.0,nan,nan,5.976958751678467,00000_002033_06,3.0,7.050358772277832,6.870542049407959,0.9838331937789917,coef_energy_material_checkpoint_lambdas,0.0,4.18536376953125,2.1847012042999268,15,R3,2.2431147396564484,0.29245883226394653
0.0,nan,nan,1.4570226669311523,00000_002033_06,1.0,1.4729660749435425,0.4582841396331787,-0.7362866401672363,coef_energy_material_checkpoint_lambdas,0.0,4.181395053863525,2.2500314712524414,33,R3,4.399956047534943,1.6543669700622559
0.0,nan,nan,6.817841529846191,00000_002033_06,3.0,6.866085529327393,5.395469665527344,0.95876145362854,coef_energy_material_checkpoint_lambdas,0.0,4.150309085845947,2.3123207092285156,39,R3,4.401955962181091,4.402383267879486
0.0,nan,nan,0.11154690384864807,00000_002033_06,1.0,4.1598310470581055,3.0192625522613525,0.9868164658546448,coef_energy_material_checkpoint_lambdas,0.0,4.12660551071167,2.3407254219055176,42,R3,4.405633747577667,0.568928599357605
0.0,nan,nan,7.672808647155762,00000_002033_06,1.0,7.674441337585449,7.672808647155762,0.9720509648323059,coef_energy_material_checkpoint_lambdas,0.0,4.146212577819824,2.321746587753296,45,R3,4.4110870361328125,0.5729906558990479
0.0,nan,nan,1.9432698488235474,00000_002033_06,4.0,2.750739812850952,1.9468621015548706,0.9995027184486389,coef_energy_material_checkpoint_lambdas,0.0,4.215391635894775,2.259089946746826,51,R3,4.400351881980896,4.400351881980896
0.0,nan,nan,0.00023316215083468705,00000_002033_06,4.0,0.003027902450412512,0.0022995637264102697,0.7397322654724121,coef_energy_material_checkpoint_lambdas,0.0,4.287779331207275,2.210726261138916,54,R3,4.40006023645401,4.400397062301636
0.0,nan,nan,7.0136518478393555,00000_002033_07,1.0,7.324469089508057,2.111051321029663,0.9897551536560059,coef_energy_material_checkpoint_lambdas,0.0,4.180302619934082,2.1811821460723877,0,R3,3.710086405277252,3.710086405277252
0.0,nan,nan,-0.041683685034513474,00000_002033_07,6.0,0.04215448722243309,0.02503233775496483,0.9993458986282349,coef_energy_material_checkpoint_lambdas,1.0,4.181154251098633,2.1844027042388916,3,R3,3.4804581701755524,3.787100613117218
0.0,nan,nan,-0.0069941990077495575,00000_002033_07,7.0,0.10153992474079132,0.025398196652531624,0.9927166104316711,coef_energy_material_checkpoint_lambdas,1.0,4.1852335929870605,2.182323455810547,6,R3,3.0411185324192047,3.614722967147827
0.0,nan,nan,0.14252160489559174,00000_002033_07,7.0,0.14541424810886383,0.12608157098293304,0.921297550201416,coef_energy_material_checkpoint_lambdas,0.0,4.173927307128906,2.1848056316375732,9,R3,2.488447070121765,2.936019390821457
0.0,nan,nan,2.928297996520996,00000_002033_07,4.0,3.197678804397583,3.1842565536499023,0.9160024523735046,coef_energy_material_checkpoint_lambdas,0.0,4.186412811279297,2.181476354598999,12,R3,2.4155904948711395,1.236820012331009
0.0,nan,nan,5.992685794830322,00000_002033_07,3.0,7.068573474884033,6.8881707191467285,0.9838194847106934,coef_energy_material_checkpoint_lambdas,0.0,4.197935104370117,2.1775431632995605,15,R3,2.2431147396564484,0.29245883226394653
0.0,nan,nan,1.4582319259643555,00000_002033_07,1.0,1.474137783050537,0.45897406339645386,-0.7364438772201538,coef_energy_material_checkpoint_lambdas,0.0,4.183663368225098,2.245964288711548,33,R3,4.399956047534943,1.6543669700622559
0.0,nan,nan,6.863642692565918,00000_002033_07,3.0,6.912041187286377,5.4307026863098145,0.9587030410766602,coef_energy_material_checkpoint_lambdas,0.0,4.180988311767578,2.271754503250122,39,R3,4.401955962181091,4.402383267879486
0.0,nan,nan,0.04005076736211777,00000_002033_07,1.0,0.3907484710216522,0.3886905014514923,0.9797442555427551,coef_energy_material_checkpoint_lambdas,0.0,4.190082550048828,2.280630588531494,42,R3,4.400163114070892,4.400163114070892
0.0,nan,nan,0.03136633336544037,00000_002033_07,3.0,0.05888138711452484,0.04983142390847206,0.9989733099937439,coef_energy_material_checkpoint_lambdas,0.0,4.179996013641357,2.2870447635650635,45,R3,4.400120735168457,4.400120735168457
0.0,nan,nan,-0.0835830420255661,00000_002033_07,5.0,0.14271880686283112,0.11568289250135422,0.9854468703269958,coef_energy_material_checkpoint_lambdas,0.0,4.182275295257568,2.290799856185913,48,R3,4.4000988602638245,4.4000988602638245
0.0,nan,nan,0.12604910135269165,00000_002033_07,6.0,0.14218127727508545,0.11520718783140182,0.9879783391952515,coef_energy_material_checkpoint_lambdas,0.0,4.169126510620117,2.2934231758117676,51,R3,4.400003910064697,4.408043086528778
0.0,nan,nan,0.0006336569203995168,00000_002033_07,6.0,0.0006527065997943282,0.0003373726212885231,0.873212456703186,coef_energy_material_checkpoint_lambdas,0.0,4.174403190612793,2.29606294631958,54,R3,4.400000333786011,2.7580392360687256
0.0,nan,nan,0.07933387160301208,00000_002033_07,6.0,0.24594971537590027,0.07933387160301208,0.9908549189567566,coef_energy_material_checkpoint_lambdas,0.0,4.1714606285095215,2.2999839782714844,57,R3,4.400003910064697,1.108021080493927
0.0,nan,nan,7.763855934143066,00000_002034_00,1.0,7.763880252838135,0.019491063430905342,0.9996027946472168,coef_energy_material_checkpoint_lambdas,0.0,4.179666042327881,2.184288263320923,0,R3,3.731894612312317,3.731894612312317
0.0,nan,nan,0.001773859141394496,00000_002034_00,6.0,0.02878488041460514,0.02156960591673851,0.9996565580368042,coef_energy_material_checkpoint_lambdas,1.0,4.181465148925781,2.1841516494750977,3,R3,3.2994273006916046,3.751167446374893
0.0,nan,nan,0.0968528687953949,00000_002034_00,8.0,0.12300235778093338,0.12210015207529068,0.9970194101333618,coef_energy_material_checkpoint_lambdas,1.0,4.187008380889893,2.1825764179229736,6,R3,2.8160049319267273,3.4257623851299286
0.0,nan,nan,0.0578850656747818,00000_002034_00,6.0,0.2108473777770996,0.20274598896503448,0.9870176911354065,coef_energy_material_checkpoint_lambdas,0.0,4.204322814941406,2.179281711578369,9,R3,2.641051322221756,2.641051322221756
0.0,nan,nan,0.41326719522476196,00000_002034_00,3.0,0.9684373140335083,0.8758316040039062,0.9603151679039001,coef_energy_material_checkpoint_lambdas,0.0,4.198332786560059,2.1806118488311768,12,R3,2.2459477186203003,1.1187098026275635
0.0,nan,nan,6.006520748138428,00000_002034_00,2.0,7.259227752685547,7.129793643951416,0.8998887538909912,coef_energy_material_checkpoint_lambdas,0.0,4.1889543533325195,2.1748549938201904,15,R3,2.183898776769638,0.3008716404438019
0.0,nan,nan,4.1701178550720215,00000_002034_00,1.0,4.834961414337158,0.3235761523246765,0.3222405016422272,coef_energy_material_checkpoint_lambdas,0.0,4.19193172454834,2.2518224716186523,33,R3,4.39773166179657,2.755650281906128
0.0,nan,nan,1.7112351655960083,00000_002034_00,3.0,1.9819227457046509,1.9170238971710205,0.9038877487182617,coef_energy_material_checkpoint_lambdas,0.0,4.171779632568359,2.262119770050049,36,R3,4.400286555290222,1.109504759311676
0.0,nan,nan,5.809767723083496,00000_002034_00,2.0,7.8641676902771,7.5667195320129395,0.9991227388381958,coef_energy_material_checkpoint_lambdas,0.0,4.187802314758301,2.2700483798980713,39,R3,4.40217250585556,0.567505955696106
0.0,nan,nan,3.83949613571167,00000_002034_00,3.0,3.908681869506836,3.761583089828491,0.9995124340057373,coef_energy_material_checkpoint_lambdas,0.0,4.17119026184082,2.2813501358032227,42,R3,4.40074896812439,4.408356785774231
0.0,nan,nan,2.5216023921966553,00000_002034_00,5.0,4.176849365234375,4.137568950653076,0.9906939268112183,coef_energy_material_checkpoint_lambdas,0.0,4.190469741821289,2.285153388977051,45,R3,4.400140881538391,4.404903888702393
0.0,nan,nan,0.4887004792690277,00000_002034_00,5.0,0.527484118938446,0.4859403073787689,0.9959494471549988,coef_energy_material_checkpoint_lambdas,0.0,4.167860507965088,2.2939600944519043,48,R3,4.400022864341736,4.40402215719223
0.0,nan,nan,3.2965004444122314,00000_002034_00,7.0,4.141543865203857,4.103753566741943,0.9992022514343262,coef_energy_material_checkpoint_lambdas,0.0,4.167763710021973,2.306990385055542,51,R3,4.400080680847168,4.401277422904968
0.0,nan,nan,0.06579689681529999,00000_002034_00,6.0,0.06930296123027802,0.04911741986870766,0.9991891384124756,coef_energy_material_checkpoint_lambdas,0.0,4.129444122314453,2.3454339504241943,54,R3,4.400001525878906,3.3070067167282104
0.0,nan,nan,0.001200782717205584,00000_002034_00,6.0,0.0040184510871768,0.001862566452473402,0.9926052689552307,coef_energy_material_checkpoint_lambdas,0.0,4.1343889236450195,2.345337390899658,57,R3,4.400000095367432,2.2174269556999207
0.0,nan,nan,7.673222064971924,00000_002034_00,4.0,7.808993816375732,6.820976257324219,0.9996985793113708,coef_energy_material_checkpoint_lambdas,0.0,4.183684825897217,2.298633098602295,60,R3,4.401315748691559,0.5835506916046143
0.0,nan,nan,7.768630027770996,00000_002034_01,1.0,7.768654823303223,0.01951129361987114,0.999602735042572,coef_energy_material_checkpoint_lambdas,0.0,4.18207311630249,2.1865901947021484,0,R3,3.731894612312317,3.731894612312317
0.0,nan,nan,0.0017740047769621015,00000_002034_01,6.0,0.028767935931682587,0.021557699888944626,0.9996553659439087,coef_energy_material_checkpoint_lambdas,1.0,4.185608863830566,2.182901620864868,3,R3,3.2994273006916046,3.751167446374893
0.0,nan,nan,0.096771240234375,00000_002034_01,8.0,0.12289191037416458,0.12198948115110397,0.9970249533653259,coef_energy_material_checkpoint_lambdas,1.0,4.179441928863525,2.1808149814605713,6,R3,2.8160049319267273,3.4257623851299286
0.0,nan,nan,0.0579201877117157,00000_002034_01,6.0,0.2109951674938202,0.20288965106010437,0.9870133399963379,coef_energy_material_checkpoint_lambdas,0.0,4.2079644203186035,2.1806626319885254,9,R3,2.641051322221756,2.641051322221756
0.0,nan,nan,0.4128614366054535,00000_002034_01,3.0,0.9690309166908264,0.8766791820526123,0.9605246782302856,coef_energy_material_checkpoint_lambdas,0.0,4.190029144287109,2.1861443519592285,12,R3,2.2459477186203003,1.1187098026275635
0.0,nan,nan,6.000437259674072,00000_002034_01,2.0,7.252810478210449,7.123749256134033,0.899971604347229,coef_energy_material_checkpoint_lambdas,0.0,4.1836113929748535,2.181133985519409,15,R3,2.183898776769638,0.3008716404438019
0.0,nan,nan,4.159177303314209,00000_002034_01,1.0,4.823013782501221,0.32403063774108887,0.3224872350692749,coef_energy_material_checkpoint_lambdas,0.0,4.181201934814453,2.2549853324890137,33,R3,4.39773166179657,2.755650281906128
0.0,nan,nan,1.7137340307235718,00000_002034_01,3.0,1.9848133325576782,1.9198182821273804,0.9038864970207214,coef_energy_material_checkpoint_lambdas,0.0,4.177890777587891,2.264437437057495,36,R3,4.400286555290222,1.109504759311676
0.0,nan,nan,5.805911064147949,00000_002034_01,2.0,7.858955383300781,7.561701774597168,0.9991227388381958,coef_energy_material_checkpoint_lambdas,0.0,4.185149192810059,2.2671589851379395,39,R3,4.40217250585556,0.567505955696106
0.0,nan,nan,3.838545560836792,00000_002034_01,3.0,3.907712697982788,3.760648250579834,0.9995124936103821,coef_energy_material_checkpoint_lambdas,0.0,4.169879913330078,2.2839908599853516,42,R3,4.40074896812439,4.408356785774231
0.0,nan,nan,2.5211472511291504,00000_002034_01,5.0,4.176105976104736,4.136831283569336,0.9906941652297974,coef_energy_material_checkpoint_lambdas,0.0,4.189665794372559,2.286337375640869,45,R3,4.400140881538391,4.404903888702393
0.0,nan,nan,0.48886579275131226,00000_002034_01,5.0,0.527662992477417,0.48610547184944153,0.9959492087364197,coef_energy_material_checkpoint_lambdas,0.0,4.169361114501953,2.2934391498565674,48,R3,4.400022864341736,4.40402215719223
0.0,nan,nan,3.3041107654571533,00000_002034_01,7.0,4.151123523712158,4.1132493019104,0.9992020130157471,coef_energy_material_checkpoint_lambdas,0.0,4.1780219078063965,2.2919039726257324,51,R3,4.400080680847168,4.401277422904968
0.0,nan,nan,0.06619055569171906,00000_002034_01,6.0,0.06971900910139084,0.04940926283597946,0.9991866946220398,coef_energy_material_checkpoint_lambdas,0.0,4.160573482513428,2.296571969985962,54,R3,4.400001525878906,3.3070067167282104
0.0,nan,nan,-0.0048264930956065655,00000_002034_01,4.0,0.012944395653903484,0.0048264930956065655,0.9997516870498657,coef_energy_material_checkpoint_lambdas,0.0,4.171236038208008,2.29042387008667,57,R3,4.400000095367432,1.6570061445236206
0.0,nan,nan,5.425681114196777,00000_002034_01,5.0,6.927433490753174,4.307124137878418,0.9855085611343384,coef_energy_material_checkpoint_lambdas,0.0,4.20164155960083,2.2591302394866943,60,R3,4.401277422904968,0.584158718585968
0.0,nan,nan,5.344029426574707,00000_002034_01,1.0,6.479161739349365,6.369251728057861,0.978266716003418,coef_energy_material_checkpoint_lambdas,0.0,4.305908203125,2.2108612060546875,63,R3,4.4042657017707825,0.5991478562355042
0.0,nan,nan,7.755698204040527,00000_002034_02,1.0,7.755722999572754,0.019500503316521645,0.9996027946472168,coef_energy_material_checkpoint_lambdas,0.0,4.17470121383667,2.1853556632995605,0,R3,3.731894612312317,3.731894612312317
0.0,nan,nan,0.0017729452811181545,00000_002034_02,6.0,0.02874765172600746,0.0215426255017519,0.9996553659439087,coef_energy_material_checkpoint_lambdas,1.0,4.183719635009766,2.181368350982666,3,R3,3.2994273006916046,3.751167446374893
0.0,nan,nan,0.09659621864557266,00000_002034_02,8.0,0.12268343567848206,0.12178466469049454,0.9970138072967529,coef_energy_material_checkpoint_lambdas,1.0,4.180102825164795,2.1767117977142334,6,R3,2.8160049319267273,3.4257623851299286
0.0,nan,nan,0.057786934077739716,00000_002034_02,6.0,0.21067970991134644,0.2025996297597885,0.9869762659072876,coef_energy_material_checkpoint_lambdas,0.0,4.207618713378906,2.1761486530303955,9,R3,2.641051322221756,2.641051322221756
0.0,nan,nan,0.41233518719673157,00000_002034_02,3.0,0.9665203094482422,0.8741517066955566,0.9603516459465027,coef_energy_material_checkpoint_lambdas,0.0,4.188141345977783,2.1770212650299072,12,R3,2.2459477186203003,1.1187098026275635
0.0,nan,nan,6.008561611175537,00000_002034_02,2.0,7.262393951416016,7.133096694946289,0.8999505639076233,coef_energy_material_checkpoint_lambdas,0.0,4.189554691314697,2.181938648223877,15,R3,2.183898776769638,0.3008716404438019
0.0,nan,nan,4.170010566711426,00000_002034_02,1.0,4.834794044494629,0.32349252700805664,0.32222631573677063,coef_energy_material_checkpoint_lambdas,0.0,4.191808223724365,2.2512404918670654,33,R3,4.39773166179657,2.755650281906128
0.0,nan,nan,1.7090052366256714,00000_002034_02,3.0,1.979394555091858,1.9146020412445068,0.903907835483551,coef_energy_material_checkpoint_lambdas,0.0,4.166043758392334,2.2744100093841553,36,R3,4.400286555290222,1.109504759311676
0.0,nan,nan,5.8033599853515625,00000_002034_02,2.0,7.85544490814209,7.558341026306152,0.9991230368614197,coef_energy_material_checkpoint_lambdas,0.0,4.182472229003906,2.275275230407715,39,R3,4.40217250585556,0.567505955696106
0.0,nan,nan,8.024481773376465,00000_002034_02,3.0,8.057147979736328,8.024481773376465,0.9921240210533142,coef_energy_material_checkpoint_lambdas,0.0,4.177670001983643,2.297644853591919,42,R3,4.404142081737518,0.5762270092964172
0.0,nan,nan,5.737738132476807,00000_002034_02,3.0,7.80235481262207,6.8303656578063965,0.9986741542816162,coef_energy_material_checkpoint_lambdas,0.0,4.115257263183594,2.342653751373291,45,R3,4.4014973640441895,0.5901657938957214
0.0,nan,nan,0.18548323214054108,00000_002034_02,4.0,0.19620947539806366,0.18548323214054108,0.9988618493080139,coef_energy_material_checkpoint_lambdas,0.0,4.121560096740723,2.331902503967285,54,R3,4.400058448314667,1.6591321229934692
0.0,nan,nan,3.8268871307373047,00000_002034_02,2.0,5.5195722579956055,5.201669692993164,0.9829269647598267,coef_energy_material_checkpoint_lambdas,0.0,4.132579803466797,2.3365793228149414,57,R3,4.401932775974274,0.5602830052375793
0.0,nan,nan,7.332099914550781,00000_002034_02,1.0,7.333003997802734,7.332099914550781,0.9570012092590332,coef_energy_material_checkpoint_lambdas,0.0,4.087993144989014,2.37538480758667,60,R3,4.404094457626343,0.5601752996444702
0.0,nan,nan,-0.03614276647567749,00000_002034_02,3.0,0.040532056242227554,0.012584751471877098,0.9589856266975403,coef_energy_material_checkpoint_lambdas,0.0,4.094146728515625,2.376863718032837,63,R3,4.4020655155181885,2.2101964354515076
0.0,nan,nan,5.792746067047119,00000_002034_02,1.0,6.4760518074035645,4.5786452293396,0.9999868869781494,coef_energy_material_checkpoint_lambdas,0.0,4.0942487716674805,2.384631872177124,66,R3,4.401816129684448,0.5771431922912598
0.0,nan,nan,5.673531532287598,00000_002034_02,5.0,6.620808124542236,6.424896717071533,0.98224276304245,coef_energy_material_checkpoint_lambdas,0.0,4.115130424499512,2.3646347522735596,69,R3,4.400511801242828,4.401612401008606
0.0,nan,nan,0.004447207320481539,00000_002034_02,10.0,0.0049807364121079445,0.0015587623929604888,0.9923854470252991,coef_energy_material_checkpoint_lambdas,0.0,4.155128479003906,2.328946352005005,72,R3,4.400000095367432,4.401842474937439
0.0,nan,nan,0.0007472137222066522,00000_002034_02,10.0,0.0009206627146340907,0.0005378582281991839,0.4569093585014343,coef_energy_material_checkpoint_lambdas,0.0,4.291148662567139,2.22343373298645,75,R3,4.400000095367432,4.401994109153748
0.0,nan,nan,7.762717247009277,00000_002034_03,1.0,7.762742042541504,0.019488364458084106,0.999602735042572,coef_energy_material_checkpoint_lambdas,0.0,4.179046154022217,2.1840100288391113,0,R3,3.731894612312317,3.731894612312317
0.0,nan,nan,0.0017747546080499887,00000_002034_03,6.0,0.028772229328751564,0.021561238914728165,0.9996549487113953,coef_energy_material_checkpoint_lambdas,1.0,4.188925266265869,2.183242082595825,3,R3,3.2994273006916046,3.751167446374893
0.0,nan,nan,0.09664545953273773,00000_002034_03,8.0,0.12273839116096497,0.1218380406498909,0.9970199465751648,coef_energy_material_checkpoint_lambdas,1.0,4.177712440490723,2.1779088973999023,6,R3,2.8160049319267273,3.4257623851299286
0.0,nan,nan,0.05779820680618286,00000_002034_03,6.0,0.21068373322486877,0.2026005983352661,0.986984372138977,coef_energy_material_checkpoint_lambdas,0.0,4.206402778625488,2.1764636039733887,9,R3,2.641051322221756,2.641051322221756
0.0,nan,nan,0.4118726849555969,00000_002034_03,3.0,0.9668981432914734,0.8747873306274414,0.9605500102043152,coef_energy_material_checkpoint_lambdas,0.0,4.17948579788208,2.181842088699341,12,R3,2.2459477186203003,1.1187098026275635
0.0,nan,nan,6.0111918449401855,00000_002034_03,2.0,7.265453815460205,7.1360697746276855,0.8999401926994324,coef_energy_material_checkpoint_lambdas,0.0,4.1915283203125,2.1818180084228516,15,R3,2.183898776769638,0.3008716404438019
0.0,nan,nan,4.160787582397461,00000_002034_03,1.0,4.824550628662109,0.3235715925693512,0.32237663865089417,coef_energy_material_checkpoint_lambdas,0.0,4.182701110839844,2.251790761947632,33,R3,4.39773166179657,2.755650281906128
0.0,nan,nan,1.7101494073867798,00000_002034_03,3.0,1.980712890625,1.9158743619918823,0.9039053320884705,coef_energy_material_checkpoint_lambdas,0.0,4.168869972229004,2.2740278244018555,36,R3,4.400286555290222,1.109504759311676
0.0,nan,nan,5.794802665710449,00000_002034_03,2.0,7.843839168548584,7.547181129455566,0.9991230964660645,coef_energy_material_checkpoint_lambdas,0.0,4.175986289978027,2.2753844261169434,39,R3,4.40217250585556,0.567505955696106
0.0,nan,nan,8.023261070251465,00000_002034_03,3.0,8.055922508239746,8.023261070251465,0.9921240210533142,coef_energy_material_checkpoint_lambdas,0.0,4.177029132843018,2.297327756881714,42,R3,4.404142081737518,0.5762270092964172
0.0,nan,nan,5.735767364501953,00000_002034_03,3.0,7.799694538116455,6.828046798706055,0.9986742734909058,coef_energy_material_checkpoint_lambdas,0.0,4.113638877868652,2.343968152999878,45,R3,4.4014973640441895,0.5901657938957214
0.0,nan,nan,0.18606233596801758,00000_002034_03,4.0,0.19682267308235168,0.18606233596801758,0.9988616108894348,coef_energy_material_checkpoint_lambdas,0.0,4.135226726531982,2.327052593231201,54,R3,4.400058448314667,1.6591321229934692
0.0,nan,nan,3.8247616291046143,00000_002034_03,2.0,5.516483783721924,5.198766708374023,0.9829277992248535,coef_energy_material_checkpoint_lambdas,0.0,4.130177974700928,2.3368496894836426,57,R3,4.401932775974274,0.5602830052375793
0.0,nan,nan,7.383844375610352,00000_002034_03,1.0,7.384707927703857,7.383844375610352,0.9568834900856018,coef_energy_material_checkpoint_lambdas,0.0,4.1223273277282715,2.330320119857788,60,R3,4.404094457626343,0.5601752996444702
0.0,nan,nan,-0.036409758031368256,00000_002034_03,3.0,0.04082689806818962,0.018470654264092445,0.9589229822158813,coef_energy_material_checkpoint_lambdas,0.0,4.127008438110352,2.3223092555999756,63,R3,4.4020655155181885,3.8607617020606995
0.0,nan,nan,0.4149869382381439,00000_002034_03,1.0,0.6271809935569763,0.4702571928501129,0.9984501004219055,coef_energy_material_checkpoint_lambdas,0.0,4.141200065612793,2.3230535984039307,66,R3,4.401947021484375,2.2106446027755737
0.0,nan,nan,0.5274167060852051,00000_002034_03,2.0,1.7301453351974487,0.7922284603118896,0.9747971296310425,coef_energy_material_checkpoint_lambdas,0.0,4.20564079284668,2.273799419403076,72,R3,4.401013433933258,2.756508708000183
0.0,nan,nan,-0.026782887056469917,00000_002034_03,4.0,0.1294347494840622,0.026782887056469917,0.9953721761703491,coef_energy_material_checkpoint_lambdas,0.0,4.309138298034668,2.199568748474121,75,R3,4.400042176246643,1.1063615083694458
0.0,nan,nan,7.766279220581055,00000_002034_04,1.0,7.7663044929504395,0.019499491900205612,0.9996029138565063,coef_energy_material_checkpoint_lambdas,0.0,4.1809234619140625,2.1852469444274902,0,R3,3.731894612312317,3.731894612312317
0.0,nan,nan,0.001773464260622859,00000_002034_04,6.0,0.0287923663854599,0.02157464809715748,0.9996572732925415,coef_energy_material_checkpoint_lambdas,1.0,4.177798748016357,2.1846940517425537,3,R3,3.2994273006916046,3.751167446374893
0.0,nan,nan,0.09694679081439972,00000_002034_04,8.0,0.1231050118803978,0.12219949811697006,0.9970327019691467,coef_energy_material_checkpoint_lambdas,1.0,4.1811628341674805,2.184884548187256,6,R3,2.8160049319267273,3.4257623851299286
0.0,nan,nan,0.05783951282501221,00000_002034_04,6.0,0.21075336635112762,0.20266121625900269,0.9870019555091858,coef_energy_material_checkpoint_lambdas,0.0,4.2049641609191895,2.17777943611145,9,R3,2.641051322221756,2.641051322221756
0.0,nan,nan,0.4126908481121063,00000_002034_04,3.0,0.9692667126655579,0.8770201206207275,0.9606106877326965,coef_energy_material_checkpoint_lambdas,0.0,4.186575889587402,2.188400983810425,12,R3,2.2459477186203003,1.1187098026275635
0.0,nan,nan,6.0078125,00000_002034_04,2.0,7.261118412017822,7.131741523742676,0.8999178409576416,coef_energy_material_checkpoint_lambdas,0.0,4.1894683837890625,2.1783080101013184,15,R3,2.183898776769638,0.3008716404438019
0.0,nan,nan,4.164878845214844,00000_002034_04,1.0,4.8289971351623535,0.3233637511730194,0.3222772181034088,coef_energy_material_checkpoint_lambdas,0.0,4.186705112457275,2.2503442764282227,33,R3,4.39773166179657,2.755650281906128
0.0,nan,nan,1.7090849876403809,00000_002034_04,3.0,1.9794514179229736,1.9146417379379272,0.9038947224617004,coef_energy_material_checkpoint_lambdas,0.0,4.166433811187744,2.264575242996216,36,R3,4.400286555290222,1.109504759311676
0.0,nan,nan,5.799445152282715,00000_002034_04,2.0,7.850173473358154,7.553260803222656,0.9991227984428406,coef_energy_material_checkpoint_lambdas,0.0,4.180055141448975,2.269345283508301,39,R3,4.40217250585556,0.567505955696106
0.0,nan,nan,3.843919038772583,00000_002034_04,3.0,3.913184881210327,3.7659175395965576,0.9995123744010925,coef_energy_material_checkpoint_lambdas,0.0,4.176095962524414,2.2828147411346436,42,R3,4.40074896812439,4.408356785774231
0.0,nan,nan,2.522599458694458,00000_002034_04,5.0,4.178496360778809,4.139200687408447,0.9906938672065735,coef_energy_material_checkpoint_lambdas,0.0,4.192148208618164,2.2853336334228516,45,R3,4.400140881538391,4.404903888702393
0.0,nan,nan,0.48896631598472595,00000_002034_04,5.0,0.5277714133262634,0.4862053394317627,0.9959494471549988,coef_energy_material_checkpoint_lambdas,0.0,4.1702094078063965,2.294039487838745,48,R3,4.400022864341736,4.40402215719223
0.0,nan,nan,3.2982265949249268,00000_002034_04,7.0,4.143738269805908,4.10593318939209,0.9992020130157471,coef_energy_material_checkpoint_lambdas,0.0,4.170843124389648,2.2794296741485596,51,R3,4.400080680847168,4.401277422904968
0.0,nan,nan,0.065880186855793,00000_002034_04,6.0,0.06939205527305603,0.049177635461091995,0.9991866946220398,coef_energy_material_checkpoint_lambdas,0.0,4.140893459320068,2.287478446960449,54,R3,4.400001525878906,3.3070067167282104
0.0,nan,nan,-0.0004361822211649269,00000_002034_04,5.0,0.0007369981613010168,0.0007284936727955937,0.3660679757595062,coef_energy_material_checkpoint_lambdas,0.0,4.148813724517822,2.2913312911987305,57,R3,4.400000095367432,4.4027844071388245
0.0,nan,nan,0.3475198447704315,00000_002034_04,8.0,0.3885471224784851,0.2747558057308197,0.9999849200248718,coef_energy_material_checkpoint_lambdas,0.0,4.183583736419678,2.2758655548095703,60,R3,4.400003910064697,4.403315007686615
0.0,nan,nan,7.003911972045898,00000_002034_04,7.0,7.049001693725586,7.003911972045898,0.9858039021492004,coef_energy_material_checkpoint_lambdas,0.0,4.30522346496582,2.217393159866333,63,R3,4.4002156257629395,2.758294939994812
0.0,nan,nan,7.743319511413574,00000_002034_05,1.0,7.743344306945801,0.019529500976204872,0.9996032118797302,coef_energy_material_checkpoint_lambdas,0.0,4.1668901443481445,2.1886096000671387,0,R3,3.731894612312317,3.731894612312317
0.0,nan,nan,0.00177223130594939,00000_002034_05,6.0,0.028756555169820786,0.02154845930635929,0.9996564388275146,coef_energy_material_checkpoint_lambdas,1.0,4.178003787994385,2.1820058822631836,3,R3,3.2994273006916046,3.751167446374893
0.0,nan,nan,0.09674598276615143,00000_002034_05,8.0,0.12285325676202774,0.12195008993148804,0.9970302581787109,coef_energy_material_checkpoint_lambdas,1.0,4.174428462982178,2.18032169342041,6,R3,2.8160049319267273,3.4257623851299286
0.0,nan,nan,0.05787397176027298,00000_002034_05,6.0,0.21069395542144775,0.20258960127830505,0.9870421886444092,coef_energy_material_checkpoint_lambdas,0.0,4.197310447692871,2.1785292625427246,9,R3,2.641051322221756,2.641051322221756
0.0,nan,nan,0.4117930233478546,00000_002034_05,3.0,0.9672765135765076,0.875243067741394,0.9606267213821411,coef_energy_material_checkpoint_lambdas,0.0,4.177146911621094,2.1842288970947266,12,R3,2.2459477186203003,1.1187098026275635
0.0,nan,nan,5.995856285095215,00000_002034_05,2.0,7.247059345245361,7.118041038513184,0.8999524712562561,coef_energy_material_checkpoint_lambdas,0.0,4.18066930770874,2.17752742767334,15,R3,2.183898776769638,0.3008716404438019
0.0,nan,nan,4.161763668060303,00000_002034_05,1.0,4.825351238250732,0.32306191325187683,0.3222658932209015,coef_energy_material_checkpoint_lambdas,0.0,4.1835618019104,2.248243808746338,33,R3,4.39773166179657,2.755650281906128
0.0,nan,nan,1.710726261138916,00000_002034_05,3.0,1.9813848733901978,1.916525959968567,0.9039068222045898,coef_energy_material_checkpoint_lambdas,0.0,4.170255661010742,2.2758631706237793,36,R3,4.400286555290222,1.109504759311676
0.0,nan,nan,5.794416904449463,00000_002034_05,2.0,7.843299388885498,7.546667098999023,0.999123215675354,coef_energy_material_checkpoint_lambdas,0.0,4.175450325012207,2.2780392169952393,39,R3,4.40217250585556,0.567505955696106
0.0,nan,nan,8.02608585357666,00000_002034_05,3.0,8.05875301361084,8.02608585357666,0.9921231269836426,coef_energy_material_checkpoint_lambdas,0.0,4.17874813079834,2.2965826988220215,42,R3,4.404142081737518,0.5762270092964172
0.0,nan,nan,5.736153602600098,00000_002034_05,3.0,7.800200462341309,6.828480243682861,0.9986740946769714,coef_energy_material_checkpoint_lambdas,0.0,4.114110946655273,2.342109441757202,45,R3,4.4014973640441895,0.5901657938957214
0.0,nan,nan,0.1857859194278717,00000_002034_05,4.0,0.19652990996837616,0.1857859194278717,0.9988617897033691,coef_energy_material_checkpoint_lambdas,0.0,4.128591537475586,2.331068277359009,54,R3,4.400058448314667,1.6591321229934692
0.0,nan,nan,3.8356873989105225,00000_002034_05,2.0,5.532569885253906,5.213820934295654,0.982917308807373,coef_energy_material_checkpoint_lambdas,0.0,4.143484115600586,2.321345567703247,57,R3,4.401932775974274,0.5602830052375793
0.0,nan,nan,7.385223388671875,00000_002034_05,1.0,7.386071681976318,7.385223388671875,0.9568430781364441,coef_energy_material_checkpoint_lambdas,0.0,4.124972343444824,2.3096184730529785,60,R3,4.404094457626343,0.5601752996444702
0.0,nan,nan,1.8885526657104492,00000_002034_05,1.0,2.6705920696258545,1.8885526657104492,0.9999942183494568,coef_energy_material_checkpoint_lambdas,0.0,4.110637187957764,2.3139894008636475,63,R3,4.400381147861481,3.311521291732788
0.0,nan,nan,0.29544758796691895,00000_002034_05,1.0,0.30534595251083374,0.29874369502067566,0.9821358323097229,coef_energy_material_checkpoint_lambdas,0.0,4.140121936798096,2.32163143157959,66,R3,4.401623845100403,1.661368191242218
0.0,nan,nan,5.859688758850098,00000_002034_05,2.0,6.550457000732422,4.6331095695495605,0.9999629259109497,coef_energy_material_checkpoint_lambdas,0.0,4.121905326843262,2.311965227127075,69,R3,4.4013713002204895,0.5823498368263245
0.0,nan,nan,7.352017402648926,00000_002034_05,2.0,7.48905611038208,7.213621139526367,0.9914747476577759,coef_energy_material_checkpoint_lambdas,0.0,4.000547885894775,2.3725438117980957,72,R3,4.402066946029663,0.5584934949874878
0.0,nan,nan,6.107341766357422,00000_002034_05,5.0,6.823040962219238,6.823033332824707,0.9980249404907227,coef_energy_material_checkpoint_lambdas,0.0,4.322497367858887,2.180509090423584,78,R3,4.400819420814514,0.5573051571846008
0.0,nan,nan,7.758181571960449,00000_002034_06,1.0,7.758206367492676,0.01952006109058857,0.9996030330657959,coef_energy_material_checkpoint_lambdas,0.0,4.175782680511475,2.1875557899475098,0,R3,3.731894612312317,3.731894612312317
0.0,nan,nan,0.0017737604212015867,00000_002034_06,6.0,0.0287669375538826,0.021556830033659935,0.9996556043624878,coef_energy_material_checkpoint_lambdas,1.0,4.184448719024658,2.1828203201293945,3,R3,3.2994273006916046,3.751167446374893
0.0,nan,nan,0.09665455669164658,00000_002034_06,8.0,0.12278059870004654,0.12188465893268585,0.996995210647583,coef_energy_material_checkpoint_lambdas,1.0,4.196366786956787,2.1777608394622803,6,R3,2.8160049319267273,3.4257623851299286
0.0,nan,nan,0.05791795253753662,00000_002034_06,6.0,0.21088948845863342,0.20278039574623108,0.9870344996452332,coef_energy_material_checkpoint_lambdas,0.0,4.202445983886719,2.1802895069122314,9,R3,2.641051322221756,2.641051322221756
0.0,nan,nan,0.4125213027000427,00000_002034_06,3.0,0.9692135453224182,0.8770411014556885,0.9606571197509766,coef_energy_material_checkpoint_lambdas,0.0,4.183922290802002,2.189215660095215,12,R3,2.2459477186203003,1.1187098026275635
0.0,nan,nan,6.000397205352783,00000_002034_06,2.0,7.252600193023682,7.12349796295166,0.8999571800231934,coef_energy_material_checkpoint_lambdas,0.0,4.183774471282959,2.179650068283081,15,R3,2.183898776769638,0.3008716404438019
0.0,nan,nan,4.1520466804504395,00000_002034_06,1.0,4.813241004943848,0.3208155930042267,0.3219829201698303,coef_energy_material_checkpoint_lambdas,0.0,4.173486232757568,2.2326111793518066,33,R3,4.39773166179657,2.755650281906128
0.0,nan,nan,0.24564369022846222,00000_002034_06,4.0,0.2659198045730591,0.17429853975772858,0.7647132873535156,coef_energy_material_checkpoint_lambdas,0.0,4.163145542144775,2.248997926712036,36,R3,4.400183618068695,4.400565505027771
0.0,nan,nan,0.00898490846157074,00000_002034_06,3.0,0.009914963506162167,0.007198016159236431,0.9269416928291321,coef_energy_material_checkpoint_lambdas,0.0,4.152127265930176,2.260432243347168,39,R3,4.400717675685883,2.760301947593689
0.0,nan,nan,0.9410123825073242,00000_002034_06,3.0,2.7016689777374268,0.941012442111969,0.9960272908210754,coef_energy_material_checkpoint_lambdas,0.0,4.1440277099609375,2.274176597595215,42,R3,4.400076985359192,0.5598006844520569
0.0,nan,nan,5.875588417053223,00000_002034_06,1.0,6.571080207824707,4.649241924285889,0.9997122883796692,coef_energy_material_checkpoint_lambdas,0.0,4.159337043762207,2.286278009414673,45,R3,4.401208817958832,2.208031713962555
0.0,nan,nan,4.23818826675415,00000_002034_06,3.0,6.80615758895874,6.762588024139404,0.987547755241394,coef_energy_material_checkpoint_lambdas,0.0,4.150668144226074,2.29860258102417,48,R3,4.40142285823822,0.5558792352676392
0.0,nan,nan,0.24487924575805664,00000_002034_06,7.0,0.24565419554710388,0.12695197761058807,0.9776788353919983,coef_energy_material_checkpoint_lambdas,0.0,4.16436767578125,2.299006223678589,51,R3,4.400014638900757,4.400056719779968
0.0,nan,nan,0.22470413148403168,00000_002034_06,9.0,0.25058606266975403,0.23731629550457,0.9989729523658752,coef_energy_material_checkpoint_lambdas,0.0,4.27254056930542,2.2297050952911377,54,R3,4.400000095367432,4.400003612041473
0.0,nan,nan,7.763782024383545,00000_002034_07,1.0,7.7638068199157715,0.0194897148758173,0.9996027946472168,coef_energy_material_checkpoint_lambdas,0.0,4.179647445678711,2.1841442584991455,0,R3,3.731894612312317,3.731894612312317
0.0,nan,nan,0.0017723890487104654,00000_002034_07,6.0,0.028749659657478333,0.021543679758906364,0.9996559023857117,coef_energy_material_checkpoint_lambdas,1.0,4.180236339569092,2.181500196456909,3,R3,3.2994273006916046,3.751167446374893
0.0,nan,nan,0.09660730510950089,00000_002034_07,8.0,0.12270375341176987,0.12180579453706741,0.9970088005065918,coef_energy_material_checkpoint_lambdas,1.0,4.184296607971191,2.1768898963928223,6,R3,2.8160049319267273,3.4257623851299286
0.0,nan,nan,0.057907283306121826,00000_002034_07,6.0,0.2109106183052063,0.20280539989471436,0.9870214462280273,coef_energy_material_checkpoint_lambdas,0.0,4.204965114593506,2.180065631866455,9,R3,2.641051322221756,2.641051322221756
0.0,nan,nan,0.4122720956802368,00000_002034_07,3.0,0.9680189490318298,0.8758381009101868,0.9605748653411865,coef_energy_material_checkpoint_lambdas,0.0,4.183043003082275,2.184868097305298,12,R3,2.2459477186203003,1.1187098026275635
0.0,nan,nan,5.9907426834106445,00000_002034_07,2.0,7.241573810577393,7.1128458976745605,0.9000142216682434,coef_energy_material_checkpoint_lambdas,0.0,4.176285743713379,2.181976795196533,15,R3,2.183898776769638,0.3008716404438019
0.0,nan,nan,4.161787509918213,00000_002034_07,1.0,4.825545310974121,0.32335829734802246,0.3223216235637665,coef_energy_material_checkpoint_lambdas,0.0,4.183646202087402,2.2503063678741455,33,R3,4.39773166179657,2.755650281906128
0.0,nan,nan,1.7107888460159302,00000_002034_07,3.0,1.981445074081421,1.9165788888931274,0.9039023518562317,coef_energy_material_checkpoint_lambdas,0.0,4.170475482940674,2.272517204284668,36,R3,4.400286555290222,1.109504759311676
0.0,nan,nan,5.804068565368652,00000_002034_07,2.0,7.856400489807129,7.559261798858643,0.9991230368614197,coef_energy_material_checkpoint_lambdas,0.0,4.182931423187256,2.2761175632476807,39,R3,4.40217250585556,0.567505955696106
0.0,nan,nan,8.023221015930176,00000_002034_07,3.0,8.055889129638672,8.023221015930176,0.9921252727508545,coef_energy_material_checkpoint_lambdas,0.0,4.176692008972168,2.299295663833618,42,R3,4.404142081737518,0.5762270092964172
0.0,nan,nan,5.735508441925049,00000_002034_07,3.0,7.799339771270752,6.82773494720459,0.998674213886261,coef_energy_material_checkpoint_lambdas,0.0,4.1134796142578125,2.3435864448547363,45,R3,4.4014973640441895,0.5901657938957214
0.0,nan,nan,0.1860857605934143,00000_002034_07,4.0,0.19684749841690063,0.1860857605934143,0.99886155128479,coef_energy_material_checkpoint_lambdas,0.0,4.135795593261719,2.326617956161499,54,R3,4.400058448314667,1.6591321229934692
0.0,nan,nan,3.8538730144500732,00000_002034_07,2.0,5.559421062469482,5.238925457000732,0.9828975200653076,coef_energy_material_checkpoint_lambdas,0.0,4.165980339050293,2.290418863296509,57,R3,4.401932775974274,0.5602830052375793
0.0,nan,nan,7.541542053222656,00000_002034_07,1.0,7.54230260848999,7.541542053222656,0.9565649032592773,coef_energy_material_checkpoint_lambdas,0.0,4.225480556488037,2.209737777709961,60,R3,4.404094457626343,0.5601752996444702
0.0,nan,nan,7.902774810791016,00000_002035_00,1.0,7.903023719787598,0.06276238709688187,0.9973879456520081,coef_energy_material_checkpoint_lambdas,0.0,4.175670623779297,2.182231903076172,0,R3,3.713204562664032,3.713204562664032
0.0,nan,nan,0.06014929711818695,00000_002035_00,7.0,0.06990152597427368,0.067714162170887,0.9999524354934692,coef_energy_material_checkpoint_lambdas,1.0,4.184321403503418,2.1837475299835205,3,R3,3.23341965675354,3.7735259234905243
0.0,nan,nan,0.04825618863105774,00000_002035_00,8.0,0.14594167470932007,0.1315140575170517,0.9999998807907104,coef_energy_material_checkpoint_lambdas,1.0,4.1864542961120605,2.1791505813598633,6,R3,2.8366346061229706,3.461066037416458
0.0,nan,nan,0.1159818023443222,00000_002035_00,6.0,0.2229643166065216,0.19042401015758514,0.999687671661377,coef_energy_material_checkpoint_lambdas,0.0,4.19607400894165,2.181553602218628,9,R3,2.6389168202877045,2.6389168202877045
0.0,nan,nan,0.037087682634592056,00000_002035_00,4.0,0.5508547425270081,0.4148542582988739,0.9988941550254822,coef_energy_material_checkpoint_lambdas,0.0,4.192763328552246,2.1790101528167725,12,R3,2.280449241399765,1.9384512901306152
0.0,nan,nan,1.3803106546401978,00000_002035_00,3.0,1.6964744329452515,1.3721693754196167,0.997776985168457,coef_energy_material_checkpoint_lambdas,0.0,4.189436435699463,2.1761398315429688,15,R3,2.293231636285782,0.8727710843086243
0.0,nan,nan,3.261117458343506,00000_002035_00,1.0,3.41802716255188,1.0237298011779785,0.5175512433052063,coef_energy_material_checkpoint_lambdas,0.0,4.189515113830566,2.192034959793091,18,R3,2.2619687020778656,0.4534585475921631
0.0,nan,nan,7.456636905670166,00000_002035_00,1.0,7.496031284332275,7.456636905670166,0.5006647109985352,coef_energy_material_checkpoint_lambdas,0.0,4.1761794090271,2.2152178287506104,21,R3,4.399412035942078,0.5712528228759766
0.0,nan,nan,6.466165065765381,00000_002035_00,1.0,6.818926811218262,4.828035354614258,0.9975987672805786,coef_energy_material_checkpoint_lambdas,0.0,4.187126636505127,2.265559196472168,36,R3,4.402274429798126,1.6607795357704163
0.0,nan,nan,0.8135576248168945,00000_002035_00,1.0,6.901981830596924,5.421687126159668,0.9610474705696106,coef_energy_material_checkpoint_lambdas,0.0,4.174968719482422,2.2829766273498535,39,R3,4.4019516706466675,0.5610130429267883
0.0,nan,nan,1.827986240386963,00000_002035_00,2.0,2.709230899810791,1.999599575996399,0.9990200996398926,coef_energy_material_checkpoint_lambdas,0.0,4.13939094543457,2.3306729793548584,42,R3,4.400372207164764,4.400372207164764
0.0,nan,nan,7.4714250564575195,00000_002035_00,3.0,7.7789764404296875,6.814480781555176,0.9968978762626648,coef_energy_material_checkpoint_lambdas,0.0,4.121220588684082,2.343177556991577,45,R3,4.401614189147949,0.584740400314331
0.0,nan,nan,0.6352903246879578,00000_002035_00,6.0,0.6696373224258423,0.47346794605255127,0.9999983310699463,coef_energy_material_checkpoint_lambdas,0.0,4.239439010620117,2.249103546142578,54,R3,4.400013208389282,4.400129795074463
0.0,nan,nan,0.07657922804355621,00000_002035_01,7.0,0.3627553880214691,0.19657635688781738,0.999970018863678,coef_energy_material_checkpoint_lambdas,1.0,4.169534206390381,2.193997621536255,3,R3,2.957699716091156,3.448309987783432
0.0,nan,nan,0.0442231148481369,00000_002035_01,9.0,0.053498756140470505,0.04254661127924919,1.0,coef_energy_material_checkpoint_lambdas,1.0,4.188328266143799,2.1837499141693115,6,R3,2.467436283826828,2.795112520456314
0.0,nan,nan,0.4119502902030945,00000_002035_01,8.0,0.591640055179596,0.5250992178916931,1.0,coef_energy_material_checkpoint_lambdas,0.0,4.194913387298584,2.2002153396606445,9,R3,2.3079632222652435,2.048827648162842
0.0,nan,nan,0.11243069916963577,00000_002035_01,5.0,0.25818338990211487,0.23241771757602692,0.44276514649391174,coef_energy_material_checkpoint_lambdas,0.0,4.1932830810546875,2.1948444843292236,12,R3,2.1867430210113525,2.3767559230327606
0.0,nan,nan,-0.12896530330181122,00000_002035_01,4.0,0.19767539203166962,0.14981158077716827,-0.22288966178894043,coef_energy_material_checkpoint_lambdas,0.0,4.178855895996094,2.1801719665527344,15,R3,2.153974324464798,1.4836664497852325
0.0,nan,nan,0.12321240454912186,00000_002035_01,3.0,0.28271257877349854,0.20242983102798462,0.9901236295700073,coef_energy_material_checkpoint_lambdas,0.0,4.190762996673584,2.1771364212036133,18,R3,2.292784035205841,1.214192122220993
0.0,nan,nan,3.25456166267395,00000_002035_01,1.0,3.411149501800537,1.0216505527496338,0.5175562500953674,coef_energy_material_checkpoint_lambdas,0.0,4.181069850921631,2.1877050399780273,21,R3,2.2619687020778656,0.4534585475921631
0.0,nan,nan,7.472549915313721,00000_002035_01,1.0,7.511950492858887,7.472549915313721,0.5005775094032288,coef_energy_material_checkpoint_lambdas,0.0,4.1852922439575195,2.210501194000244,24,R3,4.399412035942078,0.5712528228759766
0.0,nan,nan,6.46359920501709,00000_002035_01,1.0,6.816221714019775,4.826122283935547,0.9975986480712891,coef_energy_material_checkpoint_lambdas,0.0,4.185435771942139,2.265505075454712,39,R3,4.402274429798126,1.6607795357704163
0.0,nan,nan,0.8129701614379883,00000_002035_01,1.0,6.901090145111084,5.4206862449646,0.961027979850769,coef_energy_material_checkpoint_lambdas,0.0,4.175451755523682,2.26278018951416,42,R3,4.4019516706466675,0.5610130429267883
0.0,nan,nan,1.8469171524047852,00000_002035_01,2.0,2.7371575832366943,2.0201306343078613,0.9990180730819702,coef_energy_material_checkpoint_lambdas,0.0,4.186183929443359,2.2806975841522217,45,R3,4.400372207164764,4.400372207164764
0.0,nan,nan,0.03549699857831001,00000_002035_01,3.0,0.39874932169914246,0.3971661925315857,0.9862423539161682,coef_energy_material_checkpoint_lambdas,0.0,4.181730270385742,2.2817306518554688,48,R3,4.400142133235931,4.400142133235931
0.0,nan,nan,0.17997516691684723,00000_002035_01,2.0,0.2384510636329651,0.22039544582366943,0.998225212097168,coef_energy_material_checkpoint_lambdas,0.0,4.179296016693115,2.293720006942749,51,R3,4.400024950504303,4.400102138519287
0.0,nan,nan,0.08631736040115356,00000_002035_01,7.0,0.1942434459924698,0.1942424774169922,0.98780757188797,coef_energy_material_checkpoint_lambdas,0.0,4.168833255767822,2.2906506061553955,54,R3,4.400053024291992,4.400533676147461
0.0,nan,nan,0.005640101619064808,00000_002035_01,8.0,0.00633440725505352,0.001949286088347435,0.8805362582206726,coef_energy_material_checkpoint_lambdas,0.0,4.172893524169922,2.2992939949035645,57,R3,4.400018751621246,3.3069965839385986
0.0,nan,nan,-0.0018435505917295814,00000_002035_01,7.0,0.012206806801259518,0.0018435505917295814,0.9798886775970459,coef_energy_material_checkpoint_lambdas,0.0,4.164523601531982,2.284883975982666,60,R3,4.400000095367432,1.6569965481758118
0.0,nan,nan,5.354090690612793,00000_002035_01,4.0,6.835757732391357,6.791017532348633,0.9859271049499512,coef_energy_material_checkpoint_lambdas,0.0,4.143311500549316,2.3008065223693848,63,R3,4.400533676147461,0.5573172569274902
0.0,nan,nan,4.67461633682251,00000_002035_01,3.0,6.3651885986328125,4.674615859985352,0.9984133243560791,coef_energy_material_checkpoint_lambdas,0.0,4.168332099914551,2.299522876739502,66,R3,4.400984466075897,0.5764678716659546
0.0,nan,nan,2.878507137298584,00000_002035_01,3.0,6.814829349517822,5.337081432342529,0.9783898591995239,coef_energy_material_checkpoint_lambdas,0.0,4.154216766357422,2.3228282928466797,69,R3,4.400507211685181,1.6588760614395142
0.0,nan,nan,6.70326566696167,00000_002035_01,3.0,6.747381687164307,5.2846198081970215,0.9783974289894104,coef_energy_material_checkpoint_lambdas,0.0,4.111447811126709,2.3445394039154053,72,R3,4.40025532245636,0.5597108006477356
0.0,nan,nan,5.9179301261901855,00000_002035_01,4.0,6.62685489654541,6.626822471618652,0.9934830665588379,coef_energy_material_checkpoint_lambdas,0.0,4.185317039489746,2.266042470932007,75,R3,4.400826454162598,0.5579153299331665
0.0,nan,nan,7.942493438720703,00000_002035_01,4.0,8.09078311920166,7.7935566902160645,0.9918228387832642,coef_energy_material_checkpoint_lambdas,0.0,4.31304407119751,2.2116761207580566,78,R3,4.401361644268036,0.567089855670929
0.0,nan,nan,7.912116527557373,00000_002035_02,1.0,7.912365913391113,0.06285005062818527,0.9973881244659424,coef_energy_material_checkpoint_lambdas,0.0,4.180509090423584,2.185279130935669,0,R3,3.713204562664032,3.713204562664032
0.0,nan,nan,0.0601346530020237,00000_002035_02,7.0,0.06988450139760971,0.067697674036026,0.9999524354934692,coef_energy_material_checkpoint_lambdas,1.0,4.183347702026367,2.183215618133545,3,R3,3.23341965675354,3.7735259234905243
0.0,nan,nan,0.04821687936782837,00000_002035_02,8.0,0.14582359790802002,0.13140752911567688,0.9999998807907104,coef_energy_material_checkpoint_lambdas,1.0,4.201494216918945,2.1773390769958496,6,R3,2.8366346061229706,3.461066037416458
0.0,nan,nan,0.1161680668592453,00000_002035_02,6.0,0.22327448427677155,0.19067372381687164,0.9996909499168396,coef_energy_material_checkpoint_lambdas,0.0,4.1799421310424805,2.185035467147827,9,R3,2.6389168202877045,2.6389168202877045
0.0,nan,nan,0.037074580788612366,00000_002035_02,4.0,0.5499907732009888,0.41423332691192627,0.9988904595375061,coef_energy_material_checkpoint_lambdas,0.0,4.193492412567139,2.175495147705078,12,R3,2.280449241399765,1.9384512901306152
0.0,nan,nan,1.3793362379074097,00000_002035_02,3.0,1.6952869892120361,1.3712172508239746,0.9977776408195496,coef_energy_material_checkpoint_lambdas,0.0,4.185975551605225,2.179487705230713,15,R3,2.293231636285782,0.8727710843086243
0.0,nan,nan,3.2639615535736084,00000_002035_02,1.0,3.4210901260375977,1.0248963832855225,0.5174858570098877,coef_energy_material_checkpoint_lambdas,0.0,4.193463325500488,2.192957639694214,18,R3,2.2619687020778656,0.4534585475921631
0.0,nan,nan,7.472630500793457,00000_002035_02,1.0,7.5120158195495605,7.472630500793457,0.5005596876144409,coef_energy_material_checkpoint_lambdas,0.0,4.185378551483154,2.2085964679718018,21,R3,4.399412035942078,0.5712528228759766
0.0,nan,nan,6.467573165893555,00000_002035_02,1.0,6.820410251617432,4.8290839195251465,0.9975986480712891,coef_energy_material_checkpoint_lambdas,0.0,4.188063621520996,2.265305280685425,36,R3,4.402274429798126,1.6607795357704163
0.0,nan,nan,0.813957691192627,00000_002035_02,1.0,6.9105634689331055,5.428047180175781,0.9610227942466736,coef_energy_material_checkpoint_lambdas,0.0,4.181455135345459,2.260603427886963,39,R3,4.4019516706466675,0.5610130429267883
0.0,nan,nan,1.8469171524047852,00000_002035_02,2.0,2.7371575832366943,2.0201306343078613,0.9990180730819702,coef_energy_material_checkpoint_lambdas,0.0,4.186183929443359,2.2806975841522217,42,R3,4.400372207164764,4.400372207164764
0.0,nan,nan,0.03545321896672249,00000_002035_02,3.0,0.39824730157852173,0.3966660797595978,0.9862428307533264,coef_energy_material_checkpoint_lambdas,0.0,4.176408767700195,2.2808141708374023,45,R3,4.400142133235931,4.400142133235931
0.0,nan,nan,0.17997516691684723,00000_002035_02,2.0,0.2384510636329651,0.22039544582366943,0.998225212097168,coef_energy_material_checkpoint_lambdas,0.0,4.179296016693115,2.293720006942749,48,R3,4.400024950504303,4.400102138519287
0.0,nan,nan,0.08620988577604294,00000_002035_02,7.0,0.19399508833885193,0.19399413466453552,0.9878049492835999,coef_energy_material_checkpoint_lambdas,0.0,4.163942337036133,2.2757105827331543,51,R3,4.400053024291992,4.400533676147461
0.0,nan,nan,0.005593040492385626,00000_002035_02,8.0,0.006281191948801279,0.0028585430700331926,0.880589485168457,coef_energy_material_checkpoint_lambdas,0.0,4.136972904205322,2.296535015106201,54,R3,4.400018751621246,4.400018751621246
0.0,nan,nan,0.04218823090195656,00000_002035_02,6.0,0.0596635565161705,0.0596635565161705,1.0,coef_energy_material_checkpoint_lambdas,0.0,4.1656270027160645,2.2886769771575928,57,R3,4.400000333786011,4.400006651878357
0.0,nan,nan,0.00034655642230063677,00000_002035_02,9.0,0.0003621286596171558,0.00034655642230063677,0.07416225224733353,coef_energy_material_checkpoint_lambdas,0.0,4.196335315704346,2.2826709747314453,60,R3,4.400000095367432,4.4021108746528625
0.0,nan,nan,0.6619715690612793,00000_002035_02,8.0,0.6632052659988403,0.6619715690612793,0.9982300996780396,coef_energy_material_checkpoint_lambdas,0.0,4.293736457824707,2.2267160415649414,63,R3,4.40000057220459,2.7560160160064697
0.0,nan,nan,7.922237396240234,00000_002035_03,1.0,7.922486782073975,0.06285039335489273,0.9973872303962708,coef_energy_material_checkpoint_lambdas,0.0,4.186439037322998,2.1852972507476807,0,R3,3.713204562664032,3.713204562664032
0.0,nan,nan,0.06013530120253563,00000_002035_03,7.0,0.06988504528999329,0.06769810616970062,0.9999523162841797,coef_energy_material_checkpoint_lambdas,1.0,4.18559455871582,2.183224678039551,3,R3,3.23341965675354,3.7735259234905243
0.0,nan,nan,0.04831639304757118,00000_002035_03,8.0,0.14612345397472382,0.13167788088321686,0.9999998807907104,coef_energy_material_checkpoint_lambdas,1.0,4.1845879554748535,2.1818833351135254,6,R3,2.8366346061229706,3.461066037416458
0.0,nan,nan,0.11609724909067154,00000_002035_03,6.0,0.22316616773605347,0.190590038895607,0.9996891021728516,coef_energy_material_checkpoint_lambdas,0.0,4.1906657218933105,2.1837158203125,9,R3,2.6389168202877045,2.6389168202877045
0.0,nan,nan,0.0370497964322567,00000_002035_03,4.0,0.5505675077438354,0.41462573409080505,0.9988958835601807,coef_energy_material_checkpoint_lambdas,0.0,4.1875715255737305,2.1779141426086426,12,R3,2.280449241399765,1.9384512901306152
0.0,nan,nan,1.379805326461792,00000_002035_03,3.0,1.6958558559417725,1.3716709613800049,0.9977772235870361,coef_energy_material_checkpoint_lambdas,0.0,4.187788009643555,2.176460027694702,15,R3,2.293231636285782,0.8727710843086243
0.0,nan,nan,3.2553699016571045,00000_002035_03,1.0,3.4122304916381836,1.02268385887146,0.5173697471618652,coef_energy_material_checkpoint_lambdas,0.0,4.18294620513916,2.1854326725006104,18,R3,2.2619687020778656,0.4534585475921631
0.0,nan,nan,7.464796543121338,00000_002035_03,1.0,7.504199504852295,7.464796543121338,0.5006258487701416,coef_energy_material_checkpoint_lambdas,0.0,4.180838584899902,2.21343994140625,21,R3,4.399412035942078,0.5712528228759766
0.0,nan,nan,6.467613220214844,00000_002035_03,1.0,6.820452690124512,4.829113960266113,0.9975987672805786,coef_energy_material_checkpoint_lambdas,0.0,4.18809175491333,2.2652621269226074,36,R3,4.402274429798126,1.6607795357704163
0.0,nan,nan,0.812964677810669,00000_002035_03,1.0,6.901230335235596,5.420782566070557,0.9610270857810974,coef_energy_material_checkpoint_lambdas,0.0,4.175582408905029,2.2619364261627197,39,R3,4.4019516706466675,0.5610130429267883
0.0,nan,nan,1.8469171524047852,00000_002035_03,2.0,2.7371575832366943,2.0201306343078613,0.9990180730819702,coef_energy_material_checkpoint_lambdas,0.0,4.186183929443359,2.2806975841522217,42,R3,4.400372207164764,4.400372207164764
0.0,nan,nan,0.035511888563632965,00000_002035_03,3.0,0.39892446994781494,0.39734068512916565,0.9862421154975891,coef_energy_material_checkpoint_lambdas,0.0,4.183610916137695,2.281219959259033,45,R3,4.400142133235931,4.400142133235931
0.0,nan,nan,0.17968186736106873,00000_002035_03,2.0,0.23806175589561462,0.22003531455993652,0.9982250332832336,coef_energy_material_checkpoint_lambdas,0.0,4.172704696655273,2.2787668704986572,48,R3,4.400024950504303,4.400102138519287
0.0,nan,nan,0.08561738580465317,00000_002035_03,7.0,0.1926756203174591,0.13580726087093353,0.9878104329109192,coef_energy_material_checkpoint_lambdas,0.0,4.134687423706055,2.2857396602630615,51,R3,4.400053024291992,2.7573288083076477
0.0,nan,nan,3.453991651535034,00000_002035_03,6.0,3.7697787284851074,2.7991280555725098,0.9567514657974243,coef_energy_material_checkpoint_lambdas,0.0,4.140215873718262,2.291360855102539,54,R3,4.400036692619324,0.5561212301254272
0.0,nan,nan,3.492406129837036,00000_002035_03,8.0,3.9050605297088623,2.7619056701660156,0.9997478127479553,coef_energy_material_checkpoint_lambdas,0.0,4.126915454864502,2.302795886993408,57,R3,4.400024116039276,4.400029182434082
0.0,nan,nan,4.888480179943144e-05,00000_002035_03,10.0,7.509875285904855e-05,5.745127054979093e-06,0.0,coef_energy_material_checkpoint_lambdas,0.0,4.135100364685059,2.301107406616211,60,R3,4.400000095367432,4.40000057220459
0.0,nan,nan,0.0001491072034696117,00000_002035_03,13.0,0.0007543885731138289,0.0006283444818109274,0.0,coef_energy_material_checkpoint_lambdas,0.0,4.151307106018066,2.305790424346924,63,R3,4.400000095367432,4.40000057220459
0.0,nan,nan,0.06828796118497849,00000_002035_03,13.0,0.06828796118497849,0.04828694835305214,1.0,coef_energy_material_checkpoint_lambdas,0.0,4.144174575805664,2.3166372776031494,66,R3,4.400000095367432,4.402041912078857
0.0,nan,nan,4.006745338439941,00000_002035_03,10.0,4.006745338439941,4.006745338439941,0.9999999403953552,coef_energy_material_checkpoint_lambdas,0.0,4.238552093505859,2.262483596801758,69,R3,4.400024116039276,4.40065997838974
0.0,nan,nan,0.0766792744398117,00000_002035_04,7.0,0.36322951316833496,0.1968332976102829,0.9999698996543884,coef_energy_material_checkpoint_lambdas,1.0,4.175042629241943,2.1950936317443848,3,R3,2.957699716091156,3.448309987783432
0.0,nan,nan,0.04426158592104912,00000_002035_04,9.0,0.053545303642749786,0.042583633214235306,1.0,coef_energy_material_checkpoint_lambdas,1.0,4.1839399337768555,2.185649871826172,6,R3,2.467436283826828,2.795112520456314
0.0,nan,nan,0.4099942743778229,00000_002035_04,8.0,0.5888308882713318,0.5226058959960938,1.0,coef_energy_material_checkpoint_lambdas,0.0,4.196633815765381,2.1897695064544678,9,R3,2.3079632222652435,2.048827648162842
0.0,nan,nan,0.11158239841461182,00000_002035_04,5.0,0.2578720450401306,0.23248088359832764,0.4400121867656708,coef_energy_material_checkpoint_lambdas,0.0,4.194551944732666,2.1853485107421875,12,R3,2.1867430210113525,2.3767559230327606
0.0,nan,nan,4.686639308929443,00000_002035_04,2.0,6.754660606384277,4.864242076873779,0.9261685013771057,coef_energy_material_checkpoint_lambdas,0.0,4.1917724609375,2.18047833442688,15,R3,2.6136631667613983,0.3261650502681732
0.0,nan,nan,1.5491935014724731,00000_002035_04,2.0,3.5400493144989014,3.346217155456543,0.99307781457901,coef_energy_material_checkpoint_lambdas,0.0,4.1947784423828125,2.182443141937256,18,R3,2.4612317979335785,0.8569782674312592
0.0,nan,nan,3.265671491622925,00000_002035_04,1.0,3.4239585399627686,1.0290194749832153,0.5166305303573608,coef_energy_material_checkpoint_lambdas,0.0,4.1995134353637695,2.181151866912842,21,R3,2.2619687020778656,0.4534585475921631
0.0,nan,nan,7.469593048095703,00000_002035_04,1.0,7.50899600982666,7.469593048095703,0.5005977749824524,coef_energy_material_checkpoint_lambdas,0.0,4.183589935302734,2.2118165493011475,24,R3,4.399412035942078,0.5712528228759766
0.0,nan,nan,6.467466354370117,00000_002035_04,1.0,6.8202972412109375,4.82900333404541,0.9975987076759338,coef_energy_material_checkpoint_lambdas,0.0,4.18800163269043,2.2650487422943115,39,R3,4.402274429798126,1.6607795357704163
0.0,nan,nan,0.8138484954833984,00000_002035_04,1.0,6.909074783325195,5.426918983459473,0.9610254764556885,coef_energy_material_checkpoint_lambdas,0.0,4.180414199829102,2.2628400325775146,42,R3,4.4019516706466675,0.5610130429267883
0.0,nan,nan,1.8469171524047852,00000_002035_04,2.0,2.7371575832366943,2.0201306343078613,0.9990180730819702,coef_energy_material_checkpoint_lambdas,0.0,4.186183929443359,2.2806975841522217,45,R3,4.400372207164764,4.400372207164764
0.0,nan,nan,0.03546694666147232,00000_002035_04,3.0,0.3984334468841553,0.3968517482280731,0.9862416982650757,coef_energy_material_checkpoint_lambdas,0.0,4.178539276123047,2.2757534980773926,48,R3,4.400142133235931,4.400142133235931
0.0,nan,nan,0.1793888658285141,00000_002035_04,2.0,0.2376738041639328,0.21967683732509613,0.9982250332832336,coef_energy_material_checkpoint_lambdas,0.0,4.165827751159668,2.278764009475708,51,R3,4.400024950504303,4.400102138519287
0.0,nan,nan,0.08599662035703659,00000_002035_04,6.0,0.19223612546920776,0.13595202565193176,0.9999563694000244,coef_energy_material_checkpoint_lambdas,0.0,4.141667366027832,2.2902634143829346,54,R3,4.400022029876709,2.215688467025757
0.0,nan,nan,5.976821422576904,00000_002035_04,2.0,6.632481098175049,4.760857582092285,0.9366973042488098,coef_energy_material_checkpoint_lambdas,0.0,4.134944438934326,2.3006229400634766,57,R3,4.401056587696075,0.5782914757728577
0.0,nan,nan,2.530189275741577,00000_002035_04,8.0,2.6614208221435547,0.8254101276397705,0.9948196411132812,coef_energy_material_checkpoint_lambdas,0.0,4.1375508308410645,2.302309036254883,60,R3,4.400006651878357,4.400006651878357
0.0,nan,nan,8.502365744789131e-06,00000_002035_04,11.0,1.250014338438632e-05,4.6724699132028036e-07,0.0,coef_energy_material_checkpoint_lambdas,0.0,4.140548229217529,2.29480242729187,63,R3,4.400000095367432,4.400000095367432
0.0,nan,nan,0.00011980650015175343,00000_002035_04,14.0,0.0003209844580851495,0.00029528356390073895,0.0,coef_energy_material_checkpoint_lambdas,0.0,4.157496929168701,2.3153634071350098,66,R3,4.400000095367432,4.400000095367432
0.0,nan,nan,0.06828796118497849,00000_002035_04,13.0,0.06828796118497849,0.04828694835305214,1.0,coef_energy_material_checkpoint_lambdas,0.0,4.144174575805664,2.3166372776031494,69,R3,4.400000095367432,4.402041912078857
0.0,nan,nan,4.006745338439941,00000_002035_04,10.0,4.006745338439941,4.006745338439941,0.9999999403953552,coef_energy_material_checkpoint_lambdas,0.0,4.238552093505859,2.262483596801758,72,R3,4.400024116039276,4.40065997838974
0.0,nan,nan,7.917520523071289,00000_002035_05,1.0,7.917769432067871,0.06275665760040283,0.9973868131637573,coef_energy_material_checkpoint_lambdas,0.0,4.184356689453125,2.182039499282837,0,R3,3.713204562664032,3.713204562664032
0.0,nan,nan,0.06010626256465912,00000_002035_05,7.0,0.069851353764534,0.06766549497842789,0.9999523162841797,coef_energy_material_checkpoint_lambdas,1.0,4.182978630065918,2.1821744441986084,3,R3,3.23341965675354,3.7735259234905243
0.0,nan,nan,0.048205722123384476,00000_002035_05,8.0,0.14578890800476074,0.13137640058994293,0.9999998807907104,coef_energy_material_checkpoint_lambdas,1.0,4.17885160446167,2.1768782138824463,6,R3,2.8366346061229706,3.461066037416458
0.0,nan,nan,0.11584043502807617,00000_002035_05,6.0,0.22270305454730988,0.1902042180299759,0.9996870160102844,coef_energy_material_checkpoint_lambdas,0.0,4.195978164672852,2.1788992881774902,9,R3,2.6389168202877045,2.6389168202877045
0.0,nan,nan,0.037034131586551666,00000_002035_05,4.0,0.5506210327148438,0.4146532714366913,0.9988974332809448,coef_energy_material_checkpoint_lambdas,0.0,4.1848554611206055,2.1781673431396484,12,R3,2.280449241399765,1.9384512901306152
0.0,nan,nan,1.3781461715698242,00000_002035_05,3.0,1.6938319206237793,1.370046615600586,0.9977779984474182,coef_energy_material_checkpoint_lambdas,0.0,4.181992053985596,2.181220531463623,15,R3,2.293231636285782,0.8727710843086243
0.0,nan,nan,3.2648375034332275,00000_002035_05,1.0,3.4224295616149902,1.0265763998031616,0.5171507000923157,coef_energy_material_checkpoint_lambdas,0.0,4.196098327636719,2.1884713172912598,18,R3,2.2619687020778656,0.4534585475921631
0.0,nan,nan,7.4735636711120605,00000_002035_05,1.0,7.512941837310791,7.4735636711120605,0.500546395778656,coef_energy_material_checkpoint_lambdas,0.0,4.18593168258667,2.207425594329834,21,R3,4.399412035942078,0.5712528228759766
0.0,nan,nan,6.465134620666504,00000_002035_05,1.0,6.817840576171875,4.827266216278076,0.9975987672805786,coef_energy_material_checkpoint_lambdas,0.0,4.186459541320801,2.2651896476745605,36,R3,4.402274429798126,1.6607795357704163
0.0,nan,nan,0.8123841285705566,00000_002035_05,1.0,6.891748905181885,5.413669109344482,0.9610487818717957,coef_energy_material_checkpoint_lambdas,0.0,4.168709754943848,2.2809293270111084,39,R3,4.4019516706466675,0.5610130429267883
0.0,nan,nan,1.827986240386963,00000_002035_05,2.0,2.709230899810791,1.999599575996399,0.9990200996398926,coef_energy_material_checkpoint_lambdas,0.0,4.13939094543457,2.3306729793548584,42,R3,4.400372207164764,4.400372207164764
0.0,nan,nan,7.47149133682251,00000_002035_05,3.0,7.779033660888672,6.814511775970459,0.9968975186347961,coef_energy_material_checkpoint_lambdas,0.0,4.121518135070801,2.340344190597534,45,R3,4.401614189147949,0.584740400314331
0.0,nan,nan,2.525304079055786,00000_002035_05,4.0,2.565720319747925,2.5253043174743652,0.9862869381904602,coef_energy_material_checkpoint_lambdas,0.0,4.126834392547607,2.3398401737213135,54,R3,4.400034487247467,1.6608174443244934
0.0,nan,nan,6.408506393432617,00000_002035_05,1.0,6.741203308105469,6.010496139526367,0.9935731887817383,coef_energy_material_checkpoint_lambdas,0.0,4.12169885635376,2.342437505722046,57,R3,4.404724657535553,0.5655719637870789
0.0,nan,nan,5.806443691253662,00000_002035_05,2.0,6.491374492645264,4.58949089050293,0.9999873042106628,coef_energy_material_checkpoint_lambdas,0.0,4.1046953201293945,2.3732588291168213,60,R3,4.400826692581177,4.4017786383628845
0.0,nan,nan,-8.491295375279151e-06,00000_002035_05,5.0,0.0004896814934909344,0.0003522092883940786,0.3616655766963959,coef_energy_material_checkpoint_lambdas,0.0,4.128746509552002,2.355440616607666,63,R3,4.400000095367432,2.756689131259918
0.0,nan,nan,3.537108898162842,00000_002035_05,6.0,3.9546079635620117,2.796330213546753,1.0,coef_energy_material_checkpoint_lambdas,0.0,4.1822662353515625,2.3020248413085938,66,R3,4.400180339813232,0.5558789372444153
0.0,nan,nan,2.431577444076538,00000_002035_05,8.0,2.7281503677368164,1.237026572227478,0.9979528784751892,coef_energy_material_checkpoint_lambdas,0.0,4.247837543487549,2.2529613971710205,69,R3,4.400014638900757,4.400014638900757
0.0,nan,nan,-0.00015498774882871658,00000_002035_05,12.0,0.0007841404876671731,0.0006531253457069397,0.0,coef_energy_material_checkpoint_lambdas,0.0,4.315028190612793,2.204457998275757,72,R3,4.400000095367432,4.400000095367432
0.0,nan,nan,7.920421600341797,00000_002035_06,1.0,7.920670986175537,0.0628429725766182,0.9973874092102051,coef_energy_material_checkpoint_lambdas,0.0,4.185429573059082,2.185033082962036,0,R3,3.713204562664032,3.713204562664032
0.0,nan,nan,0.06020960211753845,00000_002035_06,7.0,0.06997258961200714,0.0677834153175354,0.9999526143074036,coef_energy_material_checkpoint_lambdas,1.0,4.178410053253174,2.1860029697418213,3,R3,3.23341965675354,3.7735259234905243
0.0,nan,nan,0.04821182042360306,00000_002035_06,8.0,0.14580780267715454,0.13139337301254272,1.0,coef_energy_material_checkpoint_lambdas,1.0,4.189933776855469,2.1771326065063477,6,R3,2.8366346061229706,3.461066037416458
0.0,nan,nan,0.11615978181362152,00000_002035_06,6.0,0.22328037023544312,0.19068565964698792,0.9996894001960754,coef_energy_material_checkpoint_lambdas,0.0,4.190058708190918,2.184889316558838,9,R3,2.6389168202877045,2.6389168202877045
0.0,nan,nan,0.03711498901247978,00000_002035_06,4.0,0.5495297908782959,0.4139332175254822,0.9988841414451599,coef_energy_material_checkpoint_lambdas,0.0,4.201563835144043,2.1735172271728516,12,R3,2.280449241399765,1.9384512901306152
0.0,nan,nan,1.3786721229553223,00000_002035_06,3.0,1.694467544555664,1.3705520629882812,0.9977774024009705,coef_energy_material_checkpoint_lambdas,0.0,4.184114933013916,2.176938056945801,15,R3,2.293231636285782,0.8727710843086243
0.0,nan,nan,3.263105869293213,00000_002035_06,1.0,3.4204421043395996,1.0254576206207275,0.5172877311706543,coef_energy_material_checkpoint_lambdas,0.0,4.193255424499512,2.189384937286377,18,R3,2.2619687020778656,0.4534585475921631
0.0,nan,nan,7.472941875457764,00000_002035_06,1.0,7.5123419761657715,7.472941875457764,0.5005746483802795,coef_energy_material_checkpoint_lambdas,0.0,4.185518741607666,2.2103018760681152,21,R3,4.399412035942078,0.5712528228759766
0.0,nan,nan,6.467345237731934,00000_002035_06,1.0,6.820169448852539,4.828911781311035,0.9975986480712891,coef_energy_material_checkpoint_lambdas,0.0,4.187933921813965,2.264697551727295,36,R3,4.402274429798126,1.6607795357704163
0.0,nan,nan,0.8144240379333496,00000_002035_06,1.0,6.914302349090576,5.431000232696533,0.9610239267349243,coef_energy_material_checkpoint_lambdas,0.0,4.183663368225098,2.262877941131592,39,R3,4.4019516706466675,0.5610130429267883
0.0,nan,nan,1.8469171524047852,00000_002035_06,2.0,2.7371575832366943,2.0201306343078613,0.9990180730819702,coef_energy_material_checkpoint_lambdas,0.0,4.186183929443359,2.2806975841522217,42,R3,4.400372207164764,4.400372207164764
0.0,nan,nan,0.03550072759389877,00000_002035_06,3.0,0.3987841308116913,0.3972008228302002,0.9862428307533264,coef_energy_material_checkpoint_lambdas,0.0,4.182056427001953,2.283277988433838,45,R3,4.400142133235931,4.400142133235931
0.0,nan,nan,0.17997516691684723,00000_002035_06,2.0,0.2384510636329651,0.22039544582366943,0.998225212097168,coef_energy_material_checkpoint_lambdas,0.0,4.179296016693115,2.293720006942749,48,R3,4.400024950504303,4.400102138519287
0.0,nan,nan,0.08613068610429764,00000_002035_06,7.0,0.19384077191352844,0.19383977353572845,0.9878144860267639,coef_energy_material_checkpoint_lambdas,0.0,4.159015655517578,2.318026065826416,51,R3,4.400053024291992,4.400533676147461
0.0,nan,nan,0.00557118421420455,00000_002035_06,8.0,0.00625507952645421,0.005571184679865837,0.8808218240737915,coef_energy_material_checkpoint_lambdas,0.0,4.116019248962402,2.358950138092041,54,R3,4.400018751621246,4.4005206823349
0.0,nan,nan,0.001407070318236947,00000_002035_06,8.0,0.001986699877306819,0.0019866973161697388,0.9807690978050232,coef_energy_material_checkpoint_lambdas,0.0,4.126658916473389,2.347959041595459,57,R3,4.400003373622894,4.403765499591827
0.0,nan,nan,0.831558346748352,00000_002035_06,6.0,2.6882376670837402,2.5563905239105225,0.9995179772377014,coef_energy_material_checkpoint_lambdas,0.0,4.179980278015137,2.3014867305755615,60,R3,4.400056540966034,2.759151339530945
0.0,nan,nan,0.4982527494430542,00000_002035_06,3.0,3.4046003818511963,2.733814001083374,0.9968924522399902,coef_energy_material_checkpoint_lambdas,0.0,4.283758640289307,2.2194902896881104,63,R3,4.400600254535675,1.679154396057129
0.0,nan,nan,0.07666083425283432,00000_002035_07,7.0,0.3631425201892853,0.19678622484207153,0.9999698996543884,coef_energy_material_checkpoint_lambdas,1.0,4.174153804779053,2.1912262439727783,3,R3,2.957699716091156,3.448309987783432
0.0,nan,nan,0.04423140734434128,00000_002035_07,9.0,0.05350878834724426,0.0425545871257782,1.0,coef_energy_material_checkpoint_lambdas,1.0,4.18897819519043,2.184159278869629,6,R3,2.467436283826828,2.795112520456314
0.0,nan,nan,0.4102758765220642,00000_002035_07,8.0,0.5892353057861328,0.5229648947715759,1.0,coef_energy_material_checkpoint_lambdas,0.0,4.184931755065918,2.191272735595703,9,R3,2.3079632222652435,2.048827648162842
0.0,nan,nan,0.11219657957553864,00000_002035_07,5.0,0.2577853202819824,0.23208878934383392,0.4425303339958191,coef_energy_material_checkpoint_lambdas,0.0,4.187359809875488,2.1908769607543945,12,R3,2.1867430210113525,2.3767559230327606
0.0,nan,nan,4.691010475158691,00000_002035_07,2.0,6.761061668395996,4.8689188957214355,0.9261739253997803,coef_energy_material_checkpoint_lambdas,0.0,4.195595741271973,2.184238910675049,15,R3,2.6136631667613983,0.3261650502681732
0.0,nan,nan,1.547014594078064,00000_002035_07,2.0,3.5352184772491455,3.341627359390259,0.993075430393219,coef_energy_material_checkpoint_lambdas,0.0,4.189779281616211,2.1760847568511963,18,R3,2.4612317979335785,0.8569782674312592
0.0,nan,nan,3.255581855773926,00000_002035_07,1.0,3.411999464035034,1.021237850189209,0.5177316069602966,coef_energy_material_checkpoint_lambdas,0.0,4.181593418121338,2.1910383701324463,21,R3,2.2619687020778656,0.4534585475921631
0.0,nan,nan,7.477560520172119,00000_002035_07,1.0,7.517001628875732,7.477560520172119,0.5005932450294495,coef_energy_material_checkpoint_lambdas,0.0,4.18806266784668,2.21368670463562,24,R3,4.399412035942078,0.5712528228759766
0.0,nan,nan,6.467533588409424,00000_002035_07,1.0,6.820368766784668,4.829054832458496,0.9975987076759338,coef_energy_material_checkpoint_lambdas,0.0,4.188035488128662,2.265367269515991,39,R3,4.402274429798126,1.6607795357704163
0.0,nan,nan,0.8132531642913818,00000_002035_07,1.0,6.903401851654053,5.422508716583252,0.9610284566879272,coef_energy_material_checkpoint_lambdas,0.0,4.176828384399414,2.26397705078125,42,R3,4.4019516706466675,0.5610130429267883
0.0,nan,nan,1.8469171524047852,00000_002035_07,2.0,2.7371575832366943,2.0201306343078613,0.9990180730819702,coef_energy_material_checkpoint_lambdas,0.0,4.186183929443359,2.2806975841522217,45,R3,4.400372207164764,4.400372207164764
0.0,nan,nan,0.03545096889138222,00000_002035_07,3.0,0.398247092962265,0.3966660797595978,0.98624187707901,coef_energy_material_checkpoint_lambdas,0.0,4.176546096801758,2.2760090827941895,48,R3,4.400142133235931,4.400142133235931
0.0,nan,nan,0.1793888658285141,00000_002035_07,2.0,0.2376738041639328,0.21967683732509613,0.9982250332832336,coef_energy_material_checkpoint_lambdas,0.0,4.165827751159668,2.278764009475708,51,R3,4.400024950504303,4.400102138519287
0.0,nan,nan,0.08599662035703659,00000_002035_07,6.0,0.19223612546920776,0.13595202565193176,0.9999563694000244,coef_energy_material_checkpoint_lambdas,0.0,4.141667366027832,2.2902634143829346,54,R3,4.400022029876709,2.215688467025757
0.0,nan,nan,5.976821422576904,00000_002035_07,2.0,6.632481098175049,4.760857582092285,0.9366973042488098,coef_energy_material_checkpoint_lambdas,0.0,4.134944438934326,2.3006229400634766,57,R3,4.401056587696075,0.5782914757728577
0.0,nan,nan,2.530189275741577,00000_002035_07,8.0,2.6614208221435547,0.8254101276397705,0.9948196411132812,coef_energy_material_checkpoint_lambdas,0.0,4.1375508308410645,2.302309036254883,60,R3,4.400006651878357,4.400006651878357
0.0,nan,nan,8.497187991451938e-06,00000_002035_07,11.0,1.2492531823227182e-05,4.6696271738255746e-07,0.0,coef_energy_material_checkpoint_lambdas,0.0,4.138026714324951,2.295194625854492,63,R3,4.400000095367432,4.400000095367432
0.0,nan,nan,0.00011980650015175343,00000_002035_07,14.0,0.0003209844580851495,0.00029528356390073895,0.0,coef_energy_material_checkpoint_lambdas,0.0,4.157496929168701,2.3153634071350098,66,R3,4.400000095367432,4.400000095367432
0.0,nan,nan,0.06828796118497849,00000_002035_07,13.0,0.06828796118497849,0.04828694835305214,1.0,coef_energy_material_checkpoint_lambdas,0.0,4.144174575805664,2.3166372776031494,69,R3,4.400000095367432,4.402041912078857
0.0,nan,nan,4.006745338439941,00000_002035_07,10.0,4.006745338439941,4.006745338439941,0.9999999403953552,coef_energy_material_checkpoint_lambdas,0.0,4.238552093505859,2.262483596801758,72,R3,4.400024116039276,4.40065997838974
0.0,nan,nan,7.916840553283691,00000_002036_00,1.0,7.917226314544678,0.07816251367330551,0.9960048198699951,coef_energy_material_checkpoint_lambdas,0.0,4.181526184082031,2.1865718364715576,0,R3,3.723188668489456,3.723188668489456
0.0,nan,nan,0.01372923981398344,00000_002036_00,7.0,0.07456568628549576,0.06153250113129616,0.9999315738677979,coef_energy_material_checkpoint_lambdas,1.0,4.185115814208984,2.1832046508789062,3,R3,3.285047173500061,3.7366364002227783
0.0,nan,nan,0.021030008792877197,00000_002036_00,8.0,0.04318530112504959,0.0415416918694973,0.9999850392341614,coef_energy_material_checkpoint_lambdas,1.0,4.1858601570129395,2.183880090713501,6,R3,2.8184926509857178,3.3882029950618744
0.0,nan,nan,0.11143387854099274,00000_002036_00,7.0,0.21661211550235748,0.18575063347816467,0.9996759295463562,coef_energy_material_checkpoint_lambdas,0.0,4.190959453582764,2.178743839263916,9,R3,2.5989919304847717,2.5989919304847717
0.0,nan,nan,0.045423250645399094,00000_002036_00,4.0,0.5629181861877441,0.42886435985565186,0.9977052211761475,coef_energy_material_checkpoint_lambdas,0.0,4.183806896209717,2.1825265884399414,12,R3,2.2071908712387085,2.03802827000618
0.0,nan,nan,1.5232410430908203,00000_002036_00,3.0,1.7915574312210083,1.3763827085494995,0.8764609694480896,coef_energy_material_checkpoint_lambdas,0.0,4.205162525177002,2.1765060424804688,15,R3,2.2388257682323456,0.9832485020160675
0.0,nan,nan,3.621166706085205,00000_002036_00,1.0,3.798224449157715,1.1461511850357056,0.6357704401016235,coef_energy_material_checkpoint_lambdas,0.0,4.17474889755249,2.191981315612793,18,R3,2.370670199394226,0.4435047507286072
0.0,nan,nan,6.6750359535217285,00000_002036_00,1.0,6.675148963928223,6.6750359535217285,-0.9646965265274048,coef_energy_material_checkpoint_lambdas,0.0,4.19430685043335,2.211395263671875,21,R3,4.390422284603119,0.53437739610672
0.0,nan,nan,0.28703489899635315,00000_002036_00,2.0,0.35396358370780945,0.3494245111942291,0.9969154596328735,coef_energy_material_checkpoint_lambdas,0.0,4.18140983581543,2.2612836360931396,36,R3,4.400613725185394,1.1152308583259583
0.0,nan,nan,5.28011417388916,00000_002036_00,2.0,5.625761985778809,5.5909624099731445,0.9843482971191406,coef_energy_material_checkpoint_lambdas,0.0,4.178375720977783,2.2868525981903076,42,R3,4.402028262615204,0.5623400211334229
0.0,nan,nan,7.960309982299805,00000_002036_00,2.0,7.997725963592529,7.960309982299805,0.9756207466125488,coef_energy_material_checkpoint_lambdas,0.0,4.182971954345703,2.285656452178955,45,R3,4.403399467468262,0.5681877732276917
0.0,nan,nan,5.605741500854492,00000_002036_00,3.0,5.645507335662842,5.313064098358154,0.998877763748169,coef_energy_material_checkpoint_lambdas,0.0,4.17295503616333,2.3055896759033203,48,R3,4.400741875171661,0.5677192211151123
0.0,nan,nan,5.973875045776367,00000_002036_00,4.0,8.403364181518555,8.403243064880371,0.9968706965446472,coef_energy_material_checkpoint_lambdas,0.0,4.131364345550537,2.334454298019409,51,R3,4.402892768383026,0.5683948397636414
0.0,nan,nan,5.716259002685547,00000_002036_00,3.0,7.737302303314209,6.754477500915527,0.9991382956504822,coef_energy_material_checkpoint_lambdas,0.0,4.1146559715271,2.3251166343688965,54,R3,4.401370882987976,4.402680695056915
0.0,nan,nan,0.6419364213943481,00000_002036_00,5.0,0.6431849598884583,0.4822411835193634,0.9967168569564819,coef_energy_material_checkpoint_lambdas,0.0,4.1188578605651855,2.3216803073883057,57,R3,4.400026023387909,3.312876343727112
0.0,nan,nan,0.008712000213563442,00000_002036_00,6.0,0.00885672215372324,0.0024699196219444275,0.988795816898346,coef_energy_material_checkpoint_lambdas,0.0,4.11630916595459,2.3433849811553955,60,R3,4.400115609169006,1.6628631353378296
0.0,nan,nan,5.906210899353027,00000_002036_00,3.0,6.587088108062744,4.680822372436523,0.9907311797142029,coef_energy_material_checkpoint_lambdas,0.0,4.124556541442871,2.3253326416015625,63,R3,4.400947391986847,0.5865374803543091
0.0,nan,nan,5.757887840270996,00000_002036_00,2.0,6.44083309173584,6.440829753875732,0.9995138645172119,coef_energy_material_checkpoint_lambdas,0.0,4.0453314781188965,2.348480224609375,66,R3,4.400841236114502,0.5577844977378845
0.0,nan,nan,6.422654151916504,00000_002036_00,3.0,6.422687530517578,4.556196689605713,0.9950084090232849,coef_energy_material_checkpoint_lambdas,0.0,4.036851406097412,2.3473057746887207,69,R3,4.400843441486359,0.5789554119110107
0.0,nan,nan,0.2979934811592102,00000_002036_00,1.0,1.9037772417068481,1.1074339151382446,0.9995850920677185,coef_energy_material_checkpoint_lambdas,0.0,4.092735767364502,2.32175612449646,72,R3,4.4047093987464905,1.1093649864196777
0.0,nan,nan,1.2181792259216309,00000_002036_01,7.0,2.6900153160095215,0.834527313709259,0.9960315227508545,coef_energy_material_checkpoint_lambdas,1.0,4.170505523681641,2.191565990447998,3,R3,2.9562582075595856,3.479978770017624
0.0,nan,nan,0.022975852712988853,00000_002036_01,10.0,0.07714396715164185,0.0771295502781868,0.9999999403953552,coef_energy_material_checkpoint_lambdas,1.0,4.187345504760742,2.1834940910339355,6,R3,2.4766110479831696,2.8127576112747192
0.0,nan,nan,0.4080039858818054,00000_002036_01,8.0,0.5893139243125916,0.5215372443199158,1.0,coef_energy_material_checkpoint_lambdas,0.0,4.192901134490967,2.195939779281616,9,R3,2.2630461752414703,2.3694360554218292
0.0,nan,nan,0.06712999939918518,00000_002036_01,5.0,0.2715751528739929,0.2631475329399109,0.44648078083992004,coef_energy_material_checkpoint_lambdas,0.0,4.207563877105713,2.1917126178741455,12,R3,2.1937027275562286,2.353079915046692
0.0,nan,nan,-0.09147488325834274,00000_002036_01,4.0,0.10912036150693893,0.05949452519416809,0.997105062007904,coef_energy_material_checkpoint_lambdas,0.0,4.198173999786377,2.179199695587158,15,R3,2.1555349230766296,1.4955040514469147
0.0,nan,nan,0.2539794147014618,00000_002036_01,3.0,0.38769447803497314,0.19757185876369476,0.9272159934043884,coef_energy_material_checkpoint_lambdas,0.0,4.178004264831543,2.18677020072937,18,R3,2.2634647488594055,1.3308879137039185
0.0,nan,nan,3.6320481300354004,00000_002036_01,1.0,3.8093724250793457,1.1487147808074951,0.6356003880500793,coef_energy_material_checkpoint_lambdas,0.0,4.1877617835998535,2.1948904991149902,21,R3,2.370670199394226,0.4435047507286072
0.0,nan,nan,6.674633979797363,00000_002036_01,1.0,6.674746990203857,6.674633979797363,-0.9646968841552734,coef_energy_material_checkpoint_lambdas,0.0,4.194030284881592,2.2106730937957764,24,R3,4.390422284603119,0.53437739610672
0.0,nan,nan,0.28668367862701416,00000_002036_01,2.0,0.35352474451065063,0.3489900529384613,0.9969171285629272,coef_energy_material_checkpoint_lambdas,0.0,4.175039291381836,2.263903856277466,39,R3,4.400613725185394,1.1152308583259583
0.0,nan,nan,5.277924537658691,00000_002036_01,2.0,5.623525619506836,5.58876895904541,0.9843400716781616,coef_energy_material_checkpoint_lambdas,0.0,4.1778059005737305,2.2771008014678955,45,R3,4.402028262615204,0.5623400211334229
0.0,nan,nan,3.7595598697662354,00000_002036_01,5.0,3.908414125442505,3.7595598697662354,0.9972655177116394,coef_energy_material_checkpoint_lambdas,0.0,4.190385818481445,2.292574405670166,48,R3,4.400167763233185,4.410281240940094
0.0,nan,nan,2.43489146232605,00000_002036_01,5.0,2.5635454654693604,2.5364606380462646,0.9965628981590271,coef_energy_material_checkpoint_lambdas,0.0,4.1583428382873535,2.320998191833496,51,R3,4.400022506713867,4.407438218593597
0.0,nan,nan,5.974112033843994,00000_002036_01,4.0,8.403560638427734,8.403438568115234,0.9968720078468323,coef_energy_material_checkpoint_lambdas,0.0,4.13060188293457,2.341679096221924,54,R3,4.402892768383026,0.5683948397636414
0.0,nan,nan,5.725063323974609,00000_002036_01,3.0,7.749212741851807,6.764872074127197,0.999138355255127,coef_energy_material_checkpoint_lambdas,0.0,4.120899677276611,2.3297297954559326,57,R3,4.401370882987976,4.402680695056915
0.0,nan,nan,-0.037069953978061676,00000_002036_01,4.0,0.06647756695747375,0.05518228933215141,0.9995510578155518,coef_energy_material_checkpoint_lambdas,0.0,4.104854106903076,2.3176658153533936,60,R3,4.400116801261902,3.3124325275421143
0.0,nan,nan,0.018016234040260315,00000_002036_01,4.0,0.018150314688682556,0.0022021045442670584,0.9995858669281006,coef_energy_material_checkpoint_lambdas,0.0,4.1270880699157715,2.334620237350464,63,R3,4.400120317935944,1.6624321937561035
0.0,nan,nan,5.906539440155029,00000_002036_01,3.0,6.587458610534668,4.681079387664795,0.9907309412956238,coef_energy_material_checkpoint_lambdas,0.0,4.124829292297363,2.3248260021209717,66,R3,4.400947391986847,0.5865374803543091
0.0,nan,nan,5.755151271820068,00000_002036_01,2.0,6.437773704528809,6.437769889831543,0.9995138645172119,coef_energy_material_checkpoint_lambdas,0.0,4.043361186981201,2.3482167720794678,69,R3,4.400841236114502,0.5577844977378845
0.0,nan,nan,6.423712730407715,00000_002036_01,3.0,6.423746109008789,4.556949615478516,0.9950084686279297,coef_energy_material_checkpoint_lambdas,0.0,4.037502288818359,2.347951889038086,72,R3,4.400843441486359,0.5789554119110107
0.0,nan,nan,0.2982582449913025,00000_002036_01,1.0,1.9054880142211914,1.108426570892334,0.999584972858429,coef_energy_material_checkpoint_lambdas,0.0,4.096637725830078,2.3212857246398926,75,R3,4.4047093987464905,1.1093649864196777
