{
  "config": {
    "bev_root": "<BEV_CACHE>/rellis_bev_all_seqbalanced_2500",
    "pairs_root": "<PAIR_CACHE>/rellis_pairs_all_seqbalanced_2500_loso",
    "out": "results/rellis_dyn_missing_3event_100",
    "event_types": [
      "mud_onset",
      "corridor_closes",
      "corridor_opens"
    ],
    "methods": [
      "blackbox_cvar",
      "stage2_expected_cost",
      "fixed_coeff_stage2"
    ],
    "max_episodes": 100,
    "event_fraction": 0.38,
    "event_duration": 80,
    "max_steps": 140,
    "replan_period": 8,
    "risk_weight": 18.0,
    "hard_margin_m": 1.0,
    "route_horizon": 18,
    "improvement_margin": 0.25,
    "hard_violation_penalty": 2.0,
    "progress_every": 5
  },
  "num_episodes": 100,
  "num_rows": 900,
  "event_types": [
    "mud_onset",
    "corridor_closes",
    "corridor_opens"
  ],
  "methods": [
    "blackbox_cvar",
    "stage2_expected_cost",
    "fixed_coeff_stage2"
  ],
  "overall": [
    {
      "method": "blackbox_cvar",
      "n": 300.0,
      "success": 0.2733333333333333,
      "post_event_cvar_risk": 0.4822322900514892,
      "post_event_cvar_violation": 0.48665234392283857,
      "full_episode_cvar_risk": 0.4991021923671671,
      "full_episode_cvar_violation": 0.5033307538913562,
      "event_window_cvar_risk": 0.4828108495840235,
      "event_window_cvar_violation": 0.48723090345537284,
      "post_event_mean_risk": 0.4482338928078057,
      "event_window_mean_risk": 0.4483055837874757,
      "post_event_risk_exposure": 22.010012540874378,
      "event_window_risk_exposure": 17.160672501239393,
      "reaction_delay": 3.6066666666666665,
      "route_deviation_delay": 4.44,
      "opportunity_normalized_delay": 0.04508333333333333,
      "stale_exposure": 0.8718619884135848,
      "replans": 0.0,
      "compute_ms": 2.1272897929106067,
      "curvature_energy": 706.6348887718275,
      "stuck": 0.7333333333333333,
      "hard_hazard_length_m": 0.018047333333333335,
      "path_length_ratio": 1.5542133093518857
    },
    {
      "method": "fixed_coeff_stage2",
      "n": 300.0,
      "success": 0.12,
      "post_event_cvar_risk": 0.45879341718413497,
      "post_event_cvar_violation": 0.4606684096118632,
      "full_episode_cvar_risk": 0.4685966185175605,
      "full_episode_cvar_violation": 0.47058844650531173,
      "event_window_cvar_risk": 0.460731284041521,
      "event_window_cvar_violation": 0.4626062764692493,
      "post_event_mean_risk": 0.4185512762984149,
      "event_window_mean_risk": 0.4184306729992691,
      "post_event_risk_exposure": 27.370603081744157,
      "event_window_risk_exposure": 20.50079718684341,
      "reaction_delay": 1.47,
      "route_deviation_delay": 0.18666666666666668,
      "opportunity_normalized_delay": 0.018375,
      "stale_exposure": 0.38365614077123006,
      "replans": 0.0,
      "compute_ms": 1.3711256912277703,
      "curvature_energy": 1041.650385496471,
      "stuck": 0.8866666666666667,
      "hard_hazard_length_m": 0.009427999999999999,
      "path_length_ratio": 2.0021399327374625
    },
    {
      "method": "stage2_expected_cost",
      "n": 300.0,
      "success": 0.9233333333333333,
      "post_event_cvar_risk": 0.6650168223879833,
      "post_event_cvar_violation": 0.6740939067867138,
      "full_episode_cvar_risk": 0.6379110460506137,
      "full_episode_cvar_violation": 0.6480997571327101,
      "event_window_cvar_risk": 0.6649982145730972,
      "event_window_cvar_violation": 0.6740752989718278,
      "post_event_mean_risk": 0.5399331855549128,
      "event_window_mean_risk": 0.5397984224082886,
      "post_event_risk_exposure": 15.881160879721817,
      "event_window_risk_exposure": 15.225832761290727,
      "reaction_delay": 7.303333333333334,
      "route_deviation_delay": 45.42,
      "opportunity_normalized_delay": 0.09129166666666666,
      "stale_exposure": 1.870673955674092,
      "replans": 0.0,
      "compute_ms": 1.416679370028789,
      "curvature_energy": 85.41114525351048,
      "stuck": 0.11666666666666667,
      "hard_hazard_length_m": 0.021094666666666668,
      "path_length_ratio": 1.0529574719746357
    }
  ]
}
