absolute_improvement_error,actual_arc_length_cells,actual_clearance_safe,actual_controller_steps,actual_displacement_col,actual_displacement_row,actual_endpoint_col,actual_endpoint_row,actual_horizon_complete,actual_horizon_final_step,actual_path_min_clearance_m,clearance_agreement,clearance_threshold_m,decision_step,directional_cosine,endpoint_deviation_m,episode_id,event_step,executed_path_mean_risk,hard_contact_disagreement,horizon_crosses_opening,improvement_sign_agreement,mean_cross_track_deviation_m,nominal_primitive_risk,opening_step,phase,predicted_risk_improvement,primitive_horizon_cells,realized_risk_improvement,regime,selected_direction_col,selected_direction_row,selected_endpoint_col,selected_endpoint_row,selected_primitive_risk,selected_ray_min_clearance_m,source_gate_decision
0.11429975233391543,12.894932682341114,1,8,11.149410247802734,-6.392948150634766,70.35882568359375,36.99406433105469,1,48,2.5,1,1.0,41,0.6571053398695679,5.159774616961333,0,25,0.6325220520487986,0,0,0,2.4711237685794085,0.604730578760306,35,post_opening,0.0865082790454228,12,-0.02779147328849263,R1,0.19509032931342324,-0.9807852789517082,61.550498962402344,31.617589950561523,0.5182222997148832,1.0,1
0.11415613961975557,13.041610464748015,1,8,11.077507019042969,-6.819252014160156,71.70352935791016,35.997371673583984,1,49,2.5,1,1.0,42,0.5242270375070092,6.1145586809214985,0,25,0.5822437606529473,0,0,0,2.795473946465387,0.5554275860389074,35,post_opening,0.08733996500571573,12,-0.026816174614039845,R1,-1.8369701465288538e-16,-1.0,60.62602233886719,30.81662368774414,0.4680876210331917,1.4142135381698608,1
0.14118334588353737,13.156467770402031,1,8,10.990882873535156,-7.186923980712891,73.03434753417969,34.9854621887207,1,50,2.692582368850708,1,1.0,43,0.7000450803064412,4.894339989055791,0,25,0.545121290405044,0,0,0,2.391725276971913,0.5123092258969942,35,post_opening,0.10837128137548763,12,-0.03281206450804974,R1,0.19509032931342324,-0.9807852789517082,64.38455200195312,30.402963638305664,0.4039379445215066,2.0615527629852295,1
0.17135421670884204,13.22435790102621,1,8,10.880931854248047,-7.4866943359375,74.33822631835938,33.97066879272461,1,51,3.640054941177368,1,1.0,44,0.5668400178276979,5.889919482345419,0,25,0.5363020411373209,0,0,0,2.752231597900391,0.49491877605517703,35,post_opening,0.12997095162669814,12,-0.041383265082143905,R1,-1.8369701465288538e-16,-1.0,63.45729446411133,29.45736312866211,0.3649478244284789,2.0,1
0.17708433446461674,13.232198275520293,1,8,10.740287780761719,-7.710872650146484,75.60368347167969,32.96413040161133,1,52,4.031128883361816,1,1.0,45,0.5832016329114442,5.782525292569868,0,25,0.535572583746659,0,0,0,2.723980373806424,0.470756101111571,35,post_opening,0.11226785182952881,12,-0.06481648263508794,R1,-1.8369701465288538e-16,-1.0,64.86339569091797,28.675003051757812,0.3584882492820422,3.0,1
0.21122323923006464,13.16811888897928,1,8,10.562026977539062,-7.852947235107422,76.82029724121094,31.97610855102539,1,53,5.0,1,1.0,46,0.42863684998941587,6.742199927076011,0,25,0.5356148228316984,0,0,0,3.0167958383186932,0.4562893360853195,35,post_opening,0.1318977524836858,12,-0.07932548674637885,R1,-0.19509032931342324,-0.9807852789517082,63.91718673706055,28.059633255004883,0.3243915836016337,2.5,1
0.2435455014326635,13.022691539601528,1,8,10.340721130371094,-7.908184051513672,77.97966766357422,31.01553726196289,1,54,5.522680282592773,1,1.0,47,0.2572569678051191,7.633711468328593,0,25,0.5368037586429182,0,0,0,3.204822004984032,0.4695955713589986,35,post_opening,0.17633731414874393,12,-0.06720818728391958,R1,-0.3826834370613369,-0.9238795305660376,63.04674530029297,27.837167739868164,0.29325825721025467,2.0,1
0.25977710415427074,12.794314944851457,1,8,10.071792602539062,-7.883817672729492,79.07477569580078,30.090131759643555,1,55,6.082762718200684,1,1.0,48,0.6163831802679979,5.440219737747149,0,25,0.5401377407660503,0,0,0,2.604971567789714,0.49830978115399677,35,post_opening,0.21794914454221725,12,-0.04182795961205349,R1,-1.8369701465288538e-16,-1.0,69.00298309326172,25.973949432373047,0.2803606366117795,5.0,1
0.2712512789221644,11.121447962230317,1,7,8.715950012207031,-6.903932571411133,79.07477569580078,30.090131759643555,0,55,7.017834186553955,1,1.0,49,0.45605537817064357,6.040096596602259,0,25,0.5445883227439761,0,0,0,2.550295901163719,0.5309136658906937,35,post_opening,0.257576622068882,12,-0.013674656853282396,R1,-0.19509032931342324,-0.9807852789517082,68.01773834228516,25.224641799926758,0.2733370438218117,4.5,1
0.25445615226961776,9.447642649424775,1,6,7.371246337890625,-5.90723991394043,79.07477569580078,30.090131759643555,0,55,7.5,1,1.0,50,0.4611032552193764,5.672182351911888,0,25,0.5478630659474691,0,0,0,2.1579685534982334,0.5323782463868459,35,post_opening,0.23897133270899457,12,-0.015484819560623198,R1,-0.19509032931342324,-0.9807852789517082,69.36244201660156,24.227949142456055,0.2934069136778514,5.220153331756592,1
0.23583059353196484,7.775805987592753,1,5,6.040428161621094,-4.895330429077148,79.07477569580078,30.090131759643555,0,55,7.905694007873535,1,1.0,51,0.465958417214283,5.419938753190104,0,25,0.5487753994024184,0,0,0,1.7662996636393373,0.5412768721580505,35,post_opening,0.228332066287597,12,-0.007498527244367836,R1,-0.19509032931342324,-0.9807852789517082,70.6932601928711,23.216039657592773,0.31294480587045354,6.0,1
0.2103511195521353,6.12356341448456,1,4,4.736549377441406,-3.8805370330810547,79.07477569580078,30.090131759643555,0,55,8.732124328613281,1,1.0,52,0.6337442440255373,4.700015395615975,0,25,0.5486128455540338,0,0,0,1.2125518798828128,0.5413402815659841,35,post_opening,0.20307855556408566,12,-0.007272563988049652,R1,-1.8369701465288538e-16,-1.0,74.33822631835938,21.97066879272461,0.33826172600189847,7.5,1
0.15192839583241136,4.5066214428373215,1,3,3.4710922241210938,-2.8739986419677734,79.07477569580078,30.090131759643555,0,55,9.124143600463867,1,1.0,53,0.6377482050887191,4.881915147131297,0,25,0.5481644988604704,0,0,0,0.8829612731933596,0.5433892458677292,35,post_opening,0.14715314283967018,12,-0.004775252992741175,R1,-1.8369701465288538e-16,-1.0,75.60368347167969,20.964130401611328,0.396236103028059,8.5,1
0.05841178667051494,2.9393511274646675,1,2,2.2544784545898438,-1.885976791381836,79.07477569580078,30.090131759643555,0,55,9.552486419677734,1,1.0,54,0.7789447675808091,4.941912605200639,0,25,0.5479220769952029,0,0,0,0.4654864534435113,0.54249174396197,35,post_opening,0.05298145363728202,12,-0.005430333033232926,R1,0.19509032931342324,-0.9807852789517082,79.16138458251953,20.20668601989746,0.48951029032468796,9.0,1
0.05986316756070981,12.029223168909438,1,12,11.166271209716797,-4.472434997558594,22.868846893310547,44.93931198120117,1,16,1.0,1,1.0,5,0.8379319582175725,3.4200813658349807,1,27,0.46779182062209973,0,0,0,1.4655626474173267,0.4650595833857854,37,before_event,0.05713093032439548,12,-0.0027322372363143277,R1,0.9807852789517082,0.19509032931342324,23.47199821472168,51.752830505371094,0.4079286530613899,1.0,1
0.24189724707790872,12.082289910192994,0,9,12.035591125488281,-0.9388236999511719,56.059200286865234,45.63928985595703,1,38,0.0,0,1.0,30,0.9929867056799299,0.7136489608772971,2,25,0.722788653614011,1,1,0,0.29214384686279854,0.5367246866226196,35,pre_opening,0.055833280086517334,12,-0.18606396699139138,R3,0.9807852789517082,-0.19509032931342324,55.79302978515625,44.237030029296875,0.4808914065361023,1.0,1
0.31677224194880277,12.120373884536958,0,9,12.087760925292969,-0.7555465698242188,57.414344787597656,45.630252838134766,1,39,0.0,0,1.0,31,0.9910453538356585,0.808589135497185,2,25,0.7683788384584184,1,1,0,0.34349216696762036,0.541010320186615,35,pre_opening,0.08940372367699939,12,-0.22736851827180338,R3,0.9807852789517082,-0.19509032931342324,57.09600830078125,44.044715881347656,0.4516065965096156,1.0,1
0.3973438934141766,12.144393652215731,0,9,12.122421264648438,-0.5810699462890625,58.76835632324219,45.6367073059082,1,40,0.0,0,1.0,32,0.989001116919963,0.8975319718826479,2,25,0.8138705562208465,1,1,0,0.3915757312244868,0.5275559276342392,35,pre_opening,0.11102926482756931,12,-0.2863146285866073,R3,0.9807852789517082,-0.19509032931342324,58.41535949707031,43.87669372558594,0.4165266628066699,1.4142135381698608,1
0.5237884379262099,12.166309594744753,0,9,12.151966094970703,-0.41651153564453125,60.12844467163086,45.65714645385742,1,41,0.0,0,1.0,33,0.9364461933487193,2.154732246956874,2,25,0.8592576751445103,1,1,0,1.0140193043601728,0.508439709742864,35,pre_opening,0.1729704725245635,12,-0.35081796540164634,R3,0.9238795305660376,-0.3826834370613369,59.06303405761719,41.4814567565918,0.3354692372183005,1.0,1
0.5963880032362826,12.184602843197785,0,9,12.175521850585938,-0.26032257080078125,61.49069595336914,45.690093994140625,1,42,0.0,0,1.0,34,0.9318486460974899,2.233328726676275,2,25,0.9045849762918837,1,1,0,1.0556661280839446,0.48246602714061737,35,pre_opening,0.17426905408501625,12,-0.42211894915126635,R3,0.9238795305660376,-0.3826834370613369,60.40172576904297,41.35821533203125,0.3081969730556011,1.1180340051651,1
0.17297492016471538,12.31697183238462,1,9,12.290206909179688,0.6729240417480469,69.70455169677734,46.30317687988281,1,48,1.5,1,1.0,40,0.6673910297128754,4.958581732965534,2,25,0.7903765858622105,0,0,1,2.244634739327096,0.8705132777492205,35,post_opening,0.2531116120517254,12,0.08013669188701,R3,0.7071067811865475,-0.7071067811865475,65.89962768554688,37.14497375488281,0.6174016656974951,1.0,1
0.09329550187113833,12.354919911617843,1,9,12.316253662109375,0.8482208251953125,71.08460998535156,46.484928131103516,1,49,2.0,1,1.0,41,0.6568524026046687,5.044565331543318,2,25,0.7050486936700637,0,0,1,2.2771715668978447,0.7451764283080896,35,post_opening,0.1334232365091642,12,0.04012773463802588,R3,0.7071067811865475,-0.7071067811865475,67.2536392211914,37.15142822265625,0.6117531917989254,1.5,1
0.04149569838448042,12.380693629318849,1,9,12.327251434326172,1.0306663513183594,72.45569610595703,46.68781280517578,1,50,2.5,1,1.0,42,0.6457334062788473,5.131129725999391,2,25,0.6343613951822487,0,0,1,2.310164119912173,0.6841880393524965,35,post_opening,0.09132234255472826,12,0.04982664417024785,R3,0.7071067811865475,-0.7071067811865475,68.61372375488281,37.17186737060547,0.5928656967977682,2.5,1
0.01353130323797147,12.384224817758763,1,9,12.313358306884766,1.2176742553710938,73.8040542602539,46.90776824951172,1,51,3.0,1,1.0,43,0.7727596339195151,4.111606283219167,2,25,0.5898428182612825,0,0,1,1.907682474873625,0.6267505697906017,35,post_opening,0.050439054767290714,12,0.036907751529319244,R3,0.8314696016585884,-0.555570248949409,71.46833038330078,39.023250579833984,0.576311515023311,3.0,1
0.009034420730029358,12.279923157555219,1,9,12.167747497558594,1.5850982666015625,76.38338470458984,47.38328552246094,1,53,3.3541018962860107,1,1.0,45,0.9473659983243639,1.9731678041130243,2,25,0.5013431527402452,0,0,1,0.9316386183194627,0.5758399143815041,35,post_opening,0.06546234091122949,12,0.07449676164125885,R3,0.9807852789517082,-0.19509032931342324,75.98506164550781,43.45710372924805,0.5103775734702746,3.1622776985168457,1
0.03530933718579038,12.14683697266669,1,9,12.0125732421875,1.7409248352050781,77.59392547607422,47.63167953491211,1,54,3.605551242828369,1,1.0,46,0.942663678418476,2.044621823631764,2,25,0.4570586173305613,0,0,1,0.9734371730539177,0.4853953036169211,35,post_opening,0.0636460234721502,12,0.028336686286359825,R3,0.9807852789517082,-0.19509032931342324,77.35077667236328,43.5496711730957,0.4217492801447709,3.605551242828369,1
0.10677341336213297,12.697016140678214,1,9,12.474498748779297,1.8182334899902344,71.80120849609375,48.53289794921875,1,50,1.5,1,1.0,42,0.5977257795972982,5.524405960978744,3,29,0.8752396376351789,0,0,1,2.380930094696074,0.9090340236822764,39,post_opening,0.14056779940923048,12,0.0337943860470975,R3,0.7071067811865475,-0.7071067811865475,67.8119888305664,38.22938537597656,0.7684662242730459,1.0,1
0.084712350879244,12.845350698193702,1,9,12.504196166992188,2.4322357177734375,73.20738983154297,49.123111724853516,1,51,2.0,1,1.0,43,0.8291093642684928,3.6328706916312448,3,29,0.825498555614682,0,0,0,1.928708436645365,0.812452015777429,39,post_opening,0.07166581104199099,12,-0.013046539837253013,R3,0.7071067811865475,0.7071067811865475,69.1884765625,55.17615509033203,0.740786204735438,1.1180340051651,1
0.27983055426542625,12.973025266638624,1,8,11.005256652832031,6.770408630371094,82.80646514892578,55.303306579589844,1,58,4.924428939819336,1,1.0,51,0.6800779470889594,5.001449512602144,3,29,0.5462641322499977,0,0,0,2.427025533382894,0.5066558917363485,39,post_opening,0.24022231375177705,12,-0.039608240513649196,R3,0.19509032931342324,0.9807852789517082,74.14229583740234,60.30232238769531,0.26643357798457146,4.0,1
0.24405124701893283,13.109183051006948,1,8,10.873336791992188,7.2459259033203125,84.08072662353516,56.36903762817383,1,59,5.7008771896362305,1,1.0,52,0.19387905226566537,7.967641944933497,3,29,0.5493558798515394,0,0,0,3.1924300589552352,0.5388329724470774,39,post_opening,0.23352833961447078,12,-0.010522907404462045,R3,-0.3826834370613369,0.9238795305660376,68.61518859863281,60.20966339111328,0.3053046328326066,2.2360680103302,1
0.22599229477240684,13.176386033809651,1,8,10.69024658203125,7.643501281738281,85.30297088623047,57.44208908081055,1,60,6.041522979736328,1,1.0,53,0.22605083881318006,7.832748674104782,3,29,0.5496721939483686,0,0,0,3.2116920182083084,0.5468845417102178,39,post_opening,0.22320464253425604,12,-0.002787652238150806,R3,-0.3826834370613369,0.9238795305660376,70.02052307128906,60.88513946533203,0.3236798991759618,3.041381359100342,1
0.18243790105338942,13.162604089467973,1,8,10.451431274414062,7.954891204833984,86.46446228027344,58.510009765625,1,61,6.5,1,1.0,54,0.2550378485075492,7.683068662017142,3,29,0.5499874657427872,0,0,0,3.2135951629161053,0.549862469236056,39,post_opening,0.18231290454665816,12,-0.0001249965067312564,R3,-0.3826834370613369,0.9238795305660376,71.42082977294922,61.64167022705078,0.3675495646893978,3.8078866004943848,1
0.11712443580230075,13.058719171319785,1,8,10.154106140136719,8.173931121826172,87.55816650390625,59.56167221069336,1,62,7.280109882354736,1,1.0,55,0.28123017307544607,7.515599806365741,3,29,0.550000011920929,0,0,0,3.1957620330273433,0.5499972701072693,39,post_opening,0.11712169398864108,12,-2.7418136596679688e-06,R3,-0.3826834370613369,0.9238795305660376,72.81185913085938,62.47429656982422,0.4328755761186282,4.7434163093566895,1
0.05945410571386189,12.198625649816362,1,10,12.198598861694336,0.01497650146484375,37.751190185546875,74.01520538330078,1,25,1.0,1,1.0,16,0.5565906439009212,5.697696210758877,4,26,0.49729127677172197,0,0,1,2.482940358428259,0.5013923620184263,36,before_event,0.06355519096056622,12,0.004101085246704328,R3,0.555570248949409,0.8314696016585884,32.21943283081055,83.97786712646484,0.4378371710578601,3.041381359100342,1
0.074897286216275,12.359318478266687,1,10,12.35923957824707,0.02648162841796875,39.03971862792969,74.02679443359375,1,26,1.0,1,1.0,17,0.5573505248777537,5.732122508337862,4,26,0.5105239420333069,0,0,1,2.523124098247715,0.5127493639787039,36,before_event,0.077122708161672,12,0.002225421945396988,R3,0.555570248949409,0.8314696016585884,33.347320556640625,83.97795104980469,0.43562665581703186,2.8284270763397217,1
0.07918022918809658,12.501738643523048,1,10,12.501497268676758,0.0469512939453125,40.33966064453125,74.04734802246094,1,27,1.0,1,1.0,18,0.558689020678144,5.758944156054893,4,26,0.521781758448573,0,0,1,2.55690606233316,0.5223661859830221,36,before_event,0.07976465672254568,12,0.0005844275344490946,R3,0.555570248949409,0.8314696016585884,34.5050048828125,83.97803497314453,0.4426015292604764,2.5,1
0.08096414907757732,12.628943299788363,0,10,12.628414154052734,0.07427215576171875,41.64946746826172,74.0748062133789,1,28,0.5,0,1.0,19,0.5604507218120156,5.779640680334751,4,26,0.5329257036644647,0,0,0,2.5852820526658498,0.5318081751465797,36,before_event,0.07984662055969238,12,-0.001117528517884936,R3,0.555570248949409,0.8314696016585884,35.687896728515625,83.9781723022461,0.45196155458688736,2.0615527629852295,1
0.07643509682768374,12.75158131624516,0,10,12.750734329223633,0.102996826171875,42.975547790527344,74.10384368896484,1,29,0.5,0,1.0,20,0.5622682816957402,5.799187335651485,4,26,0.5436505951161562,0,0,0,2.609712242381178,0.5393117801709608,36,before_event,0.07209628188248834,12,-0.004338814945195391,R3,0.555570248949409,0.8314696016585884,36.89165496826172,83.97848510742188,0.4672154982884725,2.0,1
0.06554065311399576,12.867610625927277,0,10,12.866310119628906,0.13720703125,44.311607360839844,74.13866424560547,1,30,0.5,0,1.0,21,0.7146067742582549,4.713909476041738,4,26,0.5516018958334871,0,0,0,2.2334502102137948,0.5461603939533234,36,before_event,0.06009915123383208,12,-0.005441501880163679,R3,0.7071067811865475,0.7071067811865475,39.930580139160156,82.48674011230469,0.4860612427194913,2.0,1
0.07394524543897169,12.973752954244508,0,10,12.972110748291016,0.16666412353515625,45.65078353881836,74.16893005371094,1,31,0.5,0,1.0,22,0.5662061413622343,5.8312007630886304,4,26,0.5531010665438161,0,0,0,2.651522663274696,0.5522489324212074,36,before_event,0.07309311131636304,12,-0.0008521341226086498,R3,0.555570248949409,0.8314696016585884,39.345516204833984,83.97990417480469,0.4791558211048444,2.0615527629852295,1
0.06253662581538205,13.070031526885145,0,10,13.068145751953125,0.19132232666015625,46.999847412109375,74.19458770751953,1,32,0.5,0,1.0,23,0.5676824259452715,5.846978939252451,4,26,0.5541059710114702,0,0,0,2.6672713655392895,0.5541007348469326,36,before_event,0.06253138965084443,12,-5.236164537625321e-06,R3,0.555570248949409,0.8314696016585884,40.59854507446289,83.98090362548828,0.49156934519608814,2.0,1
0.05062457425821032,13.15670396337467,0,10,13.154651641845703,0.2116851806640625,48.3545036315918,74.21585083007812,1,33,0.5,0,1.0,24,0.5688766394520314,5.862284001242346,4,26,0.5550664613984844,0,0,1,2.680035188378392,0.5564886629581451,36,before_event,0.052046775817871094,12,0.001422201559660774,R3,0.555570248949409,0.8314696016585884,41.866695404052734,83.98180389404297,0.504441887140274,1.5811388492584229,1
0.141259543762853,12.486476951116254,1,9,12.485816955566406,-0.1270599365234375,69.00187683105469,74.12122344970703,1,48,1.5,1,1.0,40,0.7142655582557649,4.633145902598476,4,26,0.8555316790106399,0,0,1,2.183605428333745,0.8690776427586874,36,post_opening,0.1548055075109005,12,0.013545963748047507,R3,0.7071067811865475,-0.7071067811865475,65.0013427734375,65.76300048828125,0.7142721352477869,1.0,1
0.1260683755934663,12.500432726853374,1,9,12.499717712402344,-0.133026123046875,70.39669799804688,74.10529327392578,1,49,2.0,1,1.0,41,0.7145915791375956,4.63346199168061,4,26,0.8082726655761825,0,0,1,2.1845983406497043,0.8337064484755198,36,post_opening,0.15150215849280357,12,0.025433782899337287,R3,0.7071067811865475,-0.7071067811865475,66.38226318359375,65.75303649902344,0.6822042899827162,1.8027756214141846,1
0.13431819862084826,12.507673506108812,1,9,12.506919860839844,-0.13700103759765625,71.78762817382812,74.0896987915039,1,50,2.8284270763397217,1,1.0,42,0.9280157773174849,2.3380677787412636,4,26,0.7637158976093654,0,0,1,1.1646871785678274,0.7999052107334137,36,post_opening,0.17050751174489653,12,0.03618931312404827,R3,0.9238795305660376,-0.3826834370613369,70.36726379394531,69.6344985961914,0.6293976989885172,2.5,1
0.12976832906293911,12.496408828562446,1,9,12.49563217163086,-0.1392059326171875,73.15962219238281,74.0745849609375,1,51,3.2015621662139893,1,1.0,43,0.9280851751215387,2.3353091345177477,4,26,0.7196177030095263,0,0,1,1.1645055627015388,0.7331149925788244,36,post_opening,0.1432656186322372,12,0.013497289569298077,R3,0.9238795305660376,-0.3826834370613369,71.75054168701172,69.62158966064453,0.5898493739465872,3.2015621662139893,1
0.17372569756842327,12.447058189983816,1,9,12.446273803710938,-0.13968658447265625,74.49942779541016,74.06007385253906,1,52,3.535533905029297,1,1.0,44,0.9281159992793109,2.3277521674237147,4,26,0.6756453955385752,0,0,1,1.1628106096399211,0.6997814923524857,36,post_opening,0.19786179438233376,12,0.02413609681391049,R3,0.9238795305660376,-0.3826834370613369,73.13970947265625,69.60755920410156,0.5019196979701519,3.535533905029297,1
0.14621136734177853,12.352725897984442,1,9,12.351947784423828,-0.1385955810546875,75.79476165771484,74.04627227783203,1,53,4.242640495300293,1,1.0,45,0.8376506737067871,3.473302962279385,4,26,0.6316030176906803,0,0,1,1.7015378073146574,0.6664481610059738,36,post_opening,0.18105651065707207,12,0.034845143315293536,R3,0.8314696016585884,-0.555570248949409,73.42044830322266,67.51802825927734,0.48539165034890175,3.9051249027252197,1
0.14436861729548917,12.206707270083736,1,9,12.205947875976562,-0.136077880859375,77.0351791381836,74.03327178955078,1,54,4.609772205352783,1,1.0,46,0.7149455251752238,4.57035480833046,4,26,0.5871858979853645,0,0,1,2.1685690512240408,0.599811777472496,36,post_opening,0.15699449678262073,12,0.012625879487131564,R3,0.7071067811865475,-0.7071067811865475,73.31451416015625,65.68406677246094,0.4428172806898753,4.3011627197265625,1
0.136386808277916,10.816532855979037,1,8,10.815864562988281,-0.1201629638671875,77.0351791381836,74.03327178955078,0,54,5.408327102661133,1,1.0,47,0.5647729232160239,5.347528098513594,4,26,0.5420227810956548,0,0,1,2.2705868993578906,0.5674295574426651,36,post_opening,0.16179358462492627,12,0.025406776347010274,R3,0.555570248949409,-0.8314696016585884,72.88615417480469,64.17579650878906,0.40563597281773883,4.4721360206604,1
0.1496457705801607,9.427820990568737,1,7,9.42724609375,-0.10405731201171875,77.0351791381836,74.03327178955078,0,54,5.830951690673828,1,1.0,48,0.564713554651207,5.126096088785193,4,26,0.5372241983717562,0,0,1,1.9815871495463884,0.542332798242569,36,post_opening,0.1547543704509735,12,0.005108599870812802,R3,0.555570248949409,-0.8314696016585884,74.27477264404297,64.1596908569336,0.38757842779159546,5.147815227508545,1
0.10858392102868014,8.033784164555435,1,6,8.033302307128906,-0.08795166015625,77.0351791381836,74.03327178955078,0,54,6.264982223510742,1,1.0,49,0.5646396557052282,4.991821337701802,4,26,0.5454971679384575,0,0,1,1.6896339960602804,0.5473705182472864,36,post_opening,0.1104572713375091,12,0.0018733503088289583,R3,0.555570248949409,-0.8314696016585884,75.66871643066406,64.14358520507812,0.43691324690977734,5.852349758148193,1
0.0657061296698555,12.488266422560972,0,11,10.294746398925781,-7.058479309082031,26.61356544494629,65.563720703125,1,16,0.0,0,1.0,6,0.8247578230160193,3.630771956509929,5,31,0.45946264843117246,1,0,0,1.5580641428629558,0.45865046232938766,41,before_event,0.06489394356807071,12,-0.0008121861017847953,R1,1.0,0.0,28.318819046020508,72.62220001220703,0.39375651876131695,1.8027756214141846,1
0.05787226241482202,13.182066622547108,0,11,10.783260345458984,-7.56842041015625,27.78094482421875,64.63804626464844,1,17,0.0,0,1.0,7,0.6907086244634963,4.979228347163473,5,31,0.453360777911076,1,0,1,2.1380533745466024,0.45767350281987873,41,before_event,0.06218498732362476,12,0.004312724908802745,R1,0.9807852789517082,0.19509032931342324,28.767107009887695,74.54755401611328,0.39548851549625397,2.1213202476501465,1
0.0614954090975563,12.31717333938884,0,10,10.047941207885742,-7.113067626953125,27.78094482421875,64.63804626464844,1,17,0.0,0,1.0,8,0.5329475875425139,5.8756283648627115,5,31,0.4563371868792018,1,0,1,2.3883084737910125,0.4684749096632004,41,before_event,0.0736331318815549,12,0.012137722783998606,R1,0.9238795305660376,0.3826834370613369,28.819557189941406,76.34331512451172,0.3948417777816455,2.5495097637176514,1
0.05991240964298056,12.88682290131569,0,10,10.417037963867188,-7.572269439697266,28.950258255004883,63.6707878112793,1,18,0.0,0,1.0,9,0.5222924183827604,6.091440673116935,5,31,0.4576323169068953,1,0,1,2.5349523213265504,0.48205283284187317,41,before_event,0.0843329255779584,12,0.02442051593497785,R1,0.9238795305660376,0.3826834370613369,29.619773864746094,75.83525848388672,0.39771990726391476,2.2360680103302,1
0.05742948552894517,13.392060842249805,0,10,10.714561462402344,-8.015045166015625,30.109142303466797,62.666831970214844,1,19,0.0,0,1.0,10,0.5105671434594445,6.306366622192739,5,31,0.4674933607471776,1,0,1,2.6724209124531355,0.5024197176098824,41,before_event,0.0923558423916499,12,0.03492635686270473,R1,0.9238795305660376,0.3826834370613369,30.48113441467285,75.27407836914062,0.41006387521823245,2.0,1
0.0289711514985746,12.302541829573915,0,9,9.807126998901367,-7.412040710449219,30.109142303466797,62.666831970214844,1,19,0.0,0,1.0,11,0.506315282059144,6.036115410484938,5,31,0.4713475664333687,1,0,1,2.4874811973292568,0.528568704922994,41,before_event,0.08619228998819989,12,0.05722113848962529,R1,0.9238795305660376,0.3826834370613369,31.388568878173828,74.67107391357422,0.4423764149347941,1.5,1
0.003928881080594582,12.692834867242388,0,9,9.993816375732422,-7.8038787841796875,31.24605941772461,61.62957763671875,1,20,0.0,0,1.0,12,0.49264781298749716,6.222075187230166,5,31,0.47805162152484365,1,0,1,2.6072313112779746,0.5499410033226013,41,before_event,0.06796050071716309,12,0.07188938179775767,R1,0.9238795305660376,0.3826834370613369,32.33879852294922,74.0256576538086,0.48198050260543823,1.1180340051651,1
0.06669635661871404,12.225493675090265,1,8,8.735916137695312,-8.530006408691406,36.51686096191406,56.10803985595703,1,25,1.4142135381698608,1,1.0,18,0.5456154980561232,5.770479848650946,5,31,0.5150945766611017,0,0,0,2.602640096803948,0.5076690490047137,41,before_event,0.059270828962325994,12,-0.007425527656388042,R1,-0.19509032931342324,-0.9807852789517082,25.439861297607422,52.868621826171875,0.44839822004238766,1.0,1
0.06007918453510325,12.199439869265829,1,8,8.569009780883789,-8.667133331298828,37.51926803588867,55.00365447998047,1,26,1.0,1,1.0,19,0.5602946166983155,5.671294438294831,5,31,0.5285906219114435,0,0,0,2.569909384989181,0.5273615072170893,41,before_event,0.058850069840749086,12,-0.0012291146943541609,R1,-0.19509032931342324,-0.9807852789517082,26.609174728393555,51.9013671875,0.4685114373763402,1.5811388492584229,1
0.06789227456344327,12.12907772580294,0,8,8.399059295654297,-8.741199493408203,38.508201599121094,53.92563247680664,1,27,0.5,0,1.0,20,0.40104528506206805,6.600635288162949,5,31,0.5352371993709918,0,0,0,2.8148715343126014,0.5253326346476873,41,before_event,0.05798770984013879,12,-0.009904564723304476,R1,-0.3826834370613369,-0.9238795305660376,25.51694107055664,51.58027648925781,0.4673449248075485,1.5811388492584229,1
0.0826563997211725,12.027032745334667,0,8,8.240253448486328,-8.756607055664062,39.48631286621094,52.87297058105469,1,28,0.5,0,1.0,21,0.4105608785419254,6.52113013239691,5,31,0.5364372619134854,0,0,0,2.7807323091288993,0.5222654367486635,41,before_event,0.06848457455635065,12,-0.01417182516482185,R1,-0.3826834370613369,-0.9238795305660376,26.653858184814453,50.54302215576172,0.4537808621923129,1.1180340051651,1
0.11248781410759467,12.930749724194136,0,9,8.96099853515625,-9.308784484863281,43.43193054199219,49.044185638427734,1,32,0.0,0,1.0,24,0.5712946880070473,5.7834200335758945,5,31,0.5919278251916744,1,0,0,2.6785149710065577,0.5341587747846331,41,before_event,0.0547187637005534,12,-0.05776905040704128,R1,-0.19509032931342324,-0.9807852789517082,32.12984848022461,46.58354949951172,0.47944001108407974,1.0,1
0.10606412775500179,12.739030302885043,0,9,8.977191925048828,-9.01065444946289,44.478355407714844,48.21770477294922,1,33,0.0,0,1.0,25,0.7084209756659682,4.730913275459557,5,31,0.5915119542398409,1,0,0,2.2354343414306643,0.5400399565696716,41,before_event,0.05459213008483249,12,-0.0514719976701693,R1,-1.8369701465288538e-16,-1.0,35.501163482666016,45.22835922241211,0.48544782648483914,1.1180340051651,1
0.10261685254620029,12.542955098486587,0,9,9.029354095458984,-8.659664154052734,45.54621505737305,47.4483757019043,1,34,0.0,0,1.0,26,0.6921775208811146,4.813706444749777,5,31,0.5822869474932205,1,0,0,2.2298381805419925,0.5458905100822449,41,before_event,0.06622041513522464,12,-0.036396437410975646,R1,-1.8369701465288538e-16,-1.0,36.51686096191406,44.10803985595703,0.47967009494702023,1.0,1
0.3851875181969774,13.16257135716227,0,10,12.261554718017578,-4.703296661376953,58.911373138427734,42.041748046875,1,45,0.0,0,1.0,36,0.8164990412811355,3.84445813700297,5,31,0.5819018598374498,1,1,0,1.7943844884911306,0.5097119733691216,41,pre_opening,0.31299763172864914,12,-0.07218988646832825,R1,0.555570248949409,-0.8314696016585884,53.3166618347168,36.76741027832031,0.1967143416404724,1.1180340051651,1
0.33704510321551717,13.457271652363968,0,10,12.672740936279297,-4.507347106933594,61.621768951416016,41.024383544921875,1,47,0.0,0,1.0,38,0.9894523941746329,1.173528716588695,5,31,0.6463188081019536,1,1,0,0.49589102731093715,0.45501983414093655,41,pre_opening,0.1457461292545001,12,-0.19129897396101708,R1,0.9807852789517082,-0.19509032931342324,60.71845245361328,43.19064712524414,0.30927370488643646,1.5,1
0.12817636998688192,13.560061885668135,1,9,12.412826538085938,-5.3797149658203125,68.75578308105469,37.5003776550293,1,52,1.1180340051651,1,1.0,44,0.9838284785315266,1.3772111010564965,5,31,0.5881626829226316,0,0,1,0.6999074990466572,0.6213238388299942,41,post_opening,0.1613375258942445,12,0.03316115590736257,R1,0.8314696016585884,-0.555570248949409,66.32059478759766,36.21324920654297,0.4599863129357497,1.0,1
0.14217063277770087,12.219398602964185,1,8,11.13690185546875,-4.9681396484375,68.75578308105469,37.5003776550293,1,52,1.4142135381698608,1,1.0,45,0.9338398250928979,2.2023483432352324,5,31,0.5500460452319086,0,0,0,1.147219683377555,0.5188023162384828,41,post_opening,0.11092690378427511,12,-0.031243728993425757,R1,0.7071067811865475,-0.7071067811865475,66.10416412353516,33.983238220214844,0.4078754124542077,1.1180340051651,1
0.11090428594141039,12.99248103721095,1,8,11.43288803100586,-6.134273529052734,73.05465698242188,34.89011001586914,1,55,2.5495097637176514,1,1.0,48,0.47279096193399456,6.424906142534078,5,31,0.49462249466169705,0,0,0,2.8505543602837458,0.45227441812554997,41,post_opening,0.0685562094052633,12,-0.04234807653614708,R1,-1.8369701465288538e-16,-1.0,61.621768951416016,29.024383544921875,0.38371820872028667,1.5,1
0.1358453481714636,13.148313580970106,1,8,11.454105377197266,-6.4293975830078125,74.47490692138672,33.999996185302734,1,56,3.041381359100342,1,1.0,49,0.30995119238993335,7.396335297603621,5,31,0.5224854883373489,0,0,0,3.1076203434949474,0.5026967277129492,41,post_opening,0.11605658754706388,12,-0.019788760624399715,R1,-0.19509032931342324,-0.9807852789517082,60.679718017578125,28.659971237182617,0.38664014016588527,1.0,1
0.01331289411904013,12.980888376306218,0,17,12.698047637939453,2.5656204223632812,22.698047637939453,52.56562042236328,1,16,0.5,0,1.0,0,0.9801926514560265,1.3294433662702965,6,30,0.445850111034298,0,0,1,0.4049513075086806,0.5276415475777217,40,before_event,0.06847854242438361,12,0.08179143654342375,R1,1.0,0.0,22.0,50.0,0.45916300515333813,1.0,1
0.014359242000693107,12.851522954178211,0,16,12.569129943847656,2.5548667907714844,22.698047637939453,52.56562042236328,1,16,0.5,0,1.0,1,0.9799605078887121,1.308744934237667,6,30,0.444803763152645,0,0,1,0.42339515686035156,0.5392172187566757,40,before_event,0.08005421360333759,12,0.0944134556040307,R1,1.0,0.0,22.128917694091797,50.0107536315918,0.45916300515333813,1.0,1
0.016404457380964743,12.605965645739055,0,15,12.324421882629395,2.5344619750976562,22.698047637939453,52.56562042236328,1,16,0.5,0,1.0,2,0.9795028388333329,1.2775705892787284,6,30,0.4427585477723734,0,0,1,0.4396549463272095,0.5392172187566757,40,before_event,0.08005421360333759,12,0.09645867098430233,R1,1.0,0.0,22.373626708984375,50.031158447265625,0.45916300515333813,1.0,1
0.002640233744832632,12.2574432076137,0,14,11.977104187011719,2.5055084228515625,22.698047637939453,52.56562042236328,1,16,0.5,0,1.0,3,0.9788123709023546,1.252806516908389,6,30,0.4397145324047931,0,0,1,0.4544884999593099,0.5467013418674469,40,before_event,0.10962704320748645,12,0.10698680946265382,R1,1.0,0.0,22.720943450927734,50.06011199951172,0.43707429865996045,1.0,1
0.00391115634667627,13.060475631409776,0,14,12.705845832824707,2.8902206420898438,23.874521255493164,52.99750900268555,1,17,0.5,0,1.0,4,0.9750909046078751,1.4875815142348694,6,30,0.4331631423132842,0,0,1,0.5288135528564453,0.5467013418674469,40,before_event,0.10962704320748645,12,0.11353819955416272,R1,1.0,0.0,23.16867446899414,50.1072883605957,0.43707429865996045,1.0,1
0.014250141186755827,12.522549411921833,0,13,12.171648979187012,2.8269882202148438,23.874521255493164,52.99750900268555,1,17,0.5,0,1.0,5,0.9740720417898814,1.4160972284677258,6,30,0.42815030793671005,0,0,1,0.5349697385515485,0.5456489721934,40,before_event,0.1317488054434458,12,0.11749866425668998,R1,1.0,0.0,23.70287322998047,50.1705207824707,0.4139001667499542,1.0,1
0.008303314229681058,13.194903737507087,0,13,12.754201889038086,3.228717803955078,25.07488250732422,53.487152099609375,1,18,0.5,0,1.0,6,0.9694198838368634,1.6578177785122465,6,30,0.4222034809796353,0,0,1,0.6094641004289899,0.5456489721934,40,before_event,0.1317488054434458,12,0.12344549121376475,R1,1.0,0.0,24.320680618286133,50.2584342956543,0.4139001667499542,1.0,1
0.025101135518351803,12.499118109961913,0,12,12.06706428527832,3.1193580627441406,25.07488250732422,53.487152099609375,1,18,0.5,0,1.0,7,0.9681748037732613,1.5600394499792922,6,30,0.41510121558725793,0,0,1,0.6016660837026743,0.5435790419578552,40,before_event,0.1535789618889491,12,0.1284778263705973,R1,1.0,0.0,25.0078182220459,50.367794036865234,0.39000008006890613,1.0,1
0.047550752616262904,13.07227238537844,0,12,12.533683776855469,3.5393829345703125,26.294939041137695,54.034767150878906,1,19,0.5,0,1.0,8,0.9623645443392272,1.789696198465418,6,30,0.4141096843842034,0,0,1,0.6789084214430589,0.5375070571899414,40,before_event,0.17094812542200089,12,0.12339737280573798,R1,1.0,0.0,25.761255264282227,50.495384216308594,0.3665589317679405,1.0,1
0.02198914915711364,12.243839942136056,0,11,11.717607498168945,3.3968353271484375,26.294939041137695,54.034767150878906,1,19,0.5,0,1.0,9,0.6439042839423452,5.106494298670224,6,30,0.4057604746978414,0,0,1,2.0902512935868756,0.4969266951084137,40,before_event,0.06917707125345868,12,0.09116622041057232,R1,0.8314696016585884,-0.555570248949409,24.55496597290039,43.97108840942383,0.427749623854955,1.0,1
0.0047016377249066155,12.730538207991366,0,11,12.077659606933594,3.847034454345703,27.53043556213379,54.639957427978516,1,20,0.5,0,1.0,10,0.62363445556115,5.360777125800488,6,30,0.4064763799311018,0,0,1,2.2211273878789703,0.4969266951084137,40,before_event,0.08574867745240528,12,0.09045031517731189,R1,0.8314696016585884,-0.555570248949409,25.43041229248047,44.12607955932617,0.4111780176560084,1.0,1
0.10550557783962478,12.901724536975284,1,9,11.373819351196289,6.055950164794922,35.24834060668945,59.05345916748047,1,26,1.1180340051651,1,1.0,18,0.6356348666049947,5.326012810147517,6,30,0.5044602971446632,0,0,0,2.3700642690813907,0.48582163204749423,40,before_event,0.08686691274245578,12,-0.018638665097168994,R1,0.9238795305660376,-0.3826834370613369,34.96107482910156,48.40530776977539,0.39895471930503845,1.0,1
0.08180061438628178,13.119300168739713,0,9,11.471912384033203,6.344829559326172,36.54679489135742,59.83198165893555,1,27,0.5,0,1.0,19,0.6454029116161241,5.3103263841884685,6,30,0.5174757610653653,0,0,0,2.4897847125150823,0.4926187073191007,40,before_event,0.056943560640017155,12,-0.024857053746264623,R1,0.19509032931342324,0.9807852789517082,27.415966033935547,65.25657653808594,0.4356751466790835,1.0,1
0.013912926343184528,12.974641558105954,1,9,12.283557891845703,4.025535583496094,68.5182113647461,76.09257507324219,1,51,1.4142135381698608,1,1.0,43,0.9631384795990252,1.7531236349543267,6,30,0.5045620722302776,0,0,1,0.7383051762084311,0.7766830325126648,40,post_opening,0.25820803393920266,12,0.2721209602823872,R1,0.8314696016585884,0.555570248949409,66.21228790283203,78.73387908935547,0.5184749985734621,1.0,1
0.1210795963881976,12.899521752452626,1,9,12.336898803710938,3.5950851440429688,69.90778350830078,76.29792785644531,1,52,1.8027756214141846,1,1.0,44,0.8870381829869288,2.981617469220486,6,30,0.5164265632707443,0,0,0,1.6250985865623835,0.45366905629634857,40,post_opening,0.05832208941380185,12,-0.06275750697439575,R1,0.9807852789517082,-0.19509032931342324,69.3403091430664,70.36175537109375,0.3953469668825467,1.8027756214141846,1
0.1482452558990639,12.82312883467622,1,9,12.376705169677734,3.160552978515625,71.2988052368164,76.45916748046875,1,53,2.5,1,1.0,45,0.800469076393991,3.9296849086524053,6,30,0.5326479556676071,0,0,0,2.0438297864306474,0.48635341972112656,40,post_opening,0.10195071995258331,12,-0.046294535946480586,R1,0.9238795305660376,-0.3826834370613369,70.00865173339844,68.70641326904297,0.38440269976854324,2.1213202476501465,1
0.14135293763522183,12.752432320291003,1,9,12.407398223876953,2.73187255859375,72.68690490722656,76.5787124633789,1,54,3.2015621662139893,1,1.0,46,0.6925548910490045,4.853852653488844,6,30,0.5421610261166481,0,0,0,2.4036149313575286,0.5341765383879343,40,post_opening,0.1333684499065081,12,-0.00798448772871374,R1,0.8314696016585884,-0.555570248949409,70.25714111328125,67.18000030517578,0.40080808848142624,2.5,1
0.1101170678631902,12.699661151108042,1,9,12.441055297851562,2.3133468627929688,74.07901000976562,76.65919494628906,1,55,3.9051249027252197,1,1.0,47,0.5659237240390269,5.7501856489468235,6,30,0.5498265449897886,0,0,0,2.6997151001011224,0.5468924939632416,40,post_opening,0.10718301683664322,12,-0.00293405102654698,R1,0.7071067811865475,-0.7071067811865475,70.12323760986328,65.86056518554688,0.43970947712659836,3.2015621662139893,1
0.08510585238866186,12.653767412527618,1,9,12.46630859375,1.9086837768554688,75.47037506103516,76.70338439941406,1,56,4.242640495300293,1,1.0,48,0.42333300601939416,6.612837738301592,6,30,0.5499829437368331,0,0,0,2.924555357832626,0.5499815493822098,40,post_opening,0.08510445803403854,12,-1.3943546233186055e-06,R1,0.555570248949409,-0.8314696016585884,69.67090606689453,64.81706237792969,0.46487709134817123,3.3541018962860107,1
0.08114652322156563,12.484331434768343,0,16,11.457746505737305,4.928092956542969,29.457746505737305,71.92809295654297,1,15,0.0,0,1.0,0,0.5667374603463027,5.699064842600535,7,24,0.5059540444257193,1,0,1,1.9693870122985155,0.5593515038490295,34,before_event,0.13454398264487583,12,0.0533974594233102,R1,0.19509032931342324,0.9807852789517082,20.341083526611328,78.76942443847656,0.4248075212041537,1.0,1
0.08001590845647094,12.350395619757457,0,15,11.33503532409668,4.874420166015625,29.457746505737305,71.92809295654297,1,15,0.0,0,1.0,1,0.5666826534442466,5.666397728114939,7,24,0.5054831189678375,1,0,1,2.0375325614988005,0.5593515038490295,34,before_event,0.133884293337663,12,0.053868384881192055,R1,0.19509032931342324,0.9807852789517082,20.463794708251953,78.8230972290039,0.42546721051136654,1.0,1
0.09143575174980928,12.36345206580702,0,10,11.887632369995117,3.348907470703125,39.1408576965332,74.5035629272461,1,23,0.5,0,1.0,14,0.6188643315648588,5.3172951819166245,7,24,0.5364932084418691,0,0,0,2.338689855684669,0.5136583149433136,34,before_event,0.06860085825125378,12,-0.022834893498555497,R1,0.3826834370613369,0.9238795305660376,31.845426559448242,82.2412109375,0.4450574566920598,1.0,1
0.09500294339821308,12.508386916928902,0,10,12.081056594848633,3.1840667724609375,40.41519546508789,74.7288589477539,1,24,0.5,0,1.0,15,0.605502840499946,5.443627260101087,7,24,0.545019126555975,0,0,0,2.4045808061597627,0.5224136412143707,34,before_event,0.07239745805660885,12,-0.022605485341604226,R1,0.3826834370613369,0.9238795305660376,32.92633819580078,82.63134765625,0.4500161831577619,1.1180340051651,1
0.08081250723045524,12.613945624676136,0,10,12.234663009643555,3.0005569458007812,41.69240951538086,74.92864990234375,1,25,0.5,0,1.0,16,0.5917295532463552,5.563060424930365,7,24,0.5376099182748939,0,0,1,2.4609962120048885,0.5385843515396118,34,before_event,0.08178694049517315,12,0.000974433264717911,R1,0.3826834370613369,0.9238795305660376,34.049949645996094,83.0146484375,0.45679741104443866,1.1180340051651,1
0.037041903840063284,12.701878417307087,1,10,12.369970321655273,2.802093505859375,42.982120513916016,75.10530090332031,1,26,1.0,1,1.0,17,0.7255360769712541,4.582960849033988,7,24,0.5106194504167222,0,0,1,2.096082040834375,0.5727984309196472,34,before_event,0.09922088434298831,12,0.06217898050292503,R1,0.555570248949409,0.8314696016585884,37.27899169921875,82.28084564208984,0.4735775465766589,1.0,1
0.008116769979254812,12.783447394084831,1,10,12.49856185913086,2.585693359375,44.28293991088867,75.25374603271484,1,27,1.0,1,1.0,18,0.7124967279153818,4.707700850902019,7,24,0.4776929237545963,0,0,1,2.152259015403978,0.557362750172615,34,before_event,0.07155305643876392,12,0.07966982641801873,R1,0.555570248949409,0.8314696016585884,38.45122146606445,82.64569091796875,0.48580969373385113,1.0,1
0.020524103678158212,12.868290965434417,1,10,12.628528594970703,2.3597640991210938,45.59457778930664,75.3790512084961,1,28,1.0,1,1.0,19,0.999932486877368,0.4296535735298543,7,24,0.44100317186425997,0,0,1,0.07421730314901122,0.5607543587684631,34,before_event,0.09922708322604495,12,0.11975118690420317,R1,0.9807852789517082,0.19509032931342324,44.7354736328125,75.3603744506836,0.4615272755424182,1.0,1
0.03041466983917579,12.945626577646305,1,10,12.747650146484375,2.1244888305664062,46.9195442199707,75.47807312011719,1,29,1.0,1,1.0,20,0.9995130076730177,0.5009610548604398,7,24,0.40341849960125264,0,0,1,0.06735319602757049,0.5640466511249542,34,before_event,0.1302134816845258,12,0.16062815152370158,R1,0.9807852789517082,0.19509032931342324,45.941314697265625,75.69467163085938,0.43383316944042843,1.0,1
0.0447455014205414,13.014790739290788,1,10,12.856201171875,1.877166748046875,48.252628326416016,75.55198669433594,1,30,1.0,1,1.0,21,0.998681284625814,0.5908287138781217,7,24,0.3679516834103626,0,0,1,0.0907480017270425,0.5437589238087336,34,before_event,0.13106173897782958,12,0.17580724039837098,R1,0.9807852789517082,0.19509032931342324,47.16584777832031,76.01590728759766,0.412697184830904,1.0,1
0.0387385347358809,13.084708186490644,0,10,12.960758209228516,1.6290664672851562,49.58964920043945,75.60216522216797,1,31,0.7071067690849304,0,1.0,22,0.9974583024677689,0.6939470221816589,7,24,0.3314592258262211,0,0,1,0.13765982776988597,0.5410473570227623,34,before_event,0.17084959646066028,12,0.20958813119654118,R1,0.9807852789517082,0.19509032931342324,48.3983154296875,76.3141860961914,0.370197760562102,1.0,1
0.01558175258312261,13.21835211286912,0,10,13.14962387084961,1.1329421997070312,52.29048156738281,75.63650512695312,1,33,0.5,0,1.0,24,0.9963089565296878,0.8070305248725488,7,24,0.25866532874630255,0,0,1,0.3753689852627841,0.5244241803884506,34,pre_opening,0.25017709905902547,12,0.2657588516421481,R1,1.0,0.0,51.1408576965332,74.5035629272461,0.27424708132942516,1.0,1
0.08316537348034247,12.4739108788599,1,9,12.447284698486328,-0.8092727661132812,70.18376159667969,74.68158721923828,1,46,1.0,1,1.0,38,0.7936729505958541,3.936731783913004,7,24,0.8973830949028558,0,0,1,1.8848504672337394,0.9151379019021988,34,post_opening,0.10092018047968543,12,0.017754806999342954,R1,0.8314696016585884,0.555570248949409,67.714111328125,82.15769958496094,0.8142177214225134,1.0,1
0.08779937140554361,12.493632820375119,1,9,12.465301513671875,-0.8384475708007812,71.57118225097656,74.58473205566406,1,47,1.5,1,1.0,39,0.6580580698931343,5.068838575931275,7,24,0.8529440473756211,0,0,1,2.344975393733443,0.8823014199733734,34,post_opening,0.1171567440032959,12,0.029357372597752285,R1,0.7071067811865475,0.7071067811865475,67.5911636352539,83.90846252441406,0.7651446759700775,1.5,1
0.07019340813577901,12.4818366098783,1,9,12.45242691040039,-0.8554153442382812,72.9422607421875,74.49057006835938,1,48,2.5,1,1.0,40,0.6569839995991271,5.0741232132766845,7,24,0.8088104707044436,0,0,1,2.3505444422733204,0.8488694975773493,34,post_opening,0.11025243500868476,12,0.040059026872905745,R1,0.7071067811865475,0.7071067811865475,68.97511291503906,83.83126831054688,0.7386170625686646,2.0,1
0.04690301865944779,12.443692364913385,1,9,12.413810729980469,-0.86151123046875,74.28359985351562,74.39987182617188,1,49,3.0,1,1.0,41,0.6564550461432058,5.069415434891699,7,24,0.7651621446074001,0,0,1,2.353878561447842,0.7771074424187342,34,post_opening,0.058848316470781925,12,0.011945297811334132,R1,0.7071067811865475,0.7071067811865475,70.35507202148438,83.74666595458984,0.7182591259479523,3.0,1
0.3662008662845588,12.290596455666217,0,9,12.269039154052734,-0.6739845275878906,59.77114486694336,50.32855224609375,1,38,0.0,0,1.0,30,0.860691483683585,3.2079936582640074,8,24,0.7609102397984163,1,1,0,1.527317850632864,0.5316502004861832,34,pre_opening,0.13694082697232562,12,-0.22926003931223315,R2,0.8314696016585884,-0.555570248949409,57.479740142822266,44.335693359375,0.39470937351385754,1.1180340051651,1
0.4572634944020128,12.334789352096553,0,9,12.318634033203125,-0.5751152038574219,61.162254333496094,50.30463409423828,1,39,0.0,0,1.0,31,0.739313916126952,4.3950333765806135,8,24,0.8101326201059834,1,1,0,2.042606484670951,0.5342674454053243,34,pre_opening,0.18139831970135373,12,-0.2758651747006591,R2,0.7071067811865475,-0.7071067811865475,57.32890319824219,42.39447021484375,0.3528691257039706,1.1180340051651,1
0.5151655425001742,12.371272208206905,0,9,12.35953140258789,-0.47924041748046875,62.552093505859375,50.29038619995117,1,40,0.0,0,1.0,32,0.7339732665743012,4.4470913570475465,8,24,0.8576746172576707,1,1,0,2.068448369649442,0.5346779723962148,34,pre_opening,0.1921688976387183,12,-0.32299664486145585,R2,0.7071067811865475,-0.7071067811865475,58.67784118652344,42.28434753417969,0.34250907475749653,1.4142135381698608,1
0.5918586749570514,12.410712992443635,0,9,12.402515411376953,-0.3864593505859375,63.94722366333008,50.28507614135742,1,41,0.0,0,1.0,33,0.7287863411981378,4.498210522709997,8,24,0.9042459091779534,1,1,0,2.094242240938109,0.5258911003669103,34,pre_opening,0.2135038661460082,12,-0.3783548088110431,R2,0.7071067811865475,-0.7071067811865475,60.029991149902344,42.186256408691406,0.31238723422090214,1.8027756214141846,1
0.2055187074531587,12.540471373062175,1,9,12.53970718383789,0.037464141845703125,72.31085205078125,50.36601638793945,1,47,1.5,1,1.0,39,0.7049910536909284,4.718993651382517,8,24,0.7523649457285277,0,0,1,2.212135540462697,0.8420076618591944,34,post_opening,0.29516142358382536,12,0.08964271613066666,R2,0.7071067811865475,-0.7071067811865475,68.25642395019531,41.84326934814453,0.546846238275369,1.0,1
0.1691248177950717,12.513200666834988,1,9,12.512626647949219,0.06787109375,73.67488098144531,50.37250518798828,1,48,2.5,1,1.0,40,0.7032609410823845,4.726942481308196,8,24,0.7061176793739335,0,0,1,2.221885691244771,0.8082088430722555,34,post_opening,0.27121598149339365,12,0.10209116369832194,R2,0.7071067811865475,-0.7071067811865475,69.64753723144531,41.81935119628906,0.5369928615788618,2.0,1
0.14225573426602112,12.450354296028252,1,9,12.449851989746094,0.08398818969726562,75.00194549560547,50.37437438964844,1,49,3.0,1,1.0,41,0.7023205731496781,4.720967847774163,8,24,0.6621092914155903,0,0,1,2.2273133961134826,0.7413939833641052,34,post_opening,0.22154042621453607,12,0.07928469194851495,R2,0.7071067811865475,-0.7071067811865475,71.0373764038086,41.80510711669922,0.5198535571495692,2.5,1
0.129757235241042,12.333940848704733,1,9,12.333446502685547,0.08695602416992188,76.28067016601562,50.372032165527344,1,50,3.5,1,1.0,42,0.7021039287001035,4.698180691100182,8,24,0.6179205052972897,0,0,1,2.224202891258421,0.7076215247313181,34,post_opening,0.2194582546750704,12,0.08970101943402842,R2,0.7071067811865475,-0.7071067811865475,72.43250274658203,41.79979705810547,0.4881632700562477,3.5,1
0.10807054596288562,10.938166913274179,1,8,10.937675476074219,0.0841064453125,76.28067016601562,50.372032165527344,0,50,4.5,1,1.0,43,0.8271730287540007,3.4094352718908185,8,24,0.5755495986058669,0,0,1,1.560662517425377,0.6703385760386785,34,post_opening,0.2028595233956973,12,0.09478897743281167,R2,0.8314696016585884,-0.555570248949409,75.32063293457031,43.6210823059082,0.46747905264298123,4.0,1
0.08524476020523025,9.546138625543634,1,7,9.545684814453125,0.07387161254882812,76.28067016601562,50.372032165527344,0,50,5.0,1,1.0,44,0.7016136538565371,4.312293846027662,8,24,0.5217562345563185,0,0,1,1.7281940967877318,0.5716793537139893,34,post_opening,0.13516787936290103,12,0.04992311915767078,R2,0.7071067811865475,-0.7071067811865475,75.22026824951172,41.81288146972656,0.4365114743510882,4.5,1
0.05385693885886156,8.151055715341922,1,6,8.150703430175781,0.057041168212890625,76.28067016601562,50.372032165527344,0,50,6.0,1,1.0,45,0.7021410331390245,4.274435012339115,8,24,0.4580708615780223,0,0,1,1.4759281088714926,0.527331069111824,34,post_opening,0.1231171463926633,12,0.06926020753380174,R2,0.7071067811865475,-0.7071067811865475,76.61524963378906,41.8297119140625,0.40421392271916073,5.5,1
0.07136646164501365,6.757218083885679,1,5,6.757049560546875,0.0344085693359375,76.28067016601562,50.372032165527344,0,50,6.5,1,1.0,46,0.5513290516682443,5.006224696720955,8,24,0.4714411124889518,0,0,1,1.4324802656562383,0.5124697362383207,34,post_opening,0.11239508539438253,12,0.04102862374936889,R2,0.555570248949409,-0.8314696016585884,76.19046020507812,40.359989166259766,0.4000746508439382,6.0,1
0.034115594929173154,5.35814450826944,1,4,5.3580780029296875,0.017513275146484375,76.28067016601562,50.372032165527344,0,50,7.0,1,1.0,47,0.7047917854159247,4.529814796033967,8,24,0.5105182501730468,0,0,1,0.9648353667452831,0.5314877157409986,34,post_opening,0.05508506049712503,12,0.020969465567951873,R2,0.7071067811865475,-0.7071067811865475,79.40787506103516,41.869239807128906,0.4764026552438736,7.0,1
0.07275450745467948,12.309237089291646,1,9,12.182548522949219,1.6169013977050781,66.64429473876953,61.072322845458984,1,45,1.5,1,1.0,37,0.9661975363188764,1.5853713963506038,9,22,0.49927944088225173,0,0,1,0.8738124845245622,0.74044111246864,32,post_opening,0.3139161790410677,12,0.24116167158638824,R2,0.9238795305660376,0.3826834370613369,65.54830169677734,64.04762268066406,0.42652493342757225,1.0,1
0.0077981872453669054,12.774736286716536,0,16,11.385385513305664,5.778411865234375,25.385385513305664,51.778411865234375,1,15,0.5,0,1.0,0,0.992880749993294,0.8323271187050921,10,26,0.3298404318000496,0,0,1,0.28100414631910686,0.533155620098114,36,before_event,0.19551700105269748,12,0.2033151882980644,R1,0.8314696016585884,0.555570248949409,23.97763442993164,52.66684341430664,0.33763861904541653,1.0,1
0.13350227073352572,12.61291872544373,1,9,12.432666778564453,1.7113151550292969,68.67445373535156,57.7685661315918,1,48,1.5,1,1.0,40,0.8994611104360222,2.765160219649572,10,26,0.7577621077052855,0,0,1,1.5018356355138387,0.8067257516086102,36,post_opening,0.18246591463685036,12,0.04896364390332464,R1,0.8314696016585884,0.555570248949409,66.21942138671875,62.72409439086914,0.6242598369717598,1.0,1
0.08332624577084802,12.72824422938766,1,9,12.476219177246094,2.1711997985839844,70.08267211914062,58.2238883972168,1,49,2.0,1,1.0,41,0.9144104885202098,2.5716589099463625,10,26,0.6702759679913484,0,0,1,1.4152595288064167,0.6923441390196482,36,post_opening,0.10539441679914785,12,0.022068171028299832,R1,0.8314696016585884,0.555570248949409,67.58409118652344,62.71953201293945,0.5869497222205003,1.5,1
0.07910190182357363,4.176437692409488,1,3,3.8002243041992188,1.7309684753417969,78.04501342773438,61.53721618652344,0,55,10.5,1,1.0,53,0.5840916427897502,5.071972057615833,10,26,0.5160915320856306,0,0,0,0.8614520648006818,0.5058856457471848,36,post_opening,0.06889601548512775,12,-0.01020588633844588,R1,0.19509032931342324,0.9807852789517082,76.58587646484375,71.57566833496094,0.436989630262057,9.5,1
0.07939049914863139,12.165719026394575,1,9,12.148975372314453,-0.6375389099121094,49.76267623901367,49.34899139404297,1,37,1.1180340051651,1,1.0,29,0.9426644514831062,2.0474429243871626,11,30,0.4538750928182049,0,0,0,1.0127434171312462,0.4534878780444463,40,before_event,0.0790032843748728,12,-0.0003872147737585818,R1,0.9238795305660376,-0.3826834370613369,48.70025634765625,45.39432907104492,0.3744845936695735,1.0,1
0.1555359535568649,12.200967744536463,1,9,12.184101104736328,-0.64093017578125,51.13145065307617,49.281803131103516,1,38,1.1180340051651,1,1.0,30,0.7432756227895936,4.336330992584532,11,30,0.47120018285052917,0,0,0,2.0326812727389023,0.46650029470523197,40,pre_opening,0.1508360654115677,12,-0.004699888145297204,R1,0.7071067811865475,-0.7071067811865475,47.43263244628906,41.43745422363281,0.3156642292936643,1.0,1
0.18957310116782722,12.229833356229491,1,9,12.213188171386719,-0.6370811462402344,52.501808166503906,49.21776580810547,1,39,1.1180340051651,1,1.0,31,0.5981293042625876,5.431571499342248,11,30,0.4905382290134324,0,0,0,2.4396757222250893,0.4807991459965706,40,pre_opening,0.1798340181509654,12,-0.009739083016861827,R1,0.555570248949409,-0.8314696016585884,46.95546340942383,39.87721252441406,0.3009651278456052,1.0,1
0.10826541912876175,12.6057872111107,1,9,12.55508804321289,-0.9471817016601562,69.21861267089844,48.09138870239258,1,51,1.5,1,1.0,43,0.6165459806119129,5.390280634795122,11,30,0.8606495502821864,0,0,1,2.520396763273925,0.8755153318246206,40,post_opening,0.12313120067119598,12,0.014865781542434231,R1,0.555570248949409,-0.8314696016585884,63.33036804199219,39.060935974121094,0.7523841311534246,1.0,1
0.0701424444024531,12.627917104947747,1,9,12.543418884277344,-1.2042999267578125,70.60722351074219,47.77797317504883,1,52,2.0,1,1.0,44,0.6324915900053736,5.279810185829815,11,30,0.8157142613634236,0,0,1,2.498560761968179,0.8421865552663803,40,post_opening,0.09661473830540979,12,0.02647229390295669,R1,0.555570248949409,-0.8314696016585884,64.73064422607422,39.004638671875,0.7455718169609705,2.0,1
0.032983461788166024,12.674325755923498,1,9,12.537227630615234,-1.5432548522949219,72.0003433227539,47.388099670410156,1,53,3.0,1,1.0,45,0.7881982622850399,4.019016902604229,11,30,0.7705500222949867,0,0,1,2.0374219502594078,0.8088532239198685,40,post_opening,0.07128666341304779,12,0.038303201624881766,R1,0.7071067811865475,-0.7071067811865475,67.94839477539062,40.446075439453125,0.7375665605068207,2.5,1
0.04627861571191061,13.370086593707903,1,9,12.585479736328125,-4.230052947998047,79.0235824584961,44.29785919189453,1,58,6.5,1,1.0,50,0.6570831717782237,5.2655502064534625,11,30,0.5529396371730001,0,0,1,2.578639642664032,0.5640621682008108,40,post_opening,0.0574011467397213,12,0.01112253102781069,R1,0.3826834370613369,-0.9238795305660376,71.03030395507812,37.44136047363281,0.5066610214610895,6.0,1
0.0920105107426929,13.55623273244585,1,9,12.58172607421875,-4.818653106689453,80.4093246459961,43.52186584472656,1,59,7.0,1,1.0,51,0.35765501573324004,7.243472478872564,11,30,0.5501556200584061,0,0,0,3.143757629394531,0.5501245856285095,40,post_opening,0.0919794763127963,12,-3.1034429896603655e-05,R1,-1.8369701465288538e-16,-1.0,67.82759857177734,36.340518951416016,0.45814510931571323,4.609772205352783,1
0.0924876605470975,12.14308514463623,1,8,11.190711975097656,-4.569522857666016,80.4093246459961,43.52186584472656,1,59,8.0,1,1.0,52,0.551380209348072,5.704261214246969,11,30,0.550000011920929,0,0,1,2.5515989627215876,0.5500014026959738,40,post_opening,0.0924890513221423,12,1.390775044796122e-06,R1,0.19509032931342324,-0.9807852789517082,71.55970001220703,36.32196807861328,0.45751235137383145,6.103277683258057,1
0.09250000367561978,12.300573954466316,1,8,11.161979675292969,-5.062572479248047,81.76920318603516,42.71540069580078,1,60,8.5,1,1.0,53,0.4130552994745481,6.571105136834669,11,30,0.550000011920929,0,0,0,2.800506591796875,0.5499999274810156,40,post_opening,0.09249991923570638,12,-8.443991339479595e-08,R1,-1.8369701465288538e-16,-1.0,70.60722351074219,35.77797317504883,0.4575000082453092,5.830951690673828,1
0.12333333740631741,12.412120744957859,1,8,11.090507507324219,-5.498054504394531,83.09085083007812,41.890045166015625,1,61,9.0,1,1.0,54,0.4441605997783351,6.427959474005711,11,30,0.550000011920929,0,0,0,2.7974815368652344,0.5499985565741857,40,post_opening,0.12333188205957418,12,-1.4553467432287803e-06,R1,-1.8369701465288538e-16,-1.0,72.0003433227539,35.388099670410156,0.42666667451461154,6.041522979736328,1
0.12333333740631741,12.45184180894615,1,8,10.96026611328125,-5.855144500732422,84.36399841308594,41.05632019042969,1,62,10.0,1,1.0,55,0.2900646265390802,7.278472809998873,11,30,0.550000011920929,0,0,0,2.9970049981679967,0.5499985565741857,40,post_opening,0.12333188205957418,12,-1.4553467432287803e-06,R1,-0.19509032931342324,-0.9807852789517082,71.0626449584961,35.14204406738281,0.42666667451461154,5.590169906616211,1
0.14695024366180093,12.407872050096248,1,8,10.766304016113281,-6.126117706298828,85.57867431640625,40.22441482543945,1,63,10.5,1,1.0,56,0.4945524228892497,6.132205870802796,11,30,0.5500000119209288,0,0,1,2.7547234429253473,0.550000011920929,40,post_opening,0.14695024366180104,12,1.1102230246251565e-16,R1,-1.8369701465288538e-16,-1.0,74.81237030029297,34.35053253173828,0.4030497682591279,7.211102485656738,1
0.14852828656633704,12.27485284853324,1,8,10.505020141601562,-6.31549072265625,86.72671508789062,39.40354537963867,1,64,11.335783958435059,1,1.0,57,0.33814297031788265,6.977962253209105,11,30,0.5500000119209291,0,0,0,2.9591304732874395,0.550000011920929,40,post_opening,0.14852828656633693,12,-1.1102230246251565e-16,R1,-0.19509032931342324,-0.9807852789517082,73.88060760498047,33.949615478515625,0.401471725354592,6.8007354736328125,1
0.16127257669965428,12.051019428661533,1,8,10.174797058105469,-6.428615570068359,87.80145263671875,38.601993560791016,1,65,11.401754379272461,1,1.0,58,0.35894495780543817,6.803888624683021,11,30,0.550000011920929,0,0,0,2.911091067590661,0.550000011920929,40,post_opening,0.16127257669965428,12,0.0,R1,-0.19509032931342324,-0.9807852789517082,75.28556823730469,33.26118469238281,0.3887274352212747,6.946221828460693,1
0.17936016246676445,10.47357618695928,1,7,8.777870178222656,-5.695865631103516,87.80145263671875,38.601993560791016,0,65,11.800423622131348,1,1.0,59,0.3702186972286618,6.334811222675843,11,30,0.550000011920929,0,0,0,2.5184585778104704,0.550000011920929,40,post_opening,0.17936016246676445,12,0.0,R1,-0.19509032931342324,-0.9807852789517082,76.6824951171875,32.52843475341797,0.3706398494541645,7.82623815536499,1
0.1587410531938077,8.885354827996293,1,6,7.392127990722656,-4.919872283935547,87.80145263671875,38.601993560791016,0,65,12.349088668823242,1,1.0,60,0.38100539650711174,5.950878491628388,11,30,0.5500000119209291,0,0,0,2.122986206857356,0.550000011920929,40,post_opening,0.1587410531938076,12,-1.1102230246251565e-16,R1,-0.19509032931342324,-0.9807852789517082,78.0682373046875,31.752443313598633,0.39125895872712135,8.077747344970703,1
0.14001572877168666,7.304324885177166,1,5,6.032249450683594,-4.113407135009766,87.80145263671875,38.601993560791016,0,65,12.529964447021484,1,1.0,61,0.3913765874620736,5.672903594671083,11,30,0.5500000119209291,0,0,0,1.7312760389753912,0.550000011920929,40,post_opening,0.14001572877168655,12,-1.1102230246251565e-16,R1,-0.19509032931342324,-0.9807852789517082,79.42811584472656,30.94597816467285,0.4099842831492424,8.381526947021484,1
0.010301747737244182,12.571426729179251,0,16,11.90854263305664,3.9967308044433594,25.90854263305664,49.99673080444336,1,15,0.0,0,1.0,0,0.9650289389756912,1.6475669818133585,12,29,0.3479403667826607,1,0,1,0.5947699850446729,0.533155620098114,39,before_event,0.19551700105269748,12,0.1852152533154533,R2,0.8314696016585884,0.555570248949409,23.97763442993164,52.66684341430664,0.33763861904541653,1.0,1
0.013496596674922257,12.427610332418771,0,15,11.774394989013672,3.9448890686035156,25.90854263305664,49.99673080444336,1,15,0.0,0,1.0,1,0.9648923313516607,1.6307501315931958,12,29,0.3450394809850088,1,0,1,0.6162313028355229,0.533155620098114,39,before_event,0.20161273578802746,12,0.1881161391131052,R2,0.8314696016585884,0.555570248949409,24.11178207397461,52.718685150146484,0.33154288431008655,1.0,1
0.11047850597583347,12.230987314514445,0,9,12.22561264038086,-0.278656005859375,55.89866638183594,51.87654113769531,1,38,0.5,0,1.0,30,0.5743725961622772,5.58950126977732,12,29,0.5265131572751511,0,0,0,2.5082801650182662,0.4699365496635437,39,pre_opening,0.05390189836422604,12,-0.05657660761160743,R2,0.555570248949409,-0.8314696016585884,50.33989715576172,42.17756271362305,0.41603465129931766,1.0,1
0.04253729022043928,12.548389864105385,1,9,12.533164978027344,-0.16552352905273438,71.19467163085938,51.57466506958008,1,49,1.0,1,1.0,41,0.9187453702941891,2.486394173678465,12,29,0.9023868971715171,0,0,1,1.3005402866205305,0.9151392032702764,39,post_opening,0.05528959631919861,12,0.012752306098759325,R2,0.9238795305660376,0.3826834370613369,69.74806213378906,56.33238983154297,0.8598496069510778,1.0,1
0.07296838149381968,12.564444032177613,1,9,12.54119873046875,0.07128143310546875,72.58797454833984,51.740516662597656,1,50,1.5,1,1.0,42,0.711114335301426,4.670274988982859,12,29,0.857783682991597,0,0,1,2.269942944051002,0.882302721341451,39,post_opening,0.0974874198436737,12,0.024519038349854028,R2,0.7071067811865475,0.7071067811865475,68.53205871582031,60.154518127441406,0.7848153014977773,1.5,1
0.051124460726961196,12.580764247720651,1,9,12.544063568115234,0.3495597839355469,73.98648071289062,51.94770812988281,1,51,2.5,1,1.0,43,0.7265293716791458,4.545977892924588,12,29,0.8129530769884434,0,0,1,2.2343737013061125,0.8489751567443212,39,post_opening,0.08714654048283899,12,0.03602207975587779,R2,0.7071067811865475,0.7071067811865475,69.92769622802734,60.08342742919922,0.7618286162614822,2.0,1
0.02291177538478073,12.75208850642843,1,9,12.566665649414062,2.020416259765625,80.97486114501953,53.4119758605957,1,56,6.0,1,1.0,48,0.9373816329163976,2.2168826048633754,12,29,0.50073950164076,0,0,1,1.0097868299171397,0.598705473045508,39,post_opening,0.07505419601996732,12,0.09796597140474805,R2,0.9807852789517082,-0.19509032931342324,80.17761993408203,49.05047607421875,0.5236512770255407,5.5,1
0.023265303998071918,12.754657798042862,1,9,12.524215698242188,2.3130836486816406,82.32406616210938,53.769325256347656,1,57,6.5,1,1.0,49,0.9290423081596693,2.357487112445851,12,29,0.4276595655370543,0,0,1,1.0946645039708414,0.5244911313056946,39,post_opening,0.12009686976671219,12,0.09683156576864027,R2,0.9807852789517082,-0.19509032931342324,81.56927490234375,49.11515808105469,0.4043942615389824,6.5,1
0.013573561223692465,12.713899920779516,1,9,12.437080383300781,2.5648765563964844,83.63175201416016,54.13954162597656,1,58,7.5,1,1.0,50,0.9211674595122146,2.4755912827406075,12,29,0.379663545998282,0,0,1,1.1670430187783833,0.4842637578646342,39,post_opening,0.11817377309004468,12,0.10460021186635221,R2,0.9807852789517082,-0.19509032931342324,82.96409606933594,49.23358154296875,0.36608998477458954,7.0,1
0.2010795048851034,13.09225987828065,0,10,13.06161117553711,-0.8416938781738281,54.8846549987793,48.0584831237793,1,37,0.0,0,1.0,28,0.6078895444944853,5.575806320285107,13,28,0.5082126728672048,1,0,0,2.599889824606249,0.4595154635608196,38,pre_opening,0.15238229557871819,12,-0.048697209306385214,R1,0.555570248949409,-0.8314696016585884,48.48988723754883,38.922542572021484,0.30713316798210144,1.4142135381698608,1
0.1998544653260509,12.391552955169956,1,9,12.27231216430664,-1.6576652526855469,72.52859497070312,45.8842658996582,1,50,1.5,1,1.0,42,0.66186926318785,5.0160534042599565,13,28,0.8477273491525451,0,0,1,2.3472758762187462,0.9075013051430384,38,post_opening,0.2596284213165442,12,0.05977395599049329,R1,0.555570248949409,-0.8314696016585884,66.92312622070312,37.56429672241211,0.6478728838264942,1.0,1
0.1855071317125877,12.439128428872301,1,9,12.30023193359375,-1.8021507263183594,73.90646362304688,45.62154006958008,1,51,2.0,1,1.0,43,0.8021437267655217,3.84766460882613,13,28,0.7932494872281473,0,0,1,1.8916986483358518,0.801193875571092,38,post_opening,0.19345152005553246,12,0.007944388342944753,R1,0.7071067811865475,-0.7071067811865475,70.09151458740234,38.93840789794922,0.6077423555155596,1.5,1
0.14754355120396578,12.481046794155562,1,9,12.322166442871094,-1.9461135864257812,75.28651428222656,45.35499572753906,1,52,2.5,1,1.0,44,0.8087597586458506,3.790857773052893,13,28,0.716814411607742,0,0,0,1.8654027912226805,0.7047421609361967,38,post_opening,0.1354713005324205,12,-0.01207225067154527,R1,0.7071067811865475,-0.7071067811865475,71.44963073730469,38.815826416015625,0.5692708604037762,2.5,1
0.120582309720912,12.516249830951729,1,9,12.338470458984375,-2.0774192810058594,76.66484832763672,45.08778381347656,1,53,3.5,1,1.0,45,0.8146949605995207,3.738573311630969,13,28,0.6408142309466982,0,0,0,1.8380355275028832,0.5968287413318952,38,post_opening,0.07659682010610902,12,-0.043985489614802975,R1,0.7071067811865475,-0.7071067811865475,72.81166076660156,38.67992401123047,0.5202319212257862,3.0,1
0.12416417887997006,12.544036566467295,1,9,12.349983215332031,-2.185047149658203,78.03753662109375,44.82284164428711,1,54,4.0,1,1.0,46,0.8194857257565563,3.6955675824974055,13,28,0.5656716065227129,0,0,0,1.8143539888266247,0.5120895976821581,38,post_opening,0.0705821700394153,12,-0.05358200884055475,R1,0.7071067811865475,-0.7071067811865475,74.17283630371094,38.522605895996094,0.4415074276427428,3.5,1
0.05594253124453186,8.139534589191385,1,6,7.978240966796875,-1.6116752624511719,84.6430892944336,43.47610855102539,0,59,9.5,1,1.0,54,0.8331197776645174,3.446141808121212,13,28,0.39707964988209365,0,0,1,1.1479423934519062,0.46424158414204914,38,post_opening,0.12310446550448734,12,0.06716193425995548,R1,0.7071067811865475,-0.7071067811865475,85.15013122558594,36.602500915527344,0.3411371186375618,9.0,1
0.05572993883917726,6.741511876926385,1,5,6.605552673339844,-1.3467330932617188,84.6430892944336,43.47610855102539,0,59,10.0,1,1.0,55,0.7104737297189614,4.315559464619339,13,28,0.42351109489232297,0,0,1,1.2076791028301062,0.47189651678005856,38,post_opening,0.10411536072691285,12,0.04838542188773559,R1,0.555570248949409,-0.8314696016585884,84.70437622070312,34.84520721435547,0.3677811560531457,10.0,1
0.037048048044226844,5.341041912094234,1,4,5.23150634765625,-1.0759696960449219,84.6430892944336,43.47610855102539,0,59,11.0,1,1.0,56,0.7116831090474924,4.508320545909664,13,28,0.4525737924029254,0,0,1,0.9531900918568965,0.491673747698466,38,post_opening,0.07614800333976746,12,0.03909995529554061,R1,0.555570248949409,-0.8314696016585884,86.07842254638672,34.57444381713867,0.41552574435869855,10.5,1
0.03956953234436483,3.9533536570108003,1,3,3.8709640502929688,-0.8028335571289062,84.6430892944336,43.47610855102539,0,59,11.5,1,1.0,57,0.712846227742344,4.79567229757328,13,28,0.5016854112045206,0,0,1,0.7017359901542922,0.5380159790317217,38,post_opening,0.07590010017156595,12,0.03633056782720112,R1,0.555570248949409,-0.8314696016585884,87.43896484375,34.301307678222656,0.46211587886015576,11.0,1
0.12994971936912042,12.124178746468735,0,9,11.591621398925781,3.4769058227539062,49.09535598754883,58.768714904785156,1,32,0.0,0,1.0,24,0.4741402824653511,6.179468455536101,15,25,0.5237667740977874,1,0,0,2.6945986749967727,0.4539888898531596,35,before_event,0.060171835124492645,12,-0.06977788424462777,R2,0.7071067811865475,-0.7071067811865475,45.989013671875,46.80652618408203,0.39381705472866696,1.4142135381698608,1
0.049895226439388984,12.916556250027355,0,8,10.253002166748047,7.814247131347656,57.75387954711914,60.486331939697266,1,37,0.0,0,1.0,30,0.9458734996328843,2.094085671682669,16,27,0.49087650773977476,1,1,1,1.1262015199298374,0.5066789388656616,37,pre_opening,0.06569765756527585,12,0.015802431125886862,R1,0.555570248949409,0.8314696016585884,54.167720794677734,62.64971923828125,0.4409812813003858,1.1180340051651,1
0.1664397330108221,13.161767609272633,0,8,10.370567321777344,8.09670639038086,60.08806610107422,63.142173767089844,1,39,0.0,0,1.0,32,0.26691118210702236,7.629279415430406,17,22,0.2922690723316932,1,0,1,3.1789441856464276,0.7698143720626831,32,post_opening,0.3111055667201678,12,0.4775452997309899,R2,-0.3826834370613369,0.9238795305660376,45.12529754638672,66.13201904296875,0.4587088053425153,1.0,1
0.2877679874499493,12.985211750738959,0,10,8.731361389160156,-9.230396270751953,74.89082336425781,41.90177536010742,1,62,0.0,0,1.0,53,0.8465784519820639,3.438105090131197,22,33,0.6726180585721983,1,0,0,2.003014513673227,0.500347145579078,43,post_opening,0.11549707445682905,12,-0.17227091299312025,R3,0.19509032931342324,-0.9807852789517082,68.50054931640625,39.36274719238281,0.38485007112224895,1.1180340051651,1
0.3578035452029581,12.936671010403009,0,10,8.044944763183594,-9.795963287353516,75.39824676513672,40.70059585571289,1,63,0.0,0,1.0,54,0.7727935522461671,4.170698804558076,22,33,0.6773510940930719,1,0,0,2.280819285999645,0.48691708147525786,43,post_opening,0.16736953258514403,12,-0.19043401261781406,R3,-1.8369701465288538e-16,-1.0,67.35330200195312,38.496559143066406,0.31954754889011383,1.5,1
0.35998379389913066,12.895423723641322,0,10,7.3723297119140625,-10.296710968017578,75.85899353027344,39.48814010620117,1,64,0.0,0,1.0,55,0.6838821814560231,4.912213243943815,22,33,0.6857053545660892,1,0,0,2.5266491170411918,0.5220472179353237,43,post_opening,0.1963256572683652,12,-0.16365813663076545,R3,-0.19509032931342324,-0.9807852789517082,66.14557647705078,38.01542663574219,0.3257215606669585,1.5811388492584229,1
0.39124608475365213,12.890374525087305,0,10,6.737983703613281,-10.758289337158203,76.2906723022461,38.242652893066406,1,65,0.0,0,1.0,56,0.5798618892594687,5.667469604076624,22,33,0.6934134233832158,1,0,0,2.7415047988535934,0.5478065212567648,43,post_opening,0.24563918262720114,12,-0.145606902126451,R3,-0.3826834370613369,-0.9238795305660376,64.96048736572266,37.914390563964844,0.30216733862956363,1.1180340051651,1
0.3863842730573887,12.899332144785534,0,10,6.154258728027344,-11.158576965332031,76.69989776611328,36.99076461791992,1,66,0.0,0,1.0,57,0.6241805751818276,5.373350661731916,22,33,0.7029876666617467,1,0,0,2.6289318791169616,0.5873748064041138,43,post_opening,0.27077141279975575,12,-0.11561286025763295,R3,-0.3826834370613369,-0.9238795305660376,65.95343780517578,37.06278991699219,0.316603393604358,1.0,1
0.180924808139443,12.77286951923654,0,10,9.439285278320312,-8.247020721435547,74.67729949951172,42.47172927856445,1,56,0.0,0,1.0,47,0.8960485133975338,2.8087889469396066,23,26,0.6946995731739597,1,0,0,1.687092442244495,0.6647146821022034,36,post_opening,0.15093991706768672,12,-0.02998489107175628,R1,0.3826834370613369,-0.9238795305660376,69.83021545410156,39.63219451904297,0.5137747650345167,1.0,1
0.2723371397808258,12.647482989660658,0,10,8.829658508300781,-8.748504638671875,75.25524139404297,41.455787658691406,1,57,0.0,0,1.0,48,0.8288958575998249,3.578669872521575,23,26,0.670573804413782,1,0,0,2.0119554159014563,0.618649442990621,36,post_opening,0.22041277835766476,12,-0.051924361423161036,R1,0.19509032931342324,-0.9807852789517082,68.76667022705078,38.43486785888672,0.3982366646329562,1.5,1
0.3152396833710396,12.477523807908481,0,10,8.196273803710938,-9.154006958007812,75.77437591552734,40.455474853515625,1,58,0.0,0,1.0,49,0.7450048190993315,4.338161495969984,23,26,0.6748309998028004,1,0,0,2.2987913651899863,0.5757067799568176,36,post_opening,0.21611546352505684,12,-0.09912421984598274,R1,-1.8369701465288538e-16,-1.0,67.5781021118164,37.60948181152344,0.3595913164317608,2.0,1
0.34393755457502656,12.25605539032071,0,10,7.535255432128906,-9.460334777832031,76.2177734375,39.484256744384766,1,59,0.0,0,1.0,50,0.6456217983513175,5.071341637633604,23,26,0.6838651173979248,1,0,0,2.542622271393867,0.5505126714706421,36,post_opening,0.21058510864774388,12,-0.13335244592728268,R1,-0.19509032931342324,-0.9807852789517082,66.3414306640625,37.1751708984375,0.3399275628228982,1.5,1
0.3758650372300239,10.964685616354132,0,9,6.486900329589844,-8.706287384033203,76.2177734375,39.484256744384766,0,59,0.0,0,1.0,51,0.5122056354933655,5.6659546337184725,23,26,0.6989769873394263,1,0,0,2.5045033115986697,0.5618443489074707,36,post_opening,0.23873239879806835,12,-0.13713263843195556,R1,-0.3826834370613369,-0.9238795305660376,65.138671875,37.10398864746094,0.32311195010940236,1.0,1
0.3507445499504973,9.667189490975776,0,8,5.496177673339844,-7.8684539794921875,76.2177734375,39.484256744384766,0,59,0.0,0,1.0,52,0.5382618591351416,5.294609090330673,23,26,0.7139558389986922,1,0,0,2.1648147825758826,0.5835127234458923,36,post_opening,0.22030143439769745,12,-0.13044311555279986,R1,-0.3826834370613369,-0.9238795305660376,66.12939453125,36.26615905761719,0.3632112890481949,1.0,1
0.0010347324776624478,12.117100998936756,1,9,12.104911804199219,0.07339859008789062,48.691741943359375,53.821102142333984,1,36,1.0,1,1.0,28,0.9999816172616754,0.06401921525453395,24,27,0.4417268501551971,0,0,1,0.087127685546875,0.5147774914900461,37,pre_opening,0.07201590885718662,12,0.07305064133484906,R1,1.0,0.0,48.586830139160156,53.747703552246094,0.44276158263285953,1.0,1
0.10045025698096216,12.172180041810766,0,9,12.16265869140625,-0.11307525634765625,50.062255859375,53.74605941772461,1,37,0.0,0,1.0,29,0.9789292350650484,1.2427317198064003,24,27,0.4909303531224595,1,1,1,0.5593496611071311,0.5171334991852442,37,pre_opening,0.1266534030437469,12,0.026203146062784732,R1,0.9807852789517082,0.19509032931342324,49.66902160644531,56.200218200683594,0.3904800961414973,1.5,1
0.1768119268022485,12.21605318342258,0,9,12.207382202148438,-0.2556343078613281,51.43428421020508,53.68224334716797,1,38,0.0,0,1.0,30,0.9764858174018158,1.3166960408533883,24,27,0.5390156042975691,1,1,0,0.6091914182841218,0.5133270050088564,37,pre_opening,0.1511233275135358,12,-0.0256885992887127,R1,0.9807852789517082,0.19509032931342324,50.99632263183594,56.278961181640625,0.3622036774953206,2.0,1
0.25296314781327073,12.253638026436466,0,9,12.245231628417969,-0.34998321533203125,52.804176330566406,53.638526916503906,1,39,0.0,0,1.0,31,0.9748112937722402,1.3664033712262262,24,27,0.5855570743522944,1,1,0,0.6512065741208832,0.5009843384226164,37,pre_opening,0.16839041188359266,12,-0.08457273592967807,R1,0.9807852789517082,0.19509032931342324,52.328369140625,56.329593658447266,0.3325939265390237,3.0,1
0.35879357441466464,12.285034118373659,0,9,12.276847839355469,-0.3779716491699219,54.17913818359375,53.635093688964844,1,40,0.0,0,1.0,32,0.9116657565487298,2.555357821139043,24,27,0.6314376360098661,1,1,0,1.2514594973737807,0.48582356919844943,37,pre_opening,0.21317950760324794,12,-0.1456140668114167,R1,0.9238795305660376,0.3826834370613369,52.98884582519531,58.60526657104492,0.2726440615952015,3.5,1
0.4357824802330109,12.322250438244033,0,9,12.3133544921875,-0.3342247009277344,55.56524658203125,53.67945861816406,1,41,0.0,0,1.0,33,0.913155925740892,2.5384398897524925,24,27,0.6772073574295613,1,1,0,1.2703498236827537,0.47437669585148495,37,pre_opening,0.23295181865493458,12,-0.20283066157807633,R1,0.9238795305660376,0.3826834370613369,54.33844757080078,58.60588455200195,0.24142487719655037,4.0,1
0.6178306897035211,12.415338921004462,0,9,12.391910552978516,0.012332916259765625,58.35564422607422,53.964256286621094,1,43,0.0,0,1.0,35,0.8320221149392973,3.539464619364429,24,27,0.7992199147294928,1,1,0,1.7855568386233833,0.4519331604242325,37,pre_opening,0.2705439353982607,12,-0.34728675430526035,R1,0.8314696016585884,0.555570248949409,55.941368103027344,60.61876678466797,0.18138922502597174,5.0,1
0.6939282184522575,12.46572776837086,0,9,12.421825408935547,0.3171653747558594,59.74973678588867,54.21119689941406,1,44,0.0,0,1.0,36,0.7249250148535747,4.533609171943595,24,27,0.8748666510662662,1,1,0,2.2178722323072115,0.45876725514729816,37,pre_opening,0.27782882253328955,12,-0.416099395918968,R1,0.7071067811865475,0.7071067811865475,55.813194274902344,62.379310607910156,0.18093843261400858,5.408327102661133,1
0.24523704011789949,12.984305712725558,1,9,12.62249755859375,2.481536865234375,65.42667388916016,56.12006378173828,1,48,1.0,1,1.0,40,0.8302292600148535,3.645597055819227,24,27,0.8298077075138885,0,0,1,1.9460231712331317,0.8663386106491089,37,post_opening,0.2817679432531198,12,0.03653090313522034,R1,0.7071067811865475,0.7071067811865475,61.289459228515625,62.123809814453125,0.5845706673959891,1.0,1
0.2733041516344521,13.188911453708865,1,9,12.666305541992188,3.179332733154297,66.84544372558594,56.81442642211914,1,49,2.0,1,1.0,41,0.42799744260338557,6.715651218846017,24,27,0.7832310953637732,0,0,1,2.984616717753198,0.7997287809848785,37,post_opening,0.2898018372555574,12,0.016497685621105318,R1,0.19509032931342324,0.9807852789517082,56.52022171020508,65.4045181274414,0.5099269437293211,1.0,1
0.2722947083502318,13.4099810250391,1,9,12.689826965332031,3.9084320068359375,68.25507354736328,57.587890625,1,50,2.5,1,1.0,42,0.4751434379603405,6.497916834855152,24,27,0.7379887012232647,0,0,1,2.9609228327825408,0.7554890165726343,37,post_opening,0.2897950236996015,12,0.01750031534936969,R1,0.19509032931342324,0.9807852789517082,57.90633010864258,65.44888305664062,0.46569399287303287,2.0,1
0.2633932302839345,12.011573697947552,1,8,11.295631408691406,3.7999801635742188,68.25507354736328,57.587890625,1,50,3.0,1,1.0,43,0.49763311214236955,5.993662691193895,24,27,0.7133059956577208,0,0,1,2.616789972589052,0.7224535296360651,37,post_opening,0.27254076426227886,12,0.009147533978344335,R1,0.19509032931342324,0.9807852789517082,59.3005256652832,65.55733489990234,0.44991276537378627,2.5,1
0.2649749850874146,12.238405153291001,1,8,11.296417236328125,4.4714508056640625,69.65206146240234,58.435707092285156,1,51,4.0,1,1.0,44,0.6958513997296321,4.709196377450416,24,27,0.6642830084408323,0,0,1,2.2578631643679947,0.6789409269889196,37,post_opening,0.2796329036355019,12,0.01465791854808729,R1,0.3826834370613369,0.9238795305660376,62.947845458984375,65.05081176757812,0.3993080233534177,3.5,1
0.21396419231577118,12.480723917950254,1,8,11.283702850341797,5.141643524169922,71.03343963623047,59.352840423583984,1,52,4.5,1,1.0,45,0.4146507637848815,6.602253470679007,24,27,0.6166890258539061,0,0,1,2.8309126959906683,0.6369931250810623,37,post_opening,0.23426829154292744,12,0.020304099227156258,R1,6.123234262925839e-17,1.0,59.74973678588867,66.21119689941406,0.4027248335381349,4.0,1
0.20710616123421677,12.709906601077424,1,8,11.237159729003906,5.781864166259766,72.39665985107422,60.3339729309082,1,53,4.609772205352783,1,1.0,46,0.4575203115119877,6.421428424073406,24,27,0.5701995001409818,0,0,1,2.828637864854601,0.5873251656691233,37,post_opening,0.2242318267623583,12,0.017125665528141543,R1,6.123234262925839e-17,1.0,61.15950012207031,66.55210876464844,0.363093338906765,4.5,1
0.191811772086048,12.92367191307445,1,8,11.160285949707031,6.387889862060547,73.7393569946289,61.37343215942383,1,54,3.535533905029297,1,1.0,47,0.4967592589814774,6.245953943946252,24,27,0.5428067042408624,0,0,1,2.8177333407931857,0.5540864616632462,37,post_opening,0.20309152950843173,12,0.01127975742238374,R1,6.123234262925839e-17,1.0,62.579071044921875,66.98554229736328,0.3509949321548144,5.5,1
0.21393201030643522,13.10539655609358,1,8,11.046363830566406,6.9459686279296875,75.04942321777344,62.45515823364258,1,55,3.0,1,1.0,48,0.167831075624785,8.088713512387129,24,27,0.5448807120556806,0,0,0,3.189299487171743,0.5448253254095713,37,post_opening,0.21387662366032595,12,-5.53866461092678e-05,R1,-0.3826834370613369,0.9238795305660376,59.410858154296875,66.59574127197266,0.33094870174924534,4.27200174331665,1
0.2165035475367318,13.239027591219626,1,8,10.888877868652344,7.443538665771484,76.3155517578125,63.563602447509766,1,56,2.692582368850708,1,1.0,49,0.205455398588812,7.951971165449479,24,27,0.549434996552667,0,0,0,3.2179868492650154,0.5487790753444036,37,post_opening,0.21584762632846838,12,-0.0006559212082634103,R1,-0.3826834370613369,0.9238795305660376,60.83447265625,67.20661926269531,0.33293144901593524,4.924428939819336,1
0.14383134893406263,13.310606802161827,1,8,10.682601928710938,7.869960784912109,77.52804565429688,64.68438720703125,1,57,2.1213202476501465,1,1.0,50,0.2398786777841146,7.804903403057572,24,27,0.5499702061397714,0,0,0,3.232942013701656,0.5498719761768976,37,post_opening,0.14373311897118884,12,-9.822996287378594e-05,R1,-0.3826834370613369,0.9238795305660376,62.25324249267578,67.9009780883789,0.4061388572057088,5.7008771896362305,1
0.06375199056933639,13.308211098639857,1,8,10.423446655273438,8.216323852539062,78.67852020263672,65.80421447753906,1,58,2.1213202476501465,1,1.0,51,0.2713915310804969,7.643754167663349,24,27,0.5500030219283731,0,0,0,3.23225864890775,0.5499977270762125,37,post_opening,0.06374669571717578,12,-5.294852160608876e-06,R1,-0.3826834370613369,0.9238795305660376,63.662872314453125,68.67444610595703,0.48625103135903675,6.5,1
0.2944304795761901,12.148529887819137,0,9,12.147708892822266,0.00174713134765625,58.122379302978516,46.493186950683594,1,38,0.0,0,1.0,30,0.7070050749913854,4.621770301683889,25,25,0.6777494762539862,1,1,0,2.1562314211181866,0.45528634389241535,35,pre_opening,0.07196734721461928,12,-0.22246313236157084,R3,0.7071067811865475,-0.7071067811865475,54.45995330810547,38.00615692138672,0.38331899667779606,1.8027756214141846,1
0.3704950879302779,12.16710649180062,0,9,12.166339874267578,-0.049762725830078125,59.479000091552734,46.46876525878906,1,39,0.0,0,1.0,31,0.7099930481977373,4.601850624456265,25,25,0.7368780431933363,1,1,0,2.1502519634262485,0.4653388485312462,35,pre_opening,0.09895589326818782,12,-0.2715391946620901,R3,0.7071067811865475,-0.7071067811865475,55.797943115234375,38.03324890136719,0.36638295526305836,2.5,1
0.43767774686821015,12.194073731503416,0,9,12.193206787109375,-0.09416580200195312,60.84561538696289,46.44339370727539,1,40,0.0,0,1.0,32,0.5619747711878826,5.6617939791095795,25,25,0.791351961201506,1,1,0,2.525625278532253,0.47405578444401425,35,pre_opening,0.12038157011071843,12,-0.3172961767574917,R3,0.555570248949409,-0.8314696016585884,55.319252014160156,36.5599250793457,0.3536742143332958,2.915475845336914,1
0.496892939294276,12.217293242678466,0,9,12.21636962890625,-0.12270355224609375,62.217254638671875,46.426361083984375,1,41,0.0,0,1.0,33,0.563893244913616,5.6550177676663465,25,25,0.8449140703031395,1,1,0,2.5226696834933486,0.4740004539489746,35,pre_opening,0.12597932294011116,12,-0.37091361635416487,R3,0.555570248949409,-0.8314696016585884,56.667728424072266,36.57143020629883,0.34802113100886345,3.041381359100342,1
0.5448653864455404,12.236234186531961,0,9,12.235286712646484,-0.13653564453125,63.588924407958984,46.41706848144531,1,42,0.0,0,1.0,34,0.5648135933936781,5.653644534077885,25,25,0.8959536644411268,1,1,0,2.52025774093019,0.4702329933643341,35,pre_opening,0.11914471536874771,12,-0.4257206710767927,R3,0.555570248949409,-0.8314696016585884,58.02048110961914,36.57596969604492,0.3510882779955864,3.1622776985168457,1
0.20135071882823485,12.368867200147516,1,9,12.366703033447266,-0.16123580932617188,70.48908233642578,46.33195114135742,1,47,1.0,1,1.0,39,0.5663627295339552,5.675607490756713,25,25,0.8946950213036873,0,0,1,2.5440894256763706,0.9087398201227188,35,post_opening,0.2153955176472664,12,0.014044798819031534,R3,0.555570248949409,-0.8314696016585884,64.78922271728516,36.51555252075195,0.6933443024754524,1.0,1
0.1732295389394436,12.392718956628524,0,9,12.38705825805664,-0.23804855346679688,71.86605834960938,46.230716705322266,1,48,0.5,0,1.0,40,0.5714435225114367,5.647574499368983,25,25,0.8536808426599178,0,0,1,2.5509604691938157,0.8728727102279663,35,post_opening,0.19242140650749207,12,0.01919186756804847,R3,0.555570248949409,-0.8314696016585884,66.14584350585938,36.49113082885742,0.6804513037204742,1.5,1
0.18877747005686996,12.391146186209456,0,9,12.378772735595703,-0.35024261474609375,73.2243881225586,46.0931510925293,1,49,0.0,0,1.0,41,0.7268226575015838,4.509382196176139,25,25,0.8178493414964858,1,0,1,2.1594049102236625,0.8284535678950223,35,post_opening,0.1993816964554065,12,0.010604226398536531,R3,0.7071067811865475,-0.7071067811865475,69.33089447021484,37.95811462402344,0.6290718714396158,1.4142135381698608,1
0.040864930461189886,12.357789735302005,0,9,12.334732055664062,-0.5028152465820312,74.55198669433594,45.923545837402344,1,50,0.0,0,1.0,42,0.5212431719211125,5.95744975462104,25,25,0.7775980739894924,1,0,1,2.6071876708173627,0.8162989258766175,35,post_opening,0.0795657823483149,12,0.03870085188712502,R3,0.555570248949409,0.8314696016585884,68.88409423828125,56.403995513916016,0.7367331435283025,3.0,1
0.027225723723860784,12.290557852857475,0,9,12.252368927001953,-0.6918373107910156,75.84129333496094,45.7252311706543,1,51,0.0,0,1.0,43,0.7988265353463424,3.8511231818161016,25,25,0.7336402196291012,1,0,1,1.7923008584376174,0.782873660326004,35,post_opening,0.07645916442076361,12,0.04923344069690283,R3,0.8314696016585884,0.555570248949409,73.56655883789062,53.08391189575195,0.7064144959052404,2.692582368850708,1
0.029868872888328624,12.162999574990257,0,9,12.106208801269531,-0.90460205078125,77.07357025146484,45.51029968261719,1,52,0.0,0,1.0,44,0.8927956495200678,2.7952879651846665,25,25,0.6865390657657802,1,0,1,1.301386910265124,0.7590006504740033,35,post_opening,0.1023304575965518,12,0.07246158470822317,R3,0.9238795305660376,0.3826834370613369,76.05391693115234,51.007102966308594,0.6566701928774515,1.5811388492584229,1
0.012765140462307478,11.966707189990217,0,9,11.888328552246094,-1.134033203125,78.23607635498047,45.28519058227539,1,53,0.0,0,1.0,45,0.774955687859934,4.015731983462479,25,25,0.63488653414288,1,0,1,1.854668916373349,0.7648950457572937,35,post_opening,0.1427736520767212,12,0.13000851161441374,R3,0.8314696016585884,0.555570248949409,76.32538604736328,53.08606719970703,0.6221213936805725,1.8027756214141846,1
0.018878003604607674,10.588876561002404,0,8,10.510498046875,-1.1334495544433594,78.23607635498047,45.28519058227539,0,53,0.0,0,1.0,46,0.8775232507605516,2.8772781889349486,25,25,0.5952646490408946,1,0,1,1.2309046690317436,0.645132303237915,35,post_opening,0.06874565780162811,12,0.04986765419702044,R3,0.9238795305660376,0.3826834370613369,78.8121337890625,51.010841369628906,0.5763866454362869,1.1180340051651,1
0.251250226300871,12.07951110342467,1,8,11.029239654541016,4.756256103515625,67.72386169433594,56.626346588134766,1,43,1.5,1,1.0,36,0.8394080970771622,3.401958721985686,26,21,0.8300964375355995,0,0,0,1.7423662392951327,0.7642113566398621,31,post_opening,0.1853651454051336,12,-0.06588508089573741,R1,0.555570248949409,0.8314696016585884,63.36146545410156,61.84772491455078,0.5788462112347285,1.0,1
0.23669249446952245,12.168029273695236,1,8,10.901519775390625,5.268947601318359,68.98456573486328,57.46660232543945,1,44,2.0,1,1.0,37,0.7465860988560789,4.29103897417985,26,21,0.7811523018455893,0,0,0,2.1088672155373716,0.7251393894354502,31,post_opening,0.1806795820593834,12,-0.05601291241013906,R1,0.3826834370613369,0.9238795305660376,62.67524719238281,63.284210205078125,0.5444598073760668,1.5,1
0.2077977400875508,12.195159163518692,1,8,10.711952209472656,5.721706390380859,70.18473815917969,58.322696685791016,1,45,3.0,1,1.0,38,0.6341714498641478,5.163485646706376,26,21,0.7331736290808936,0,0,0,2.4364169647076777,0.6946543604135513,31,post_opening,0.16927847142020858,12,-0.03851926866734223,R1,0.19509032931342324,0.9807852789517082,61.81386947631836,64.37041473388672,0.5253758889933428,2.5,1
0.16692344498203238,12.13591122435443,1,8,10.445613861083984,6.093242645263672,71.31675720214844,59.18387985229492,1,46,3.5,1,1.0,39,0.6627024770994168,4.947283388183584,26,21,0.6852340936816339,0,0,0,2.372442956649028,0.6627606203158697,31,post_opening,0.14444997161626816,12,-0.02247347336576422,R1,0.19509032931342324,0.9807852789517082,63.21222686767578,64.86006164550781,0.5183106486996015,3.0,1
0.1766409289621622,13.273909823515174,1,9,11.080253601074219,7.2189178466796875,73.35313415527344,60.883201599121094,1,48,4.031128883361816,1,1.0,40,0.6988489184640791,4.92646265483188,26,21,0.628003196098736,0,0,1,2.536180681428106,0.6300202955802282,31,post_opening,0.17865802844365442,12,0.0020170994814922016,R1,0.19509032931342324,0.9807852789517082,64.61396789550781,65.43370819091797,0.4513622671365738,3.5,1
0.13151538366221743,11.728401956919422,1,8,9.680133819580078,6.564502716064453,73.35313415527344,60.883201599121094,1,48,4.031128883361816,1,1.0,41,0.38900872107086304,6.549825129543991,26,21,0.5859932215923405,0,0,1,2.820067789576175,0.5868720263242722,31,post_opening,0.13239418839414913,12,0.0008788047319316927,R1,-0.19509032931342324,0.9807852789517082,61.33191680908203,66.08811950683594,0.45447783793012303,3.5,1
0.15414780305969544,10.16808086352185,1,7,8.29632568359375,5.843616485595703,73.35313415527344,60.883201599121094,0,48,4.031128883361816,1,1.0,42,0.21915505990214434,6.957055688042367,26,21,0.550997509828685,0,0,0,2.56970110674116,0.5493873854478201,31,post_opening,0.1525376786788305,12,-0.0016101243808649413,R1,-0.3826834370613369,0.9238795305660376,60.46460723876953,66.12613677978516,0.39684970676898956,3.3541018962860107,1
0.06135165219287403,12.133864438501314,1,13,12.087148666381836,-1.0575332641601562,27.792247772216797,64.80841064453125,1,17,1.0,1,1.0,5,0.6427847931349236,5.099970368974062,27,26,0.4607335306682222,0,0,1,2.1042356007116125,0.4710957780480385,36,before_event,0.07171389957269031,12,0.01036224737981628,R1,0.7071067811865475,0.7071067811865475,24.190380096435547,74.35122680664062,0.3993818784753482,2.5,1
0.05968890119449549,12.700258634630751,1,13,12.651670455932617,-1.1036453247070312,28.975223541259766,64.7162857055664,1,18,1.0,1,1.0,6,0.6429818257102977,5.227483755022183,27,26,0.47899542032536124,0,0,0,2.2334655932661396,0.4710702399412791,36,before_event,0.05176372081041336,12,-0.007925180384082131,R1,0.7071067811865475,0.7071067811865475,24.808834075927734,74.30521392822266,0.41930651913086575,2.5,1
0.05101839899333549,12.010589966915562,1,12,11.963811874389648,-1.0537109375,28.975223541259766,64.7162857055664,1,18,1.0,1,1.0,7,0.6423418897191031,5.076725827297858,27,26,0.49084559280983836,0,0,1,2.144421433244557,0.49418716380993527,36,before_event,0.0543599699934324,12,0.00334157100009691,R1,0.7071067811865475,0.7071067811865475,25.496692657470703,74.25527954101562,0.43982719381650287,2.0,1
0.04591292992045032,12.461750468238407,1,12,12.413372039794922,-1.0920562744140625,30.17906951904297,64.62503051757812,1,19,1.0,1,1.0,8,0.6424184457364154,5.175792811571113,27,26,0.507126165974235,0,0,1,2.2482867261426076,0.5146843368808428,36,before_event,0.05347110082705814,12,0.0075581709066078195,R1,0.7071067811865475,0.7071067811865475,26.250978469848633,74.2023696899414,0.46121323605378467,2.0,1
0.3342809701622614,12.23775479874353,0,9,12.221549987792969,-0.6233863830566406,59.21565246582031,62.89277267456055,1,41,0.0,0,1.0,33,0.5972047624118096,5.439593772516404,27,26,0.816778600182244,1,1,0,2.4457925739601563,0.550000011920929,36,pre_opening,0.06750238190094632,12,-0.26677858826131506,R1,0.555570248949409,-0.8314696016585884,53.660945892333984,53.53852462768555,0.48249763001998264,4.527692794799805,1
0.39379630934172155,12.24689381653943,0,9,12.232444763183594,-0.5866584777832031,60.57999801635742,62.846588134765625,1,42,0.0,0,1.0,34,0.5947632697117166,5.458166993333275,27,26,0.8611664009687631,1,1,0,2.452361102752824,0.550000011920929,36,pre_opening,0.08262992029388744,12,-0.3111663890478341,R1,0.555570248949409,-0.8314696016585884,55.01439666748047,53.45561218261719,0.4673700916270415,5.024937629699707,1
0.44869285582472446,12.26362515670169,0,9,12.25094223022461,-0.5470046997070312,61.95248031616211,62.80632019042969,1,43,0.0,0,1.0,35,0.5921054516483553,5.479939249082346,27,26,0.9055270926055269,1,1,0,2.4598526344487803,0.550000011920929,36,pre_opening,0.09316577514012653,12,-0.35552708068459793,R1,0.555570248949409,-0.8314696016585884,56.36838150024414,53.37569046020508,0.4568342367808024,5.590169906616211,1
0.22811629662585553,12.36434469887662,1,9,12.341575622558594,-0.672119140625,68.83769989013672,62.33091354370117,1,48,1.5,1,1.0,40,0.744512396681874,4.3565026646079765,27,26,0.8733108817505071,0,0,1,2.0820746817953655,0.9084548701842626,36,post_opening,0.2632602850596111,12,0.035143988433755546,R1,0.7071067811865475,-0.7071067811865475,64.98140716552734,54.51775360107422,0.6451945851246516,1.0,1
0.2549114881562823,12.396929412878741,1,9,12.3646240234375,-0.786834716796875,70.21781158447266,62.158077239990234,1,49,2.0,1,1.0,41,0.6072533104402286,5.406837030727311,27,26,0.8286357319461936,0,0,1,2.4838464720146822,0.8421865552663803,36,post_opening,0.26846231147646904,12,0.013550823320186756,R1,0.555570248949409,-0.8314696016585884,64.52002716064453,52.96727752685547,0.5737242437899113,1.5,1
0.18125849527959492,12.427087534345727,1,9,12.381103515625,-0.9364128112792969,71.59675598144531,61.95635986328125,1,50,3.0,1,1.0,42,0.7584208875081966,4.247434527960203,27,26,0.78407275863334,0,0,1,2.0657782150676223,0.8088532239198685,36,post_opening,0.20603896056612336,12,0.02478046528652844,R1,0.7071067811865475,-0.7071067811865475,67.70093536376953,54.407493591308594,0.6028142633537451,2.5,1
0.2079149316340636,12.443486180079976,1,9,12.379718780517578,-1.1159515380859375,72.959716796875,61.73063659667969,1,51,3.5,1,1.0,43,0.627975595638073,5.271773151072858,27,26,0.7398818264990996,0,0,1,2.4605430001915183,0.7421865612268448,36,post_opening,0.21021966636180878,12,0.0023047347277451724,R1,0.555570248949409,-0.8314696016585884,67.24684143066406,52.868953704833984,0.531966894865036,3.0,1
0.18190602874399575,12.426132695239561,1,9,12.340648651123047,-1.3206062316894531,74.29312896728516,61.485713958740234,1,52,3.535533905029297,1,1.0,44,0.6408888690660696,5.175330981939359,27,26,0.6959471098148957,0,0,0,2.433439696795019,0.6951585958401362,36,post_opening,0.1811175147692362,12,-0.0007885139747595415,R1,0.555570248949409,-0.8314696016585884,68.61932373046875,52.82868576049805,0.5140410810709,4.0,1
0.12197140808243934,12.367870586279546,1,9,12.25728988647461,-1.5350418090820312,75.58495330810547,61.22603988647461,1,53,2.5495097637176514,1,1.0,45,0.6545861213646782,5.062866330444631,27,26,0.6521295602653363,0,0,1,2.3971463115862375,0.6572937766710917,36,post_opening,0.1271356244881947,12,0.005164216405755373,R1,0.555570248949409,-0.8314696016585884,69.9945068359375,52.783447265625,0.530158152182897,3.8078866004943848,1
0.1278839502255778,12.261353176053241,1,9,12.122993469238281,-1.7451057434082031,76.82459259033203,60.95590591430664,1,54,2.0615527629852295,1,1.0,46,0.5104147634153196,5.999489872186865,27,26,0.6083132357419193,0,0,0,2.701737840438167,0.5909593453009924,36,post_opening,0.11053005978465086,12,-0.017353890440926945,R1,0.3826834370613369,-0.9238795305660376,69.2938003540039,51.61445617675781,0.4804292855163415,3.605551242828369,1
0.07627768974119231,12.421524195689335,1,9,12.383430480957031,0.3508110046386719,62.539405822753906,52.834197998046875,1,46,1.5,1,1.0,38,0.8468686341525367,3.3793534899114035,28,24,0.8364818112116437,0,0,1,1.7393061928939555,0.9140800486008326,34,post_opening,0.15387592713038123,12,0.07759823738918892,R1,0.8314696016585884,0.555570248949409,60.133609771728516,59.150230407714844,0.7602041214704514,1.0,1
0.06456526682957747,9.378373766610693,1,7,9.16269302368164,1.9527359008789062,70.31761932373047,54.59303283691406,0,52,4.4721360206604,1,1.0,46,0.5668488974161005,5.106760726254402,28,24,0.5294152778008058,0,0,0,2.002298993611592,0.5159402936697006,34,post_opening,0.05109028269847232,12,-0.01347498413110515,R1,0.3826834370613369,0.9238795305660376,65.74713134765625,63.72685241699219,0.4648500109712283,6.5,1
0.14672207920578884,12.601379459279201,1,9,12.465492248535156,-1.3596382141113281,73.57520294189453,55.5111083984375,1,48,1.0,1,1.0,40,0.6424502059269194,5.1936074004199435,29,27,0.85092234451401,0,0,1,2.486737109623312,0.8904853562513987,37,post_opening,0.18628509094317747,12,0.03956301173738863,R1,0.555570248949409,-0.8314696016585884,67.77655029296875,46.89311218261719,0.7042002653082212,1.0,1
0.11346007212194342,12.70855742371169,1,9,12.493240356445312,-1.8516502380371094,74.97676849365234,55.03240966796875,1,49,2.0,1,1.0,41,0.6714691934830607,4.999464092934817,29,27,0.8050500559229904,0,0,1,2.4373307389210153,0.8421495407819748,37,post_opening,0.15055955698092782,12,0.0370994848589844,R1,0.555570248949409,-0.8314696016585884,69.1503677368164,46.90642547607422,0.691589983801047,1.5,1
0.1361360895876923,12.83400038540215,1,9,12.513240814208984,-2.4092483520507812,76.37804412841797,54.47865676879883,1,50,2.5,1,1.0,42,0.5504535947705242,5.874489792484867,29,27,0.7594576674943009,0,0,0,2.7305090757052906,0.7517837186654409,37,post_opening,0.12846214075883233,12,-0.007673948828859967,R1,0.3826834370613369,-0.9238795305660376,68.45700073242188,45.801353454589844,0.6233215779066086,1.8027756214141846,1
0.08944998836147888,12.979916077253703,1,9,12.525291442871094,-3.0082435607910156,77.77495574951172,53.85194778442383,1,51,3.5,1,1.0,43,0.5878577515828278,5.661118347086431,29,27,0.7143664487265359,0,0,1,2.680564241056465,0.7183714509010315,37,post_opening,0.0934549905359745,12,0.00400500217449562,R1,0.3826834370613369,-0.9238795305660376,69.84186553955078,45.77363586425781,0.624916460365057,1.1180340051651,1
0.08609950659341892,13.149091510943425,1,9,12.531036376953125,-3.63824462890625,79.16352844238281,53.15510177612305,1,52,4.0,1,1.0,44,0.4608203782110408,6.5182644240747205,29,27,0.6701342065400608,0,0,1,2.9339260830122074,0.6831769049167633,37,post_opening,0.09914220497012138,12,0.013042698376702466,R1,0.19509032931342324,-0.9807852789517082,68.97357940673828,45.02392578125,0.5840346999466419,1.1180340051651,1
0.06158528160546595,13.325194183283408,1,9,12.520187377929688,-4.267822265625,80.54015350341797,52.40224075317383,1,53,3.3541018962860107,1,1.0,45,0.3226452493935466,7.357677359303586,29,27,0.6267330292015709,0,0,0,3.1303348541259766,0.6265244881312052,37,post_opening,0.06137674053510023,12,-0.00020854107036571978,R1,-1.8369701465288538e-16,-1.0,68.01996612548828,44.67006301879883,0.565147747596105,1.5811388492584229,1
0.09222016485984336,13.492740373216334,1,9,12.483070373535156,-4.8792266845703125,81.89086151123047,51.606815338134766,1,54,3.1622776985168457,1,1.0,46,0.36404648932392925,7.185618598290036,29,27,0.584577181711348,0,0,1,3.1299671173095702,0.5931928555170695,37,post_opening,0.10083583866556484,12,0.00861567380572148,R1,-1.8369701465288538e-16,-1.0,69.40779113769531,44.48604202270508,0.4923570168515046,1.0,1
0.1028044760016037,12.086971757088213,1,8,11.099334716796875,-4.631313323974609,81.89086151123047,51.606815338134766,1,54,3.1622776985168457,1,1.0,47,0.1976376073202892,7.6091651214667495,29,27,0.5587568074253632,0,0,0,2.926930255386659,0.5584460993607839,37,post_opening,0.10249376793702447,12,-0.00031070806457922373,R1,-0.19509032931342324,-0.9807852789517082,68.450439453125,44.46870422363281,0.45595233142375946,1.1180340051651,1
0.10067013770004629,12.167191444532783,1,9,12.15847396850586,-0.1026153564453125,48.727806091308594,52.606441497802734,1,36,1.1180340051651,1,1.0,28,0.562567668752047,5.649646180194234,30,27,0.5189983111586225,0,0,0,2.532777256324093,0.5110365351041158,37,pre_opening,0.09270836164553964,12,-0.007961776054506653,R1,0.555570248949409,-0.8314696016585884,43.236175537109375,42.731422424316406,0.4183281734585762,1.1180340051651,1
0.14736315695391528,12.211475485672148,0,9,12.202030181884766,-0.26633453369140625,50.098777770996094,52.51791000366211,1,37,0.0,0,1.0,29,0.5735821748949242,5.588998976263271,30,27,0.5708637941673044,1,1,0,2.5171947959300938,0.5178317949175835,37,pre_opening,0.09433115770419437,12,-0.05303199924972091,R1,0.555570248949409,-0.8314696016585884,44.56359100341797,42.806610107421875,0.4235006372133891,1.4142135381698608,1
0.1940183555951161,12.249511919746173,0,9,12.237545013427734,-0.41131591796875,51.47046661376953,52.42131042480469,1,38,0.0,0,1.0,30,0.5831874397206358,5.535051178145831,30,27,0.6209450528890335,1,1,0,2.5024859814168905,0.5229922731717428,37,pre_opening,0.09606557587782544,12,-0.09795277971729066,R1,0.555570248949409,-0.8314696016585884,45.89976501464844,42.8549919128418,0.42692669729391736,2.1213202476501465,1
0.22770944738738502,12.282343320419987,0,9,12.266727447509766,-0.5384063720703125,52.83915710449219,52.318359375,1,39,0.0,0,1.0,31,0.5914953096146573,5.4876617860806585,30,27,0.6699040631885604,1,1,0,2.4902732882226393,0.5275793522596359,37,pre_opening,0.08538473645846051,12,-0.1423247109289245,R1,0.555570248949409,-0.8314696016585884,47.23927307128906,42.87913131713867,0.4421946158011754,2.692582368850708,1
0.2623659225288349,12.309765363124356,0,9,12.289939880371094,-0.6479148864746094,54.21189880371094,52.21075439453125,1,40,0.0,0,1.0,32,0.5985733672866589,5.446624657212727,30,27,0.7175089917563714,1,1,0,2.47779319856454,0.5320240954558054,37,pre_opening,0.07688102622826892,12,-0.18548489630056597,R1,0.555570248949409,-0.8314696016585884,48.588802337646484,42.88103485107422,0.4551430692275365,3.1622776985168457,1
0.2960483637298366,12.342709123102713,0,9,12.318687438964844,-0.7390403747558594,55.59574890136719,52.10132598876953,1,41,0.0,0,1.0,33,0.6043663220447597,5.415139910366904,30,27,0.7646446185156922,1,1,0,2.466943357833967,0.53317591547966,37,pre_opening,0.06457966069380444,12,-0.23146870303603218,R1,0.555570248949409,-0.8314696016585884,49.943904876708984,42.86273193359375,0.4685962547858556,3.8078866004943848,1
0.1161535492039828,12.53164318431238,1,9,12.505813598632812,-0.3523712158203125,65.344970703125,51.96598815917969,1,48,1.0,1,1.0,40,0.6869102994944482,4.8546059919875795,30,27,0.8937431087590365,0,0,1,2.328986160672604,0.9150919367869695,37,post_opening,0.13750237723191583,12,0.02134882802793303,R1,0.7071067811865475,0.7071067811865475,61.324440002441406,60.80364227294922,0.7775895595550537,1.0,1
0.0671068989439284,12.559869667937207,1,9,12.529151916503906,-0.085113525390625,66.74105072021484,52.125640869140625,1,49,2.0,1,1.0,41,0.7022870312946157,4.738263698139405,30,27,0.8393796844485875,0,0,1,2.3039243632838318,0.881768062710762,37,post_opening,0.10949527720610297,12,0.042388378262174564,R1,0.7071067811865475,0.7071067811865475,62.697181701660156,60.69603729248047,0.772272785504659,1.5,1
0.03537194385170844,13.310943737328332,1,8,10.6190185546875,-8.025409698486328,48.718936920166016,46.28047180175781,1,33,1.5811388492584229,1,1.0,26,0.9445510868800377,2.2040230115808224,31,29,0.42328429673155055,0,0,1,1.0840356098803838,0.5093913301825523,39,before_event,0.12147897730271023,12,0.08610703345100179,R1,0.555570248949409,-0.8314696016585884,44.766761779785156,44.3282470703125,0.3879123528798421,1.5811388492584229,1
0.03680528065673899,13.335483750614404,1,8,10.650459289550781,-8.024856567382812,50.074256896972656,45.245609283447266,1,34,2.692582368850708,1,1.0,27,0.9440724366397737,2.218250257633137,31,29,0.3826886091243465,0,0,1,1.0947582685129704,0.4687837188442548,39,before_event,0.1229003903766473,12,0.0860951097199083,R1,0.555570248949409,-0.8314696016585884,46.090641021728516,43.29283142089844,0.3458833284676075,2.2360680103302,1
0.13637194917643802,12.70659043289055,1,7,9.725574493408203,-8.176887512207031,66.69963836669922,31.55457305908203,1,46,1.0,1,1.0,40,0.765417772103698,4.243656543001792,31,29,0.7642318247362448,0,0,1,2.058157444000244,0.8336587349573771,39,post_opening,0.20579885939757026,12,0.06942691022113223,R1,1.0,0.0,68.97406005859375,39.73146057128906,0.6278598755598068,1.1180340051651,1
0.10319766498780691,12.644402790833633,1,7,9.708332061767578,-8.099763870239258,68.07682800292969,30.458772659301758,1,47,1.0,1,1.0,41,0.7678521231725687,4.208857748154749,31,29,0.7073512409843647,0,0,1,2.0512384176254272,0.7649875481923422,39,post_opening,0.16083397219578432,12,0.05763630720797741,R1,1.0,0.0,70.36849975585938,38.558536529541016,0.6041535759965578,1.0,1
0.22210170548327152,12.05050149790615,0,8,8.977439880371094,-7.966094970703125,45.930259704589844,72.27272033691406,1,67,0.0,0,1.0,60,0.8994366637740009,2.6910774696782283,32,44,0.6506522444006541,1,0,0,1.385239481557114,0.55563371522086,54,post_opening,0.12708317630347749,12,-0.09501852917979403,R3,0.3826834370613369,-0.9238795305660376,41.545021057128906,69.15225982666016,0.42855053891738254,1.1180340051651,1
0.2347216243389268,12.402216380560336,0,8,8.955005645751953,-8.527877807617188,47.0419921875,70.99827575683594,1,68,0.0,0,1.0,61,0.9142573068671813,2.5288779023887082,32,44,0.6475540309988478,1,0,0,1.3190723853375554,0.5656490921974182,54,post_opening,0.15281668553749722,12,-0.08190493880142957,R3,0.3826834370613369,-0.9238795305660376,42.6791877746582,68.4395980834961,0.412832406659921,1.0,1
0.2718132087084455,12.054714896490868,0,7,7.0532379150390625,-9.775291442871094,63.83671569824219,48.44868469238281,1,84,0.0,0,1.0,78,0.8109427591082338,3.6978876825259026,32,44,0.6244605206939382,1,0,0,1.7667140960693364,0.5050706639885902,54,post_opening,0.15242335200309753,12,-0.11938985670534796,R3,-1.8369701465288538e-16,-1.0,56.783477783203125,46.223976135253906,0.3526473119854927,1.0,1
0.16561291927076582,13.492450014577098,0,9,10.07803726196289,-8.901702880859375,47.0130729675293,71.35250091552734,1,68,0.0,0,1.0,60,0.898437477516479,2.9524556652812994,34,42,0.5941945221421838,1,0,0,1.5540858169130092,0.5556338599749974,52,post_opening,0.12705225710357937,12,-0.038560662167186455,R3,0.3826834370613369,-0.9238795305660376,41.52723693847656,69.16764831542969,0.428581602871418,1.1180340051651,1
0.1918058572536615,12.155453738003224,0,8,8.944107055664062,-8.193351745605469,47.0130729675293,71.35250091552734,1,68,0.0,0,1.0,61,0.9062458102426654,2.612934755422128,34,42,0.5977064734524397,1,0,0,1.3384916889898593,0.5656490921974182,52,post_opening,0.15974847599864006,12,-0.032057381255021444,R3,0.3826834370613369,-0.9238795305660376,42.66116714477539,68.45929718017578,0.40590061619877815,1.0,1
0.010201716945369865,12.77832785082402,0,8,9.180068969726562,-8.87127685546875,59.479156494140625,58.78710174560547,1,79,0.5,0,1.0,72,0.7190975709878674,4.654341093588719,34,42,0.3764977733037871,0,0,1,2.292289310031467,0.4721701443195343,52,post_opening,0.08547065407037735,12,0.09567237101574722,R3,1.0,0.0,62.29908752441406,67.65837860107422,0.38669949024915695,1.0,1
0.2688442392234011,12.609765450324636,0,9,10.023117065429688,-7.585823059082031,47.098533630371094,72.85539245605469,1,62,0.0,0,1.0,54,0.7474460541490935,4.373675793688929,36,36,0.6971023614788059,1,0,0,2.1283094355004373,0.5579895873864492,46,post_opening,0.12973146513104444,12,-0.13911277409235667,R3,0.19509032931342324,-0.9807852789517082,39.416500091552734,68.67179107666016,0.42825812225540477,1.0,1
0.04251475034780261,13.277684619113263,0,8,9.308589935302734,-9.4635009765625,61.691341400146484,61.69966125488281,1,60,0.7071067690849304,0,1.0,53,0.8360258271515839,3.669585418251003,37,33,0.32143944152819076,0,0,1,1.815365696989373,0.5607998073101044,43,post_opening,0.2818751161297162,12,0.2393603657819136,R3,0.19509032931342324,-0.9807852789517082,54.72383499145508,59.39373779296875,0.27892469118038815,1.1180340051651,1
0.033691006635544696,13.532739832910355,0,8,10.082317352294922,-9.023967742919922,70.72886657714844,55.90791702270508,1,61,0.5,0,1.0,54,0.9436308315777648,2.272060791252546,39,30,0.4921133955169896,0,0,1,1.1409803115479737,0.5421017289161683,40,post_opening,0.08367934003472333,12,0.04998833339917863,R3,0.9238795305660376,-0.3826834370613369,71.73310089111328,60.339683532714844,0.45842238888144493,2.0615527629852295,1
0.020654832437409898,13.496413882089906,0,8,10.117767333984375,-8.926197052001953,72.0165786743164,54.87661361694336,1,62,0.5,0,1.0,55,0.9459739195129353,2.2204768763499816,39,30,0.4471156647948165,0,0,1,1.133400364642084,0.541957788169384,40,post_opening,0.11549695581197739,12,0.09484212337456749,R3,0.9238795305660376,-0.3826834370613369,72.98536682128906,59.210609436035156,0.4264608323574066,1.8027756214141846,1
0.03978205442937499,13.413430636063753,0,8,10.13778305053711,-8.773357391357422,73.2923583984375,53.88865280151367,1,63,0.5,0,1.0,56,0.9490230041336465,2.143725070263313,39,30,0.4046319335253267,0,0,1,1.1133307353224953,0.5396154721577963,40,post_opening,0.17476559306184453,12,0.13498353863246954,R3,0.9238795305660376,-0.3826834370613369,74.24112701416016,58.06980895996094,0.36484987909595173,1.5811388492584229,1
0.027188524670819614,13.273926749907618,0,8,10.132514953613281,-8.56142807006836,74.54325103759766,52.950679779052734,1,64,0.5,0,1.0,57,0.9526826791048089,2.0411366326529476,39,30,0.3598373756482404,0,0,1,1.0788256165108387,0.5336785435676574,40,post_opening,0.20102969259023662,12,0.173841167919417,R3,0.9238795305660376,-0.3826834370613369,75.4972915649414,56.91990661621094,0.3326488509774208,1.4142135381698608,1
0.044333559190297966,13.069707700888328,0,8,10.093551635742188,-8.28738021850586,75.75799560546875,52.06822204589844,1,65,0.5,0,1.0,58,0.8818147589254632,3.0889720781750607,39,30,0.3153119180749504,0,0,1,1.6257798212776295,0.5299185514450073,40,post_opening,0.2589401925603549,12,0.21460663337005692,R3,0.9807852789517082,-0.19509032931342324,77.43386840820312,58.01451873779297,0.27097835888465244,1.5,1
0.03151876346929222,12.801962830303916,0,8,10.0140380859375,-7.960391998291016,76.92716979980469,51.24542999267578,1,66,0.5,0,1.0,59,0.8891608991065912,2.943552655659972,39,30,0.27215113855067247,0,0,1,1.5580658209801725,0.4924507141113281,40,post_opening,0.2518183390299479,12,0.22029957556065566,R3,0.9807852789517082,-0.19509032931342324,78.68255615234375,56.86473846435547,0.24063237508138022,1.0,1
0.12176290279272678,12.73100681463186,0,17,12.545209884643555,-1.7181320190429688,26.545209884643555,64.28186798095703,1,16,0.0,0,1.0,0,0.748395236375548,4.384637749040518,40,23,0.5164807202979275,1,0,0,1.5133784088549294,0.4904617721384222,33,before_event,0.0957439546332215,12,-0.026018948159505284,R1,0.8314696016585884,0.555570248949409,23.97763442993164,72.66683959960938,0.3947178175052007,1.5,1
0.12378135123121814,12.604586583215623,0,16,12.418967247009277,-1.7248306274414062,26.545209884643555,64.28186798095703,1,16,0.0,0,1.0,1,0.7471366833189911,4.369789195912054,40,23,0.5162910351978548,1,0,0,1.5701171860184422,0.4904617721384222,33,before_event,0.09795208817178552,12,-0.025829263059432617,R1,0.8314696016585884,0.555570248949409,24.103878021240234,72.67353820800781,0.39250968396663666,1.5,1
0.1254946775486095,12.366048962787538,0,15,12.180846214294434,-1.738922119140625,26.545209884643555,64.28186798095703,1,16,0.0,0,1.0,2,0.744607795299678,4.344852357585524,40,23,0.5159225625048104,1,0,0,1.607961352926819,0.4904617721384222,33,before_event,0.10003388718222128,12,-0.02546079036638821,R1,0.8314696016585884,0.555570248949409,24.341999053955078,72.68762969970703,0.3904278849562009,1.5,1
0.12545270186042795,12.028520157905493,0,14,11.844030380249023,-1.7608489990234375,26.545209884643555,64.28186798095703,1,16,0.0,0,1.0,3,0.740731770194405,4.315940481485079,40,23,0.5153196326034865,1,0,0,1.6307121151108068,0.4721612589699881,33,before_event,0.08229432822692961,12,-0.04315837363349834,R1,0.8314696016585884,0.555570248949409,24.678813934326172,72.70955657958984,0.3898669307430585,1.5,1
0.1321359292015179,12.775644160200645,0,14,12.554530143737793,-2.0727615356445312,27.690881729125977,63.988311767578125,1,17,0.0,0,1.0,4,0.7298640479361058,4.555793416303199,40,23,0.5199525346701089,1,0,0,1.8149547328902595,0.4721612589699881,33,before_event,0.08434465350139708,12,-0.04779127570012082,R1,0.8314696016585884,0.555570248949409,25.11398696899414,72.72791290283203,0.38781660546859104,1.5,1
0.1317467634285741,12.253601448535498,0,13,12.032706260681152,-2.0878753662109375,27.690881729125977,63.988311767578125,1,17,0.0,0,1.0,5,0.5758080087074574,5.576197371237007,40,23,0.5201953395610306,1,0,0,2.176743473435382,0.46135421097278595,33,before_event,0.07290563484032947,12,-0.05884112858824464,R1,0.7071067811865475,0.7071067811865475,24.143455505371094,74.56147003173828,0.3884485761324565,1.5,1
0.14144143859531205,12.85473143526999,0,13,12.596237182617188,-2.3882598876953125,28.862340927124023,63.68913269042969,1,18,0.0,0,1.0,6,0.5630082673600547,5.812355235270851,40,23,0.5218566944200369,1,0,0,2.355972320546209,0.46135421097278595,33,before_event,0.0809389551480611,12,-0.060502483447250954,R1,0.7071067811865475,0.7071067811865475,24.751384735107422,74.56267547607422,0.38041525582472485,1.5811388492584229,1
0.12535846691168934,12.172331804334922,0,12,11.913936614990234,-2.3766326904296875,28.862340927124023,63.68913269042969,1,18,0.0,0,1.0,7,0.7067182843173883,4.624220199832725,40,23,0.5244713297569512,1,0,0,1.9276339437704242,0.45673293868700665,33,before_event,0.05762007584174478,12,-0.06773839106994456,R1,0.8314696016585884,0.555570248949409,26.926040649414062,72.73260498046875,0.3991128628452619,1.5,1
0.024893118505082246,13.068941922088413,0,11,12.67369270324707,-3.186809539794922,34.94417953491211,62.13296127319336,1,23,0.0,0,1.0,13,0.6708868573723028,5.107913499927175,40,23,0.5354914973819273,1,0,1,2.335083225036508,0.5703048706054688,33,before_event,0.059706491728623745,12,0.0348133732235415,R1,0.8314696016585884,0.555570248949409,32.24812316894531,71.98661041259766,0.510598378876845,1.0,1
0.1339100022839178,12.293582212014183,1,9,12.268657684326172,-0.7536277770996094,65.61784362792969,57.65116882324219,1,46,1.5,1,1.0,38,0.7491302731302802,4.303846696822319,40,23,0.7591057414538334,0,0,1,2.017083836781821,0.8360258787870407,33,post_opening,0.21083013961712516,12,0.07692013733320735,R1,0.7071067811865475,-0.7071067811865475,61.83446502685547,49.919517517089844,0.6251957391699156,1.0,1
0.07244142332495129,12.246928650667211,1,9,12.227645874023438,-0.66632080078125,66.93054962158203,57.60676193237305,1,47,1.4142135381698608,1,1.0,39,0.7445345109805703,4.3342066536942,40,23,0.6789177501084495,0,0,1,2.0369991330751462,0.7196384953955809,33,post_opening,0.11316216861208273,12,0.04072074528713143,R1,0.7071067811865475,-0.7071067811865475,63.18818664550781,49.787803649902344,0.6064763267834982,1.4142135381698608,1
0.04468113944947416,12.149262602398313,1,9,12.134037017822266,-0.5908317565917969,68.19784545898438,57.570587158203125,1,48,1.1180340051651,1,1.0,40,0.9413978620095845,2.068101982963502,40,23,0.6111659620306858,0,0,1,1.0179382464164568,0.6776011673112711,33,post_opening,0.11111634473005938,12,0.06643520528058522,R1,0.9238795305660376,-0.3826834370613369,67.15036010742188,53.569217681884766,0.5664848225812117,2.5,1
0.04085440145583996,10.781987484110962,1,8,10.769882202148438,-0.49851226806640625,68.19784545898438,57.570587158203125,0,48,1.1180340051651,1,1.0,41,0.8562688228738871,3.1094999444405675,40,23,0.5681980645323996,0,0,1,1.3958846045012119,0.6482117758555845,33,post_opening,0.12086811277902487,12,0.08001371132318491,R1,0.8314696016585884,-0.555570248949409,67.40560150146484,51.40225601196289,0.5273436630765597,1.0,1
0.03878359853632407,12.809489855920702,0,10,10.60870361328125,-7.112354278564453,34.08031463623047,61.658634185791016,1,19,0.0,0,1.0,10,0.554278858446313,5.857152937405508,41,21,0.5117171740473028,1,0,1,2.697223196092624,0.5271919866402944,31,before_event,0.05425841112931573,12,0.01547481259299166,R1,0.9238795305660376,0.3826834370613369,34.55816650390625,73.36318969726562,0.4729335755109787,2.2360680103302,1
0.009646572669805564,13.088357133764122,0,10,11.372650146484375,-6.403964996337891,37.71995162963867,60.01518630981445,1,22,0.0,0,1.0,13,0.45190603543563734,6.572518574238975,41,21,0.4974281271303311,1,0,1,2.949460317149209,0.5388291478157043,31,before_event,0.05104759335517883,12,0.04140102068537327,R1,0.8314696016585884,0.555570248949409,36.32493591308594,73.08599090576172,0.4877815544605255,1.1180340051651,1
0.16029671538970391,12.291143903541785,1,9,12.286869049072266,0.2814674377441406,67.1133804321289,57.10860824584961,1,44,1.0,1,1.0,36,0.8185278618920447,3.6609967298184043,41,21,0.7544843947798164,0,0,1,1.7558628386154893,0.8386779129505157,31,post_opening,0.24449023356040323,12,0.08419351817069931,R1,0.8314696016585884,-0.555570248949409,64.80414581298828,50.16029739379883,0.5941876793901125,1.0,1
0.08906003696028986,12.201941871552728,1,9,12.196243286132812,0.34845733642578125,68.38024139404297,57.16902160644531,1,45,1.4142135381698608,1,1.0,37,0.9125735415374293,2.531872534494404,41,21,0.6779794679314355,0,0,1,1.2458925083725243,0.7772180115183195,31,post_opening,0.18829858054717385,12,0.099238543586884,R1,0.9238795305660376,-0.3826834370613369,67.27055358886719,52.228363037109375,0.5889194309711456,1.5,1
0.07559969372922837,10.832111105068618,1,8,10.8265380859375,0.3299102783203125,68.38024139404297,57.16902160644531,0,45,1.4142135381698608,1,1.0,38,0.9117950267298468,2.464487308483259,41,21,0.6435837655998733,0,0,0,1.1136756387491098,0.6397040716626428,31,post_opening,0.07171999979199783,12,-0.003879693937230533,R1,0.9238795305660376,-0.3826834370613369,68.6402587890625,52.246910095214844,0.5679840718706449,1.8027756214141846,1
0.0850255282774689,9.453293547933388,1,7,9.44803237915039,0.3005867004394531,68.38024139404297,57.16902160644531,0,45,1.4142135381698608,1,1.0,39,0.9112435026876932,2.5799282555412737,41,21,0.5989068440651022,0,0,0,0.9755737159682267,0.5803194181485609,31,post_opening,0.06643810236092762,12,-0.018587425916541278,R1,0.9238795305660376,-0.3826834370613369,70.01876068115234,52.2762336730957,0.5138813157876333,1.5811388492584229,1
0.06300449682912573,8.072271904375134,1,6,8.06729507446289,0.2725639343261719,68.38024139404297,57.16902160644531,0,45,1.4142135381698608,1,1.0,40,0.8122354901334362,3.598776556112919,41,21,0.5388949867451325,0,0,1,1.185876863504952,0.5433828741312027,31,post_opening,0.06749238421519593,12,0.0044878873860701995,R1,0.8314696016585884,-0.555570248949409,70.29058074951172,50.2296142578125,0.47589048991600674,1.1180340051651,1
0.10958861493937089,12.277672671660756,0,9,12.275260925292969,-0.10532760620117188,67.88611602783203,58.530616760253906,1,44,0.7071067690849304,0,1.0,36,0.7131478432296181,4.598573697503227,42,21,0.8205589670327496,0,0,1,2.191955899135511,0.8694507131973902,31,post_opening,0.15848036110401154,12,0.04889174616464065,R1,0.7071067811865475,-0.7071067811865475,64.09613800048828,50.150665283203125,0.7109703520933787,1.0,1
0.08257290292909969,12.12119383819974,0,9,12.118194580078125,-0.17039108276367188,69.11261749267578,58.487422943115234,1,45,0.7071067690849304,0,1.0,37,0.8391983914089018,3.4200100263464823,42,21,0.7677824230902516,0,0,1,1.6978253537805617,0.8163087964057922,31,post_opening,0.13109927624464035,12,0.04852637331554066,R1,0.8314696016585884,-0.555570248949409,66.97206115722656,51.990970611572266,0.6852095201611519,1.5,1
0.08351693044123376,10.736273648145353,0,8,10.733474731445312,-0.19394683837890625,69.11261749267578,58.487422943115234,0,45,0.7071067690849304,0,1.0,38,0.9306424533951145,2.2062019249543554,42,21,0.7442773604394727,0,0,0,1.0166496184008276,0.7174144184047525,31,post_opening,0.05665398840651359,12,-0.026862942034720172,R1,0.9238795305660376,-0.3826834370613369,69.4656982421875,54.089168548583984,0.6607604299982389,2.1213202476501465,1
0.09537250094275107,7.968395607880254,0,6,7.965679168701172,-0.20240402221679688,69.11261749267578,58.487422943115234,0,45,0.7071067690849304,0,1.0,40,0.9333020885285753,2.6930542464378995,42,21,0.6728181644545042,0,0,0,0.7349155466408741,0.6301953513175249,31,post_opening,0.05274968780577183,12,-0.04262281313697924,R1,0.9238795305660376,-0.3826834370613369,72.23348999023438,54.097625732421875,0.5774456635117531,1.4142135381698608,1
0.05442481906471208,12.561377418131695,1,9,12.559825897216797,-0.194183349609375,66.50463104248047,52.96829605102539,1,49,1.5,1,1.0,41,0.69609124591225,4.794137040767664,43,27,0.8246946898227687,0,0,1,2.256503291867763,0.8536435638864835,37,post_opening,0.0833736931284269,12,0.028948874063714825,R1,0.7071067811865475,0.7071067811865475,62.430084228515625,61.64775848388672,0.7702698707580566,1.1180340051651,1
0.021199372212771128,12.568995868298257,1,9,12.567279815673828,-0.20172119140625,67.90673828125,52.93365478515625,1,50,2.0,1,1.0,42,0.9837900067904701,1.1416490804297876,43,27,0.7680834338572458,0,0,1,0.56234655068306,0.8096071581045786,37,post_opening,0.06272309646010399,12,0.04152372424733286,R1,0.9807852789517082,-0.19509032931342324,67.10887908935547,50.79429244995117,0.7468840616444746,1.0,1
0.07784228604792853,12.581230880548599,1,9,12.578784942626953,-0.22794342041015625,69.3092269897461,52.88138198852539,1,51,2.0,1,1.0,43,0.9841589855314682,1.1314185464561324,43,27,0.7130623554861476,0,0,1,0.5632504936752729,0.7260381852587064,37,post_opening,0.09081811582048738,12,0.012975829772558845,R1,0.9807852789517082,-0.19509032931342324,68.49986267089844,50.76824188232422,0.6352200694382191,1.0,1
0.08097509530381986,12.586966855687038,1,9,12.583110809326172,-0.27069091796875,70.70771026611328,52.81382369995117,1,52,1.4142135381698608,1,1.0,44,0.984754274992908,1.112274389705293,43,27,0.6579925652563237,0,0,1,0.5612745155689057,0.6850358148415884,37,post_opening,0.10801834488908457,12,0.027043249585264717,R1,0.9807852789517082,-0.19509032931342324,69.8940200805664,50.743431091308594,0.5770174699525038,1.0,1
0.08312984324408801,12.586414785388667,1,9,12.579757690429688,-0.3385963439941406,72.09737396240234,52.72249221801758,1,53,1.1180340051651,1,1.0,45,0.9856793412755765,1.0801151438350274,43,27,0.6019926855158133,0,0,0,0.5554247733137809,0.6015326182047526,37,post_opening,0.08266977593302727,12,-0.00046006731106074117,R1,0.9807852789517082,-0.19509032931342324,71.28704071044922,50.72000503540039,0.5188628422717253,1.0,1
0.5585293786876036,12.197613162614275,0,7,9.867443084716797,-7.167961120605469,73.35018157958984,33.588348388671875,1,48,0.5,0,1.0,42,0.5877232177561263,5.493519654149462,44,27,0.2823654992230104,0,0,1,2.472645998001099,0.9010453820228577,37,post_opening,0.06015050411224365,12,0.6186798827998472,R1,-1.8369701465288538e-16,-1.0,63.48273849487305,28.756309509277344,0.840894877910614,1.0,1
0.1362912347648509,12.666133971408005,0,17,12.655755996704102,0.5102310180664062,22.6557559967041,66.5102310180664,1,16,0.5,0,1.0,0,0.5886137107203402,5.601313986761643,45,26,0.4926984623803663,0,0,1,2.0021575916520176,0.508548378944397,36,before_event,0.15214115132888156,12,0.015849916564030675,R1,0.555570248949409,0.8314696016585884,16.66684341430664,75.9776382446289,0.3564072276155154,1.1180340051651,1
0.14139651065109182,12.538779354177013,0,16,12.52852725982666,0.5045700073242188,22.6557559967041,66.5102310180664,1,16,0.5,0,1.0,1,0.588579461170128,5.569972408229167,45,26,0.49250464941102273,0,0,1,2.0686106986197133,0.508548378944397,36,before_event,0.15744024018446606,12,0.01604372953337424,R1,0.555570248949409,0.8314696016585884,16.794071197509766,75.9832992553711,0.3511081387599309,1.1180340051651,1
0.10692743404261512,12.296547340079918,0,15,12.286540031433105,0.493682861328125,22.6557559967041,66.5102310180664,1,16,0.5,0,1.0,2,0.7349258608476422,4.424795156025881,45,26,0.4921249319469158,0,0,1,1.7606711095510745,0.508548378944397,36,before_event,0.12335088104009628,12,0.01642344699748116,R1,0.7071067811865475,0.7071067811865475,18.854496002197266,74.5018310546875,0.3851974979043007,1.0,1
0.1341683865628837,13.108291791176402,0,15,13.098481178283691,0.4972686767578125,23.812313079833984,66.5295181274414,1,17,0.5,0,1.0,3,0.5867133808919739,5.728075238197567,45,26,0.4942636714420913,0,0,1,2.301805132694065,0.5050708055496216,36,before_event,0.14497552067041397,12,0.010807134107530258,R1,0.555570248949409,0.8314696016585884,17.380674362182617,76.0098876953125,0.3600952848792076,1.1180340051651,1
0.12319435625357217,12.661609273871456,0,14,12.652241706848145,0.47737884521484375,23.812313079833984,66.5295181274414,1,17,0.5,0,1.0,4,0.5865248955805703,5.614266042697748,45,26,0.4937597284623264,0,0,1,2.2752666297585207,0.5050708055496216,36,before_event,0.13450543334086734,12,0.011311077087295174,R1,0.555570248949409,0.8314696016585884,17.826913833618164,76.02977752685547,0.37056537220875424,1.0,1
0.10923329547699306,12.125940185750654,0,13,12.117074966430664,0.45418548583984375,23.812313079833984,66.5295181274414,1,17,0.5,0,1.0,5,0.5863245606615395,5.486373493042906,45,26,0.4932600563333036,0,0,1,2.221741006724319,0.5177080631256104,36,before_event,0.1336813022692998,12,0.024448006792306742,R1,0.555570248949409,0.8314696016585884,18.36208152770996,76.05297088623047,0.38402676085631055,1.0,1
0.09247602956468665,12.68342209013635,0,13,12.675042152404785,0.4197540283203125,24.992219924926758,66.52051544189453,1,18,0.7071067690849304,0,1.0,6,0.7301234820701339,4.544415434036756,45,26,0.4956024928587159,0,0,1,1.9769732398007949,0.5177080631256104,36,before_event,0.11458159983158112,12,0.02210557026689447,R1,0.7071067811865475,0.7071067811865475,20.802459716796875,74.58604431152344,0.40312646329402924,1.1180340051651,1
0.09794477581424937,13.188838777689217,0,13,13.180315971374512,0.3473052978515625,26.188444137573242,66.47754669189453,1,19,0.5,0,1.0,7,0.9336392799089062,2.3665896597906464,45,26,0.49778393119020686,0,0,0,1.0665178202064596,0.4942060460646947,36,before_event,0.09436689068873721,12,-0.003577885125512159,R1,0.9238795305660376,0.3826834370613369,24.094680786132812,70.72244262695312,0.3998391553759575,1.4142135381698608,1
0.09823821087905915,12.433783840496831,0,12,12.425882339477539,0.316680908203125,26.188444137573242,66.47754669189453,1,19,0.5,0,1.0,8,0.8453541450969098,3.402882352970721,45,26,0.49550007631608994,0,0,0,1.5327714703490025,0.4904617721384222,36,before_event,0.09319990670139139,12,-0.005038304177667763,R1,0.8314696016585884,0.555570248949409,23.740196228027344,72.82770538330078,0.3972618654370308,1.5,1
0.10468584889886418,12.838060631594686,0,12,12.82796573638916,0.2017364501953125,27.405725479125977,66.39461517333984,1,20,0.5,0,1.0,9,0.8401027873757961,3.532773055708534,45,26,0.49695476486998436,0,0,0,1.6036835904801068,0.4857670307159424,36,before_event,0.09349811474482222,12,-0.01118773415404195,R1,0.8314696016585884,0.555570248949409,24.555395126342773,72.8597183227539,0.3922689159711202,1.5,1
0.11147095798006895,13.203721281666187,0,12,13.187211990356445,0.03191375732421875,28.636049270629883,66.2614517211914,1,21,0.5,0,1.0,10,0.708815941719027,4.83651747009499,45,26,0.49865786769540354,0,0,0,2.1615386560287666,0.4857670307159424,36,before_event,0.09858012100060781,12,-0.01289083697946114,R1,0.7071067811865475,0.7071067811865475,23.934118270874023,74.7148208618164,0.3871869097153346,1.5,1
0.11779650720525853,12.286612764926303,0,11,12.271013259887695,-0.0089263916015625,28.636049270629883,66.2614517211914,1,21,0.5,0,1.0,11,0.7065922184533682,4.649821509192921,45,26,0.49749377789665333,0,0,0,2.032180882875062,0.48260188764996,36,before_event,0.10290461695856518,12,-0.014891890246693351,R1,0.7071067811865475,0.7071067811865475,24.850317001342773,74.75566101074219,0.3796972706913948,1.5811388492584229,1
0.12865221075643773,12.58496922512416,0,11,12.555150985717773,-0.2481536865234375,29.882076263427734,66.06610870361328,1,22,0.5,0,1.0,12,0.6929954030174967,4.817591627363215,45,26,0.5042860092960763,0,0,0,2.1118850690730038,0.4835248701274395,36,before_event,0.10789107158780098,12,-0.020761139168636755,R1,0.7071067811865475,0.7071067811865475,25.812206268310547,74.79954528808594,0.3756337985396385,1.5811388492584229,1
0.13032305131556993,12.866415321581373,0,11,12.811187744140625,-0.5488662719726562,31.14087677001953,65.80748748779297,1,23,0.5,0,1.0,13,0.6761921048130524,5.008226244508215,45,26,0.5144024232050022,0,0,0,2.194164540106557,0.4894929528236389,36,before_event,0.10541358093420666,12,-0.024909470381363263,R1,0.7071067811865475,0.7071067811865475,26.814970016479492,74.84163665771484,0.38407937188943225,1.5,1
0.1245027122327052,13.134810163034436,0,11,13.040481567382812,-0.909515380859375,32.40959930419922,65.4869155883789,1,24,0.5,0,1.0,14,0.6561951647614193,5.220442677451358,45,26,0.5269389562237623,0,0,0,2.281289830998701,0.4999348719914754,36,before_event,0.09749862800041831,12,-0.027004084232286896,R1,0.7071067811865475,0.7071067811865475,27.854398727416992,74.8817138671875,0.4024362439910571,1.5,1
0.10099942264328504,12.066745393793715,0,10,11.973072052001953,-0.9469223022460938,32.40959930419922,65.4869155883789,1,24,0.5,0,1.0,15,0.649156331707585,5.02820001159915,45,26,0.5352871544894586,0,0,0,2.124518906208451,0.5133972525596618,36,before_event,0.07910952071348826,12,-0.021889901929796785,R1,0.7071067811865475,0.7071067811865475,28.92180824279785,74.91912078857422,0.4342877318461736,1.5,1
0.11443699893466103,12.31014818859955,0,10,12.159561157226562,-1.3721847534179688,33.688446044921875,65.09896087646484,1,25,0.5,0,1.0,16,0.4588281086868862,6.3045307178722885,45,26,0.5379666735441632,0,0,0,2.566221608381966,0.5354104439417521,36,before_event,0.11188076933224994,12,-0.0025562296024110864,R1,0.555570248949409,0.8314696016585884,28.195728302001953,76.44878387451172,0.42352967460950214,1.5,1
0.06558733654682553,13.372855001364595,0,10,12.721120834350586,-3.7050514221191406,38.90956497192383,62.77249526977539,1,29,0.0,0,1.0,20,0.6429439521135721,5.364299361339692,45,26,0.5516444640623005,1,0,0,2.2991298948957652,0.5388291478157043,36,before_event,0.05277202030022937,12,-0.012815316246596153,R1,0.8314696016585884,0.555570248949409,36.166080474853516,73.1443862915039,0.486057127515475,1.1180340051651,1
0.006895683720402723,13.079771862465842,0,8,9.638427734375,-8.840084075927734,58.8155517578125,46.13798141479492,1,45,0.7071067690849304,0,1.0,38,0.9882920135742199,1.0997768132255,45,26,0.8152952368206707,0,0,1,0.4777059841539047,0.8671227321028709,36,post_opening,0.05872317900260293,12,0.05182749528220021,R1,0.8314696016585884,-0.555570248949409,59.15475845336914,48.311222076416016,0.808399553100268,1.1180340051651,1
0.09423717263137155,13.060436597006268,0,8,9.574005126953125,-8.881145477294922,60.000030517578125,44.9898681640625,1,46,0.5,0,1.0,39,0.5863729058652122,5.717479553298042,45,26,0.7581235160707916,0,0,1,2.630463536898067,0.8084387345747515,36,post_opening,0.14455239113533136,12,0.05031521850395981,R1,0.9807852789517082,0.19509032931342324,62.19544982910156,56.21209716796875,0.6638863434394201,1.4142135381698608,1
0.06723801738744373,13.079299290276397,0,8,9.530986785888672,-8.954727172851562,61.19285202026367,43.81665802001953,1,47,0.5,0,1.0,40,0.5812074977187326,5.757732680548471,45,26,0.7040700410477856,0,0,1,2.635200734975883,0.7648191601037979,36,post_opening,0.12798713644345605,12,0.060749119056012324,R1,0.9807852789517082,0.19509032931342324,63.43128967285156,55.11246871948242,0.6368320236603419,2.5,1
0.03409125785285938,13.13116851502654,0,8,9.511581420898438,-9.051074981689453,62.39480972290039,42.62855911254883,1,48,0.5,0,1.0,41,0.7244259519810736,4.69345731747584,45,26,0.6543379985318055,0,0,1,2.2287845611572266,0.7518893554806709,36,post_opening,0.1316426148017248,12,0.09755135694886541,R1,1.0,0.0,64.88322448730469,51.67963409423828,0.6202467406789461,1.8027756214141846,1
0.027914208197029056,13.206855442923565,0,8,9.510482788085938,-9.161907196044922,63.599456787109375,41.42338180541992,1,49,0.5,0,1.0,42,0.7201815502517476,4.74705802095772,45,26,0.6118565569554086,0,0,1,2.25140380859375,0.722219760219256,36,post_opening,0.13827741146087646,12,0.11036320326384741,R1,1.0,0.0,66.08897399902344,50.585289001464844,0.5839423487583796,1.1180340051651,1
0.15911879194385853,9.590504849767523,1,6,7.42523193359375,-6.065801620483398,78.82848358154297,30.95941734313965,0,56,2.1213202476501465,1,1.0,51,0.4694097025838038,5.654915641980669,47,26,0.5500062994917934,0,0,1,2.173977841264903,0.5500217427810034,36,post_opening,0.15913423523306852,12,1.544328920999316e-05,R2,-0.19509032931342324,-0.9807852789517082,69.06216430664062,25.255796432495117,0.39088750754793483,1.4142135381698608,1
0.10118109706834733,7.915404393274505,1,5,6.092277526855469,-5.051309585571289,78.82848358154297,30.95941734313965,0,56,2.5495097637176514,1,1.0,52,0.47582768524948194,5.3910732824930045,47,26,0.5500001122434515,0,0,1,1.7836776590659387,0.550000270207723,36,post_opening,0.10118125503261888,12,1.5796427155212456e-07,R2,-0.19509032931342324,-0.9807852789517082,70.3951187133789,24.241304397583008,0.44881901517510414,2.5,1
0.04840015559047528,12.646280628950706,0,9,12.449344635009766,2.162586212158203,73.92694091796875,55.14675521850586,1,50,0.5,0,1.0,42,0.6896772117626956,4.8608718100140464,48,28,0.7873620633150147,0,0,1,2.3126671537934813,0.8700281456112862,38,post_opening,0.13106623788674676,12,0.08266608229627148,R1,0.555570248949409,0.8314696016585884,68.14443969726562,62.9618034362793,0.7389619077245394,1.0,1
0.05664218132089227,12.693052187116265,0,9,12.483009338378906,2.2648696899414062,75.32677459716797,55.38102340698242,1,51,0.0,0,1.0,43,0.5414684601529546,5.917916133417056,48,28,0.7018756696521307,1,0,1,2.6701136473791345,0.7716814130544662,38,post_opening,0.12644792472322786,12,0.06980574340233558,R1,0.3826834370613369,0.9238795305660376,67.43596649169922,64.20270538330078,0.6452334883312384,1.5,1
0.004300379984014446,12.70565677295025,0,9,12.491477966308594,2.297649383544922,76.70714569091797,55.57549285888672,1,52,0.0,0,1.0,44,0.5435017361581882,5.908539926367598,48,28,0.6182749291435548,1,0,1,2.6606625930486176,0.6842582388357683,38,post_opening,0.06168292970819911,12,0.06598330969221355,R1,0.3826834370613369,0.9238795305660376,68.80786895751953,64.36439514160156,0.6225753091275692,1.5811388492584229,1
0.08808091283219077,12.688030641919982,0,9,12.480850219726562,2.241222381591797,78.07402038574219,55.720970153808594,1,53,0.0,0,1.0,45,0.3653686035072211,6.9570351618517785,48,28,0.5350428844454187,1,0,1,2.9458833616754894,0.7135427461730109,38,post_opening,0.09041894889540147,12,0.17849986172759225,R1,0.19509032931342324,0.9807852789517082,67.93425750732422,65.2491683959961,0.6231237972776095,1.8027756214141846,1
0.1108568171599903,12.654431354603785,0,9,12.464729309082031,2.0799293518066406,79.44255828857422,55.79169845581055,1,54,0.0,0,1.0,46,0.35385667799401577,7.006683268963001,48,28,0.4513989615003866,1,0,1,2.9461012690180266,0.629683118313551,38,post_opening,0.06742733965317405,12,0.17828415681316434,R1,0.19509032931342324,0.9807852789517082,69.31891632080078,65.48119354248047,0.5622557786603769,1.1180340051651,1
0.10242374593690007,12.679502454763039,0,9,12.582794189453125,1.4774665832519531,74.5855941772461,55.158687591552734,1,50,0.0,0,1.0,42,0.4878136765936417,6.24868316609894,49,28,0.7628630931643146,1,0,1,2.787128939141229,0.7802850703398386,38,post_opening,0.11984572311242414,12,0.017421977175524073,R1,0.3826834370613369,0.9238795305660376,66.59500122070312,64.76777648925781,0.6604393472274145,1.0,1
0.04079091797980938,12.674457400708032,0,9,12.568817138671875,1.5866966247558594,75.96822357177734,55.3266716003418,1,51,0.0,0,1.0,43,0.495382875112224,6.202292310021245,49,28,0.678178973503046,1,0,1,2.7668570855141827,0.7557349746877496,38,post_opening,0.11834691916451301,12,0.07755600118470363,R1,0.3826834370613369,0.9238795305660376,67.99160766601562,64.82653045654297,0.6373880555232366,2.0,1
0.03979232700780033,12.65330674167913,0,9,12.544586181640625,1.6251029968261719,77.3372802734375,55.45423126220703,1,52,0.0,0,1.0,44,0.4982053852143149,6.1797944402933345,49,28,0.594058947840184,1,0,1,2.7513457978148934,0.7326488345861435,38,post_opening,0.09879755973815918,12,0.1385898867459595,R1,0.3826834370613369,0.9238795305660376,69.38489532470703,64.91567993164062,0.6338512748479843,1.4142135381698608,1
0.14464421399027377,12.589143488411093,0,9,12.493370056152344,1.4106826782226562,80.0796890258789,55.52408981323242,1,54,0.0,0,1.0,46,0.8885550824149411,2.9135945252841005,49,28,0.4286898068826371,1,0,1,1.391582966999542,0.6590595245361328,38,post_opening,0.08572550366322196,12,0.23036971765349573,R1,0.8314696016585884,0.555570248949409,77.56395721435547,60.780250549316406,0.5733340208729109,1.1180340051651,1
0.19913199364306733,12.42556812301731,0,9,12.351249694824219,0.8443107604980469,82.74227142333984,55.352088928222656,1,56,0.0,0,1.0,48,0.7536845383540952,4.281649687441413,49,28,0.2603368801955163,1,0,1,1.958195585692824,0.5190693959593773,38,post_opening,0.05960052212079364,12,0.25873251576386097,R1,0.7071067811865475,0.7071067811865475,78.87630462646484,62.99305725097656,0.45946887383858365,1.1180340051651,1
0.0023195960061800913,13.62075790636128,1,8,9.731948852539062,-9.527740478515625,78.0212631225586,31.394271850585938,1,56,1.1180340051651,1,1.0,49,0.9827985630475866,1.4357136979029856,51,29,0.4625532446242424,0,0,1,0.6471268275534954,0.5496036559343338,39,post_opening,0.08937000731627148,12,0.08705041131009139,R3,0.8314696016585884,-0.555570248949409,78.26695251464844,34.25516891479492,0.4602336486180623,1.0,1
0.04437399647710799,13.4777724608575,1,8,9.676322937011719,-9.37698745727539,79.21092224121094,30.349102020263672,1,57,1.1180340051651,1,1.0,50,0.9297769158398629,2.4941398838516347,51,29,0.417276471774559,0,0,1,1.29038747935817,0.5115747029582659,39,post_opening,0.13867222766081488,12,0.0942982311837069,R3,0.9238795305660376,-0.3826834370613369,80.62115478515625,35.133888244628906,0.372902475297451,1.0,1
0.17766291508239673,12.0847815904077,1,8,11.228694915771484,4.358451843261719,73.4451904296875,57.463558197021484,1,54,1.1180340051651,1,1.0,47,0.3618503019619971,6.791111643958804,52,27,0.4899277747587578,0,0,0,2.8115450541178384,0.45273340290242975,37,post_opening,0.14046854322606867,12,-0.03719437185632807,R1,6.123234262925839e-17,1.0,62.216495513916016,65.1051025390625,0.3122648596763611,1.5,1
0.1478818000144263,12.187265820368525,0,8,11.17523193359375,4.774021148681641,74.79363250732422,58.21649169921875,1,55,0.7071067690849304,0,1.0,48,0.39285092536805966,6.6539581126419,52,27,0.49821983434622485,0,0,0,2.8093223571777344,0.4566268391079373,37,post_opening,0.10628880477613872,12,-0.04159299523828758,R1,6.123234262925839e-17,1.0,63.61840057373047,65.44247436523438,0.35033803433179855,1.8027756214141846,1
0.1408176682168351,12.23880990271482,0,8,11.06903076171875,5.149845123291016,76.09540557861328,58.99151611328125,1,56,0.7071067690849304,0,1.0,49,0.23684004961672134,7.477465229486848,52,27,0.5076876455817726,0,0,0,2.975334170227098,0.4747708924114704,37,post_opening,0.10790091504653293,12,-0.03291675317030218,R1,-0.19509032931342324,0.9807852789517082,62.6852912902832,65.61109161376953,0.3668699773649375,2.5,1
0.09672492992592618,12.228441905617359,0,8,10.903709411621094,5.476161956787109,77.3392562866211,59.77976989746094,1,57,0.7071067690849304,0,1.0,50,0.26584454044003925,7.331946291335083,52,27,0.5115324246556835,0,0,0,2.9744912136138644,0.48665793027196613,37,post_opening,0.07185043554220882,12,-0.02487449438371736,R1,-0.19509032931342324,0.9807852789517082,64.0944595336914,66.07302856445312,0.4148074947297573,2.5,1
0.04979399597352996,12.751316112691802,0,9,12.576896667480469,1.9803047180175781,70.56105041503906,54.33259582519531,1,52,0.5,0,1.0,44,0.9721579971403054,1.5035890609435214,53,30,0.5087196752995874,0,0,1,0.8277402817366311,0.5353448390960693,40,post_opening,0.0764191597700119,12,0.026625163796481943,R1,0.9238795305660376,0.3826834370613369,69.07070922851562,56.94449234008789,0.45892567932605743,1.0,1
0.1173369254839996,13.543431895029958,1,8,9.317337036132812,-9.829051971435547,77.74868774414062,30.22319793701172,1,57,1.4142135381698608,1,1.0,50,0.8460159323121628,3.620535102490236,54,26,0.5501623517446299,0,0,0,1.8395951435979871,0.5500693172216415,36,post_opening,0.11724389096101123,12,-9.303452298836667e-05,R3,0.19509032931342324,-0.9807852789517082,70.7724380493164,28.282827377319336,0.4328254262606303,1.1180340051651,1
0.12945552198796084,11.78779103992916,1,7,8.10430908203125,-8.559864044189453,77.74868774414062,30.22319793701172,1,57,1.5811388492584229,1,1.0,51,0.7261659403149164,4.402112024118501,54,26,0.5500311854353409,0,0,0,2.0646648406982426,0.5500087787707647,36,post_opening,0.12943311532338464,12,-2.2406664576202218e-05,R3,-1.8369701465288538e-16,-1.0,69.64437866210938,26.783061981201172,0.42057566344738007,1.5,1
0.14906558553315002,10.033845002322007,1,6,6.903358459472656,-7.281566619873047,77.74868774414062,30.22319793701172,0,57,2.5,1,1.0,52,0.577534189948046,5.138108330012308,54,26,0.5500001054002523,0,0,1,2.088082992137399,0.5500013629595438,36,post_opening,0.1490668430924415,12,1.2575592914787492e-06,R3,-0.19509032931342324,-0.9807852789517082,68.50424194335938,25.735342025756836,0.4009345198671023,1.4142135381698608,1
0.08564628909031552,8.28536634729459,1,5,5.7044830322265625,-6.008823394775391,77.74868774414062,30.22319793701172,0,57,3.041381359100342,1,1.0,53,0.5769791191603046,4.947618241266505,54,26,0.550000011920929,0,0,1,1.7240271915324794,0.5500000367561976,36,post_opening,0.08564631392558414,12,2.4835268619405326e-08,R3,-0.19509032931342324,-0.9807852789517082,69.70311737060547,24.46259880065918,0.46435372283061344,2.0,1
0.044788499158159634,13.609436607391745,0,9,12.161380767822266,-5.833911895751953,65.98687744140625,46.11030578613281,1,46,0.0,0,1.0,38,0.7999213432304744,4.092193266152601,55,23,0.8166087473615649,1,0,1,1.790926433197312,0.9499873518943787,33,post_opening,0.08859010537465417,12,0.1333786045328138,R2,0.9807852789517082,0.19509032931342324,65.59491729736328,54.285301208496094,0.8613972465197245,1.0,1
0.00544468772905593,12.184499769960375,0,8,10.772724151611328,-5.514415740966797,65.98687744140625,46.11030578613281,1,46,0.0,0,1.0,39,0.648022741483187,5.05574411846585,55,23,0.8010090841601538,1,0,1,2.1402211162095153,0.949999988079071,33,post_opening,0.1435462161898613,12,0.14899090391891723,R2,0.9238795305660376,0.3826834370613369,66.30070495605469,56.216922760009766,0.8064537718892097,1.0,1
0.06114573917791788,13.26907860912355,1,9,10.991935729980469,7.059455871582031,88.2867431640625,40.99635314941406,1,67,2.5495097637176514,1,1.0,59,0.6941582891470144,4.924961465456387,59,37,0.5500000431339497,0,0,1,2.521286139898282,0.5500018099943796,47,post_opening,0.06114750603834784,12,1.766860429963657e-06,R2,0.19509032931342324,0.9807852789517082,79.63589477539062,45.706321716308594,0.4888543039560318,1.5,1
0.061646013210217177,13.39765000223566,1,9,10.604759216308594,7.8599395751953125,89.23475646972656,42.18230056762695,1,68,3.0,1,1.0,60,0.5954507057041825,5.692122151643358,59,37,0.550000011920929,0,0,1,2.795845794677734,0.5500000566244125,47,post_opening,0.06164605791370076,12,4.470348358154297e-08,R2,6.123234262925839e-17,1.0,78.62999725341797,46.32236099243164,0.4883539987107118,2.0,1
0.09107792874177295,13.496220822560085,1,9,10.1494140625,8.601726531982422,90.10553741455078,43.422271728515625,1,69,3.5,1,1.0,61,0.6465448008607156,5.351608832292981,59,37,0.550000011920929,0,0,0,2.706559753417969,0.550000011920929,47,post_opening,0.09107792874177295,12,0.0,R2,6.123234262925839e-17,1.0,79.95612335205078,46.8205451965332,0.458922083179156,2.5,1
0.09235126276810962,12.048477909614391,1,8,8.834762573242188,7.995384216308594,90.10553741455078,43.422271728515625,1,69,4.527692794799805,1,1.0,62,0.5134637358243489,5.89794457652635,59,37,0.550000011920929,0,0,0,2.660195200128313,0.550000011920929,47,post_opening,0.09235126276810962,12,0.0,R2,-0.19509032931342324,0.9807852789517082,78.9296875,47.196311950683594,0.45764874915281933,2.5,1
0.10795129959781963,12.086590532552094,1,8,8.335700988769531,8.572803497314453,90.8965072631836,44.708702087402344,1,70,5.0,1,1.0,63,0.5671738967520584,5.5725256863136305,59,37,0.550000011920929,0,0,0,2.5834998405613687,0.550000011920929,47,post_opening,0.10795129959781963,12,0.0,R2,-0.19509032931342324,0.9807852789517082,80.21971893310547,47.90531921386719,0.4420487123231093,3.0,1
0.12021582449475926,12.099672782556054,1,8,7.791481018066406,9.09261703491211,91.60626983642578,46.03425979614258,1,71,5.385164737701416,1,1.0,64,0.4525384288602863,6.271590241313761,59,37,0.550000011920929,0,0,0,2.7692845780697577,0.550000011920929,47,post_opening,0.12021582449475926,12,0.0,R2,-0.3826834370613369,0.9238795305660376,79.22258758544922,48.0281982421875,0.4297841874261697,2.915475845336914,1
0.12594564631581306,12.091881407444161,1,8,7.2119598388671875,9.554351806640625,92.23442840576172,47.39189529418945,1,72,5.7008771896362305,1,1.0,65,0.3289196147586028,6.942626340813638,59,37,0.550000011920929,0,0,0,2.902566900033288,0.550000011920929,47,post_opening,0.12594564631581306,12,0.0,R2,-0.555570248949409,0.8314696016585884,78.35562896728516,47.81517791748047,0.4240543656051159,2.8284270763397217,1
0.1254762001335621,12.066767656708603,1,8,6.606422424316406,9.95819091796875,92.78157043457031,48.774940490722656,1,73,6.082762718200684,1,1.0,66,0.19832575835860616,7.5817054079134865,59,37,0.550000011920929,0,0,0,2.9800099700214933,0.550000011920929,47,post_opening,0.1254762001335621,12,0.0,R2,-0.7071067811865475,0.7071067811865475,77.68986511230469,47.302032470703125,0.42452381178736687,2.8284270763397217,1
0.12799648195505142,12.016888096265468,1,8,5.983726501464844,10.2938232421875,93.24900817871094,50.165855407714844,1,74,6.51920223236084,1,1.0,67,0.255966571415396,7.29079987342044,59,37,0.550000011920929,0,0,0,2.945213232179976,0.550000011920929,47,post_opening,0.12799648195505142,12,0.0,R2,-0.7071067811865475,0.7071067811865475,78.77999877929688,48.35731506347656,0.42200352996587753,3.5,1
0.1259510690967241,13.38333911900557,1,9,5.6671905517578125,11.966560363769531,93.95393371582031,52.962913513183594,1,76,7.0,1,1.0,68,0.1462287587216382,8.259050608463955,59,37,0.5500000119209288,0,0,1,3.341092483359707,0.550000011920929,47,post_opening,0.1259510690967242,12,1.1102230246251565e-16,R2,-0.8314696016585884,0.555570248949409,78.3091049194336,47.6631965637207,0.42404894282420474,3.0,1
0.09295974920193356,13.293221606670576,1,9,4.962738037109375,12.187862396240234,94.19749450683594,54.37016296386719,1,77,7.516648292541504,1,1.0,69,0.20098373765069077,7.96392638776249,59,37,0.550000011920929,0,0,0,3.304896571240575,0.550000011920929,47,post_opening,0.09295974920193356,12,0.0,R2,-0.8314696016585884,0.555570248949409,79.25711822509766,48.849143981933594,0.4570402627189954,3.535533905029297,1
0.06214753165841114,13.195393288632774,1,9,4.2678070068359375,12.354297637939453,94.37334442138672,55.77656936645508,1,78,8.139410018920898,1,1.0,70,0.2536307798981796,7.669417284878966,59,37,0.5500000119209291,0,0,0,3.2554108070139423,0.549999843041102,47,post_opening,0.062147362778584125,12,-1.688798270116365e-07,R2,-0.8314696016585884,0.555570248949409,80.12789916992188,50.089115142822266,0.48785248026251793,4.031128883361816,1
0.0550460045536359,12.93758074093248,1,9,2.9328079223632812,12.492679595947266,94.53907775878906,58.526939392089844,1,80,8.86002254486084,1,1.0,72,0.16140343702001717,8.046118763092775,59,37,0.550000011920929,0,0,0,3.2454185494258256,0.547575463851293,47,post_opening,0.05262145648399991,12,-0.00242454806963599,R2,-0.9238795305660376,0.3826834370613369,80.51971435546875,50.626461029052734,0.49495400736729306,4.5,1
0.07102930794159584,12.759099876719915,1,9,2.3037948608398438,12.452476501464844,94.53822326660156,59.8443717956543,1,81,9.656603813171387,1,1.0,73,0.5666708120149457,5.747670272385844,59,37,0.5500000119209291,0,0,0,2.7672142557982045,0.5383248751362165,47,post_opening,0.059354171156883295,12,-0.011675136784712548,R2,-0.7071067811865475,0.7071067811865475,83.7491455078125,55.877174377441406,0.4789707039793332,6.324555397033691,1
0.09249833898492504,12.536570666377521,1,9,1.7065353393554688,12.333248138427734,94.48810577392578,61.10818862915039,1,82,9.848857879638672,1,1.0,74,0.6035153169369719,5.447017428698648,59,37,0.549998352197288,0,0,0,2.6494137467752976,0.5082707107067108,47,post_opening,0.05077069749434787,12,-0.04172764149057717,R2,-0.7071067811865475,0.7071067811865475,84.2962875366211,57.260223388671875,0.45750001321236294,6.7082037925720215,1
0.11395555524341949,12.273790015698092,1,9,1.1448516845703125,12.143218994140625,94.39385986328125,62.30907440185547,1,83,10.735455513000488,1,1.0,75,0.6376139327451948,5.150727826270251,59,37,0.5499848739635218,0,0,0,2.527893795230045,0.48821699370940524,47,post_opening,0.052187674989302935,12,-0.06176788025411656,R2,-0.7071067811865475,0.7071067811865475,84.76372528076172,58.65113830566406,0.4360293187201023,7.382411479949951,1
0.13288003515576802,10.826374932147068,1,8,0.7549591064453125,10.749305725097656,94.39385986328125,62.30907440185547,0,83,10.977249145507812,1,1.0,76,0.6558288269699977,4.7567812557870015,59,37,0.5499828501182346,0,0,0,2.1781002781625958,0.4809642309943835,47,post_opening,0.06386141603191697,12,-0.06901861912385104,R2,-0.7071067811865475,0.7071067811865475,85.15361785888672,60.04505157470703,0.41710281496246654,7.905694007873535,1
0.059694056709607424,12.716919895684546,1,9,1.3204345703125,12.559165954589844,93.60350799560547,61.44150924682617,1,75,9.848857879638672,1,1.0,67,0.6292951118239626,5.309158344498501,62,36,0.550000011920929,0,0,0,2.5805662965356126,0.547827328244845,46,post_opening,0.057521373033523504,12,-0.0021726836760839197,R2,-0.7071067811865475,0.7071067811865475,83.79779052734375,57.36762237548828,0.49030595521132153,6.7082037925720215,1
0.07851546257734299,12.693012383679392,1,9,0.7659835815429688,12.593025207519531,93.47296905517578,62.85190200805664,1,76,10.29563045501709,1,1.0,68,0.6628711764284445,5.061114247278239,62,36,0.550000011920929,0,0,0,2.4799803137534537,0.5330418199300766,46,post_opening,0.06155727058649063,12,-0.016958191990852356,R2,-0.7071067811865475,0.7071067811865475,84.2217025756836,58.74415588378906,0.47148454934358597,7.211102485656738,1
0.09457100694959913,12.68303871020812,1,9,0.2641448974609375,12.61691665649414,93.31648254394531,64.25567626953125,1,77,10.547511100769043,1,1.0,69,0.5380448890952444,5.92236214522954,62,36,0.5499998990752851,0,0,0,2.743169339131403,0.5275936871767044,46,post_opening,0.07216479505101842,12,-0.02240621189858072,R2,-0.8314696016585884,0.555570248949409,83.07469940185547,58.30560302734375,0.455428892125686,6.51920223236084,1
0.11385806178185692,12.66114752114639,1,9,-0.184326171875,12.609573364257812,93.13812255859375,65.63803100585938,1,78,11.101801872253418,1,1.0,70,0.5676639866118579,5.727674061353222,62,36,0.5499942230694825,0,0,0,2.6747720726005557,0.5183647374312083,46,post_opening,0.08222857614358264,12,-0.03162948563827428,R2,-0.8314696016585884,0.555570248949409,83.34481048583984,59.6953010559082,0.4361361612876256,7.106335163116455,1
0.13232244806328358,12.61460569010871,1,9,-0.5792999267578125,12.56290054321289,92.94184875488281,66.98561096191406,1,79,11.280513763427734,1,1.0,71,0.42483390504246116,6.5942108469571785,62,36,0.5499778514786456,0,0,0,2.904548764867676,0.49703095108270645,46,post_opening,0.07937554766734439,12,-0.05294690039593919,R2,-0.9238795305660376,0.3826834370613369,82.4345932006836,59.01491165161133,0.41765540341536206,6.4031243324279785,1
0.15420929928663502,12.532116377605641,1,9,-0.9211654663085938,12.469707489013672,92.73151397705078,68.28643035888672,1,80,11.401754379272461,1,1.0,72,0.6153161471709072,5.378032415623355,62,36,0.5498324182137164,0,0,0,2.5479631453354656,0.48105818529923755,46,post_opening,0.08543506637215614,12,-0.06877423291447887,R2,-0.8314696016585884,0.555570248949409,83.67504119873047,62.48356628417969,0.3956231189270814,8.139410018920898,1
0.1825328574653538,12.393369907961635,1,9,-1.2109451293945312,12.313220977783203,92.5107421875,69.53036499023438,1,81,11.704699516296387,1,1.0,73,0.47126895895693016,6.267811135408594,62,36,0.5492596346712184,0,0,0,2.812266345270126,0.4535152092576027,46,post_opening,0.08678843205173808,12,-0.09574442541361572,R2,-0.9238795305660376,0.3826834370613369,82.6351318359375,61.80934524536133,0.3667267772058646,7.648529052734375,1
0.20763353763283565,10.99134597249795,1,8,-1.22235107421875,10.911243438720703,92.5107421875,69.53036499023438,0,81,11.88486385345459,1,1.0,74,0.48316027709794723,5.857320696716417,62,36,0.549165194315327,0,0,0,2.4749287752227453,0.4501297784348329,46,post_opening,0.10859812175234157,12,-0.09903541588049408,R2,-0.9238795305660376,0.3826834370613369,82.64653778076172,63.21132278442383,0.3415316566824913,7.762087345123291,1
0.20011274498989173,2.581088496794504,1,2,-0.4311065673828125,2.5447540283203125,92.5107421875,69.53036499023438,0,81,12.0,1,1.0,80,0.6866458725356107,5.199227262817345,62,36,0.5465533172815044,0,0,0,0.47351861270495726,0.45897018909454346,46,post_opening,0.11252961680293083,12,-0.0875831281869609,R2,-0.8314696016585884,0.555570248949409,82.9642105102539,73.65245056152344,0.3464405722916126,7.280109882354736,1
0.06969093573008317,12.479493444010211,0,16,3.8674049377441406,11.847522735595703,13.86740493774414,53.8475227355957,1,15,0.0,0,1.0,0,0.650486810345482,5.117513974920636,64,33,0.5187062078904543,1,0,0,1.7972356717826923,0.51750897616148,43,before_event,0.06849370400110882,12,-0.0011972317289743462,R1,0.9238795305660376,0.3826834370613369,21.0865535736084,46.592201232910156,0.4490152721603711,1.1180340051651,1
0.07166970358606006,12.33957225565572,0,15,3.813589096069336,11.718364715576172,13.86740493774414,53.8475227355957,1,15,0.0,0,1.0,1,0.649803704023632,5.091125078831488,64,33,0.5194807930421415,1,0,0,1.8601968914470999,0.5129875114985875,43,before_event,0.06517642204250607,12,-0.006493281543553997,R1,0.9238795305660376,0.3826834370613369,21.140369415283203,46.72135925292969,0.4478110894560814,1.1180340051651,1
0.07443778893998715,12.073660713203259,0,14,3.711315155029297,11.472908020019531,13.86740493774414,53.8475227355957,1,15,0.0,0,1.0,2,0.6484604048670353,5.0432694658588835,64,33,0.5210023242399241,1,0,0,1.8903930808504987,0.5132785269192287,43,before_event,0.06671399161929176,12,-0.007723797320695391,R1,0.9238795305660376,0.3826834370613369,21.242643356323242,46.96681594848633,0.44656453529993695,1.1180340051651,1
0.07539912488582762,12.904233663811876,0,14,3.8302106857299805,12.303306579589844,14.131629943847656,55.026710510253906,1,16,0.0,0,1.0,3,0.6400048072254579,5.29423440202718,64,33,0.5186625388912661,1,0,1,2.0960023626238127,0.5231089847428458,43,before_event,0.07984557073740733,12,0.004446445851579717,R1,0.9238795305660376,0.3826834370613369,21.38797378540039,47.31560516357422,0.4432634140054385,1.1180340051651,1
0.06452591119021156,12.418546970075376,0,13,3.6472349166870117,11.853404998779297,14.131629943847656,55.026710510253906,1,16,0.0,0,1.0,4,0.4749005766712864,6.254082804974075,64,33,0.5212322413703797,1,0,1,2.3884984432850507,0.5229924817879995,43,before_event,0.06628615160783136,12,0.001760240417619796,R1,0.9807852789517082,0.19509032931342324,22.25381851196289,45.51438903808594,0.45670633018016815,1.5,1
0.06349390686311102,13.07081884650185,0,13,3.6825037002563477,12.521446228027344,14.382205963134766,56.23193359375,1,17,0.0,0,1.0,5,0.46388962711912696,6.500731218196056,64,33,0.5175634964382427,1,0,1,2.576330773065276,0.5345165381828944,43,before_event,0.08044694860776264,12,0.01695304174465162,R1,0.9807852789517082,0.19509032931342324,22.46912384033203,46.051570892333984,0.4540695895751317,1.5,1
0.0003134029084714829,13.18104862906463,0,11,2.875979423522949,12.850105285644531,15.27202320098877,61.275962829589844,1,21,0.0,0,1.0,11,0.5355989643710595,6.085431633698153,64,33,0.48954392055926,1,0,1,2.7235192917261277,0.5498170256614685,43,before_event,0.05995970219373703,12,0.06027310510220851,R1,-0.7071067811865475,0.7071067811865475,3.9107627868652344,56.91114044189453,0.4898573234677315,1.1180340051651,1
0.05436124625512717,13.104740849528017,0,8,10.59469223022461,-7.701107025146484,64.65150451660156,60.32095718383789,1,58,0.7071067690849304,0,1.0,51,0.9723178072423364,1.5737869082103693,65,33,0.6542814798880741,0,0,1,0.7025408031817282,0.7827754276139396,43,post_opening,0.07413270147073836,12,0.12849394772586553,R1,0.9238795305660376,-0.3826834370613369,65.14336395263672,63.42986297607422,0.7086427261432012,1.5811388492584229,1
0.06238557611258322,13.253145512988594,0,8,10.604122161865234,-7.938739776611328,65.9773941040039,59.22768783569336,1,59,0.7071067690849304,0,1.0,52,0.9689284342582458,1.6905663585902146,65,33,0.6023095030153642,0,0,1,0.7571338371001803,0.7300192515055338,43,post_opening,0.06532417237758636,12,0.12770974849016958,R1,0.9238795305660376,-0.3826834370613369,66.45982360839844,62.57422637939453,0.6646950791279475,1.4142135381698608,1
0.03157146866690075,13.39788445896706,0,8,10.609397888183594,-8.171741485595703,67.30261993408203,58.10862350463867,1,60,0.7071067690849304,0,1.0,53,0.997737669158951,0.8160634859178981,65,33,0.555139232719233,0,0,1,0.17060264746399323,0.6584796667098999,43,post_opening,0.07176896532376609,12,0.10334043399066684,R1,0.8314696016585884,-0.555570248949409,66.67086029052734,59.613521575927734,0.5867107013861338,1.0,1
0.06449295765005042,12.048051423298888,0,7,9.298591613769531,-7.65472412109375,69.9660873413086,55.77161407470703,1,62,0.7071067690849304,0,1.0,56,0.7720499913293061,4.058706956631964,65,33,0.5209125137412796,0,0,1,1.8625819683074951,0.559424638748169,43,post_opening,0.1030050826569398,12,0.038512125006889386,R1,1.0,0.0,72.66749572753906,63.42633819580078,0.45641955609122914,1.1180340051651,1
0.05899570188928066,12.17804368503495,1,7,9.301265716552734,-7.854732513427734,71.29705810546875,54.563270568847656,1,63,1.0,1,1.0,57,0.8752078033189431,3.020435142321721,65,33,0.47992038157590644,0,0,1,1.4222195903791397,0.5186752478281657,43,post_opening,0.09775056814153987,12,0.03875486625225921,R1,0.9807852789517082,-0.19509032931342324,73.76521301269531,60.07691955566406,0.4209246796866258,1.1180340051651,1
0.045219522249033695,12.291344794083068,1,7,9.294677734375,-8.037361145019531,72.61982727050781,53.34260940551758,1,64,1.1180340051651,1,1.0,58,0.94914635300832,1.941645737428778,65,33,0.4312370807243691,0,0,1,0.9222139589746726,0.5186163385709127,43,post_opening,0.1325987800955773,12,0.0873792578465436,R1,0.9238795305660376,-0.3826834370613369,74.41170501708984,56.78776931762695,0.3860175584753354,1.1180340051651,1
0.051476551919943325,12.392381655614,1,7,9.290740966796875,-8.197002410888672,73.94224548339844,52.12395477294922,1,65,1.1180340051651,1,1.0,59,0.8645275160859354,3.1794519076412397,65,33,0.3826942655739846,0,0,1,1.5175979268474684,0.5402815767696926,43,post_opening,0.20906386311565128,12,0.15758731119570796,R1,0.9807852789517082,-0.19509032931342324,76.42092895507812,57.97987365722656,0.3312177136540413,1.4142135381698608,1
0.03697944064361808,12.45936737226305,1,7,9.283554077148438,-8.30746078491211,75.26094818115234,50.92022705078125,1,66,1.1180340051651,1,1.0,60,0.9436623169331371,2.064822486370046,65,33,0.3375506488424833,0,0,1,1.005070302827612,0.5307321548461914,43,post_opening,0.23016094664732617,12,0.1931815060037081,R1,0.9238795305660376,-0.3826834370613369,77.06394958496094,54.6354866027832,0.30057120819886524,1.5811388492584229,1
0.02615076358907148,12.487336759221705,1,7,9.270095825195312,-8.36551284790039,76.57271575927734,49.74311065673828,1,67,1.1180340051651,1,1.0,61,0.8588374250162913,3.2611498035345514,65,33,0.29764096742662516,0,0,1,1.5903884363533265,0.5285678207874298,43,post_opening,0.25707761694987613,12,0.23092685336080465,R1,0.9807852789517082,-0.19509032931342324,79.0720443725586,55.767539978027344,0.2714902038375537,1.8027756214141846,1
0.03894813379810519,12.456806150011468,1,7,9.240142822265625,-8.353424072265625,77.8749771118164,48.60277557373047,1,68,1.1180340051651,1,1.0,62,0.8583809216189828,3.2613457471962866,65,33,0.2504249751186994,0,0,1,1.60898876912869,0.5126009285449982,43,post_opening,0.301124087224404,12,0.2621759534262988,R1,0.9807852789517082,-0.19509032931342324,80.40425872802734,54.615116119384766,0.21147684132059416,1.5811388492584229,1
0.06231270161470026,12.664248640578732,0,10,6.394176483154297,10.701881408691406,21.45362663269043,76.25748443603516,1,28,0.0,0,1.0,19,0.7418876332595012,4.400125440219103,66,36,0.5232314336021766,1,0,1,1.920194425703562,0.5537949204444885,46,before_event,0.09287618845701218,12,0.030563486842311915,R1,-0.19509032931342324,0.9807852789517082,12.718366622924805,77.32502746582031,0.46091873198747635,1.0,1
0.0017564700739048367,12.084218461924202,0,7,9.388530731201172,-7.6046905517578125,71.25382995605469,53.67527389526367,1,69,0.5,0,1.0,63,0.9587830401361473,1.7290435934403503,66,36,0.4140136894282165,0,0,1,0.8217582103421917,0.5036826431751251,46,post_opening,0.09142542382081348,12,0.08966895374690864,R1,0.9238795305660376,-0.3826834370613369,72.95185089111328,56.68776321411133,0.41225721935431164,1.0,1
0.09408978283082053,12.28907253114415,0,7,9.438758850097656,-7.867973327636719,73.96402740478516,51.36329650878906,1,71,0.7071067690849304,0,1.0,65,0.8782839403028028,2.999104572932231,66,36,0.42146611248130206,0,0,1,1.4421038404199897,0.518548846244812,46,post_opening,0.1911725165943305,12,0.09708273376350995,R1,0.9807852789517082,-0.19509032931342324,76.29469299316406,56.89018630981445,0.3273763296504815,1.1180340051651,1
0.05376130153100894,13.001096355418131,1,12,0.654362678527832,12.983760833740234,15.009302139282227,51.56937789916992,1,20,1.0,1,1.0,9,0.7418024387797302,4.515517696938171,67,43,0.4948893592691541,0,0,1,2.0436023330012185,0.49544441451629,53,before_event,0.054316356778144836,12,0.0005550552471358938,R3,0.7071067811865475,0.7071067811865475,22.840221405029297,47.070899963378906,0.4411280577381452,1.1180340051651,1
0.062398803878058795,12.459958790985862,1,11,0.5695838928222656,12.446178436279297,15.046030044555664,52.836341857910156,1,21,1.0,1,1.0,11,0.5930007798816395,5.520692078305762,67,43,0.5016210304183064,0,0,0,2.387468404708097,0.5006776750087738,53,before_event,0.061455448468526186,12,-0.0009433554095326091,R3,0.8314696016585884,0.555570248949409,24.454082489013672,47.0570068359375,0.4392222265402476,1.4142135381698608,1
0.07355710460581366,12.778809138079147,1,11,0.5410223007202148,12.766555786132812,15.078834533691406,54.1239013671875,1,22,1.0,1,1.0,12,0.5902765439561751,5.61818826435844,67,43,0.5032951642457444,0,0,1,2.464278563290666,0.5045896470546722,53,before_event,0.07485158741474152,12,0.0012944828089278548,R3,0.8314696016585884,0.555570248949409,24.51544761657715,48.02418899536133,0.4297380596399307,1.1180340051651,1
0.034139757411967786,13.162444909477195,0,10,5.272876739501953,11.798446655273438,20.83125114440918,78.03107452392578,1,41,0.0,0,1.0,32,0.6873350198489128,4.945365316279481,67,43,0.49721427764226106,1,0,1,2.1659392669807214,0.5217068791389465,53,before_event,0.05863235890865326,12,0.024492601496685473,R3,-0.3826834370613369,0.9238795305660376,10.96617317199707,77.31918334960938,0.4630745202302933,1.0,1
0.0004412883610901419,12.244838551059967,1,9,12.039268493652344,-2.0410385131835938,62.29434585571289,70.83020782470703,1,75,1.1180340051651,1,1.0,67,0.999596335162409,0.20177163584991736,67,43,0.39620048636283706,0,0,1,0.08158884796724723,0.4528627296288808,53,post_opening,0.0562209549049536,12,0.056662243266043744,R3,0.9807852789517082,-0.19509032931342324,62.024497985839844,70.53015899658203,0.3966417747239272,1.1180340051651,1
0.2097809409653016,12.266038677924035,1,9,12.115135192871094,-1.7074127197265625,63.66481018066406,70.78047180175781,1,76,1.5,1,1.0,68,0.7988664093732727,3.8443254231330894,67,43,0.3953517472301789,0,0,1,1.7453243293314575,0.4804344152410825,53,post_opening,0.29486360897620517,12,0.08508266801090358,R3,0.7071067811865475,-0.7071067811865475,60.03495788574219,64.00260162353516,0.18557080626487732,1.1180340051651,1
0.18155556049389746,12.289055459204617,1,9,12.182090759277344,-1.3857498168945312,65.04249572753906,70.75926971435547,1,77,1.5,1,1.0,69,0.7824959447937954,4.00217935419464,67,43,0.3919577598715137,0,0,1,1.8190598699089993,0.45351360986630124,53,post_opening,0.24311141048868498,12,0.061555849994787526,R3,0.7071067811865475,-0.7071067811865475,61.34568786621094,63.65973663330078,0.21040219937761626,1.5,1
0.22368330442107714,12.843433447608042,1,7,8.659660339355469,-9.482173919677734,84.9880142211914,41.46466064453125,1,58,4.27200174331665,1,1.0,52,0.7384070340823993,4.509134211901356,70,27,0.5318160298784276,0,0,0,2.201597690582276,0.4980691894888878,37,post_opening,0.18993646403153736,12,-0.03374684038953979,R3,-1.8369701465288538e-16,-1.0,76.32835388183594,38.946834564208984,0.30813272545735043,3.3541018962860107,1
0.1959821195613019,12.687820743767078,1,7,8.474929809570312,-9.439998626708984,86.08580017089844,40.18180465698242,1,59,5.0,1,1.0,53,0.5994918956680089,5.5320080355291354,70,27,0.53542027609653,0,0,0,2.592593396506458,0.5172157163421313,37,post_opening,0.17777755980690318,12,-0.01820455975439872,R3,-0.19509032931342324,-0.9807852789517082,75.26978302001953,37.852378845214844,0.3394381565352281,4.0,1
0.1674880140147867,12.439255758738867,1,7,8.236289978027344,-9.320011138916016,87.12289428710938,38.95254135131836,1,60,5.522680282592773,1,1.0,54,0.4388776173363989,6.474775394975061,70,27,0.5456677107137702,0,0,0,2.8723269386191137,0.5361675570408503,37,post_opening,0.1579878603418668,12,-0.009500153672919898,R3,-0.3826834370613369,-0.9238795305660376,74.29440307617188,37.185997009277344,0.3781796966989835,4.27200174331665,1
0.09691688824432249,10.575464691500244,1,6,6.9697723388671875,-7.952659606933594,87.12289428710938,38.95254135131836,0,60,6.082762718200684,1,1.0,55,0.4425770750604269,5.989584967132226,70,27,0.5492287045591787,0,0,0,2.4359731054963403,0.5491635551055273,37,post_opening,0.09685173879067105,12,-6.514945365143632e-05,R3,-0.3826834370613369,-0.9238795305660376,75.56092071533203,35.81864929199219,0.45231181631485623,5.220153331756592,1
0.43039879697590816,12.517071862228944,0,9,12.463310241699219,1.1384201049804688,58.00030517578125,59.55158233642578,1,43,0.0,0,1.0,35,0.6398547284368382,5.206735086314181,72,27,0.8330256218515808,1,1,0,2.37632550092004,0.47277044256528217,37,pre_opening,0.07014361768960953,12,-0.36025517928629863,R2,0.7071067811865475,-0.7071067811865475,54.02227783203125,49.927879333496094,0.40262682487567264,1.5,1
0.5070110327841514,12.554623201876964,0,9,12.497310638427734,1.1886367797851562,59.403038024902344,59.677574157714844,1,44,0.0,0,1.0,36,0.6369782381169453,5.236437699691044,72,27,0.8904158017875426,1,1,0,2.4005573088504577,0.4945344254374504,37,pre_opening,0.11112965643405914,12,-0.39588137635009224,R2,0.7071067811865475,-0.7071067811865475,55.39100646972656,50.00365447998047,0.38340476900339127,1.5811388492584229,1
0.25275621619342714,12.640325284589133,1,9,12.595489501953125,0.4635200500488281,66.3978042602539,59.56889343261719,1,49,1.5,1,1.0,41,0.6806241924343595,4.923789299303996,72,27,0.8536704598021403,0,0,1,2.3906316923086632,0.8809537837902705,37,post_opening,0.2800395401815573,12,0.02728332398813016,R2,0.7071067811865475,-0.7071067811865475,62.28759765625,50.620094299316406,0.6009142436087132,1.5,1
0.20162311820710188,12.648911679202037,1,9,12.5919189453125,0.079010009765625,67.79263305664062,59.33217239379883,1,50,1.5,1,1.0,42,0.7026560944452453,4.7489869260265225,72,27,0.8089973281177331,0,0,1,2.346622560008206,0.8476979285478592,37,post_opening,0.240323718637228,12,0.03870060043012613,R2,0.7071067811865475,-0.7071067811865475,63.685997009277344,50.76788330078125,0.6073742099106312,1.5811388492584229,1
0.1773723700905766,12.683584470809063,1,9,12.602325439453125,-0.37888336181640625,69.2003402709961,59.027347564697266,1,51,1.5,1,1.0,43,0.728036681259744,4.5459787417304724,72,27,0.7639610024059739,0,0,1,2.2854620205873317,0.7755891035000483,37,post_opening,0.18900047118465102,12,0.011628101094074417,R2,0.7071067811865475,-0.7071067811865475,65.08329772949219,50.92095184326172,0.5865886323153973,1.4142135381698608,1
0.18412740310958242,12.737237976327448,1,9,12.614852905273438,-0.8983955383300781,70.61515808105469,58.6531867980957,1,52,1.5,1,1.0,44,0.6132320947057732,5.4270489479810085,72,27,0.7187867788566273,0,0,1,2.603349078102325,0.7239545931418737,37,post_opening,0.1892952173948288,12,0.005167814285246375,R2,0.555570248949409,-0.8314696016585884,64.66714477539062,49.57394790649414,0.5346593757470449,1.0,1
0.10648285695778115,12.900316462323818,1,10,12.660152435302734,-2.2103233337402344,47.70088195800781,52.87287521362305,1,30,1.1180340051651,1,1.0,21,0.8442961713971109,3.4910800570960383,73,32,0.4929009660965878,0,0,0,1.8331020675206722,0.45650992045799893,42,before_event,0.07009181131919229,12,-0.03639104563858886,R1,0.9238795305660376,0.3826834370613369,46.127281188964844,59.67539978027344,0.38641810913880664,1.1180340051651,1
0.15067104851703,12.959064068914206,1,10,12.782035827636719,-1.8475494384765625,49.02431869506836,52.8397216796875,1,31,1.1180340051651,1,1.0,22,0.4309092879631389,6.656399965310059,73,32,0.508878358756504,0,0,0,2.953314099129312,0.4687936305999756,42,before_event,0.11058632036050159,12,-0.040084728156528415,R1,0.555570248949409,0.8314696016585884,42.90912628173828,64.66490936279297,0.358207310239474,1.0,1
0.08866381990196703,13.020566540890366,1,10,12.894474029541016,-1.4983596801757812,50.3548469543457,52.832923889160156,1,32,2.0,1,1.0,23,0.8735332567163475,3.1766138305719593,73,32,0.5193395127582788,0,0,0,1.6835942895526643,0.48664233088493347,42,before_event,0.055966638028621674,12,-0.03269718187334536,R1,0.9238795305660376,0.3826834370613369,48.54692840576172,58.923484802246094,0.4306756928563118,1.5,1
0.070893334988269,13.079996070527798,1,10,12.99276351928711,-1.1795234680175781,51.6879768371582,52.839473724365234,1,33,2.0,1,1.0,24,0.8854968822340498,3.039178964321349,73,32,0.530004049483451,0,0,0,1.6131930812156272,0.517423689365387,42,before_event,0.058312974870204926,12,-0.012580360118064071,R1,0.9238795305660376,0.3826834370613369,49.781768798828125,58.61119842529297,0.45911071449518204,1.5811388492584229,1
0.08406023619361042,13.138751265181746,1,10,13.080894470214844,-0.9095726013183594,53.030189514160156,52.83638381958008,1,34,2.0,1,1.0,25,0.7909285595241797,4.093662862261544,73,32,0.5388744343100719,0,0,0,2.0755824607865985,0.5260619049270948,42,before_event,0.07124770681063336,12,-0.012812529382977056,R1,0.8314696016585884,0.555570248949409,49.92692947387695,60.41279983520508,0.45481419811646145,1.0,1
0.07006430537712499,13.19549767339614,1,10,13.158927917480469,-0.69775390625,54.376888275146484,52.813777923583984,1,35,2.0,1,1.0,26,0.8008852950095694,4.011169466248922,73,32,0.5447703417262626,0,0,0,2.025281268342101,0.5315014918645223,42,before_event,0.05679545551538473,12,-0.013268849861740262,R1,0.8314696016585884,0.555570248949409,51.195594787597656,60.178375244140625,0.4747060363491376,1.1180340051651,1
0.06624592053096529,13.309344983348884,1,10,13.296100616455078,-0.43579864501953125,57.07883834838867,52.71823501586914,1,37,2.0,1,1.0,28,0.6835632733720313,5.067780454857714,73,32,0.5480561202486459,0,0,0,2.432154178938329,0.5461387932300568,42,before_event,0.06432859351237613,12,-0.0019173270185891544,R1,0.7071067811865475,0.7071067811865475,52.26802062988281,61.639312744140625,0.48181019971768063,1.1180340051651,1
0.054435980723482935,12.09919032880219,1,9,12.092700958251953,-0.3037567138671875,59.793582916259766,52.56911849975586,1,39,2.0615527629852295,1,1.0,31,0.3593631401524166,6.819028910413906,73,32,0.5495472623965965,0,0,0,2.7996697785325493,0.5493898242712021,42,before_event,0.054278542598088564,12,-0.0001574381253943713,R1,0.3826834370613369,0.9238795305660376,52.29308319091797,63.95942687988281,0.4951112816731135,1.0,1
0.13370653049564113,12.938239148276747,1,10,5.7755126953125,-11.369380950927734,93.48941040039062,32.36548614501953,1,70,2.2360680103302,1,1.0,61,0.7860723018509154,4.063226224946336,73,32,0.550000678066569,0,0,0,2.239910272940712,0.5486754477024078,42,post_opening,0.13238130013147992,12,-0.0013252303641612118,R1,-0.19509032931342324,-0.9807852789517082,85.37281036376953,31.965444564819336,0.4162941475709279,1.0,1
0.16676636413595863,12.680149959639825,1,10,5.0295562744140625,-11.460769653320312,93.68067932128906,31.256549835205078,1,71,2.5,1,1.0,62,0.6922155017754622,4.814515946698716,73,32,0.550000132380543,0,0,0,2.503337020665032,0.5499689280986786,42,post_opening,0.1667351598540942,12,-3.1204281864427585e-05,R1,-0.3826834370613369,-0.9238795305660376,84.05892181396484,31.630765914916992,0.3832337682445844,1.1180340051651,1
0.20506846203894374,12.389009791436441,1,10,4.309120178222656,-11.462461471557617,93.81441497802734,30.194368362426758,1,72,2.5,1,1.0,63,0.41305819524684984,6.568111264562844,73,32,0.5500000893522398,0,0,0,2.9840885248091498,0.5499676416317621,42,post_opening,0.20503601431846613,12,-3.244772047761302e-05,R1,-0.7071067811865475,-0.7071067811865475,81.02001190185547,33.171546936035156,0.344931627313296,1.0,1
0.16120976954698563,9.724982962843432,1,8,2.856964111328125,-9.230836868286133,93.81441497802734,30.194368362426758,0,72,3.640054941177368,1,1.0,65,0.28489531131832346,6.54410192592512,73,32,0.550000011920929,0,0,0,2.4309647020201535,0.550000011920929,42,post_opening,0.16120976954698563,12,0.0,R1,-0.8314696016585884,-0.555570248949409,80.97981262207031,32.75836181640625,0.38879024237394333,1.0,1
0.0540197497265984,12.376364986696359,1,9,12.365486145019531,-0.45723724365234375,67.80044555664062,55.35860061645508,1,48,1.5,1,1.0,40,0.9091077915705681,2.6044429621355296,74,26,0.8938041633027245,0,0,1,1.310267956666609,0.9151392330725988,36,post_opening,0.07535481949647271,12,0.021335069769874315,R1,0.9238795305660376,0.3826834370613369,66.52151489257812,60.40803909301758,0.8397844135761261,1.0,1
0.05366092828497249,12.402068749563119,1,9,12.392772674560547,-0.3665351867675781,69.1858139038086,55.380287170410156,1,49,2.0,1,1.0,41,0.8146815107018527,3.7182424371844665,74,26,0.8492410769818719,0,0,0,1.8241555508386837,0.8489752461512884,36,post_opening,0.05339509745438897,12,-0.0002658308305835133,R1,0.8314696016585884,0.555570248949409,66.77067565917969,62.413665771484375,0.7955801486968994,1.0,1
0.1089586003455204,12.644833309172338,0,11,9.333684921264648,8.522798538208008,33.71596145629883,37.2869987487793,1,17,0.0,0,1.0,7,0.6743012231949482,4.980175472582872,75,24,0.4531666545900387,1,0,1,2.1295858224232993,0.5474438667297363,34,before_event,0.20323581248521805,12,0.09427721213969764,R3,6.123234262925839e-17,1.0,24.38227653503418,40.764198303222656,0.3442080542445183,1.0,1
0.13592906558761186,12.468568764651865,1,9,12.406593322753906,0.8574447631835938,71.71257019042969,53.68468475341797,1,46,1.1180340051651,1,1.0,38,0.7541773535836113,4.288373527861894,75,24,0.6044125878388764,0,0,1,1.9474517133752998,0.9438908100128174,34,post_opening,0.2035491565863291,12,0.33947822217394097,R3,0.7071067811865475,0.7071067811865475,67.791259765625,61.312522888183594,0.7403416534264883,1.1180340051651,1
0.17930923357304807,12.534446815420225,1,9,12.532142639160156,-0.07715606689453125,70.3453369140625,61.23597717285156,1,46,1.0,1,1.0,38,0.7027400510093346,4.735304498965942,76,24,0.8928579124778199,0,0,1,2.239215261523213,0.9073615670204163,34,post_opening,0.19381288811564445,12,0.01450365454259639,R2,0.7071067811865475,0.7071067811865475,66.29847717285156,69.79841613769531,0.7135486789047718,1.0,1
0.17488620345352623,12.561672145452718,1,9,12.555976867675781,0.042095184326171875,71.74252319335938,61.33541488647461,1,47,1.0,1,1.0,39,0.7094734410913233,4.68662907009514,76,24,0.8387340087648087,0,0,1,2.2383452157000328,0.8674197842677435,34,post_opening,0.20357197895646095,12,0.02868577550293472,R2,0.7071067811865475,0.7071067811865475,67.67182922363281,69.77860260009766,0.6638478053112825,1.1180340051651,1
0.11737929407077996,12.56068535723611,1,9,12.548011779785156,0.20494842529296875,73.12173461914062,61.47608947753906,1,48,1.0,1,1.0,40,0.5690748564420898,5.702930223092025,76,24,0.7850180590979057,0,0,1,2.615133812388186,0.786329003671805,34,post_opening,0.11869023864467931,12,0.001310944573899353,R2,0.555570248949409,0.8314696016585884,67.24056243896484,71.248779296875,0.6676387650271257,1.1180340051651,1
0.05469821207471215,10.761052773102008,1,8,10.673072814941406,1.1829757690429688,78.218017578125,62.347023010253906,0,52,1.0,1,1.0,45,0.9939135556545132,0.8888429873422987,76,24,0.4758502263551203,0,0,1,0.21505631340874565,0.760377049446106,34,post_opening,0.2298286110162735,12,0.28452682309098565,R2,1.0,0.0,79.5449447631836,61.16404724121094,0.5305484384298325,1.0,1
0.06551521252277787,12.563417899850654,0,16,11.676519393920898,-4.626338958740234,25.6765193939209,61.373661041259766,1,15,0.0,0,1.0,0,0.7179574038364964,4.6186995716925185,77,29,0.38932640086296494,1,0,1,1.6875832965738384,0.4987398535013199,39,before_event,0.1749286651611328,12,0.10941345263835495,R2,0.9238795305660376,0.3826834370613369,25.0865535736084,70.59220123291016,0.3238111883401871,1.0,1
0.06463468616654561,12.4262977031242,0,15,11.546333312988281,-4.583286285400391,25.6765193939209,61.373661041259766,1,15,0.0,0,1.0,1,0.7175129947778579,4.593499989316885,77,29,0.38852376784334663,1,0,1,1.74825948233787,0.4987398535013199,39,before_event,0.17485077182451886,12,0.11021608565797325,R2,0.9238795305660376,0.3826834370613369,25.216739654541016,70.54914855957031,0.323889081676801,1.0,1
0.05737056260944756,12.169424510676285,0,14,11.30212116241455,-4.503635406494141,25.6765193939209,61.373661041259766,1,15,0.0,0,1.0,2,0.7165924027400998,4.549195344918476,77,29,0.3869714804057415,1,0,1,1.7812882336103408,0.5282461047172546,39,before_event,0.19864518692096073,12,0.14127462431151316,R2,0.9238795305660376,0.3826834370613369,25.460952758789062,70.46949768066406,0.3296009177962939,1.0,1
0.05138321541494034,13.015755353832903,0,14,12.094751358032227,-4.8010711669921875,26.815595626831055,60.964080810546875,1,16,0.0,0,1.0,3,0.7175084276931342,4.723611678347519,77,29,0.3757114988838226,1,0,1,1.9732033144369558,0.5166420340538025,39,before_event,0.19231375058492023,12,0.1409305351699799,R2,0.9238795305660376,0.3826834370613369,25.807397842407227,70.35735321044922,0.32432828346888226,1.0,1
0.052410864596427076,12.542519871710917,0,13,11.646438598632812,-4.6495208740234375,26.815595626831055,60.964080810546875,1,16,0.0,0,1.0,4,0.7161436161153052,4.629333071378417,77,29,0.3717450363088256,1,0,1,1.9583583677400433,0.5166420340538025,39,before_event,0.19730786234140396,12,0.14489699774497689,R2,0.9238795305660376,0.3826834370613369,26.25571060180664,70.20580291748047,0.31933417171239853,1.0,1
0.04352269259077013,13.195923780625229,0,13,12.266404151916504,-4.855995178222656,27.970441818237305,60.56977081298828,1,17,0.0,0,1.0,5,0.7181565937083135,4.760789340017353,77,29,0.3566948044993649,1,0,1,2.11062788827872,0.45729395747184753,39,before_event,0.14412184556325275,12,0.10059915297248262,R2,0.9238795305660376,0.3826834370613369,26.790592193603516,70.0179672241211,0.3131721119085948,1.0,1
0.030099497042279322,12.532517534982937,0,12,11.64790153503418,-4.6160736083984375,27.970441818237305,60.56977081298828,1,17,0.0,0,1.0,6,0.7179019651611616,4.612684605706142,77,29,0.34822803070364483,1,0,1,2.043809212403863,0.45729395747184753,39,before_event,0.13916542381048203,12,0.1090659267682027,R2,0.9238795305660376,0.3826834370613369,27.409093856811523,69.77804565429688,0.3181285336613655,1.0,1
0.08207124494468054,12.288855941229901,0,9,12.282585144042969,-0.19415664672851562,58.056007385253906,56.956878662109375,1,40,0.0,0,1.0,32,0.718194629045275,4.559665985727764,77,29,0.5403519498602041,1,1,0,2.100806899192251,0.5185923452178637,39,pre_opening,0.06031164030234015,12,-0.02175960464234039,R2,0.7071067811865475,-0.7071067811865475,54.258705139160156,48.66575622558594,0.45828070491552353,1.0,1
0.10171357904887995,12.304038039070953,0,9,12.299701690673828,-0.06726455688476562,59.427894592285156,56.99973678588867,1,41,0.0,0,1.0,33,0.7109631722111635,4.620953706176589,77,29,0.549117317944932,1,1,0,2.1289429214288864,0.5260671327511469,39,pre_opening,0.07866339385509485,12,-0.0230501851937851,R2,0.7071067811865475,-0.7071067811865475,55.61347198486328,48.58171844482422,0.44740373889605206,1.1180340051651,1
0.11205270088646518,12.319968204704043,0,9,12.316585540771484,0.041599273681640625,60.8026237487793,57.04236602783203,1,42,0.0,0,1.0,34,0.7047145081803309,4.674038255482068,77,29,0.5578751732601097,1,1,0,2.1548827219658375,0.5341887101531029,39,pre_opening,0.08836623777945835,12,-0.02368646310700684,R2,0.7071067811865475,-0.7071067811865475,56.97132110595703,48.51548767089844,0.44582247237364453,1.4142135381698608,1
0.07647967200380001,12.929590128134734,0,11,9.40810775756836,8.853015899658203,33.813232421875,37.8602409362793,1,17,0.0,0,1.0,7,0.685295992266386,4.960241942330586,78,24,0.4206877262483183,1,0,1,2.1555424531300864,0.503822386264801,34,before_event,0.15961433202028275,12,0.08313466001648273,R3,6.123234262925839e-17,1.0,24.40512466430664,41.007225036621094,0.3442080542445183,1.0,1
0.08269697883987809,13.430118918139772,0,11,9.875572204589844,9.089942932128906,34.90541458129883,38.799625396728516,1,18,0.0,0,1.0,8,0.6772347204840197,5.147702363830246,78,24,0.4049965114321747,1,0,1,2.280695676803589,0.545046329498291,34,before_event,0.22274679690599442,12,0.14004981806611633,R3,6.123234262925839e-17,1.0,25.029842376708984,41.70968246459961,0.3222995325922966,1.0,1
0.19721505462657807,13.124547663061923,1,9,12.706367492675781,3.2781410217285156,71.9752197265625,56.202274322509766,1,46,1.1180340051651,1,1.0,38,0.8613313584879201,3.351562384729291,78,24,0.354838560824281,0,0,1,1.6226123974753581,0.9438753724098206,34,post_opening,0.3918217569589615,12,0.5890368115855396,R3,0.7071067811865475,0.7071067811865475,67.75413513183594,61.40941619873047,0.5520536154508591,1.1180340051651,1
0.10651854856296683,12.688300216846645,1,9,12.601055145263672,-0.3773384094238281,69.1412124633789,58.97291564941406,1,51,1.5,1,1.0,43,0.7279547770926933,4.546380828828167,79,30,0.8596901117114654,0,0,1,2.2884797349407116,0.8755583713452021,40,post_opening,0.12238680819670356,12,0.015868259633736725,R2,0.7071067811865475,-0.7071067811865475,65.02543640136719,50.86497497558594,0.7531715631484985,1.0,1
0.11173742321904623,12.763305064255698,1,9,12.619537353515625,-0.9581413269042969,70.55883026123047,58.54078674316406,1,52,1.5,1,1.0,44,0.616924155126812,5.4033754816993405,79,30,0.813775125223161,0,0,1,2.603938154338447,0.8239531616369883,40,post_opening,0.12191545963287354,12,0.010178036413827307,R2,0.555570248949409,-0.8314696016585884,64.60613250732422,49.52129364013672,0.7020377020041147,1.0,1
0.04363458245074836,12.454107976061445,1,9,12.377944946289062,0.7409553527832031,69.22368621826172,49.72515869140625,1,48,1.5,1,1.0,40,0.9906901700002708,0.8559654463100297,80,26,0.7866087296513328,0,0,1,0.5658453685997124,0.8306458443403244,36,post_opening,0.08767169713973999,12,0.04403711468899163,R2,0.9807852789517082,0.19509032931342324,68.61516571044922,51.325286865234375,0.7429741472005844,1.5,1
0.041768642777585296,12.525113319696228,1,9,12.4027099609375,1.1780586242675781,70.61758422851562,50.09389114379883,1,49,2.5,1,1.0,41,0.955925845148222,1.8295240069018912,80,26,0.7143085537000331,0,0,1,1.0662202455991125,0.7542828271786371,36,post_opening,0.08174291625618935,12,0.03997427347860405,R2,0.9238795305660376,0.3826834370613369,69.30142974853516,53.508033752441406,0.6725399109224478,2.0,1
0.2841109545856206,12.302590549721916,0,9,12.148826599121094,1.8826065063476562,52.408199310302734,54.977542877197266,1,39,0.0,0,1.0,31,0.4216910095294124,6.5329444874647375,81,27,0.6832179836262751,1,1,0,2.800412767934605,0.5403256068627039,37,pre_opening,0.14121857782204944,12,-0.14289237676357114,R1,0.555570248949409,-0.8314696016585884,46.92621612548828,43.11730194091797,0.3991070290406545,1.0,1
0.31700172843175173,12.320399698200086,0,9,12.182579040527344,1.8072586059570312,53.7718620300293,55.217987060546875,1,40,0.0,0,1.0,32,0.4275446763181314,6.505902000601024,81,27,0.728322188771139,1,1,0,2.780536835544647,0.5427512178818384,37,pre_opening,0.1314307575424512,12,-0.18557097088930052,R1,0.555570248949409,-0.8314696016585884,48.256126403808594,43.4330940246582,0.41132046033938724,1.5,1
0.38535103580401214,12.367733420212831,0,9,12.226905822753906,1.8266639709472656,55.155418395996094,55.50864028930664,1,41,0.0,0,1.0,33,0.9988458539769237,0.3442080389132153,81,27,0.7734237524970956,1,1,0,0.1716523088590441,0.5443396220604578,37,pre_opening,0.15626690536737436,12,-0.22908413043663778,R1,0.9807852789517082,0.19509032931342324,54.69793701171875,56.0230598449707,0.38807271669308346,2.5,1
0.4837240568023244,12.457308726505694,0,9,12.288536071777344,1.9658584594726562,56.562252044677734,55.87582778930664,1,42,0.0,0,1.0,34,0.9727308802326634,1.444164366917321,81,27,0.8185511247536857,1,1,0,0.774749334739659,0.5455976376930872,37,pre_opening,0.21077056974172587,12,-0.2729534870605985,R1,0.9238795305660376,0.3826834370613369,55.360267639160156,58.50217056274414,0.33482706795136136,3.0,1
0.5586906698061986,12.590558598114175,0,9,12.367107391357422,2.223217010498047,57.98599624633789,56.31945037841797,1,43,0.0,0,1.0,35,0.9770125766129579,1.3464675489282685,81,27,0.8630648343974316,1,1,0,0.7544740260413848,0.49837977687517804,37,pre_opening,0.19400561228394508,12,-0.3646850575222536,R1,0.9238795305660376,0.3826834370613369,56.7054443359375,58.68843460083008,0.30437416459123295,4.0,1
0.2144345228228277,12.268725385138831,1,8,11.38521957397461,4.407768249511719,65.1570816040039,59.625755310058594,1,48,1.5,1,1.0,41,0.8182884645890202,3.6498810030818056,81,27,0.6568094935867494,0,0,0,1.837800364257694,0.5314796629051367,37,post_opening,0.08910469214121497,12,-0.12532983068161274,R1,0.555570248949409,0.8314696016585884,60.43870544433594,65.19562530517578,0.44237497076392174,1.0,1
0.21920881071500764,12.509509089199307,1,8,11.415153503417969,4.977085113525391,66.57057189941406,60.48572540283203,1,49,2.5,1,1.0,42,0.8415817987513016,3.4478958136872206,81,27,0.6060632544141291,0,0,0,1.7719658381584746,0.4661632503072421,37,post_opening,0.07930880660812062,12,-0.13990000410688702,R1,0.555570248949409,0.8314696016585884,61.822261810302734,65.48627471923828,0.3868544436991215,2.0,1
0.19696686469037056,13.320246200324577,1,8,10.731483459472656,7.879570007324219,77.30205535888672,68.36529541015625,1,57,8.0,1,1.0,50,0.4232176884555523,6.819513817659476,81,27,0.5431382611644141,0,0,0,3.070210612322743,0.5053440953294436,37,post_opening,0.15917269885540003,12,-0.03779416583497053,R1,-0.19509032931342324,0.9807852789517082,64.22948455810547,72.2551498413086,0.34617139647404355,6.8007354736328125,1
0.15032731035249164,13.139769323860689,1,8,10.482269287109375,7.91473388671875,78.46133422851562,69.3178939819336,1,58,8.5,1,1.0,51,0.43530910843365817,6.695093622747221,81,27,0.546414570648439,0,0,0,3.033635525010166,0.5318683808048567,37,post_opening,0.13578112050890928,12,-0.014546189843582358,R1,-0.19509032931342324,0.9807852789517082,65.63797760009766,73.1725845336914,0.3960872602959474,7.566372871398926,1
0.10637530492537167,11.442292743182433,1,7,9.082267761230469,6.954826354980469,78.46133422851562,69.3178939819336,1,58,9.51314926147461,1,1.0,52,0.4414025480629083,6.198253715852343,81,27,0.5497892007906531,0,0,0,2.6326551838518277,0.5473237782716751,37,post_opening,0.1039098824063937,12,-0.0024654225189779666,R1,-0.19509032931342324,0.9807852789517082,67.03797912597656,74.13249206542969,0.4434138958652814,8.381526947021484,1
0.10433492508651332,12.708326344254091,1,11,12.70832633972168,0.00017547607421875,35.02418899536133,74.00017547607422,1,23,1.5,1,1.0,13,0.5555817297962611,5.832008214071213,82,23,0.4768301367473753,0,0,0,2.5534472660362737,0.46644406765699387,33,before_event,0.0939488559961319,12,-0.010386069090381422,R3,0.555570248949409,0.8314696016585884,28.98270606994629,83.9776382446289,0.37249521166086197,5.830951690673828,1
0.1065936644248493,12.952938148592121,1,11,12.952938079833984,0.000579833984375,36.29708480834961,74.00057983398438,1,24,1.5,1,1.0,14,0.5556074688541403,5.896114836767176,82,23,0.4944802929334171,0,0,0,2.6103137532825333,0.48302213102579117,33,before_event,0.09513550251722336,12,-0.011458161907625941,R3,0.555570248949409,0.8314696016585884,30.010990142822266,83.9776382446289,0.3878866285085678,5.408327102661133,1
0.2484228106120136,13.314845031287074,0,10,13.314826965332031,-0.00811004638671875,52.188575744628906,73.99323272705078,1,36,0.0,0,1.0,27,0.7075373478966671,4.878190121706533,82,23,0.7115507266699181,1,1,0,2.342072600808744,0.5499985367059708,33,pre_opening,0.08687062064806622,12,-0.16155218996394738,R3,0.7071067811865475,-0.7071067811865475,47.359031677246094,65.51605987548828,0.46312791605790454,1.1180340051651,1
0.3004922876807558,12.006747031182801,0,9,12.006729125976562,-0.008758544921875,52.188575744628906,73.99323272705078,1,36,0.0,0,1.0,28,0.7076224058758567,4.589445735716723,82,23,0.7291512039852647,1,1,0,2.113568155701858,0.5499871373176575,33,pre_opening,0.12132822101314861,12,-0.1791640666676072,R3,0.7071067811865475,-0.7071067811865475,48.66712951660156,65.51670837402344,0.42865891630450886,1.4142135381698608,1
0.3681073475726031,12.039885338944469,0,9,12.039844512939453,-0.01723480224609375,53.535587310791016,73.9853515625,1,37,0.0,0,1.0,29,0.7081182652168463,4.5919153636011005,82,23,0.7734105166144751,1,1,0,2.1203630369013053,0.5498720705509186,33,pre_opening,0.14456890150904655,12,-0.22353844606355655,R3,0.7071067811865475,-0.7071067811865475,49.98102569580078,65.51730346679688,0.405303169041872,1.8027756214141846,1
0.4428045098095321,12.090557693615956,0,9,12.09048080444336,-0.02783203125,54.90403747558594,73.97539520263672,1,38,0.0,0,1.0,30,0.5574827973188353,5.666005785019164,82,23,0.8177487347631835,1,1,0,2.5022802116277942,0.5490397363901138,33,pre_opening,0.1740955114364624,12,-0.2687089983730697,R3,0.555570248949409,-0.8314696016585884,49.48040008544922,64.02558898925781,0.37494422495365143,2.2360680103302,1
0.5056545250417275,12.13342458416131,0,9,12.133319854736328,-0.03716278076171875,56.275672912597656,73.96663665771484,1,39,0.0,0,1.0,31,0.5581143143284937,5.6722001269683355,82,23,0.8620221192937576,1,1,0,2.508344950191937,0.5484621822834015,33,pre_opening,0.19209458803137142,12,-0.3135599370103561,R3,0.555570248949409,-0.8314696016585884,50.80919647216797,64.02616119384766,0.3563675942520301,3.041381359100342,1
0.5703627334063005,12.172405038676143,0,9,12.172279357910156,-0.04524993896484375,57.647830963134766,73.95903778076172,1,40,0.0,0,1.0,32,0.7097305170034286,4.605109319388418,82,23,0.9061143786733102,1,1,0,2.1363522699621433,0.5464101483424505,33,pre_opening,0.21065850307544076,12,-0.35970423033085974,R3,0.7071067811865475,-0.7071067811865475,53.96083068847656,65.51900482177734,0.33575164526700974,3.640054941177368,1
0.17520501304054636,12.346944538208913,1,9,12.346820831298828,-0.04931640625,65.88240814208984,73.93603515625,1,46,1.5,1,1.0,38,0.5588868960412722,5.719128386038662,82,23,0.8705359246669648,0,0,1,2.5612219280487314,0.8809990485509237,33,post_opening,0.18566813692450523,12,0.01046312388395887,R3,0.555570248949409,-0.8314696016585884,60.202430725097656,64.0077133178711,0.6953309116264185,1.0,1
0.14274303599568583,12.284671662016835,1,9,12.284584045410156,-0.03993988037109375,67.1886215209961,73.93545532226562,1,47,2.0,1,1.0,39,0.5582705886394167,5.707818820677403,82,23,0.8274674265024302,0,0,1,2.5612934024859184,0.8475605448087057,33,post_opening,0.1628361543019613,12,0.02009311830627547,R3,0.555570248949409,-0.8314696016585884,61.57088088989258,63.99776077270508,0.6847243905067444,1.5,1
0.11624148443198912,12.16796737922152,1,9,12.16790771484375,-0.03101348876953125,68.4435806274414,73.93562316894531,1,48,3.0,1,1.0,40,0.5576876821208616,5.68324239729858,82,23,0.7850286682929268,0,0,1,2.5552709303834584,0.81421992679437,33,post_opening,0.14543274293343234,12,0.029191258501443218,R3,0.555570248949409,-0.8314696016585884,62.9425163269043,63.9890022277832,0.6687871838609377,2.5,1
0.11659688423828007,10.795788287927403,1,8,10.79574966430664,-0.02341461181640625,68.4435806274414,73.93562316894531,0,48,3.5,1,1.0,41,0.7086387393936682,4.385814895711499,82,23,0.7640602878804577,0,0,0,1.9293039472633116,0.7475531796614329,33,post_opening,0.10008977601925528,12,-0.01650710821902479,R3,0.7071067811865475,-0.7071067811865475,66.13311004638672,65.4737548828125,0.6474634036421776,3.0,1
0.1521973455924085,9.416573203306289,1,7,9.416549682617188,-0.01696014404296875,68.4435806274414,73.93562316894531,0,48,4.0,1,1.0,42,0.9245672819302689,2.4352489804816315,82,23,0.7368263001221708,0,0,0,0.908820153164509,0.714219848314921,33,post_opening,0.12959089378515876,12,-0.02260645180724974,R3,0.9238795305660376,-0.3826834370613369,70.11358642578125,69.36038208007812,0.5846289545297623,4.0,1
0.15221949601984208,8.036554201435688,1,6,8.036540985107422,-0.011627197265625,68.4435806274414,73.93562316894531,0,48,5.0,1,1.0,43,0.83227252478159,3.46625503540383,82,23,0.7002205941559492,0,0,0,1.1301665057860002,0.6808865169684092,33,post_opening,0.1328854188323021,12,-0.01933407718753999,R3,0.8314696016585884,-0.555570248949409,70.38467407226562,67.28041076660156,0.5480010981361071,4.5,1
0.1214829746304299,6.658633172625299,1,5,6.658626556396484,-0.00736236572265625,68.4435806274414,73.93562316894531,0,48,5.5,1,1.0,44,0.7078881881943413,4.336236732600522,82,23,0.6486033934770371,0,0,0,1.1941541890960943,0.6142489264408747,33,post_opening,0.08712850759426749,12,-0.034354467036162406,R3,0.7071067811865475,-0.7071067811865475,70.27023315429688,65.45770263671875,0.5271204188466072,5.0,1
0.0623605473884018,5.275744374086768,1,4,5.2757415771484375,-0.00411224365234375,68.4435806274414,73.93562316894531,0,48,6.5,1,1.0,45,0.7076577295581006,4.534076839810782,82,23,0.5722663749305479,0,0,1,0.9452104453794584,0.5817630589008331,33,post_opening,0.07185723135868705,12,0.009496683970285247,R3,0.7071067811865475,-0.7071067811865475,71.65312194824219,65.45445251464844,0.5099058275421461,6.0,1
0.08235833415600563,12.130093288311494,1,9,12.128108978271484,0.03549957275390625,52.71563720703125,62.72987747192383,1,36,5.408327102661133,1,1.0,28,0.9227554443845262,2.3717322983923,83,29,0.5085198307455868,0,0,0,1.187842868279886,0.48907767484585446,39,before_event,0.06291617825627327,12,-0.01944215589973236,R1,0.9238795305660376,-0.3826834370613369,51.67407989501953,58.102176666259766,0.4261614965895812,5.147815227508545,1
0.08409856976668723,12.177677263935985,1,9,12.176029205322266,-0.04345703125,54.08555603027344,62.69577407836914,1,37,5.830951690673828,1,1.0,29,0.9252394594293766,2.3386980951086107,83,29,0.49328259102106775,0,0,0,1.1725079821831836,0.4707321797808011,39,pre_opening,0.06154815852642059,12,-0.022550411240266632,R1,0.9238795305660376,-0.3826834370613369,52.99607849121094,58.147029876708984,0.4091840212543805,5.590169906616211,1
0.05404027030340697,12.520341987356666,1,9,12.483604431152344,0.3745574951171875,72.0385513305664,62.8980598449707,1,50,1.5,1,1.0,42,0.7279951701608829,4.52134879662892,83,29,0.8581342719542172,0,0,1,2.214017784999715,0.881362110376358,39,post_opening,0.07726810872554779,12,0.023227838422140823,R1,0.7071067811865475,0.7071067811865475,68.04022979736328,71.00878143310547,0.8040940016508102,1.0,1
0.04698470854193515,12.568497469697762,1,9,12.49749755859375,0.7381782531738281,73.43518829345703,63.21319580078125,1,51,2.0,1,1.0,43,0.8627812349986513,3.220976620336033,83,29,0.8127746718469316,0,0,1,1.6959828893213136,0.8480272591114044,39,post_opening,0.08223729580640793,12,0.03525258726447278,R1,0.8314696016585884,0.555570248949409,70.91532897949219,69.14186096191406,0.7657899633049965,2.0,1
0.039441115617997125,12.630323038149752,1,9,12.505931854248047,1.1797637939453125,74.82758331298828,63.605690002441406,1,52,3.0,1,1.0,44,0.9557371865661035,1.8479292054149823,83,29,0.7676310434542564,0,0,1,1.0784863511179794,0.8146938433249792,39,post_opening,0.08650391548871994,12,0.047062799870722816,R1,0.9238795305660376,0.3826834370613369,73.408203125,67.01812744140625,0.7281899278362592,2.5,1
0.04841107460814764,12.71710445107775,1,9,12.520206451416016,1.6876106262207031,76.224365234375,64.06436157226562,1,53,3.5,1,1.0,45,0.8982323647530241,2.7954173052688036,83,29,0.7226334619815951,0,0,1,1.543562184998363,0.727502703666687,39,post_opening,0.053280316293239594,12,0.004869241685091952,R1,0.8314696016585884,0.555570248949409,73.68179321289062,69.04359436035156,0.6742223873734474,3.5,1
0.1817970715683549,12.425126623858324,1,9,12.387882232666016,-0.6713218688964844,69.28556060791016,46.00203323364258,1,52,1.5,1,1.0,44,0.7443340223189205,4.3671586387882515,84,30,0.8337109975737184,0,0,1,2.131212107752713,0.8754156480232874,40,post_opening,0.22350172201792395,12,0.04170465044956906,R1,0.7071067811865475,-0.7071067811865475,65.3829574584961,38.188072204589844,0.6519139260053635,1.5,1
0.17663056717387893,12.457937390584897,1,9,12.407161712646484,-0.9057083129882812,70.67744445800781,45.80402755737305,1,53,2.5,1,1.0,45,0.6146311023894228,5.367753199373418,84,30,0.786709818403642,0,0,1,2.4958415443984556,0.8235513021548589,40,post_opening,0.2134720509250959,12,0.036841483751216986,R1,0.555570248949409,-0.8314696016585884,64.93712615966797,36.73210144042969,0.610079251229763,2.0,1
0.17612147199205908,12.487578135815466,1,9,12.421207427978516,-1.1410140991210938,72.06245422363281,45.59403610229492,1,54,3.0,1,1.0,46,0.7688247546504362,4.166226112801387,84,30,0.7412850086102123,0,0,0,2.04403556629278,0.704090860982736,40,post_opening,0.13892732436458277,12,-0.037194147627476304,R1,0.7071067811865475,-0.7071067811865475,68.12652587890625,38.24977111816406,0.5651635366181532,2.5,1
0.18225299571462616,12.500098780348818,1,9,12.416507720947266,-1.3525161743164062,73.43368530273438,45.375938415527344,1,55,3.5,1,1.0,47,0.7795200654050817,4.07218982046513,84,30,0.6874226928205107,0,0,0,1.9994869543313833,0.5638115753730139,40,post_opening,0.0586418782671293,12,-0.12361111744749687,R1,0.7071067811865475,-0.7071067811865475,69.50245666503906,38.24317169189453,0.5051696971058846,3.5,1
0.19965530638394485,12.498828837698081,1,9,12.397735595703125,-1.5298957824707031,74.79170989990234,45.15239334106445,1,56,4.5,1,1.0,48,0.8932521876034181,2.839238549369412,84,30,0.6338146498252722,0,0,0,1.4492837347092073,0.5205494451026121,40,post_opening,0.08639010166128475,12,-0.1132652047226601,R1,0.8314696016585884,-0.555570248949409,72.37161254882812,40.015445709228516,0.4341593434413274,4.0,1
0.21032014352980233,12.506288379063815,1,9,12.38900375366211,-1.6744270324707031,76.15586853027344,44.926273345947266,1,57,5.0,1,1.0,49,0.7954431216138561,3.925137702128805,84,30,0.5802023583442268,0,0,0,1.9282466420556008,0.4594790004193783,40,post_opening,0.08959678560495377,12,-0.12072335792484856,R1,0.7071067811865475,-0.7071067811865475,72.25214385986328,38.11541748046875,0.3698822148144245,4.5,1
0.14666147817442404,10.731016082041315,1,8,10.566650390625,-1.8686866760253906,85.35836029052734,43.28370666503906,0,64,10.5,1,1.0,57,0.691877679810736,4.49898760504247,84,30,0.44918781185417955,0,0,1,1.9823619442568159,0.46666677047808963,40,post_opening,0.16414043679833412,12,0.01747895862391008,R1,0.555570248949409,-0.8314696016585884,81.45854949951172,35.17475891113281,0.3025263336797555,10.0,1
0.10753865212228725,9.348243858930172,1,7,9.202491760253906,-1.6425666809082031,85.35836029052734,43.28370666503906,0,64,11.5,1,1.0,58,0.8203538808428135,3.440098166235862,84,30,0.4470851512752655,0,0,1,1.371556062645643,0.4738831991950671,40,post_opening,0.13433670004208886,12,0.026798047919801615,R1,0.7071067811865475,-0.7071067811865475,84.64115142822266,36.44099426269531,0.33954649915297824,11.0,1
0.0908449398503352,7.964955736287673,1,6,7.837760925292969,-1.4167442321777344,85.35836029052734,43.28370666503906,0,64,12.0,1,1.0,59,0.6946091622238568,4.320297956418618,84,30,0.44424871921794107,0,0,1,1.4677545772081237,0.46026450395584106,40,post_opening,0.1068607245882352,12,0.016015784737899996,R1,0.555570248949409,-0.8314696016585884,84.18743896484375,34.722816467285156,0.35340377936760586,11.5,1
0.095281280448413,6.573011903476199,1,5,6.4656219482421875,-1.1827735900878906,85.35836029052734,43.28370666503906,0,64,12.5,1,1.0,60,0.5426856074922211,5.0397054814417945,84,30,0.4812286917074284,0,0,1,1.4109120319151927,0.5113262807329496,40,post_opening,0.12537886947393423,12,0.030097589025521232,R1,0.3826834370613369,-0.9238795305660376,83.48493957519531,33.37992858886719,0.3859474112590154,12.0,1
0.087043814484631,5.187585095047253,1,4,5.1009521484375,-0.9438514709472656,85.35836029052734,43.28370666503906,0,64,13.5,1,1.0,61,0.6975794407281626,4.58424579565096,84,30,0.526243833327646,0,0,1,0.9473418587995001,0.5311034296949705,40,post_opening,0.09190341085195547,12,0.00485959636732447,R1,0.555570248949409,-0.8314696016585884,86.92424774169922,34.24992370605469,0.439200018843015,13.0,1
0.06638446893573169,12.528586012924038,1,10,12.489469528198242,-0.9869651794433594,36.28537368774414,63.728145599365234,1,27,3.5,1,1.0,18,0.6492046171698453,5.141911353871628,85,27,0.4631020322072542,0,0,1,2.346953359127573,0.4647391140460968,37,before_event,0.06802155077457428,12,0.0016370818388425912,R1,0.7071067811865475,0.7071067811865475,32.281185150146484,73.20039367675781,0.3967175632715225,4.031128883361816,1
0.05675783449472677,12.658383379664217,1,10,12.620426177978516,-0.9783554077148438,37.594703674316406,63.62957000732422,1,28,3.5,1,1.0,19,0.6503395328580066,5.163813791071908,85,27,0.4806910698022613,0,0,0,2.3708405376418606,0.47865196565787,37,before_event,0.054718730350335476,12,-0.0020391041443912905,R1,0.7071067811865475,0.7071067811865475,33.459556579589844,73.09320831298828,0.4239332353075345,4.0,1
0.0540002694477526,12.779499565811927,1,10,12.742532730102539,-0.9707107543945312,38.916160583496094,63.533363342285156,1,29,3.5,1,1.0,20,0.7587748424892169,4.31836157802298,85,27,0.4946448217580604,0,0,0,2.0517255055542325,0.4911750952402751,37,before_event,0.05053054292996728,12,-0.003469726517785321,R1,0.7071067811865475,-0.7071067811865475,34.65890884399414,56.01879119873047,0.4406445523103078,1.4142135381698608,1
0.0563181868329955,12.891158137966332,1,10,12.855020523071289,-0.9640083312988281,40.24485397338867,63.44035720825195,1,30,3.5,1,1.0,21,0.6161926355412779,5.4666949563108815,85,27,0.4993880347545259,0,0,0,2.5061270322855105,0.49432164678970975,37,before_event,0.05125179886817932,12,-0.005066387964816177,R1,0.555570248949409,-0.8314696016585884,34.05667495727539,54.42673110961914,0.4430698479215304,1.0,1
0.05129232559670366,12.99427608597726,1,10,12.95881462097168,-0.95831298828125,41.57753372192383,63.35120391845703,1,31,3.5,1,1.0,22,0.6153776168757148,5.4985699262464,85,27,0.5000634794838166,0,0,0,2.5311993234975576,0.49990031371514004,37,before_event,0.051129159828027126,12,-0.00016316576867653199,R1,0.555570248949409,-0.8314696016585884,35.285560607910156,54.33188247680664,0.4487711538871129,1.4142135381698608,1
0.18981617354321983,12.235137955879418,0,9,12.218486785888672,-0.626708984375,52.463340759277344,62.81364822387695,1,39,0.0,0,1.0,31,0.59743251306551,5.437383350785315,85,27,0.648313845574543,1,1,0,2.4322330145641144,0.5103966693083445,37,pre_opening,0.05189899727702135,12,-0.13791717626619848,R1,0.555570248949409,-0.8314696016585884,46.91169738769531,53.46272277832031,0.45849767203132313,6.041522979736328,1
0.2582356093785148,12.272340053800992,0,9,12.257831573486328,-0.5854606628417969,53.835365295410156,62.765743255615234,1,40,0.0,0,1.0,32,0.5946052154512969,5.465164148204931,85,27,0.6968082570494196,1,1,0,2.44922220212296,0.5035969316959381,37,pre_opening,0.0650242840250333,12,-0.1932113253534815,R1,0.555570248949409,-0.8314696016585884,48.24437713623047,53.37356948852539,0.4385726476709048,6.7082037925720215,1
0.3082641131597615,12.312987037348098,0,9,12.300559997558594,-0.5410652160644531,55.22222900390625,62.72541046142578,1,41,0.0,0,1.0,33,0.5915721070686215,5.4951706313024085,85,27,0.7469903495826181,1,1,0,2.4638284885363264,0.49672411133845645,37,pre_opening,0.05799787491559982,12,-0.25026623824416167,R1,0.555570248949409,-0.8314696016585884,49.5885124206543,53.288841247558594,0.43872623642285663,6.964194297790527,1
0.3667053739312468,12.343685561513558,0,9,12.333206176757812,-0.49480438232421875,56.605125427246094,62.69192123413086,1,42,0.0,0,1.0,34,0.734884491214649,4.434360142843701,85,27,0.7954457412246047,1,1,0,2.0745307330867035,0.49179287006457645,37,pre_opening,0.0630525027712186,12,-0.3036528711600282,R1,0.7071067811865475,-0.7071067811865475,52.7572021484375,54.701446533203125,0.42874036729335785,7.905694007873535,1
0.466858764903338,12.375291572648925,0,9,12.366596221923828,-0.4473152160644531,57.9912109375,62.66498947143555,1,43,0.0,0,1.0,35,0.5852628001032089,5.552345594119347,85,27,0.8429453203246904,1,1,0,2.4917205810290466,0.4922463024655978,37,pre_opening,0.11615974704424542,12,-0.3506990178590926,R1,0.555570248949409,-0.8314696016585884,52.29145812988281,53.13467025756836,0.3760865554213524,8.381526947021484,1
0.5310910437115,12.400070978518267,0,9,12.392749786376953,-0.4102058410644531,59.37908935546875,62.63333511352539,1,44,0.0,0,1.0,36,0.5827731157659624,5.574981918912128,85,27,0.895045204073982,1,1,0,2.50322202759434,0.49816999584436417,37,pre_opening,0.1342158354818821,12,-0.39687520822961786,R1,0.555570248949409,-0.8314696016585884,53.65318298339844,53.0659065246582,0.36395416036248207,9.219544410705566,1
0.26595228891410916,12.493729347188802,1,9,12.468399047851562,-0.6698684692382812,66.30376434326172,62.09587478637695,1,49,1.5,1,1.0,41,0.599376802436349,5.483898133357302,85,27,0.8348582807266562,0,0,1,2.526195063421428,0.8755153318246206,37,post_opening,0.3066093400120735,12,0.04065705109796436,R1,0.555570248949409,-0.8314696016585884,60.5022087097168,52.788108825683594,0.5689059918125471,1.0,1
0.20272548723739747,12.504964549483512,1,9,12.468711853027344,-0.80859375,67.6909408569336,61.91681671142578,1,50,2.5,1,1.0,42,0.7513842151078289,4.324328344217056,85,27,0.790221574192468,0,0,1,2.1047213636120268,0.8421865552663803,37,post_opening,0.2546904683113098,12,0.05196498107391234,R1,0.7071067811865475,-0.7071067811865475,63.70751190185547,54.24012756347656,0.5874960869550705,2.0,1
0.20435299321839528,12.526881841617499,1,9,12.477569580078125,-0.9691696166992188,69.08269500732422,61.72275161743164,1,51,3.0,1,1.0,43,0.6182906483391449,5.3599668111105885,85,27,0.745630611676269,0,0,1,2.4960340603192295,0.7755198925733566,37,post_opening,0.23424227411548293,12,0.029889280897087644,R1,0.555570248949409,-0.8314696016585884,63.271968841552734,52.71428680419922,0.5412776184578737,2.5,1
0.17207106720899656,12.558430526596513,1,9,12.492790222167969,-1.1585006713867188,70.48400115966797,61.50648880004883,1,52,3.5,1,1.0,44,0.6299724406580793,5.284856216293816,85,27,0.7009824603447826,0,0,1,2.471334934043602,0.7239500284194946,37,post_opening,0.19503863528370857,12,0.022967568074712008,R1,0.555570248949409,-0.8314696016585884,64.65805053710938,52.687355041503906,0.5289113931357861,3.5,1
0.15288256633181563,12.585403978114593,1,9,12.500617980957031,-1.3610076904296875,71.87970733642578,61.2723274230957,1,53,4.5,1,1.0,45,0.6423010509909686,5.202865233949928,85,27,0.6565366700579642,0,0,1,2.4418457345039775,0.6906165132919947,37,post_opening,0.1869624095658461,12,0.03407984323403046,R1,0.555570248949409,-0.8314696016585884,66.04592895507812,52.65570068359375,0.5036541037261486,4.0,1
0.12751960114730376,12.600275937353763,1,9,12.494125366210938,-1.5623550415039062,73.25479125976562,61.02455520629883,1,54,5.0,1,1.0,46,0.4943618346132064,6.1877040644218795,85,27,0.6125295172740318,0,0,1,2.7579513946809153,0.6221456279357275,37,post_opening,0.13713571180899942,12,0.009616110661695654,R1,0.3826834370613369,-0.9238795305660376,65.35286712646484,51.50035858154297,0.48500991612672806,4.5,1
0.06637512798220002,12.578004228709563,1,9,12.44979476928711,-1.7381591796875,74.59273529052734,60.76769256591797,1,55,6.0,1,1.0,47,0.5067544988363734,6.106028773621985,85,27,0.5687725335867214,0,0,1,2.739082716021405,0.5910260876019796,37,post_opening,0.08862868199745821,12,0.022253554015258192,R1,0.3826834370613369,-0.9238795305660376,66.73513793945312,51.41929626464844,0.5023974056045214,5.5,1
0.12467943051719299,12.357586919290657,1,9,12.357551574707031,-0.01873016357421875,63.08628463745117,49.92953872680664,1,47,1.5,1,1.0,39,0.5568298558888527,5.735066118915275,86,24,0.8630250634676578,0,0,1,2.560093967318365,0.8753149310747782,34,post_opening,0.13696929812431335,12,0.012289867607120364,R1,0.555570248949409,-0.8314696016585884,57.39557647705078,39.97063446044922,0.7383456329504648,1.0,1
0.0949574933429147,12.359866613753109,1,9,12.359844207763672,-0.0102996826171875,64.45840454101562,49.9316520690918,1,48,2.0,1,1.0,40,0.556262934527104,5.739294817295162,86,24,0.8180968464393998,0,0,1,2.562692540165623,0.8415773312250773,34,post_opening,0.11843797812859214,12,0.023480484785677436,R1,0.555570248949409,-0.8314696016585884,58.765403747558594,39.964317321777344,0.7231393530964851,2.0,1
0.043990497798605865,12.337776447107938,1,9,12.337760925292969,-0.002544403076171875,65.80523681640625,49.93430709838867,1,49,3.0,1,1.0,41,0.7072525920125136,4.6582840006693305,86,24,0.7741873959808391,0,0,1,2.180302194369813,0.8082000215848287,34,post_opening,0.07800312340259552,12,0.034012625603989655,R1,0.7071067811865475,-0.7071067811865475,61.9527587890625,41.451568603515625,0.7301968981822332,2.5,1
0.05760068523753137,12.280912549122949,1,9,12.280899047851562,0.004535675048828125,67.11404418945312,49.93742752075195,1,50,3.5,1,1.0,42,0.555263126401955,5.726284586477153,86,24,0.7307327074594145,0,0,1,2.565320397621613,0.7415183335542679,34,post_opening,0.06838631133238471,12,0.01078562609485334,R1,0.555570248949409,-0.8314696016585884,61.4999885559082,39.955257415771484,0.6731320222218832,3.0,1
0.044777522723013274,12.172374843850687,1,9,12.172359466552734,0.010906219482421875,68.3754653930664,49.94093322753906,1,51,4.5,1,1.0,43,0.8309714869648654,3.5145824132441903,86,24,0.6873023313682617,0,0,1,1.7107362366178838,0.7081663956244787,34,post_opening,0.06564158697923028,12,0.020864064256217008,R1,0.8314696016585884,-0.555570248949409,66.18074035644531,43.26318359375,0.6425248086452484,4.0,1
0.056726380241838625,9.427469752376185,1,7,9.42745590209961,0.013637542724609375,68.3754653930664,49.94093322753906,0,51,5.5,1,1.0,45,0.830665057287255,3.351548978821009,86,24,0.6108604511150991,0,0,0,1.3296247277273627,0.6081439852714539,34,post_opening,0.05400991439819336,12,-0.002716465843645266,R1,0.8314696016585884,-0.555570248949409,68.92564392089844,43.26045227050781,0.5541340708732605,5.5,1
0.03884664374586577,8.04813244150077,1,6,8.048118591308594,0.013652801513671875,68.3754653930664,49.94093322753906,0,51,6.5,1,1.0,46,0.7059062318890602,4.255083894968651,86,24,0.5545269792079591,0,0,1,1.4454268921985138,0.5756798138221105,34,post_opening,0.05999947836001718,12,0.021152834614151406,R1,0.7071067811865475,-0.7071067811865475,68.81262969970703,41.44200134277344,0.5156803354620934,6.0,1
0.32195518608196233,13.33257426332409,0,10,13.309444427490234,0.578521728515625,54.47664260864258,65.12557220458984,1,38,0.0,0,1.0,29,0.8065590361446067,3.9873635999446835,87,23,0.7888351375391449,1,1,0,2.0129962001306287,0.525838203728199,33,pre_opening,0.05895825227101642,12,-0.2629969338109459,R1,0.8314696016585884,-0.555570248949409,51.144832611083984,57.88020706176758,0.4668799514571826,2.0615527629852295,1
0.3891203965106664,12.002087883337001,0,9,11.988883972167969,0.4163055419921875,54.47664260864258,65.12557220458984,1,38,0.0,0,1.0,30,0.8116886063628587,3.6815799549331745,87,23,0.8155549457032539,1,1,0,1.7800248556900145,0.5145761842528979,33,pre_opening,0.08814163506031031,12,-0.30097876145035607,R1,0.8314696016585884,-0.555570248949409,52.46539306640625,58.042423248291016,0.42643454919258755,2.2360680103302,1
0.4493975361209583,12.02560692102036,0,9,12.015682220458984,0.37713623046875,55.82643127441406,65.21510314941406,1,39,0.0,0,1.0,31,0.6845757001452194,4.769858989502467,87,23,0.8602821225942643,1,1,0,2.1926320020205834,0.4632000960409641,33,pre_opening,0.052315509567658125,12,-0.39708202655330016,R1,0.7071067811865475,-0.7071067811865475,52.29602813720703,56.352684020996094,0.410884586473306,2.2360680103302,1
0.013330171575112626,12.714302814540476,1,9,12.259033203125,3.1870040893554688,68.08546447753906,68.40210723876953,1,48,2.5,1,1.0,40,0.9983189244864693,0.48869517264005413,87,23,0.5655456495086715,0,0,1,0.11469096310146813,0.6452817370494207,33,post_opening,0.06640591596563661,12,0.07973608754074923,R1,0.9807852789517082,0.19509032931342324,67.59585571289062,67.55619049072266,0.5788758210837841,2.5,1
0.002683510075854545,12.689784802766425,1,9,12.135669708251953,3.5666656494140625,69.32115173339844,68.926025390625,1,49,3.5,1,1.0,41,0.9942971215874404,0.7335482088878336,87,23,0.5223513161730297,0,0,1,0.46662761133676633,0.583852065106233,33,post_opening,0.0588172388573488,12,0.06150074893320334,R1,0.9238795305660376,0.3826834370613369,68.27203369140625,69.9515609741211,0.5250348262488842,3.0,1
0.022574319495079154,12.557093185036996,1,8,10.96539306640625,5.952625274658203,73.99215698242188,55.087093353271484,1,55,1.0,1,1.0,48,0.9957978502206488,0.6094602404889238,88,30,0.6686910133096747,0,0,1,0.4582900307565234,0.9499889612197876,40,post_opening,0.303872267405192,12,0.28129794791011287,R1,0.8314696016585884,0.555570248949409,73.00440216064453,55.80131149291992,0.6461166938145956,1.0,1
0.13730806943740986,13.447784327606705,1,8,10.526885986328125,8.293766021728516,79.13389587402344,59.75516891479492,1,59,1.5811388492584229,1,1.0,52,0.9509666344715824,2.105669188391484,88,30,0.5466777864790613,0,0,0,1.1502878594170705,0.46603940427303314,40,post_opening,0.056669687231381716,12,-0.08063838220602815,R1,0.555570248949409,0.8314696016585884,75.27384948730469,61.43903732299805,0.4093697170416514,1.4142135381698608,1
0.19997869170298538,13.027019559774645,0,9,12.108551025390625,4.753604888916016,77.8266372680664,53.202091217041016,1,55,0.5,0,1.0,47,0.9166008496087507,2.600648605945965,89,28,0.47541478786279395,0,0,1,1.384530986818461,0.9499807953834534,38,post_opening,0.27458731581767404,12,0.4745660075206594,R1,0.7071067811865475,0.7071067811865475,74.203369140625,56.93376922607422,0.6753934795657793,1.1180340051651,1
0.16816285191024682,13.00485422331451,0,9,12.015830993652344,4.948192596435547,79.13875579833984,53.782020568847656,1,56,0.5,0,1.0,48,0.9230905377135123,2.4987872394069583,89,28,0.38966946489567217,0,0,1,1.3100078059359472,0.9483407139778137,38,post_opening,0.3905083971718947,12,0.5586712490821415,R1,0.7071067811865475,0.7071067811865475,75.60820770263672,57.31910705566406,0.557832316805919,1.0,1
0.13356157903057797,12.971268965660027,0,9,11.931869506835938,5.075809478759766,80.4478759765625,54.35431671142578,1,57,0.5,0,1.0,49,0.9274769321719676,2.4240174420016745,89,28,0.3068076283814265,0,0,1,1.250626335566936,0.8792285025119781,38,post_opening,0.4388592950999737,12,0.5724208741305516,R1,0.7071067811865475,0.7071067811865475,77.00128936767578,57.76378631591797,0.44036920741200447,1.0,1
0.15309104578051963,12.912022786077259,0,9,11.842079162597656,5.142127990722656,81.74002075195312,54.91347122192383,1,58,0.5,0,1.0,50,0.8407716765874096,3.5413707465454207,89,28,0.23473342998470864,0,0,1,1.7692806985023304,0.5346724987030029,38,post_opening,0.14684802293777466,12,0.2999390687182943,R1,0.555570248949409,0.8314696016585884,76.56478118896484,59.74897766113281,0.38782447576522827,1.0,1
0.0,2.2926799219606013,1,2,-1.8831024169921875,-1.3071632385253906,79.30580139160156,25.38088607788086,0,81,3.8078866004943848,1,1.0,80,0.9998425952194359,4.854062264010346,90,34,0.550000011920929,0,0,1,0.01360879043805685,0.609380712111791,44,post_opening,0.05938070019086206,12,0.05938070019086206,R1,-0.8314696016585884,-0.555570248949409,71.21126556396484,20.02120590209961,0.550000011920929,3.8078866004943848,1
0.1495393104549928,13.112672267848886,0,8,11.008567810058594,7.005001068115234,76.19361114501953,55.44214630126953,1,55,0.7071067690849304,0,1.0,48,0.9150971118754115,2.630929158928195,91,30,0.658852787037361,0,0,0,1.4413970009734944,0.5748129040002823,40,post_opening,0.06549942741791404,12,-0.08403988303707877,R2,0.555570248949409,0.8314696016585884,71.85188293457031,58.41477966308594,0.5093134765823683,1.0,1
0.1605415638413205,13.319386443009714,1,8,10.887519836425781,7.578472137451172,77.50143432617188,56.613258361816406,1,56,1.0,1,1.0,49,0.9309959810261142,2.4274534685093725,91,30,0.6108403102682207,0,0,0,1.329953507885338,0.5580342461665472,40,post_opening,0.10773549973964697,12,-0.052806064101673544,R2,0.555570248949409,0.8314696016585884,73.28075408935547,59.012420654296875,0.4502987464269002,1.1180340051651,1
0.20964593989327857,13.519417354639222,1,8,10.760467529296875,8.11032485961914,78.79371643066406,57.83406448364258,1,57,1.0,1,1.0,50,0.8616812289458404,3.4243779659424884,91,30,0.5644576405751239,0,0,0,1.7993997254103544,0.5320964728792509,40,post_opening,0.17728477219740552,12,-0.03236116769587305,R2,0.3826834370613369,0.9238795305660376,72.62545013427734,60.81029510498047,0.35481170068184537,1.0,1
0.2554225428065074,13.710540462252691,1,8,10.633193969726562,8.595268249511719,80.06848907470703,59.097496032714844,1,58,1.0,1,1.0,51,0.7682846483877965,4.43943408130465,91,30,0.5358208458284947,0,0,0,2.2499184758703534,0.5221763675411543,40,post_opening,0.241778064519167,12,-0.01364447828734039,R2,0.19509032931342324,0.9807852789517082,71.77638244628906,62.27165222167969,0.28039830302198726,1.0,1
0.19153351686888354,12.082555904184922,1,7,9.248832702636719,7.7386016845703125,80.06848907470703,59.097496032714844,1,58,1.5811388492584229,1,1.0,52,0.8863620124753959,2.867621456346183,91,30,0.5432496068625988,0,0,0,1.4584533091253975,0.5365288207928339,40,post_opening,0.18481273079911864,12,-0.006720786069764895,R2,0.3826834370613369,0.9238795305660376,75.41185760498047,62.44544982910156,0.3517160899937153,1.1180340051651,1
0.08619317645791974,12.25148833930586,1,7,9.146270751953125,8.121959686279297,81.33509063720703,60.40751647949219,1,59,2.5,1,1.0,53,0.8995983810468593,2.716999944425872,91,30,0.5488211436566095,0,0,0,1.394056212865952,0.5468476861715317,40,post_opening,0.08421971897284192,12,-0.001973457485077823,R2,0.3826834370613369,0.9238795305660376,76.78102111816406,63.372108459472656,0.46262796719868976,1.4142135381698608,1
0.10757482841551841,13.757250508346386,1,8,10.599090576171875,8.712425231933594,79.7528076171875,60.64927291870117,1,59,2.0,1,1.0,52,0.9571686257932237,2.065390523446813,92,30,0.5480553239081357,0,0,0,1.0986715621766672,0.4905045082171758,40,post_opening,0.050024012724558475,12,-0.05755081569095993,R2,0.555570248949409,0.8314696016585884,75.820556640625,61.91448211669922,0.4404804954926173,1.4142135381698608,1
0.011536548978188343,12.081036722836494,1,9,9.56552505493164,7.067859649658203,73.03678131103516,56.730525970458984,1,54,1.4142135381698608,1,1.0,46,0.904750638372088,2.60766026332958,93,28,0.7291332636734831,0,0,1,1.02321893716517,0.949999988079071,38,post_opening,0.2324032733837763,12,0.22086672440558797,R2,0.9807852789517082,0.19509032931342324,75.24067687988281,52.00374984741211,0.7175967146952947,1.0,1
0.028908598702552912,12.041126734142647,1,9,9.050048828125,7.6726837158203125,73.80696105957031,57.81966781616211,1,55,1.5811388492584229,1,1.0,47,0.8742685749801602,2.9925308806989865,93,28,0.6840883302503854,0,0,1,1.2103161333797072,0.7857574820518494,38,post_opening,0.13057775050401688,12,0.10166915180146396,R2,0.9807852789517082,0.19509032931342324,76.52633666992188,52.488067626953125,0.6551797315478325,1.0,1
0.014793808137506081,12.004761726109646,1,9,8.513519287109375,8.232685089111328,74.51051330566406,58.94347381591797,1,56,1.5811388492584229,1,1.0,48,0.930166355728034,2.228992931915184,93,28,0.6391068248700399,0,0,1,0.8520116232892614,0.7690484523773193,38,post_opening,0.14473543564478553,12,0.12994162750727944,R2,0.9238795305660376,0.3826834370613369,77.08354949951172,55.3029899597168,0.6243130167325338,1.5,1
0.0030881835266267643,13.283345734961959,1,10,8.532035827636719,9.921092987060547,75.71196746826172,61.27776336669922,1,58,1.8027756214141846,1,1.0,49,0.8925479293502996,2.954769787422184,93,28,0.5901074829940315,0,0,1,1.2123632168685639,0.7130782246589661,38,post_opening,0.12605892519156137,12,0.1229707416649346,R2,0.9238795305660376,0.3826834370613369,78.26648712158203,55.94887161254883,0.5870192994674047,1.8027756214141846,1
0.03035186991261485,12.422480290044303,0,9,12.403133392333984,0.5995254516601562,75.54501342773438,46.775203704833984,1,56,0.0,0,1.0,48,0.5950659140442475,5.4966796959699495,95,36,0.8807428008831247,1,0,1,2.4808358401374564,0.949999988079071,46,post_opening,0.09960905710856116,12,0.06925718719594631,R1,0.555570248949409,0.8314696016585884,69.80872344970703,56.15331268310547,0.8503909309705099,1.1180340051651,1
0.1219216945355227,13.097849858270859,0,9,12.536067962646484,-3.4339523315429688,70.32034301757812,48.74467468261719,1,52,0.5,0,1.0,44,0.6551494591654634,5.209886199349591,96,31,0.8566873036409508,0,0,1,2.278803890777496,0.9500000357627869,41,post_opening,0.2152344266573588,12,0.0933127321218361,R2,0.8314696016585884,0.555570248949409,67.76190948486328,58.8454704284668,0.7347656091054281,1.5,1
0.07139830590542895,13.262511892449405,0,9,12.512744903564453,-4.075141906738281,71.69573974609375,47.99214553833008,1,53,0.5,0,1.0,45,0.7599596720214026,4.3919490050131635,96,31,0.8105744997785165,0,0,1,1.936103712049924,0.950000211596489,41,post_opening,0.21082401772340142,12,0.13942571181797248,R2,0.9238795305660376,0.3826834370613369,70.26954650878906,56.659488677978516,0.7391761938730875,1.4142135381698608,1
0.05729598392250923,13.445540946213683,0,9,12.475990295410156,-4.7315826416015625,73.0548324584961,47.16933822631836,1,54,0.5,0,1.0,46,0.7281378942076732,4.713371268058012,96,31,0.765212727975873,0,0,1,2.083850425438797,0.9500002861022949,41,post_opening,0.24208354204893112,12,0.1847875581264219,R2,0.9238795305660376,0.3826834370613369,71.66539764404297,56.49312210083008,0.7079167440533638,1.4142135381698608,1
0.08513723790373706,12.026138894999605,0,8,11.076358795166016,-4.495502471923828,73.0548324584961,47.16933822631836,1,54,0.5,0,1.0,47,0.7121425213869083,4.543854710525922,96,31,0.743402950264278,0,0,1,1.9385266468633842,0.949999988079071,41,post_opening,0.29173427571853006,12,0.206597037814793,R2,0.9238795305660376,0.3826834370613369,73.06502532958984,56.257041931152344,0.658265712360541,1.0,1
0.056589444737864314,12.206897907352603,0,8,11.022418975830078,-5.078666687011719,74.39471435546875,46.28105163574219,1,55,0.5,0,1.0,48,0.6789511811998811,4.8355402833229455,96,31,0.6937971266719031,0,0,1,2.0711857000004077,0.949999988079071,41,post_opening,0.3127923061450323,12,0.25620286140716797,R2,0.9238795305660376,0.3826834370613369,74.45884704589844,55.95191955566406,0.6372076819340388,1.0,1
0.03462990821224632,12.824515997577747,0,8,10.795967102050781,-6.817867279052734,78.34355926513672,43.211246490478516,1,58,0.7071067690849304,0,1.0,51,0.7250953062398807,4.605268695918175,96,31,0.5612483640593507,0,0,1,2.0468128907297176,0.8186784386634827,41,post_opening,0.29205998281637824,12,0.2574300746041319,R2,0.9807852789517082,0.19509032931342324,79.3170166015625,52.37019729614258,0.5266184558471044,1.1180340051651,1
0.14117957909262324,13.110510042201284,0,9,12.542282104492188,-3.447765350341797,69.07891082763672,49.707923889160156,1,52,0.5,0,1.0,44,0.6544707717170615,5.217343878589886,97,31,0.8703432307576751,0,0,1,2.278325447920629,0.9500001158033099,41,post_opening,0.22083646413825808,12,0.07965688504563484,R2,0.8314696016585884,0.555570248949409,66.51426696777344,59.822532653808594,0.7291636516650518,1.0,1
0.1240709543562637,13.278976909629078,0,9,12.520816802978516,-4.0915679931640625,70.45465087890625,48.95094299316406,1,53,0.5,0,1.0,45,0.6177714825641585,5.52745856146774,97,31,0.8240159819857981,0,0,1,2.4045783325634917,0.950000137090683,41,post_opening,0.2500551094611486,12,0.12598415510488492,R2,0.8314696016585884,0.555570248949409,67.91146850585938,59.709354400634766,0.6999450276295344,2.0,1
0.059694397468990856,13.466345607467893,0,9,12.4893798828125,-4.747089385986328,71.8205795288086,48.127872467041016,1,54,0.5,0,1.0,46,0.7276374719354997,4.722029901606115,97,31,0.7448511004642911,0,0,1,2.0840223041347556,0.949999988079071,41,post_opening,0.26484328508377075,12,0.2051488876147799,R2,0.9238795305660376,0.3826834370613369,70.41775512695312,57.4671630859375,0.6851567029953003,1.8027756214141846,1
0.10920529061108863,12.055028748791077,0,8,11.096187591552734,-4.521633148193359,71.8205795288086,48.127872467041016,1,54,0.5,0,1.0,47,0.8346497390284378,3.4478298563851464,97,31,0.720833870207767,0,0,1,1.4770166596885277,0.949999988079071,41,post_opening,0.33837140848239267,12,0.22916611787130403,R2,0.9807852789517082,0.19509032931342324,72.49381256103516,54.9905891418457,0.6116285795966784,1.5,1
0.06862385447815034,12.243274169925721,0,8,11.04949951171875,-5.113002777099609,73.16946411132812,47.239715576171875,1,55,0.5,0,1.0,48,0.6777531346441557,4.852637376230729,97,31,0.6235381638109184,0,0,1,2.082979179193919,0.9499899446964264,41,post_opening,0.3950756353636583,12,0.32645178088550797,R2,0.9238795305660376,0.3826834370613369,73.2065200805664,56.94491958618164,0.5549143093327681,1.5,1
0.05068198167806098,12.42927598449585,0,8,10.986305236816406,-5.681217193603516,74.49897003173828,46.3021354675293,1,56,0.5,0,1.0,49,0.8882623273150614,2.8854724861711145,97,31,0.5276678112499439,0,0,1,1.2560259501139324,0.949982225894928,41,post_opening,0.4729963963230451,12,0.4223144146449841,R2,1.0,0.0,75.51266479492188,51.98335266113281,0.4769858295718829,1.0,1
0.013183597443693462,12.60372110073161,0,8,10.911521911621094,-6.204936981201172,75.8179931640625,45.3298225402832,1,57,0.5,0,1.0,50,0.6139391539228054,5.399278432462472,97,31,0.43412132930576164,0,0,1,2.348809589078493,0.9242258071899414,41,post_opening,0.5032880753278732,12,0.49010447788417977,R2,0.9238795305660376,0.3826834370613369,75.99302673339844,56.12696075439453,0.4209377318620682,1.0,1
0.006408406511995701,12.86746569357542,1,8,10.723731994628906,-7.057140350341797,78.4155044555664,43.334564208984375,1,59,1.1180340051651,1,1.0,52,0.9265393754518142,2.41529835899081,97,31,0.2844442457297906,0,0,1,1.094565609878901,0.6725399494171143,41,post_opening,0.38168729717532796,12,0.38809570368732366,R2,0.9807852789517082,-0.19509032931342324,79.46119689941406,48.050621032714844,0.2908526522417863,1.1180340051651,1
0.07421769806324235,12.880663638277442,1,10,12.692317962646484,-2.093536376953125,44.76260757446289,67.10667419433594,1,27,1.5811388492584229,1,1.0,18,0.5826007459594,5.692331712194873,98,21,0.4831952786304433,0,0,0,2.6330165567426773,0.4663358082373937,31,before_event,0.05735822767019272,12,-0.016859470393049636,R1,0.7071067811865475,0.7071067811865475,40.555572509765625,77.68549346923828,0.40897758056720096,2.5495097637176514,1
0.08153014146667326,12.977284454762518,1,10,12.821769714355469,-1.8980178833007812,46.09568786621094,67.0016098022461,1,28,1.5811388492584229,1,1.0,19,0.5959390752267759,5.62623437617853,98,21,0.4969931742884875,0,0,0,2.622656585508418,0.4779118423660596,31,before_event,0.062448809544245365,12,-0.01908133192242789,R1,0.7071067811865475,0.7071067811865475,41.75920104980469,77.3849105834961,0.41546303282181424,2.5,1
0.08581573001189963,13.068531052220331,1,10,12.941089630126953,-1.7217636108398438,47.43484878540039,66.8953857421875,1,29,1.5811388492584229,1,1.0,20,0.6076741454367284,5.568617693537226,98,21,0.511921909765839,0,0,0,2.611074815451145,0.4967847764492035,31,before_event,0.07067859669526416,12,-0.015137133316635465,R1,0.7071067811865475,0.7071067811865475,42.979042053222656,77.10243225097656,0.42610617975393933,2.0,1
0.0981006451498252,13.154673037206912,0,10,13.049907684326172,-1.575653076171875,48.775997161865234,66.77842712402344,1,30,0.7071067690849304,0,1.0,21,0.4518961328746394,6.599660025684858,98,21,0.5240039356600028,0,0,0,2.932771691348755,0.5210399354497591,31,pre_opening,0.09513664493958152,12,-0.002964000210243678,R1,0.555570248949409,0.8314696016585884,42.3929328918457,78.33171844482422,0.4259032905101776,2.0615527629852295,1
0.12915892441324317,13.23741842459648,0,10,13.147933959960938,-1.4802398681640625,50.12577819824219,66.63136291503906,1,31,0.0,0,1.0,22,0.459060383841994,6.58193561022496,98,21,0.5729450984721574,1,1,0,2.932744051906383,0.5277284656961759,31,pre_opening,0.08394229163726175,12,-0.045216632775981425,R1,0.555570248949409,0.8314696016585884,43.64468765258789,78.08924102783203,0.4437861740589142,2.5,1
0.1739061740961948,13.313183240851226,0,10,13.230331420898438,-1.4434432983398438,51.474727630615234,66.4467544555664,1,32,0.0,0,1.0,23,0.4621138818272556,6.586358599860317,98,21,0.6187422914234081,1,1,0,2.9346302993974405,0.5320483396450678,31,pre_opening,0.08721222231785453,12,-0.08669395177834027,R1,0.555570248949409,0.8314696016585884,44.91123962402344,77.86783599853516,0.4448361173272133,2.8284270763397217,1
0.18028110920116042,12.02056565770671,0,9,11.953231811523438,-1.2437515258789062,51.474727630615234,66.4467544555664,1,32,0.0,0,1.0,24,0.46653587612242997,6.2021264633165485,98,21,0.6328761022162908,1,1,0,2.6416871737248635,0.5416205078363419,31,pre_opening,0.08902551482121152,12,-0.0912555943799489,R1,0.555570248949409,0.8314696016585884,46.18833923339844,77.66814422607422,0.45259499301513034,3.2015621662139893,1
0.21513534757336883,12.080845830764769,0,9,12.006805419921875,-1.2922134399414062,52.82276916503906,66.22036743164062,1,33,0.0,0,1.0,25,0.46340859056952666,6.235478153550588,98,21,0.683780704168885,1,1,0,2.647925344058835,0.5462888131539027,31,pre_opening,0.07764345655838645,12,-0.13749189101498238,R1,0.555570248949409,0.8314696016585884,47.48280715942383,77.49021911621094,0.4686453565955162,3.2015621662139893,1
0.23857800411130564,12.147365444244468,0,9,12.053279876708984,-1.41937255859375,54.177127838134766,65.93683624267578,1,34,0.0,0,1.0,26,0.4545173395715951,6.302887294967906,98,21,0.7297365739638167,1,1,0,2.659996455961805,0.549583966533343,31,pre_opening,0.058425396680831854,12,-0.1801526074304738,R1,0.555570248949409,0.8314696016585884,48.79069137573242,77.33384704589844,0.4911585698525111,3.605551242828369,1
0.21771087993257077,12.428683134635058,1,8,11.087215423583984,-5.493450164794922,66.61651611328125,60.09537124633789,1,43,1.5,1,1.0,36,0.7530734517009106,4.2856748714390145,98,21,0.7737245162235978,0,0,0,2.106859980836371,0.72691993167003,31,post_opening,0.17090629537900293,12,-0.04680458455356784,R1,0.3826834370613369,-0.9238795305660376,60.12150192260742,54.50226593017578,0.5560136362910271,1.0,1
0.23176346818292815,12.570731470949443,1,8,10.99957275390625,-5.9854736328125,67.91004180908203,59.17298126220703,1,44,2.0,1,1.0,37,0.6401505702396827,5.206330824619297,98,21,0.7196335802444287,0,0,0,2.462794540541812,0.6789584904909134,31,post_opening,0.19108837842941284,12,-0.0406750897535153,R1,0.19509032931342324,-0.9807852789517082,59.25155258178711,53.38903045654297,0.48787011206150055,1.5,1
0.19897600615297267,12.638480106839312,1,8,10.844413757324219,-6.410022735595703,69.14842224121094,58.23750686645508,1,45,3.0,1,1.0,38,0.7995473823305586,3.9038481005565786,98,21,0.6646998572277477,0,0,0,1.985272717099195,0.6268834968407949,31,post_opening,0.16115964576601988,12,-0.037816360386952796,R1,0.3826834370613369,-0.9238795305660376,62.896209716796875,53.56097412109375,0.46572385107477504,2.0615527629852295,1
0.20838585933376258,12.62049356228393,1,8,10.617500305175781,-6.757362365722656,70.32286071777344,57.30072784423828,1,46,3.5,1,1.0,39,0.5369191099305278,5.9206537243523405,98,21,0.6069169286919525,0,0,0,2.7308495839436855,0.5544477850198746,31,post_opening,0.1559167156616847,12,-0.05246914367207789,R1,-1.8369701465288538e-16,-1.0,59.705360412597656,52.05809020996094,0.3985310693581899,1.4142135381698608,1
0.21684675131415293,12.509287163198268,1,8,10.31772232055664,-7.020153045654297,71.42670440673828,56.372886657714844,1,47,3.9051249027252197,1,1.0,40,0.5625347602370082,5.7283127876543825,98,21,0.5478763663686809,0,0,0,2.68022452460395,0.4901538963119189,31,post_opening,0.15912428125739098,12,-0.057722470056761954,R1,-1.8369701465288538e-16,-1.0,61.10898208618164,51.39303970336914,0.33102961505452794,1.0,1
0.3166221230294593,12.736912223227327,1,8,11.08511734008789,6.159629821777344,67.68282318115234,60.09403610229492,1,47,1.5,1,1.0,40,0.7832538442985448,4.0753073024155535,99,26,0.6966225119000959,0,0,0,2.0497983612484445,0.5366874759395918,36,post_opening,0.15668708706895512,12,-0.15993503596050418,R1,0.3826834370613369,0.9238795305660376,61.18990707397461,65.02095794677734,0.38000038887063664,1.0,1
0.2839042172100607,12.94787730732377,1,8,11.02383041381836,6.696540832519531,69.0262680053711,61.14908981323242,1,48,2.0,1,1.0,41,0.9065070321326223,2.727128109793014,99,26,0.6439080027507209,0,0,0,1.4652402720710143,0.5280007099111875,36,post_opening,0.16799692437052732,12,-0.11590729283953338,R1,0.555570248949409,0.8314696016585884,64.66928100585938,64.43018341064453,0.3600037855406602,2.0,1
0.285053731664012,13.137262072116954,1,8,10.946357727050781,7.187541961669922,70.35449981689453,62.235652923583984,1,49,3.0,1,1.0,42,0.8269775617111388,3.7275196570780524,99,26,0.5954266480247081,0,0,0,1.9176946438612248,0.5526551827788353,36,post_opening,0.24228226641813916,12,-0.04277146524587283,R1,0.3826834370613369,0.9238795305660376,64.0003433227539,66.1346664428711,0.31037291636069614,2.5,1
0.2572879516856486,13.296251409942082,1,8,10.85467529296875,7.6207427978515625,71.66525268554688,63.3389892578125,1,50,3.1622776985168457,1,1.0,43,0.2176585346740909,7.915457219266041,99,26,0.5622788852728023,0,0,1,3.212875164097709,0.5635541826486588,36,post_opening,0.258563249061505,12,0.0012752973758564101,R1,-0.3826834370613369,0.9238795305660376,56.21837615966797,66.80480194091797,0.30499093358715373,1.8027756214141846,1
0.21211873454912206,13.43228833773609,1,8,10.761821746826172,7.996665954589844,72.96785736083984,64.4566650390625,1,51,3.5,1,1.0,44,0.24386075468394658,7.830923300406933,99,26,0.5330487175590167,0,0,1,3.2361020859472944,0.5425684750080109,36,post_opening,0.2216384919981162,12,0.009519757448994137,R1,-0.3826834370613369,0.9238795305660376,57.613834381103516,67.54655456542969,0.32092998300989467,2.5495097637176514,1
0.18088319975007955,13.529312904200356,1,8,10.658462524414062,8.305850982666016,74.24903869628906,65.5753402709961,1,52,4.031128883361816,1,1.0,45,0.266032615777822,7.751048982729712,99,26,0.535659084249232,0,0,1,3.2535592838566085,0.5438267687956492,36,post_opening,0.1890508842964967,12,0.008167684546417142,R1,-0.3826834370613369,0.9238795305660376,58.998374938964844,68.35604095458984,0.3547758844991525,3.3541018962860107,1
0.148741209372878,13.572300714150305,1,8,10.535369873046875,8.540069580078125,75.49691772460938,66.68289947509766,1,53,4.5,1,1.0,46,0.28449305410509024,7.670202050943004,99,26,0.5386971894552309,0,0,1,3.2643898670099416,0.5455286900202433,36,post_opening,0.15557270993789035,12,0.006831500565012361,R1,-0.3826834370613369,0.9238795305660376,60.369346618652344,69.22938537597656,0.38995598008235294,4.123105525970459,1
0.08306595926428417,13.534061031122402,1,8,10.374320983886719,8.682182312011719,76.70114135742188,67.76848602294922,1,54,5.099019527435303,1,1.0,47,0.2994684541129013,7.57921166087573,99,26,0.5402451852455197,0,0,1,3.2603874811270015,0.543911412358284,36,post_opening,0.08673218637704849,12,0.00366622711276432,R1,-0.3826834370613369,0.9238795305660376,61.734619140625,70.17285919189453,0.4571792259812355,4.924428939819336,1
