directional_class,directional_p_noop,directional_p_pred,dot_safe,episode_id,feasible_direction_count,force_norm,force_perp_norm,force_risk_alignment,force_source,has_safe_alt,lam_hard,lam_soft,path_index,regime,safe_risk,scaffold_risk
0.0,nan,nan,5.300913333892822,00000_001822_04,4.0,6.855025291442871,6.821721076965332,-0.07294423878192902,coef_energy_material_checkpoint_lambdas,0.0,4.501856803894043,2.3564062118530273,3,R2,2.451377034187317,0.3381277024745941
0.0,nan,nan,0.86158686876297,00000_001822_04,5.0,4.423418998718262,4.338698387145996,0.6197236180305481,coef_energy_material_checkpoint_lambdas,0.0,4.485495090484619,2.353644609451294,6,R2,2.029312700033188,2.029312700033188
0.0,nan,nan,4.147895336151123,00000_001822_04,3.0,4.585676193237305,4.58444881439209,0.9996169209480286,coef_energy_material_checkpoint_lambdas,0.0,4.48707389831543,2.353501081466675,9,R2,2.1005732715129852,2.0570045709609985
0.0,nan,nan,1.4087908267974854,00000_001822_04,2.0,1.465193510055542,1.2808589935302734,0.9377068281173706,coef_energy_material_checkpoint_lambdas,0.0,4.481218338012695,2.366248369216919,12,R2,2.0247632265090942,1.2957609593868256
0.0,nan,nan,-0.43393731117248535,00000_001822_04,1.0,1.074925422668457,0.3885602653026581,0.6652116179466248,coef_energy_material_checkpoint_lambdas,0.0,4.483598232269287,2.364711046218872,15,R2,2.029312700033188,0.8878019452095032
0.0,nan,nan,4.228855133056641,00000_001822_04,1.0,7.154310703277588,5.770696640014648,-0.15506097674369812,coef_energy_material_checkpoint_lambdas,0.0,4.483373641967773,2.3523409366607666,30,R2,3.1665260195732117,3.1665260195732117
0.0,nan,nan,0.19766367971897125,00000_001822_04,2.0,4.6205315589904785,4.616302013397217,0.9166889190673828,coef_energy_material_checkpoint_lambdas,0.0,4.494184494018555,2.3470613956451416,33,R2,3.1889272034168243,3.1889272034168243
0.0,nan,nan,-0.11956088244915009,00000_001822_04,2.0,0.12279383838176727,0.02799145132303238,0.9998106360435486,coef_energy_material_checkpoint_lambdas,0.0,4.490396499633789,2.3572421073913574,36,R2,3.348447561264038,3.348447561264038
0.0,nan,nan,1.1245527267456055,00000_001822_04,1.0,2.6133909225463867,2.3590662479400635,-0.9509170651435852,coef_energy_material_checkpoint_lambdas,0.0,4.476251125335693,2.395948648452759,39,R2,3.1665260195732117,3.161460041999817
0.0,nan,nan,-0.0032023638486862183,00000_001822_04,2.0,0.5159112215042114,0.36706170439720154,-0.3020327091217041,coef_energy_material_checkpoint_lambdas,0.0,4.431435585021973,2.442652702331543,42,R2,3.1889272034168243,1.2306994795799255
0.0,nan,nan,7.387334823608398,00000_001822_04,2.0,7.835862159729004,7.071338176727295,0.9784720540046692,coef_energy_material_checkpoint_lambdas,0.0,4.494115829467773,2.3996434211730957,54,R2,4.401374340057373,0.5592601299285889
0.0,nan,nan,0.32428252696990967,00000_001822_04,5.0,0.4191822409629822,0.2656211256980896,0.9964542984962463,coef_energy_material_checkpoint_lambdas,0.0,4.497012138366699,2.3945486545562744,57,R2,4.400000095367432,4.400000095367432
0.0,nan,nan,0.014819897711277008,00000_001822_04,8.0,0.015291489660739899,0.014819897711277008,0.9817444086074829,coef_energy_material_checkpoint_lambdas,0.0,4.498859405517578,2.383915662765503,60,R2,4.400000095367432,2.758541524410248
0.0,nan,nan,0.237326979637146,00000_001822_04,7.0,0.26446932554244995,0.08529302477836609,0.9911726713180542,coef_energy_material_checkpoint_lambdas,0.0,4.486340522766113,2.3996686935424805,63,R2,4.400000095367432,1.1085233688354492
0.0,nan,nan,8.284287452697754,00000_001822_04,1.0,8.284287452697754,8.284287452697754,0.9999975562095642,coef_energy_material_checkpoint_lambdas,0.0,4.479259967803955,2.4063925743103027,66,R2,4.403094947338104,0.5682933330535889
0.0,nan,nan,7.3871378898620605,00000_001822_04,5.0,8.443750381469727,8.115477561950684,0.9994070529937744,coef_energy_material_checkpoint_lambdas,0.0,4.47363805770874,2.4038236141204834,69,R2,4.401238799095154,0.5579012632369995
0.0,nan,nan,2.0984554290771484,00000_001822_04,6.0,2.3346662521362305,2.0984554290771484,0.9957433938980103,coef_energy_material_checkpoint_lambdas,0.0,4.49641752243042,2.3889236450195312,72,R2,4.40012389421463,0.5563650727272034
0.0,nan,nan,5.725323677062988,00000_001822_04,5.0,6.0807085037231445,5.725323677062988,0.9926208257675171,coef_energy_material_checkpoint_lambdas,0.0,4.5689697265625,2.332059383392334,75,R2,4.400637924671173,0.558726966381073
0.0,nan,nan,8.281950950622559,00000_001822_05,1.0,8.283737182617188,5.734580993652344,0.9711324572563171,coef_energy_material_checkpoint_lambdas,0.0,4.478937149047852,2.3313345909118652,0,R2,2.260578840970993,0.27955785393714905
0.0,nan,nan,3.8772311210632324,00000_001822_05,4.0,7.267594337463379,6.216900825500488,0.999023973941803,coef_energy_material_checkpoint_lambdas,0.0,4.462530612945557,2.3121542930603027,3,R2,2.1097047924995422,0.2957347631454468
0.0,nan,nan,4.534343242645264,00000_001822_05,4.0,7.403592109680176,7.344676494598389,0.9998177886009216,coef_energy_material_checkpoint_lambdas,0.0,4.466619968414307,2.313284397125244,6,R2,2.008937418460846,0.29145145416259766
0.0,nan,nan,7.643110275268555,00000_001822_05,1.0,8.317170143127441,7.723781585693359,0.9999626874923706,coef_energy_material_checkpoint_lambdas,0.0,4.467263698577881,2.311767578125,9,R2,2.0534464716911316,0.2945456802845001
0.0,nan,nan,-0.07045161724090576,00000_001822_05,1.0,2.6405575275421143,2.639617443084717,0.3663581907749176,coef_energy_material_checkpoint_lambdas,0.0,4.485503673553467,2.351151943206787,30,R2,3.1943240761756897,3.1943240761756897
0.0,nan,nan,-0.009787112474441528,00000_001822_05,2.0,0.700164794921875,0.7000963687896729,0.934547483921051,coef_energy_material_checkpoint_lambdas,0.0,4.498834609985352,2.3516573905944824,33,R2,3.2935602366924286,3.2935602366924286
0.0,nan,nan,-0.3272762596607208,00000_001822_05,1.0,0.6771469116210938,0.5928053259849548,0.9172443151473999,coef_energy_material_checkpoint_lambdas,0.0,4.491959095001221,2.3616435527801514,36,R2,3.2091935873031616,3.2091935873031616
0.0,nan,nan,-1.2464786767959595,00000_001822_05,2.0,2.6784796714782715,2.3707687854766846,-0.8071160912513733,coef_energy_material_checkpoint_lambdas,0.0,4.488349914550781,2.362292766571045,39,R2,3.1943240761756897,2.390684813261032
0.0,nan,nan,-0.2381095588207245,00000_001822_05,2.0,0.24066923558712006,0.03500741720199585,0.5099265575408936,coef_energy_material_checkpoint_lambdas,0.0,4.484676837921143,2.349165201187134,42,R2,3.2935602366924286,1.1170957386493683
0.0,nan,nan,8.727705955505371,00000_001822_05,2.0,8.920890808105469,7.477068901062012,0.8623304963111877,coef_energy_material_checkpoint_lambdas,0.0,4.461793899536133,2.3573014736175537,45,R2,3.2091935873031616,0.5574440956115723
0.0,nan,nan,0.50355464220047,00000_001822_05,2.0,0.7086480259895325,0.49861279129981995,0.9956458210945129,coef_energy_material_checkpoint_lambdas,0.0,4.447648048400879,2.436457633972168,54,R2,3.9431747496128082,3.9431747496128082
0.0,nan,nan,0.41791778802871704,00000_001822_05,6.0,0.4471127688884735,0.41791778802871704,0.9998794198036194,coef_energy_material_checkpoint_lambdas,0.0,4.3989152908325195,2.4773788452148438,57,R2,3.9574230313301086,1.5409712195396423
0.0,nan,nan,6.312360763549805,00000_001822_05,5.0,6.994591236114502,4.8545637130737305,0.8303794860839844,coef_energy_material_checkpoint_lambdas,0.0,4.418335437774658,2.4614813327789307,60,R2,3.975868582725525,0.5758089423179626
0.0,nan,nan,-1.5562845468521118,00000_001822_05,2.0,1.556286334991455,1.102115511894226,0.995516836643219,coef_energy_material_checkpoint_lambdas,0.0,4.497515678405762,2.389207363128662,63,R2,4.4001792669296265,4.414590656757355
0.0,nan,nan,8.281950950622559,00000_001822_06,1.0,8.283737182617188,5.734580993652344,0.9711324572563171,coef_energy_material_checkpoint_lambdas,0.0,4.478937149047852,2.3313345909118652,0,R2,2.260578840970993,0.27955785393714905
0.0,nan,nan,3.8772311210632324,00000_001822_06,4.0,7.267594337463379,6.216900825500488,0.999023973941803,coef_energy_material_checkpoint_lambdas,0.0,4.462530612945557,2.3121542930603027,3,R2,2.1097047924995422,0.2957347631454468
0.0,nan,nan,4.532289981842041,00000_001822_06,4.0,7.400240898132324,7.341352462768555,0.9998177886009216,coef_energy_material_checkpoint_lambdas,0.0,4.464626312255859,2.3120455741882324,6,R2,2.008937418460846,0.29145145416259766
0.0,nan,nan,7.6419267654418945,00000_001822_06,1.0,8.315881729125977,7.722585678100586,0.9999628663063049,coef_energy_material_checkpoint_lambdas,0.0,4.466570854187012,2.3114161491394043,9,R2,2.0534464716911316,0.2945456802845001
0.0,nan,nan,-0.07102431356906891,00000_001822_06,1.0,2.644747495651245,2.6437935829162598,0.3661959767341614,coef_energy_material_checkpoint_lambdas,0.0,4.492929458618164,2.3495185375213623,30,R2,3.1943240761756897,3.1943240761756897
0.0,nan,nan,-0.009820908308029175,00000_001822_06,2.0,0.7001487016677856,0.7000797986984253,0.9345647096633911,coef_energy_material_checkpoint_lambdas,0.0,4.498157024383545,2.351818561553955,33,R2,3.2935602366924286,3.2935602366924286
0.0,nan,nan,-0.32696735858917236,00000_001822_06,1.0,0.6764175891876221,0.5921428203582764,0.9172738194465637,coef_energy_material_checkpoint_lambdas,0.0,4.486361026763916,2.36004638671875,36,R2,3.2091935873031616,3.2091935873031616
0.0,nan,nan,-1.2465521097183228,00000_001822_06,2.0,2.678588628768921,2.3708531856536865,-0.8071103692054749,coef_energy_material_checkpoint_lambdas,0.0,4.488591194152832,2.3628127574920654,39,R2,3.1943240761756897,2.390684813261032
0.0,nan,nan,-0.23823080956935883,00000_001822_06,2.0,0.24072948098182678,0.03459429740905762,0.5114493370056152,coef_energy_material_checkpoint_lambdas,0.0,4.481082439422607,2.349996566772461,42,R2,3.2935602366924286,1.1170957386493683
0.0,nan,nan,8.726696968078613,00000_001822_06,2.0,8.920024871826172,7.476768970489502,0.8622861504554749,coef_energy_material_checkpoint_lambdas,0.0,4.462026119232178,2.3541059494018555,45,R2,3.2091935873031616,0.5574440956115723
0.0,nan,nan,8.37142562866211,00000_001822_06,1.0,8.377218246459961,8.371426582336426,0.9486688375473022,coef_energy_material_checkpoint_lambdas,0.0,4.421420097351074,2.4586880207061768,54,R2,4.077144175767899,0.5237516760826111
0.0,nan,nan,0.1404649317264557,00000_001822_06,1.0,0.3770108222961426,0.34671691060066223,-0.2226782888174057,coef_energy_material_checkpoint_lambdas,0.0,4.550852298736572,2.3431601524353027,57,R2,4.087027281522751,3.8463666439056396
0.0,nan,nan,8.281950950622559,00000_001822_07,1.0,8.283737182617188,5.734580993652344,0.9711324572563171,coef_energy_material_checkpoint_lambdas,0.0,4.478937149047852,2.3313345909118652,0,R2,2.260578840970993,0.27955785393714905
0.0,nan,nan,3.8772311210632324,00000_001822_07,4.0,7.267594337463379,6.216900825500488,0.999023973941803,coef_energy_material_checkpoint_lambdas,0.0,4.462530612945557,2.3121542930603027,3,R2,2.1097047924995422,0.2957347631454468
0.0,nan,nan,4.532412528991699,00000_001822_07,4.0,7.4004411697387695,7.341551303863525,0.9998178482055664,coef_energy_material_checkpoint_lambdas,0.0,4.464762210845947,2.3120079040527344,6,R2,2.008937418460846,0.29145145416259766
0.0,nan,nan,7.646267890930176,00000_001822_07,1.0,8.320609092712402,7.72697639465332,0.9999626874923706,coef_energy_material_checkpoint_lambdas,0.0,4.4693989753723145,2.311103343963623,9,R2,2.0534464716911316,0.2945456802845001
0.0,nan,nan,-0.07138317823410034,00000_001822_07,1.0,2.6450693607330322,2.644105911254883,0.36607274413108826,coef_energy_material_checkpoint_lambdas,0.0,4.493710517883301,2.3457283973693848,30,R2,3.1943240761756897,3.1943240761756897
0.0,nan,nan,-0.009834319353103638,00000_001822_07,2.0,0.7001970410346985,0.7001279592514038,0.9345712065696716,coef_energy_material_checkpoint_lambdas,0.0,4.498252868652344,2.3520615100860596,33,R2,3.2935602366924286,3.2935602366924286
0.0,nan,nan,-0.32722145318984985,00000_001822_07,1.0,0.6769148111343384,0.5925704836845398,0.9172829985618591,coef_energy_material_checkpoint_lambdas,0.0,4.4894185066223145,2.3620805740356445,36,R2,3.2091935873031616,3.2091935873031616
0.0,nan,nan,-1.2467982769012451,00000_001822_07,2.0,2.679016590118408,2.3712072372436523,-0.8070986866950989,coef_energy_material_checkpoint_lambdas,0.0,4.4894304275512695,2.3640670776367188,39,R2,3.1943240761756897,2.390684813261032
0.0,nan,nan,-0.2383919507265091,00000_001822_07,2.0,0.2408851981163025,0.03456816077232361,0.5116242170333862,coef_energy_material_checkpoint_lambdas,0.0,4.483438014984131,2.3515443801879883,42,R2,3.2935602366924286,1.1170957386493683
0.0,nan,nan,8.704316139221191,00000_001822_07,2.0,8.89619255065918,7.454329013824463,0.8625432252883911,coef_energy_material_checkpoint_lambdas,0.0,4.446257591247559,2.3649771213531494,45,R2,3.2091935873031616,0.5574440956115723
0.0,nan,nan,0.5900036096572876,00000_001822_07,3.0,4.381344795227051,2.6526641845703125,0.9994907379150391,coef_energy_material_checkpoint_lambdas,0.0,4.407042503356934,2.399043321609497,51,R2,4.146731913089752,3.8607032895088196
0.0,nan,nan,0.013696081936359406,00000_001822_07,5.0,0.06448202580213547,0.013696081936359406,0.9994809627532959,coef_energy_material_checkpoint_lambdas,0.0,4.402153491973877,2.406816244125366,54,R2,4.0160859525203705,1.6606643795967102
0.0,nan,nan,7.76229190826416,00000_001822_07,1.0,7.7623419761657715,7.762292385101318,0.9937686920166016,coef_energy_material_checkpoint_lambdas,0.0,4.410356044769287,2.4006917476654053,57,R2,4.389934420585632,0.5693983435630798
0.0,nan,nan,6.135174751281738,00000_001822_07,4.0,6.856015205383301,4.852630615234375,0.9993298649787903,coef_energy_material_checkpoint_lambdas,1.0,4.333554267883301,2.4552414417266846,63,R2,4.2411006689071655,4.400810897350311
0.0,nan,nan,-0.00013307863264344633,00000_001822_07,11.0,0.001018654671497643,0.00019311669166199863,-0.4953775405883789,coef_energy_material_checkpoint_lambdas,0.0,4.277612686157227,2.498943567276001,66,R2,4.384245455265045,4.400000095367432
0.0,nan,nan,-3.0821978302952857e-09,00000_001822_07,14.0,3.3439651048183805e-09,2.557475065056991e-10,0.0,coef_energy_material_checkpoint_lambdas,0.0,4.266892433166504,2.5081393718719482,69,R2,4.370986700057983,4.400000095367432
0.0,nan,nan,-1.0143954767968463e-14,00000_001822_07,16.0,1.5847411815976542e-13,1.468256262014342e-13,0.0,coef_energy_material_checkpoint_lambdas,0.0,4.441914081573486,2.3903329372406006,72,R2,4.39999794960022,4.400000095367432
0.0,nan,nan,6.707888603210449,00000_001823_00,3.0,8.382232666015625,8.297490119934082,0.6496767997741699,coef_energy_material_checkpoint_lambdas,0.0,4.497896671295166,2.389376640319824,0,R2,4.216098189353943,0.5541492700576782
0.0,nan,nan,4.420372009277344,00000_001823_00,3.0,6.269105434417725,6.269080638885498,0.9716602563858032,coef_energy_material_checkpoint_lambdas,0.0,4.490684509277344,2.371903419494629,3,R2,3.5579903721809387,0.526345431804657
0.0,nan,nan,5.334649085998535,00000_001823_00,5.0,6.8825860023498535,6.847187519073486,-0.016168931499123573,coef_energy_material_checkpoint_lambdas,0.0,4.495937824249268,2.3524861335754395,6,R2,2.411900609731674,0.33764371275901794
0.0,nan,nan,0.857274055480957,00000_001823_00,5.0,4.436338901519775,4.352721691131592,0.6514002084732056,coef_energy_material_checkpoint_lambdas,0.0,4.493293285369873,2.3506393432617188,9,R2,2.037433922290802,2.037433922290802
0.0,nan,nan,4.148188591003418,00000_001823_00,3.0,4.584909439086914,4.583628177642822,0.9992557764053345,coef_energy_material_checkpoint_lambdas,0.0,4.483735084533691,2.3670034408569336,12,R2,2.079476684331894,2.0637172162532806
0.0,nan,nan,0.7662047147750854,00000_001823_00,2.0,0.7719078063964844,0.7662047147750854,0.858008086681366,coef_energy_material_checkpoint_lambdas,0.0,4.477999687194824,2.3682823181152344,15,R2,2.020309954881668,0.27710115909576416
0.0,nan,nan,4.327651500701904,00000_001823_00,1.0,7.504718780517578,6.131250858306885,0.5528464913368225,coef_energy_material_checkpoint_lambdas,0.0,4.494355201721191,2.3416295051574707,33,R2,3.2146677672863007,3.2146677672863007
0.0,nan,nan,0.3259640336036682,00000_001823_00,1.0,2.666426181793213,2.6464269161224365,-0.5975075364112854,coef_energy_material_checkpoint_lambdas,0.0,4.487481594085693,2.3541901111602783,36,R2,3.338151842355728,3.338151842355728
0.0,nan,nan,0.9789639711380005,00000_001823_00,1.0,2.6338307857513428,2.4451370239257812,0.9951699376106262,coef_energy_material_checkpoint_lambdas,0.0,4.485988140106201,2.3585867881774902,39,R2,3.326844871044159,3.326844871044159
0.0,nan,nan,0.35576000809669495,00000_001823_00,2.0,0.39782723784446716,0.17804867029190063,0.9373770356178284,coef_energy_material_checkpoint_lambdas,1.0,4.475838661193848,2.3621599674224854,42,R2,3.2146677672863007,3.3647356927394867
0.0,nan,nan,0.8713323473930359,00000_001823_00,2.0,2.1317644119262695,1.945559024810791,-0.999334454536438,coef_energy_material_checkpoint_lambdas,0.0,4.479976177215576,2.353029727935791,45,R2,3.338151842355728,2.453604429960251
0.0,nan,nan,-0.1011398434638977,00000_001823_00,2.0,0.1568564474582672,0.11989444494247437,0.6622342467308044,coef_energy_material_checkpoint_lambdas,0.0,4.453557014465332,2.357804536819458,48,R2,3.326844871044159,1.3133510053157806
0.0,nan,nan,5.876307964324951,00000_001823_00,2.0,7.206683158874512,7.105201244354248,0.29729926586151123,coef_energy_material_checkpoint_lambdas,0.0,4.409502029418945,2.388336181640625,51,R2,3.8018732368946075,0.5566036105155945
0.0,nan,nan,-0.20272505283355713,00000_001823_00,2.0,4.158921241760254,3.8767013549804688,0.9800578951835632,coef_energy_material_checkpoint_lambdas,0.0,4.408411026000977,2.3955540657043457,54,R2,3.9684351682662964,3.810908854007721
0.0,nan,nan,0.18272283673286438,00000_001823_00,3.0,0.24027252197265625,0.18272282183170319,0.991105854511261,coef_energy_material_checkpoint_lambdas,0.0,4.4120612144470215,2.39601731300354,57,R2,4.195374935865402,1.6695483922958374
0.0,nan,nan,0.0017046178691089153,00000_001823_01,4.0,0.006245117634534836,0.0030429335311055183,-0.5243130922317505,coef_energy_material_checkpoint_lambdas,1.0,4.504520893096924,2.371039867401123,0,R2,3.8579846024513245,3.999901205301285
0.0,nan,nan,0.004180632531642914,00000_001823_01,4.0,0.0041808378882706165,4.141993122175336e-05,0.9886220693588257,coef_energy_material_checkpoint_lambdas,0.0,4.495621204376221,2.3612332344055176,3,R2,3.1325910687446594,3.1325910687446594
0.0,nan,nan,0.27774423360824585,00000_001823_01,3.0,0.5575273633003235,0.032229989767074585,0.9992278218269348,coef_energy_material_checkpoint_lambdas,0.0,4.501779079437256,2.3606297969818115,6,R2,2.6176693439483643,2.3096558451652527
0.0,nan,nan,-0.37811174988746643,00000_001823_01,2.0,0.38977959752082825,0.084434375166893,0.9999976754188538,coef_energy_material_checkpoint_lambdas,0.0,4.485232830047607,2.342602252960205,9,R2,3.8561133444309235,1.2747428119182587
0.0,nan,nan,0.293723464012146,00000_001823_01,3.0,0.40954434871673584,0.0058856504037976265,0.9826878905296326,coef_energy_material_checkpoint_lambdas,0.0,4.473382949829102,2.3313159942626953,12,R2,2.195527106523514,0.5196752548217773
0.0,nan,nan,4.314786434173584,00000_001823_01,1.0,7.486820220947266,6.118422508239746,0.5531928539276123,coef_energy_material_checkpoint_lambdas,0.0,4.482398509979248,2.3520264625549316,33,R2,3.2146677672863007,3.2146677672863007
0.0,nan,nan,0.32584986090660095,00000_001823_01,1.0,2.6650078296661377,2.6450119018554688,-0.597525417804718,coef_energy_material_checkpoint_lambdas,0.0,4.485019683837891,2.3504538536071777,36,R2,3.338151842355728,3.338151842355728
0.0,nan,nan,0.9801931977272034,00000_001823_01,1.0,2.636556386947632,2.447580575942993,0.9951610565185547,coef_energy_material_checkpoint_lambdas,0.0,4.494650840759277,2.354978322982788,39,R2,3.326844871044159,3.326844871044159
0.0,nan,nan,0.3558778166770935,00000_001823_01,2.0,0.39793750643730164,0.1780596226453781,0.9374144077301025,coef_energy_material_checkpoint_lambdas,1.0,4.475779056549072,2.362851858139038,42,R2,3.2146677672863007,3.3647356927394867
0.0,nan,nan,0.8715685606002808,00000_001823_01,2.0,2.132533311843872,1.9462956190109253,-0.9993329644203186,coef_energy_material_checkpoint_lambdas,0.0,4.486515045166016,2.3637499809265137,45,R2,3.338151842355728,2.453604429960251
0.0,nan,nan,-0.10220154374837875,00000_001823_01,2.0,0.15489640831947327,0.1163947582244873,0.647262692451477,coef_energy_material_checkpoint_lambdas,0.0,4.474032402038574,2.3487322330474854,48,R2,3.326844871044159,1.3133510053157806
0.0,nan,nan,7.620781421661377,00000_001823_01,2.0,8.055573463439941,7.234775543212891,0.7779939770698547,coef_energy_material_checkpoint_lambdas,0.0,4.4590277671813965,2.3563525676727295,51,R2,3.3647356927394867,0.560863196849823
0.0,nan,nan,7.604423522949219,00000_001823_01,1.0,8.202847480773926,7.604423522949219,0.9978247880935669,coef_energy_material_checkpoint_lambdas,0.0,4.4662885665893555,2.380690813064575,54,R2,4.402320384979248,0.6018400192260742
0.0,nan,nan,0.18144851922988892,00000_001823_01,5.0,0.3739762306213379,0.3270086646080017,-0.22849975526332855,coef_energy_material_checkpoint_lambdas,0.0,4.449361801147461,2.4034788608551025,60,R2,3.986420691013336,3.986420691013336
0.0,nan,nan,-0.29046908020973206,00000_001823_01,2.0,0.29129284620285034,0.11032122373580933,0.9999972581863403,coef_energy_material_checkpoint_lambdas,0.0,4.453038692474365,2.4025514125823975,63,R2,4.3082743883132935,3.8436904847621918
0.0,nan,nan,0.12897540628910065,00000_001823_01,2.0,0.25511839985847473,0.12897540628910065,0.9972754120826721,coef_energy_material_checkpoint_lambdas,0.0,4.440340042114258,2.3989179134368896,66,R2,4.258896470069885,2.4837615191936493
0.0,nan,nan,0.21074609458446503,00000_001823_01,3.0,0.23342491686344147,0.10036571323871613,-0.3222900927066803,coef_energy_material_checkpoint_lambdas,0.0,4.428685188293457,2.395319938659668,69,R2,3.986420691013336,0.9875674545764923
0.0,nan,nan,7.967010498046875,00000_001823_01,1.0,7.970047473907471,7.967010498046875,0.9059768915176392,coef_energy_material_checkpoint_lambdas,0.0,4.413673400878906,2.4099910259246826,72,R2,4.393233597278595,0.572006344795227
0.0,nan,nan,5.330235481262207,00000_001823_01,4.0,5.591366767883301,4.963192939758301,0.9994158744812012,coef_energy_material_checkpoint_lambdas,0.0,4.403677940368652,2.4697823524475098,78,R2,4.376897573471069,0.5772935152053833
0.0,nan,nan,6.547255516052246,00000_001823_07,4.0,7.352411270141602,5.244106292724609,0.9918375015258789,coef_energy_material_checkpoint_lambdas,0.0,4.467237949371338,2.309415102005005,0,R2,2.0625895261764526,2.0570818185806274
0.0,nan,nan,1.8156095743179321,00000_001823_07,4.0,4.316521167755127,4.052937984466553,0.9810213446617126,coef_energy_material_checkpoint_lambdas,0.0,4.475817680358887,2.3184328079223633,3,R2,2.006074398756027,0.264035165309906
0.0,nan,nan,7.646612167358398,00000_001823_07,1.0,8.32097339630127,7.7273077964782715,0.9999626874923706,coef_energy_material_checkpoint_lambdas,0.0,4.468545913696289,2.3171048164367676,6,R2,2.05157607793808,0.29454585909843445
0.0,nan,nan,-0.18251925706863403,00000_001823_07,1.0,0.18368063867092133,0.020622707903385162,0.991607666015625,coef_energy_material_checkpoint_lambdas,0.0,4.495887279510498,2.3447043895721436,27,R2,3.1803967654705048,3.1803967654705048
0.0,nan,nan,0.16951268911361694,00000_001823_07,1.0,0.5559168457984924,0.39773908257484436,0.9568656086921692,coef_energy_material_checkpoint_lambdas,0.0,4.493685245513916,2.352116584777832,30,R2,3.459059864282608,2.6835455298423767
0.0,nan,nan,0.3364628553390503,00000_001823_07,1.0,4.152197360992432,4.138542652130127,0.28670796751976013,coef_energy_material_checkpoint_lambdas,0.0,4.498012542724609,2.3632049560546875,33,R2,3.0604480504989624,1.6370117962360382
0.0,nan,nan,1.3471646308898926,00000_001823_07,1.0,3.5201289653778076,3.2521462440490723,-0.976667046546936,coef_energy_material_checkpoint_lambdas,0.0,4.4716033935546875,2.4096996784210205,36,R2,3.1803967654705048,0.34714841842651367
0.0,nan,nan,8.392414093017578,00000_001823_07,1.0,8.396198272705078,8.392415046691895,0.9673397541046143,coef_energy_material_checkpoint_lambdas,0.0,4.418425559997559,2.4480316638946533,39,R2,3.7383203208446503,0.39303889870643616
0.0,nan,nan,4.334022521972656,00000_001823_07,2.0,6.163476943969727,6.163382530212402,0.9871805906295776,coef_energy_material_checkpoint_lambdas,0.0,4.419180870056152,2.4705405235290527,48,R2,4.4020915031433105,0.5617870092391968
0.0,nan,nan,3.731300115585327,00000_001823_07,7.0,4.17126989364624,2.9488959312438965,0.9997617602348328,coef_energy_material_checkpoint_lambdas,0.0,4.408029079437256,2.481947183609009,51,R2,4.400024116039276,4.400029182434082
0.0,nan,nan,4.7616573283448815e-05,00000_001823_07,10.0,9.232906450051814e-05,2.226441756647546e-05,0.0,coef_energy_material_checkpoint_lambdas,0.0,4.54529333114624,2.373643398284912,54,R2,4.400000095367432,4.400000095367432
0.0,nan,nan,6.780304431915283,00000_001824_01,1.0,7.149144649505615,6.3971686363220215,0.8356517553329468,coef_energy_material_checkpoint_lambdas,0.0,4.493999004364014,2.3934566974639893,0,R2,4.270744740962982,0.49298083782196045
0.0,nan,nan,7.043850898742676,00000_001824_01,4.0,8.232905387878418,8.206249237060547,0.9990090131759644,coef_energy_material_checkpoint_lambdas,0.0,4.482595920562744,2.387964963912964,3,R2,3.991858333349228,0.4557575583457947
0.0,nan,nan,4.306992530822754,00000_001824_01,5.0,7.952927589416504,7.773022651672363,-0.16550107300281525,coef_energy_material_checkpoint_lambdas,0.0,4.496368885040283,2.3583521842956543,6,R2,2.412261486053467,0.35315266251564026
0.0,nan,nan,1.9183841943740845,00000_001824_01,4.0,4.339652061462402,3.892605781555176,0.8754808306694031,coef_energy_material_checkpoint_lambdas,0.0,4.482402324676514,2.3565988540649414,9,R2,2.032036066055298,2.032036066055298
0.0,nan,nan,4.141515254974365,00000_001824_01,3.0,4.578596591949463,4.5773701667785645,0.9996175765991211,coef_energy_material_checkpoint_lambdas,0.0,4.478155136108398,2.3731513023376465,12,R2,2.0555380284786224,2.056042432785034
0.0,nan,nan,1.4251627922058105,00000_001824_01,2.0,1.4806017875671387,1.4251630306243896,0.9627540111541748,coef_energy_material_checkpoint_lambdas,0.0,4.469278335571289,2.370001792907715,15,R2,2.017636477947235,0.2785015106201172
0.0,nan,nan,3.5991249084472656,00000_001824_01,1.0,7.111210823059082,6.133157253265381,0.567559003829956,coef_energy_material_checkpoint_lambdas,0.0,4.476980686187744,2.3535115718841553,33,R2,3.21189546585083,3.21189546585083
0.0,nan,nan,-0.4398990571498871,00000_001824_01,1.0,4.69766902923584,4.677027225494385,0.8650773167610168,coef_energy_material_checkpoint_lambdas,0.0,4.49461030960083,2.356410264968872,36,R2,3.2706809639930725,3.2706809639930725
0.0,nan,nan,0.47783800959587097,00000_001824_01,1.0,1.5808669328689575,1.5069210529327393,-0.8615706562995911,coef_energy_material_checkpoint_lambdas,0.0,4.478458404541016,2.3630166053771973,39,R2,3.4109268188476562,3.4109268188476562
0.0,nan,nan,-0.3112235367298126,00000_001824_01,1.0,0.48203617334365845,0.3681015968322754,0.9857509136199951,coef_energy_material_checkpoint_lambdas,0.0,4.480960369110107,2.3986146450042725,42,R2,3.21189546585083,3.258298546075821
0.0,nan,nan,0.2080242782831192,00000_001824_01,1.0,0.24398547410964966,0.05694325640797615,0.5370180010795593,coef_energy_material_checkpoint_lambdas,0.0,4.417408466339111,2.4477694034576416,45,R2,3.2706809639930725,1.216610848903656
0.0,nan,nan,0.8386236429214478,00000_001824_01,3.0,1.0630866289138794,0.3546242415904999,0.9342765808105469,coef_energy_material_checkpoint_lambdas,0.0,4.419688701629639,2.4720678329467773,57,R2,4.401579022407532,4.403252303600311
0.0,nan,nan,0.3665921092033386,00000_001824_01,6.0,0.4098753035068512,0.2898437976837158,0.9999688863754272,coef_energy_material_checkpoint_lambdas,0.0,4.411631107330322,2.481353282928467,60,R2,4.4000038504600525,4.402783572673798
0.0,nan,nan,0.0,00000_001824_01,6.0,0.416691392660141,0.2946453094482422,1.0,coef_energy_material_checkpoint_lambdas,0.0,4.487189292907715,2.420168399810791,63,R2,4.40006023645401,4.402807593345642
0.0,nan,nan,2.581045627593994,00000_001824_01,9.0,2.8958542346954346,1.3130781650543213,0.9979526996612549,coef_energy_material_checkpoint_lambdas,0.0,4.509216785430908,2.378185510635376,66,R2,4.400014638900757,4.400014638900757
0.0,nan,nan,-3.561122503015213e-05,00000_001824_01,12.0,0.0006835880340076983,3.561122503015213e-05,0.0,coef_energy_material_checkpoint_lambdas,0.0,4.5496320724487305,2.363253355026245,69,R2,4.400000095367432,4.400000095367432
0.0,nan,nan,4.313370300224051e-05,00000_001824_01,13.0,4.3735828512581065e-05,2.5386125344084576e-05,0.0,coef_energy_material_checkpoint_lambdas,0.0,4.591766357421875,2.317833423614502,72,R2,4.400000095367432,4.400000095367432
0.0,nan,nan,0.047014616429805756,00000_001824_06,5.0,0.049003634601831436,0.008664922788739204,0.9966540932655334,coef_energy_material_checkpoint_lambdas,0.0,4.5057148933410645,2.361788749694824,0,R2,2.8317004442214966,2.8321361243724823
0.0,nan,nan,-0.6884993314743042,00000_001824_06,2.0,0.7773503661155701,0.014884328469634056,0.9995965957641602,coef_energy_material_checkpoint_lambdas,0.0,4.497726917266846,2.356799602508545,3,R2,4.224268317222595,1.8984350860118866
0.0,nan,nan,-0.12887606024742126,00000_001824_06,2.0,0.13092660903930664,0.036990709602832794,0.9999955892562866,coef_energy_material_checkpoint_lambdas,0.0,4.484034538269043,2.3291757106781006,6,R2,3.4394979178905487,1.0306951701641083
0.0,nan,nan,2.7159833908081055,00000_001824_06,4.0,4.489455699920654,0.6072202920913696,0.9990528225898743,coef_energy_material_checkpoint_lambdas,0.0,4.475642204284668,2.340636968612671,9,R2,2.054825395345688,0.27808311581611633
0.0,nan,nan,1.6743080615997314,00000_001824_06,1.0,4.0220818519592285,3.6570253372192383,-0.9247533679008484,coef_energy_material_checkpoint_lambdas,0.0,4.496457099914551,2.3542542457580566,30,R2,3.249377280473709,3.249377280473709
0.0,nan,nan,-0.01647316664457321,00000_001824_06,1.0,4.781807899475098,4.781779766082764,0.9986987709999084,coef_energy_material_checkpoint_lambdas,0.0,4.47962760925293,2.358616828918457,33,R2,3.305520087480545,3.305520087480545
0.0,nan,nan,-0.07616943120956421,00000_001824_06,1.0,0.17743778228759766,0.1602572500705719,0.9033322930335999,coef_energy_material_checkpoint_lambdas,0.0,4.493022441864014,2.3636386394500732,36,R2,3.3444840908050537,3.3444840908050537
0.0,nan,nan,-0.15846627950668335,00000_001824_06,1.0,0.4332257807254791,0.40320342779159546,0.995653510093689,coef_energy_material_checkpoint_lambdas,0.0,4.474884510040283,2.3684964179992676,39,R2,3.249377280473709,2.85396870970726
0.0,nan,nan,0.24470984935760498,00000_001824_06,2.0,0.3283487856388092,0.218929260969162,0.23208674788475037,coef_energy_material_checkpoint_lambdas,0.0,4.481689453125,2.3534903526306152,42,R2,3.305520087480545,1.6315340101718903
0.0,nan,nan,3.8014092445373535,00000_001824_06,1.0,3.8017261028289795,0.049086302518844604,0.5238416194915771,coef_energy_material_checkpoint_lambdas,0.0,4.449163436889648,2.3666863441467285,45,R2,3.3444840908050537,0.4412898123264313
0.0,nan,nan,5.285789489746094,00000_001824_06,1.0,8.160035133361816,7.507918834686279,0.9542191028594971,coef_energy_material_checkpoint_lambdas,0.0,4.4567484855651855,2.3681750297546387,48,R2,4.095853686332703,0.6107539534568787
0.0,nan,nan,-0.04434188827872276,00000_001824_06,3.0,0.06951814889907837,0.05899735912680626,-0.2878943085670471,coef_energy_material_checkpoint_lambdas,0.0,4.451641082763672,2.3831820487976074,54,R2,4.116069197654724,1.6675658822059631
0.0,nan,nan,3.8492023944854736,00000_001824_06,3.0,7.102383613586426,6.112194538116455,0.9037814140319824,coef_energy_material_checkpoint_lambdas,0.0,4.410143852233887,2.4023709297180176,57,R2,4.0002782344818115,0.5555529594421387
0.0,nan,nan,4.873034954071045,00000_001824_06,2.0,6.888442516326904,4.873034954071045,0.999843418598175,coef_energy_material_checkpoint_lambdas,0.0,4.359490871429443,2.4323079586029053,60,R2,4.33556592464447,4.390227913856506
0.0,nan,nan,-0.01842106133699417,00000_001824_06,6.0,0.054344724863767624,0.05432898551225662,-0.38380441069602966,coef_energy_material_checkpoint_lambdas,1.0,4.337097644805908,2.447253704071045,63,R2,4.266951143741608,4.388179361820221
0.0,nan,nan,0.09855522215366364,00000_001824_06,10.0,0.10210706293582916,0.09855522960424423,0.9993709921836853,coef_energy_material_checkpoint_lambdas,1.0,4.2799577713012695,2.493729829788208,66,R2,4.274292886257172,4.398897469043732
0.0,nan,nan,1.999828964471817e-05,00000_001824_06,13.0,2.0313991626608185e-05,3.5674454466061434e-06,0.03471880406141281,coef_energy_material_checkpoint_lambdas,0.0,4.269850730895996,2.50146484375,69,R2,4.3847463726997375,4.400000095367432
0.0,nan,nan,-9.351610631702645e-12,00000_001824_06,16.0,9.351611499064383e-12,2.953049913975714e-12,0.0,coef_energy_material_checkpoint_lambdas,0.0,4.279186725616455,2.4944024085998535,72,R2,4.377509713172913,4.400000095367432
0.0,nan,nan,-3.952296760046948e-17,00000_001824_06,16.0,4.641317696224429e-17,2.4333473173215384e-17,0.0,coef_energy_material_checkpoint_lambdas,0.0,4.444037437438965,2.3839385509490967,75,R2,4.400000095367432,4.400000095367432
0.0,nan,nan,-1.1579358082863882e-20,00000_001824_06,16.0,2.2307616139422603e-19,1.4933817966395207e-19,0.0,coef_energy_material_checkpoint_lambdas,0.0,4.61854362487793,2.3126747608184814,78,R2,4.400000095367432,4.400000095367432
0.0,nan,nan,6.780304431915283,00000_001824_07,1.0,7.149144649505615,2.266658067703247,0.8356517553329468,coef_energy_material_checkpoint_lambdas,0.0,4.493999004364014,2.3934566974639893,0,R2,4.270744740962982,4.270744740962982
0.0,nan,nan,1.7073556184768677,00000_001824_07,4.0,3.564263343811035,3.4196243286132812,-0.9944015741348267,coef_energy_material_checkpoint_lambdas,0.0,4.495444297790527,2.3679776191711426,3,R2,3.539017975330353,0.4777219593524933
0.0,nan,nan,4.306992530822754,00000_001824_07,5.0,7.952927589416504,7.773022651672363,-0.16550107300281525,coef_energy_material_checkpoint_lambdas,0.0,4.496368885040283,2.3583521842956543,6,R2,2.412261486053467,0.35315266251564026
0.0,nan,nan,1.9177621603012085,00000_001824_07,4.0,4.338305473327637,3.891411304473877,0.8754774928092957,coef_energy_material_checkpoint_lambdas,0.0,4.481067180633545,2.355412721633911,9,R2,2.032036066055298,2.032036066055298
0.0,nan,nan,4.141515254974365,00000_001824_07,3.0,4.578596591949463,4.5773701667785645,0.9996175765991211,coef_energy_material_checkpoint_lambdas,0.0,4.478155136108398,2.3731513023376465,12,R2,2.0555380284786224,2.056042432785034
0.0,nan,nan,1.4260262250900269,00000_001824_07,2.0,1.4815043210983276,1.4260263442993164,0.9627578258514404,coef_energy_material_checkpoint_lambdas,0.0,4.471783638000488,2.372589349746704,15,R2,2.017636477947235,0.2785015106201172
0.0,nan,nan,3.603142738342285,00000_001824_07,1.0,7.1186981201171875,6.139481067657471,0.5675283074378967,coef_energy_material_checkpoint_lambdas,0.0,4.481809616088867,2.3502864837646484,33,R2,3.21189546585083,3.21189546585083
0.0,nan,nan,-0.4395594000816345,00000_001824_07,1.0,4.694830894470215,4.674208641052246,0.8650853037834167,coef_energy_material_checkpoint_lambdas,0.0,4.491772651672363,2.3558995723724365,36,R2,3.2706809639930725,3.2706809639930725
0.0,nan,nan,0.47870296239852905,00000_001824_07,1.0,1.5825837850570679,1.5084478855133057,-0.8616870641708374,coef_energy_material_checkpoint_lambdas,0.0,4.481576919555664,2.360589027404785,39,R2,3.4109268188476562,3.4109268188476562
0.0,nan,nan,-0.31112194061279297,00000_001824_07,1.0,0.4818044900894165,0.3678840696811676,0.985728919506073,coef_energy_material_checkpoint_lambdas,0.0,4.482229232788086,2.397676944732666,42,R2,3.21189546585083,3.258298546075821
0.0,nan,nan,0.20801371335983276,00000_001824_07,1.0,0.24404220283031464,0.05684686824679375,0.536628246307373,coef_energy_material_checkpoint_lambdas,0.0,4.419734954833984,2.4476451873779297,45,R2,3.2706809639930725,1.216610848903656
0.0,nan,nan,0.8530610203742981,00000_001824_07,3.0,1.080682635307312,0.3596394956111908,0.9339771866798401,coef_energy_material_checkpoint_lambdas,0.0,4.502712726593018,2.3872170448303223,57,R2,4.401579022407532,4.403252303600311
0.0,nan,nan,0.04950439929962158,00000_001824_07,6.0,0.04985105246305466,0.0168899092823267,0.9992910027503967,coef_energy_material_checkpoint_lambdas,0.0,4.519474029541016,2.3774056434631348,60,R2,4.400000631809235,4.40760201215744
0.0,nan,nan,0.004786481615155935,00000_001824_07,6.0,0.005085769109427929,0.004600004758685827,0.9852233529090881,coef_energy_material_checkpoint_lambdas,0.0,4.5823283195495605,2.3250017166137695,63,R2,4.400000810623169,2.7576016783714294
0.0,nan,nan,7.390398025512695,00000_001825_00,1.0,7.754070281982422,7.390398025512695,0.9997113943099976,coef_energy_material_checkpoint_lambdas,0.0,4.488043785095215,2.400157928466797,0,R2,4.253796100616455,0.4428735375404358
0.0,nan,nan,3.7046704292297363,00000_001825_00,5.0,3.8457260131835938,3.775082588195801,-0.3343314528465271,coef_energy_material_checkpoint_lambdas,0.0,4.490653991699219,2.358412742614746,3,R2,2.33820378780365,2.056286484003067
0.0,nan,nan,0.39991551637649536,00000_001825_00,5.0,0.41472309827804565,0.39991551637649536,0.2988588511943817,coef_energy_material_checkpoint_lambdas,0.0,4.488086223602295,2.3597989082336426,6,R2,2.0393746197223663,1.2642468810081482
0.0,nan,nan,0.2207278460264206,00000_001825_00,4.0,0.32023176550865173,0.09366796165704727,0.9876241683959961,coef_energy_material_checkpoint_lambdas,0.0,4.477970123291016,2.3685238361358643,9,R2,2.023806005716324,0.5137324631214142
0.0,nan,nan,3.9635446071624756,00000_001825_00,1.0,7.493542194366455,6.3595194816589355,0.9829386472702026,coef_energy_material_checkpoint_lambdas,0.0,4.495249271392822,2.348579168319702,30,R2,3.070921868085861,3.070921868085861
0.0,nan,nan,0.2697848677635193,00000_001825_00,1.0,4.400872230529785,4.392595291137695,0.84466552734375,coef_energy_material_checkpoint_lambdas,0.0,4.483450889587402,2.3537607192993164,33,R2,3.262023389339447,3.262023389339447
0.0,nan,nan,0.8775609135627747,00000_001825_00,1.0,1.4925200939178467,1.207270860671997,0.4803103804588318,coef_energy_material_checkpoint_lambdas,0.0,4.493368148803711,2.3574471473693848,36,R2,3.433288097381592,3.433288097381592
0.0,nan,nan,-0.17458809912204742,00000_001825_00,1.0,0.20323395729064941,0.10403381288051605,0.7123178243637085,coef_energy_material_checkpoint_lambdas,0.0,4.469518184661865,2.365292549133301,39,R2,3.070921868085861,3.1288128197193146
0.0,nan,nan,0.27483096718788147,00000_001825_00,2.0,0.4074482321739197,0.3008022606372833,0.6095418930053711,coef_energy_material_checkpoint_lambdas,0.0,4.47774600982666,2.3627219200134277,42,R2,3.262023389339447,1.8531458675861359
0.0,nan,nan,2.1115899085998535,00000_001825_00,2.0,2.3579607009887695,1.0493651628494263,0.18253688514232635,coef_energy_material_checkpoint_lambdas,0.0,4.4716668128967285,2.355394124984741,45,R2,3.433288097381592,0.5032744407653809
0.0,nan,nan,4.643675327301025,00000_001825_00,1.0,7.457910060882568,5.835812091827393,0.9968872666358948,coef_energy_material_checkpoint_lambdas,0.0,4.4572601318359375,2.386171340942383,54,R2,4.090335339307785,4.090335339307785
0.0,nan,nan,0.28377729654312134,00000_001825_00,1.0,0.3006215989589691,0.038167744874954224,0.9639689326286316,coef_energy_material_checkpoint_lambdas,0.0,4.548280715942383,2.324373245239258,57,R2,4.232813626527786,4.1177307069301605
0.0,nan,nan,0.030717572197318077,00000_001825_02,5.0,0.03384661301970482,0.001024364260956645,0.9998455047607422,coef_energy_material_checkpoint_lambdas,0.0,4.497580051422119,2.3623833656311035,0,R2,2.7904206216335297,2.8625424206256866
0.0,nan,nan,-0.785781741142273,00000_001825_02,2.0,0.8898693323135376,0.02212701551616192,0.9996989369392395,coef_energy_material_checkpoint_lambdas,0.0,4.485898017883301,2.3567214012145996,3,R2,4.238647222518921,1.8765635788440704
0.0,nan,nan,-0.05824480950832367,00000_001825_02,3.0,0.06537787616252899,0.0005123664741404355,0.9999701380729675,coef_energy_material_checkpoint_lambdas,0.0,4.477944850921631,2.3317458629608154,6,R2,3.3605747520923615,1.0281828939914703
0.0,nan,nan,2.712460994720459,00000_001825_02,4.0,4.4832634925842285,0.6061052083969116,0.999008059501648,coef_energy_material_checkpoint_lambdas,0.0,4.478226661682129,2.3401901721954346,9,R2,2.0471159517765045,0.2759527862071991
0.0,nan,nan,3.9650862216949463,00000_001825_02,1.0,7.496474742889404,6.362014293670654,0.9829384684562683,coef_energy_material_checkpoint_lambdas,0.0,4.497044563293457,2.349186897277832,30,R2,3.070921868085861,3.070921868085861
0.0,nan,nan,0.26983022689819336,00000_001825_02,1.0,4.401057720184326,4.392778396606445,0.8446613550186157,coef_energy_material_checkpoint_lambdas,0.0,4.483695030212402,2.353337287902832,33,R2,3.262023389339447,3.262023389339447
0.0,nan,nan,0.8759437203407288,00000_001825_02,1.0,1.4908925294876099,1.2064340114593506,0.48079046607017517,coef_energy_material_checkpoint_lambdas,0.0,4.487122058868408,2.3628971576690674,36,R2,3.433288097381592,3.433288097381592
0.0,nan,nan,-0.17458735406398773,00000_001825_02,1.0,0.20352400839328766,0.10460057854652405,0.7139962315559387,coef_energy_material_checkpoint_lambdas,0.0,4.465008735656738,2.3686437606811523,39,R2,3.070921868085861,3.1288128197193146
0.0,nan,nan,0.27462998032569885,00000_001825_02,2.0,0.40752947330474854,0.30109575390815735,0.6088680624961853,coef_energy_material_checkpoint_lambdas,0.0,4.481564044952393,2.3601410388946533,42,R2,3.262023389339447,1.8531458675861359
0.0,nan,nan,2.108484983444214,00000_001825_02,2.0,2.3526926040649414,1.0437686443328857,0.18405359983444214,coef_energy_material_checkpoint_lambdas,0.0,4.460392475128174,2.3674263954162598,45,R2,3.433288097381592,0.5032744407653809
0.0,nan,nan,6.158869743347168,00000_001825_02,3.0,7.336808204650879,7.103653430938721,0.9334359169006348,coef_energy_material_checkpoint_lambdas,0.0,4.510507583618164,2.381007671356201,57,R2,4.209052503108978,1.5196632742881775
0.0,nan,nan,0.002855014055967331,00000_001825_04,4.0,0.0058539495803415775,0.0015948978252708912,-0.3001416027545929,coef_energy_material_checkpoint_lambdas,1.0,4.507608890533447,2.3663315773010254,0,R2,3.822021871805191,4.045201301574707
0.0,nan,nan,0.003848710563033819,00000_001825_04,5.0,0.004148528911173344,0.00033621289185248315,0.9996237754821777,coef_energy_material_checkpoint_lambdas,0.0,4.486820220947266,2.3482255935668945,3,R2,3.066024035215378,3.1621310710906982
0.0,nan,nan,0.24392950534820557,00000_001825_04,2.0,0.515251100063324,0.01520820613950491,0.9995931386947632,coef_energy_material_checkpoint_lambdas,0.0,4.489476203918457,2.345613956451416,6,R2,2.4957995116710663,2.321725010871887
0.0,nan,nan,-0.012633062899112701,00000_001825_04,3.0,0.32081615924835205,0.012633062899112701,0.9757068753242493,coef_energy_material_checkpoint_lambdas,0.0,4.497169017791748,2.349308490753174,9,R2,2.1214277744293213,1.2639961242675781
0.0,nan,nan,0.09168734401464462,00000_001825_04,4.0,0.2083526998758316,0.0016634612111374736,0.9327346086502075,coef_energy_material_checkpoint_lambdas,0.0,4.485754013061523,2.3380582332611084,12,R2,2.0478519797325134,0.512976199388504
0.0,nan,nan,0.24421223998069763,00000_001825_04,1.0,4.792469501495361,4.786243438720703,0.9510327577590942,coef_energy_material_checkpoint_lambdas,0.0,4.496173858642578,2.349194288253784,36,R2,3.164988934993744,3.164988934993744
0.0,nan,nan,-0.9121637344360352,00000_001825_04,1.0,2.6336517333984375,2.4706435203552246,0.28034621477127075,coef_energy_material_checkpoint_lambdas,0.0,4.475514888763428,2.3581483364105225,39,R2,3.4604705572128296,3.4604705572128296
0.0,nan,nan,0.4111325442790985,00000_001825_04,2.0,0.6027273535728455,0.440738320350647,0.9512081146240234,coef_energy_material_checkpoint_lambdas,0.0,4.4504923820495605,2.3555808067321777,45,R2,3.164988934993744,2.32823845744133
0.0,nan,nan,-0.24888037145137787,00000_001825_04,1.0,0.5521569848060608,0.3888891041278839,0.9788815379142761,coef_energy_material_checkpoint_lambdas,0.0,4.431293487548828,2.3752527236938477,48,R2,3.828421801328659,4.024765104055405
0.0,nan,nan,2.0110554695129395,00000_001825_04,2.0,2.9047653675079346,2.904143810272217,0.995209276676178,coef_energy_material_checkpoint_lambdas,0.0,4.417220115661621,2.38493275642395,51,R2,4.138121068477631,2.0858203172683716
0.0,nan,nan,4.965205192565918,00000_001825_04,1.0,7.07419490814209,5.038945198059082,0.9766680002212524,coef_energy_material_checkpoint_lambdas,0.0,4.441020488739014,2.37648344039917,54,R2,3.9622389674186707,0.576877236366272
0.0,nan,nan,6.309263229370117,00000_001825_04,2.0,6.6370649337768555,6.636939525604248,0.9738901853561401,coef_energy_material_checkpoint_lambdas,0.0,4.441450119018555,2.3999814987182617,57,R2,4.272550880908966,0.5671029686927795
0.0,nan,nan,5.006800651550293,00000_001825_04,2.0,7.147181034088135,7.146874904632568,0.9630908966064453,coef_energy_material_checkpoint_lambdas,0.0,4.488584518432617,2.3647515773773193,60,R2,4.394187152385712,0.5507452487945557
0.0,nan,nan,0.4375787377357483,00000_001825_04,6.0,0.47638505697250366,0.3555689752101898,0.8390573859214783,coef_energy_material_checkpoint_lambdas,0.0,4.587217330932617,2.3005852699279785,63,R2,4.375545382499695,4.400025844573975
0.0,nan,nan,0.002855014055967331,00000_001825_06,4.0,0.0058539495803415775,0.0015948978252708912,-0.3001416027545929,coef_energy_material_checkpoint_lambdas,1.0,4.507608890533447,2.3663315773010254,0,R2,3.822021871805191,4.045201301574707
0.0,nan,nan,0.0038708478678017855,00000_001825_06,5.0,0.004172604996711016,0.0003376343520358205,0.9996271729469299,coef_energy_material_checkpoint_lambdas,0.0,4.491910934448242,2.3617608547210693,3,R2,3.066024035215378,3.1621310710906982
0.0,nan,nan,0.2453242540359497,00000_001825_06,2.0,0.518323540687561,0.015230990014970303,0.9995969533920288,coef_energy_material_checkpoint_lambdas,0.0,4.49550199508667,2.359532356262207,6,R2,2.4957995116710663,2.321725010871887
0.0,nan,nan,-0.3062649071216583,00000_001825_06,3.0,0.34464770555496216,0.004409852437674999,0.9999197721481323,coef_energy_material_checkpoint_lambdas,0.0,4.475634574890137,2.3424160480499268,9,R2,3.8031830489635468,1.2793965339660645
0.0,nan,nan,0.15725034475326538,00000_001825_06,4.0,0.42870625853538513,0.037710972130298615,0.9969097375869751,coef_energy_material_checkpoint_lambdas,0.0,4.476222038269043,2.3326575756073,12,R2,2.0785345435142517,0.5280831158161163
0.0,nan,nan,0.24433553218841553,00000_001825_06,1.0,4.793542861938477,4.787311553955078,0.9510371685028076,coef_energy_material_checkpoint_lambdas,0.0,4.496982574462891,2.3508784770965576,36,R2,3.164988934993744,3.164988934993744
0.0,nan,nan,-0.9124786853790283,00000_001825_06,1.0,2.6354589462280273,2.4724535942077637,0.2802254557609558,coef_energy_material_checkpoint_lambdas,0.0,4.478750228881836,2.3580427169799805,39,R2,3.4604705572128296,3.4604705572128296
0.0,nan,nan,0.4137588441371918,00000_001825_06,2.0,0.6065439581871033,0.4435078501701355,0.951224148273468,coef_energy_material_checkpoint_lambdas,0.0,4.477961540222168,2.370652198791504,45,R2,3.164988934993744,2.32823845744133
0.0,nan,nan,0.023092538118362427,00000_001825_06,2.0,0.2397446483373642,0.23862990736961365,0.9450605511665344,coef_energy_material_checkpoint_lambdas,0.0,4.4813666343688965,2.3572161197662354,48,R2,3.4604705572128296,0.9483759701251984
0.0,nan,nan,5.493429660797119,00000_001825_06,1.0,8.499814987182617,7.814130783081055,0.97761470079422,coef_energy_material_checkpoint_lambdas,0.0,4.464552879333496,2.415296792984009,54,R2,4.358226895332336,0.6027705073356628
0.0,nan,nan,7.098696231842041,00000_001825_06,2.0,7.747363090515137,7.098695755004883,0.9866636991500854,coef_energy_material_checkpoint_lambdas,0.0,4.3860297203063965,2.4895451068878174,60,R2,4.249882161617279,0.534050464630127
0.0,nan,nan,3.1095311641693115,00000_001825_06,2.0,6.113417625427246,5.976737976074219,0.9566398859024048,coef_energy_material_checkpoint_lambdas,0.0,4.406708717346191,2.4620957374572754,63,R2,4.214456617832184,0.549189567565918
0.0,nan,nan,1.9776495695114136,00000_001825_06,3.0,1.9814560413360596,1.8373429775238037,0.994841456413269,coef_energy_material_checkpoint_lambdas,0.0,4.419397830963135,2.452910900115967,66,R2,4.400180876255035,1.6866973042488098
0.0,nan,nan,6.377715110778809,00000_001825_06,2.0,7.141274452209473,5.034432411193848,0.9964219331741333,coef_energy_material_checkpoint_lambdas,0.0,4.474639415740967,2.421260356903076,69,R2,4.400852978229523,0.5990763902664185
0.0,nan,nan,6.0096917152404785,00000_001827_00,4.0,8.487478256225586,8.487470626831055,-0.9740362763404846,coef_energy_material_checkpoint_lambdas,0.0,4.481189250946045,2.3227951526641846,3,R2,3.8053443133831024,0.405303418636322
0.0,nan,nan,2.944512128829956,00000_001827_00,5.0,2.961535930633545,0.6303232312202454,0.3119111657142639,coef_energy_material_checkpoint_lambdas,1.0,4.46175479888916,2.3080971240997314,6,R2,2.0988064408302307,2.346051812171936
0.0,nan,nan,0.42140114307403564,00000_001827_00,3.0,0.6771079897880554,0.6360576152801514,0.9999999403953552,coef_energy_material_checkpoint_lambdas,0.0,4.489831924438477,2.3167948722839355,9,R2,2.0198808014392853,1.80604887008667
0.0,nan,nan,0.010981321334838867,00000_001827_00,4.0,0.012930757366120815,0.01287535298615694,0.48062753677368164,coef_energy_material_checkpoint_lambdas,0.0,4.479972839355469,2.356009006500244,12,R2,2.0444789230823517,1.013380080461502
0.0,nan,nan,0.5624608993530273,00000_001827_00,3.0,1.8963345289230347,0.882850706577301,0.9689393639564514,coef_energy_material_checkpoint_lambdas,0.0,4.479351997375488,2.355041265487671,15,R2,2.0228112041950226,0.2606806457042694
0.0,nan,nan,3.7033681869506836,00000_001827_00,1.0,7.544411659240723,6.572915077209473,0.9094359874725342,coef_energy_material_checkpoint_lambdas,0.0,4.479362964630127,2.359839916229248,39,R2,3.661234349012375,3.661234349012375
0.0,nan,nan,0.3176943361759186,00000_001827_00,1.0,0.8394968509674072,0.777061939239502,0.9824913144111633,coef_energy_material_checkpoint_lambdas,0.0,4.481553554534912,2.36358904838562,42,R2,3.6752063930034637,3.6752063930034637
0.0,nan,nan,-0.14346322417259216,00000_001827_00,2.0,0.546127200126648,0.5269470810890198,0.9849924445152283,coef_energy_material_checkpoint_lambdas,0.0,4.469442844390869,2.3544864654541016,48,R2,3.661234349012375,2.454566091299057
0.0,nan,nan,0.5497257113456726,00000_001827_00,2.0,0.6566614508628845,0.35917389392852783,0.966117799282074,coef_energy_material_checkpoint_lambdas,0.0,4.429450511932373,2.378568410873413,51,R2,3.6752063930034637,1.0875659584999084
0.0,nan,nan,-0.11243760585784912,00000_001827_00,3.0,2.1715712547302246,2.0218141078948975,0.9902466535568237,coef_energy_material_checkpoint_lambdas,1.0,4.41249942779541,2.3908884525299072,54,R2,3.7040909230709076,4.399022102355957
0.0,nan,nan,0.09889957308769226,00000_001827_00,5.0,0.09899983555078506,0.09889957308769226,0.9875527620315552,coef_energy_material_checkpoint_lambdas,0.0,4.426430702209473,2.386248826980591,57,R2,4.04717156291008,3.880935251712799
0.0,nan,nan,2.9248995780944824,00000_001827_00,5.0,2.9280121326446533,2.9248995780944824,0.9975961446762085,coef_energy_material_checkpoint_lambdas,0.0,4.441587448120117,2.3754594326019287,60,R2,4.381548166275024,1.6790074706077576
0.0,nan,nan,6.277419567108154,00000_001827_00,5.0,8.518789291381836,7.448371410369873,0.999863862991333,coef_energy_material_checkpoint_lambdas,0.0,4.542822360992432,2.314225435256958,63,R2,4.255961716175079,0.5905562043190002
0.0,nan,nan,0.05046040192246437,00000_001827_01,5.0,0.057536687701940536,0.027644500136375427,0.9987768530845642,coef_energy_material_checkpoint_lambdas,0.0,4.507114887237549,2.3565406799316406,0,R2,2.863491654396057,2.863491654396057
0.0,nan,nan,-0.6442698240280151,00000_001827_01,2.0,0.8706710338592529,0.2356938123703003,0.884772539138794,coef_energy_material_checkpoint_lambdas,0.0,4.501595497131348,2.333596706390381,3,R2,4.249672532081604,1.8653636276721954
0.0,nan,nan,-0.06623601168394089,00000_001827_01,2.0,0.07438527047634125,0.0006565246731042862,0.9966152310371399,coef_energy_material_checkpoint_lambdas,0.0,4.498440265655518,2.333737850189209,6,R2,3.4794352650642395,1.013035625219345
0.0,nan,nan,0.31723490357398987,00000_001827_01,4.0,0.4802720248699188,0.030654791742563248,0.9496016502380371,coef_energy_material_checkpoint_lambdas,0.0,4.47171688079834,2.3833937644958496,9,R2,2.0348376035690308,0.5131192207336426
0.0,nan,nan,1.3417648077011108,00000_001827_01,1.0,3.073646068572998,2.765315055847168,1.0,coef_energy_material_checkpoint_lambdas,0.0,4.471894264221191,2.365455150604248,36,R2,3.6324969232082367,3.6324969232082367
0.0,nan,nan,0.5094363689422607,00000_001827_01,2.0,0.5101315379142761,0.25163915753364563,0.9992169737815857,coef_energy_material_checkpoint_lambdas,1.0,4.483168601989746,2.362332344055176,39,R2,3.0662929117679596,3.8443152010440826
0.0,nan,nan,0.36382704973220825,00000_001827_01,3.0,0.7668883204460144,0.6750907897949219,0.998494565486908,coef_energy_material_checkpoint_lambdas,0.0,4.479212284088135,2.3701939582824707,45,R2,3.6324969232082367,1.579138070344925
0.0,nan,nan,5.45830774307251,00000_001827_01,2.0,7.564925193786621,5.237840175628662,0.9454533457756042,coef_energy_material_checkpoint_lambdas,0.0,4.466831684112549,2.3691420555114746,48,R2,3.8443152010440826,0.6012175679206848
0.0,nan,nan,1.7283380031585693,00000_001827_01,5.0,4.338817119598389,3.9797210693359375,0.9847495555877686,coef_energy_material_checkpoint_lambdas,0.0,4.450375080108643,2.377915382385254,54,R2,4.201535552740097,4.201535552740097
0.0,nan,nan,-0.1036761999130249,00000_001827_01,4.0,0.11868465691804886,0.11415921896696091,0.8992245197296143,coef_energy_material_checkpoint_lambdas,0.0,4.388710975646973,2.4172675609588623,57,R2,4.326758623123169,4.400118291378021
0.0,nan,nan,0.0006279979133978486,00000_001827_01,3.0,0.0007250956841744483,0.000700364529620856,0.9960620999336243,coef_energy_material_checkpoint_lambdas,0.0,4.381103992462158,2.4241139888763428,60,R2,4.269387125968933,2.7566676139831543
0.0,nan,nan,-2.065089702606201,00000_001827_01,6.0,3.6469128131866455,2.198599338531494,0.9875791668891907,coef_energy_material_checkpoint_lambdas,0.0,4.349571228027344,2.446899652481079,63,R2,4.304360866546631,0.555840015411377
0.0,nan,nan,3.3624253273010254,00000_001827_01,5.0,3.8106894493103027,3.3624253273010254,0.9120632410049438,coef_energy_material_checkpoint_lambdas,0.0,4.292973518371582,2.4851224422454834,66,R2,4.312197387218475,1.6564768552780151
0.0,nan,nan,6.983600616455078,00000_001827_01,6.0,7.02887487411499,6.983601093292236,0.9856901168823242,coef_energy_material_checkpoint_lambdas,0.0,4.283570289611816,2.4987692832946777,69,R2,4.400215208530426,4.401605844497681
0.0,nan,nan,-0.004181531257927418,00000_001827_01,13.0,0.005213458091020584,0.001631570397876203,0.9923860430717468,coef_energy_material_checkpoint_lambdas,0.0,4.34910249710083,2.453791618347168,72,R2,4.3818678855896,4.400000095367432
0.0,nan,nan,-1.3369221285586264e-08,00000_001827_01,14.0,2.2985069847436534e-08,3.7672993613568906e-09,0.0,coef_energy_material_checkpoint_lambdas,0.0,4.605635166168213,2.3115601539611816,75,R2,4.400000095367432,4.400000095367432
0.0,nan,nan,8.338360786437988,00000_001827_05,4.0,9.394767761230469,6.742922306060791,0.9899827837944031,coef_energy_material_checkpoint_lambdas,0.0,4.458446502685547,2.3066046237945557,0,R2,2.085533946752548,2.161763608455658
0.0,nan,nan,2.2599964141845703,00000_001827_05,3.0,3.08815598487854,3.0861992835998535,0.9324478507041931,coef_energy_material_checkpoint_lambdas,0.0,4.4637861251831055,2.300055503845215,3,R2,2.015131890773773,1.0406651496887207
0.0,nan,nan,8.388542175292969,00000_001827_05,2.0,8.545610427856445,8.232298851013184,0.9943490624427795,coef_energy_material_checkpoint_lambdas,0.0,4.5032124519348145,2.3108150959014893,6,R2,2.0575152337551117,0.27595821022987366
0.0,nan,nan,1.342482089996338,00000_001827_05,1.0,3.0752882957458496,2.7667922973632812,0.9999999403953552,coef_energy_material_checkpoint_lambdas,0.0,4.475635528564453,2.3634116649627686,33,R2,3.6324969232082367,3.6324969232082367
0.0,nan,nan,0.5104588866233826,00000_001827_05,2.0,0.511152982711792,0.2521020472049713,0.9992205500602722,coef_energy_material_checkpoint_lambdas,1.0,4.481695175170898,2.3668339252471924,36,R2,3.0662929117679596,3.8443152010440826
0.0,nan,nan,0.36339643597602844,00000_001827_05,3.0,0.7660015225410461,0.6743154525756836,0.9984937310218811,coef_energy_material_checkpoint_lambdas,0.0,4.475225925445557,2.3671975135803223,42,R2,3.6324969232082367,1.579138070344925
0.0,nan,nan,5.461392879486084,00000_001827_05,2.0,7.569345951080322,5.241009712219238,0.945446789264679,coef_energy_material_checkpoint_lambdas,0.0,4.469700813293457,2.3682310581207275,45,R2,3.8443152010440826,0.6012175679206848
0.0,nan,nan,1.728572130203247,00000_001827_05,5.0,4.339248180389404,3.9800899028778076,0.9847468137741089,coef_energy_material_checkpoint_lambdas,0.0,4.451211929321289,2.3751983642578125,51,R2,4.201535552740097,4.201535552740097
0.0,nan,nan,-0.10397572815418243,00000_001827_05,4.0,0.1189202070236206,0.11433286964893341,0.8999330997467041,coef_energy_material_checkpoint_lambdas,0.0,4.382751941680908,2.4209444522857666,54,R2,4.326758623123169,4.400118291378021
0.0,nan,nan,0.0006278287619352341,00000_001827_05,3.0,0.0007248804322443902,0.0007001476478762925,0.9960578083992004,coef_energy_material_checkpoint_lambdas,0.0,4.382153511047363,2.423344135284424,57,R2,4.269387125968933,2.7566676139831543
0.0,nan,nan,-2.085294008255005,00000_001827_05,6.0,3.682377338409424,2.2198612689971924,0.9875729084014893,coef_energy_material_checkpoint_lambdas,0.0,4.392982006072998,2.4135847091674805,60,R2,4.304360866546631,0.555840015411377
0.0,nan,nan,3.5558838844299316,00000_001827_05,5.0,4.034336566925049,3.5558836460113525,0.9112247228622437,coef_energy_material_checkpoint_lambdas,0.0,4.5655412673950195,2.3059017658233643,63,R2,4.312197387218475,1.6564768552780151
0.0,nan,nan,0.010221876204013824,00000_001827_07,4.0,0.01022224873304367,0.007166331168264151,0.7025768756866455,coef_energy_material_checkpoint_lambdas,1.0,4.513762474060059,2.364816188812256,0,R2,3.755394399166107,4.044434756040573
0.0,nan,nan,0.0036983496975153685,00000_001827_07,5.0,0.011341732926666737,0.004966333508491516,0.998934805393219,coef_energy_material_checkpoint_lambdas,0.0,4.502419471740723,2.3550007343292236,3,R2,3.1174957752227783,3.162315934896469
0.0,nan,nan,0.23426999151706696,00000_001827_07,2.0,0.39733514189720154,0.06601546704769135,0.8615409135818481,coef_energy_material_checkpoint_lambdas,0.0,4.50733757019043,2.3524413108825684,6,R2,2.606577306985855,2.3131083548069
0.0,nan,nan,-0.3533794581890106,00000_001827_07,2.0,0.40887975692749023,0.02593262866139412,0.9881699681282043,coef_energy_material_checkpoint_lambdas,0.0,4.501339435577393,2.351398229598999,9,R2,3.888400673866272,1.2643193304538727
0.0,nan,nan,0.11768755316734314,00000_001827_07,4.0,0.24709835648536682,0.07041700929403305,0.9885566234588623,coef_energy_material_checkpoint_lambdas,0.0,4.499661922454834,2.3362441062927246,12,R2,2.0630631744861603,0.5129682719707489
0.0,nan,nan,1.9121686220169067,00000_001827_07,1.0,4.612302780151367,4.197254657745361,0.9948926568031311,coef_energy_material_checkpoint_lambdas,0.0,4.484039306640625,2.359825611114502,39,R2,3.6381717920303345,3.6381717920303345
0.0,nan,nan,-0.1462813913822174,00000_001827_07,1.0,0.40806692838668823,0.38094669580459595,0.953279972076416,coef_energy_material_checkpoint_lambdas,0.0,4.461093425750732,2.3724069595336914,42,R2,3.7672462463378906,3.7672462463378906
0.0,nan,nan,0.10931723564863205,00000_001827_07,2.0,0.7332402467727661,0.7250455021858215,0.999617874622345,coef_energy_material_checkpoint_lambdas,0.0,4.465169429779053,2.370218515396118,48,R2,3.6381717920303345,2.0298995971679688
0.0,nan,nan,1.8396294116973877,00000_001827_07,2.0,2.278472423553467,1.344321608543396,0.4868220090866089,coef_energy_material_checkpoint_lambdas,0.0,4.474626541137695,2.3653008937835693,51,R2,3.7672462463378906,0.5591220259666443
0.0,nan,nan,4.089777946472168,00000_001827_07,4.0,7.52089786529541,6.311705112457275,0.9399449825286865,coef_energy_material_checkpoint_lambdas,0.0,4.433098793029785,2.4480066299438477,57,R2,4.098617881536484,4.098617881536484
0.0,nan,nan,1.6678245067596436,00000_001827_07,6.0,7.527673721313477,7.491306304931641,0.9635112881660461,coef_energy_material_checkpoint_lambdas,0.0,4.491887092590332,2.405468702316284,60,R2,4.1096058785915375,3.5584797263145447
0.0,nan,nan,0.09753723442554474,00000_001827_07,7.0,0.20791342854499817,0.183615043759346,-0.9629858136177063,coef_energy_material_checkpoint_lambdas,0.0,4.578162670135498,2.3075807094573975,63,R2,3.9604811668395996,1.5191458463668823
0.0,nan,nan,-0.653397798538208,00000_001829_00,3.0,0.6537997126579285,0.3127095699310303,0.7805514335632324,coef_energy_material_checkpoint_lambdas,0.0,4.5038838386535645,2.346172571182251,0,R1,4.006439179182053,1.5223443508148193
0.0,nan,nan,0.010765249840915203,00000_001829_00,3.0,0.010894729755818844,0.010377669706940651,-0.21306470036506653,coef_energy_material_checkpoint_lambdas,0.0,4.491326332092285,2.3348548412323,3,R1,2.080889344215393,0.7630340456962585
0.0,nan,nan,0.8607265949249268,00000_001829_00,3.0,7.541143894195557,4.688920974731445,0.9953095316886902,coef_energy_material_checkpoint_lambdas,0.0,4.490122318267822,2.332437753677368,6,R1,2.0435497760772705,0.30377551913261414
0.0,nan,nan,7.068861961364746,00000_001829_00,2.0,7.930886268615723,7.84321928024292,0.9387732744216919,coef_energy_material_checkpoint_lambdas,0.0,4.464039325714111,2.3539695739746094,33,R1,3.357678174972534,0.5061221718788147
0.0,nan,nan,3.917800188064575,00000_001829_00,3.0,7.274435520172119,7.053676128387451,0.9851985573768616,coef_energy_material_checkpoint_lambdas,0.0,4.433952808380127,2.3791799545288086,45,R1,3.8289458453655243,0.573026180267334
0.0,nan,nan,4.554773807525635,00000_001829_00,2.0,5.845808982849121,5.811803817749023,0.9789534211158752,coef_energy_material_checkpoint_lambdas,0.0,4.448801040649414,2.3822836875915527,48,R1,4.368849217891693,0.561022162437439
0.0,nan,nan,4.177624702453613,00000_001829_00,1.0,4.285082817077637,0.9536166787147522,0.9905105233192444,coef_energy_material_checkpoint_lambdas,0.0,4.422776699066162,2.38832426071167,57,R1,4.404286026954651,4.404286026954651
0.0,nan,nan,-0.7862251400947571,00000_001829_00,2.0,1.9539774656295776,1.7888202667236328,0.9965171813964844,coef_energy_material_checkpoint_lambdas,0.0,4.426033020019531,2.389777898788452,60,R1,4.401455581188202,4.401455581188202
0.0,nan,nan,0.09246820956468582,00000_001829_00,6.0,0.2965404987335205,0.2106563150882721,0.9937525391578674,coef_energy_material_checkpoint_lambdas,0.0,4.475620269775391,2.356415033340454,63,R1,4.400026798248291,4.400065898895264
0.0,nan,nan,0.24082770943641663,00000_001829_00,9.0,0.2606130540370941,0.09985948354005814,0.9998454451560974,coef_energy_material_checkpoint_lambdas,0.0,4.578361988067627,2.31705641746521,66,R1,4.400000095367432,4.400000095367432
0.0,nan,nan,7.1071343421936035,00000_001829_01,4.0,8.028545379638672,7.666163921356201,-0.11508446931838989,coef_energy_material_checkpoint_lambdas,0.0,4.493834495544434,2.3478565216064453,3,R1,3.095506250858307,0.3653394281864166
0.0,nan,nan,0.8877802491188049,00000_001829_01,6.0,0.8896654844284058,0.448803186416626,0.8295121192932129,coef_energy_material_checkpoint_lambdas,0.0,4.494378089904785,2.3486711978912354,6,R1,2.0379923284053802,1.8197459876537323
0.0,nan,nan,0.12094561755657196,00000_001829_01,4.0,0.12097597122192383,0.10696527361869812,0.9964930415153503,coef_energy_material_checkpoint_lambdas,0.0,4.491181373596191,2.344231367111206,9,R1,2.0088812708854675,1.0227065682411194
0.0,nan,nan,3.047208547592163,00000_001829_01,2.0,3.0473005771636963,2.1714375019073486,0.994297206401825,coef_energy_material_checkpoint_lambdas,0.0,4.482122421264648,2.3280415534973145,12,R1,2.4438866674900055,0.26538559794425964
0.0,nan,nan,7.768646240234375,00000_001829_01,1.0,8.217453956604004,7.768645763397217,0.9922410845756531,coef_energy_material_checkpoint_lambdas,0.0,4.479300498962402,2.3121700286865234,15,R1,2.021585315465927,0.28755083680152893
0.0,nan,nan,2.9930343627929688,00000_001829_01,2.0,3.2920968532562256,2.5647871494293213,0.9287107586860657,coef_energy_material_checkpoint_lambdas,1.0,4.474285125732422,2.3675312995910645,42,R1,3.4053441882133484,3.9346156418323517
0.0,nan,nan,0.8726364374160767,00000_001829_01,2.0,0.9940656423568726,0.47610098123550415,-0.11622457951307297,coef_energy_material_checkpoint_lambdas,0.0,4.469199180603027,2.3894810676574707,51,R1,3.9346156418323517,0.4975052773952484
0.0,nan,nan,7.546490669250488,00000_001829_01,1.0,7.598764896392822,6.8778557777404785,0.2930857241153717,coef_energy_material_checkpoint_lambdas,0.0,4.414952278137207,2.4523181915283203,60,R1,4.313944697380066,0.4984135031700134
0.0,nan,nan,0.31439369916915894,00000_001829_01,3.0,1.5328651666641235,1.5002774000167847,-0.09555737674236298,coef_energy_material_checkpoint_lambdas,1.0,4.3996195793151855,2.4286484718322754,63,R1,3.970520406961441,4.329224675893784
0.0,nan,nan,-1.5134373903274536,00000_001829_01,3.0,2.51870059967041,2.013295888900757,0.23578967154026031,coef_energy_material_checkpoint_lambdas,1.0,4.3996405601501465,2.423563003540039,66,R1,3.839525431394577,4.4002299308776855
0.0,nan,nan,-0.02963864430785179,00000_001829_01,4.0,0.16118864715099335,0.15844030678272247,0.9751901626586914,coef_energy_material_checkpoint_lambdas,1.0,4.433779239654541,2.4273486137390137,69,R1,3.9137502014636993,4.400063514709473
0.0,nan,nan,-0.027949796989560127,00000_001829_01,7.0,0.3954986333847046,0.39450979232788086,0.9982396960258484,coef_energy_material_checkpoint_lambdas,0.0,4.548969745635986,2.3366222381591797,72,R1,4.329224675893784,4.400018155574799
0.0,nan,nan,0.09290364384651184,00000_001829_02,5.0,0.09855877608060837,0.03290510177612305,0.9999865889549255,coef_energy_material_checkpoint_lambdas,0.0,4.503337383270264,2.3574695587158203,0,R1,2.7189444601535797,2.7189444601535797
0.0,nan,nan,0.7084833979606628,00000_001829_02,4.0,0.7617719173431396,0.06648723781108856,0.9555201530456543,coef_energy_material_checkpoint_lambdas,0.0,4.502134799957275,2.351719617843628,3,R1,2.067341536283493,1.821808010339737
0.0,nan,nan,0.05185558274388313,00000_001829_02,4.0,0.0780637115240097,0.05185558274388313,0.6769115328788757,coef_energy_material_checkpoint_lambdas,0.0,4.489724159240723,2.3350772857666016,6,R1,2.092411518096924,1.0130527019500732
0.0,nan,nan,0.07933473587036133,00000_001829_02,4.0,2.6198582649230957,1.100139856338501,0.9998520612716675,coef_energy_material_checkpoint_lambdas,0.0,4.48228645324707,2.361879587173462,9,R1,2.056382954120636,0.262014240026474
0.0,nan,nan,2.980062246322632,00000_001829_02,1.0,2.9808647632598877,2.1561310291290283,0.9142975807189941,coef_energy_material_checkpoint_lambdas,0.0,4.468899250030518,2.3739535808563232,39,R1,3.270366609096527,2.111798346042633
0.0,nan,nan,2.3962936401367188,00000_001829_02,1.0,3.3066039085388184,3.3055543899536133,0.9404212832450867,coef_energy_material_checkpoint_lambdas,0.0,4.4398651123046875,2.374904155731201,48,R1,4.3846548199653625,0.5575338006019592
0.0,nan,nan,8.03470516204834,00000_001829_02,1.0,8.03470516204834,5.681479454040527,0.9999999403953552,coef_energy_material_checkpoint_lambdas,0.0,4.447872638702393,2.385455846786499,51,R1,4.3971152901649475,0.5627826452255249
0.0,nan,nan,8.009294509887695,00000_001829_02,1.0,8.009552955627441,8.009294509887695,0.9902958273887634,coef_energy_material_checkpoint_lambdas,0.0,4.44202995300293,2.3756346702575684,54,R1,4.378594696521759,0.5691991448402405
0.0,nan,nan,6.9435038566589355,00000_001829_02,3.0,6.943508625030518,4.903995513916016,0.9988535046577454,coef_energy_material_checkpoint_lambdas,0.0,4.396554946899414,2.408439874649048,57,R1,4.388176143169403,0.5757388472557068
0.0,nan,nan,2.6764016151428223,00000_001829_02,10.0,2.8147361278533936,0.8715582489967346,0.9979547262191772,coef_energy_material_checkpoint_lambdas,0.0,4.380738258361816,2.4232289791107178,66,R1,4.400006651878357,4.400006651878357
0.0,nan,nan,0.00010322111484128982,00000_001829_02,13.0,0.0001506892585894093,0.00010978456703014672,0.005078451242297888,coef_energy_material_checkpoint_lambdas,0.0,4.38361120223999,2.4290659427642822,69,R1,4.400000095367432,4.400000095367432
0.0,nan,nan,-1.8045984973014129e-07,00000_001829_02,14.0,2.349748626784276e-07,1.5049063506467064e-07,0.0,coef_energy_material_checkpoint_lambdas,0.0,4.375136375427246,2.435734748840332,72,R1,4.400000095367432,4.400000095367432
0.0,nan,nan,-1.2076215027967407e-10,00000_001829_02,16.0,1.3818676758425852e-10,6.717208039797029e-11,0.0,coef_energy_material_checkpoint_lambdas,0.0,4.449721336364746,2.372494697570801,75,R1,4.400000095367432,4.400000095367432
0.0,nan,nan,-3.943035947664292e-14,00000_001829_02,16.0,4.272272572064355e-14,1.6252241387534547e-14,0.0,coef_energy_material_checkpoint_lambdas,0.0,4.590163230895996,2.3201937675476074,78,R1,4.400000095367432,4.400000095367432
0.0,nan,nan,8.416343688964844,00000_001829_03,4.0,8.592219352722168,4.302289009094238,0.9734663963317871,coef_energy_material_checkpoint_lambdas,0.0,4.472867965698242,2.3128559589385986,0,R1,2.065837472677231,2.1180583238601685
0.0,nan,nan,2.183192253112793,00000_001829_03,4.0,3.0336596965789795,3.033173084259033,0.967754602432251,coef_energy_material_checkpoint_lambdas,0.0,4.477687835693359,2.3142733573913574,3,R1,2.0048590004444122,1.0206256806850433
0.0,nan,nan,8.541190147399902,00000_001829_03,2.0,8.564516067504883,7.921964645385742,0.9961190223693848,coef_energy_material_checkpoint_lambdas,0.0,4.485983371734619,2.3237698078155518,6,R1,2.016097813844681,0.33629849553108215
0.0,nan,nan,7.091647148132324,00000_001829_03,2.0,7.95654821395874,6.39826774597168,0.9387816190719604,coef_energy_material_checkpoint_lambdas,1.0,4.478190898895264,2.3630473613739014,33,R1,3.357678174972534,3.912534773349762
0.0,nan,nan,-0.14326511323451996,00000_001829_03,3.0,1.5188723802566528,1.5121006965637207,0.9995693564414978,coef_energy_material_checkpoint_lambdas,0.0,4.468003273010254,2.375002145767212,42,R1,3.912534773349762,0.9758655428886414
0.0,nan,nan,3.922332286834717,00000_001829_03,1.0,8.564763069152832,8.157301902770996,0.9165254831314087,coef_energy_material_checkpoint_lambdas,0.0,4.457250595092773,2.3786423206329346,45,R1,4.3549884557724,0.5717490315437317
0.0,nan,nan,6.403601169586182,00000_001829_03,2.0,7.168020248413086,7.167999744415283,0.9984511733055115,coef_energy_material_checkpoint_lambdas,0.0,4.459578514099121,2.397520065307617,48,R1,4.400845289230347,0.5577768683433533
0.0,nan,nan,1.3832919597625732,00000_001829_03,2.0,2.8598127365112305,2.503004550933838,0.9856417179107666,coef_energy_material_checkpoint_lambdas,0.0,4.4531049728393555,2.4063782691955566,51,R1,4.280105292797089,4.280105292797089
0.0,nan,nan,0.16241608560085297,00000_001829_03,2.0,0.16242295503616333,0.0014939516549929976,0.9998564720153809,coef_energy_material_checkpoint_lambdas,0.0,4.453099250793457,2.4064972400665283,54,R1,4.265534996986389,4.265534996986389
0.0,nan,nan,0.12283486127853394,00000_001829_03,3.0,0.23399224877357483,0.12319904565811157,0.8677307367324829,coef_energy_material_checkpoint_lambdas,0.0,4.4305243492126465,2.4182491302490234,57,R1,4.322775423526764,4.334710776805878
0.0,nan,nan,-0.11209547519683838,00000_001829_03,5.0,0.12313299626111984,0.050954271107912064,0.9968764781951904,coef_energy_material_checkpoint_lambdas,0.0,4.435888767242432,2.4193761348724365,60,R1,4.280105292797089,2.6894683837890625
0.0,nan,nan,0.6296417713165283,00000_001829_03,5.0,0.7128657698631287,0.33425864577293396,0.3670969605445862,coef_energy_material_checkpoint_lambdas,0.0,4.415268421173096,2.4384164810180664,63,R1,4.265534996986389,1.1034470796585083
0.0,nan,nan,7.8318047523498535,00000_001829_03,4.0,7.857327461242676,7.2879743576049805,0.994114339351654,coef_energy_material_checkpoint_lambdas,0.0,4.453814506530762,2.4184257984161377,66,R1,4.30126029253006,0.5824509859085083
0.0,nan,nan,7.101925849914551,00000_001829_03,1.0,7.489246845245361,6.7028117179870605,0.970859706401825,coef_energy_material_checkpoint_lambdas,0.0,4.558386325836182,2.327174186706543,69,R1,4.40766978263855,0.5687696933746338
0.0,nan,nan,0.0019500430207699537,00000_001829_04,4.0,0.006979614496231079,0.0033599063754081726,-0.492194265127182,coef_energy_material_checkpoint_lambdas,1.0,4.505580902099609,2.367882490158081,0,R2,3.6531048119068146,3.9076887369155884
0.0,nan,nan,0.013496124185621738,00000_001829_04,5.0,0.014213744550943375,0.004459280055016279,0.9993663430213928,coef_energy_material_checkpoint_lambdas,0.0,4.491937160491943,2.343395471572876,3,R2,3.0171146392822266,3.0171146392822266
0.0,nan,nan,0.5353764295578003,00000_001829_04,3.0,0.671187698841095,0.12263871729373932,0.9975097179412842,coef_energy_material_checkpoint_lambdas,0.0,4.493394374847412,2.3386175632476807,6,R2,2.203351706266403,2.2116150557994843
0.0,nan,nan,2.6243083477020264,00000_001829_04,3.0,2.9586434364318848,2.6243083477020264,0.44124558568000793,coef_energy_material_checkpoint_lambdas,0.0,4.485495090484619,2.348172903060913,9,R2,2.101827383041382,1.5176591277122498
0.0,nan,nan,0.2858228087425232,00000_001829_04,4.0,0.28608912229537964,0.26116693019866943,0.9846047163009644,coef_energy_material_checkpoint_lambdas,0.0,4.491962432861328,2.346095561981201,12,R2,2.0412104427814484,0.7667763233184814
0.0,nan,nan,3.3346681594848633,00000_001829_04,2.0,4.399725914001465,1.0758026838302612,0.9089916348457336,coef_energy_material_checkpoint_lambdas,0.0,4.4924798011779785,2.344651460647583,15,R2,2.037391781806946,0.2697739899158478
0.0,nan,nan,2.9906792640686035,00000_001829_04,2.0,3.2896652221679688,2.563110589981079,0.9287499785423279,coef_energy_material_checkpoint_lambdas,1.0,4.4697980880737305,2.3680906295776367,42,R2,3.4053441882133484,3.9346156418323517
0.0,nan,nan,0.865228533744812,00000_001829_04,2.0,0.9848164319992065,0.4703647494316101,-0.11472417414188385,coef_energy_material_checkpoint_lambdas,0.0,4.428393363952637,2.3794078826904297,51,R2,3.9346156418323517,0.4975052773952484
0.0,nan,nan,0.17240816354751587,00000_001829_04,4.0,0.6832127571105957,0.6816961169242859,0.6868132948875427,coef_energy_material_checkpoint_lambdas,1.0,4.393070220947266,2.406893014907837,54,R2,3.7521756291389465,4.392905414104462
0.0,nan,nan,0.22916573286056519,00000_001829_04,3.0,0.38993528485298157,0.31717172265052795,0.9829645752906799,coef_energy_material_checkpoint_lambdas,0.0,4.410173416137695,2.3941092491149902,57,R2,4.322775423526764,2.755889117717743
0.0,nan,nan,2.345613479614258,00000_001829_04,3.0,2.370004415512085,2.117997169494629,0.8153057098388672,coef_energy_material_checkpoint_lambdas,0.0,4.4434661865234375,2.3881216049194336,60,R2,4.335425555706024,0.55449378490448
0.0,nan,nan,3.272106647491455,00000_001829_04,1.0,5.575374126434326,4.945478439331055,0.9955794811248779,coef_energy_material_checkpoint_lambdas,0.0,4.417703628540039,2.397824287414551,63,R2,4.402242958545685,0.556398332118988
0.0,nan,nan,0.1431153118610382,00000_001829_04,7.0,0.14337016642093658,0.037150777876377106,0.969965398311615,coef_energy_material_checkpoint_lambdas,0.0,4.328031063079834,2.464428186416626,69,R2,4.400003612041473,4.400006651878357
0.0,nan,nan,0.0,00000_001829_04,12.0,0.0010644464055076241,0.000752677267882973,0.0,coef_energy_material_checkpoint_lambdas,0.0,4.357125759124756,2.4460153579711914,72,R2,4.395806074142456,4.400000095367432
0.0,nan,nan,-9.14554298958592e-09,00000_001829_04,15.0,2.598938309006371e-08,1.0734971134240823e-08,0.0,coef_energy_material_checkpoint_lambdas,0.0,4.375328063964844,2.444075107574463,75,R2,4.400000095367432,4.400000095367432
0.0,nan,nan,-2.770438229954958e-13,00000_001829_04,16.0,6.688912119502677e-13,2.770438229954958e-13,0.0,coef_energy_material_checkpoint_lambdas,0.0,4.590846538543701,2.3136606216430664,78,R2,4.400000095367432,4.400000095367432
0.0,nan,nan,0.09290364384651184,00000_001829_05,5.0,0.09855877608060837,0.03290510177612305,0.9999865889549255,coef_energy_material_checkpoint_lambdas,0.0,4.503337383270264,2.3574695587158203,0,R1,2.7189444601535797,2.7189444601535797
0.0,nan,nan,0.7082469463348389,00000_001829_05,4.0,0.7614806890487671,0.06655506789684296,0.9554839134216309,coef_energy_material_checkpoint_lambdas,0.0,4.502206325531006,2.35089111328125,3,R1,2.067341536283493,1.821808010339737
0.0,nan,nan,0.05191650241613388,00000_001829_05,4.0,0.07813268154859543,0.05191650241613388,0.6767210960388184,coef_energy_material_checkpoint_lambdas,0.0,4.494759559631348,2.3359944820404053,6,R1,2.092411518096924,1.0130527019500732
0.0,nan,nan,0.07949763536453247,00000_001829_05,4.0,2.625203847885132,1.1023834943771362,0.9998519420623779,coef_energy_material_checkpoint_lambdas,0.0,4.4915361404418945,2.3646860122680664,9,R1,2.056382954120636,0.262014240026474
0.0,nan,nan,0.04492190480232239,00000_001829_05,2.0,0.997120201587677,0.9110355973243713,0.8997765779495239,coef_energy_material_checkpoint_lambdas,1.0,4.472095966339111,2.3694427013397217,39,R1,3.5081863701343536,3.9794976115226746
0.0,nan,nan,-1.6501264572143555,00000_001829_05,1.0,4.178402900695801,3.1199586391448975,0.9753042459487915,coef_energy_material_checkpoint_lambdas,0.0,4.407454490661621,2.3859190940856934,45,R1,4.0548297464847565,0.5375027656555176
0.0,nan,nan,-0.7868350744247437,00000_001829_05,3.0,3.8467161655426025,3.3233377933502197,0.6998066306114197,coef_energy_material_checkpoint_lambdas,0.0,4.434488296508789,2.3777291774749756,48,R1,3.393704414367676,2.1908222436904907
0.0,nan,nan,6.704484939575195,00000_001829_05,2.0,7.388284206390381,7.342096328735352,0.998591423034668,coef_energy_material_checkpoint_lambdas,0.0,4.443361282348633,2.378108024597168,51,R1,4.383471488952637,0.5627826452255249
0.0,nan,nan,8.00930404663086,00000_001829_05,1.0,8.009562492370605,8.00930404663086,0.9902961254119873,coef_energy_material_checkpoint_lambdas,0.0,4.442014217376709,2.3758349418640137,54,R1,4.378594696521759,0.5691991448402405
0.0,nan,nan,6.944273471832275,00000_001829_05,3.0,6.944278240203857,4.904539585113525,0.9988534450531006,coef_energy_material_checkpoint_lambdas,0.0,4.39705753326416,2.408371925354004,57,R1,4.388176143169403,0.5757388472557068
0.0,nan,nan,2.6564130783081055,00000_001829_05,10.0,2.793726921081543,0.8650890588760376,0.9979557394981384,coef_energy_material_checkpoint_lambdas,0.0,4.347115993499756,2.452815532684326,66,R1,4.400006651878357,4.400006651878357
0.0,nan,nan,9.856235919869505e-06,00000_001829_05,14.0,1.5765441276016645e-05,1.7312710269834497e-06,0.0,coef_energy_material_checkpoint_lambdas,0.0,4.3134965896606445,2.468247652053833,69,R1,4.400000095367432,4.400000095367432
0.0,nan,nan,-3.215467822559326e-11,00000_001829_05,16.0,4.882188056609671e-11,3.240626733971852e-12,0.0,coef_energy_material_checkpoint_lambdas,0.0,4.286952018737793,2.485163688659668,72,R1,4.400000095367432,4.400000095367432
0.0,nan,nan,-1.017712269882859e-16,00000_001829_05,16.0,1.5128499452373416e-16,7.187897602162229e-18,0.0,coef_energy_material_checkpoint_lambdas,0.0,4.3853278160095215,2.4234073162078857,75,R1,4.400000095367432,4.400000095367432
0.0,nan,nan,-2.3462225211462236e-20,00000_001829_05,16.0,3.31806054384601e-20,0.0,0.0,coef_energy_material_checkpoint_lambdas,0.0,4.619807720184326,2.3093583583831787,78,R1,4.400000095367432,4.400000095367432
0.0,nan,nan,7.6292829513549805,00000_001829_06,1.0,8.126764297485352,7.629283428192139,0.9674148559570312,coef_energy_material_checkpoint_lambdas,0.0,4.494480609893799,2.381404399871826,0,R1,4.198624849319458,0.34698036313056946
0.0,nan,nan,6.399264335632324,00000_001829_06,3.0,7.462913990020752,6.399264335632324,0.9949333667755127,coef_energy_material_checkpoint_lambdas,0.0,4.5000200271606445,2.3475723266601562,3,R1,2.069224625825882,1.2843207120895386
0.0,nan,nan,4.1862382888793945,00000_001829_06,3.0,4.624978065490723,4.623584270477295,0.9986182451248169,coef_energy_material_checkpoint_lambdas,0.0,4.499515056610107,2.3470988273620605,6,R1,2.0228351950645447,0.5214002728462219
0.0,nan,nan,6.671153545379639,00000_001829_06,1.0,6.925604820251465,6.032458305358887,0.954471230506897,coef_energy_material_checkpoint_lambdas,0.0,4.475819110870361,2.3792192935943604,9,R1,2.010245054960251,0.28149542212486267
0.0,nan,nan,7.242442607879639,00000_001829_06,1.0,7.598254680633545,5.294253349304199,0.9742499589920044,coef_energy_material_checkpoint_lambdas,0.0,4.473869800567627,2.370056390762329,36,R1,3.698592722415924,2.589071661233902
0.0,nan,nan,0.7950143814086914,00000_001829_06,1.0,0.8593392372131348,0.6473164558410645,0.9349976778030396,coef_energy_material_checkpoint_lambdas,0.0,4.452801704406738,2.3601250648498535,39,R1,3.398880898952484,1.1020485162734985
0.0,nan,nan,7.050691604614258,00000_001829_06,1.0,7.066941738128662,5.324275493621826,0.9211146235466003,coef_energy_material_checkpoint_lambdas,0.0,4.4420485496521,2.3750505447387695,45,R1,4.2819326519966125,1.6426331400871277
0.0,nan,nan,5.309048175811768,00000_001829_06,2.0,8.070411682128906,7.4452362060546875,0.9879871010780334,coef_energy_material_checkpoint_lambdas,0.0,4.450380802154541,2.3802642822265625,48,R1,3.9513424038887024,0.5850534439086914
0.0,nan,nan,4.957304000854492,00000_001829_06,3.0,7.039782524108887,4.998367786407471,0.9917998313903809,coef_energy_material_checkpoint_lambdas,0.0,4.425811290740967,2.387559413909912,51,R1,4.194596141576767,0.5832736492156982
0.0,nan,nan,4.156992435455322,00000_001829_06,3.0,4.824574947357178,4.813201427459717,0.9222261309623718,coef_energy_material_checkpoint_lambdas,0.0,4.446225643157959,2.3710079193115234,54,R1,4.37758731842041,0.55449378490448
0.0,nan,nan,2.008896827697754,00000_001829_06,1.0,2.008897542953491,0.0016487677348777652,0.9997656941413879,coef_energy_material_checkpoint_lambdas,0.0,4.426144599914551,2.3886475563049316,60,R1,4.402282118797302,4.402282118797302
0.0,nan,nan,3.987940549850464,00000_001829_06,3.0,3.9921982288360596,3.987940549850464,0.9991339445114136,coef_energy_material_checkpoint_lambdas,0.0,4.413005828857422,2.3934779167175293,63,R1,4.400156557559967,4.400659680366516
0.0,nan,nan,0.07411322742700577,00000_001829_06,6.0,0.08026424050331116,0.07419561594724655,0.7150285840034485,coef_energy_material_checkpoint_lambdas,0.0,4.523684501647949,2.3293850421905518,66,R1,4.400006651878357,4.400042474269867
0.0,nan,nan,7.634225368499756,00000_001829_07,1.0,8.13204574584961,7.634225845336914,0.9674161672592163,coef_energy_material_checkpoint_lambdas,0.0,4.497306823730469,2.383265733718872,0,R1,4.198624849319458,0.34698036313056946
0.0,nan,nan,6.387332439422607,00000_001829_07,3.0,7.448959827423096,6.387332439422607,0.9949342608451843,coef_energy_material_checkpoint_lambdas,0.0,4.491213798522949,2.3468990325927734,3,R1,2.069224625825882,1.2843207120895386
0.0,nan,nan,4.1837615966796875,00000_001829_07,3.0,4.622234344482422,4.620841026306152,0.998618483543396,coef_energy_material_checkpoint_lambdas,0.0,4.496548652648926,2.3487937450408936,6,R1,2.0228351950645447,0.5214002728462219
0.0,nan,nan,6.671955108642578,00000_001829_07,1.0,6.926319122314453,6.032873153686523,0.95445317029953,coef_energy_material_checkpoint_lambdas,0.0,4.477153778076172,2.37473464012146,9,R1,2.010245054960251,0.28149542212486267
0.0,nan,nan,7.247653007507324,00000_001829_07,1.0,7.603806018829346,5.298311710357666,0.9742420315742493,coef_energy_material_checkpoint_lambdas,0.0,4.477813243865967,2.3660824298858643,36,R1,3.698592722415924,2.589071661233902
0.0,nan,nan,0.7969921231269836,00000_001829_07,1.0,0.8614441156387329,0.648849368095398,0.9350306987762451,coef_energy_material_checkpoint_lambdas,0.0,4.462615966796875,2.366763114929199,39,R1,3.398880898952484,1.1020485162734985
0.0,nan,nan,5.419544219970703,00000_001829_07,2.0,6.766070365905762,6.696480751037598,0.9602115154266357,coef_energy_material_checkpoint_lambdas,0.0,4.429269313812256,2.379544973373413,45,R1,4.2050537168979645,2.6593871116638184
0.0,nan,nan,3.2487783432006836,00000_001829_07,2.0,4.201575756072998,3.924598217010498,0.9986489415168762,coef_energy_material_checkpoint_lambdas,0.0,4.442156791687012,2.375041961669922,48,R1,4.393801808357239,0.557901918888092
0.0,nan,nan,4.956957817077637,00000_001829_07,3.0,7.0392680168151855,4.997984886169434,0.9917992353439331,coef_energy_material_checkpoint_lambdas,0.0,4.425604820251465,2.3854053020477295,51,R1,4.194596141576767,0.5832736492156982
0.0,nan,nan,4.141672611236572,00000_001829_07,3.0,4.806262493133545,4.794993877410889,0.9222987294197083,coef_energy_material_checkpoint_lambdas,0.0,4.427363872528076,2.389941453933716,54,R1,4.37758731842041,0.55449378490448
0.0,nan,nan,6.160651683807373,00000_001829_07,5.0,6.887820243835449,4.870420932769775,1.0,coef_energy_material_checkpoint_lambdas,0.0,4.3605475425720215,2.4364075660705566,63,R1,4.400810241699219,4.400968492031097
0.0,nan,nan,0.0006723860860802233,00000_001829_07,13.0,0.0011182347079738975,0.0008935019141063094,0.5559435486793518,coef_energy_material_checkpoint_lambdas,0.0,4.532326698303223,2.322615146636963,66,R1,4.400000095367432,4.400000095367432
0.0,nan,nan,2.275261878967285,00000_001830_00,4.0,2.899122953414917,2.6245369911193848,0.10615553706884384,coef_energy_material_checkpoint_lambdas,0.0,4.492801189422607,2.3921165466308594,3,R1,3.5312130451202393,1.960138201713562
0.0,nan,nan,0.00701749324798584,00000_001830_00,3.0,2.0226426124572754,2.022630453109741,-0.9061770439147949,coef_energy_material_checkpoint_lambdas,0.0,4.487074851989746,2.385775566101074,6,R1,2.5975946485996246,2.5975946485996246
0.0,nan,nan,4.171433448791504,00000_001830_00,3.0,4.210978031158447,4.171433448791504,0.06463635712862015,coef_energy_material_checkpoint_lambdas,0.0,4.496435165405273,2.352623462677002,9,R1,2.226116180419922,1.7737008333206177
0.0,nan,nan,0.02934233658015728,00000_001830_00,3.0,0.04775162413716316,0.043092403560876846,0.9143415093421936,coef_energy_material_checkpoint_lambdas,0.0,4.477760314941406,2.350874423980713,12,R1,2.078608423471451,1.0133835971355438
0.0,nan,nan,0.563357412815094,00000_001830_00,3.0,1.8976267576217651,0.8829767107963562,0.9700818657875061,coef_energy_material_checkpoint_lambdas,0.0,4.4816999435424805,2.350761651992798,15,R1,2.0411364138126373,0.260692834854126
0.0,nan,nan,4.274155616760254,00000_001830_00,1.0,8.690113067626953,8.372502326965332,0.9968279600143433,coef_energy_material_checkpoint_lambdas,0.0,4.472667694091797,2.3517298698425293,33,R1,3.3552165031433105,0.3908039331436157
0.0,nan,nan,-0.4145965576171875,00000_001830_00,1.0,2.865396738052368,2.8352439403533936,0.9413554072380066,coef_energy_material_checkpoint_lambdas,0.0,4.477346420288086,2.358177661895752,42,R1,3.9248233437538147,3.9248233437538147
0.0,nan,nan,-0.3200664222240448,00000_001830_00,1.0,1.1062233448028564,0.8039787411689758,0.9988176226615906,coef_energy_material_checkpoint_lambdas,0.0,4.470643520355225,2.370957374572754,45,R1,3.678736388683319,4.082872688770294
0.0,nan,nan,-0.061713606119155884,00000_001830_00,2.0,1.3875195980072021,1.3861464262008667,0.999994158744812,coef_energy_material_checkpoint_lambdas,0.0,4.468240261077881,2.3877410888671875,51,R1,3.9248233437538147,1.077222466468811
0.0,nan,nan,8.126208305358887,00000_001830_00,2.0,8.339664459228516,7.1163458824157715,0.8135923743247986,coef_energy_material_checkpoint_lambdas,0.0,4.40485143661499,2.475274085998535,60,R1,4.187259614467621,3.4948002696037292
0.0,nan,nan,2.4494287967681885,00000_001830_00,4.0,2.455461025238037,2.378126382827759,0.9452143907546997,coef_energy_material_checkpoint_lambdas,0.0,4.430809020996094,2.454955816268921,63,R1,4.059805393218994,1.591218113899231
0.0,nan,nan,4.29600715637207,00000_001830_00,1.0,6.071636199951172,6.071634769439697,0.9999468326568604,coef_energy_material_checkpoint_lambdas,0.0,4.471874237060547,2.3980207443237305,69,R1,4.405387997627258,0.5638486742973328
0.0,nan,nan,4.037811279296875,00000_001830_01,4.0,4.480635643005371,4.4801106452941895,0.961949348449707,coef_energy_material_checkpoint_lambdas,0.0,4.473842144012451,2.319370985031128,0,R1,2.0628294944763184,0.8460752964019775
0.0,nan,nan,8.469880104064941,00000_001830_01,2.0,8.481831550598145,7.892899036407471,0.9643744826316833,coef_energy_material_checkpoint_lambdas,0.0,4.467257976531982,2.3122220039367676,3,R1,2.4564468264579773,0.32088392972946167
0.0,nan,nan,8.029948234558105,00000_001830_01,1.0,8.441825866699219,8.029948234558105,0.9998493790626526,coef_energy_material_checkpoint_lambdas,0.0,4.475222587585449,2.3147690296173096,6,R1,2.0712133944034576,0.2921556532382965
0.0,nan,nan,4.272934913635254,00000_001830_01,1.0,8.687591552734375,8.370079040527344,0.9968283176422119,coef_energy_material_checkpoint_lambdas,0.0,4.471223831176758,2.351963996887207,24,R1,3.3552165031433105,0.3908039331436157
0.0,nan,nan,-0.41455477476119995,00000_001830_01,1.0,2.867558002471924,2.8374342918395996,0.9413132667541504,coef_energy_material_checkpoint_lambdas,0.0,4.482285976409912,2.352961540222168,33,R1,3.9248233437538147,3.9248233437538147
0.0,nan,nan,-0.31979089975357056,00000_001830_01,1.0,1.1050729751586914,0.8031015396118164,0.9988202452659607,coef_energy_material_checkpoint_lambdas,0.0,4.461023807525635,2.372220993041992,36,R1,3.678736388683319,4.082872688770294
0.0,nan,nan,-0.061668649315834045,00000_001830_01,2.0,1.3864846229553223,1.3851125240325928,0.9999942779541016,coef_energy_material_checkpoint_lambdas,0.0,4.463895797729492,2.387585401535034,42,R1,3.9248233437538147,1.077222466468811
0.0,nan,nan,2.0699777603149414,00000_001830_01,2.0,2.9152908325195312,2.052830457687378,0.991543710231781,coef_energy_material_checkpoint_lambdas,0.0,4.456747531890869,2.4005026817321777,51,R1,4.160018354654312,4.160018354654312
0.0,nan,nan,0.12971962988376617,00000_001830_01,4.0,0.13123337924480438,0.019875042140483856,0.9999745488166809,coef_energy_material_checkpoint_lambdas,0.0,4.447352409362793,2.4101295471191406,54,R1,4.142097622156143,4.142097622156143
0.0,nan,nan,0.19475114345550537,00000_001830_01,2.0,0.19891759753227234,0.050871580839157104,0.9668485522270203,coef_energy_material_checkpoint_lambdas,0.0,4.446928977966309,2.407310962677002,57,R1,4.297558516263962,4.22385048866272
0.0,nan,nan,-0.08647679537534714,00000_001830_01,4.0,0.1510426104068756,0.14943689107894897,-0.7919499278068542,coef_energy_material_checkpoint_lambdas,0.0,4.4288010597229,2.4268300533294678,60,R1,4.112082421779633,2.6170986890792847
0.0,nan,nan,0.19942894577980042,00000_001830_01,3.0,0.37962430715560913,0.3230212330818176,0.6005721092224121,coef_energy_material_checkpoint_lambdas,0.0,4.431950569152832,2.4296607971191406,63,R1,4.142097622156143,1.0392086505889893
0.0,nan,nan,6.1327433586120605,00000_001830_01,3.0,6.912578105926514,6.911700248718262,0.7662565112113953,coef_energy_material_checkpoint_lambdas,0.0,4.401805877685547,2.4435081481933594,66,R1,4.39989173412323,0.5561468601226807
0.0,nan,nan,3.838935375213623,00000_001830_01,4.0,4.136999607086182,4.123190402984619,0.9973710775375366,coef_energy_material_checkpoint_lambdas,0.0,4.547974586486816,2.3290135860443115,69,R1,4.396245002746582,1.1138712763786316
0.0,nan,nan,7.938808917999268,00000_001830_02,3.0,8.756346702575684,6.015329837799072,0.6917198300361633,coef_energy_material_checkpoint_lambdas,0.0,4.477463245391846,2.4042744636535645,0,R2,3.5286875665187836,1.3124563097953796
0.0,nan,nan,7.781861782073975,00000_001830_02,1.0,7.788150310516357,7.781862258911133,0.35153523087501526,coef_energy_material_checkpoint_lambdas,0.0,4.501806735992432,2.3630270957946777,3,R2,4.062496334314346,0.2981589436531067
0.0,nan,nan,2.0347509384155273,00000_001830_02,3.0,3.000288248062134,2.2048850059509277,0.9979536533355713,coef_energy_material_checkpoint_lambdas,0.0,4.495867729187012,2.348972797393799,6,R2,2.017908990383148,2.017908990383148
0.0,nan,nan,2.638826370239258,00000_001830_02,3.0,2.666682243347168,2.188314199447632,0.9691227078437805,coef_energy_material_checkpoint_lambdas,0.0,4.486708164215088,2.362330913543701,9,R2,2.027174562215805,2.075098216533661
0.0,nan,nan,-0.3180809020996094,00000_001830_02,1.0,0.6109808087348938,0.32433071732521057,0.7084311246871948,coef_energy_material_checkpoint_lambdas,0.0,4.480324745178223,2.3807902336120605,12,R2,2.011772722005844,1.3144812285900116
0.0,nan,nan,0.6551517248153687,00000_001830_02,1.0,2.564548969268799,2.4794530868530273,0.37445351481437683,coef_energy_material_checkpoint_lambdas,0.0,4.474403381347656,2.3653810024261475,36,R2,3.91664856672287,3.91664856672287
0.0,nan,nan,2.8104710578918457,00000_001830_02,3.0,3.2951390743255615,2.795502185821533,0.8808698654174805,coef_energy_material_checkpoint_lambdas,1.0,4.479128837585449,2.3642332553863525,39,R2,3.3434042930603027,3.971448838710785
0.0,nan,nan,0.4689185619354248,00000_001830_02,2.0,4.024278163909912,3.9968650341033936,0.9637938141822815,coef_energy_material_checkpoint_lambdas,0.0,4.477010250091553,2.3752286434173584,45,R2,3.91664856672287,1.6122400164604187
0.0,nan,nan,4.0072197914123535,00000_001830_02,1.0,6.415309906005859,5.009829521179199,0.43106189370155334,coef_energy_material_checkpoint_lambdas,0.0,4.456797122955322,2.3710596561431885,48,R2,3.971448838710785,0.5388080477714539
0.0,nan,nan,-0.09212090820074081,00000_001830_02,3.0,0.17452223598957062,0.09212090820074081,0.9751452803611755,coef_energy_material_checkpoint_lambdas,0.0,4.446001052856445,2.3780570030212402,54,R2,4.227552026510239,2.219998598098755
0.0,nan,nan,0.023166924715042114,00000_001830_02,2.0,0.6231294274330139,0.2188926637172699,0.9998586773872375,coef_energy_material_checkpoint_lambdas,0.0,4.413051605224609,2.40393328666687,57,R2,4.249492287635803,0.5572624802589417
0.0,nan,nan,7.878326416015625,00000_001830_02,1.0,7.878422260284424,7.878326892852783,0.9967283010482788,coef_energy_material_checkpoint_lambdas,0.0,4.355172157287598,2.4327855110168457,60,R2,4.361036717891693,0.5660542845726013
0.0,nan,nan,0.4696865677833557,00000_001830_02,4.0,3.344388008117676,2.673520565032959,0.9764187932014465,coef_energy_material_checkpoint_lambdas,0.0,4.344557762145996,2.4419686794281006,63,R2,4.313957750797272,0.5558432936668396
0.0,nan,nan,-1.8407928943634033,00000_001830_02,6.0,4.119495868682861,2.9141106605529785,0.9990752339363098,coef_energy_material_checkpoint_lambdas,0.0,4.35515832901001,2.443469285964966,66,R2,4.383362114429474,4.400302827358246
0.0,nan,nan,0.1727822721004486,00000_001830_02,9.0,0.6704714894294739,0.6692200899124146,0.9982349872589111,coef_energy_material_checkpoint_lambdas,0.0,4.3333210945129395,2.4598357677459717,69,R2,4.34849888086319,4.400029182434082
0.0,nan,nan,-0.0004824441275559366,00000_001830_02,14.0,0.0007842360064387321,0.00043399244896136224,0.0,coef_energy_material_checkpoint_lambdas,0.0,4.315553665161133,2.471383571624756,72,R2,4.399674773216248,4.400000095367432
0.0,nan,nan,-3.5822198540813588e-09,00000_001830_02,15.0,7.998398388053829e-09,7.1513692745384105e-09,0.0,coef_energy_material_checkpoint_lambdas,0.0,4.471736907958984,2.359821319580078,75,R2,4.400000095367432,4.400000095367432
0.0,nan,nan,-3.458116779042619e-11,00000_001830_02,16.0,5.2506127917739676e-11,3.4851759065507304e-12,0.0,coef_energy_material_checkpoint_lambdas,0.0,4.6104583740234375,2.304245948791504,78,R2,4.400000095367432,4.400000095367432
0.0,nan,nan,3.734863758087158,00000_001830_03,3.0,8.028824806213379,7.666522979736328,-0.11524945497512817,coef_energy_material_checkpoint_lambdas,0.0,4.493984222412109,2.344790458679199,3,R2,4.20112007856369,0.3653394281864166
0.0,nan,nan,0.8939095735549927,00000_001830_03,5.0,0.8947698473930359,0.43485406041145325,0.8409571051597595,coef_energy_material_checkpoint_lambdas,0.0,4.4960479736328125,2.3445613384246826,6,R2,2.036845624446869,2.074659138917923
0.0,nan,nan,0.10896532237529755,00000_001830_03,4.0,0.11329075694084167,0.09897447377443314,0.9975395202636719,coef_energy_material_checkpoint_lambdas,0.0,4.495602607727051,2.339214324951172,9,R2,2.0090740025043488,1.2776277959346771
0.0,nan,nan,2.8141770362854004,00000_001830_03,2.0,2.85914945602417,2.3470938205718994,0.998576819896698,coef_energy_material_checkpoint_lambdas,0.0,4.491404056549072,2.3378183841705322,12,R2,2.4469277560710907,0.5227154493331909
0.0,nan,nan,4.095400810241699,00000_001830_03,1.0,7.331210613250732,6.080653190612793,0.23490896821022034,coef_energy_material_checkpoint_lambdas,0.0,4.484923362731934,2.3536274433135986,39,R2,3.8628850877285004,3.8628850877285004
0.0,nan,nan,2.1602630615234375,00000_001830_03,3.0,4.459758281707764,4.455821990966797,0.8397625684738159,coef_energy_material_checkpoint_lambdas,1.0,4.472883224487305,2.36676025390625,42,R2,3.3066059052944183,3.9284571409225464
0.0,nan,nan,0.3334139585494995,00000_001830_03,1.0,0.46825242042541504,0.44317591190338135,0.9963388442993164,coef_energy_material_checkpoint_lambdas,0.0,4.477123260498047,2.3656394481658936,45,R2,3.490202695131302,3.6717538237571716
0.0,nan,nan,1.3442085981369019,00000_001830_03,1.0,3.088367223739624,2.7804882526397705,0.9731749892234802,coef_energy_material_checkpoint_lambdas,0.0,4.463555335998535,2.3811001777648926,48,R2,3.8628850877285004,2.1505207419395447
0.0,nan,nan,0.8254335522651672,00000_001830_03,2.0,0.9689050912857056,0.5073819756507874,-0.2894784212112427,coef_energy_material_checkpoint_lambdas,0.0,4.471424579620361,2.3814728260040283,51,R2,3.9284571409225464,0.5412558317184448
0.0,nan,nan,0.5271798372268677,00000_001830_03,2.0,0.6841378808021545,0.43603450059890747,0.3889058828353882,coef_energy_material_checkpoint_lambdas,0.0,4.449748992919922,2.4059011936187744,60,R2,4.159400850534439,4.159400850534439
0.0,nan,nan,0.26396995782852173,00000_001830_03,5.0,0.26412689685821533,0.009103457443416119,0.9999999403953552,coef_energy_material_checkpoint_lambdas,0.0,4.449874401092529,2.4070792198181152,63,R2,4.131214112043381,4.131214112043381
0.0,nan,nan,0.427072137594223,00000_001830_03,2.0,0.43148091435432434,0.24602089822292328,0.8258630633354187,coef_energy_material_checkpoint_lambdas,0.0,4.430663108825684,2.418673515319824,66,R2,4.254084289073944,3.7092577815055847
0.0,nan,nan,-0.08919762074947357,00000_001830_03,3.0,0.1004529744386673,0.04620157182216644,0.9998657703399658,coef_energy_material_checkpoint_lambdas,0.0,4.559647083282471,2.327834367752075,69,R2,4.159400850534439,2.0713492035865784
0.0,nan,nan,3.734863758087158,00000_001830_04,3.0,8.028824806213379,7.666522979736328,-0.11524945497512817,coef_energy_material_checkpoint_lambdas,0.0,4.493984222412109,2.344790458679199,3,R2,4.20112007856369,0.3653394281864166
0.0,nan,nan,0.8939095735549927,00000_001830_04,5.0,0.8947698473930359,0.43485406041145325,0.8409571051597595,coef_energy_material_checkpoint_lambdas,0.0,4.4960479736328125,2.3445613384246826,6,R2,2.036845624446869,2.074659138917923
0.0,nan,nan,0.10896532237529755,00000_001830_04,4.0,0.11329075694084167,0.09897447377443314,0.9975395202636719,coef_energy_material_checkpoint_lambdas,0.0,4.495602607727051,2.339214324951172,9,R2,2.0090740025043488,1.2776277959346771
0.0,nan,nan,2.8141770362854004,00000_001830_04,2.0,2.85914945602417,2.3470938205718994,0.998576819896698,coef_energy_material_checkpoint_lambdas,0.0,4.491404056549072,2.3378183841705322,12,R2,2.4469277560710907,0.5227154493331909
0.0,nan,nan,4.0932817459106445,00000_001830_04,1.0,7.328569412231445,6.078895568847656,0.23501183092594147,coef_energy_material_checkpoint_lambdas,0.0,4.4831929206848145,2.3557894229888916,39,R2,3.8628850877285004,3.8628850877285004
0.0,nan,nan,2.1591131687164307,00000_001830_04,3.0,4.457250118255615,4.453312873840332,0.839771568775177,coef_energy_material_checkpoint_lambdas,1.0,4.47025203704834,2.3663687705993652,42,R2,3.3066059052944183,3.9284571409225464
0.0,nan,nan,0.3312150835990906,00000_001830_04,1.0,0.4652981162071228,0.4404235780239105,0.9963138699531555,coef_energy_material_checkpoint_lambdas,0.0,4.46399450302124,2.350071430206299,45,R2,3.490202695131302,3.6717538237571716
0.0,nan,nan,1.3425188064575195,00000_001830_04,1.0,3.0836963653564453,1.013707160949707,0.9731467366218567,coef_energy_material_checkpoint_lambdas,0.0,4.459134578704834,2.363480806350708,48,R2,3.8628850877285004,0.5599706768989563
0.0,nan,nan,5.243560791015625,00000_001830_04,1.0,6.639564514160156,4.072945594787598,0.9995244145393372,coef_energy_material_checkpoint_lambdas,0.0,4.465478897094727,2.3880467414855957,51,R2,4.328555405139923,4.328555405139923
0.0,nan,nan,0.020003844052553177,00000_001830_04,2.0,0.14556513726711273,0.1379081755876541,0.9486425518989563,coef_energy_material_checkpoint_lambdas,1.0,4.459111213684082,2.382267475128174,54,R2,4.17138671875,4.377303421497345
0.0,nan,nan,-0.25014084577560425,00000_001830_04,3.0,0.3665340542793274,0.36631858348846436,-0.16774657368659973,coef_energy_material_checkpoint_lambdas,1.0,4.45739221572876,2.3774030208587646,57,R2,4.201359510421753,4.373493432998657
0.0,nan,nan,0.1271972954273224,00000_001830_04,4.0,0.36131224036216736,0.2276126593351364,0.9592401385307312,coef_energy_material_checkpoint_lambdas,0.0,4.422940731048584,2.392934560775757,60,R2,4.185819625854492,1.697999894618988
0.0,nan,nan,6.966323375701904,00000_001830_04,2.0,6.966339111328125,4.936354637145996,0.9981827139854431,coef_energy_material_checkpoint_lambdas,0.0,4.366783618927002,2.4306206703186035,63,R2,4.184867560863495,0.5835415720939636
0.0,nan,nan,0.054940447211265564,00000_001830_04,3.0,3.647523880004883,2.6177451610565186,0.9938054084777832,coef_energy_material_checkpoint_lambdas,0.0,4.344956398010254,2.4386050701141357,66,R2,4.318872570991516,1.6575230956077576
0.0,nan,nan,7.0287017822265625,00000_001830_04,5.0,7.18454122543335,7.13864803314209,0.9899030923843384,coef_energy_material_checkpoint_lambdas,0.0,4.375534534454346,2.419496536254883,69,R2,4.381215751171112,4.401938617229462
0.0,nan,nan,1.301265001296997,00000_001830_04,7.0,2.7180705070495605,1.5524636507034302,0.9861266016960144,coef_energy_material_checkpoint_lambdas,0.0,4.378731727600098,2.42435884475708,72,R2,4.395706355571747,0.5558792352676392
0.0,nan,nan,6.196308612823486,00000_001830_04,5.0,6.9276838302612305,6.9276838302612305,1.0,coef_energy_material_checkpoint_lambdas,0.0,4.387101173400879,2.420944929122925,75,R2,4.400810241699219,0.5558789372444153
0.0,nan,nan,0.6856541633605957,00000_001830_04,12.0,0.6869334578514099,0.45520082116127014,0.9982304573059082,coef_energy_material_checkpoint_lambdas,0.0,4.44485330581665,2.3772361278533936,78,R2,4.40000057220459,4.400003373622894
0.0,nan,nan,0.00032695679692551494,00000_001830_04,14.0,0.00035242593730799854,0.00013154193584341556,0.0,coef_energy_material_checkpoint_lambdas,0.0,4.564737319946289,2.3024096488952637,81,R2,4.400000095367432,4.400000095367432
0.0,nan,nan,7.049487590789795,00000_001830_05,1.0,7.063661098480225,4.668487071990967,0.9399468898773193,coef_energy_material_checkpoint_lambdas,0.0,4.472552299499512,2.4130442142486572,0,R2,4.201323926448822,0.38375723361968994
0.0,nan,nan,7.0631232261657715,00000_001830_05,1.0,7.075985431671143,4.692837715148926,0.35543009638786316,coef_energy_material_checkpoint_lambdas,0.0,4.496063709259033,2.3675413131713867,3,R2,2.258021891117096,2.038738250732422
0.0,nan,nan,0.029396649450063705,00000_001830_05,3.0,0.04782898351550102,0.043165914714336395,0.9142688512802124,coef_energy_material_checkpoint_lambdas,0.0,4.486833095550537,2.3484442234039307,6,R2,2.078608423471451,1.0133835971355438
0.0,nan,nan,0.563834011554718,00000_001830_05,3.0,1.8996555805206299,0.8840371370315552,0.9700985550880432,coef_energy_material_checkpoint_lambdas,0.0,4.485250473022461,2.3632187843322754,9,R2,2.0411364138126373,0.260692834854126
0.0,nan,nan,4.277071952819824,00000_001830_05,1.0,8.696173667907715,8.378321647644043,0.9968273043632507,coef_energy_material_checkpoint_lambdas,0.0,4.476264953613281,2.350388526916504,27,R2,3.3552165031433105,0.3908039331436157
0.0,nan,nan,-0.4150344133377075,00000_001830_05,1.0,2.869060754776001,2.8388829231262207,0.9413444995880127,coef_energy_material_checkpoint_lambdas,0.0,4.483478546142578,2.3593716621398926,36,R2,3.9248233437538147,3.9248233437538147
0.0,nan,nan,-0.3201753795146942,00000_001830_05,1.0,1.1064693927764893,0.8041303753852844,0.9988193511962891,coef_energy_material_checkpoint_lambdas,0.0,4.468353271484375,2.373948574066162,39,R2,3.678736388683319,4.082872688770294
0.0,nan,nan,-0.0616755411028862,00000_001830_05,2.0,1.3866604566574097,1.3852882385253906,0.9999942183494568,coef_energy_material_checkpoint_lambdas,0.0,4.46534538269043,2.386470317840576,45,R2,3.9248233437538147,1.077222466468811
0.0,nan,nan,5.75148868560791,00000_001830_05,2.0,7.275293827056885,7.2173357009887695,0.8982078433036804,coef_energy_material_checkpoint_lambdas,0.0,4.379520893096924,2.4925146102905273,54,R2,4.239081025123596,3.4800826013088226
0.0,nan,nan,0.47835683822631836,00000_001830_05,4.0,0.490876168012619,0.4189750850200653,0.2545752227306366,coef_energy_material_checkpoint_lambdas,0.0,4.369597434997559,2.5009167194366455,57,R2,4.098036587238312,1.4752439856529236
0.0,nan,nan,0.012659087777137756,00000_001830_05,1.0,0.02548319660127163,0.019003326073288918,1.0,coef_energy_material_checkpoint_lambdas,0.0,4.375879764556885,2.506204128265381,63,R2,4.403325855731964,0.556433916091919
0.0,nan,nan,7.830982208251953,00000_001830_05,1.0,7.830982685089111,7.830982208251953,0.9999631643295288,coef_energy_material_checkpoint_lambdas,0.0,4.44507360458374,2.4448611736297607,69,R2,4.40545916557312,0.5597072839736938
0.0,nan,nan,5.485062122344971,00000_001830_05,4.0,5.743624210357666,5.083371639251709,0.9751739501953125,coef_energy_material_checkpoint_lambdas,0.0,4.536077499389648,2.359494686126709,72,R2,4.40121191740036,0.5836459994316101
0.0,nan,nan,6.326024532318115,00000_001830_05,5.0,8.55422306060791,7.463113307952881,0.9966678619384766,coef_energy_material_checkpoint_lambdas,0.0,4.5976972579956055,2.3146238327026367,75,R2,4.401355445384979,0.5885880589485168
0.0,nan,nan,4.040046215057373,00000_001830_06,4.0,4.483108043670654,4.4825825691223145,0.9619483947753906,coef_energy_material_checkpoint_lambdas,0.0,4.476366996765137,2.3193912506103516,0,R1,2.0628294944763184,0.8460752964019775
0.0,nan,nan,8.472881317138672,00000_001830_06,2.0,8.484844207763672,7.895648956298828,0.9643698930740356,coef_energy_material_checkpoint_lambdas,0.0,4.469125747680664,2.3117692470550537,3,R1,2.4564468264579773,0.32088392972946167
0.0,nan,nan,8.030045509338379,00000_001830_06,1.0,8.441908836364746,8.030046463012695,0.9998493790626526,coef_energy_material_checkpoint_lambdas,0.0,4.47709321975708,2.3102574348449707,6,R1,2.0712133944034576,0.2921556532382965
0.0,nan,nan,4.280030250549316,00000_001830_06,1.0,8.702306747436523,8.384212493896484,0.9968265891075134,coef_energy_material_checkpoint_lambdas,0.0,4.479850769042969,2.349370241165161,24,R1,3.3552165031433105,0.3908039331436157
0.0,nan,nan,-0.4146525263786316,00000_001830_06,1.0,2.86564564704895,2.835487127304077,0.9413577914237976,coef_energy_material_checkpoint_lambdas,0.0,4.477647304534912,2.3587758541107178,33,R1,3.9248233437538147,3.9248233437538147
0.0,nan,nan,-0.3200586140155792,00000_001830_06,1.0,1.1061623096466064,0.8039273023605347,0.9988181591033936,coef_energy_material_checkpoint_lambdas,0.0,4.469541072845459,2.3714683055877686,36,R1,3.678736388683319,4.082872688770294
0.0,nan,nan,-0.061704669147729874,00000_001830_06,2.0,1.3873291015625,1.3859561681747437,0.999994158744812,coef_energy_material_checkpoint_lambdas,0.0,4.468066215515137,2.3867077827453613,42,R1,3.9248233437538147,1.077222466468811
0.0,nan,nan,5.750657558441162,00000_001830_06,2.0,7.274177551269531,7.216217994689941,0.8982129693031311,coef_energy_material_checkpoint_lambdas,0.0,4.378746032714844,2.493894100189209,51,R1,4.239081025123596,3.4800826013088226
0.0,nan,nan,0.4811818301677704,00000_001830_06,4.0,0.49355241656303406,0.4217644929885864,0.2526721656322479,coef_energy_material_checkpoint_lambdas,0.0,4.395687103271484,2.4827561378479004,54,R1,4.098036587238312,1.4752439856529236
0.0,nan,nan,4.29600715637207,00000_001830_06,1.0,6.071636199951172,6.071634769439697,0.9999468326568604,coef_energy_material_checkpoint_lambdas,0.0,4.471874237060547,2.3980207443237305,60,R1,4.405387997627258,0.5638486742973328
0.0,nan,nan,4.171045303344727,00000_001830_07,3.0,4.210432529449463,4.171045303344727,0.06437260657548904,coef_energy_material_checkpoint_lambdas,0.0,4.495929718017578,2.3478140830993652,0,R1,2.226116180419922,1.7737008333206177
0.0,nan,nan,0.029371436685323715,00000_001830_07,3.0,0.04779473692178726,0.043132733553647995,0.914313554763794,coef_energy_material_checkpoint_lambdas,0.0,4.482503414154053,2.3505945205688477,3,R1,2.078608423471451,1.0133835971355438
0.0,nan,nan,0.5632350444793701,00000_001830_07,3.0,1.8977376222610474,0.8831722140312195,0.9701026082038879,coef_energy_material_checkpoint_lambdas,0.0,4.480426788330078,2.36319899559021,6,R1,2.0411364138126373,0.260692834854126
0.0,nan,nan,4.278974533081055,00000_001830_07,1.0,8.700421333312988,8.382356643676758,0.9968253374099731,coef_energy_material_checkpoint_lambdas,0.0,4.479830741882324,2.342928886413574,24,R1,3.3552165031433105,0.3908039331436157
0.0,nan,nan,-0.4164756238460541,00000_001830_07,1.0,2.8572871685028076,2.8267717361450195,0.9417191743850708,coef_energy_material_checkpoint_lambdas,0.0,4.451223373413086,2.4117307662963867,33,R1,3.9248233437538147,3.9248233437538147
0.0,nan,nan,-0.32026976346969604,00000_001830_07,2.0,0.3903421461582184,0.06867665797472,0.9979131817817688,coef_energy_material_checkpoint_lambdas,0.0,4.408824920654297,2.4440791606903076,36,R1,3.3875994086265564,1.6612417995929718
0.0,nan,nan,5.182762145996094,00000_001830_07,1.0,6.718692302703857,5.182762622833252,-0.11903649568557739,coef_energy_material_checkpoint_lambdas,0.0,4.430070877075195,2.441301107406616,39,R1,3.7712066769599915,0.334156334400177
0.0,nan,nan,3.303736686706543,00000_001830_07,1.0,3.752645492553711,3.594600200653076,0.9616951942443848,coef_energy_material_checkpoint_lambdas,0.0,4.50344705581665,2.379976511001587,48,R1,4.408696293830872,0.5749514698982239
0.0,nan,nan,7.321555137634277,00000_001830_07,2.0,8.584729194641113,8.553213119506836,0.9965224862098694,coef_energy_material_checkpoint_lambdas,0.0,4.47912073135376,2.4132080078125,51,R1,4.403908669948578,0.6003627777099609
0.0,nan,nan,7.28836727142334,00000_001830_07,4.0,7.447565078735352,5.833942890167236,0.9842683672904968,coef_energy_material_checkpoint_lambdas,0.0,4.5170087814331055,2.3906846046447754,54,R1,4.400504291057587,3.3272945284843445
0.0,nan,nan,0.30189502239227295,00000_001830_07,7.0,0.3996801972389221,0.30189502239227295,0.9985310435295105,coef_energy_material_checkpoint_lambdas,0.0,4.597663402557373,2.303424119949341,57,R1,4.400000095367432,4.403143465518951
0.0,nan,nan,7.310823917388916,00000_001831_00,1.0,7.660009860992432,7.310824394226074,0.9975022673606873,coef_energy_material_checkpoint_lambdas,0.0,4.4689507484436035,2.418052911758423,0,R2,4.279005348682404,0.484188437461853
0.0,nan,nan,7.214671611785889,00000_001831_00,3.0,7.516899585723877,7.214672088623047,0.2402387410402298,coef_energy_material_checkpoint_lambdas,0.0,4.498024940490723,2.381556510925293,3,R2,4.223764657974243,0.354282408952713
0.0,nan,nan,6.35747766494751,00000_001831_00,1.0,7.47312068939209,6.35747766494751,0.9906371235847473,coef_energy_material_checkpoint_lambdas,0.0,4.510488986968994,2.3451292514801025,6,R2,2.0998583137989044,2.0540833175182343
0.0,nan,nan,2.342538595199585,00000_001831_00,3.0,2.3756232261657715,2.271921396255493,0.9938984513282776,coef_energy_material_checkpoint_lambdas,0.0,4.497730731964111,2.360653877258301,9,R2,2.0419840216636658,1.295700341463089
0.0,nan,nan,0.44372040033340454,00000_001831_00,1.0,0.4920309782028198,0.4881860613822937,0.9705877900123596,coef_energy_material_checkpoint_lambdas,0.0,4.494093418121338,2.3618991374969482,12,R2,2.0478674173355103,0.278720498085022
0.0,nan,nan,0.38418829441070557,00000_001831_00,1.0,4.715918064117432,4.70024299621582,0.7860198616981506,coef_energy_material_checkpoint_lambdas,0.0,4.486095905303955,2.3562467098236084,33,R2,3.5644815266132355,3.5644815266132355
0.0,nan,nan,-0.5857442617416382,00000_001831_00,1.0,4.422580242156982,4.383619785308838,0.42030227184295654,coef_energy_material_checkpoint_lambdas,0.0,4.48425817489624,2.3564422130584717,36,R2,3.8678418695926666,3.8678418695926666
0.0,nan,nan,0.5188784599304199,00000_001831_00,3.0,0.6249352693557739,0.5435738563537598,0.9871840476989746,coef_energy_material_checkpoint_lambdas,1.0,4.476558208465576,2.364515781402588,39,R2,3.3239435255527496,3.945084720849991
0.0,nan,nan,0.588702917098999,00000_001831_00,3.0,0.6627556681632996,0.5355610251426697,0.9999701380729675,coef_energy_material_checkpoint_lambdas,1.0,4.472623825073242,2.369521379470825,42,R2,3.3587360084056854,4.19107973575592
0.0,nan,nan,0.563886821269989,00000_001831_00,2.0,4.610365390777588,4.575751304626465,0.9769570231437683,coef_energy_material_checkpoint_lambdas,1.0,4.473751068115234,2.37857723236084,45,R2,3.8678418695926666,4.18825563788414
0.0,nan,nan,-0.05281364172697067,00000_001831_00,4.0,0.2152688205242157,0.20868968963623047,1.0000001192092896,coef_energy_material_checkpoint_lambdas,1.0,4.4689483642578125,2.369088888168335,48,R2,3.945084720849991,4.230209976434708
0.0,nan,nan,0.17469757795333862,00000_001831_00,3.0,4.634518623352051,4.631224632263184,0.7590100169181824,coef_energy_material_checkpoint_lambdas,1.0,4.442457675933838,2.373697519302368,51,R2,4.19107973575592,4.3651556968688965
0.0,nan,nan,0.05531870201230049,00000_001831_00,2.0,0.25026604533195496,0.1334713250398636,-0.14463570713996887,coef_energy_material_checkpoint_lambdas,0.0,4.395478248596191,2.4096546173095703,54,R2,4.331706941127777,2.760174036026001
0.0,nan,nan,2.8492236137390137,00000_001831_00,4.0,2.8492929935455322,0.8821502327919006,0.9980860352516174,coef_energy_material_checkpoint_lambdas,0.0,4.435754299163818,2.3879737854003906,57,R2,4.221766799688339,0.5597075819969177
0.0,nan,nan,1.0242913961410522,00000_001831_00,3.0,3.888319492340088,3.7509806156158447,0.9999749660491943,coef_energy_material_checkpoint_lambdas,0.0,4.438461780548096,2.417757511138916,63,R2,4.32819527387619,4.32819527387619
0.0,nan,nan,0.09939419478178024,00000_001831_00,7.0,0.09940275549888611,0.045617442578077316,0.999580979347229,coef_energy_material_checkpoint_lambdas,0.0,4.431512355804443,2.4259724617004395,66,R2,4.302229583263397,4.331716358661652
0.0,nan,nan,-0.11448060721158981,00000_001831_00,8.0,0.1312353014945984,0.12632013857364655,-0.48371419310569763,coef_energy_material_checkpoint_lambdas,0.0,4.407736778259277,2.447425603866577,69,R2,4.3870901465415955,4.395752906799316
0.0,nan,nan,0.000721524003893137,00000_001831_00,12.0,0.0007472573197446764,0.00019441370386630297,0.8071722388267517,coef_energy_material_checkpoint_lambdas,0.0,4.435937404632568,2.4127626419067383,72,R2,4.32819527387619,4.400000095367432
0.0,nan,nan,-1.2321698932282743e-06,00000_001831_00,12.0,1.4816945395068615e-06,8.229069976550818e-07,0.0,coef_energy_material_checkpoint_lambdas,0.0,4.575006484985352,2.305607557296753,75,R2,4.331716358661652,4.400000095367432
0.0,nan,nan,7.107007026672363,00000_001831_01,1.0,7.116931438446045,4.759742259979248,0.9596633911132812,coef_energy_material_checkpoint_lambdas,0.0,4.481655120849609,2.401280164718628,0,R2,4.199469804763794,0.3845711052417755
0.0,nan,nan,6.559633731842041,00000_001831_01,2.0,7.149117946624756,7.138420581817627,0.4908688962459564,coef_energy_material_checkpoint_lambdas,0.0,4.506280422210693,2.3476061820983887,3,R2,2.0746362805366516,0.2677983343601227
0.0,nan,nan,2.6254148483276367,00000_001831_01,4.0,2.650106906890869,2.6254148483276367,0.9933935403823853,coef_energy_material_checkpoint_lambdas,0.0,4.498961925506592,2.345033645629883,6,R2,2.011856108903885,1.5473703742027283
0.0,nan,nan,1.462895154953003,00000_001831_01,2.0,1.5123331546783447,1.3056141138076782,0.9961844086647034,coef_energy_material_checkpoint_lambdas,0.0,4.491025924682617,2.375831365585327,9,R2,2.025573194026947,0.7879176437854767
0.0,nan,nan,1.1049573421478271,00000_001831_01,1.0,4.271205902099609,4.125805377960205,0.982191801071167,coef_energy_material_checkpoint_lambdas,0.0,4.489634990692139,2.3499724864959717,30,R2,3.5968103110790253,3.5968103110790253
0.0,nan,nan,-0.0958343893289566,00000_001831_01,1.0,2.923196792602539,2.9216256141662598,0.8618932366371155,coef_energy_material_checkpoint_lambdas,0.0,4.479649543762207,2.356369972229004,33,R2,3.728224366903305,3.728224366903305
0.0,nan,nan,0.35555675625801086,00000_001831_01,2.0,0.6737964153289795,0.6709324717521667,0.867973268032074,coef_energy_material_checkpoint_lambdas,1.0,4.487596035003662,2.352912664413452,36,R2,3.2970795333385468,3.934239536523819
0.0,nan,nan,-0.24131786823272705,00000_001831_01,3.0,0.6552799344062805,0.6092270016670227,0.9998716115951538,coef_energy_material_checkpoint_lambdas,1.0,4.472919464111328,2.3684840202331543,39,R2,3.5968103110790253,4.112210005521774
0.0,nan,nan,1.5311890840530396,00000_001831_01,2.0,3.1265857219696045,2.7259857654571533,0.9264637231826782,coef_energy_material_checkpoint_lambdas,1.0,4.475786209106445,2.372988700866699,42,R2,3.728224366903305,4.1865971982479095
0.0,nan,nan,-0.8160232901573181,00000_001831_01,4.0,2.2589361667633057,2.1063947677612305,0.9624848365783691,coef_energy_material_checkpoint_lambdas,1.0,4.469480991363525,2.371128797531128,45,R2,3.934239536523819,4.2139483988285065
0.0,nan,nan,0.2985650897026062,00000_001831_01,4.0,4.258388042449951,4.247908592224121,0.7563844919204712,coef_energy_material_checkpoint_lambdas,1.0,4.441908836364746,2.375262498855591,48,R2,4.112210005521774,4.316565006971359
0.0,nan,nan,-0.1036035418510437,00000_001831_01,2.0,0.42382556200027466,0.3638567626476288,0.23366679251194,coef_energy_material_checkpoint_lambdas,0.0,4.411342144012451,2.398906707763672,51,R2,4.3487343192100525,3.8573394417762756
0.0,nan,nan,0.23418845236301422,00000_001831_01,3.0,0.2345135509967804,0.06234634667634964,0.9952619075775146,coef_energy_material_checkpoint_lambdas,0.0,4.404144763946533,2.3997154235839844,54,R2,4.170364439487457,1.657990276813507
0.0,nan,nan,6.159911155700684,00000_001831_01,1.0,7.092923164367676,7.082172870635986,0.9828413128852844,coef_energy_material_checkpoint_lambdas,0.0,4.412447452545166,2.407392740249634,60,R2,4.4053730964660645,0.5657182335853577
0.0,nan,nan,4.919272422790527,00000_001831_01,5.0,6.956800937652588,4.9192728996276855,0.9999998211860657,coef_energy_material_checkpoint_lambdas,0.0,4.381289482116699,2.424323797225952,63,R2,4.308847546577454,4.400997698307037
0.0,nan,nan,-0.0002021528489422053,00000_001831_01,13.0,0.001120121218264103,0.0008950104238465428,0.5568814277648926,coef_energy_material_checkpoint_lambdas,0.0,4.540072441101074,2.3166918754577637,66,R2,4.39943790435791,4.400000095367432
0.0,nan,nan,7.300907135009766,00000_001831_02,1.0,7.649590969085693,7.300907135009766,0.9975030422210693,coef_energy_material_checkpoint_lambdas,0.0,4.462133407592773,2.418842077255249,0,R2,4.279005348682404,0.484188437461853
0.0,nan,nan,7.214100360870361,00000_001831_02,3.0,7.516326904296875,7.214100360870361,0.2402287721633911,coef_energy_material_checkpoint_lambdas,0.0,4.49769401550293,2.3808200359344482,3,R2,4.223764657974243,0.354282408952713
0.0,nan,nan,6.350980758666992,00000_001831_02,1.0,7.465543270111084,6.350980758666992,0.9906388521194458,coef_energy_material_checkpoint_lambdas,0.0,4.5054931640625,2.3468151092529297,6,R2,2.0998583137989044,2.0540833175182343
0.0,nan,nan,2.342712879180908,00000_001831_02,3.0,2.3757991790771484,2.2720885276794434,0.993898332118988,coef_energy_material_checkpoint_lambdas,0.0,4.498133182525635,2.360124111175537,9,R2,2.0419840216636658,1.295700341463089
0.0,nan,nan,0.4434542655944824,00000_001831_02,1.0,0.49172013998031616,0.48788172006607056,0.9705716371536255,coef_energy_material_checkpoint_lambdas,0.0,4.492465019226074,2.359151840209961,12,R2,2.0478674173355103,0.278720498085022
0.0,nan,nan,0.3838239014148712,00000_001831_02,1.0,4.717401504516602,4.701760768890381,0.7859560251235962,coef_energy_material_checkpoint_lambdas,0.0,4.488095760345459,2.352914333343506,33,R2,3.5644815266132355,3.5644815266132355
0.0,nan,nan,-0.5852997303009033,00000_001831_02,1.0,4.424781322479248,4.385899543762207,0.42014992237091064,coef_energy_material_checkpoint_lambdas,0.0,4.486838340759277,2.354653835296631,36,R2,3.8678418695926666,3.8678418695926666
0.0,nan,nan,0.5170652270317078,00000_001831_02,3.0,0.6229735612869263,0.5420306324958801,0.9870992302894592,coef_energy_material_checkpoint_lambdas,1.0,4.477160453796387,2.3534317016601562,39,R2,3.3239435255527496,3.945084720849991
0.0,nan,nan,0.5834498405456543,00000_001831_02,3.0,0.656857430934906,0.5308125615119934,0.9999697804450989,coef_energy_material_checkpoint_lambdas,1.0,4.459197998046875,2.347709894180298,42,R2,3.3587360084056854,4.19107973575592
0.0,nan,nan,6.4148640632629395,00000_001831_02,2.0,6.984676837921143,5.21187686920166,0.9401107430458069,coef_energy_material_checkpoint_lambdas,0.0,4.465688705444336,2.3773751258850098,48,R2,4.229243695735931,1.6735753417015076
0.0,nan,nan,0.9258308410644531,00000_001831_02,3.0,2.9147448539733887,2.6089608669281006,0.9530364274978638,coef_energy_material_checkpoint_lambdas,0.0,4.457503318786621,2.393141031265259,51,R2,4.164910316467285,3.856042444705963
0.0,nan,nan,0.007258451543748379,00000_001831_02,4.0,0.020850567147135735,0.02072889357805252,0.8137146830558777,coef_energy_material_checkpoint_lambdas,0.0,4.4436259269714355,2.375727891921997,54,R2,4.234557509422302,2.2063757181167603
0.0,nan,nan,2.8406622409820557,00000_001831_02,4.0,2.840731143951416,0.8795108199119568,0.9980862736701965,coef_energy_material_checkpoint_lambdas,0.0,4.422130107879639,2.395993709564209,57,R2,4.221766799688339,0.5597075819969177
0.0,nan,nan,7.841526031494141,00000_001831_02,1.0,8.153898239135742,7.12538480758667,0.9999829530715942,coef_energy_material_checkpoint_lambdas,0.0,4.378440856933594,2.425204038619995,63,R2,4.398473918437958,0.5822409391403198
0.0,nan,nan,0.8764399290084839,00000_001831_02,8.0,2.829780101776123,0.8764399290084839,0.9977504014968872,coef_energy_material_checkpoint_lambdas,0.0,4.40095329284668,2.406165361404419,66,R2,4.38721889257431,4.400006651878357
0.0,nan,nan,-0.00010381362517364323,00000_001831_02,13.0,0.00015155441360548139,0.00011041499237762764,0.005107608158141375,coef_energy_material_checkpoint_lambdas,0.0,4.408935546875,2.4112417697906494,69,R2,4.317104876041412,4.400000095367432
0.0,nan,nan,-1.8005290769451676e-07,00000_001831_02,13.0,2.3662884984787524e-07,1.535387923468079e-07,0.0,coef_energy_material_checkpoint_lambdas,0.0,4.41005277633667,2.4092633724212646,72,R2,4.399453639984131,4.400000095367432
0.0,nan,nan,-7.814565661234951e-10,00000_001831_02,16.0,3.476561927229227e-09,3.3875962035523344e-09,0.0,coef_energy_material_checkpoint_lambdas,0.0,4.462359428405762,2.3709042072296143,75,R2,4.400000095367432,4.400000095367432
0.0,nan,nan,-6.91799326157927e-11,00000_001831_02,16.0,1.423173384695886e-10,3.902659445609302e-11,0.0,coef_energy_material_checkpoint_lambdas,0.0,4.582728385925293,2.31371808052063,78,R2,4.400000095367432,4.400000095367432
0.0,nan,nan,7.310332298278809,00000_001831_03,1.0,7.659506320953369,7.310332298278809,0.9975020289421082,coef_energy_material_checkpoint_lambdas,0.0,4.468960285186768,2.4162185192108154,0,R2,4.279005348682404,0.484188437461853
0.0,nan,nan,7.215648651123047,00000_001831_03,3.0,7.517905235290527,7.215648651123047,0.24024417996406555,coef_energy_material_checkpoint_lambdas,0.0,4.498620510101318,2.3821756839752197,3,R2,4.223764657974243,0.354282408952713
0.0,nan,nan,6.3466033935546875,00000_001831_03,1.0,7.46039342880249,6.3466033935546875,0.9906386733055115,coef_energy_material_checkpoint_lambdas,0.0,4.502414703369141,2.3449134826660156,6,R2,2.0998583137989044,2.0540833175182343
0.0,nan,nan,2.3441214561462402,00000_001831_03,3.0,2.3772244453430176,2.2734451293945312,0.9938973188400269,coef_energy_material_checkpoint_lambdas,0.0,4.501198768615723,2.3577980995178223,9,R2,2.0419840216636658,1.295700341463089
0.0,nan,nan,0.44319701194763184,00000_001831_03,1.0,0.4914510250091553,0.48761051893234253,0.9705883860588074,coef_energy_material_checkpoint_lambdas,0.0,4.488761901855469,2.3591508865356445,12,R2,2.0478674173355103,0.278720498085022
0.0,nan,nan,0.3836316466331482,00000_001831_03,1.0,4.718947410583496,4.703327655792236,0.7859143018722534,coef_energy_material_checkpoint_lambdas,0.0,4.489952087402344,2.351015567779541,33,R2,3.5644815266132355,3.5644815266132355
0.0,nan,nan,-0.5855109691619873,00000_001831_03,1.0,4.419992923736572,4.381040573120117,0.4203249216079712,coef_energy_material_checkpoint_lambdas,0.0,4.481583118438721,2.355503559112549,36,R2,3.8678418695926666,3.8678418695926666
0.0,nan,nan,0.5188585519790649,00000_001831_03,3.0,0.6249752044677734,0.543655514717102,0.9871598482131958,coef_energy_material_checkpoint_lambdas,1.0,4.48106050491333,2.3636136054992676,39,R2,3.3239435255527496,3.945084720849991
0.0,nan,nan,0.5880646109580994,00000_001831_03,3.0,0.6620404124259949,0.5349869132041931,0.999970018863678,coef_energy_material_checkpoint_lambdas,1.0,4.473534107208252,2.366806983947754,42,R2,3.3587360084056854,4.19107973575592
0.0,nan,nan,0.56402188539505,00000_001831_03,2.0,4.611396789550781,4.5767741203308105,0.9769566655158997,coef_energy_material_checkpoint_lambdas,1.0,4.474792003631592,2.378722906112671,45,R2,3.8678418695926666,4.18825563788414
0.0,nan,nan,-0.05309738591313362,00000_001831_03,4.0,0.21642537415027618,0.20981088280677795,0.9999998807907104,coef_energy_material_checkpoint_lambdas,1.0,4.48214864730835,2.381816864013672,48,R2,3.945084720849991,4.230209976434708
0.0,nan,nan,0.17599178850650787,00000_001831_03,3.0,4.659015655517578,4.6556901931762695,0.7590618133544922,coef_energy_material_checkpoint_lambdas,1.0,4.465525150299072,2.391282558441162,51,R2,4.19107973575592,4.3651556968688965
0.0,nan,nan,-1.2854413986206055,00000_001831_03,2.0,2.8769419193267822,2.5737979412078857,0.8689744472503662,coef_energy_material_checkpoint_lambdas,0.0,4.462477684020996,2.397481679916382,54,R2,4.18825563788414,4.287355601787567
0.0,nan,nan,-0.004695194773375988,00000_001831_03,4.0,0.004806417040526867,0.0010280029382556677,0.5197232961654663,coef_energy_material_checkpoint_lambdas,0.0,4.518149375915527,2.3524558544158936,57,R2,4.230209976434708,4.280316591262817
0.0,nan,nan,0.15176159143447876,00000_001831_03,5.0,0.15218953788280487,0.11537627875804901,0.9973104000091553,coef_energy_material_checkpoint_lambdas,0.0,4.601426124572754,2.2895607948303223,60,R2,4.311585426330566,4.336213529109955
0.0,nan,nan,4.169671535491943,00000_001831_04,4.0,4.209601402282715,4.169671535491943,0.06263238191604614,coef_energy_material_checkpoint_lambdas,0.0,4.496438503265381,2.351560115814209,0,R2,2.2414413690567017,1.5264942646026611
0.0,nan,nan,0.12640830874443054,00000_001831_04,3.0,0.12918296456336975,0.12497247755527496,0.7413086295127869,coef_energy_material_checkpoint_lambdas,0.0,4.490174770355225,2.3497209548950195,3,R2,2.0803025364875793,0.7660008370876312
0.0,nan,nan,1.4199821949005127,00000_001831_04,2.0,6.131934642791748,4.700451374053955,0.9963480234146118,coef_energy_material_checkpoint_lambdas,0.0,4.486618995666504,2.361151695251465,6,R2,2.0862569212913513,0.27841249108314514
0.0,nan,nan,1.104313611984253,00000_001831_04,1.0,4.269094467163086,4.123791694641113,0.9821962714195251,coef_energy_material_checkpoint_lambdas,0.0,4.486860752105713,2.353410243988037,27,R2,3.5968103110790253,3.5968103110790253
0.0,nan,nan,-0.0957954153418541,00000_001831_04,1.0,2.9251246452331543,2.923555612564087,0.8618754148483276,coef_energy_material_checkpoint_lambdas,0.0,4.482869625091553,2.3554115295410156,30,R2,3.728224366903305,3.728224366903305
0.0,nan,nan,0.35542598366737366,00000_001831_04,2.0,0.6742011308670044,0.671372652053833,0.8682716488838196,coef_energy_material_checkpoint_lambdas,1.0,4.48557186126709,2.359341621398926,33,R2,3.2970795333385468,3.934239536523819
0.0,nan,nan,-0.24134984612464905,00000_001831_04,3.0,0.6553764939308167,0.6093181371688843,0.9998717308044434,coef_energy_material_checkpoint_lambdas,1.0,4.471941947937012,2.3688676357269287,36,R2,3.5968103110790253,4.112210005521774
0.0,nan,nan,1.532373070716858,00000_001831_04,2.0,3.129117965698242,2.7282252311706543,0.9264559745788574,coef_energy_material_checkpoint_lambdas,1.0,4.47963809967041,2.3737051486968994,39,R2,3.728224366903305,4.1865971982479095
0.0,nan,nan,-0.8164964318275452,00000_001831_04,4.0,2.261329174041748,2.1087775230407715,0.9625351428985596,coef_energy_material_checkpoint_lambdas,1.0,4.471270561218262,2.383274555206299,42,R2,3.934239536523819,4.2139483988285065
0.0,nan,nan,0.29976046085357666,00000_001831_04,4.0,4.278135299682617,4.26762056350708,0.7564135193824768,coef_energy_material_checkpoint_lambdas,1.0,4.462278366088867,2.390353202819824,45,R2,4.112210005521774,4.316565006971359
0.0,nan,nan,-0.47356271743774414,00000_001831_04,3.0,4.454771041870117,4.429528713226318,0.5842990875244141,coef_energy_material_checkpoint_lambdas,1.0,4.469669818878174,2.3957679271698,48,R2,4.1865971982479095,4.316539466381073
0.0,nan,nan,-0.04591405764222145,00000_001831_04,3.0,0.06157389655709267,0.04102735593914986,0.16710467636585236,coef_energy_material_checkpoint_lambdas,0.0,4.451020240783691,2.4032740592956543,51,R2,4.2139483988285065,4.280291140079498
0.0,nan,nan,0.10599693655967712,00000_001831_04,5.0,0.1062665730714798,0.0075653186067938805,0.9979515075683594,coef_energy_material_checkpoint_lambdas,0.0,4.45152473449707,2.406717538833618,54,R2,4.286404132843018,4.286404132843018
0.0,nan,nan,0.1598004251718521,00000_001831_04,4.0,0.1598004400730133,6.231601582840085e-05,0.9999999403953552,coef_energy_material_checkpoint_lambdas,0.0,4.442017555236816,2.410358428955078,57,R2,4.316539466381073,4.3797972202301025
0.0,nan,nan,0.004639465361833572,00000_001831_04,4.0,0.005082056857645512,0.0020742868073284626,0.7562882900238037,coef_energy_material_checkpoint_lambdas,1.0,4.429172039031982,2.4265553951263428,60,R2,4.280291140079498,4.387865722179413
0.0,nan,nan,0.2434493899345398,00000_001831_04,4.0,0.2604997158050537,0.09269574284553528,-0.08356186002492905,coef_energy_material_checkpoint_lambdas,1.0,4.427300453186035,2.433755397796631,63,R2,4.286404132843018,4.3926679491996765
0.0,nan,nan,-0.6525290608406067,00000_001831_04,6.0,4.2542724609375,4.2039313316345215,0.795281708240509,coef_energy_material_checkpoint_lambdas,0.0,4.402143478393555,2.4419541358947754,66,R2,4.3797972202301025,4.400882661342621
0.0,nan,nan,-0.028092283755540848,00000_001831_04,6.0,0.40554842352867126,0.40457427501678467,0.9970555305480957,coef_energy_material_checkpoint_lambdas,0.0,4.549337863922119,2.327178955078125,69,R2,4.387865722179413,4.409950017929077
0.0,nan,nan,3.6880226135253906,00000_001831_05,3.0,7.926063060760498,7.568721294403076,-0.5872470140457153,coef_energy_material_checkpoint_lambdas,0.0,4.501035213470459,2.348862648010254,3,R2,4.170728027820587,0.3643651604652405
0.0,nan,nan,0.7290706634521484,00000_001831_05,4.0,0.8653058409690857,0.1859779953956604,0.6280572414398193,coef_energy_material_checkpoint_lambdas,0.0,4.50576114654541,2.348233699798584,6,R2,2.1335373520851135,2.093410849571228
0.0,nan,nan,0.046745289117097855,00000_001831_05,3.0,0.11001259833574295,0.08634709566831589,0.9999901652336121,coef_energy_material_checkpoint_lambdas,0.0,4.507972240447998,2.3384528160095215,9,R2,3.0402447283267975,1.287484586238861
0.0,nan,nan,0.43830859661102295,00000_001831_05,2.0,0.5678701400756836,0.05462520569562912,0.9401870369911194,coef_energy_material_checkpoint_lambdas,0.0,4.506019115447998,2.3396925926208496,12,R2,2.449437975883484,0.5333684980869293
0.0,nan,nan,0.38397297263145447,00000_001831_05,1.0,4.713501930236816,4.697836399078369,0.7860174775123596,coef_energy_material_checkpoint_lambdas,0.0,4.483819961547852,2.354884386062622,36,R2,3.5644815266132355,3.5644815266132355
0.0,nan,nan,-0.5862963795661926,00000_001831_05,1.0,4.423499584197998,4.384472846984863,0.4203912913799286,coef_energy_material_checkpoint_lambdas,0.0,4.484985828399658,2.358663320541382,39,R2,3.8678418695926666,3.8678418695926666
0.0,nan,nan,0.5185001492500305,00000_001831_05,3.0,0.6245089769363403,0.5432245135307312,0.9871729016304016,coef_energy_material_checkpoint_lambdas,1.0,4.47543478012085,2.3624203205108643,42,R2,3.3239435255527496,3.945084720849991
0.0,nan,nan,0.5894545912742615,00000_001831_05,3.0,0.6635963320732117,0.5362340211868286,0.9999702572822571,coef_energy_material_checkpoint_lambdas,1.0,4.468946933746338,2.372783660888672,45,R2,3.3587360084056854,4.19107973575592
0.0,nan,nan,0.5641824007034302,00000_001831_05,2.0,4.612728595733643,4.57809591293335,0.9769567251205444,coef_energy_material_checkpoint_lambdas,1.0,4.476073741912842,2.379509925842285,48,R2,3.8678418695926666,4.18825563788414
0.0,nan,nan,-0.052718717604875565,00000_001831_05,4.0,0.21488191187381744,0.20831459760665894,1.0,coef_energy_material_checkpoint_lambdas,1.0,4.465114593505859,2.364830732345581,51,R2,3.945084720849991,4.230209976434708
0.0,nan,nan,0.1756107360124588,00000_001831_05,3.0,4.610208511352539,4.606862545013428,0.7592685222625732,coef_energy_material_checkpoint_lambdas,1.0,4.41710901260376,2.3861050605773926,54,R2,4.19107973575592,4.3651556968688965
0.0,nan,nan,-0.015858864411711693,00000_001831_05,2.0,0.01673373579978943,0.013356420211493969,0.8564831018447876,coef_energy_material_checkpoint_lambdas,0.0,4.370972633361816,2.4227283000946045,57,R2,4.3705432415008545,2.7571981549263
0.0,nan,nan,3.5416207313537598,00000_001831_05,3.0,3.7365822792053223,2.250035524368286,0.9961599111557007,coef_energy_material_checkpoint_lambdas,0.0,4.46146297454834,2.3603780269622803,60,R2,4.252506285905838,0.5563854575157166
0.0,nan,nan,0.0806080549955368,00000_001831_06,5.0,0.08776925504207611,0.0347244031727314,0.9992678165435791,coef_energy_material_checkpoint_lambdas,0.0,4.491398334503174,2.359670877456665,0,R2,2.7239789962768555,2.7239789962768555
0.0,nan,nan,1.9311044216156006,00000_001831_06,5.0,2.4379284381866455,2.392714262008667,-0.36700788140296936,coef_energy_material_checkpoint_lambdas,0.0,4.495471000671387,2.3507373332977295,3,R2,2.254899501800537,1.8273856341838837
0.0,nan,nan,0.5305386185646057,00000_001831_06,4.0,0.6012291312217712,0.5305386185646057,0.7795090675354004,coef_energy_material_checkpoint_lambdas,0.0,4.4931960105896,2.3489537239074707,6,R2,2.0513814091682434,1.0160821080207825
0.0,nan,nan,0.56781405210495,00000_001831_06,3.0,1.9231232404708862,0.8977234363555908,0.9751908183097839,coef_energy_material_checkpoint_lambdas,0.0,4.482408046722412,2.3586301803588867,9,R2,2.0635629892349243,0.26311251521110535
0.0,nan,nan,3.603212833404541,00000_001831_06,1.0,7.212541103363037,6.2480082511901855,0.7193944454193115,coef_energy_material_checkpoint_lambdas,0.0,4.4830756187438965,2.3487327098846436,30,R2,3.5745054483413696,3.5745054483413696
0.0,nan,nan,0.9238151907920837,00000_001831_06,1.0,4.662228584289551,4.5697855949401855,0.7057622671127319,coef_energy_material_checkpoint_lambdas,0.0,4.489532947540283,2.35229229927063,33,R2,3.5915867686271667,3.5915867686271667
0.0,nan,nan,0.5109573602676392,00000_001831_06,1.0,2.718653917312622,2.670206308364868,0.18551698327064514,coef_energy_material_checkpoint_lambdas,0.0,4.479802131652832,2.361572027206421,36,R2,3.9262671768665314,3.9262671768665314
0.0,nan,nan,0.756240725517273,00000_001831_06,4.0,0.8058419823646545,0.5871689915657043,0.9998517036437988,coef_energy_material_checkpoint_lambdas,1.0,4.478713035583496,2.3640315532684326,39,R2,3.4284833669662476,4.002795696258545
0.0,nan,nan,0.9439558982849121,00000_001831_06,2.0,1.2095028162002563,0.7562039494514465,0.9856094121932983,coef_energy_material_checkpoint_lambdas,1.0,4.4693474769592285,2.3756213188171387,42,R2,3.5915867686271667,4.197992295026779
0.0,nan,nan,-0.4756615459918976,00000_001831_06,3.0,4.509894847869873,4.484740734100342,0.9930508732795715,coef_energy_material_checkpoint_lambdas,1.0,4.482452392578125,2.3776588439941406,45,R2,3.9262671768665314,4.199351340532303
0.0,nan,nan,0.6198110580444336,00000_001831_06,4.0,1.8619617223739624,1.7557721138000488,-0.47629567980766296,coef_energy_material_checkpoint_lambdas,1.0,4.473702907562256,2.388759136199951,48,R2,4.002795696258545,4.26068988442421
0.0,nan,nan,0.26247256994247437,00000_001831_06,2.0,4.632211685180664,4.624769687652588,0.5693236589431763,coef_energy_material_checkpoint_lambdas,1.0,4.4642109870910645,2.3938491344451904,51,R2,4.197992295026779,4.36054801940918
0.0,nan,nan,-0.4592375159263611,00000_001831_06,2.0,0.6918037533760071,0.5173909068107605,0.9998365640640259,coef_energy_material_checkpoint_lambdas,0.0,4.459095001220703,2.4066057205200195,54,R2,4.199351340532303,4.2807987332344055
0.0,nan,nan,-0.023381533101201057,00000_001831_06,4.0,0.02361207827925682,0.00329153286293149,0.9988847970962524,coef_energy_material_checkpoint_lambdas,0.0,4.456173896789551,2.414731502532959,57,R2,4.26068988442421,4.28079080581665
0.0,nan,nan,0.14855146408081055,00000_001831_06,3.0,0.1669715791940689,0.1669623702764511,0.9999859929084778,coef_energy_material_checkpoint_lambdas,0.0,4.445531845092773,2.4067745208740234,60,R2,4.330812335014343,4.336190581321716
0.0,nan,nan,0.20410622656345367,00000_001831_06,3.0,0.4201914370059967,0.41979268193244934,0.5586563944816589,coef_energy_material_checkpoint_lambdas,0.0,4.432880878448486,2.4230945110321045,63,R2,4.284057915210724,2.707957148551941
0.0,nan,nan,0.3484659790992737,00000_001831_06,4.0,0.46488451957702637,0.30771589279174805,-0.9684010744094849,coef_energy_material_checkpoint_lambdas,0.0,4.420886993408203,2.45052433013916,66,R2,4.3273497223854065,1.0620852708816528
0.0,nan,nan,5.8557562828063965,00000_001831_06,2.0,8.064737319946289,7.717471599578857,0.8623235821723938,coef_energy_material_checkpoint_lambdas,0.0,4.377293586730957,2.484889268875122,69,R2,4.397472441196442,0.5616614818572998
0.0,nan,nan,4.169671535491943,00000_001831_07,4.0,4.209601402282715,4.169671535491943,0.06263238191604614,coef_energy_material_checkpoint_lambdas,0.0,4.496438503265381,2.351560115814209,0,R2,2.2414413690567017,1.5264942646026611
0.0,nan,nan,0.1263057440519333,00000_001831_07,3.0,0.1290891021490097,0.12489482760429382,0.7415787577629089,coef_energy_material_checkpoint_lambdas,0.0,4.484917163848877,2.363560199737549,3,R2,2.0803025364875793,0.7660008370876312
0.0,nan,nan,1.416229486465454,00000_001831_07,2.0,6.1170806884765625,4.689271450042725,0.99635249376297,coef_energy_material_checkpoint_lambdas,0.0,4.473006248474121,2.377192974090576,6,R2,2.0862569212913513,0.27841249108314514
0.0,nan,nan,1.1052391529083252,00000_001831_07,1.0,4.271534442901611,4.126070022583008,0.9821829199790955,coef_energy_material_checkpoint_lambdas,0.0,4.491099834442139,2.3408687114715576,27,R2,3.5968103110790253,3.5968103110790253
0.0,nan,nan,-0.09582703560590744,00000_001831_07,1.0,2.924386501312256,2.922816038131714,0.861885130405426,coef_energy_material_checkpoint_lambdas,0.0,4.481592655181885,2.356189012527466,30,R2,3.728224366903305,3.728224366903305
0.0,nan,nan,0.35561877489089966,00000_001831_07,2.0,0.6745101809501648,0.6716772317886353,0.8682458400726318,coef_energy_material_checkpoint_lambdas,1.0,4.488038063049316,2.3599886894226074,33,R2,3.2970795333385468,3.934239536523819
0.0,nan,nan,-0.24134273827075958,00000_001831_07,3.0,0.6553414463996887,0.6092832684516907,0.999871551990509,coef_energy_material_checkpoint_lambdas,1.0,4.474358558654785,2.3686845302581787,36,R2,3.5968103110790253,4.112210005521774
0.0,nan,nan,1.5308374166488647,00000_001831_07,2.0,3.126011848449707,2.725525140762329,0.9264538884162903,coef_energy_material_checkpoint_lambdas,1.0,4.475250720977783,2.371034860610962,39,R2,3.728224366903305,4.1865971982479095
0.0,nan,nan,-0.8169354200363159,00000_001831_07,4.0,2.2622928619384766,2.1096410751342773,0.9625234007835388,coef_energy_material_checkpoint_lambdas,1.0,4.473861217498779,2.382049322128296,42,R2,3.934239536523819,4.2139483988285065
0.0,nan,nan,0.30037933588027954,00000_001831_07,4.0,4.283122539520264,4.272576808929443,0.7563722729682922,coef_energy_material_checkpoint_lambdas,1.0,4.467806339263916,2.387333869934082,45,R2,4.112210005521774,4.316565006971359
0.0,nan,nan,-0.4732503294944763,00000_001831_07,3.0,4.452289581298828,4.427066326141357,0.5843080282211304,coef_energy_material_checkpoint_lambdas,1.0,4.46714448928833,2.395371198654175,48,R2,4.1865971982479095,4.316539466381073
0.0,nan,nan,-0.04627075046300888,00000_001831_07,3.0,0.062131576240062714,0.04146505147218704,0.16569681465625763,coef_energy_material_checkpoint_lambdas,0.0,4.492415904998779,2.3634371757507324,51,R2,4.2139483988285065,4.280291140079498
0.0,nan,nan,0.10142754018306732,00000_001831_07,5.0,0.10172063857316971,0.007716445252299309,0.9976412653923035,coef_energy_material_checkpoint_lambdas,0.0,4.572117328643799,2.3082354068756104,54,R2,4.286404132843018,4.286404132843018
0.0,nan,nan,-0.0005749897100031376,00000_001832_00,5.0,0.008998497389256954,0.005943316034972668,-0.35714301466941833,coef_energy_material_checkpoint_lambdas,1.0,4.503570556640625,2.3733022212982178,0,R2,3.716336041688919,3.912403792142868
0.0,nan,nan,0.011469974182546139,00000_001832_00,5.0,0.013002511113882065,0.006124129518866539,0.9998401999473572,coef_energy_material_checkpoint_lambdas,0.0,4.491660118103027,2.3642845153808594,3,R2,3.025322675704956,3.025322675704956
0.0,nan,nan,0.3954603672027588,00000_001832_00,4.0,0.3995263874530792,0.31983494758605957,0.3661769926548004,coef_energy_material_checkpoint_lambdas,0.0,4.490540504455566,2.363773822784424,6,R2,2.3543641269207,2.2215876281261444
0.0,nan,nan,1.2463421821594238,00000_001832_00,2.0,4.499369144439697,4.424261569976807,0.5013085007667542,coef_energy_material_checkpoint_lambdas,0.0,4.483165264129639,2.357095718383789,9,R2,3.774674743413925,1.2679243385791779
0.0,nan,nan,0.15282200276851654,00000_001832_00,4.0,0.29395046830177307,0.024391841143369675,0.9454239010810852,coef_energy_material_checkpoint_lambdas,0.0,4.487301349639893,2.352379560470581,12,R2,2.069870889186859,0.5157062411308289
0.0,nan,nan,4.875489711761475,00000_001832_00,1.0,7.050762176513672,7.049077987670898,0.6590544581413269,coef_energy_material_checkpoint_lambdas,0.0,4.48965311050415,2.346057415008545,33,R2,3.781621754169464,0.39479124546051025
0.0,nan,nan,-0.5360246896743774,00000_001832_00,1.0,4.4891204833984375,4.457003116607666,0.9525774121284485,coef_energy_material_checkpoint_lambdas,0.0,4.491182804107666,2.351268768310547,36,R2,3.6040522158145905,3.6040522158145905
0.0,nan,nan,0.10472486168146133,00000_001832_00,1.0,4.42197847366333,4.420738220214844,0.9089279174804688,coef_energy_material_checkpoint_lambdas,0.0,4.488733291625977,2.358647108078003,39,R2,3.6869101524353027,3.6869101524353027
0.0,nan,nan,-0.19677497446537018,00000_001832_00,2.0,0.3669709265232086,0.1890515685081482,0.9982403516769409,coef_energy_material_checkpoint_lambdas,1.0,4.4779438972473145,2.360743761062622,42,R2,3.3109635412693024,3.942036420106888
0.0,nan,nan,-0.3362966775894165,00000_001832_00,3.0,0.5670585036277771,0.45657408237457275,0.9999958276748657,coef_energy_material_checkpoint_lambdas,1.0,4.477588653564453,2.3696937561035156,45,R2,3.6040522158145905,4.120329290628433
0.0,nan,nan,1.6137397289276123,00000_001832_00,2.0,3.290297508239746,2.8673858642578125,0.9674839973449707,coef_energy_material_checkpoint_lambdas,1.0,4.4726128578186035,2.37514066696167,48,R2,3.6869101524353027,4.300273835659027
0.0,nan,nan,-0.11485299468040466,00000_001832_00,3.0,0.18035179376602173,0.1390523612499237,0.460008442401886,coef_energy_material_checkpoint_lambdas,1.0,4.482131481170654,2.3817708492279053,51,R2,3.942036420106888,4.3155837059021
0.0,nan,nan,-0.15676729381084442,00000_001832_00,2.0,4.260216236114502,4.257330894470215,0.4565293788909912,coef_energy_material_checkpoint_lambdas,1.0,4.465289115905762,2.376051187515259,54,R2,4.120329290628433,4.341628670692444
0.0,nan,nan,0.11196721345186234,00000_001832_00,2.0,2.8347585201263428,2.8325462341308594,0.5692687034606934,coef_energy_material_checkpoint_lambdas,1.0,4.465217590332031,2.374119281768799,57,R2,4.300273835659027,4.401144206523895
0.0,nan,nan,0.007172510027885437,00000_001832_00,2.0,0.0072423131205141544,0.004362434148788452,0.8546903133392334,coef_energy_material_checkpoint_lambdas,0.0,4.435222625732422,2.390336513519287,60,R2,4.27924382686615,1.6789951920509338
0.0,nan,nan,6.91687536239624,00000_001832_00,2.0,6.91687536239624,4.890987396240234,1.0,coef_energy_material_checkpoint_lambdas,0.0,4.379714012145996,2.428361415863037,63,R2,4.291393220424652,0.5763508677482605
0.0,nan,nan,-0.5485346913337708,00000_001832_00,2.0,1.3896281719207764,0.11663129180669785,0.9224972724914551,coef_energy_material_checkpoint_lambdas,0.0,4.399078369140625,2.4116129875183105,66,R2,4.406102418899536,1.6578392386436462
0.0,nan,nan,5.218420028686523,00000_001832_00,1.0,6.5965166091918945,6.543234825134277,0.9861178994178772,coef_energy_material_checkpoint_lambdas,0.0,4.519516468048096,2.3366665840148926,69,R2,4.402599334716797,2.2292893528938293
0.0,nan,nan,7.786626815795898,00000_001832_01,1.0,8.1964750289917,3.6961915493011475,0.9990344643592834,coef_energy_material_checkpoint_lambdas,0.0,4.483489036560059,2.346801996231079,0,R2,2.1296865940093994,0.2806534469127655
0.0,nan,nan,6.537980079650879,00000_001832_01,4.0,7.332261085510254,7.332123756408691,0.9956604838371277,coef_energy_material_checkpoint_lambdas,0.0,4.464895248413086,2.326359987258911,3,R2,2.069870889186859,0.2968041002750397
0.0,nan,nan,5.4210004806518555,00000_001832_01,4.0,7.616220474243164,5.4210004806518555,0.995074987411499,coef_energy_material_checkpoint_lambdas,0.0,4.468404769897461,2.313664197921753,6,R2,2.0122242271900177,0.33757543563842773
0.0,nan,nan,6.978363990783691,00000_001832_01,1.0,7.196082592010498,6.176631927490234,0.9992844462394714,coef_energy_material_checkpoint_lambdas,0.0,4.4704132080078125,2.319450855255127,9,R2,2.070572644472122,0.3368338346481323
0.0,nan,nan,0.7863059639930725,00000_001832_01,1.0,2.3639442920684814,2.229339838027954,0.08075107634067535,coef_energy_material_checkpoint_lambdas,0.0,4.492300033569336,2.350271701812744,30,R2,3.4943053126335144,3.4943053126335144
0.0,nan,nan,0.15516342222690582,00000_001832_01,2.0,3.2036609649658203,3.1999011039733887,0.955793559551239,coef_energy_material_checkpoint_lambdas,0.0,4.480277061462402,2.35600209236145,33,R2,3.611810088157654,3.611810088157654
0.0,nan,nan,0.009300217032432556,00000_001832_01,2.0,0.5487706065177917,0.49492403864860535,0.6675305962562561,coef_energy_material_checkpoint_lambdas,1.0,4.484400272369385,2.3571255207061768,36,R2,3.305227279663086,3.9124630987644196
0.0,nan,nan,-0.4222332835197449,00000_001832_01,3.0,0.5297262072563171,0.3198888599872589,0.9999796748161316,coef_energy_material_checkpoint_lambdas,1.0,4.477512836456299,2.3621199131011963,39,R2,3.4943053126335144,4.010740756988525
0.0,nan,nan,0.8748457431793213,00000_001832_01,2.0,1.2770403623580933,0.9303101301193237,0.999456524848938,coef_energy_material_checkpoint_lambdas,1.0,4.476994037628174,2.3728442192077637,42,R2,3.611810088157654,4.287718951702118
0.0,nan,nan,-0.7321038246154785,00000_001832_01,3.0,2.095393657684326,1.9633384943008423,0.7962528467178345,coef_energy_material_checkpoint_lambdas,1.0,4.477071285247803,2.3802711963653564,45,R2,3.9124630987644196,4.313389301300049
0.0,nan,nan,0.8241620659828186,00000_001832_01,4.0,2.5092082023620605,2.3699963092803955,0.02537783794105053,coef_energy_material_checkpoint_lambdas,1.0,4.474887371063232,2.3849740028381348,48,R2,4.010740756988525,4.320790767669678
0.0,nan,nan,0.16649921238422394,00000_001832_01,2.0,4.272143840789795,4.268898010253906,0.48844820261001587,coef_energy_material_checkpoint_lambdas,1.0,4.465285301208496,2.37837815284729,51,R2,4.287718951702118,4.397306263446808
0.0,nan,nan,-1.2952196598052979,00000_001832_01,3.0,2.857449769973755,2.5470423698425293,0.9976711869239807,coef_energy_material_checkpoint_lambdas,0.0,4.4410080909729,2.3830368518829346,54,R2,4.313389301300049,4.400112628936768
0.0,nan,nan,1.2740250825881958,00000_001832_01,3.0,2.8099961280822754,0.8701360821723938,0.9978843927383423,coef_energy_material_checkpoint_lambdas,0.0,4.37300968170166,2.430107831954956,57,R2,4.28631466627121,0.5596927404403687
0.0,nan,nan,4.904702186584473,00000_001832_01,1.0,6.934459209442139,4.9047017097473145,0.9999426007270813,coef_energy_material_checkpoint_lambdas,0.0,4.3906121253967285,2.4166555404663086,60,R2,4.404113352298737,2.2079570293426514
0.0,nan,nan,-0.3539312481880188,00000_001832_01,4.0,1.0279858112335205,0.6409714221954346,0.9947537779808044,coef_energy_material_checkpoint_lambdas,0.0,4.597729682922363,2.295888662338257,66,R2,4.400740146636963,0.5558822154998779
0.0,nan,nan,7.786626815795898,00000_001832_02,1.0,8.1964750289917,3.6961915493011475,0.9990344643592834,coef_energy_material_checkpoint_lambdas,0.0,4.483489036560059,2.346801996231079,0,R1,2.1296865940093994,0.2806534469127655
0.0,nan,nan,6.537980079650879,00000_001832_02,4.0,7.332261085510254,7.332123756408691,0.9956604838371277,coef_energy_material_checkpoint_lambdas,0.0,4.464895248413086,2.326359987258911,3,R1,2.069870889186859,0.2968041002750397
0.0,nan,nan,5.413980484008789,00000_001832_02,4.0,7.6063232421875,5.413980484008789,0.9950754642486572,coef_energy_material_checkpoint_lambdas,0.0,4.462395191192627,2.3122408390045166,6,R1,2.0122242271900177,0.33757543563842773
0.0,nan,nan,6.993322849273682,00000_001832_02,1.0,7.2115349769592285,6.993322849273682,0.9992850422859192,coef_energy_material_checkpoint_lambdas,0.0,4.4782819747924805,2.3307604789733887,9,R1,2.070572644472122,0.2813122868537903
0.0,nan,nan,0.7859969735145569,00000_001832_02,1.0,2.3642690181732178,2.229792833328247,0.0805647000670433,coef_energy_material_checkpoint_lambdas,0.0,4.492984294891357,2.3360202312469482,30,R1,3.4943053126335144,3.4943053126335144
0.0,nan,nan,0.15439897775650024,00000_001832_02,2.0,3.2003121376037598,2.369503974914551,0.9557381868362427,coef_energy_material_checkpoint_lambdas,0.0,4.478334426879883,2.3443946838378906,33,R1,3.611810088157654,0.40488681197166443
0.0,nan,nan,2.3868460655212402,00000_001832_02,1.0,2.858530282974243,2.4743165969848633,0.13767313957214355,coef_energy_material_checkpoint_lambdas,0.0,4.475765228271484,2.362602710723877,36,R1,3.560821235179901,3.6433209478855133
0.0,nan,nan,-0.16255107522010803,00000_001832_02,2.0,0.3695240616798401,0.22412165999412537,0.9964159727096558,coef_energy_material_checkpoint_lambdas,0.0,4.475602149963379,2.3547091484069824,39,R1,3.41316294670105,2.0444786846637726
0.0,nan,nan,3.1477198600769043,00000_001832_02,1.0,3.3366570472717285,2.3977086544036865,0.9960993528366089,coef_energy_material_checkpoint_lambdas,0.0,4.442050457000732,2.3573951721191406,42,R1,3.840341329574585,0.5468849539756775
0.0,nan,nan,2.365396738052368,00000_001832_02,2.0,7.382208824157715,7.382136821746826,0.9938459992408752,coef_energy_material_checkpoint_lambdas,0.0,4.442560195922852,2.366135358810425,48,R1,4.256894499063492,0.5655144453048706
0.0,nan,nan,6.100217819213867,00000_001832_02,4.0,8.26330280303955,7.217021465301514,0.9995611906051636,coef_energy_material_checkpoint_lambdas,0.0,4.429439067840576,2.3730757236480713,51,R1,4.3450241684913635,0.5848493576049805
0.0,nan,nan,3.0063161849975586,00000_001832_02,2.0,4.063170433044434,3.54380202293396,0.99986732006073,coef_energy_material_checkpoint_lambdas,0.0,4.407870769500732,2.4050092697143555,60,R1,4.400161623954773,4.401024878025055
0.0,nan,nan,0.012631361372768879,00000_001832_02,9.0,0.013612988404929638,0.005342697724699974,0.9997004866600037,coef_energy_material_checkpoint_lambdas,0.0,4.386786460876465,2.418325901031494,63,R1,4.400000095367432,4.400000095367432
0.0,nan,nan,-1.5029412736566883e-07,00000_001832_02,13.0,2.0143615984125063e-06,1.5266724631146644e-06,0.0,coef_energy_material_checkpoint_lambdas,0.0,4.366659164428711,2.431110143661499,66,R1,4.400000095367432,4.400000095367432
0.0,nan,nan,5.517334158988696e-11,00000_001832_02,16.0,1.6865880914096465e-10,7.368459314927023e-11,0.0,coef_energy_material_checkpoint_lambdas,0.0,4.383057594299316,2.425265073776245,69,R1,4.400000095367432,4.400000095367432
0.0,nan,nan,-2.645134003324834e-13,00000_001832_02,16.0,6.386379055797753e-13,5.812839901260525e-13,0.0,coef_energy_material_checkpoint_lambdas,0.0,4.383206844329834,2.430485248565674,72,R1,4.400000095367432,4.400000095367432
0.0,nan,nan,-4.011041088977435e-15,00000_001832_02,16.0,6.817670783660929e-15,5.512910549072825e-15,0.0,coef_energy_material_checkpoint_lambdas,0.0,4.449304580688477,2.376230239868164,75,R1,4.400000095367432,4.400000095367432
0.0,nan,nan,-1.39003003553657e-17,00000_001832_02,16.0,1.9884877640931725e-17,2.2560371515345837e-19,0.0,coef_energy_material_checkpoint_lambdas,0.0,4.571219444274902,2.3275485038757324,78,R1,4.400000095367432,4.400000095367432
0.0,nan,nan,-0.0005749897100031376,00000_001832_03,5.0,0.008998497389256954,0.005943316034972668,-0.35714301466941833,coef_energy_material_checkpoint_lambdas,1.0,4.503570556640625,2.3733022212982178,0,R2,3.716336041688919,3.912403792142868
0.0,nan,nan,0.011468271724879742,00000_001832_03,5.0,0.013000606559216976,0.0061232768930494785,0.9998403787612915,coef_energy_material_checkpoint_lambdas,0.0,4.490055084228516,2.3639156818389893,3,R2,3.025322675704956,3.025322675704956
0.0,nan,nan,0.3954603672027588,00000_001832_03,4.0,0.3995263874530792,0.31983494758605957,0.3661769926548004,coef_energy_material_checkpoint_lambdas,0.0,4.490540504455566,2.363773822784424,6,R2,2.3543641269207,2.2215876281261444
0.0,nan,nan,1.2462959289550781,00000_001832_03,2.0,4.499664783477783,4.424528121948242,0.5013341307640076,coef_energy_material_checkpoint_lambdas,0.0,4.483382701873779,2.358691930770874,9,R2,3.774674743413925,1.2679243385791779
0.0,nan,nan,0.15285921096801758,00000_001832_03,4.0,0.29410186409950256,0.02435598522424698,0.9454775452613831,coef_energy_material_checkpoint_lambdas,0.0,4.487460136413574,2.369826555252075,12,R2,2.069870889186859,0.5157062411308289
0.0,nan,nan,4.879983425140381,00000_001832_03,1.0,7.0571184158325195,7.055435657501221,0.6590399146080017,coef_energy_material_checkpoint_lambdas,0.0,4.493776321411133,2.3461029529571533,33,R2,3.781621754169464,0.39479124546051025
0.0,nan,nan,-0.5359325408935547,00000_001832_03,1.0,4.488285064697266,4.456172943115234,0.9525780081748962,coef_energy_material_checkpoint_lambdas,0.0,4.490323066711426,2.351001262664795,36,R2,3.6040522158145905,3.6040522158145905
0.0,nan,nan,0.10463300347328186,00000_001832_03,1.0,4.4164137840271,4.4151740074157715,0.9089316129684448,coef_energy_material_checkpoint_lambdas,0.0,4.482995986938477,2.3565783500671387,39,R2,3.6869101524353027,3.6869101524353027
0.0,nan,nan,-0.19656920433044434,00000_001832_03,2.0,0.3666587173938751,0.18892964720726013,0.9982330203056335,coef_energy_material_checkpoint_lambdas,1.0,4.48345947265625,2.3589751720428467,42,R2,3.3109635412693024,3.942036420106888
0.0,nan,nan,-0.3360574543476105,00000_001832_03,3.0,0.5666592717170715,0.45625442266464233,0.9999958276748657,coef_energy_material_checkpoint_lambdas,1.0,4.48276948928833,2.368025302886963,45,R2,3.6040522158145905,4.120329290628433
0.0,nan,nan,1.6149778366088867,00000_001832_03,2.0,3.2927684783935547,2.8695244789123535,0.9674862623214722,coef_energy_material_checkpoint_lambdas,1.0,4.475815296173096,2.3774495124816895,48,R2,3.6869101524353027,4.300273835659027
0.0,nan,nan,-0.11477537453174591,00000_001832_03,3.0,0.18026958405971527,0.13900983333587646,0.46016982197761536,coef_energy_material_checkpoint_lambdas,1.0,4.479666709899902,2.3813743591308594,51,R2,3.942036420106888,4.3155837059021
0.0,nan,nan,-0.15828602015972137,00000_001832_03,2.0,4.264585018157959,4.261646270751953,0.4568127691745758,coef_energy_material_checkpoint_lambdas,1.0,4.469136714935303,2.3990697860717773,54,R2,4.120329290628433,4.341628670692444
0.0,nan,nan,0.11326754838228226,00000_001832_03,2.0,2.838639259338379,2.836378574371338,0.5696012377738953,coef_energy_material_checkpoint_lambdas,1.0,4.470078468322754,2.401691198348999,57,R2,4.300273835659027,4.401144206523895
0.0,nan,nan,-0.026140570640563965,00000_001832_03,3.0,2.9072303771972656,2.0371549129486084,0.9465089440345764,coef_energy_material_checkpoint_lambdas,0.0,4.467958450317383,2.400193691253662,60,R2,4.390397012233734,4.397977530956268
0.0,nan,nan,0.0006038462743163109,00000_001832_03,3.0,0.031638432294130325,0.028023071587085724,0.9999444484710693,coef_energy_material_checkpoint_lambdas,0.0,4.447383403778076,2.4083242416381836,63,R2,4.391063690185547,4.4000325202941895
0.0,nan,nan,-0.00013700610725209117,00000_001832_03,3.0,0.3583892285823822,0.3583891987800598,0.9990602731704712,coef_energy_material_checkpoint_lambdas,0.0,4.446274757385254,2.409414052963257,66,R2,4.400208055973053,4.400208055973053
0.0,nan,nan,0.0568494014441967,00000_001832_03,2.0,0.14223752915859222,0.1303827464580536,0.9980655312538147,coef_energy_material_checkpoint_lambdas,0.0,4.429436206817627,2.4276418685913086,69,R2,4.397977530956268,4.411416709423065
0.0,nan,nan,0.010970063507556915,00000_001832_03,4.0,0.019311565905809402,0.0034811936784535646,0.7792158722877502,coef_energy_material_checkpoint_lambdas,0.0,4.426645755767822,2.433055877685547,72,R2,4.400022327899933,2.761374592781067
0.0,nan,nan,2.47686505317688,00000_001832_03,5.0,2.827714204788208,2.47686505317688,0.9960834383964539,coef_energy_material_checkpoint_lambdas,0.0,4.3936262130737305,2.4809184074401855,75,R2,4.400027275085449,1.1105343103408813
0.0,nan,nan,6.348698139190674,00000_001832_03,3.0,6.461583614349365,3.148458480834961,0.9851227402687073,coef_energy_material_checkpoint_lambdas,0.0,4.414399147033691,2.439526081085205,78,R2,4.401380300521851,0.5998081564903259
0.0,nan,nan,6.353977203369141,00000_001832_03,1.0,6.6086106300354,6.353977203369141,0.9900381565093994,coef_energy_material_checkpoint_lambdas,0.0,4.533760070800781,2.323742628097534,81,R2,4.403466582298279,0.5573485493659973
0.0,nan,nan,-0.0005749897100031376,00000_001832_04,5.0,0.008998497389256954,0.005943316034972668,-0.35714301466941833,coef_energy_material_checkpoint_lambdas,1.0,4.503570556640625,2.3733022212982178,0,R2,3.716336041688919,3.912403792142868
0.0,nan,nan,0.011469783261418343,00000_001832_04,5.0,0.01300231646746397,0.006124075502157211,0.9998403191566467,coef_energy_material_checkpoint_lambdas,0.0,4.490779399871826,2.364229679107666,3,R2,3.025322675704956,3.025322675704956
0.0,nan,nan,0.3954603672027588,00000_001832_04,4.0,0.3995263874530792,0.31983494758605957,0.3661769926548004,coef_energy_material_checkpoint_lambdas,0.0,4.490540504455566,2.363773822784424,6,R2,2.3543641269207,2.2215876281261444
0.0,nan,nan,1.2474795579910278,00000_001832_04,2.0,4.502979278564453,4.427837371826172,0.5012810826301575,coef_energy_material_checkpoint_lambdas,0.0,4.486844539642334,2.3574440479278564,9,R2,3.774674743413925,1.2679243385791779
0.0,nan,nan,0.1527709811925888,00000_001832_04,4.0,0.2938753366470337,0.024371644482016563,0.9454393982887268,coef_energy_material_checkpoint_lambdas,0.0,4.485533714294434,2.356459617614746,12,R2,2.069870889186859,0.5157062411308289
0.0,nan,nan,4.8765950202941895,00000_001832_04,1.0,7.052509784698486,7.0508222579956055,0.6590696573257446,coef_energy_material_checkpoint_lambdas,0.0,4.490685939788818,2.348808526992798,33,R2,3.781621754169464,0.39479124546051025
0.0,nan,nan,-0.5357180237770081,00000_001832_04,1.0,4.488459587097168,4.456374645233154,0.9525619149208069,coef_energy_material_checkpoint_lambdas,0.0,4.491240501403809,2.345827102661133,36,R2,3.6040522158145905,3.6040522158145905
0.0,nan,nan,0.1045990064740181,00000_001832_04,1.0,4.4182538986206055,4.417015552520752,0.9089243412017822,coef_energy_material_checkpoint_lambdas,0.0,4.4850358963012695,2.3558125495910645,39,R2,3.6869101524353027,3.6869101524353027
0.0,nan,nan,-0.19673767685890198,00000_001832_04,2.0,0.36694446206092834,0.18906138837337494,0.9982359409332275,coef_energy_material_checkpoint_lambdas,1.0,4.483238697052002,2.360718011856079,42,R2,3.3109635412693024,3.942036420106888
0.0,nan,nan,-0.3361159861087799,00000_001832_04,3.0,0.5667542815208435,0.456329345703125,0.9999959468841553,coef_energy_material_checkpoint_lambdas,1.0,4.476158142089844,2.368422508239746,45,R2,3.6040522158145905,4.120329290628433
0.0,nan,nan,1.6133959293365479,00000_001832_04,2.0,3.289172887802124,2.866288900375366,0.9675024151802063,coef_energy_material_checkpoint_lambdas,1.0,4.469844818115234,2.3784875869750977,48,R2,3.6869101524353027,4.300273835659027
0.0,nan,nan,-0.11474565416574478,00000_001832_04,3.0,0.18026331067085266,0.1390262395143509,0.4603341519832611,coef_energy_material_checkpoint_lambdas,1.0,4.479081153869629,2.3819925785064697,51,R2,3.942036420106888,4.3155837059021
0.0,nan,nan,-0.15676844120025635,00000_001832_04,2.0,4.25885534286499,4.255969047546387,0.4565400779247284,coef_energy_material_checkpoint_lambdas,1.0,4.4638352394104,2.376068592071533,54,R2,4.120329290628433,4.341628670692444
0.0,nan,nan,0.11236636340618134,00000_001832_04,2.0,2.834824562072754,2.83259654045105,0.5693838596343994,coef_energy_material_checkpoint_lambdas,1.0,4.464889049530029,2.382582664489746,57,R2,4.300273835659027,4.401144206523895
0.0,nan,nan,0.007268664427101612,00000_001832_04,2.0,0.007335164584219456,0.0009854723466560245,0.8525049686431885,coef_energy_material_checkpoint_lambdas,1.0,4.523070812225342,2.348339319229126,60,R2,4.27924382686615,4.403524935245514
0.0,nan,nan,2.6452389647602104e-05,00000_001832_04,3.0,4.349771022796631,3.0757339000701904,0.9999997615814209,coef_energy_material_checkpoint_lambdas,0.0,4.604167461395264,2.2876157760620117,63,R2,4.316061437129974,0.5558789372444153
0.0,nan,nan,6.537980079650879,00000_001832_05,4.0,7.332261085510254,7.332123756408691,0.9956604838371277,coef_energy_material_checkpoint_lambdas,0.0,4.464895248413086,2.326359987258911,0,R1,2.069870889186859,0.2968041002750397
0.0,nan,nan,5.414547920227051,00000_001832_05,4.0,7.607090473175049,5.414547920227051,0.9950758814811707,coef_energy_material_checkpoint_lambdas,0.0,4.46266508102417,2.313875436782837,3,R1,2.0122242271900177,0.33757543563842773
0.0,nan,nan,6.994187355041504,00000_001832_05,1.0,7.212418079376221,6.190690994262695,0.9992848634719849,coef_energy_material_checkpoint_lambdas,0.0,4.479359149932861,2.3291125297546387,6,R1,2.070572644472122,0.3368338346481323
0.0,nan,nan,0.7855455279350281,00000_001832_05,1.0,2.362916946411133,2.228518486022949,0.08056381344795227,coef_energy_material_checkpoint_lambdas,0.0,4.490415573120117,2.3346149921417236,27,R1,3.4943053126335144,3.4943053126335144
0.0,nan,nan,0.15440519154071808,00000_001832_05,2.0,3.197286367416382,2.367366075515747,0.9557521343231201,coef_energy_material_checkpoint_lambdas,0.0,4.473407745361328,2.344489097595215,30,R1,3.611810088157654,0.40488681197166443
0.0,nan,nan,2.3854122161865234,00000_001832_05,1.0,2.857067108154297,2.47324275970459,0.13780665397644043,coef_energy_material_checkpoint_lambdas,0.0,4.473390102386475,2.362833261489868,33,R1,3.560821235179901,3.6433209478855133
0.0,nan,nan,-0.16262216866016388,00000_001832_05,2.0,0.36968180537223816,0.2242157757282257,0.9964163303375244,coef_energy_material_checkpoint_lambdas,0.0,4.477235317230225,2.35573410987854,36,R1,3.41316294670105,2.0444786846637726
0.0,nan,nan,3.1466574668884277,00000_001832_05,1.0,3.3355345726013184,2.3969101905822754,0.9960997700691223,coef_energy_material_checkpoint_lambdas,0.0,4.4403839111328125,2.3570969104766846,39,R1,3.840341329574585,0.5468849539756775
0.0,nan,nan,2.369342803955078,00000_001832_05,2.0,7.3947343826293945,7.394662380218506,0.9938449859619141,coef_energy_material_checkpoint_lambdas,0.0,4.450484275817871,2.3649587631225586,45,R1,4.256894499063492,0.5655144453048706
0.0,nan,nan,6.092710971832275,00000_001832_05,4.0,8.253122329711914,7.208123683929443,0.9995613098144531,coef_energy_material_checkpoint_lambdas,0.0,4.423742294311523,2.373274326324463,48,R1,4.3450241684913635,0.5848493576049805
0.0,nan,nan,3.0185487270355225,00000_001832_05,2.0,4.079681396484375,3.558190107345581,0.9998671412467957,coef_energy_material_checkpoint_lambdas,0.0,4.427427291870117,2.384877920150757,57,R1,4.400161623954773,4.401024878025055
0.0,nan,nan,0.0038406059611588717,00000_001832_05,7.0,0.01371888816356659,0.0038406059611588717,0.9891402721405029,coef_energy_material_checkpoint_lambdas,0.0,4.442661285400391,2.385709762573242,60,R1,4.400000095367432,4.40006023645401
0.0,nan,nan,0.24720622599124908,00000_001832_05,10.0,0.26102980971336365,0.24720622599124908,0.9989750385284424,coef_energy_material_checkpoint_lambdas,0.0,4.449686050415039,2.3761086463928223,63,R1,4.400000095367432,4.400042176246643
0.0,nan,nan,0.060723379254341125,00000_001832_05,13.0,0.07314179092645645,0.060723379254341125,0.9996463060379028,coef_energy_material_checkpoint_lambdas,0.0,4.542813301086426,2.33618426322937,66,R1,4.400000095367432,4.400000333786011
0.0,nan,nan,-0.0005749897100031376,00000_001832_06,5.0,0.008998497389256954,0.005943316034972668,-0.35714301466941833,coef_energy_material_checkpoint_lambdas,1.0,4.503570556640625,2.3733022212982178,0,R2,3.716336041688919,3.912403792142868
0.0,nan,nan,0.011471542529761791,00000_001832_06,5.0,0.013004378415644169,0.006125159561634064,0.9998405575752258,coef_energy_material_checkpoint_lambdas,0.0,4.489027500152588,2.3645451068878174,3,R2,3.025322675704956,3.025322675704956
0.0,nan,nan,0.3954603672027588,00000_001832_06,4.0,0.3995263874530792,0.31983494758605957,0.3661769926548004,coef_energy_material_checkpoint_lambdas,0.0,4.490540504455566,2.363773822784424,6,R2,2.3543641269207,2.2215876281261444
0.0,nan,nan,1.2481216192245483,00000_001832_06,2.0,4.504621505737305,4.429487705230713,0.5012437105178833,coef_energy_material_checkpoint_lambdas,0.0,4.488593101501465,2.356200695037842,9,R2,3.774674743413925,1.2679243385791779
0.0,nan,nan,0.15289855003356934,00000_001832_06,4.0,0.2941140830516815,0.024395471438765526,0.9454349875450134,coef_energy_material_checkpoint_lambdas,0.0,4.489356994628906,2.357024669647217,12,R2,2.069870889186859,0.5157062411308289
0.0,nan,nan,4.88073205947876,00000_001832_06,1.0,7.058230876922607,7.05654764175415,0.6590431332588196,coef_energy_material_checkpoint_lambdas,0.0,4.494468688964844,2.346916913986206,33,R2,3.781621754169464,0.39479124546051025
0.0,nan,nan,-0.5353591442108154,00000_001832_06,1.0,4.483338356018066,4.451259613037109,0.952579140663147,coef_energy_material_checkpoint_lambdas,0.0,4.4853196144104,2.3487963676452637,36,R2,3.6040522158145905,3.6040522158145905
0.0,nan,nan,0.10475980490446091,00000_001832_06,1.0,4.4247941970825195,4.423553943634033,0.9089248776435852,coef_energy_material_checkpoint_lambdas,0.0,4.49166202545166,2.359434127807617,39,R2,3.6869101524353027,3.6869101524353027
0.0,nan,nan,-0.19651281833648682,00000_001832_06,2.0,0.36657989025115967,0.18890337646007538,0.9982303380966187,coef_energy_material_checkpoint_lambdas,1.0,4.485933303833008,2.3585562705993652,42,R2,3.3109635412693024,3.942036420106888
0.0,nan,nan,-0.336086243391037,00000_001832_06,3.0,0.5667067170143127,0.45629215240478516,0.9999959468841553,coef_energy_material_checkpoint_lambdas,1.0,4.4808759689331055,2.3682236671447754,45,R2,3.6040522158145905,4.120329290628433
0.0,nan,nan,1.6139017343521118,00000_001832_06,2.0,3.290600299835205,2.8676419258117676,0.9674851894378662,coef_energy_material_checkpoint_lambdas,1.0,4.4729437828063965,2.3756299018859863,48,R2,3.6869101524353027,4.300273835659027
0.0,nan,nan,-0.11466419696807861,00000_001832_06,3.0,0.18020400404930115,0.1390165537595749,0.4606132209300995,coef_energy_material_checkpoint_lambdas,1.0,4.476877212524414,2.382399559020996,51,R2,3.942036420106888,4.3155837059021
0.0,nan,nan,-0.15673118829727173,00000_001832_06,2.0,4.2590532302856445,4.256168365478516,0.45653074979782104,coef_energy_material_checkpoint_lambdas,1.0,4.464066505432129,2.3755040168762207,54,R2,4.120329290628433,4.341628670692444
0.0,nan,nan,0.111995168030262,00000_001832_06,2.0,2.8360958099365234,2.833883762359619,0.5692615509033203,coef_energy_material_checkpoint_lambdas,1.0,4.467351913452148,2.3747119903564453,57,R2,4.300273835659027,4.401144206523895
0.0,nan,nan,0.0071793654933571815,00000_001832_06,2.0,0.0072489469312131405,0.004368077963590622,0.8545424342155457,coef_energy_material_checkpoint_lambdas,0.0,4.441366672515869,2.387653350830078,60,R2,4.27924382686615,1.6789951920509338
0.0,nan,nan,6.916431903839111,00000_001832_06,2.0,6.916431903839111,4.890673637390137,1.0,coef_energy_material_checkpoint_lambdas,0.0,4.379447937011719,2.427886486053467,63,R2,4.291393220424652,0.5763508677482605
0.0,nan,nan,-0.5512775182723999,00000_001832_06,2.0,1.396330714225769,0.11729922890663147,0.9224680066108704,coef_energy_material_checkpoint_lambdas,0.0,4.421096324920654,2.398005247116089,66,R2,4.406102418899536,1.6578392386436462
0.0,nan,nan,5.117854118347168,00000_001832_06,1.0,6.468466281890869,6.416066646575928,0.9861485958099365,coef_energy_material_checkpoint_lambdas,0.0,4.426907062530518,2.416046380996704,69,R2,4.402599334716797,2.2292893528938293
0.0,nan,nan,0.6170169115066528,00000_001832_06,5.0,0.9897074699401855,0.9834764003753662,0.9950554370880127,coef_energy_material_checkpoint_lambdas,0.0,4.419466018676758,2.4376564025878906,72,R2,4.400279104709625,4.401404142379761
0.0,nan,nan,0.512718141078949,00000_001832_06,8.0,0.6845958232879639,0.512718141078949,0.9982591271400452,coef_energy_material_checkpoint_lambdas,0.0,4.42772102355957,2.4249794483184814,75,R2,4.400003612041473,4.4000091552734375
0.0,nan,nan,-0.0006787852034904063,00000_001832_06,11.0,0.0011288858950138092,0.0006787852034904063,0.561238706111908,coef_energy_material_checkpoint_lambdas,0.0,4.575867652893066,2.3081488609313965,78,R2,4.400000095367432,4.400000095367432
0.0,nan,nan,7.126700401306152,00000_001832_07,1.0,7.134363651275635,4.805582046508789,0.9694148898124695,coef_energy_material_checkpoint_lambdas,0.0,4.480663299560547,2.407320022583008,0,R2,4.20100724697113,0.38589712977409363
0.0,nan,nan,6.4304704666137695,00000_001832_07,2.0,8.382086753845215,8.15610122680664,0.650579571723938,coef_energy_material_checkpoint_lambdas,0.0,4.507704257965088,2.3445956707000732,3,R2,2.0746717154979706,0.283952921628952
0.0,nan,nan,2.234248399734497,00000_001832_07,3.0,2.486302137374878,2.234248399734497,0.9993345737457275,coef_energy_material_checkpoint_lambdas,0.0,4.505218029022217,2.3407888412475586,6,R2,2.0122242271900177,1.0275691747665405
0.0,nan,nan,2.013772487640381,00000_001832_07,2.0,2.015397787094116,1.3667324781417847,0.9633708000183105,coef_energy_material_checkpoint_lambdas,0.0,4.498282432556152,2.367112636566162,9,R2,2.025572270154953,0.26614925265312195
0.0,nan,nan,0.7864513993263245,00000_001832_07,1.0,2.3644580841064453,2.2298331260681152,0.08073973655700684,coef_energy_material_checkpoint_lambdas,0.0,4.493279933929443,2.349893808364868,30,R2,3.4943053126335144,3.4943053126335144
0.0,nan,nan,0.1551005244255066,00000_001832_07,2.0,3.203160524368286,3.1994032859802246,0.9557900428771973,coef_energy_material_checkpoint_lambdas,0.0,4.479753017425537,2.3550469875335693,33,R2,3.611810088157654,3.611810088157654
0.0,nan,nan,0.008637145161628723,00000_001832_07,2.0,0.5492274761199951,0.49504590034484863,0.6684397459030151,coef_energy_material_checkpoint_lambdas,1.0,4.483215808868408,2.360011100769043,36,R2,3.305227279663086,3.9124630987644196
0.0,nan,nan,-0.42270058393478394,00000_001832_07,3.0,0.5303134322166443,0.3202444911003113,0.9999796748161316,coef_energy_material_checkpoint_lambdas,1.0,4.480797290802002,2.3647403717041016,39,R2,3.4943053126335144,4.010740756988525
0.0,nan,nan,0.8745439052581787,00000_001832_07,2.0,1.2765958309173584,0.9299838542938232,0.9994566440582275,coef_energy_material_checkpoint_lambdas,1.0,4.475042343139648,2.3722338676452637,42,R2,3.611810088157654,4.287718951702118
0.0,nan,nan,-0.7321640849113464,00000_001832_07,3.0,2.095283269882202,1.963198184967041,0.7962222099304199,coef_energy_material_checkpoint_lambdas,1.0,4.4771318435668945,2.378094434738159,45,R2,3.9124630987644196,4.313389301300049
0.0,nan,nan,0.8244433999061584,00000_001832_07,4.0,2.510040521621704,2.3707797527313232,0.025374533608555794,coef_energy_material_checkpoint_lambdas,1.0,4.476372718811035,2.3855655193328857,48,R2,4.010740756988525,4.320790767669678
0.0,nan,nan,0.1674720197916031,00000_001832_07,2.0,4.267367362976074,4.264079570770264,0.48868528008461,coef_energy_material_checkpoint_lambdas,1.0,4.459613800048828,2.3922743797302246,51,R2,4.287718951702118,4.397306263446808
0.0,nan,nan,-1.3032869100570679,00000_001832_07,3.0,2.8752448558807373,2.562903881072998,0.9976712465286255,coef_energy_material_checkpoint_lambdas,0.0,4.468691349029541,2.396712064743042,54,R2,4.313389301300049,4.400112628936768
0.0,nan,nan,0.02997085265815258,00000_001832_07,3.0,0.16490276157855988,0.16215631365776062,0.9990288615226746,coef_energy_material_checkpoint_lambdas,0.0,4.448212623596191,2.4087765216827393,57,R2,4.320790767669678,4.401464879512787
0.0,nan,nan,-0.02224401757121086,00000_001832_07,3.0,0.0261094830930233,0.013671458698809147,0.8620328307151794,coef_energy_material_checkpoint_lambdas,0.0,4.445805072784424,2.408568859100342,60,R2,4.397306263446808,4.402054965496063
0.0,nan,nan,0.36269712448120117,00000_001832_07,2.0,0.5565149784088135,0.42208972573280334,0.9988327026367188,coef_energy_material_checkpoint_lambdas,0.0,4.4330878257751465,2.4246180057525635,63,R2,4.400112628936768,4.402115166187286
0.0,nan,nan,0.01949942111968994,00000_001832_07,3.0,2.8457608222961426,2.536545753479004,0.99779212474823,coef_energy_material_checkpoint_lambdas,0.0,4.425347805023193,2.4418554306030273,66,R2,4.400231063365936,4.408592939376831
0.0,nan,nan,0.010803429409861565,00000_001832_07,5.0,0.026205293834209442,0.01080343034118414,0.9618096947669983,coef_energy_material_checkpoint_lambdas,0.0,4.391479969024658,2.4799201488494873,69,R2,4.40000057220459,1.674923300743103
0.0,nan,nan,6.14661169052124,00000_001832_07,5.0,7.160465240478516,6.14661169052124,0.9783222079277039,coef_energy_material_checkpoint_lambdas,0.0,4.4018120765686035,2.4583818912506104,72,R2,4.400571703910828,0.5623953938484192
0.0,nan,nan,0.08057370781898499,00000_001833_00,6.0,0.08770579099655151,0.03464367240667343,0.9992613196372986,coef_energy_material_checkpoint_lambdas,0.0,4.5022969245910645,2.3589162826538086,0,R2,2.727348417043686,2.727348417043686
0.0,nan,nan,1.9413362741470337,00000_001833_00,4.0,2.458460807800293,2.410956859588623,-0.354819118976593,coef_energy_material_checkpoint_lambdas,0.0,4.498071193695068,2.3516993522644043,3,R2,2.2550460398197174,1.8281803131103516
0.0,nan,nan,2.447355270385742,00000_001833_00,4.0,2.72687029838562,2.447355270385742,0.9401271939277649,coef_energy_material_checkpoint_lambdas,0.0,4.490522384643555,2.3656325340270996,6,R2,2.055336743593216,1.0139378607273102
0.0,nan,nan,0.5673059821128845,00000_001833_00,3.0,1.7728290557861328,0.7865171432495117,0.977286159992218,coef_energy_material_checkpoint_lambdas,0.0,4.460432529449463,2.396533727645874,9,R2,2.066183626651764,0.26089709997177124
0.0,nan,nan,4.471641540527344,00000_001833_00,1.0,7.222184181213379,5.671363353729248,0.18059520423412323,coef_energy_material_checkpoint_lambdas,0.0,4.485078811645508,2.3510208129882812,30,R2,3.427015572786331,3.427015572786331
0.0,nan,nan,0.2624495029449463,00000_001833_00,1.0,4.908114433288574,4.901092529296875,0.8694510459899902,coef_energy_material_checkpoint_lambdas,0.0,4.491818904876709,2.3515377044677734,33,R2,3.568729728460312,3.568729728460312
0.0,nan,nan,0.6762930154800415,00000_001833_00,1.0,2.678112268447876,2.5913150310516357,0.06639499962329865,coef_energy_material_checkpoint_lambdas,0.0,4.4935994148254395,2.351768970489502,36,R2,3.878960460424423,3.878960460424423
0.0,nan,nan,-0.17693457007408142,00000_001833_00,2.0,0.49547308683395386,0.46280422806739807,0.9938403367996216,coef_energy_material_checkpoint_lambdas,1.0,4.489785194396973,2.3626904487609863,39,R2,3.427015572786331,4.030450820922852
0.0,nan,nan,0.2868179678916931,00000_001833_00,2.0,0.5213990211486816,0.43542206287384033,0.9996402263641357,coef_energy_material_checkpoint_lambdas,1.0,4.4739861488342285,2.3645212650299072,42,R2,3.568729728460312,4.295279026031494
0.0,nan,nan,0.18735355138778687,00000_001833_00,2.0,4.186024188995361,4.181829452514648,0.9991703629493713,coef_energy_material_checkpoint_lambdas,0.0,4.472341060638428,2.3783648014068604,45,R2,3.878960460424423,3.2660447359085083
0.0,nan,nan,-0.09999202191829681,00000_001833_00,3.0,0.10624714195728302,0.07684317976236343,-0.6209830641746521,coef_energy_material_checkpoint_lambdas,0.0,4.4654221534729,2.4047505855560303,48,R2,3.9414572417736053,1.629533290863037
0.0,nan,nan,4.590109348297119,00000_001833_00,1.0,7.143515586853027,5.47363805770874,0.229133740067482,coef_energy_material_checkpoint_lambdas,0.0,4.420050621032715,2.461134433746338,51,R2,4.295279026031494,0.5558376908302307
0.0,nan,nan,3.8018248081207275,00000_001833_00,4.0,3.878913640975952,3.8018248081207275,0.9565228223800659,coef_energy_material_checkpoint_lambdas,0.0,4.435909271240234,2.433528423309326,57,R2,4.12575751543045,0.4384012222290039
0.0,nan,nan,0.24564823508262634,00000_001833_00,4.0,0.5291887521743774,0.4687191843986511,0.9624853134155273,coef_energy_material_checkpoint_lambdas,0.0,4.548410892486572,2.342353343963623,63,R2,4.400081694126129,4.400081694126129
0.0,nan,nan,4.2017316818237305,00000_001833_01,4.0,4.406414985656738,4.351766109466553,0.9971882700920105,coef_energy_material_checkpoint_lambdas,0.0,4.473121643066406,2.3235080242156982,0,R2,2.0647102892398834,0.8152203261852264
0.0,nan,nan,4.8102192878723145,00000_001833_01,4.0,7.651844501495361,4.8102192878723145,0.9976586103439331,coef_energy_material_checkpoint_lambdas,0.0,4.467440605163574,2.312826156616211,3,R2,2.0121638774871826,0.337463915348053
0.0,nan,nan,7.002314567565918,00000_001833_01,1.0,7.221157550811768,6.198923110961914,0.99922776222229,coef_energy_material_checkpoint_lambdas,0.0,4.486172199249268,2.325117349624634,6,R2,2.070537716150284,0.3368097245693207
0.0,nan,nan,0.5812829732894897,00000_001833_01,1.0,2.3346073627471924,2.2610843181610107,-0.168788880109787,coef_energy_material_checkpoint_lambdas,0.0,4.496851921081543,2.3464879989624023,27,R2,3.5348614752292633,3.5348614752292633
0.0,nan,nan,0.3108890652656555,00000_001833_01,1.0,4.79245138168335,4.782357215881348,0.7373673915863037,coef_energy_material_checkpoint_lambdas,0.0,4.484347820281982,2.3541901111602783,30,R2,3.5984680354595184,3.5984680354595184
0.0,nan,nan,-0.3923294246196747,00000_001833_01,1.0,0.7625768184661865,0.6539120674133301,0.7890214920043945,coef_energy_material_checkpoint_lambdas,0.0,4.48398494720459,2.3592236042022705,33,R2,3.9778032898902893,3.9778032898902893
0.0,nan,nan,-0.3785986006259918,00000_001833_01,3.0,0.5721328854560852,0.4289511740207672,0.9997137784957886,coef_energy_material_checkpoint_lambdas,1.0,4.479042053222656,2.3630566596984863,36,R2,3.5348614752292633,4.084026604890823
0.0,nan,nan,0.9066845774650574,00000_001833_01,1.0,1.186259388923645,0.7649407386779785,0.9824234247207642,coef_energy_material_checkpoint_lambdas,0.0,4.477169990539551,2.3707005977630615,39,R2,3.5984680354595184,4.3484179973602295
0.0,nan,nan,-0.785131573677063,00000_001833_01,2.0,2.1163413524627686,1.965316653251648,0.9284475445747375,coef_energy_material_checkpoint_lambdas,0.0,4.470673084259033,2.379878044128418,42,R2,3.9778032898902893,2.7229366302490234
0.0,nan,nan,-0.04017189145088196,00000_001833_01,3.0,0.34201088547706604,0.32175174355506897,-0.9972431659698486,coef_energy_material_checkpoint_lambdas,0.0,4.475373268127441,2.3846681118011475,45,R2,3.867664247751236,1.0851553082466125
0.0,nan,nan,0.49994978308677673,00000_001833_01,1.0,0.7075085639953613,0.5006182193756104,0.9998947978019714,coef_energy_material_checkpoint_lambdas,0.0,4.468531608581543,2.3979032039642334,51,R2,4.399947822093964,4.399947822093964
0.0,nan,nan,-0.0018930938094854355,00000_001833_01,2.0,0.005330570507794619,0.00530362781137228,0.9982839226722717,coef_energy_material_checkpoint_lambdas,0.0,4.455472469329834,2.4046010971069336,54,R2,4.400009572505951,4.4013805985450745
0.0,nan,nan,-0.004742490593343973,00000_001833_01,4.0,0.009974634274840355,0.009969579987227917,0.8961280584335327,coef_energy_material_checkpoint_lambdas,0.0,4.449105739593506,2.3936572074890137,57,R2,4.400223970413208,4.401993989944458
0.0,nan,nan,0.6192951202392578,00000_001833_01,3.0,0.6683369874954224,0.04255872964859009,0.9983847737312317,coef_energy_material_checkpoint_lambdas,0.0,4.519857883453369,2.3384010791778564,60,R2,4.196106255054474,0.5558789372444153
0.0,nan,nan,4.682404518127441,00000_001833_01,2.0,7.518213748931885,7.4702043533325195,0.9855822324752808,coef_energy_material_checkpoint_lambdas,0.0,4.594969272613525,2.2962708473205566,63,R2,4.40142285823822,0.5558789372444153
0.0,nan,nan,4.355649948120117,00000_001833_02,4.0,4.355751037597656,4.355649948120117,-0.005119331646710634,coef_energy_material_checkpoint_lambdas,0.0,4.49630069732666,2.3534317016601562,0,R1,2.2481574416160583,1.52648463845253
0.0,nan,nan,0.2818892300128937,00000_001833_02,3.0,0.3712782859802246,0.3601905107498169,0.9589937329292297,coef_energy_material_checkpoint_lambdas,0.0,4.487160682678223,2.3477957248687744,3,R1,2.085337817668915,0.7636592984199524
0.0,nan,nan,2.148336887359619,00000_001833_02,2.0,5.974064826965332,4.025142669677734,0.9758993983268738,coef_energy_material_checkpoint_lambdas,0.0,4.478264331817627,2.361856460571289,6,R1,2.0861164033412933,0.26858004927635193
0.0,nan,nan,0.5806002020835876,00000_001833_02,1.0,2.332530975341797,2.259115695953369,-0.16871657967567444,coef_energy_material_checkpoint_lambdas,0.0,4.492908954620361,2.347399950027466,27,R1,3.5348614752292633,3.5348614752292633
0.0,nan,nan,0.3104861080646515,00000_001833_02,1.0,4.79364538192749,4.7835798263549805,0.7372995018959045,coef_energy_material_checkpoint_lambdas,0.0,4.48595666885376,2.3511388301849365,30,R1,3.5984680354595184,3.5984680354595184
0.0,nan,nan,-0.39204126596450806,00000_001833_02,1.0,0.7624525427818298,0.6539400219917297,0.7888108491897583,coef_energy_material_checkpoint_lambdas,0.0,4.485228538513184,2.3582069873809814,33,R1,3.9778032898902893,3.9778032898902893
0.0,nan,nan,-0.3782709240913391,00000_001833_02,3.0,0.5716253519058228,0.4285634756088257,0.9997134208679199,coef_energy_material_checkpoint_lambdas,1.0,4.478622913360596,2.3607871532440186,36,R1,3.5348614752292633,4.084026604890823
0.0,nan,nan,0.9075121879577637,00000_001833_02,1.0,1.1871869564056396,0.7653982639312744,0.982452392578125,coef_energy_material_checkpoint_lambdas,0.0,4.477015972137451,2.3750815391540527,39,R1,3.5984680354595184,4.3484179973602295
0.0,nan,nan,-0.7864237427711487,00000_001833_02,2.0,2.11940598487854,1.9681004285812378,0.9284181594848633,coef_energy_material_checkpoint_lambdas,0.0,4.478029727935791,2.3779890537261963,42,R1,3.9778032898902893,2.7229366302490234
0.0,nan,nan,-0.04015711694955826,00000_001833_02,3.0,0.34182360768318176,0.3215780258178711,-0.9972416162490845,coef_energy_material_checkpoint_lambdas,0.0,4.474201202392578,2.3854904174804688,45,R1,3.867664247751236,1.0851553082466125
0.0,nan,nan,0.49952784180641174,00000_001833_02,1.0,0.7069158554077148,0.5002018809318542,0.9998948574066162,coef_energy_material_checkpoint_lambdas,0.0,4.4629011154174805,2.4178779125213623,51,R1,4.399947822093964,4.399947822093964
0.0,nan,nan,-0.0019134704489260912,00000_001833_02,2.0,0.005407317075878382,0.0053792428225278854,0.9983626008033752,coef_energy_material_checkpoint_lambdas,0.0,4.414790153503418,2.4644289016723633,54,R1,4.400009572505951,4.4013805985450745
0.0,nan,nan,0.06866598129272461,00000_001833_02,3.0,0.07083485275506973,0.005212463904172182,0.14421382546424866,coef_energy_material_checkpoint_lambdas,0.0,4.448481559753418,2.4240646362304688,57,R1,4.3973981738090515,1.6679210662841797
0.0,nan,nan,7.369284629821777,00000_001833_02,2.0,8.435723304748535,8.113893508911133,0.9998028874397278,coef_energy_material_checkpoint_lambdas,0.0,4.523252964019775,2.3718502521514893,60,R1,4.401543736457825,0.5573309063911438
0.0,nan,nan,2.170788526535034,00000_001833_02,5.0,2.6276142597198486,1.5911991596221924,0.9832080006599426,coef_energy_material_checkpoint_lambdas,0.0,4.583868503570557,2.312433958053589,63,R1,4.4000784158706665,0.5721782445907593
0.0,nan,nan,7.670341968536377,00000_001833_03,2.0,8.581382751464844,8.581375122070312,0.6959153413772583,coef_energy_material_checkpoint_lambdas,0.0,4.49855375289917,2.3533570766448975,3,R1,4.269879519939423,0.37508445978164673
0.0,nan,nan,2.353874683380127,00000_001833_03,6.0,2.896136522293091,1.6872700452804565,0.16911469399929047,coef_energy_material_checkpoint_lambdas,0.0,4.502418518066406,2.343970775604248,6,R1,2.1253945529460907,2.1253945529460907
0.0,nan,nan,0.1466839462518692,00000_001833_03,4.0,0.15438121557235718,0.06968166679143906,0.9999760389328003,coef_energy_material_checkpoint_lambdas,0.0,4.506993770599365,2.343503952026367,9,R1,2.0159876942634583,1.5298397839069366
0.0,nan,nan,0.05290670320391655,00000_001833_03,2.0,0.05307185649871826,0.03445243090391159,0.15274536609649658,coef_energy_material_checkpoint_lambdas,0.0,4.505045413970947,2.340559482574463,12,R1,2.850776582956314,0.7692963182926178
0.0,nan,nan,4.364505767822266,00000_001833_03,2.0,4.474575042724609,0.98636394739151,0.9938854575157166,coef_energy_material_checkpoint_lambdas,0.0,4.501634120941162,2.3377766609191895,15,R1,2.1253945529460907,0.28051018714904785
0.0,nan,nan,5.797431468963623,00000_001833_03,1.0,6.2903032302856445,6.2769575119018555,0.9571641087532043,coef_energy_material_checkpoint_lambdas,0.0,4.485239028930664,2.3511788845062256,36,R1,3.5103614926338196,0.48156726360321045
0.0,nan,nan,2.4538767337799072,00000_001833_03,1.0,4.364987850189209,4.326228141784668,0.5701397657394409,coef_energy_material_checkpoint_lambdas,0.0,4.48594331741333,2.354767322540283,42,R1,3.695276230573654,3.675227612257004
0.0,nan,nan,-0.2541058361530304,00000_001833_03,2.0,1.0365968942642212,0.7852323651313782,0.9996389150619507,coef_energy_material_checkpoint_lambdas,0.0,4.4737868309021,2.3561758995056152,45,R1,3.402506649494171,2.0706630051136017
0.0,nan,nan,3.0886588096618652,00000_001833_03,1.0,3.259756565093994,2.313469409942627,0.9997027516365051,coef_energy_material_checkpoint_lambdas,0.0,4.467142105102539,2.347745895385742,48,R1,3.7080456018447876,0.5506437420845032
0.0,nan,nan,0.8051630854606628,00000_001833_03,3.0,2.920896530151367,1.975814938545227,0.9995628595352173,coef_energy_material_checkpoint_lambdas,1.0,4.461466312408447,2.379875659942627,54,R1,4.072230368852615,4.403995215892792
0.0,nan,nan,0.2126244604587555,00000_001833_03,3.0,0.2395656853914261,0.22839483618736267,0.9994968175888062,coef_energy_material_checkpoint_lambdas,0.0,4.456148147583008,2.376070022583008,57,R1,4.266014933586121,3.31039160490036
0.0,nan,nan,7.273659706115723,00000_001833_03,4.0,7.321566104888916,5.734527111053467,0.9882662892341614,coef_energy_material_checkpoint_lambdas,0.0,4.427321434020996,2.3833706378936768,60,R1,4.358830034732819,0.565608024597168
0.0,nan,nan,3.703768491744995,00000_001833_03,1.0,3.755666494369507,3.703768730163574,0.997018039226532,coef_energy_material_checkpoint_lambdas,0.0,4.3565897941589355,2.455564022064209,69,R1,4.402574241161346,0.5766103863716125
0.0,nan,nan,2.1582131385803223,00000_001833_03,3.0,2.4211814403533936,0.7501251101493835,0.9888848066329956,coef_energy_material_checkpoint_lambdas,0.0,4.431496620178223,2.38775897026062,72,R1,4.4001893401145935,3.3065472841262817
0.0,nan,nan,0.003540575271472335,00000_001833_03,5.0,0.0056274523958563805,0.003540575271472335,0.9999832510948181,coef_energy_material_checkpoint_lambdas,0.0,4.418448448181152,2.403695821762085,75,R1,4.400000095367432,1.656418263912201
0.0,nan,nan,3.001282215118408,00000_001833_03,2.0,6.190733432769775,3.5007176399230957,0.9930455684661865,coef_energy_material_checkpoint_lambdas,0.0,4.416731834411621,2.401033401489258,78,R1,4.400763928890228,0.5763654112815857
0.0,nan,nan,7.187432289123535,00000_001833_03,6.0,7.2335524559021,5.658954620361328,0.9884458780288696,coef_energy_material_checkpoint_lambdas,0.0,4.414384841918945,2.401899814605713,81,R1,4.400222182273865,4.4014230370521545
0.0,nan,nan,0.05908820405602455,00000_001833_03,10.0,0.07117441296577454,0.03967847675085068,0.9996059536933899,coef_energy_material_checkpoint_lambdas,0.0,4.416663646697998,2.405031204223633,84,R1,4.400000095367432,4.400000095367432
0.0,nan,nan,1.9576877093641087e-05,00000_001833_03,12.0,2.0645649783546105e-05,6.556580501637654e-06,0.0,coef_energy_material_checkpoint_lambdas,0.0,4.471317291259766,2.3615219593048096,87,R1,4.400000095367432,4.400000095367432
0.0,nan,nan,3.4031308882020994e-09,00000_001833_03,15.0,3.5381690910440966e-09,9.68163549330825e-10,0.0,coef_energy_material_checkpoint_lambdas,0.0,4.572131156921387,2.3190834522247314,90,R1,4.400000095367432,4.400000095367432
0.0,nan,nan,0.9605997204780579,00000_001833_04,3.0,2.7300868034362793,2.4862637519836426,-0.9965104460716248,coef_energy_material_checkpoint_lambdas,0.0,4.491085529327393,2.3864552974700928,3,R2,3.423267751932144,1.3709067404270172
0.0,nan,nan,6.641225337982178,00000_001833_04,2.0,7.559803009033203,7.2499494552612305,0.3926618993282318,coef_energy_material_checkpoint_lambdas,0.0,4.493215084075928,2.3844285011291504,6,R2,4.25515940785408,0.3640808165073395
0.0,nan,nan,8.325252532958984,00000_001833_04,1.0,8.680469512939453,8.325252532958984,0.992964506149292,coef_energy_material_checkpoint_lambdas,0.0,4.499248504638672,2.3617117404937744,9,R2,2.101674258708954,0.26494500041007996
0.0,nan,nan,3.7004659175872803,00000_001833_04,3.0,3.811871290206909,3.221275568008423,0.9821301698684692,coef_energy_material_checkpoint_lambdas,0.0,4.496274471282959,2.3594794273376465,12,R2,2.042257606983185,0.8086693584918976
0.0,nan,nan,4.9160919189453125,00000_001833_04,1.0,7.146015167236328,7.143460750579834,0.7514351606369019,coef_energy_material_checkpoint_lambdas,0.0,4.500924110412598,2.3427226543426514,33,R2,3.7615172266960144,0.40346595644950867
0.0,nan,nan,-0.46242964267730713,00000_001833_04,1.0,4.422926902770996,4.398686408996582,0.9893960952758789,coef_energy_material_checkpoint_lambdas,0.0,4.486611366271973,2.351686477661133,36,R2,3.575257420539856,3.575257420539856
0.0,nan,nan,2.567932367324829,00000_001833_04,2.0,4.5281243324279785,4.484236240386963,0.9872560501098633,coef_energy_material_checkpoint_lambdas,1.0,4.498691082000732,2.352217674255371,39,R2,3.250485748052597,3.719771236181259
0.0,nan,nan,-0.2530609667301178,00000_001833_04,1.0,0.5645148754119873,0.5046159029006958,0.9412961006164551,coef_energy_material_checkpoint_lambdas,0.0,4.4863972663879395,2.3566863536834717,42,R2,4.009852349758148,4.009852349758148
0.0,nan,nan,-0.2257254272699356,00000_001833_04,3.0,0.4981503486633301,0.4440740942955017,0.9999963641166687,coef_energy_material_checkpoint_lambdas,1.0,4.486118793487549,2.363959789276123,45,R2,3.575257420539856,4.188272207975388
0.0,nan,nan,1.506542444229126,00000_001833_04,1.0,3.0902905464172363,2.6981892585754395,0.916761577129364,coef_energy_material_checkpoint_lambdas,0.0,4.474656105041504,2.3489747047424316,48,R2,3.719771236181259,3.8110914826393127
0.0,nan,nan,-0.1427764594554901,00000_001833_04,2.0,0.22749756276607513,0.17711582779884338,0.5692571401596069,coef_energy_material_checkpoint_lambdas,0.0,4.436516284942627,2.3753910064697266,51,R2,4.009852349758148,2.177287518978119
0.0,nan,nan,-0.008909209631383419,00000_001833_04,3.0,0.020855410024523735,0.015071671456098557,-0.9989284873008728,coef_energy_material_checkpoint_lambdas,0.0,4.457016468048096,2.364215612411499,54,R2,4.262565195560455,2.7645074129104614
0.0,nan,nan,2.9950644969940186,00000_001833_04,4.0,4.042900562286377,4.038069248199463,0.9843802452087402,coef_energy_material_checkpoint_lambdas,0.0,4.453253269195557,2.3801562786102295,57,R2,4.373487889766693,1.1092568039894104
0.0,nan,nan,6.104306221008301,00000_001833_04,2.0,8.264548301696777,7.951451778411865,0.9988185167312622,coef_energy_material_checkpoint_lambdas,0.0,4.448771953582764,2.3812029361724854,60,R2,4.39974719285965,0.5663824081420898
0.0,nan,nan,5.046172142028809,00000_001833_04,2.0,7.135396957397461,5.046172618865967,0.9999823570251465,coef_energy_material_checkpoint_lambdas,0.0,4.525925636291504,2.3367502689361572,69,R2,4.403800010681152,0.576347827911377
0.0,nan,nan,7.284070014953613,00000_001833_05,1.0,7.638835906982422,7.284070014953613,0.9990893006324768,coef_energy_material_checkpoint_lambdas,0.0,4.466333866119385,2.4186315536499023,0,R1,4.328909873962402,0.5017649531364441
0.0,nan,nan,6.641225337982178,00000_001833_05,2.0,7.559803009033203,7.2499494552612305,0.3926618993282318,coef_energy_material_checkpoint_lambdas,0.0,4.493215084075928,2.3844285011291504,3,R1,4.25515940785408,0.3640808165073395
0.0,nan,nan,8.328083992004395,00000_001833_05,1.0,8.683248519897461,8.328083992004395,0.9929565787315369,coef_energy_material_checkpoint_lambdas,0.0,4.503229141235352,2.3450839519500732,6,R1,2.101674258708954,0.26494500041007996
0.0,nan,nan,3.6989636421203613,00000_001833_05,3.0,3.810318946838379,3.7174031734466553,0.9821292757987976,coef_energy_material_checkpoint_lambdas,0.0,4.494560241699219,2.35721492767334,9,R1,2.042257606983185,0.7771882116794586
0.0,nan,nan,3.7183339595794678,00000_001833_05,1.0,3.762265920639038,3.7088046073913574,0.871192216873169,coef_energy_material_checkpoint_lambdas,0.0,4.482639312744141,2.3713324069976807,12,R1,2.0494817197322845,0.2630334198474884
0.0,nan,nan,4.89849328994751,00000_001833_05,1.0,7.120176792144775,4.89849328994751,0.751412570476532,coef_energy_material_checkpoint_lambdas,0.0,4.4848246574401855,2.331256628036499,30,R1,3.7615172266960144,0.44455909729003906
0.0,nan,nan,1.6309233903884888,00000_001833_05,3.0,4.549276828765869,4.527897834777832,0.6855621933937073,coef_energy_material_checkpoint_lambdas,0.0,4.486567974090576,2.361241340637207,39,R1,3.1271641552448273,3.140567570924759
0.0,nan,nan,0.07508382201194763,00000_001833_05,1.0,0.492723286151886,0.46913668513298035,0.9994125962257385,coef_energy_material_checkpoint_lambdas,0.0,4.468156337738037,2.342458963394165,42,R1,3.6811779141426086,1.5723541975021362
0.0,nan,nan,7.377150535583496,00000_001833_05,1.0,7.978084564208984,7.364394664764404,0.9731113910675049,coef_energy_material_checkpoint_lambdas,0.0,4.465271949768066,2.3762993812561035,48,R1,4.4025683999061584,0.5596908926963806
0.0,nan,nan,0.0014943182468414307,00000_001833_05,3.0,0.6817243695259094,0.48310741782188416,0.9976885914802551,coef_energy_material_checkpoint_lambdas,0.0,4.45929479598999,2.382383346557617,51,R1,4.305407404899597,4.410422623157501
0.0,nan,nan,0.31575584411621094,00000_001833_05,4.0,0.3864630162715912,0.38207191228866577,0.9771600961685181,coef_energy_material_checkpoint_lambdas,0.0,4.456478595733643,2.374232769012451,54,R1,4.343446433544159,2.760358452796936
0.0,nan,nan,6.047325134277344,00000_001833_05,2.0,8.187178611755371,7.877079486846924,0.9988197684288025,coef_energy_material_checkpoint_lambdas,0.0,4.404406547546387,2.3985555171966553,57,R1,4.39974719285965,0.5663824081420898
0.0,nan,nan,7.708639144897461,00000_001833_05,1.0,7.708643436431885,7.708639144897461,0.9995564222335815,coef_energy_material_checkpoint_lambdas,0.0,4.358788013458252,2.451234817504883,66,R1,4.40266215801239,0.5603941679000854
0.0,nan,nan,2.287656784057617,00000_001833_05,4.0,2.845630645751953,1.2892752885818481,0.9958410263061523,coef_energy_material_checkpoint_lambdas,0.0,4.4250006675720215,2.3907365798950195,69,R1,4.400129318237305,3.309193789958954
0.0,nan,nan,0.545394241809845,00000_001833_05,4.0,0.6287168860435486,0.3479369282722473,0.9711178541183472,coef_energy_material_checkpoint_lambdas,0.0,4.43290376663208,2.3947346210479736,72,R1,4.400018155574799,1.6590591669082642
0.0,nan,nan,1.0238617658615112,00000_001833_05,2.0,3.3196630477905273,2.3665611743927,0.9693084955215454,coef_energy_material_checkpoint_lambdas,0.0,4.417191982269287,2.3972034454345703,75,R1,4.402745008468628,0.5598004460334778
0.0,nan,nan,2.86741304397583,00000_001833_05,7.0,2.86741304397583,2.027444362640381,0.9999966025352478,coef_energy_material_checkpoint_lambdas,0.0,4.421169281005859,2.4030075073242188,78,R1,4.400017738342285,4.400111019611359
0.0,nan,nan,0.004719137214124203,00000_001833_05,10.0,0.005285320337861776,0.002379991114139557,0.9919970631599426,coef_energy_material_checkpoint_lambdas,0.0,4.409478664398193,2.4097964763641357,81,R1,4.400000095367432,4.400000095367432
0.0,nan,nan,1.138169636760722e-06,00000_001833_05,13.0,1.1840588740597013e-06,3.2644328484821017e-07,0.0,coef_energy_material_checkpoint_lambdas,0.0,4.502824783325195,2.339339017868042,84,R1,4.400000095367432,4.400000095367432
0.0,nan,nan,7.540886878967285,00000_001833_06,1.0,7.9979119300842285,3.447852373123169,0.9785782098770142,coef_energy_material_checkpoint_lambdas,0.0,4.492317199707031,2.3434159755706787,0,R1,2.169729173183441,0.29069784283638
0.0,nan,nan,4.2017316818237305,00000_001833_06,4.0,4.406414985656738,4.351766109466553,0.9971882700920105,coef_energy_material_checkpoint_lambdas,0.0,4.473121643066406,2.3235080242156982,3,R1,2.0647102892398834,0.8152203261852264
0.0,nan,nan,4.802889347076416,00000_001833_06,4.0,7.640209197998047,4.802889347076416,0.997658371925354,coef_energy_material_checkpoint_lambdas,0.0,4.460813999176025,2.3079841136932373,6,R1,2.0121638774871826,0.337463915348053
0.0,nan,nan,6.989535331726074,00000_001833_06,1.0,7.207958221435547,6.989535331726074,0.9992272853851318,coef_energy_material_checkpoint_lambdas,0.0,4.479275703430176,2.3161044120788574,9,R1,2.070537716150284,0.28051018714904785
0.0,nan,nan,0.581078290939331,00000_001833_06,1.0,2.3337619304656982,2.2602639198303223,-0.16879144310951233,coef_energy_material_checkpoint_lambdas,0.0,4.495221138000488,2.3455312252044678,30,R1,3.5348614752292633,3.5348614752292633
0.0,nan,nan,0.31089699268341064,00000_001833_06,1.0,4.792457580566406,4.782362937927246,0.7373684644699097,coef_energy_material_checkpoint_lambdas,0.0,4.484346389770508,2.354250192642212,33,R1,3.5984680354595184,3.5984680354595184
0.0,nan,nan,-0.38918131589889526,00000_001833_06,1.0,0.7596153020858765,0.6523444652557373,0.7874880433082581,coef_energy_material_checkpoint_lambdas,0.0,4.4808526039123535,2.3454790115356445,36,R1,3.9778032898902893,3.9778032898902893
0.0,nan,nan,-0.375679075717926,00000_001833_06,3.0,0.5676428079605103,0.42553916573524475,0.9997109174728394,coef_energy_material_checkpoint_lambdas,1.0,4.466451168060303,2.3434104919433594,39,R1,3.5348614752292633,4.084026604890823
0.0,nan,nan,3.0751185417175293,00000_001833_06,1.0,3.2454967498779297,2.3034136295318604,0.9997034668922424,coef_energy_material_checkpoint_lambdas,0.0,4.442456245422363,2.355379343032837,42,R1,3.7080456018447876,0.5506437420845032
0.0,nan,nan,2.3716840744018555,00000_001833_06,3.0,7.431899547576904,5.2711639404296875,0.9973360300064087,coef_energy_material_checkpoint_lambdas,0.0,4.463542938232422,2.392287015914917,48,R1,4.267090350389481,3.3130046725273132
0.0,nan,nan,2.728415012359619,00000_001833_06,4.0,2.8704512119293213,2.559852123260498,0.9898015856742859,coef_energy_material_checkpoint_lambdas,0.0,4.460564613342285,2.385554313659668,51,R1,4.355307877063751,1.6602022647857666
0.0,nan,nan,7.279550075531006,00000_001833_06,4.0,7.327491760253906,5.739146709442139,0.9882656335830688,coef_energy_material_checkpoint_lambdas,0.0,4.431041240692139,2.3827102184295654,54,R1,4.358830034732819,0.565608024597168
0.0,nan,nan,3.6912641525268555,00000_001833_06,1.0,3.7429683208465576,3.6912641525268555,0.9970202445983887,coef_energy_material_checkpoint_lambdas,0.0,4.340203285217285,2.468010425567627,63,R1,4.402574241161346,0.5766103863716125
0.0,nan,nan,2.2004213333129883,00000_001833_06,3.0,2.4689061641693115,0.7642123103141785,0.9888404607772827,coef_energy_material_checkpoint_lambdas,0.0,4.527792453765869,2.3153624534606934,66,R1,4.4001893401145935,3.3065472841262817
0.0,nan,nan,7.123076915740967,00000_001833_07,1.0,7.131575584411621,4.790665149688721,0.9656507968902588,coef_energy_material_checkpoint_lambdas,0.0,4.485629558563232,2.4007019996643066,0,R1,4.20441460609436,0.3859689235687256
0.0,nan,nan,6.418794631958008,00000_001833_07,2.0,8.36581802368164,8.140560150146484,0.651075005531311,coef_energy_material_checkpoint_lambdas,0.0,4.498205661773682,2.3486013412475586,3,R1,2.074671447277069,0.28396371006965637
0.0,nan,nan,2.4089882373809814,00000_001833_07,3.0,2.5213797092437744,2.4089882373809814,0.996857762336731,coef_energy_material_checkpoint_lambdas,0.0,4.47029972076416,2.394381523132324,6,R1,2.0121638774871826,1.0300136506557465
0.0,nan,nan,2.017911434173584,00000_001833_07,2.0,2.0183489322662354,2.017911434173584,0.9354069232940674,coef_energy_material_checkpoint_lambdas,0.0,4.442997455596924,2.421095848083496,9,R1,2.0252625644207,0.26858004927635193
0.0,nan,nan,0.5807746648788452,00000_001833_07,1.0,2.3328869342803955,2.2594385147094727,-0.16875402629375458,coef_energy_material_checkpoint_lambdas,0.0,4.493565559387207,2.346205472946167,30,R1,3.5348614752292633,3.5348614752292633
0.0,nan,nan,0.3111567497253418,00000_001833_07,1.0,4.789754867553711,4.779637336730957,0.7374299168586731,coef_energy_material_checkpoint_lambdas,0.0,4.4813714027404785,2.3562171459198,33,R1,3.5984680354595184,3.5984680354595184
0.0,nan,nan,-0.39202141761779785,00000_001833_07,1.0,0.7620100378990173,0.6534359455108643,0.7890061140060425,coef_energy_material_checkpoint_lambdas,0.0,4.480797290802002,2.357423782348633,36,R1,3.9778032898902893,3.9778032898902893
0.0,nan,nan,-0.3787436783313751,00000_001833_07,3.0,0.5723600387573242,0.42912614345550537,0.9997141361236572,coef_energy_material_checkpoint_lambdas,1.0,4.478528022766113,2.3641068935394287,39,R1,3.5348614752292633,4.084026604890823
0.0,nan,nan,0.9078292846679688,00000_001833_07,1.0,1.1879304647445679,0.766175389289856,0.9823911190032959,coef_energy_material_checkpoint_lambdas,0.0,4.487560272216797,2.3712167739868164,42,R1,3.5984680354595184,4.3484179973602295
0.0,nan,nan,-0.7865269184112549,00000_001833_07,2.0,2.1194512844085693,1.968108057975769,0.9284019470214844,coef_energy_material_checkpoint_lambdas,0.0,4.478616237640381,2.375070810317993,45,R1,3.9778032898902893,2.7229366302490234
0.0,nan,nan,-0.039916276931762695,00000_001833_07,3.0,0.33797064423561096,0.31802552938461304,-0.9971945881843567,coef_energy_material_checkpoint_lambdas,0.0,4.461278438568115,2.4210283756256104,48,R1,3.867664247751236,1.0851553082466125
0.0,nan,nan,6.123917102813721,00000_001833_07,4.0,7.60603141784668,7.520040512084961,0.893046498298645,coef_energy_material_checkpoint_lambdas,0.0,4.381900310516357,2.4935946464538574,57,R1,4.06277260184288,0.5107557773590088
0.0,nan,nan,7.215830326080322,00000_001833_07,2.0,7.378659248352051,7.333021640777588,0.9991855025291443,coef_energy_material_checkpoint_lambdas,0.0,4.454932689666748,2.4363067150115967,60,R1,4.400772869586945,2.210187077522278
0.0,nan,nan,7.667952537536621,00000_001835_00,1.0,8.116087913513184,7.667952537536621,0.9893813133239746,coef_energy_material_checkpoint_lambdas,0.0,4.474912166595459,2.3963418006896973,0,R2,4.196995794773102,0.3802231252193451
0.0,nan,nan,6.645265579223633,00000_001835_00,2.0,7.316203594207764,7.312448501586914,0.8709426522254944,coef_energy_material_checkpoint_lambdas,0.0,4.493930816650391,2.348567008972168,3,R2,2.0231447219848633,0.26390331983566284
0.0,nan,nan,1.862513780593872,00000_001835_00,3.0,2.154259204864502,2.15000581741333,0.9891756176948547,coef_energy_material_checkpoint_lambdas,0.0,4.480459690093994,2.3778319358825684,6,R2,2.053622603416443,0.7746908664703369
0.0,nan,nan,3.707298755645752,00000_001835_00,1.0,3.748800277709961,2.1554994583129883,0.8875952959060669,coef_energy_material_checkpoint_lambdas,0.0,4.45440673828125,2.405395746231079,9,R2,2.0859342217445374,0.28256556391716003
0.0,nan,nan,3.9198288917541504,00000_001835_00,1.0,8.407061576843262,8.030712127685547,0.895384669303894,coef_energy_material_checkpoint_lambdas,0.0,4.490166187286377,2.347993850708008,27,R2,3.576698362827301,0.4118680953979492
0.0,nan,nan,-0.02852471172809601,00000_001835_00,1.0,0.574567437171936,0.5260316729545593,0.9979068040847778,coef_energy_material_checkpoint_lambdas,0.0,4.467254161834717,2.3645288944244385,42,R2,4.2899865210056305,2.35645791888237
0.0,nan,nan,-0.3352679908275604,00000_001835_00,2.0,0.36553409695625305,0.2801993489265442,0.7742563486099243,coef_energy_material_checkpoint_lambdas,0.0,4.459649562835693,2.365180492401123,45,R2,4.173343658447266,0.91756471991539
0.0,nan,nan,-0.04878225922584534,00000_001835_00,4.0,3.743114471435547,2.681051015853882,-0.9896933436393738,coef_energy_material_checkpoint_lambdas,0.0,4.390543460845947,2.4102818965911865,48,R2,4.327008426189423,4.377155601978302
0.0,nan,nan,0.00043347798055037856,00000_001835_00,5.0,0.0006612212164327502,0.0003366091987118125,0.9328390955924988,coef_energy_material_checkpoint_lambdas,0.0,4.412687301635742,2.3981518745422363,51,R2,4.248684525489807,3.857365667819977
0.0,nan,nan,0.1146862804889679,00000_001835_00,5.0,0.2589125335216522,0.23212659358978271,0.9999973177909851,coef_energy_material_checkpoint_lambdas,0.0,4.40776252746582,2.3998825550079346,54,R2,4.323901027441025,1.6573503017425537
0.0,nan,nan,6.989767551422119,00000_001835_00,4.0,6.989767551422119,4.943100452423096,0.9999933838844299,coef_energy_material_checkpoint_lambdas,0.0,4.391541957855225,2.417003870010376,57,R2,4.4007410407066345,0.5873666405677795
0.0,nan,nan,1.36946439743042,00000_001835_00,5.0,1.8241230249404907,1.8204115629196167,0.9279372096061707,coef_energy_material_checkpoint_lambdas,0.0,4.419388771057129,2.4125983715057373,63,R2,4.400120437145233,4.403130233287811
0.0,nan,nan,0.4098253846168518,00000_001835_00,11.0,0.4098253846168518,0.0,1.0,coef_energy_material_checkpoint_lambdas,0.0,4.4123406410217285,2.4459946155548096,66,R2,4.400000095367432,4.400000095367432
0.0,nan,nan,0.0,00000_001835_00,14.0,5.3981508244760334e-05,0.0,0.0,coef_energy_material_checkpoint_lambdas,0.0,4.42381477355957,2.4221973419189453,69,R2,4.399999916553497,4.400000095367432
0.0,nan,nan,0.0,00000_001835_00,15.0,6.939675056827355e-09,0.0,0.0,coef_energy_material_checkpoint_lambdas,0.0,4.5902862548828125,2.304286479949951,72,R2,4.400000095367432,4.400000095367432
0.0,nan,nan,-0.022547006607055664,00000_001835_01,4.0,2.576298713684082,2.294140100479126,-0.9335694909095764,coef_energy_material_checkpoint_lambdas,0.0,4.4878997802734375,2.3864617347717285,3,R1,3.0378815829753876,1.352437436580658
0.0,nan,nan,3.336996555328369,00000_001835_01,5.0,6.961302280426025,6.851090908050537,0.1669001281261444,coef_energy_material_checkpoint_lambdas,0.0,4.488658428192139,2.3853888511657715,6,R1,2.6163062155246735,0.34913331270217896
0.0,nan,nan,6.640360355377197,00000_001835_01,2.0,7.3109354972839355,7.307192802429199,0.8709233999252319,coef_energy_material_checkpoint_lambdas,0.0,4.49100923538208,2.3439855575561523,9,R1,2.0231447219848633,0.26390331983566284
0.0,nan,nan,1.8648297786712646,00000_001835_01,3.0,2.1567790508270264,2.1525380611419678,0.9891571998596191,coef_energy_material_checkpoint_lambdas,0.0,4.489526271820068,2.348020076751709,12,R1,2.053622603416443,0.7746908664703369
0.0,nan,nan,3.7221193313598633,00000_001835_01,1.0,3.7629690170288086,2.159162759780884,0.8869238495826721,coef_energy_material_checkpoint_lambdas,0.0,4.4837775230407715,2.360682487487793,15,R1,2.0859342217445374,0.28256556391716003
0.0,nan,nan,3.9224953651428223,00000_001835_01,1.0,8.412446975708008,8.035908699035645,0.8953754901885986,coef_energy_material_checkpoint_lambdas,0.0,4.493230819702148,2.3473100662231445,33,R1,3.576698362827301,0.4118680953979492
0.0,nan,nan,-0.028472617268562317,00000_001835_01,1.0,0.5769106149673462,0.528109073638916,0.9979256391525269,coef_energy_material_checkpoint_lambdas,0.0,4.465242385864258,2.3765807151794434,48,R1,4.2899865210056305,2.35645791888237
0.0,nan,nan,-0.33615627884864807,00000_001835_01,2.0,0.366195946931839,0.2802518606185913,0.7730322480201721,coef_energy_material_checkpoint_lambdas,0.0,4.478274822235107,2.3692128658294678,51,R1,4.173343658447266,0.91756471991539
0.0,nan,nan,4.918022155761719,00000_001835_01,2.0,7.122622489929199,7.120697975158691,0.8693078756332397,coef_energy_material_checkpoint_lambdas,0.0,4.440834999084473,2.3777809143066406,54,R1,4.296347141265869,0.48170697689056396
0.0,nan,nan,0.09482169151306152,00000_001835_01,5.0,4.420806407928467,3.192312002182007,0.4449878931045532,coef_energy_material_checkpoint_lambdas,1.0,4.375182628631592,2.4245312213897705,57,R1,4.132325261831284,4.3999550342559814
0.0,nan,nan,-4.417713716975413e-05,00000_001835_01,4.0,0.00015896392869763076,6.378512807714287e-06,-0.004016660153865814,coef_energy_material_checkpoint_lambdas,0.0,4.419424533843994,2.392484188079834,60,R1,4.168546557426453,4.410635232925415
0.0,nan,nan,0.4125261604785919,00000_001835_01,5.0,0.4125261604785919,0.29170769453048706,0.9999943971633911,coef_energy_material_checkpoint_lambdas,0.0,4.44083309173584,2.3897459506988525,63,R1,4.382091999053955,2.2106111645698547
0.0,nan,nan,0.3090204894542694,00000_001835_01,5.0,0.4739287495613098,0.3090204894542694,0.9932264089584351,coef_energy_material_checkpoint_lambdas,0.0,4.435642242431641,2.401339530944824,66,R1,4.399319589138031,1.1179137229919434
0.0,nan,nan,0.12916457653045654,00000_001835_01,7.0,2.85050892829895,1.922210693359375,0.996270477771759,coef_energy_material_checkpoint_lambdas,0.0,4.394865989685059,2.4551990032196045,72,R1,4.3991334438323975,4.400042235851288
0.0,nan,nan,0.00230754935182631,00000_001835_01,10.0,0.005193902645260096,0.00230754935182631,-0.9482911229133606,coef_energy_material_checkpoint_lambdas,0.0,4.4382734298706055,2.408562660217285,75,R1,4.400000095367432,4.400000095367432
0.0,nan,nan,3.32274225911533e-07,00000_001835_01,13.0,1.2052084912284045e-06,3.32274225911533e-07,0.0,coef_energy_material_checkpoint_lambdas,0.0,4.583254337310791,2.301936388015747,78,R1,4.400000095367432,4.400000095367432
0.0,nan,nan,7.40181827545166,00000_001835_02,1.0,7.713230609893799,7.401818752288818,0.9739372134208679,coef_energy_material_checkpoint_lambdas,0.0,4.464674949645996,2.4176738262176514,3,R2,4.229635655879974,0.4802600145339966
0.0,nan,nan,7.667952537536621,00000_001835_02,1.0,8.116087913513184,7.667952537536621,0.9893813133239746,coef_energy_material_checkpoint_lambdas,0.0,4.474912166595459,2.3963418006896973,6,R2,4.196995794773102,0.3802231252193451
0.0,nan,nan,6.649877071380615,00000_001835_02,2.0,7.32157564163208,7.317838668823242,0.8708996176719666,coef_energy_material_checkpoint_lambdas,0.0,4.49793004989624,2.3438596725463867,9,R2,2.0231447219848633,0.26390331983566284
0.0,nan,nan,1.8689295053482056,00000_001835_02,3.0,2.1614997386932373,2.1572515964508057,0.9891546368598938,coef_energy_material_checkpoint_lambdas,0.0,4.499857425689697,2.3488612174987793,12,R2,2.053622603416443,0.7746908664703369
0.0,nan,nan,3.723806142807007,00000_001835_02,1.0,3.7646398544311523,2.159933567047119,0.8868957161903381,coef_energy_material_checkpoint_lambdas,0.0,4.486294269561768,2.3594741821289062,15,R2,2.0859342217445374,0.28256556391716003
0.0,nan,nan,3.920182704925537,00000_001835_02,1.0,8.407710075378418,8.03134822845459,0.8953816890716553,coef_energy_material_checkpoint_lambdas,0.0,4.490573883056641,2.3474552631378174,33,R2,3.576698362827301,0.4118680953979492
0.0,nan,nan,-0.02848692238330841,00000_001835_02,1.0,0.5748760104179382,0.5262928009033203,0.9979127645492554,coef_energy_material_checkpoint_lambdas,0.0,4.463271141052246,2.36655855178833,48,R2,4.2899865210056305,2.35645791888237
0.0,nan,nan,-0.3351338505744934,00000_001835_02,2.0,0.36580905318260193,0.28102999925613403,0.7759262323379517,coef_energy_material_checkpoint_lambdas,0.0,4.448558807373047,2.3672873973846436,51,R2,4.173343658447266,0.91756471991539
0.0,nan,nan,-0.048699744045734406,00000_001835_02,4.0,3.753390312194824,2.688260316848755,-0.989701509475708,coef_energy_material_checkpoint_lambdas,0.0,4.40084171295166,2.40620493888855,54,R2,4.327008426189423,4.377155601978302
0.0,nan,nan,0.0004343127366155386,00000_001835_02,5.0,0.0006618184852413833,0.0003364076546858996,0.9331583976745605,coef_energy_material_checkpoint_lambdas,0.0,4.406524658203125,2.3994500637054443,57,R2,4.248684525489807,3.857365667819977
0.0,nan,nan,0.11485408991575241,00000_001835_02,5.0,0.2592913806438446,0.2324662208557129,0.9999971985816956,coef_energy_material_checkpoint_lambdas,0.0,4.414271831512451,2.400280475616455,60,R2,4.323901027441025,1.6573503017425537
0.0,nan,nan,6.989767551422119,00000_001835_02,4.0,6.989767551422119,4.943100452423096,0.9999933838844299,coef_energy_material_checkpoint_lambdas,0.0,4.391541957855225,2.417003870010376,63,R2,4.4007410407066345,0.5873666405677795
0.0,nan,nan,1.3529245853424072,00000_001835_02,5.0,1.8023242950439453,1.7986741065979004,0.9279917478561401,coef_energy_material_checkpoint_lambdas,0.0,4.364983558654785,2.443614959716797,69,R2,4.400120437145233,4.403130233287811
0.0,nan,nan,0.402727872133255,00000_001835_02,11.0,0.402727872133255,0.2847716212272644,1.0,coef_energy_material_checkpoint_lambdas,0.0,4.335161209106445,2.458801507949829,72,R2,4.400000095367432,4.400000095367432
0.0,nan,nan,-2.824215926011675e-06,00000_001835_02,15.0,6.299109372776002e-06,1.9843459995172452e-06,0.0,coef_energy_material_checkpoint_lambdas,0.0,4.306668758392334,2.4749743938446045,75,R2,4.400000095367432,4.400000095367432
0.0,nan,nan,-1.6200905200713933e-11,00000_001835_02,16.0,2.9190282135882484e-11,5.714017800584337e-12,0.0,coef_energy_material_checkpoint_lambdas,0.0,4.485540866851807,2.35280442237854,78,R2,4.400000095367432,4.400000095367432
0.0,nan,nan,2.5866074562072754,00000_001835_03,4.0,2.659512758255005,2.5866074562072754,-0.18096891045570374,coef_energy_material_checkpoint_lambdas,0.0,4.503237247467041,2.3521721363067627,0,R2,2.3782032132148743,1.529745191335678
0.0,nan,nan,0.28887397050857544,00000_001835_03,3.0,0.39456695318222046,0.3785723149776459,0.9553945064544678,coef_energy_material_checkpoint_lambdas,0.0,4.489320278167725,2.349736452102661,3,R2,2.12896192073822,0.7635542750358582
0.0,nan,nan,2.25453519821167,00000_001835_03,2.0,6.311500549316406,4.264471530914307,0.975847601890564,coef_energy_material_checkpoint_lambdas,0.0,4.4893388748168945,2.362734317779541,6,R2,2.1843328177928925,0.2685754895210266
0.0,nan,nan,0.06272262334823608,00000_001835_03,1.0,0.5677838325500488,0.4766826629638672,0.8658550977706909,coef_energy_material_checkpoint_lambdas,0.0,4.485442161560059,2.3695068359375,39,R2,4.337219715118408,2.8726421296596527
0.0,nan,nan,-0.2719419598579407,00000_001835_03,2.0,0.6202018857002258,0.6201724410057068,0.9996351003646851,coef_energy_material_checkpoint_lambdas,0.0,4.4684247970581055,2.3835690021514893,42,R2,4.206399589776993,1.39177405834198
0.0,nan,nan,0.7870821952819824,00000_001835_03,2.0,7.272241592407227,5.668595790863037,0.9833500385284424,coef_energy_material_checkpoint_lambdas,0.0,4.483001232147217,2.386106014251709,45,R2,4.260228514671326,0.4531317949295044
0.0,nan,nan,6.174060344696045,00000_001835_03,2.0,8.556355476379395,8.171481132507324,0.9490363597869873,coef_energy_material_checkpoint_lambdas,0.0,4.464770793914795,2.3964476585388184,48,R2,4.378781497478485,0.5655019283294678
0.0,nan,nan,4.695933818817139,00000_001835_03,5.0,7.323668003082275,5.619992733001709,0.6846315264701843,coef_energy_material_checkpoint_lambdas,0.0,4.4683332443237305,2.3952763080596924,51,R2,4.368239998817444,4.368239998817444
0.0,nan,nan,-0.041227977722883224,00000_001835_03,6.0,0.10570221394300461,0.10549268871545792,0.9356372356414795,coef_energy_material_checkpoint_lambdas,0.0,4.450963020324707,2.397914171218872,54,R2,4.388080298900604,4.392907023429871
0.0,nan,nan,0.04272234067320824,00000_001835_03,4.0,0.04775131493806839,2.744421362876892e-05,0.14067207276821136,coef_energy_material_checkpoint_lambdas,0.0,4.451817512512207,2.3845856189727783,57,R2,4.398165583610535,3.853432059288025
0.0,nan,nan,0.028409477323293686,00000_001835_03,7.0,0.030766859650611877,0.011811066418886185,0.6272855997085571,coef_energy_material_checkpoint_lambdas,0.0,4.442513942718506,2.4053831100463867,60,R2,3.867327868938446,1.6606721878051758
0.0,nan,nan,0.09574633836746216,00000_001835_03,5.0,1.9558720588684082,1.7901067733764648,0.9990949034690857,coef_energy_material_checkpoint_lambdas,0.0,4.429293155670166,2.4299161434173584,63,R2,4.305404365062714,4.40352475643158
0.0,nan,nan,3.967038631439209,00000_001835_03,5.0,3.9712705612182617,3.967038631439209,0.9991061091423035,coef_energy_material_checkpoint_lambdas,0.0,4.38862419128418,2.4529833793640137,66,R2,4.398874878883362,3.3079010248184204
0.0,nan,nan,0.04732551798224449,00000_001835_03,6.0,0.053375229239463806,0.05336743965744972,0.9467208981513977,coef_energy_material_checkpoint_lambdas,0.0,4.548582077026367,2.3237991333007812,69,R2,4.39892578125,1.6572986841201782
0.0,nan,nan,0.012040622532367706,00000_001835_04,5.0,0.07085259258747101,0.05788562819361687,-0.3682297468185425,coef_energy_material_checkpoint_lambdas,1.0,4.5059638023376465,2.3650882244110107,0,R2,3.7241004705429077,3.9797039330005646
0.0,nan,nan,0.010173019953072071,00000_001835_04,5.0,0.011777924373745918,0.005935416556894779,0.999772310256958,coef_energy_material_checkpoint_lambdas,0.0,4.497590065002441,2.3541762828826904,3,R2,3.0960081815719604,3.0960081815719604
0.0,nan,nan,0.3311467468738556,00000_001835_04,4.0,0.5326257944107056,0.06082865223288536,0.9971643090248108,coef_energy_material_checkpoint_lambdas,0.0,4.500597953796387,2.353483200073242,6,R2,2.405624568462372,2.2678204774856567
0.0,nan,nan,4.2886576652526855,00000_001835_04,4.0,4.298746585845947,4.2886576652526855,0.3133006989955902,coef_energy_material_checkpoint_lambdas,0.0,4.496673583984375,2.352034568786621,9,R2,2.1744737923145294,1.2657058537006378
0.0,nan,nan,0.13372042775154114,00000_001835_04,4.0,0.2504343092441559,0.024907678365707397,0.9292975664138794,coef_energy_material_checkpoint_lambdas,0.0,4.500393867492676,2.3472836017608643,12,R2,2.08440962433815,0.5133023858070374
0.0,nan,nan,3.9186222553253174,00000_001835_04,1.0,8.404324531555176,8.028120994567871,0.8953806757926941,coef_energy_material_checkpoint_lambdas,0.0,4.488788604736328,2.3462560176849365,33,R2,3.576698362827301,0.4118680953979492
0.0,nan,nan,-0.0284421443939209,00000_001835_04,1.0,0.5724931359291077,0.5241408348083496,0.9979044795036316,coef_energy_material_checkpoint_lambdas,0.0,4.453578948974609,2.3557004928588867,48,R2,4.2899865210056305,2.35645791888237
0.0,nan,nan,-0.3364565372467041,00000_001835_04,2.0,0.37026581168174744,0.04024677351117134,0.7872899770736694,coef_energy_material_checkpoint_lambdas,1.0,4.401106357574463,2.397958755493164,51,R2,4.173343658447266,4.321156561374664
0.0,nan,nan,0.020645320415496826,00000_001835_04,3.0,0.060892049223184586,0.04781704023480415,0.9926285147666931,coef_energy_material_checkpoint_lambdas,0.0,4.426418304443359,2.386768341064453,54,R2,4.217161446809769,4.4072354435920715
0.0,nan,nan,0.08889079093933105,00000_001835_04,5.0,0.2589266896247864,0.24319018423557281,0.9928255677223206,coef_energy_material_checkpoint_lambdas,0.0,4.446993827819824,2.3802590370178223,57,R2,4.26674947142601,2.2072575092315674
0.0,nan,nan,1.7051067352294922,00000_001835_04,7.0,2.864635705947876,2.554535388946533,0.9888931512832642,coef_energy_material_checkpoint_lambdas,0.0,4.456778049468994,2.3724513053894043,60,R2,4.378781497478485,4.420287787914276
0.0,nan,nan,7.223865985870361,00000_001835_04,4.0,7.223865985870361,5.108608722686768,0.9999933242797852,coef_energy_material_checkpoint_lambdas,0.0,4.549421787261963,2.315974235534668,63,R2,4.4007410407066345,0.5873666405677795
0.0,nan,nan,2.584364652633667,00000_001835_05,4.0,2.6570048332214355,2.584364652633667,-0.18065640330314636,coef_energy_material_checkpoint_lambdas,0.0,4.499253749847412,2.353050947189331,0,R1,2.3782032132148743,1.529745191335678
0.0,nan,nan,0.28884077072143555,00000_001835_05,3.0,0.3945159316062927,0.37852510809898376,0.9553900957107544,coef_energy_material_checkpoint_lambdas,0.0,4.4889631271362305,2.348064422607422,3,R1,2.12896192073822,0.7635542750358582
0.0,nan,nan,2.2551751136779785,00000_001835_05,2.0,6.313179016113281,4.2655744552612305,0.9758461713790894,coef_energy_material_checkpoint_lambdas,0.0,4.490667819976807,2.361638069152832,6,R1,2.1843328177928925,0.2685754895210266
0.0,nan,nan,0.06273896992206573,00000_001835_05,1.0,0.5682105422019958,0.4770577549934387,0.8658825159072876,coef_energy_material_checkpoint_lambdas,0.0,4.488389492034912,2.37168025970459,39,R1,4.337219715118408,2.8726421296596527
0.0,nan,nan,-0.2718902826309204,00000_001835_05,2.0,0.6200492978096008,0.6200200319290161,0.9996345043182373,coef_energy_material_checkpoint_lambdas,0.0,4.471840858459473,2.3827340602874756,42,R1,4.206399589776993,1.39177405834198
0.0,nan,nan,0.7865185737609863,00000_001835_05,2.0,7.267025470733643,5.6645307540893555,0.9833499789237976,coef_energy_material_checkpoint_lambdas,0.0,4.479790210723877,2.3841347694396973,45,R1,4.260228514671326,0.4531317949295044
0.0,nan,nan,6.173277378082275,00000_001835_05,2.0,8.55527114868164,8.170445442199707,0.9490364789962769,coef_energy_material_checkpoint_lambdas,0.0,4.464202880859375,2.39615797996521,48,R1,4.378781497478485,0.5655019283294678
0.0,nan,nan,4.696468830108643,00000_001835_05,5.0,7.324382781982422,5.620477199554443,0.6846414804458618,coef_energy_material_checkpoint_lambdas,0.0,4.468711853027344,2.397092342376709,51,R1,4.368239998817444,4.368239998817444
0.0,nan,nan,-0.04130705073475838,00000_001835_05,6.0,0.10694989562034607,0.10670915246009827,0.937088668346405,coef_energy_material_checkpoint_lambdas,0.0,4.454098701477051,2.418509006500244,54,R1,4.388080298900604,4.392907023429871
0.0,nan,nan,0.04156184569001198,00000_001835_05,4.0,0.04774419218301773,0.002429559826850891,0.19143496453762054,coef_energy_material_checkpoint_lambdas,0.0,4.4127092361450195,2.463489294052124,57,R1,4.398165583610535,3.853432059288025
0.0,nan,nan,1.2346131801605225,00000_001835_05,5.0,2.657364845275879,1.8419756889343262,-0.9231835007667542,coef_energy_material_checkpoint_lambdas,0.0,4.50944709777832,2.3862526416778564,60,R1,4.38772177696228,0.5414155721664429
0.0,nan,nan,5.61496639251709,00000_001835_06,3.0,7.602206707000732,7.314151763916016,-0.6244147419929504,coef_energy_material_checkpoint_lambdas,0.0,4.487451553344727,2.352095127105713,3,R1,4.088809549808502,0.3704310357570648
0.0,nan,nan,2.176497220993042,00000_001835_06,6.0,2.6433801651000977,1.5001060962677002,-0.30087047815322876,coef_energy_material_checkpoint_lambdas,0.0,4.500638961791992,2.343226909637451,6,R1,2.1915388107299805,2.1915388107299805
0.0,nan,nan,0.16449248790740967,00000_001835_06,4.0,0.265463262796402,0.03101743943989277,0.9995601773262024,coef_energy_material_checkpoint_lambdas,0.0,4.505559921264648,2.340879201889038,9,R1,2.0246503949165344,1.5296810865402222
0.0,nan,nan,0.052679821848869324,00000_001835_06,2.0,0.05326652526855469,0.04282516986131668,0.30034583806991577,coef_energy_material_checkpoint_lambdas,0.0,4.505601406097412,2.335582733154297,12,R1,2.927468329668045,0.7670384347438812
0.0,nan,nan,4.9215264320373535,00000_001835_06,2.0,5.476388931274414,2.4019598960876465,0.994864821434021,coef_energy_material_checkpoint_lambdas,0.0,4.498079299926758,2.3225910663604736,15,R1,2.1915388107299805,0.2797134518623352
0.0,nan,nan,0.06278526782989502,00000_001835_06,1.0,0.5678956508636475,0.4767490327358246,0.8658104538917542,coef_energy_material_checkpoint_lambdas,0.0,4.487017631530762,2.3693320751190186,48,R1,4.337219715118408,2.8726421296596527
0.0,nan,nan,-0.2719595730304718,00000_001835_06,2.0,0.6202531456947327,0.6202236413955688,0.9996354579925537,coef_energy_material_checkpoint_lambdas,0.0,4.467345237731934,2.383845806121826,51,R1,4.206399589776993,1.39177405834198
0.0,nan,nan,0.7872681617736816,00000_001835_06,2.0,7.274356842041016,5.670217514038086,0.9833509922027588,coef_energy_material_checkpoint_lambdas,0.0,4.484161853790283,2.3954885005950928,54,R1,4.260228514671326,0.4531317949295044
0.0,nan,nan,6.1768293380737305,00000_001835_06,2.0,8.560770988464355,8.175519943237305,0.9490585923194885,coef_energy_material_checkpoint_lambdas,0.0,4.466127872467041,2.404974937438965,57,R1,4.378781497478485,0.5655019283294678
0.0,nan,nan,7.906167984008789,00000_001835_06,1.0,7.92299747467041,5.22554874420166,0.5605967044830322,coef_energy_material_checkpoint_lambdas,0.0,4.458017826080322,2.4023871421813965,60,R1,4.379348993301392,0.4982492923736572
0.0,nan,nan,0.08679760992527008,00000_001835_06,5.0,0.24193327128887177,0.22582709789276123,0.7017138600349426,coef_energy_material_checkpoint_lambdas,0.0,4.470711708068848,2.400974750518799,63,R1,4.323138177394867,4.323138177394867
0.0,nan,nan,0.5521840453147888,00000_001835_06,5.0,0.5524775385856628,0.2308398187160492,-0.2200113832950592,coef_energy_material_checkpoint_lambdas,0.0,4.4182963371276855,2.453040599822998,66,R1,4.37585723400116,3.827338755130768
0.0,nan,nan,1.2346131801605225,00000_001835_06,5.0,2.657364845275879,1.8419756889343262,-0.9231835007667542,coef_energy_material_checkpoint_lambdas,0.0,4.50944709777832,2.3862526416778564,69,R1,4.38772177696228,0.5414155721664429
0.0,nan,nan,5.61496639251709,00000_001835_07,3.0,7.602206707000732,7.314151763916016,-0.6244147419929504,coef_energy_material_checkpoint_lambdas,0.0,4.487451553344727,2.352095127105713,3,R2,4.088809549808502,0.3704310357570648
0.0,nan,nan,2.176729917526245,00000_001835_07,6.0,2.643845558166504,1.5005886554718018,-0.30096617341041565,coef_energy_material_checkpoint_lambdas,0.0,4.501288890838623,2.3423616886138916,6,R2,2.1915388107299805,2.1915388107299805
0.0,nan,nan,0.16445393860340118,00000_001835_07,4.0,0.26540276408195496,0.031011715531349182,0.9995602369308472,coef_energy_material_checkpoint_lambdas,0.0,4.503754615783691,2.3403542041778564,9,R2,2.0246503949165344,1.5296810865402222
0.0,nan,nan,0.05272896587848663,00000_001835_07,2.0,0.05329469218850136,0.04276132583618164,0.297746479511261,coef_energy_material_checkpoint_lambdas,0.0,4.511833667755127,2.329859733581543,12,R2,2.927468329668045,0.7670384347438812
0.0,nan,nan,4.907760143280029,00000_001835_07,2.0,5.461033344268799,2.3951573371887207,0.9948662519454956,coef_energy_material_checkpoint_lambdas,0.0,4.484858989715576,2.322664499282837,15,R2,2.1915388107299805,0.2797134518623352
0.0,nan,nan,0.06273864209651947,00000_001835_07,1.0,0.5677219033241272,0.4766181707382202,0.8658348321914673,coef_energy_material_checkpoint_lambdas,0.0,4.485267639160156,2.3689565658569336,48,R2,4.337219715118408,2.8726421296596527
0.0,nan,nan,-0.27185383439064026,00000_001835_07,2.0,0.6199735403060913,0.6199442148208618,0.9996345639228821,coef_energy_material_checkpoint_lambdas,0.0,4.47033166885376,2.382495880126953,51,R2,4.206399589776993,1.39177405834198
0.0,nan,nan,0.7855260372161865,00000_001835_07,2.0,7.257190704345703,5.656909465789795,0.9833481311798096,coef_energy_material_checkpoint_lambdas,0.0,4.4739670753479,2.3663930892944336,54,R2,4.260228514671326,0.4531317949295044
0.0,nan,nan,6.100712776184082,00000_001835_07,2.0,8.457122802734375,8.07596492767334,0.949130117893219,coef_energy_material_checkpoint_lambdas,0.0,4.40903377532959,2.3991098403930664,57,R2,4.378781497478485,0.5655019283294678
0.0,nan,nan,-0.08352313935756683,00000_001835_07,4.0,0.25528210401535034,0.11151694506406784,0.5972075462341309,coef_energy_material_checkpoint_lambdas,0.0,4.369625568389893,2.427302837371826,60,R2,4.350602507591248,4.400146067142487
0.0,nan,nan,0.0007389009115286171,00000_001835_07,5.0,0.0007468939293175936,0.0004454234440345317,0.0,coef_energy_material_checkpoint_lambdas,0.0,4.429222106933594,2.3941545486450195,63,R2,4.227859854698181,3.879822611808777
0.0,nan,nan,0.46255040168762207,00000_001835_07,5.0,0.49091798067092896,0.46255040168762207,0.9935797452926636,coef_energy_material_checkpoint_lambdas,0.0,4.438617706298828,2.3985185623168945,66,R2,4.398962914943695,1.6680723428726196
0.0,nan,nan,3.755159854888916,00000_001835_07,1.0,3.8180439472198486,0.690097987651825,0.9673529267311096,coef_energy_material_checkpoint_lambdas,0.0,4.428587913513184,2.4167850017547607,69,R2,4.403566300868988,0.5826373100280762
0.0,nan,nan,6.907565593719482,00000_001835_07,6.0,6.961243629455566,4.2742838859558105,0.988543689250946,coef_energy_material_checkpoint_lambdas,0.0,4.421754360198975,2.435457944869995,72,R2,4.400250792503357,4.401154518127441
0.0,nan,nan,-0.038061611354351044,00000_001835_07,9.0,0.06874203681945801,0.038061611354351044,-0.8517105579376221,coef_energy_material_checkpoint_lambdas,0.0,4.358879089355469,2.477397918701172,75,R2,4.399673163890839,4.399999916553497
0.0,nan,nan,6.656162440776825e-06,00000_001835_07,13.0,2.0959216271876357e-05,6.656162440776825e-06,0.0,coef_energy_material_checkpoint_lambdas,0.0,4.5392279624938965,2.329108953475952,78,R2,4.400000095367432,4.400000095367432
0.0,nan,nan,0.01298239640891552,00000_001836_00,4.0,0.07190822809934616,0.05919119343161583,0.4103292226791382,coef_energy_material_checkpoint_lambdas,1.0,4.503068447113037,2.3631157875061035,0,R2,3.722746878862381,3.97985503077507
0.0,nan,nan,0.010179873555898666,00000_001836_00,5.0,0.012561516836285591,0.007359475828707218,0.9999953508377075,coef_energy_material_checkpoint_lambdas,0.0,4.497622966766357,2.352276086807251,3,R2,3.0990637838840485,3.0990637838840485
0.0,nan,nan,0.16936397552490234,00000_001836_00,4.0,0.60285884141922,0.28935927152633667,0.9995532035827637,coef_energy_material_checkpoint_lambdas,0.0,4.501885414123535,2.3505356311798096,6,R2,2.511030226945877,2.2708799242973328
0.0,nan,nan,-1.6806766986846924,00000_001836_00,3.0,4.404191970825195,4.3927459716796875,0.03963081166148186,coef_energy_material_checkpoint_lambdas,0.0,4.503942012786865,2.3427727222442627,9,R2,3.6019037067890167,1.2678318321704865
0.0,nan,nan,0.11935361474752426,00000_001836_00,3.0,0.12375569343566895,0.0921231135725975,0.8642725944519043,coef_energy_material_checkpoint_lambdas,0.0,4.502015590667725,2.3423984050750732,12,R2,2.049012452363968,0.5131233632564545
0.0,nan,nan,3.988776206970215,00000_001836_00,1.0,8.423538208007812,8.06671142578125,0.9580243229866028,coef_energy_material_checkpoint_lambdas,0.0,4.488381385803223,2.349235773086548,33,R2,3.5299341678619385,0.43036431074142456
0.0,nan,nan,3.672196388244629,00000_001836_00,1.0,4.699494361877441,4.265264987945557,0.9974552989006042,coef_energy_material_checkpoint_lambdas,0.0,4.47814416885376,2.3646249771118164,42,R2,3.564434230327606,3.042857587337494
0.0,nan,nan,0.3068804144859314,00000_001836_00,2.0,0.306938111782074,0.14256379008293152,0.9880832433700562,coef_energy_material_checkpoint_lambdas,0.0,4.466512680053711,2.3497300148010254,45,R2,3.102383255958557,1.6224359273910522
0.0,nan,nan,6.550405502319336,00000_001836_00,1.0,7.4403605461120605,6.0855231285095215,0.5589927434921265,coef_energy_material_checkpoint_lambdas,0.0,4.448843479156494,2.363956928253174,48,R2,3.932511806488037,0.5019745230674744
0.0,nan,nan,7.17850399017334,00000_001836_00,2.0,8.399067878723145,8.370696067810059,0.9984056353569031,coef_energy_material_checkpoint_lambdas,0.0,4.475245475769043,2.3461391925811768,54,R2,4.002278625965118,0.5675045251846313
0.0,nan,nan,3.8132266998291016,00000_001836_00,1.0,3.8655261993408203,2.2482545375823975,0.9965518116950989,coef_energy_material_checkpoint_lambdas,0.0,4.408624649047852,2.408864974975586,57,R2,4.402685165405273,0.59136962890625
0.0,nan,nan,2.701087474822998,00000_001836_00,6.0,2.8529469966888428,0.9183868169784546,0.9818562865257263,coef_energy_material_checkpoint_lambdas,0.0,4.416365146636963,2.3986239433288574,66,R2,4.40001368522644,4.40001368522644
0.0,nan,nan,0.0005128572811372578,00000_001836_00,9.0,0.0007446676609106362,1.9132117813569494e-05,0.0,coef_energy_material_checkpoint_lambdas,0.0,4.42884635925293,2.391705274581909,69,R2,4.400000095367432,4.400000095367432
0.0,nan,nan,4.818131742467813e-07,00000_001836_00,13.0,1.0230145335299312e-06,9.024493579090631e-07,0.0,coef_energy_material_checkpoint_lambdas,0.0,4.479621887207031,2.3615150451660156,72,R2,4.400000095367432,4.400000095367432
0.0,nan,nan,1.3224741302053644e-08,00000_001836_00,14.0,2.2736672988799e-08,3.726587483043886e-09,0.0,coef_energy_material_checkpoint_lambdas,0.0,4.555862903594971,2.336698055267334,75,R2,4.400000095367432,4.400000095367432
0.0,nan,nan,4.162422180175781,00000_001836_01,3.0,5.878409385681152,5.579320907592773,0.9994668960571289,coef_energy_material_checkpoint_lambdas,0.0,4.489001750946045,2.330132007598877,0,R1,2.049012452363968,0.30127763748168945
0.0,nan,nan,5.26528787612915,00000_001836_01,3.0,5.852593898773193,5.26528787612915,0.9284838438034058,coef_energy_material_checkpoint_lambdas,0.0,4.474034786224365,2.31018328666687,3,R1,2.0531002283096313,0.3213067054748535
0.0,nan,nan,8.262853622436523,00000_001836_01,1.0,8.592521667480469,8.262853622436523,0.9901579022407532,coef_energy_material_checkpoint_lambdas,0.0,4.486448287963867,2.3164401054382324,6,R1,2.1171809136867523,0.3368041217327118
0.0,nan,nan,6.83351469039917,00000_001836_01,1.0,7.912725925445557,6.624155521392822,0.9669224619865417,coef_energy_material_checkpoint_lambdas,0.0,4.480303764343262,2.3626468181610107,33,R1,3.4611902832984924,3.428153336048126
0.0,nan,nan,0.4739511013031006,00000_001836_01,1.0,0.7675108909606934,0.7519153356552124,0.5539934635162354,coef_energy_material_checkpoint_lambdas,0.0,4.470252513885498,2.360589027404785,36,R1,3.2528964579105377,2.159843623638153
0.0,nan,nan,2.6865150928497314,00000_001836_01,1.0,2.9072253704071045,2.195265531539917,0.4259069561958313,coef_energy_material_checkpoint_lambdas,0.0,4.449274063110352,2.3619136810302734,39,R1,3.567072808742523,0.528863787651062
0.0,nan,nan,8.055310249328613,00000_001836_01,1.0,8.05539321899414,8.05531120300293,0.9975178241729736,coef_energy_material_checkpoint_lambdas,0.0,4.438689231872559,2.3826608657836914,48,R1,4.402710139751434,0.5675000548362732
0.0,nan,nan,6.284238338470459,00000_001836_01,2.0,7.032041549682617,4.98093843460083,0.9985582232475281,coef_energy_material_checkpoint_lambdas,0.0,4.42115592956543,2.3995206356048584,57,R1,4.400987267494202,4.4010549783706665
0.0,nan,nan,0.006618819199502468,00000_001836_01,6.0,0.007640935480594635,0.0019806635100394487,0.9021710753440857,coef_energy_material_checkpoint_lambdas,0.0,4.412631511688232,2.407064914703369,60,R1,4.400000095367432,4.400000095367432
0.0,nan,nan,1.2936380926475977e-06,00000_001836_01,12.0,1.6122057786560617e-06,2.3440664165264025e-07,0.0,coef_energy_material_checkpoint_lambdas,0.0,4.436190605163574,2.407214879989624,63,R1,4.400000095367432,4.400000095367432
0.0,nan,nan,1.6317325268744298e-10,00000_001836_01,16.0,1.748149264235721e-10,7.10258310498979e-11,0.0,coef_energy_material_checkpoint_lambdas,0.0,4.4255170822143555,2.4239425659179688,66,R1,4.400000095367432,4.400000095367432
0.0,nan,nan,-5.947559610607056e-13,00000_001836_01,16.0,6.534391083778956e-13,5.947559610607056e-13,0.0,coef_energy_material_checkpoint_lambdas,0.0,4.484792709350586,2.3817946910858154,69,R1,4.400000095367432,4.400000095367432
0.0,nan,nan,7.442014694213867,00000_001836_02,1.0,7.773143768310547,7.442015171051025,0.9891549944877625,coef_energy_material_checkpoint_lambdas,0.0,4.465424060821533,2.4189133644104004,0,R1,4.213547170162201,0.4399043321609497
0.0,nan,nan,8.529327392578125,00000_001836_02,1.0,8.533307075500488,8.529327392578125,0.9666340351104736,coef_energy_material_checkpoint_lambdas,0.0,4.487874984741211,2.3828911781311035,3,R1,3.99721497297287,0.333894282579422
0.0,nan,nan,8.369267463684082,00000_001836_02,1.0,8.693103790283203,8.369267463684082,0.998675525188446,coef_energy_material_checkpoint_lambdas,0.0,4.492424964904785,2.3776936531066895,6,R1,2.0892623960971832,0.26447415351867676
0.0,nan,nan,1.6287845373153687,00000_001836_02,3.0,1.6355140209197998,1.390546441078186,0.9170957803726196,coef_energy_material_checkpoint_lambdas,0.0,4.447017192840576,2.4093682765960693,9,R1,2.0303967893123627,0.7770889401435852
0.0,nan,nan,7.359436511993408,00000_001836_02,1.0,8.584964752197266,8.329632759094238,0.8978282809257507,coef_energy_material_checkpoint_lambdas,0.0,4.48752498626709,2.349656581878662,30,R1,3.4946137368679047,0.4388440251350403
0.0,nan,nan,0.4753193259239197,00000_001836_02,2.0,3.0492775440216064,2.9065871238708496,0.45717912912368774,coef_energy_material_checkpoint_lambdas,0.0,4.481086254119873,2.367537021636963,39,R1,3.604970872402191,2.644265294075012
0.0,nan,nan,0.6949953436851501,00000_001836_02,1.0,0.7434073090553284,0.5468382835388184,0.9233131408691406,coef_energy_material_checkpoint_lambdas,0.0,4.473089218139648,2.3714394569396973,42,R1,3.2297218441963196,1.0741129517555237
0.0,nan,nan,0.10882696509361267,00000_001836_02,3.0,0.37685513496398926,0.3713780343532562,0.6483460664749146,coef_energy_material_checkpoint_lambdas,1.0,4.469829559326172,2.409196615219116,48,R1,3.4089079797267914,4.394999086856842
0.0,nan,nan,-0.20155388116836548,00000_001836_02,3.0,0.3992498517036438,0.3983926773071289,0.1018432155251503,coef_energy_material_checkpoint_lambdas,1.0,4.415771484375,2.4619245529174805,51,R1,3.5441604256629944,4.396233379840851
0.0,nan,nan,6.961662769317627,00000_001836_02,1.0,7.8484787940979,6.961662769317627,-0.019068850204348564,coef_energy_material_checkpoint_lambdas,0.0,4.383723735809326,2.489218235015869,54,R1,4.377744197845459,0.47252631187438965
0.0,nan,nan,6.8978095054626465,00000_001836_02,4.0,6.91558837890625,6.700547218322754,0.45858773589134216,coef_energy_material_checkpoint_lambdas,0.0,4.375540256500244,2.4957985877990723,57,R1,4.151099920272827,2.3638668060302734
0.0,nan,nan,0.03407013416290283,00000_001836_02,3.0,4.54576301574707,3.1901583671569824,0.6134507060050964,coef_energy_material_checkpoint_lambdas,0.0,4.375356197357178,2.500645637512207,60,R1,3.800678938627243,0.5486462712287903
0.0,nan,nan,2.6449320316314697,00000_001836_02,2.0,2.9387729167938232,2.644932270050049,0.9921659231185913,coef_energy_material_checkpoint_lambdas,0.0,4.430717945098877,2.4513087272644043,63,R1,4.400393009185791,1.6589035987854004
0.0,nan,nan,6.74458122253418,00000_001836_02,1.0,6.808815956115723,6.74458122253418,0.9999797940254211,coef_energy_material_checkpoint_lambdas,0.0,4.530752182006836,2.362948179244995,72,R1,4.402771770954132,0.5656194090843201
0.0,nan,nan,-0.19609865546226501,00000_001836_02,1.0,0.41354984045028687,0.11879485845565796,0.9482221007347107,coef_energy_material_checkpoint_lambdas,0.0,4.594231605529785,2.310488224029541,75,R1,4.404701352119446,3.3089099526405334
0.0,nan,nan,7.536161422729492,00000_001836_03,1.0,8.008489608764648,7.536161422729492,0.9726111888885498,coef_energy_material_checkpoint_lambdas,0.0,4.4754228591918945,2.397542715072632,0,R1,4.196614444255829,0.3428860306739807
0.0,nan,nan,6.4218010902404785,00000_001836_03,2.0,8.547791481018066,8.26673698425293,0.9478075504302979,coef_energy_material_checkpoint_lambdas,0.0,4.493486404418945,2.365464687347412,3,R1,2.0255727767944336,0.2794676721096039
0.0,nan,nan,1.4092130661010742,00000_001836_03,2.0,2.1862547397613525,2.0079448223114014,0.9974893927574158,coef_energy_material_checkpoint_lambdas,0.0,4.488422393798828,2.375370502471924,6,R1,2.0405349731445312,1.0291116535663605
0.0,nan,nan,3.9881041049957275,00000_001836_03,1.0,8.422182083129883,8.06540298461914,0.9580255150794983,coef_energy_material_checkpoint_lambdas,0.0,4.487597465515137,2.349531650543213,27,R1,3.5299341678619385,0.43036431074142456
0.0,nan,nan,3.6719729900360107,00000_001836_03,1.0,4.6991753578186035,4.264958381652832,0.9974560737609863,coef_energy_material_checkpoint_lambdas,0.0,4.477293968200684,2.3663482666015625,36,R1,3.564434230327606,3.042857587337494
0.0,nan,nan,0.30935055017471313,00000_001836_03,2.0,0.309403657913208,0.14347326755523682,0.988215446472168,coef_energy_material_checkpoint_lambdas,0.0,4.477532386779785,2.3696722984313965,39,R1,3.102383255958557,1.6224359273910522
0.0,nan,nan,6.586942195892334,00000_001836_03,1.0,7.482143878936768,6.12000036239624,0.559050977230072,coef_energy_material_checkpoint_lambdas,0.0,4.4736151695251465,2.379908323287964,42,R1,3.932511806488037,0.5019745230674744
0.0,nan,nan,1.5022165775299072,00000_001836_03,2.0,2.6746299266815186,2.21291446685791,0.5301979780197144,coef_energy_material_checkpoint_lambdas,0.0,4.47651481628418,2.386610746383667,45,R1,4.386466026306152,4.386466026306152
0.0,nan,nan,-0.15696001052856445,00000_001836_03,4.0,0.3057129681110382,0.3048415780067444,-0.2420368492603302,coef_energy_material_checkpoint_lambdas,1.0,4.45306921005249,2.4265453815460205,48,R1,3.2473058104515076,4.396212339401245
0.0,nan,nan,-0.1534212827682495,00000_001836_03,3.0,0.37316814064979553,0.2741985619068146,-0.9314687848091125,coef_energy_material_checkpoint_lambdas,0.0,4.386266231536865,2.487147331237793,51,R1,4.273404479026794,1.5741074681282043
0.0,nan,nan,5.382551193237305,00000_001836_03,5.0,6.978518009185791,6.946727752685547,-0.8913467526435852,coef_energy_material_checkpoint_lambdas,0.0,4.46829891204834,2.427572727203369,54,R1,4.279781222343445,3.3076783418655396
0.0,nan,nan,0.12072182446718216,00000_001836_03,4.0,0.5167712569236755,0.2699386179447174,0.9894098043441772,coef_energy_material_checkpoint_lambdas,0.0,4.589327812194824,2.3037049770355225,57,R1,4.0897292494773865,1.3327836394309998
0.0,nan,nan,4.162422180175781,00000_001836_04,3.0,5.878409385681152,5.579320907592773,0.9994668960571289,coef_energy_material_checkpoint_lambdas,0.0,4.489001750946045,2.330132007598877,0,R2,2.049012452363968,0.30127763748168945
0.0,nan,nan,5.264681816101074,00000_001836_04,3.0,5.8518853187561035,5.529303550720215,0.9284884333610535,coef_energy_material_checkpoint_lambdas,0.0,4.473356246948242,2.311007022857666,3,R2,2.0531002283096313,0.2704794406890869
0.0,nan,nan,8.253129959106445,00000_001836_04,1.0,8.582243919372559,8.253130912780762,0.990167498588562,coef_energy_material_checkpoint_lambdas,0.0,4.478935718536377,2.318542242050171,6,R2,2.1171809136867523,0.3368041217327118
0.0,nan,nan,6.832201957702637,00000_001836_04,1.0,7.911317348480225,6.623081207275391,0.9669163227081299,coef_energy_material_checkpoint_lambdas,0.0,4.479917526245117,2.3604774475097656,33,R2,3.4611902832984924,3.428153336048126
0.0,nan,nan,0.476583331823349,00000_001836_04,1.0,0.7697886824607849,0.7538325786590576,0.5556789636611938,coef_energy_material_checkpoint_lambdas,0.0,4.477466583251953,2.3711867332458496,36,R2,3.2528964579105377,2.159843623638153
0.0,nan,nan,2.703279495239258,00000_001836_04,1.0,2.925417184829712,2.2090811729431152,0.42594414949417114,coef_energy_material_checkpoint_lambdas,0.0,4.4770283699035645,2.378080368041992,39,R2,3.567072808742523,0.528863787651062
0.0,nan,nan,4.438357353210449,00000_001836_04,2.0,7.781430244445801,6.391529083251953,0.780918538570404,coef_energy_material_checkpoint_lambdas,0.0,4.467902660369873,2.383066177368164,42,R2,4.3561922907829285,4.3561922907829285
0.0,nan,nan,0.012124089524149895,00000_001836_04,3.0,0.038330890238285065,0.027101945132017136,0.10332383215427399,coef_energy_material_checkpoint_lambdas,1.0,4.470603942871094,2.3886351585388184,45,R2,3.1917297542095184,4.396171510219574
0.0,nan,nan,-0.1947852075099945,00000_001836_04,4.0,0.40682703256607056,0.40656882524490356,-0.7338303923606873,coef_energy_material_checkpoint_lambdas,1.0,4.463677883148193,2.3969345092773438,48,R2,3.9000884890556335,4.3965635895729065
0.0,nan,nan,-0.024010077118873596,00000_001836_04,4.0,0.2092287242412567,0.1966412216424942,-0.9933030009269714,coef_energy_material_checkpoint_lambdas,1.0,4.447657585144043,2.379711627960205,51,R2,4.275693476200104,4.399588346481323
0.0,nan,nan,0.0011298999888822436,00000_001836_04,2.0,0.001356479711830616,0.0002682230551727116,0.9928787350654602,coef_energy_material_checkpoint_lambdas,0.0,4.3700151443481445,2.433889865875244,54,R2,4.142649680376053,4.406937599182129
0.0,nan,nan,0.03661615774035454,00000_001836_04,5.0,0.03684970363974571,0.022962572053074837,0.8380022048950195,coef_energy_material_checkpoint_lambdas,0.0,4.37711238861084,2.4289700984954834,57,R2,4.1221596002578735,2.2069342732429504
0.0,nan,nan,2.4952378273010254,00000_001836_04,2.0,5.894594192504883,5.340414524078369,0.9982696175575256,coef_energy_material_checkpoint_lambdas,0.0,4.458417892456055,2.372368812561035,60,R2,4.40185683965683,0.5616669654846191
0.0,nan,nan,5.567534923553467,00000_001836_04,5.0,6.107067584991455,5.567534923553467,0.8861217498779297,coef_energy_material_checkpoint_lambdas,0.0,4.5887274742126465,2.3021557331085205,63,R2,4.361447036266327,4.4009668827056885
0.0,nan,nan,4.162422180175781,00000_001836_05,3.0,5.878409385681152,5.579320907592773,0.9994668960571289,coef_energy_material_checkpoint_lambdas,0.0,4.489001750946045,2.330132007598877,0,R1,2.049012452363968,0.30127763748168945
0.0,nan,nan,5.266259670257568,00000_001836_05,3.0,5.853692054748535,5.266259670257568,0.9284815192222595,coef_energy_material_checkpoint_lambdas,0.0,4.474944114685059,2.310054063796997,3,R1,2.0531002283096313,0.3213067054748535
0.0,nan,nan,8.259664535522461,00000_001836_05,1.0,8.589187622070312,8.259664535522461,0.9901589751243591,coef_energy_material_checkpoint_lambdas,0.0,4.484487056732178,2.31604266166687,6,R1,2.1171809136867523,0.3368041217327118
0.0,nan,nan,6.834869384765625,00000_001836_05,1.0,7.914310932159424,6.625497341156006,0.9669215083122253,coef_energy_material_checkpoint_lambdas,0.0,4.481260776519775,2.362865686416626,33,R1,3.4611902832984924,3.428153336048126
0.0,nan,nan,0.4762694239616394,00000_001836_05,1.0,0.7693211436271667,0.7533810138702393,0.555645227432251,coef_energy_material_checkpoint_lambdas,0.0,4.474867820739746,2.3696746826171875,36,R1,3.2528964579105377,2.159843623638153
0.0,nan,nan,2.7016313076019287,00000_001836_05,1.0,2.9236910343170166,2.207869052886963,0.42598727345466614,coef_energy_material_checkpoint_lambdas,0.0,4.4742865562438965,2.378281593322754,39,R1,3.567072808742523,0.528863787651062
0.0,nan,nan,4.438673496246338,00000_001836_05,2.0,7.781565189361572,6.391473770141602,0.7808951139450073,coef_energy_material_checkpoint_lambdas,0.0,4.468189239501953,2.381805658340454,42,R1,4.3561922907829285,4.3561922907829285
0.0,nan,nan,0.012796550057828426,00000_001836_05,3.0,0.0383896566927433,0.026650212705135345,0.1212189793586731,coef_energy_material_checkpoint_lambdas,1.0,4.468355655670166,2.4102683067321777,45,R1,3.1917297542095184,4.396171510219574
0.0,nan,nan,-0.19296374917030334,00000_001836_05,4.0,0.4019671082496643,0.4016910791397095,-0.7328563332557678,coef_energy_material_checkpoint_lambdas,1.0,4.417177200317383,2.4634947776794434,48,R1,3.9000884890556335,4.3965635895729065
0.0,nan,nan,4.393143653869629,00000_001836_05,3.0,6.889463424682617,6.859086990356445,-0.8855746984481812,coef_energy_material_checkpoint_lambdas,0.0,4.42085075378418,2.4637081623077393,51,R1,4.351127088069916,0.5004263520240784
0.0,nan,nan,0.503262996673584,00000_001836_05,6.0,3.1460037231445312,2.786980390548706,0.5208610892295837,coef_energy_material_checkpoint_lambdas,0.0,4.562216758728027,2.3371548652648926,54,R1,4.010615348815918,1.727886974811554
0.0,nan,nan,0.01298239640891552,00000_001836_06,4.0,0.07190822809934616,0.05919119343161583,0.4103292226791382,coef_energy_material_checkpoint_lambdas,1.0,4.503068447113037,2.3631157875061035,0,R1,3.722746878862381,3.97985503077507
0.0,nan,nan,0.010179873555898666,00000_001836_06,5.0,0.012561516836285591,0.007359475828707218,0.9999953508377075,coef_energy_material_checkpoint_lambdas,0.0,4.497622966766357,2.352276086807251,3,R1,3.0990637838840485,3.0990637838840485
0.0,nan,nan,0.16936397552490234,00000_001836_06,4.0,0.60285884141922,0.28935927152633667,0.9995532035827637,coef_energy_material_checkpoint_lambdas,0.0,4.501885414123535,2.3505356311798096,6,R1,2.511030226945877,2.2708799242973328
0.0,nan,nan,-1.6813570261001587,00000_001836_06,3.0,4.406202793121338,4.394744396209717,0.03960951790213585,coef_energy_material_checkpoint_lambdas,0.0,4.506001949310303,2.3430426120758057,9,R1,3.6019037067890167,1.2678318321704865
0.0,nan,nan,0.11941417306661606,00000_001836_06,3.0,0.12381955236196518,0.09216804802417755,0.8642566800117493,coef_energy_material_checkpoint_lambdas,0.0,4.504582405090332,2.3422465324401855,12,R1,2.049012452363968,0.5131233632564545
0.0,nan,nan,3.9916486740112305,00000_001836_06,1.0,8.42945671081543,8.072402000427246,0.9580215811729431,coef_energy_material_checkpoint_lambdas,0.0,4.49167537689209,2.349332809448242,33,R1,3.5299341678619385,0.43036431074142456
0.0,nan,nan,3.6721601486206055,00000_001836_06,1.0,4.6994781494140625,4.265266418457031,0.9974547624588013,coef_energy_material_checkpoint_lambdas,0.0,4.478636264801025,2.362867832183838,42,R1,3.564434230327606,3.042857587337494
0.0,nan,nan,0.30945029854774475,00000_001836_06,2.0,0.3095027506351471,0.14348657429218292,0.9882335662841797,coef_energy_material_checkpoint_lambdas,0.0,4.475526332855225,2.3705785274505615,45,R1,3.102383255958557,1.6224359273910522
0.0,nan,nan,6.591197967529297,00000_001836_06,1.0,7.486837387084961,6.123688697814941,0.5590220093727112,coef_energy_material_checkpoint_lambdas,0.0,4.476526737213135,2.3800716400146484,48,R1,3.932511806488037,0.5019745230674744
0.0,nan,nan,1.502363681793213,00000_001836_06,2.0,2.677417278289795,2.2161829471588135,0.5307406187057495,coef_energy_material_checkpoint_lambdas,0.0,4.4793853759765625,2.397092580795288,51,R1,4.386466026306152,4.386466026306152
0.0,nan,nan,-0.1562327891588211,00000_001836_06,4.0,0.3044591546058655,0.30359864234924316,-0.2417268306016922,coef_energy_material_checkpoint_lambdas,1.0,4.435158729553223,2.4428751468658447,54,R1,3.2473058104515076,4.396212339401245
0.0,nan,nan,-0.09398137032985687,00000_001836_06,3.0,4.267536640167236,3.083326816558838,-0.7703478932380676,coef_energy_material_checkpoint_lambdas,0.0,4.385276794433594,2.4848897457122803,57,R1,3.9811432659626007,0.5001128911972046
0.0,nan,nan,7.54794979095459,00000_001836_06,2.0,7.561093807220459,7.019692420959473,0.4353010654449463,coef_energy_material_checkpoint_lambdas,0.0,4.382550239562988,2.4934210777282715,60,R1,4.360175371170044,0.5232142806053162
0.0,nan,nan,0.4272903800010681,00000_001836_06,5.0,0.43035241961479187,0.4272904098033905,0.9992107152938843,coef_energy_material_checkpoint_lambdas,0.0,4.37392520904541,2.498957633972168,63,R1,3.8539162278175354,1.4778156280517578
0.0,nan,nan,7.274206161499023,00000_001836_06,2.0,7.318994998931885,7.274206161499023,0.9998459219932556,coef_energy_material_checkpoint_lambdas,0.0,4.396457195281982,2.4879839420318604,66,R1,4.400418043136597,2.2106996178627014
0.0,nan,nan,7.536161422729492,00000_001836_07,1.0,8.008489608764648,7.536161422729492,0.9726111888885498,coef_energy_material_checkpoint_lambdas,0.0,4.4754228591918945,2.397542715072632,0,R2,4.196614444255829,0.3428860306739807
0.0,nan,nan,6.416173934936523,00000_001836_07,2.0,8.541348457336426,8.260202407836914,0.9477629661560059,coef_energy_material_checkpoint_lambdas,0.0,4.491960048675537,2.3478219509124756,3,R2,2.0255727767944336,0.2794676721096039
0.0,nan,nan,1.4078789949417114,00000_001836_07,2.0,2.184213638305664,2.0060606002807617,0.9974899888038635,coef_energy_material_checkpoint_lambdas,0.0,4.4835357666015625,2.3763933181762695,6,R2,2.0405349731445312,1.0291116535663605
0.0,nan,nan,0.9839133024215698,00000_001836_07,1.0,1.0197217464447021,0.6795971393585205,0.9272124767303467,coef_energy_material_checkpoint_lambdas,0.0,4.458982467651367,2.403346061706543,9,R2,2.0920765697956085,0.26640018820762634
0.0,nan,nan,3.986142635345459,00000_001836_07,1.0,8.418182373046875,8.06155014038086,0.9580279588699341,coef_energy_material_checkpoint_lambdas,0.0,4.485330581665039,2.3499135971069336,27,R2,3.5299341678619385,0.43036431074142456
0.0,nan,nan,3.6731791496276855,00000_001836_07,1.0,4.7007670402526855,4.266428470611572,0.9974551796913147,coef_energy_material_checkpoint_lambdas,0.0,4.4796142578125,2.3643789291381836,36,R2,3.564434230327606,3.042857587337494
0.0,nan,nan,0.30701571702957153,00000_001836_07,2.0,0.30707308650016785,0.14261022210121155,0.9880925416946411,coef_energy_material_checkpoint_lambdas,0.0,4.466761589050293,2.350836992263794,39,R2,3.102383255958557,1.6224359273910522
0.0,nan,nan,6.5531086921691895,00000_001836_07,1.0,7.443272113800049,6.087735176086426,0.5589600205421448,coef_energy_material_checkpoint_lambdas,0.0,4.450702667236328,2.3633832931518555,42,R2,3.932511806488037,0.5019745230674744
0.0,nan,nan,7.174349308013916,00000_001836_07,2.0,8.394205093383789,8.365850448608398,0.9984056353569031,coef_energy_material_checkpoint_lambdas,0.0,4.472668170928955,2.344660520553589,48,R2,4.002278625965118,0.5675045251846313
0.0,nan,nan,3.8100223541259766,00000_001836_07,1.0,3.8622732162475586,2.246384859085083,0.9965524077415466,coef_energy_material_checkpoint_lambdas,0.0,4.404541492462158,2.4100797176361084,51,R2,4.402685165405273,0.59136962890625
0.0,nan,nan,2.6989214420318604,00000_001836_07,6.0,2.850666046142578,0.9176706075668335,0.981857419013977,coef_energy_material_checkpoint_lambdas,0.0,4.412680625915527,2.403407096862793,60,R2,4.40001368522644,4.40001368522644
0.0,nan,nan,0.0005111693171784282,00000_001836_07,9.0,0.0007422167691402137,1.9069144400418736e-05,0.0,coef_energy_material_checkpoint_lambdas,0.0,4.41426944732666,2.4112651348114014,63,R2,4.400000095367432,4.400000095367432
0.0,nan,nan,9.421163582601366e-08,00000_001836_07,13.0,1.0683765339081219e-07,3.0991490262977095e-08,0.0,coef_energy_material_checkpoint_lambdas,0.0,4.40512752532959,2.4223713874816895,66,R2,4.400000095367432,4.400000095367432
0.0,nan,nan,4.437558827341537e-12,00000_001836_07,16.0,4.7196990239639636e-12,2.0012474750280562e-12,0.0,coef_energy_material_checkpoint_lambdas,0.0,4.377453804016113,2.431274175643921,69,R2,4.400000095367432,4.400000095367432
0.0,nan,nan,-4.611821097325278e-17,00000_001836_07,16.0,5.018085892097022e-17,1.8624269276651937e-17,0.0,coef_energy_material_checkpoint_lambdas,0.0,4.355284690856934,2.4409351348876953,72,R2,4.400000095367432,4.400000095367432
0.0,nan,nan,-3.3433471078205224e-21,00000_001836_07,16.0,3.908395274776811e-21,2.024202643487107e-21,0.0,coef_energy_material_checkpoint_lambdas,0.0,4.475502014160156,2.3596725463867188,75,R2,4.400000095367432,4.400000095367432
0.0,nan,nan,6.411379337310791,00000_001839_00,2.0,8.36539077758789,8.137592315673828,0.6608836054801941,coef_energy_material_checkpoint_lambdas,0.0,4.49827241897583,2.342639923095703,3,R1,2.0898846089839935,0.284140944480896
0.0,nan,nan,2.580334424972534,00000_001839_00,3.0,2.5953280925750732,2.580334424972534,0.9811259508132935,coef_energy_material_checkpoint_lambdas,0.0,4.496933937072754,2.3423917293548584,6,R1,2.0733389258384705,0.5186351537704468
0.0,nan,nan,6.348213195800781,00000_001839_00,1.0,7.575993061065674,6.53720760345459,0.9770494699478149,coef_energy_material_checkpoint_lambdas,0.0,4.487303733825684,2.359283924102783,36,R1,3.448134809732437,3.442776530981064
0.0,nan,nan,1.101159691810608,00000_001839_00,2.0,3.240000009536743,2.933289051055908,0.9746276140213013,coef_energy_material_checkpoint_lambdas,0.0,4.4646100997924805,2.3951919078826904,39,R1,3.215485394001007,2.0545847415924072
0.0,nan,nan,2.9684619903564453,00000_001839_00,1.0,3.1085004806518555,2.152646541595459,0.9771596193313599,coef_energy_material_checkpoint_lambdas,0.0,4.482635498046875,2.393890380859375,42,R1,2.946771740913391,0.555517315864563
0.0,nan,nan,0.014959470368921757,00000_001839_00,3.0,0.6418822407722473,0.6417078971862793,0.9988212585449219,coef_energy_material_checkpoint_lambdas,0.0,4.468186378479004,2.386061668395996,45,R1,3.426665335893631,1.4089095890522003
0.0,nan,nan,4.324093818664551,00000_001839_00,3.0,7.04616117477417,5.563325881958008,-0.837525486946106,coef_energy_material_checkpoint_lambdas,0.0,4.482705593109131,2.395599603652954,48,R1,3.8382657170295715,0.4147219657897949
0.0,nan,nan,8.004975318908691,00000_001839_00,1.0,9.256531715393066,9.238509178161621,0.8396222591400146,coef_energy_material_checkpoint_lambdas,0.0,4.43932580947876,2.4416356086730957,51,R1,4.2359872460365295,0.5132237076759338
0.0,nan,nan,2.54947566986084,00000_001839_00,4.0,2.676511764526367,2.54947566986084,0.7030776143074036,coef_energy_material_checkpoint_lambdas,1.0,4.429569721221924,2.4280927181243896,57,R1,3.9238052368164062,4.304094195365906
0.0,nan,nan,2.0982561111450195,00000_001839_00,5.0,2.966984510421753,2.097693920135498,0.9999887347221375,coef_energy_material_checkpoint_lambdas,0.0,4.551608085632324,2.335493564605713,63,R1,4.400118350982666,4.400118350982666
0.0,nan,nan,0.0175864826887846,00000_001839_01,5.0,0.022340519353747368,0.01377731654793024,0.9999833106994629,coef_energy_material_checkpoint_lambdas,0.0,4.499552249908447,2.3597867488861084,0,R1,3.0251287519931793,3.0251287519931793
0.0,nan,nan,0.37418386340141296,00000_001839_01,3.0,0.37809017300605774,0.30291950702667236,0.33801159262657166,coef_energy_material_checkpoint_lambdas,0.0,4.500195503234863,2.3501951694488525,3,R1,2.369446873664856,1.718717485666275
0.0,nan,nan,4.3447771072387695,00000_001839_01,3.0,4.404913902282715,4.3447771072387695,0.4924124777317047,coef_energy_material_checkpoint_lambdas,0.0,4.494632720947266,2.3341150283813477,6,R1,2.137103021144867,0.7651282250881195
0.0,nan,nan,1.1846582889556885,00000_001839_01,3.0,6.157146453857422,3.4347338676452637,0.9993264079093933,coef_energy_material_checkpoint_lambdas,0.0,4.490179538726807,2.3629817962646484,9,R1,2.187551975250244,0.30379748344421387
0.0,nan,nan,4.351011276245117,00000_001839_01,1.0,8.56192398071289,8.290804862976074,0.9256934523582458,coef_energy_material_checkpoint_lambdas,0.0,4.497678756713867,2.3435044288635254,30,R1,3.315499782562256,0.3410705327987671
0.0,nan,nan,3.275475025177002,00000_001839_01,1.0,4.598387241363525,4.351555347442627,0.9398108720779419,coef_energy_material_checkpoint_lambdas,0.0,4.465169429779053,2.3729021549224854,39,R1,3.514147788286209,2.921603411436081
0.0,nan,nan,0.8130332827568054,00000_001839_01,2.0,0.8981258869171143,0.8447226285934448,0.801477313041687,coef_energy_material_checkpoint_lambdas,0.0,4.4791131019592285,2.3687407970428467,42,R1,2.9290666580200195,1.6131629943847656
0.0,nan,nan,6.684698104858398,00000_001839_01,1.0,7.3819122314453125,5.790550708770752,0.9774318933486938,coef_energy_material_checkpoint_lambdas,0.0,4.460623264312744,2.385011911392212,45,R1,3.0605468451976776,0.5595448017120361
0.0,nan,nan,1.7939834594726562,00000_001839_01,2.0,2.584745407104492,1.860788106918335,0.9606289863586426,coef_energy_material_checkpoint_lambdas,0.0,4.475270748138428,2.384760856628418,48,R1,4.145278960466385,4.145278960466385
0.0,nan,nan,-0.19018244743347168,00000_001839_01,3.0,0.30062806606292725,0.12319356203079224,0.7904887795448303,coef_energy_material_checkpoint_lambdas,1.0,4.436463832855225,2.374410390853882,51,R1,3.8327396512031555,4.229904592037201
0.0,nan,nan,-0.3264603912830353,00000_001839_01,2.0,0.32663694024086,0.3063119053840637,0.3747066855430603,coef_energy_material_checkpoint_lambdas,0.0,4.387948513031006,2.4156718254089355,54,R1,3.9959002137184143,2.758143126964569
0.0,nan,nan,0.019782304763793945,00000_001839_01,3.0,2.849776268005371,0.8823896050453186,0.9978986382484436,coef_energy_material_checkpoint_lambdas,0.0,4.436374664306641,2.3879334926605225,57,R1,4.081481397151947,0.5597161650657654
0.0,nan,nan,6.936405181884766,00000_001839_01,3.0,6.936413288116455,4.912197589874268,0.9983657002449036,coef_energy_material_checkpoint_lambdas,0.0,4.384530067443848,2.424450635910034,63,R1,4.383386075496674,4.4039915800094604
0.0,nan,nan,2.256852388381958,00000_001839_01,8.0,2.8065621852874756,2.6686184406280518,0.997940719127655,coef_energy_material_checkpoint_lambdas,0.0,4.367318630218506,2.4422802925109863,66,R1,4.3291876912117,4.400048136711121
0.0,nan,nan,-0.00012717807840090245,00000_001839_01,13.0,0.00034073428832925856,0.00013359510921873152,0.0,coef_energy_material_checkpoint_lambdas,0.0,4.413303375244141,2.4226484298706055,69,R1,4.383913457393646,4.400000095367432
0.0,nan,nan,-1.570301999542778e-09,00000_001839_01,15.0,1.839701613270961e-09,9.758827079764387e-10,0.0,coef_energy_material_checkpoint_lambdas,0.0,4.467423439025879,2.3872687816619873,72,R1,4.399990379810333,4.400000095367432
0.0,nan,nan,-2.7819023126762765e-13,00000_001839_01,16.0,6.716591258865146e-13,2.3557222253618726e-13,0.0,coef_energy_material_checkpoint_lambdas,0.0,4.6098432540893555,2.29202938079834,75,R1,4.400000095367432,4.400000095367432
0.0,nan,nan,7.333746910095215,00000_001839_02,1.0,7.695526123046875,7.333747386932373,0.9997842311859131,coef_energy_material_checkpoint_lambdas,0.0,4.457766532897949,2.418471574783325,0,R1,4.268153071403503,0.4461645781993866
0.0,nan,nan,8.32777214050293,00000_001839_02,1.0,8.677807807922363,8.32777214050293,0.9958798885345459,coef_energy_material_checkpoint_lambdas,0.0,4.493658065795898,2.3443989753723145,6,R1,2.117486983537674,0.2657443583011627
0.0,nan,nan,1.558405876159668,00000_001839_02,2.0,1.562107801437378,1.0259597301483154,0.9463948607444763,coef_energy_material_checkpoint_lambdas,0.0,4.50026798248291,2.353283166885376,9,R1,2.204738676548004,0.2632446587085724
0.0,nan,nan,4.351446628570557,00000_001839_02,1.0,8.562496185302734,8.291400909423828,0.9257009029388428,coef_energy_material_checkpoint_lambdas,0.0,4.497762680053711,2.3454575538635254,30,R1,3.315499782562256,0.3410705327987671
0.0,nan,nan,3.2760210037231445,00000_001839_02,1.0,4.599509239196777,4.352733612060547,0.939784049987793,coef_energy_material_checkpoint_lambdas,0.0,4.467221736907959,2.3701255321502686,39,R1,3.514147788286209,2.921603411436081
0.0,nan,nan,0.8185944557189941,00000_001839_02,2.0,0.902831494808197,0.8480991721153259,0.8035091161727905,coef_energy_material_checkpoint_lambdas,0.0,4.482006072998047,2.3899683952331543,42,R1,2.9290666580200195,1.6131629943847656
0.0,nan,nan,6.681840896606445,00000_001839_02,1.0,7.378957271575928,7.3290019035339355,0.9774439930915833,coef_energy_material_checkpoint_lambdas,0.0,4.4576416015625,2.40598726272583,45,R1,3.0605468451976776,2.509308934211731
0.0,nan,nan,0.251632422208786,00000_001839_02,3.0,0.40970420837402344,0.32332438230514526,0.814639151096344,coef_energy_material_checkpoint_lambdas,0.0,4.482564449310303,2.381265640258789,48,R1,3.5513747334480286,0.932270884513855
0.0,nan,nan,4.280024528503418,00000_001839_02,2.0,8.24649429321289,8.010712623596191,0.6547097563743591,coef_energy_material_checkpoint_lambdas,0.0,4.457606792449951,2.4179141521453857,51,R1,4.011055678129196,0.38334205746650696
0.0,nan,nan,8.172961235046387,00000_001839_02,1.0,8.40632152557373,7.1315436363220215,0.7793810963630676,coef_energy_material_checkpoint_lambdas,0.0,4.419456481933594,2.4389383792877197,57,R1,3.941317141056061,3.402743399143219
0.0,nan,nan,2.89072322845459,00000_001839_02,3.0,3.0332605838775635,2.114666223526001,0.9980032444000244,coef_energy_material_checkpoint_lambdas,0.0,4.411198139190674,2.4288229942321777,60,R1,3.8680348694324493,0.5493234395980835
0.0,nan,nan,0.5201637744903564,00000_001839_02,5.0,0.6939114928245544,0.45928508043289185,0.9992294907569885,coef_energy_material_checkpoint_lambdas,0.0,4.574771881103516,2.324481248855591,66,R1,4.400003612041473,4.400003612041473
0.0,nan,nan,0.0175864826887846,00000_001839_03,5.0,0.022340519353747368,0.01377731654793024,0.9999833106994629,coef_energy_material_checkpoint_lambdas,0.0,4.499552249908447,2.3597867488861084,0,R1,3.0251287519931793,3.0251287519931793
0.0,nan,nan,0.37431153655052185,00000_001839_03,3.0,0.37824928760528564,0.3031710088253021,0.3374955356121063,coef_energy_material_checkpoint_lambdas,0.0,4.502974510192871,2.350917100906372,3,R1,2.369446873664856,1.718717485666275
0.0,nan,nan,4.3446784019470215,00000_001839_03,3.0,4.404831886291504,4.3446784019470215,0.4924345314502716,coef_energy_material_checkpoint_lambdas,0.0,4.494485378265381,2.335270404815674,6,R1,2.137103021144867,0.7651282250881195
0.0,nan,nan,1.1843371391296387,00000_001839_03,3.0,6.155550479888916,3.4338555335998535,0.9993263483047485,coef_energy_material_checkpoint_lambdas,0.0,4.489301681518555,2.3595733642578125,9,R1,2.187551975250244,0.30379748344421387
0.0,nan,nan,4.350637912750244,00000_001839_03,1.0,8.560917854309082,8.289870262145996,0.9257005453109741,coef_energy_material_checkpoint_lambdas,0.0,4.496943950653076,2.344942092895508,30,R1,3.315499782562256,0.3410705327987671
0.0,nan,nan,3.274883508682251,00000_001839_03,1.0,4.5976691246032715,4.350912570953369,0.939802348613739,coef_energy_material_checkpoint_lambdas,0.0,4.464776515960693,2.371471405029297,39,R1,3.514147788286209,2.921603411436081
0.0,nan,nan,0.8130949139595032,00000_001839_03,2.0,0.898257851600647,0.8448928594589233,0.801386833190918,coef_energy_material_checkpoint_lambdas,0.0,4.480679512023926,2.3686981201171875,42,R1,2.9290666580200195,1.6131629943847656
0.0,nan,nan,6.684915542602539,00000_001839_03,1.0,7.38214635848999,5.790727138519287,0.9774314761161804,coef_energy_material_checkpoint_lambdas,0.0,4.460795879364014,2.384507417678833,45,R1,3.0605468451976776,0.5595448017120361
0.0,nan,nan,1.794804334640503,00000_001839_03,2.0,2.5860941410064697,1.861870288848877,0.9606462717056274,coef_energy_material_checkpoint_lambdas,0.0,4.476647853851318,2.394085168838501,48,R1,4.145278960466385,4.145278960466385
0.0,nan,nan,-0.19009751081466675,00000_001839_03,3.0,0.31462469696998596,0.1392207145690918,0.8121150135993958,coef_energy_material_checkpoint_lambdas,1.0,4.42333459854126,2.4472177028656006,51,R1,3.8327396512031555,4.229904592037201
0.0,nan,nan,0.536311149597168,00000_001839_03,3.0,4.323766708374023,2.654524803161621,-0.03780661150813103,coef_energy_material_checkpoint_lambdas,0.0,4.378122329711914,2.491466522216797,54,R1,3.865165263414383,0.556405782699585
0.0,nan,nan,8.093483924865723,00000_001839_03,1.0,8.32815170288086,7.05737829208374,0.7804936766624451,coef_energy_material_checkpoint_lambdas,0.0,4.36867094039917,2.5013270378112793,57,R1,3.941317141056061,3.402743399143219
0.0,nan,nan,0.6926690340042114,00000_001839_03,4.0,0.7462054491043091,0.6860461831092834,0.9783880114555359,coef_energy_material_checkpoint_lambdas,0.0,4.369120121002197,2.5056610107421875,60,R1,3.8239875435829163,1.5738702416419983
0.0,nan,nan,7.178640365600586,00000_001839_03,3.0,7.2240824699401855,7.178640842437744,0.9950996041297913,coef_energy_material_checkpoint_lambdas,0.0,4.397099018096924,2.478668212890625,63,R1,4.4002174735069275,2.208845853805542
0.0,nan,nan,7.369290351867676,00000_001839_04,1.0,7.790311336517334,3.424466609954834,0.9840725064277649,coef_energy_material_checkpoint_lambdas,0.0,4.488809585571289,2.3473122119903564,0,R1,2.292412430047989,0.31842538714408875
0.0,nan,nan,4.382378578186035,00000_001839_04,3.0,4.386959552764893,4.382378578186035,0.028934640809893608,coef_energy_material_checkpoint_lambdas,0.0,4.480213165283203,2.3183693885803223,3,R1,2.322191208600998,0.8496707379817963
0.0,nan,nan,5.280669689178467,00000_001839_04,4.0,7.501098155975342,5.280669689178467,0.9961821436882019,coef_energy_material_checkpoint_lambdas,0.0,4.468613147735596,2.304661750793457,6,R1,2.0733389258384705,0.33385154604911804
0.0,nan,nan,8.697484970092773,00000_001839_04,1.0,8.698324203491211,8.697484970092773,0.9951735138893127,coef_energy_material_checkpoint_lambdas,0.0,4.470509052276611,2.302124261856079,9,R1,2.0740522742271423,0.279207706451416
0.0,nan,nan,6.350841999053955,00000_001839_04,1.0,7.579078197479248,6.539829254150391,0.9770472645759583,coef_energy_material_checkpoint_lambdas,0.0,4.489348411560059,2.358706474304199,36,R1,3.448134809732437,3.442776530981064
0.0,nan,nan,1.1006979942321777,00000_001839_04,2.0,3.2388181686401367,2.932192087173462,0.9746231436729431,coef_energy_material_checkpoint_lambdas,0.0,4.463362216949463,2.3928821086883545,39,R1,3.215485394001007,2.0545847415924072
0.0,nan,nan,2.965327024459839,00000_001839_04,1.0,3.105151891708374,2.1501753330230713,0.9771739840507507,coef_energy_material_checkpoint_lambdas,0.0,4.476407051086426,2.3992600440979004,42,R1,2.946771740913391,0.555517315864563
0.0,nan,nan,0.01494957972317934,00000_001839_04,3.0,0.6417675018310547,0.6415933966636658,0.9988219738006592,coef_energy_material_checkpoint_lambdas,0.0,4.466353893280029,2.385706663131714,45,R1,3.426665335893631,1.4089095890522003
0.0,nan,nan,4.319917678833008,00000_001839_04,3.0,7.039375305175781,5.557977676391602,-0.8375243544578552,coef_energy_material_checkpoint_lambdas,0.0,4.4784040451049805,2.393646001815796,48,R1,3.8382657170295715,0.4147219657897949
0.0,nan,nan,8.04162883758545,00000_001839_04,1.0,9.295012474060059,9.277332305908203,0.8392289876937866,coef_energy_material_checkpoint_lambdas,0.0,4.462767124176025,2.423391819000244,51,R1,4.2359872460365295,0.5132237076759338
0.0,nan,nan,5.127699375152588,00000_001839_04,2.0,6.174539089202881,5.127699375152588,0.7599814534187317,coef_energy_material_checkpoint_lambdas,0.0,4.423157215118408,2.437346935272217,57,R1,3.8156276643276215,0.5483696460723877
0.0,nan,nan,2.0983736515045166,00000_001839_04,5.0,2.9671506881713867,2.097811222076416,0.9999887347221375,coef_energy_material_checkpoint_lambdas,0.0,4.551860332489014,2.3356645107269287,63,R1,4.400118350982666,4.400118350982666
0.0,nan,nan,6.41284704208374,00000_001839_05,2.0,8.36740779876709,8.1395263671875,0.6608725190162659,coef_energy_material_checkpoint_lambdas,0.0,4.499414443969727,2.3424270153045654,3,R1,2.0898846089839935,0.284140944480896
0.0,nan,nan,2.5787017345428467,00000_001839_05,3.0,2.5936920642852783,2.5787017345428467,0.9811302423477173,coef_energy_material_checkpoint_lambdas,0.0,4.493594646453857,2.3431756496429443,6,R1,2.0733389258384705,0.5186351537704468
0.0,nan,nan,6.354404449462891,00000_001839_05,1.0,7.583306789398193,6.543460845947266,0.9770463109016418,coef_energy_material_checkpoint_lambdas,0.0,4.491947174072266,2.35935640335083,36,R1,3.448134809732437,3.442776530981064
0.0,nan,nan,1.098886251449585,00000_001839_05,2.0,3.2353477478027344,2.928764581680298,0.9745767116546631,coef_energy_material_checkpoint_lambdas,0.0,4.4626145362854,2.375093460083008,39,R1,3.215485394001007,2.0545847415924072
0.0,nan,nan,2.9638209342956543,00000_001839_05,1.0,3.1037802696228027,2.1497020721435547,0.9771288633346558,coef_energy_material_checkpoint_lambdas,0.0,4.478809356689453,2.373323917388916,42,R1,2.946771740913391,0.555517315864563
0.0,nan,nan,4.570070266723633,00000_001839_05,2.0,7.399875164031982,5.820018291473389,0.9562848210334778,coef_energy_material_checkpoint_lambdas,0.0,4.461063861846924,2.3891053199768066,45,R1,4.145436197519302,4.145436197519302
0.0,nan,nan,-0.18647760152816772,00000_001839_05,4.0,0.3411632180213928,0.17213305830955505,0.9526772499084473,coef_energy_material_checkpoint_lambdas,1.0,4.461668968200684,2.422870397567749,48,R1,4.012497305870056,4.174373537302017
0.0,nan,nan,0.2943211793899536,00000_001839_05,3.0,0.2943297326564789,0.2785092890262604,0.7878884077072144,coef_energy_material_checkpoint_lambdas,0.0,4.381150722503662,2.487105369567871,51,R1,3.565420687198639,1.543499231338501
0.0,nan,nan,0.8328313827514648,00000_001839_05,3.0,0.8332930207252502,0.8328313827514648,0.9817311763763428,coef_energy_material_checkpoint_lambdas,0.0,4.371686935424805,2.500880241394043,57,R1,4.0118730664253235,2.0017232298851013
0.0,nan,nan,6.445507049560547,00000_001839_05,3.0,7.165959358215332,7.105018615722656,0.7177035212516785,coef_energy_material_checkpoint_lambdas,0.0,4.365244388580322,2.506828546524048,60,R1,4.4010268449783325,0.5559273362159729
0.0,nan,nan,-1.5644524097442627,00000_001839_05,1.0,2.604116916656494,2.1424944400787354,0.9869709610939026,coef_energy_material_checkpoint_lambdas,0.0,4.515099048614502,2.3873422145843506,63,R1,4.40209287405014,0.5563615560531616
0.0,nan,nan,3.960176944732666,00000_001839_06,3.0,3.9823594093322754,3.729804754257202,0.32475218176841736,coef_energy_material_checkpoint_lambdas,0.0,4.488182067871094,2.3306939601898193,0,R2,2.154748797416687,1.1332150101661682
0.0,nan,nan,2.2844276428222656,00000_001839_06,3.0,2.40248966217041,2.2844276428222656,0.9671183824539185,coef_energy_material_checkpoint_lambdas,0.0,4.4749064445495605,2.3064494132995605,3,R2,2.07351753115654,0.28889647126197815
0.0,nan,nan,8.69540786743164,00000_001839_06,1.0,8.695605278015137,8.695406913757324,0.9988656640052795,coef_energy_material_checkpoint_lambdas,0.0,4.465518951416016,2.3004846572875977,6,R2,2.240432471036911,0.3193585276603699
0.0,nan,nan,3.1861824989318848,00000_001839_06,2.0,4.843828201293945,4.688143253326416,0.8129748106002808,coef_energy_material_checkpoint_lambdas,0.0,4.479173183441162,2.364715814590454,36,R2,3.633275419473648,2.459318608045578
0.0,nan,nan,0.9730039834976196,00000_001839_06,1.0,1.0145773887634277,0.6922482848167419,0.9433413743972778,coef_energy_material_checkpoint_lambdas,0.0,4.441810131072998,2.355919361114502,39,R2,3.0859987437725067,1.100731074810028
0.0,nan,nan,7.0469970703125,00000_001839_06,2.0,7.193613052368164,7.142304420471191,0.9865806102752686,coef_energy_material_checkpoint_lambdas,0.0,4.451906204223633,2.3579483032226562,45,R2,4.343590974807739,0.5651534199714661
0.0,nan,nan,6.28256893157959,00000_001839_06,2.0,7.073427677154541,5.069973945617676,0.9328141808509827,coef_energy_material_checkpoint_lambdas,0.0,4.431931495666504,2.3710057735443115,48,R2,4.288137227296829,0.5775795578956604
0.0,nan,nan,2.7413928508758545,00000_001839_06,3.0,6.191390514373779,6.133428573608398,0.9746168255805969,coef_energy_material_checkpoint_lambdas,0.0,4.423512935638428,2.387401819229126,57,R2,4.40141087770462,4.401865661144257
0.0,nan,nan,0.006880239583551884,00000_001839_06,6.0,0.008712046779692173,0.006880239583551884,0.6461010575294495,coef_energy_material_checkpoint_lambdas,0.0,4.443103790283203,2.3872087001800537,60,R2,4.400000095367432,4.401994109153748
0.0,nan,nan,2.549206256866455,00000_001839_06,7.0,2.860121011734009,2.549206256866455,0.9979531168937683,coef_energy_material_checkpoint_lambdas,0.0,4.453088760375977,2.3739213943481445,63,R2,4.400014638900757,4.40139502286911
0.0,nan,nan,0.701560378074646,00000_001839_06,12.0,0.7028672695159912,0.5263710618019104,0.9982278943061829,coef_energy_material_checkpoint_lambdas,0.0,4.551684379577637,2.328530788421631,66,R2,4.40000057220459,4.4000091552734375
0.0,nan,nan,0.0175864826887846,00000_001839_07,5.0,0.022340519353747368,0.01377731654793024,0.9999833106994629,coef_energy_material_checkpoint_lambdas,0.0,4.499552249908447,2.3597867488861084,0,R2,3.0251287519931793,3.0251287519931793
0.0,nan,nan,0.37439411878585815,00000_001839_07,3.0,0.3781927525997162,0.3025439977645874,0.3399116098880768,coef_energy_material_checkpoint_lambdas,0.0,4.498141765594482,2.351808786392212,3,R2,2.369446873664856,1.718717485666275
0.0,nan,nan,4.344191074371338,00000_001839_07,3.0,4.404328346252441,4.344191074371338,0.49242323637008667,coef_energy_material_checkpoint_lambdas,0.0,4.494003772735596,2.3343911170959473,6,R2,2.137103021144867,0.7651282250881195
0.0,nan,nan,1.1838245391845703,00000_001839_07,3.0,6.152783393859863,3.432295083999634,0.9993264675140381,coef_energy_material_checkpoint_lambdas,0.0,4.486884117126465,2.3624155521392822,9,R2,2.187551975250244,0.30379748344421387
0.0,nan,nan,4.349167823791504,00000_001839_07,1.0,8.55759334564209,8.286714553833008,0.9257117509841919,coef_energy_material_checkpoint_lambdas,0.0,4.494868755340576,2.346764087677002,30,R2,3.315499782562256,0.3410705327987671
0.0,nan,nan,3.2734386920928955,00000_001839_07,1.0,4.595652103424072,4.349007606506348,0.9398015141487122,coef_energy_material_checkpoint_lambdas,0.0,4.462848663330078,2.370323657989502,39,R2,3.514147788286209,2.921603411436081
0.0,nan,nan,0.8076745271682739,00000_001839_07,2.0,0.892930805683136,0.840358555316925,0.8004442453384399,coef_energy_material_checkpoint_lambdas,0.0,4.46349573135376,2.3506100177764893,42,R2,2.9290666580200195,1.6131629943847656
0.0,nan,nan,6.630728244781494,00000_001839_07,1.0,7.322402477264404,5.743988037109375,0.9774373769760132,coef_energy_material_checkpoint_lambdas,0.0,4.424129486083984,2.3755695819854736,45,R2,3.0605468451976776,0.5595448017120361
0.0,nan,nan,7.3704447746276855,00000_001839_07,1.0,7.955432415008545,7.3289361000061035,0.9921778440475464,coef_energy_material_checkpoint_lambdas,0.0,4.4321699142456055,2.3818068504333496,48,R2,4.398158073425293,0.5604971647262573
0.0,nan,nan,5.017788410186768,00000_001839_07,2.0,6.070155143737793,6.015697002410889,0.9081542491912842,coef_energy_material_checkpoint_lambdas,0.0,4.47689151763916,2.344355583190918,51,R2,4.31393501162529,0.5617569088935852
0.0,nan,nan,0.2916179299354553,00000_001839_07,5.0,0.38564711809158325,0.2523542642593384,0.9965943098068237,coef_energy_material_checkpoint_lambdas,0.0,4.425405979156494,2.3895599842071533,63,R2,4.400000095367432,4.400000095367432
0.0,nan,nan,0.059233408421278,00000_001839_07,9.0,0.07134801894426346,0.059233408421278,0.9996468424797058,coef_energy_material_checkpoint_lambdas,0.0,4.42822790145874,2.395216941833496,66,R2,4.400000095367432,4.400056719779968
0.0,nan,nan,0.24648252129554749,00000_001839_07,11.0,0.2602660357952118,0.24648252129554749,0.9989752769470215,coef_energy_material_checkpoint_lambdas,0.0,4.436220645904541,2.3949971199035645,69,R2,4.400000095367432,4.400003612041473
0.0,nan,nan,0.0007785476045683026,00000_001839_07,13.0,0.0011010325979441404,0.0007785476045683026,1.0,coef_energy_material_checkpoint_lambdas,0.0,4.421403884887695,2.4075686931610107,72,R2,4.400000095367432,4.400000095367432
0.0,nan,nan,1.1985031278527458e-06,00000_001839_07,14.0,1.44120986078633e-06,8.004225264812703e-07,0.0,coef_energy_material_checkpoint_lambdas,0.0,4.450002670288086,2.386373996734619,75,R2,4.400000095367432,4.400000095367432
0.0,nan,nan,4.909079809323202e-10,00000_001839_07,16.0,5.373592126822757e-10,2.1855033061068951e-10,0.0,coef_energy_material_checkpoint_lambdas,0.0,4.531010627746582,2.337104320526123,78,R2,4.400000095367432,4.400000095367432
0.0,nan,nan,-0.02315766178071499,00000_001840_00,4.0,0.05078127235174179,0.04519358649849892,-0.8966841101646423,coef_energy_material_checkpoint_lambdas,0.0,4.497439384460449,2.3557307720184326,0,R1,3.0444500744342804,3.0444500744342804
0.0,nan,nan,0.6285704374313354,00000_001840_00,3.0,0.629223644733429,0.4647342562675476,0.5638677477836609,coef_energy_material_checkpoint_lambdas,0.0,4.4986443519592285,2.347554922103882,3,R1,2.352596640586853,1.7268513441085815
0.0,nan,nan,4.624272346496582,00000_001840_00,3.0,4.629275321960449,4.624272346496582,0.5619025230407715,coef_energy_material_checkpoint_lambdas,0.0,4.4922966957092285,2.3327436447143555,6,R1,2.0419029593467712,0.7673925757408142
0.0,nan,nan,2.580399513244629,00000_001840_00,2.0,5.624085426330566,3.3156299591064453,0.9954463243484497,coef_energy_material_checkpoint_lambdas,0.0,4.4965715408325195,2.3595941066741943,9,R1,2.574232906103134,0.3038173019886017
0.0,nan,nan,-0.18047259747982025,00000_001840_00,1.0,4.283492565155029,4.279688835144043,-0.34411361813545227,coef_energy_material_checkpoint_lambdas,0.0,4.49089241027832,2.3581230640411377,33,R1,3.5069799721240997,3.5069799721240997
0.0,nan,nan,3.3380208015441895,00000_001840_00,1.0,3.354858875274658,3.3380208015441895,0.9067659378051758,coef_energy_material_checkpoint_lambdas,0.0,4.482696533203125,2.3622114658355713,36,R1,3.7045326232910156,2.6915416419506073
0.0,nan,nan,5.6605730056762695,00000_001840_00,3.0,7.391146659851074,4.7525739669799805,0.7984309792518616,coef_energy_material_checkpoint_lambdas,0.0,4.460941314697266,2.352790594100952,42,R1,3.5069799721240997,0.557568371295929
0.0,nan,nan,5.568806171417236,00000_001840_00,2.0,7.092051982879639,7.043026924133301,0.9568337202072144,coef_energy_material_checkpoint_lambdas,0.0,4.458874702453613,2.373041868209839,48,R1,4.381354093551636,0.5574045181274414
0.0,nan,nan,2.888535499572754,00000_001840_00,4.0,2.8912274837493896,2.1307051181793213,0.9999260306358337,coef_energy_material_checkpoint_lambdas,1.0,4.461051940917969,2.3975746631622314,51,R1,3.968476891517639,4.401492118835449
0.0,nan,nan,0.07279093563556671,00000_001840_00,5.0,0.0728168934583664,0.0659756064414978,0.9925975203514099,coef_energy_material_checkpoint_lambdas,1.0,4.445815563201904,2.3859360218048096,54,R1,3.946672260761261,4.402015030384064
0.0,nan,nan,0.25881966948509216,00000_001840_00,4.0,0.6879056692123413,0.043987274169921875,0.9859033226966858,coef_energy_material_checkpoint_lambdas,0.0,4.429835796356201,2.3890974521636963,57,R1,4.231915682554245,0.5559058785438538
0.0,nan,nan,6.303325176239014,00000_001840_00,5.0,7.044781684875488,0.005103886593133211,0.999709963798523,coef_energy_material_checkpoint_lambdas,0.0,4.437217712402344,2.386837959289551,69,R1,4.40083783864975,4.400847554206848
0.0,nan,nan,0.02140846475958824,00000_001840_00,10.0,0.021410329267382622,0.00028253893833607435,0.9955301284790039,coef_energy_material_checkpoint_lambdas,0.0,4.433173179626465,2.3908376693725586,72,R1,4.400000095367432,4.400000095367432
0.0,nan,nan,2.6290890673408285e-06,00000_001840_00,13.0,2.672941718628863e-06,4.821911829822056e-07,0.0,coef_energy_material_checkpoint_lambdas,0.0,4.427712440490723,2.4011144638061523,75,R1,4.400000095367432,4.400000095367432
0.0,nan,nan,4.65117777626034e-10,00000_001840_00,16.0,5.023312876772934e-10,1.8974240234559403e-10,0.0,coef_energy_material_checkpoint_lambdas,0.0,4.5079193115234375,2.3393871784210205,78,R1,4.400000095367432,4.400000095367432
0.0,nan,nan,0.11000895500183105,00000_001840_01,5.0,0.24133019149303436,0.2296733856201172,0.8751145005226135,coef_energy_material_checkpoint_lambdas,1.0,4.50136661529541,2.362154006958008,0,R1,3.709807574748993,4.174699813127518
0.0,nan,nan,-0.0014780054334551096,00000_001840_01,4.0,0.003005578415468335,0.0026170597411692142,-0.8116058111190796,coef_energy_material_checkpoint_lambdas,0.0,4.496638774871826,2.3523964881896973,3,R1,3.342276096343994,3.342276096343994
0.0,nan,nan,0.3427812159061432,00000_001840_01,4.0,0.39098477363586426,0.32151085138320923,0.3718583881855011,coef_energy_material_checkpoint_lambdas,0.0,4.49442720413208,2.3510873317718506,6,R1,2.4635285437107086,2.218902975320816
0.0,nan,nan,4.390472888946533,00000_001840_01,3.0,4.390510082244873,4.390472888946533,0.0769152119755745,coef_energy_material_checkpoint_lambdas,0.0,4.485408782958984,2.3328189849853516,9,R1,2.2103540003299713,1.0291208624839783
0.0,nan,nan,1.01315438747406,00000_001840_01,3.0,1.0628663301467896,0.762524425983429,0.952314555644989,coef_energy_material_checkpoint_lambdas,0.0,4.50078010559082,2.3438355922698975,12,R1,2.09072482585907,0.262239933013916
0.0,nan,nan,1.0773431062698364,00000_001840_01,1.0,3.8617122173309326,3.7083895206451416,-0.9724414944648743,coef_energy_material_checkpoint_lambdas,0.0,4.483266830444336,2.352022409439087,36,R1,3.3722772896289825,3.3722772896289825
0.0,nan,nan,2.143113851547241,00000_001840_01,1.0,2.682582378387451,1.6134779453277588,0.9740238189697266,coef_energy_material_checkpoint_lambdas,0.0,4.479959487915039,2.3574016094207764,45,R1,3.3722772896289825,0.5483049154281616
0.0,nan,nan,6.991982460021973,00000_001840_01,2.0,7.702550411224365,3.231325149536133,0.24730731546878815,coef_energy_material_checkpoint_lambdas,0.0,4.463324546813965,2.3879623413085938,51,R1,4.336461782455444,4.336461782455444
0.0,nan,nan,0.02638382650911808,00000_001840_01,2.0,0.07565682381391525,0.07090732455253601,-0.8020555377006531,coef_energy_material_checkpoint_lambdas,0.0,4.46143913269043,2.3693151473999023,54,R1,4.208305656909943,4.208305656909943
0.0,nan,nan,0.05287237837910652,00000_001840_01,3.0,0.15894179046154022,0.002759770257398486,-0.10126595199108124,coef_energy_material_checkpoint_lambdas,0.0,4.432046890258789,2.38468337059021,57,R1,3.8777763545513153,3.8754900693893433
0.0,nan,nan,0.03592405468225479,00000_001840_01,4.0,0.0734729990363121,0.013812975957989693,0.9271366000175476,coef_energy_material_checkpoint_lambdas,0.0,4.431286334991455,2.386913537979126,60,R1,4.174713671207428,1.679727852344513
0.0,nan,nan,6.254214286804199,00000_001840_01,3.0,6.996386528015137,4.941592216491699,0.9990505576133728,coef_energy_material_checkpoint_lambdas,0.0,4.424501895904541,2.384610414505005,63,R1,4.279702812433243,0.5827333927154541
0.0,nan,nan,2.6847422122955322,00000_001840_01,10.0,2.8234829902648926,0.8741939067840576,0.9980992078781128,coef_energy_material_checkpoint_lambdas,0.0,4.394511699676514,2.4160144329071045,72,R1,4.400006651878357,4.400006651878357
0.0,nan,nan,7.661100971745327e-05,00000_001840_01,13.0,8.942017302615568e-05,4.6116379962768406e-05,0.0,coef_energy_material_checkpoint_lambdas,0.0,4.402090549468994,2.4149858951568604,75,R1,4.400000095367432,4.400000095367432
0.0,nan,nan,2.4500041106989556e-08,00000_001840_01,14.0,2.6174156175784447e-08,9.210563867156907e-09,0.0,coef_energy_material_checkpoint_lambdas,0.0,4.406435012817383,2.4169139862060547,78,R1,4.400000095367432,4.400000095367432
0.0,nan,nan,4.367130355259485e-12,00000_001840_01,16.0,4.8817820445801186e-12,2.181735478043456e-12,0.0,coef_energy_material_checkpoint_lambdas,0.0,4.385624408721924,2.4326047897338867,81,R1,4.400000095367432,4.400000095367432
0.0,nan,nan,-2.427211238598061e-15,00000_001840_01,16.0,2.810441342946139e-15,1.416766365818856e-15,0.0,coef_energy_material_checkpoint_lambdas,0.0,4.390989303588867,2.428363800048828,84,R1,4.400000095367432,4.400000095367432
0.0,nan,nan,-8.673613760968856e-19,00000_001840_01,16.0,9.572586929849009e-19,4.0500424906639584e-19,0.0,coef_energy_material_checkpoint_lambdas,0.0,4.375947952270508,2.4400548934936523,87,R1,4.400000095367432,4.400000095367432
0.0,nan,nan,-2.3269851798823063e-22,00000_001840_01,16.0,2.5111436853553204e-22,9.169400462483332e-23,0.0,coef_energy_material_checkpoint_lambdas,0.0,4.504951000213623,2.341921091079712,90,R1,4.400000095367432,4.400000095367432
0.0,nan,nan,-0.02315766178071499,00000_001840_02,4.0,0.05078127235174179,0.04519358649849892,-0.8966841101646423,coef_energy_material_checkpoint_lambdas,0.0,4.497439384460449,2.3557307720184326,0,R2,3.0444500744342804,3.0444500744342804
0.0,nan,nan,0.6283670663833618,00000_001840_02,3.0,0.6289905309677124,0.46412038803100586,0.5647271871566772,coef_energy_material_checkpoint_lambdas,0.0,4.493778228759766,2.3477282524108887,3,R2,2.352596640586853,1.7268513441085815
0.0,nan,nan,4.622974872589111,00000_001840_02,3.0,4.627985000610352,4.622974872589111,0.5619354248046875,coef_energy_material_checkpoint_lambdas,0.0,4.4909234046936035,2.3340845108032227,6,R2,2.0419029593467712,0.7673925757408142
0.0,nan,nan,2.5790295600891113,00000_001840_02,2.0,5.621108055114746,3.313877820968628,0.9954462647438049,coef_energy_material_checkpoint_lambdas,0.0,4.494222640991211,2.358046054840088,9,R2,2.574232906103134,0.3038173019886017
0.0,nan,nan,-0.17998987436294556,00000_001840_02,1.0,4.282288551330566,4.278504371643066,-0.34420841932296753,coef_energy_material_checkpoint_lambdas,0.0,4.489463806152344,2.3537492752075195,33,R2,3.5069799721240997,3.5069799721240997
0.0,nan,nan,3.335120677947998,00000_001840_02,1.0,3.351931095123291,3.335120677947998,0.9067497849464417,coef_energy_material_checkpoint_lambdas,0.0,4.479155540466309,2.3592472076416016,36,R2,3.7045326232910156,2.6915416419506073
0.0,nan,nan,5.683459758758545,00000_001840_02,3.0,7.4221930503845215,4.773597240447998,0.7985432744026184,coef_energy_material_checkpoint_lambdas,0.0,4.47857141494751,2.3817577362060547,42,R2,3.5069799721240997,0.557568371295929
0.0,nan,nan,-0.49545276165008545,00000_001840_02,2.0,0.49805107712745667,0.26701685786247253,1.0,coef_energy_material_checkpoint_lambdas,0.0,4.484798908233643,2.384150743484497,48,R2,4.388388156890869,1.0983904004096985
0.0,nan,nan,4.102408409118652,00000_001840_02,2.0,8.33068561553955,8.027758598327637,0.9839483499526978,coef_energy_material_checkpoint_lambdas,0.0,4.466224193572998,2.3900654315948486,51,R2,4.384789824485779,0.5535684823989868
0.0,nan,nan,-0.6298618912696838,00000_001840_02,4.0,0.6873446702957153,0.6864238977432251,0.4261261522769928,coef_energy_material_checkpoint_lambdas,1.0,4.4545512199401855,2.3851637840270996,57,R2,3.7355243265628815,4.2124069929122925
0.0,nan,nan,0.010253680869936943,00000_001840_02,3.0,0.022287245839834213,0.010253680869936943,0.9998306035995483,coef_energy_material_checkpoint_lambdas,0.0,4.453703880310059,2.409457206726074,60,R2,3.785154849290848,2.7560967206954956
0.0,nan,nan,0.6562721729278564,00000_001840_02,3.0,0.6977139711380005,0.48105230927467346,0.7436608076095581,coef_energy_material_checkpoint_lambdas,0.0,4.430408477783203,2.423152208328247,63,R2,3.623098909854889,1.1064696311950684
0.0,nan,nan,4.998773574829102,00000_001840_02,1.0,7.0627617835998535,7.062758922576904,0.9996448159217834,coef_energy_material_checkpoint_lambdas,0.0,4.427746295928955,2.426259756088257,66,R2,3.6093559861183167,0.5560318231582642
0.0,nan,nan,-0.1808420568704605,00000_001840_02,6.0,0.2188304215669632,0.029335318133234978,0.8479576706886292,coef_energy_material_checkpoint_lambdas,1.0,4.404102325439453,2.4529383182525635,69,R2,3.927535057067871,4.400102198123932
0.0,nan,nan,0.25126567482948303,00000_001840_02,6.0,0.2654087543487549,0.25126567482948303,0.9938825964927673,coef_energy_material_checkpoint_lambdas,0.0,4.507431507110596,2.3609063625335693,72,R2,4.400000095367432,4.400004148483276
0.0,nan,nan,0.02293669991195202,00000_001840_02,7.0,0.022936701774597168,0.016213418915867805,0.9995007514953613,coef_energy_material_checkpoint_lambdas,0.0,4.590875625610352,2.2974910736083984,75,R2,4.400000095367432,4.400000095367432
0.0,nan,nan,7.839660167694092,00000_001840_04,1.0,8.261073112487793,7.385358810424805,0.9982700943946838,coef_energy_material_checkpoint_lambdas,0.0,4.475955486297607,2.4253571033477783,0,R2,2.7840049862861633,0.3941177725791931
0.0,nan,nan,4.952739238739014,00000_001840_04,2.0,6.938846111297607,4.8598313331604,0.30895644426345825,coef_energy_material_checkpoint_lambdas,0.0,4.488348484039307,2.4059879779815674,3,R2,4.372867465019226,4.372867465019226
0.0,nan,nan,-0.39696985483169556,00000_001840_04,3.0,2.3196444511413574,1.335339069366455,-0.6429829001426697,coef_energy_material_checkpoint_lambdas,0.0,4.4887895584106445,2.3862593173980713,6,R2,3.83438378572464,0.5323243737220764
0.0,nan,nan,2.830570936203003,00000_001840_04,3.0,3.834592342376709,3.830718755722046,-0.44517040252685547,coef_energy_material_checkpoint_lambdas,0.0,4.501865386962891,2.3533401489257812,9,R2,2.6915705800056458,0.8477935492992401
0.0,nan,nan,6.530339241027832,00000_001840_04,2.0,8.491469383239746,8.268245697021484,0.7414119839668274,coef_energy_material_checkpoint_lambdas,0.0,4.504396915435791,2.344625234603882,12,R2,2.073924273252487,0.29424694180488586
0.0,nan,nan,4.7171831130981445,00000_001840_04,2.0,5.794729232788086,4.7171831130981445,0.983222484588623,coef_energy_material_checkpoint_lambdas,0.0,4.500001907348633,2.340698480606079,15,R2,2.0150318443775177,0.5204327702522278
0.0,nan,nan,1.0773307085037231,00000_001840_04,1.0,3.861581563949585,3.7082571983337402,-0.9724400043487549,coef_energy_material_checkpoint_lambdas,0.0,4.483236789703369,2.353642463684082,39,R2,3.3722772896289825,3.3722772896289825
0.0,nan,nan,2.14365291595459,00000_001840_04,1.0,2.682771682739258,1.6130765676498413,0.9740782380104065,coef_energy_material_checkpoint_lambdas,0.0,4.475643157958984,2.3788275718688965,48,R2,3.3722772896289825,0.5483049154281616
0.0,nan,nan,0.09755641222000122,00000_001840_04,2.0,2.08148193359375,1.8160595893859863,0.06654976308345795,coef_energy_material_checkpoint_lambdas,0.0,4.476373672485352,2.3827881813049316,54,R2,4.358284413814545,1.6090254187583923
0.0,nan,nan,0.7756555080413818,00000_001840_04,2.0,7.442780017852783,5.78265380859375,0.9863007068634033,coef_energy_material_checkpoint_lambdas,0.0,4.476955890655518,2.4084339141845703,57,R2,4.400125622749329,0.5652928352355957
0.0,nan,nan,8.319198608398438,00000_001840_04,1.0,8.33350658416748,8.319199562072754,0.8897799253463745,coef_energy_material_checkpoint_lambdas,0.0,4.391841888427734,2.4926676750183105,63,R2,4.279941558837891,0.5466908812522888
0.0,nan,nan,2.5457282066345215,00000_001840_04,6.0,2.7644243240356445,2.5457282066345215,0.8049014806747437,coef_energy_material_checkpoint_lambdas,0.0,4.382367134094238,2.4950151443481445,66,R2,3.4761106371879578,2.0884833931922913
0.0,nan,nan,7.233330249786377,00000_001840_04,4.0,7.279054164886475,7.233330249786377,0.9980840086936951,coef_energy_material_checkpoint_lambdas,0.0,4.379940986633301,2.4986085891723633,69,R2,4.400613248348236,0.5563888549804688
0.0,nan,nan,0.24352838099002838,00000_001840_04,5.0,0.2571476399898529,0.11381039768457413,0.9990994334220886,coef_energy_material_checkpoint_lambdas,0.0,4.37928581237793,2.5070834159851074,72,R2,4.400000095367432,3.8690142035484314
0.0,nan,nan,0.262256383895874,00000_001840_04,7.0,0.2622571587562561,0.18499429523944855,0.9936786890029907,coef_energy_material_checkpoint_lambdas,0.0,4.4497222900390625,2.4426512718200684,75,R2,4.400000095367432,1.6689817309379578
0.0,nan,nan,8.047062873840332,00000_001840_04,1.0,8.047158241271973,8.047062873840332,0.9965529441833496,coef_energy_material_checkpoint_lambdas,0.0,4.456684589385986,2.4027202129364014,78,R2,4.402865827083588,0.5609741806983948
0.0,nan,nan,3.8090128898620605,00000_001840_07,2.0,8.099059104919434,7.747395992279053,0.24321764707565308,coef_energy_material_checkpoint_lambdas,0.0,4.500185012817383,2.344919443130493,3,R2,4.192336976528168,0.36854761838912964
0.0,nan,nan,-0.5655801892280579,00000_001840_07,3.0,0.9982743859291077,0.48282063007354736,0.9119594693183899,coef_energy_material_checkpoint_lambdas,0.0,4.502170562744141,2.344413995742798,6,R2,3.9226218461990356,1.788064032793045
0.0,nan,nan,-0.001538051525130868,00000_001840_07,2.0,0.009303674101829529,0.005400605499744415,0.9597818851470947,coef_energy_material_checkpoint_lambdas,0.0,4.503951549530029,2.3227593898773193,9,R2,3.2469711303710938,1.0185554921627045
0.0,nan,nan,1.902103066444397,00000_001840_07,1.0,2.0928966999053955,0.06976480782032013,0.8955002427101135,coef_energy_material_checkpoint_lambdas,0.0,4.487559795379639,2.305516242980957,12,R2,2.444728195667267,0.26462361216545105
0.0,nan,nan,6.065561771392822,00000_001840_07,3.0,7.200510501861572,6.183199405670166,0.9283512830734253,coef_energy_material_checkpoint_lambdas,0.0,4.491247177124023,2.349034309387207,33,R2,3.176588386297226,3.2654340267181396
0.0,nan,nan,0.7383018732070923,00000_001840_07,2.0,0.796944797039032,0.30005234479904175,0.9517480134963989,coef_energy_material_checkpoint_lambdas,0.0,4.483979225158691,2.3772313594818115,42,R2,3.2654340267181396,1.0843478441238403
0.0,nan,nan,1.1533970832824707,00000_001840_07,1.0,7.323362827301025,5.952651500701904,0.3341655135154724,coef_energy_material_checkpoint_lambdas,0.0,4.475689888000488,2.3819198608398438,48,R2,4.282808870077133,2.0594697892665863
0.0,nan,nan,-0.24660980701446533,00000_001840_07,1.0,2.2672646045684814,1.419306993484497,0.5687645077705383,coef_energy_material_checkpoint_lambdas,0.0,4.471363544464111,2.386953592300415,51,R2,4.400737106800079,0.5564438104629517
0.0,nan,nan,8.278471946716309,00000_001840_07,1.0,8.388284683227539,8.009507179260254,0.8923957943916321,coef_energy_material_checkpoint_lambdas,0.0,4.472328186035156,2.3702690601348877,54,R2,4.391587615013123,0.5000014901161194
0.0,nan,nan,4.550514221191406,00000_001840_07,3.0,7.09839391708374,0.634573757648468,0.4057823121547699,coef_energy_material_checkpoint_lambdas,0.0,4.3752851486206055,2.4253487586975098,57,R2,4.066756963729858,4.081865549087524
0.0,nan,nan,-0.015795797109603882,00000_001840_07,2.0,0.15659774839878082,0.03428277745842934,0.9994000196456909,coef_energy_material_checkpoint_lambdas,0.0,4.364151477813721,2.4348227977752686,60,R2,4.200725108385086,2.7589014172554016
0.0,nan,nan,3.960049629211426,00000_001840_07,3.0,3.965135097503662,3.6933486461639404,0.9960290193557739,coef_energy_material_checkpoint_lambdas,0.0,4.380284309387207,2.4228665828704834,63,R2,4.230405956506729,0.5564014315605164
0.0,nan,nan,6.148785591125488,00000_001840_07,5.0,6.873403549194336,4.858607292175293,0.9999125599861145,coef_energy_material_checkpoint_lambdas,0.0,4.349691390991211,2.4571826457977295,69,R2,4.400813519954681,4.400968492031097
0.0,nan,nan,0.0006437677075155079,00000_001840_07,12.0,0.0010705807944759727,0.0001496454351581633,0.5322535037994385,coef_energy_material_checkpoint_lambdas,0.0,4.336697578430176,2.4687421321868896,72,R2,4.400000095367432,4.400000095367432
0.0,nan,nan,-2.289282763356937e-09,00000_001840_07,14.0,3.516801072578346e-09,2.689660993926424e-10,0.0,coef_energy_material_checkpoint_lambdas,0.0,4.487431049346924,2.360400676727295,75,R2,4.400000095367432,4.400000095367432
0.0,nan,nan,-0.02501148171722889,00000_001841_00,4.0,0.05150841921567917,0.04502824693918228,-0.9527937769889832,coef_energy_material_checkpoint_lambdas,0.0,4.505274295806885,2.35689377784729,0,R1,3.1151027381420135,3.1151027381420135
0.0,nan,nan,0.38596171140670776,00000_001841_00,3.0,0.5539854168891907,0.008093997836112976,0.9236633777618408,coef_energy_material_checkpoint_lambdas,0.0,4.498098373413086,2.3455536365509033,3,R1,2.504961997270584,1.7754874527454376
0.0,nan,nan,4.391595840454102,00000_001841_00,3.0,4.402545928955078,4.391595840454102,0.06649330258369446,coef_energy_material_checkpoint_lambdas,0.0,4.494676113128662,2.3302035331726074,6,R1,2.091307520866394,0.7675826251506805
0.0,nan,nan,2.7782487869262695,00000_001841_00,2.0,5.359148979187012,2.8564863204956055,0.9995294213294983,coef_energy_material_checkpoint_lambdas,0.0,4.488561630249023,2.3630151748657227,9,R1,2.8205626606941223,0.30379748344421387
0.0,nan,nan,0.7824058532714844,00000_001841_00,1.0,3.7833051681518555,3.7015185356140137,-0.6488604545593262,coef_energy_material_checkpoint_lambdas,0.0,4.487273693084717,2.3564422130584717,33,R1,3.5165127217769623,3.5165127217769623
0.0,nan,nan,5.481029033660889,00000_001841_00,2.0,7.1775803565979,4.634218215942383,0.0349377803504467,coef_energy_material_checkpoint_lambdas,0.0,4.460955619812012,2.397432327270508,42,R1,3.5165127217769623,0.5196267366409302
0.0,nan,nan,-0.9349180459976196,00000_001841_00,1.0,0.9658799767494202,0.8326274156570435,0.9383901357650757,coef_energy_material_checkpoint_lambdas,0.0,4.464594841003418,2.3764803409576416,48,R1,4.385586261749268,0.5283819437026978
0.0,nan,nan,4.087205410003662,00000_001841_00,2.0,8.395463943481445,8.075578689575195,0.9998201727867126,coef_energy_material_checkpoint_lambdas,0.0,4.453278064727783,2.3736412525177,51,R1,4.385207533836365,0.5633636713027954
0.0,nan,nan,0.1677740067243576,00000_001841_00,2.0,0.2250840961933136,0.11171471327543259,0.9999999403953552,coef_energy_material_checkpoint_lambdas,0.0,4.403255462646484,2.4066340923309326,57,R1,3.9272732734680176,2.2095102667808533
0.0,nan,nan,3.7082908153533936,00000_001841_00,5.0,4.146336555480957,2.931420087814331,0.999846875667572,coef_energy_material_checkpoint_lambdas,0.0,4.383805274963379,2.421137571334839,60,R1,4.124979078769684,0.5563647747039795
0.0,nan,nan,3.052607774734497,00000_001841_00,6.0,3.821800947189331,3.7845191955566406,0.9995457530021667,coef_energy_material_checkpoint_lambdas,0.0,4.5684309005737305,2.3120667934417725,66,R1,4.400029301643372,4.4025532603263855
0.0,nan,nan,7.8442487716674805,00000_001841_01,1.0,8.26278018951416,7.382653713226318,0.9986499547958374,coef_energy_material_checkpoint_lambdas,0.0,4.468555450439453,2.4242212772369385,0,R1,2.781260132789612,0.38904380798339844
0.0,nan,nan,6.005949020385742,00000_001841_01,2.0,8.215356826782227,7.217009544372559,0.9070457816123962,coef_energy_material_checkpoint_lambdas,0.0,4.494201183319092,2.4031665325164795,3,R1,4.37036520242691,4.396006107330322
0.0,nan,nan,0.3644791841506958,00000_001841_01,3.0,1.8290208578109741,1.5250993967056274,-0.9916961193084717,coef_energy_material_checkpoint_lambdas,0.0,4.479426860809326,2.387099504470825,6,R1,4.004373639822006,0.5348314046859741
0.0,nan,nan,3.0443830490112305,00000_001841_01,3.0,3.9721970558166504,3.9568769931793213,-0.5045182704925537,coef_energy_material_checkpoint_lambdas,0.0,4.486533164978027,2.3545236587524414,9,R1,2.833175003528595,1.1489267349243164
0.0,nan,nan,3.3048369884490967,00000_001841_01,4.0,7.144862174987793,5.788853645324707,-0.17128069698810577,coef_energy_material_checkpoint_lambdas,0.0,4.48681640625,2.34419322013855,12,R1,2.105952173471451,0.28533935546875
0.0,nan,nan,5.11496639251709,00000_001841_01,2.0,5.68471622467041,5.11496639251709,0.9967808127403259,coef_energy_material_checkpoint_lambdas,0.0,4.482199192047119,2.343090057373047,15,R1,2.011548697948456,0.520810604095459
0.0,nan,nan,3.560336112976074,00000_001841_01,1.0,6.859238147735596,5.862862586975098,-0.9999480843544006,coef_energy_material_checkpoint_lambdas,0.0,4.4801836013793945,2.3574228286743164,39,R1,3.3878744542598724,3.3878744542598724
0.0,nan,nan,2.0314388275146484,00000_001841_01,1.0,2.531463623046875,1.5104845762252808,0.9540937542915344,coef_energy_material_checkpoint_lambdas,0.0,4.47704553604126,2.3870692253112793,48,R1,3.3878744542598724,0.5373489260673523
0.0,nan,nan,0.2898482084274292,00000_001841_01,3.0,0.29280439019203186,0.17560721933841705,0.6983153223991394,coef_energy_material_checkpoint_lambdas,1.0,4.442739963531494,2.374149799346924,57,R1,4.208408921957016,4.400417804718018
0.0,nan,nan,0.01869022473692894,00000_001841_01,3.0,0.019069356843829155,0.01869022473692894,0.9940667152404785,coef_energy_material_checkpoint_lambdas,0.0,4.448613166809082,2.3851304054260254,60,R1,4.100457042455673,2.7574912905693054
0.0,nan,nan,0.029789991676807404,00000_001841_01,4.0,0.05469589680433273,0.0471593514084816,0.9877533316612244,coef_energy_material_checkpoint_lambdas,0.0,4.4438629150390625,2.393841505050659,63,R1,4.313819408416748,1.6573493480682373
0.0,nan,nan,3.0557174682617188,00000_001841_01,5.0,7.246419429779053,5.6715922355651855,0.9847509860992432,coef_energy_material_checkpoint_lambdas,0.0,4.419146537780762,2.3999574184417725,66,R1,4.2559734582901,0.559814989566803
0.0,nan,nan,7.216792106628418,00000_001841_01,2.0,7.779109477996826,7.156387805938721,0.995578944683075,coef_energy_material_checkpoint_lambdas,0.0,4.407737731933594,2.4024856090545654,69,R1,4.280086696147919,0.5776864886283875
0.0,nan,nan,1.836119294166565,00000_001841_01,5.0,1.8676705360412598,1.5400545597076416,0.9780634641647339,coef_energy_material_checkpoint_lambdas,0.0,4.519143104553223,2.343151569366455,72,R1,4.400083780288696,4.40333217382431
0.0,nan,nan,7.862077713012695,00000_001841_02,1.0,8.281322479248047,7.398898124694824,0.9986454844474792,coef_energy_material_checkpoint_lambdas,0.0,4.486061096191406,2.4076805114746094,0,R1,2.781260132789612,0.38904380798339844
0.0,nan,nan,6.016366958618164,00000_001841_02,2.0,8.229019165039062,7.891982555389404,0.9070135354995728,coef_energy_material_checkpoint_lambdas,0.0,4.502418041229248,2.387442111968994,3,R1,4.37036520242691,0.5570989847183228
0.0,nan,nan,1.9318909645080566,00000_001841_02,2.0,2.050823450088501,1.9318909645080566,-0.9772884845733643,coef_energy_material_checkpoint_lambdas,0.0,4.497457504272461,2.382476568222046,6,R1,4.253860145807266,0.486505925655365
0.0,nan,nan,5.073726177215576,00000_001841_02,2.0,6.698658466339111,6.680345058441162,-0.38687944412231445,coef_energy_material_checkpoint_lambdas,0.0,4.4978556632995605,2.365752935409546,9,R1,2.7367919385433197,0.42031964659690857
0.0,nan,nan,8.608219146728516,00000_001841_02,1.0,8.618804931640625,8.608219146728516,0.9279188513755798,coef_energy_material_checkpoint_lambdas,0.0,4.503235816955566,2.363252878189087,12,R1,3.877957433462143,0.28533935546875
0.0,nan,nan,5.117639541625977,00000_001841_02,2.0,5.687730312347412,5.117639541625977,0.9967795610427856,coef_energy_material_checkpoint_lambdas,0.0,4.485448360443115,2.339343309402466,15,R1,2.011548697948456,0.520810604095459
0.0,nan,nan,3.5600810050964355,00000_001841_02,1.0,6.858745098114014,5.86244010925293,-0.9999480843544006,coef_energy_material_checkpoint_lambdas,0.0,4.479791164398193,2.355832815170288,39,R1,3.3878744542598724,3.3878744542598724
0.0,nan,nan,2.0334084033966064,00000_001841_02,1.0,2.53395414352417,1.5120099782943726,0.9540880918502808,coef_energy_material_checkpoint_lambdas,0.0,4.48172664642334,2.387795925140381,48,R1,3.3878744542598724,0.5373489260673523
0.0,nan,nan,-0.022917017340660095,00000_001841_02,2.0,0.3026944398880005,0.11718665808439255,-0.47852662205696106,coef_energy_material_checkpoint_lambdas,0.0,4.434721946716309,2.3880937099456787,60,R1,3.88193741440773,3.8523438572883606
0.0,nan,nan,0.00833643227815628,00000_001841_02,4.0,0.012058740481734276,0.00515332818031311,0.9005676507949829,coef_energy_material_checkpoint_lambdas,0.0,4.440195083618164,2.38927960395813,63,R1,4.175798416137695,1.6565901637077332
0.0,nan,nan,3.0557174682617188,00000_001841_02,5.0,7.246419429779053,5.6715922355651855,0.9847509860992432,coef_energy_material_checkpoint_lambdas,0.0,4.419146537780762,2.3999574184417725,66,R1,4.2559734582901,0.559814989566803
0.0,nan,nan,7.15098762512207,00000_001841_02,2.0,7.708393096923828,7.091543197631836,0.9955855011940002,coef_energy_material_checkpoint_lambdas,0.0,4.364446640014648,2.430532455444336,69,R1,4.280086696147919,0.5776864886283875
0.0,nan,nan,1.77382230758667,00000_001841_02,5.0,1.804184913635254,0.3296020030975342,0.9781367182731628,coef_energy_material_checkpoint_lambdas,0.0,4.358308792114258,2.4410107135772705,72,R1,4.400083780288696,4.400083780288696
0.0,nan,nan,0.0004127218562643975,00000_001841_02,9.0,0.000634659780189395,4.908214395982213e-05,0.0,coef_energy_material_checkpoint_lambdas,0.0,4.338167190551758,2.4572012424468994,75,R1,4.400000095367432,4.400000095367432
0.0,nan,nan,1.2371643265396415e-07,00000_001841_02,13.0,1.239410210018832e-07,8.22071442030392e-08,0.0,coef_energy_material_checkpoint_lambdas,0.0,4.323404312133789,2.4667885303497314,78,R1,4.400000095367432,4.400000095367432
0.0,nan,nan,4.697876202636175e-12,00000_001841_02,16.0,4.870007175306057e-12,2.4144503670692208e-12,0.0,coef_energy_material_checkpoint_lambdas,0.0,4.331308841705322,2.4677422046661377,81,R1,4.400000095367432,4.400000095367432
0.0,nan,nan,-3.590053326335194e-16,00000_001841_02,16.0,3.733991487946689e-16,1.0267468027076122e-16,0.0,coef_energy_material_checkpoint_lambdas,0.0,4.326006889343262,2.47767972946167,84,R1,4.400000095367432,4.400000095367432
0.0,nan,nan,-5.491126051568755e-20,00000_001841_02,16.0,5.951055274254431e-20,2.2940337252839497e-20,0.0,coef_energy_material_checkpoint_lambdas,0.0,4.340980052947998,2.470942974090576,87,R1,4.400000095367432,4.400000095367432
0.0,nan,nan,-4.039964639371418e-23,00000_001841_02,16.0,5.293955920339377e-23,3.743392066509216e-23,0.0,coef_energy_material_checkpoint_lambdas,0.0,4.310065269470215,2.490804672241211,90,R1,4.400000095367432,4.400000095367432
0.0,nan,nan,-6.921374986664574e-26,00000_001841_02,16.0,0.0,0.0,0.0,coef_energy_material_checkpoint_lambdas,0.0,4.415035724639893,2.3975112438201904,93,R1,4.400000095367432,4.400000095367432
0.0,nan,nan,-8.397195993008639e-29,00000_001841_02,16.0,0.0,0.0,0.0,coef_energy_material_checkpoint_lambdas,0.0,4.593211650848389,2.3168272972106934,96,R1,4.400000095367432,4.400000095367432
0.0,nan,nan,4.746025085449219,00000_001841_03,1.0,4.9947381019592285,2.2553439140319824,0.9943980574607849,coef_energy_material_checkpoint_lambdas,0.0,4.4853596687316895,2.402261734008789,0,R1,4.310915410518646,0.486505925655365
0.0,nan,nan,5.073726177215576,00000_001841_03,2.0,6.698658466339111,6.680345058441162,-0.38687944412231445,coef_energy_material_checkpoint_lambdas,0.0,4.4978556632995605,2.365752935409546,3,R1,2.7367919385433197,0.42031964659690857
0.0,nan,nan,8.594644546508789,00000_001841_03,1.0,8.605257034301758,8.594644546508789,0.9279560446739197,coef_energy_material_checkpoint_lambdas,0.0,4.495039939880371,2.364284038543701,6,R1,3.877957433462143,0.28533935546875
0.0,nan,nan,5.11944055557251,00000_001841_03,2.0,5.689584255218506,5.11944055557251,0.9967839121818542,coef_energy_material_checkpoint_lambdas,0.0,4.483929634094238,2.3571529388427734,9,R1,2.011548697948456,0.520810604095459
0.0,nan,nan,3.5588903427124023,00000_001841_03,1.0,6.856451511383057,5.860479831695557,-0.9999480843544006,coef_energy_material_checkpoint_lambdas,0.0,4.478307723999023,2.3553452491760254,33,R1,3.3878744542598724,3.3878744542598724
0.0,nan,nan,2.0323376655578613,00000_001841_03,1.0,2.5325865745544434,1.5111579895019531,0.9540933966636658,coef_energy_material_checkpoint_lambdas,0.0,4.479055404663086,2.3879871368408203,42,R1,3.3878744542598724,0.5373489260673523
0.0,nan,nan,-0.2045312374830246,00000_001841_03,3.0,1.8096901178359985,1.416070580482483,0.7156040072441101,coef_energy_material_checkpoint_lambdas,1.0,4.4500861167907715,2.371631145477295,51,R1,3.924625664949417,4.39986127614975
0.0,nan,nan,-0.022917017340660095,00000_001841_03,2.0,0.3026944398880005,0.28020989894866943,-0.47852662205696106,coef_energy_material_checkpoint_lambdas,1.0,4.434721946716309,2.3880937099456787,54,R1,3.88193741440773,4.210208624601364
0.0,nan,nan,0.04495540261268616,00000_001841_03,4.0,0.047456417232751846,0.037840910255908966,0.999984860420227,coef_energy_material_checkpoint_lambdas,0.0,4.445246696472168,2.3799304962158203,57,R1,3.995095908641815,2.228561520576477
0.0,nan,nan,3.0557174682617188,00000_001841_03,5.0,7.246419429779053,5.6715922355651855,0.9847509860992432,coef_energy_material_checkpoint_lambdas,0.0,4.419146537780762,2.3999574184417725,60,R1,4.2559734582901,0.559814989566803
0.0,nan,nan,7.159567356109619,00000_001841_03,2.0,7.7176032066345215,7.099978446960449,0.9955843091011047,coef_energy_material_checkpoint_lambdas,0.0,4.370235919952393,2.4245400428771973,63,R1,4.280086696147919,0.5776864886283875
0.0,nan,nan,1.7867333889007568,00000_001841_03,5.0,1.8173490762710571,0.33217668533325195,0.9781169295310974,coef_energy_material_checkpoint_lambdas,0.0,4.392071723937988,2.410569906234741,66,R1,4.400083780288696,4.400083780288696
0.0,nan,nan,0.004668637178838253,00000_001841_03,8.0,0.014286234974861145,0.013501863926649094,0.999761700630188,coef_energy_material_checkpoint_lambdas,0.0,4.4091644287109375,2.4029946327209473,69,R1,4.400000095367432,4.400000095367432
0.0,nan,nan,0.00010668521281331778,00000_001841_03,10.0,0.00015574743156321347,0.0001134703925345093,0.005248918663710356,coef_energy_material_checkpoint_lambdas,0.0,4.531695365905762,2.319523334503174,72,R1,4.400000095367432,4.400000095367432
0.0,nan,nan,4.746025085449219,00000_001841_04,1.0,4.9947381019592285,2.2553439140319824,0.9943980574607849,coef_energy_material_checkpoint_lambdas,0.0,4.4853596687316895,2.402261734008789,0,R1,4.310915410518646,0.486505925655365
0.0,nan,nan,5.073726177215576,00000_001841_04,2.0,6.698658466339111,6.680345058441162,-0.38687944412231445,coef_energy_material_checkpoint_lambdas,0.0,4.4978556632995605,2.365752935409546,3,R1,2.7367919385433197,0.42031964659690857
0.0,nan,nan,8.598567008972168,00000_001841_04,1.0,8.609169960021973,8.598567962646484,0.9279440641403198,coef_energy_material_checkpoint_lambdas,0.0,4.497444152832031,2.3638293743133545,6,R1,3.877957433462143,0.28533935546875
0.0,nan,nan,5.121877193450928,00000_001841_04,2.0,5.692291736602783,5.121877193450928,0.996783971786499,coef_energy_material_checkpoint_lambdas,0.0,4.48605489730835,2.3583240509033203,9,R1,2.011548697948456,0.520810604095459
0.0,nan,nan,3.548569917678833,00000_001841_04,1.0,6.836551666259766,5.843465805053711,-0.9999481439590454,coef_energy_material_checkpoint_lambdas,0.0,4.464661121368408,2.335397720336914,33,R1,3.3878744542598724,3.3878744542598724
0.0,nan,nan,0.2912731170654297,00000_001841_04,3.0,0.2942519783973694,0.041763633489608765,0.6981768012046814,coef_energy_material_checkpoint_lambdas,0.0,4.465547561645508,2.3714547157287598,51,R1,4.208408921957016,4.208408921957016
0.0,nan,nan,-0.022917017340660095,00000_001841_04,2.0,0.3026944398880005,0.28020989894866943,-0.47852662205696106,coef_energy_material_checkpoint_lambdas,1.0,4.434721946716309,2.3880937099456787,54,R1,3.88193741440773,4.210208624601364
0.0,nan,nan,0.04492609202861786,00000_001841_04,4.0,0.047425586730241776,0.0378161296248436,0.999984860420227,coef_energy_material_checkpoint_lambdas,0.0,4.44795036315918,2.378373384475708,57,R1,3.995095908641815,2.228561520576477
0.0,nan,nan,3.0557174682617188,00000_001841_04,5.0,7.246419429779053,5.6715922355651855,0.9847509860992432,coef_energy_material_checkpoint_lambdas,0.0,4.419146537780762,2.3999574184417725,60,R1,4.2559734582901,0.559814989566803
0.0,nan,nan,7.15098762512207,00000_001841_04,2.0,7.708393096923828,7.091543197631836,0.9955855011940002,coef_energy_material_checkpoint_lambdas,0.0,4.364446640014648,2.430532455444336,63,R1,4.280086696147919,0.5776864886283875
0.0,nan,nan,1.7805485725402832,00000_001841_04,5.0,1.8110451698303223,0.330955445766449,0.9781250953674316,coef_energy_material_checkpoint_lambdas,0.0,4.376038551330566,2.421830892562866,66,R1,4.400083780288696,4.400083780288696
0.0,nan,nan,0.0004186129372101277,00000_001841_04,9.0,0.0006437187548726797,0.0004890163545496762,0.0,coef_energy_material_checkpoint_lambdas,0.0,4.400089263916016,2.4189772605895996,69,R1,4.400000095367432,4.400000095367432
0.0,nan,nan,1.0092100637848489e-05,00000_001841_04,10.0,1.6142716049216688e-05,1.2599078218045179e-05,0.0,coef_energy_material_checkpoint_lambdas,0.0,4.416720390319824,2.4031636714935303,72,R1,4.400000095367432,4.400000095367432
0.0,nan,nan,2.2007544231428255e-08,00000_001841_04,13.0,3.112336699473417e-08,2.2007544231428255e-08,0.0,coef_energy_material_checkpoint_lambdas,0.0,4.38912296295166,2.4202423095703125,75,R1,4.400000095367432,4.400000095367432
0.0,nan,nan,-3.544020285572991e-11,00000_001841_04,16.0,5.012001577653358e-11,3.544020285572991e-11,0.0,coef_energy_material_checkpoint_lambdas,0.0,4.400940895080566,2.417238235473633,78,R1,4.400000095367432,4.400000095367432
0.0,nan,nan,-5.6810974110796386e-14,00000_001841_04,16.0,7.276292876600213e-14,4.546379887685782e-14,0.0,coef_energy_material_checkpoint_lambdas,0.0,4.370287895202637,2.441092014312744,81,R1,4.400000095367432,4.400000095367432
0.0,nan,nan,-3.896138806516233e-17,00000_001841_04,16.0,4.575369563835781e-17,2.398772160333557e-17,0.0,coef_energy_material_checkpoint_lambdas,0.0,4.380892276763916,2.4323902130126953,84,R1,4.400000095367432,4.400000095367432
0.0,nan,nan,-1.5846187519166113e-20,00000_001841_04,16.0,1.7718231339105727e-20,7.92680395543604e-21,0.0,coef_energy_material_checkpoint_lambdas,0.0,4.451867580413818,2.3740320205688477,87,R1,4.400000095367432,4.400000095367432
0.0,nan,nan,-4.704215024965365e-24,00000_001841_04,16.0,0.0,0.0,0.0,coef_energy_material_checkpoint_lambdas,0.0,4.58119010925293,2.3184053897857666,90,R1,4.400000095367432,4.400000095367432
0.0,nan,nan,6.693173408508301,00000_001841_05,2.0,7.098691940307617,0.1269945204257965,0.9812831878662109,coef_energy_material_checkpoint_lambdas,0.0,4.4689459800720215,2.3097891807556152,0,R1,2.1117545664310455,1.8042965531349182
0.0,nan,nan,0.06561591476202011,00000_001841_05,3.0,0.0666428953409195,0.058563243597745895,0.3209233283996582,coef_energy_material_checkpoint_lambdas,0.0,4.475122451782227,2.3043885231018066,3,R1,2.788014143705368,1.0561414957046509
0.0,nan,nan,0.5939314961433411,00000_001841_05,2.0,1.5455704927444458,0.5939315557479858,0.9445775151252747,coef_energy_material_checkpoint_lambdas,0.0,4.477630138397217,2.3003954887390137,6,R1,2.234161376953125,0.26770496368408203
0.0,nan,nan,0.0641726702451706,00000_001841_05,2.0,0.39300408959388733,0.38772937655448914,0.17453083395957947,coef_energy_material_checkpoint_lambdas,0.0,4.437699317932129,2.3783586025238037,45,R1,4.400806188583374,4.400806188583374
0.0,nan,nan,0.016290079802274704,00000_001841_05,2.0,0.01724044792354107,0.013669010251760483,0.7489507794380188,coef_energy_material_checkpoint_lambdas,0.0,4.450436115264893,2.3902220726013184,48,R1,3.9593109488487244,4.4371432065963745
0.0,nan,nan,0.030531272292137146,00000_001841_05,3.0,0.03275858238339424,0.029984286054968834,0.999997079372406,coef_energy_material_checkpoint_lambdas,1.0,4.4452924728393555,2.389394521713257,51,R1,4.149926662445068,4.398588716983795
0.0,nan,nan,0.05192979425191879,00000_001841_05,4.0,0.10010221600532532,0.0847194716334343,0.9977281093597412,coef_energy_material_checkpoint_lambdas,0.0,4.4032182693481445,2.4091687202453613,54,R1,4.0892632603645325,3.309579312801361
0.0,nan,nan,6.9879984855651855,00000_001841_05,2.0,7.00930643081665,6.802096843719482,0.9824666380882263,coef_energy_material_checkpoint_lambdas,0.0,4.358567714691162,2.4366629123687744,57,R1,4.221858114004135,0.5656129121780396
0.0,nan,nan,4.028958320617676,00000_001841_05,1.0,4.579917907714844,2.1778757572174072,0.9870908856391907,coef_energy_material_checkpoint_lambdas,0.0,4.38141393661499,2.4120240211486816,60,R1,4.402193546295166,4.402193546295166
0.0,nan,nan,0.009813194163143635,00000_001841_05,7.0,0.017976580187678337,0.015061826445162296,0.9990261793136597,coef_energy_material_checkpoint_lambdas,0.0,4.40483283996582,2.4143142700195312,63,R1,4.400000095367432,4.400000095367432
0.0,nan,nan,0.0006669068825431168,00000_001841_05,10.0,0.001109113683924079,0.0008862100658006966,0.5514092445373535,coef_energy_material_checkpoint_lambdas,0.0,4.494995594024658,2.339482545852661,66,R1,4.400000095367432,4.400000095367432
0.0,nan,nan,1.6005211591618718e-06,00000_001841_05,13.0,2.263478791064699e-06,0.0,0.0,coef_energy_material_checkpoint_lambdas,0.0,4.590358257293701,2.3051259517669678,69,R1,4.400000095367432,4.400000095367432
0.0,nan,nan,-0.02501148171722889,00000_001841_06,4.0,0.05150841921567917,0.04502824693918228,-0.9527937769889832,coef_energy_material_checkpoint_lambdas,0.0,4.505274295806885,2.35689377784729,0,R2,3.1151027381420135,3.1151027381420135
0.0,nan,nan,0.3864816725254059,00000_001841_06,3.0,0.5555431246757507,0.008904173970222473,0.9242057204246521,coef_energy_material_checkpoint_lambdas,0.0,4.4953293800354,2.3518636226654053,3,R2,2.504961997270584,1.7754874527454376
0.0,nan,nan,4.397180557250977,00000_001841_06,3.0,4.408041000366211,4.397180557250977,0.06682607531547546,coef_energy_material_checkpoint_lambdas,0.0,4.500185966491699,2.345257520675659,6,R2,2.091307520866394,0.7675826251506805
0.0,nan,nan,2.773594617843628,00000_001841_06,2.0,5.350124359130859,2.851651668548584,0.9995295405387878,coef_energy_material_checkpoint_lambdas,0.0,4.48021936416626,2.366119861602783,9,R2,2.8205626606941223,0.30379748344421387
0.0,nan,nan,0.7831432819366455,00000_001841_06,1.0,3.7857861518859863,3.7038984298706055,-0.6489064693450928,coef_energy_material_checkpoint_lambdas,0.0,4.489984035491943,2.355807304382324,33,R2,3.5165127217769623,3.5165127217769623
0.0,nan,nan,5.491507530212402,00000_001841_06,2.0,7.189995288848877,4.641053199768066,0.03472285345196724,coef_energy_material_checkpoint_lambdas,0.0,4.468704700469971,2.3821301460266113,42,R2,3.5165127217769623,0.5196267366409302
0.0,nan,nan,1.9866337776184082,00000_001841_06,2.0,5.295296669006348,5.284848213195801,0.1972927302122116,coef_energy_material_checkpoint_lambdas,0.0,4.407858371734619,2.395566940307617,48,R2,4.3893963098526,4.398998916149139
0.0,nan,nan,0.1708877980709076,00000_001841_06,2.0,0.18113693594932556,0.1431237906217575,0.8757408261299133,coef_energy_material_checkpoint_lambdas,0.0,4.42003059387207,2.3893697261810303,51,R2,3.9095526933670044,4.4075868129730225
0.0,nan,nan,0.26082536578178406,00000_001841_06,3.0,0.26325592398643494,0.23615439236164093,0.9939131140708923,coef_energy_material_checkpoint_lambdas,0.0,4.4815354347229,2.346580982208252,54,R2,4.080994337797165,2.2075693011283875
0.0,nan,nan,1.7614694833755493,00000_001841_06,5.0,4.272543430328369,1.5068931579589844,0.99327552318573,coef_energy_material_checkpoint_lambdas,0.0,4.590822219848633,2.2929067611694336,57,R2,4.151177078485489,0.584976315498352
0.0,nan,nan,0.11054939031600952,00000_001841_07,5.0,0.23622527718544006,0.22578664124011993,0.9236294627189636,coef_energy_material_checkpoint_lambdas,1.0,4.513455390930176,2.3628787994384766,0,R2,3.7091888785362244,4.225434631109238
0.0,nan,nan,-0.0013175480999052525,00000_001841_07,4.0,0.0036901095882058144,0.003446879331022501,-0.1466239094734192,coef_energy_material_checkpoint_lambdas,0.0,4.503688335418701,2.3544797897338867,3,R2,3.4129200875759125,3.4129200875759125
0.0,nan,nan,0.3149719536304474,00000_001841_07,4.0,0.35929983854293823,0.2954922914505005,0.07568741589784622,coef_energy_material_checkpoint_lambdas,0.0,4.503384590148926,2.352071762084961,6,R2,2.5851047933101654,2.2852623760700226
0.0,nan,nan,2.400885581970215,00000_001841_07,3.0,2.476141929626465,2.400885581970215,-0.439071387052536,coef_energy_material_checkpoint_lambdas,0.0,4.495787143707275,2.335430383682251,9,R2,2.366063177585602,1.0324983298778534
0.0,nan,nan,1.1309175491333008,00000_001841_07,3.0,1.1876978874206543,0.8492571115493774,0.9649470448493958,coef_energy_material_checkpoint_lambdas,0.0,4.501232147216797,2.3442420959472656,12,R2,2.1117545664310455,0.2622612714767456
0.0,nan,nan,3.561462879180908,00000_001841_07,1.0,6.861408233642578,5.86471700668335,-0.9999480843544006,coef_energy_material_checkpoint_lambdas,0.0,4.481583118438721,2.3578081130981445,36,R2,3.3878744542598724,3.3878744542598724
0.0,nan,nan,2.0104331970214844,00000_001841_07,1.0,2.503394365310669,2.4763758182525635,0.9543982148170471,coef_energy_material_checkpoint_lambdas,0.0,4.413049221038818,2.4449052810668945,45,R2,3.3878744542598724,1.8003786206245422
0.0,nan,nan,1.481013536453247,00000_001841_07,1.0,1.4822968244552612,0.06166665628552437,0.910500705242157,coef_energy_material_checkpoint_lambdas,0.0,4.506844520568848,2.374720335006714,57,R2,4.403324246406555,4.403324246406555
0.0,nan,nan,2.6403493881225586,00000_001841_07,6.0,2.7803761959075928,2.751227378845215,0.9984831809997559,coef_energy_material_checkpoint_lambdas,0.0,4.508416175842285,2.3751580715179443,60,R2,4.400025129318237,4.403462648391724
0.0,nan,nan,2.760806083679199,00000_001841_07,8.0,2.943896770477295,2.6748461723327637,0.9999038577079773,coef_energy_material_checkpoint_lambdas,0.0,4.492121696472168,2.386061668395996,63,R2,4.400007128715515,4.400171875953674
0.0,nan,nan,0.06432954221963882,00000_001841_07,9.0,0.07292774319648743,0.06432954221963882,0.9929312467575073,coef_energy_material_checkpoint_lambdas,0.0,4.4927592277526855,2.381765365600586,66,R2,4.400000095367432,4.401540100574493
0.0,nan,nan,0.022275619208812714,00000_001841_07,7.0,0.022321756929159164,0.022275619208812714,0.9981880784034729,coef_energy_material_checkpoint_lambdas,0.0,4.506879806518555,2.3864693641662598,69,R2,4.400000095367432,3.307925045490265
0.0,nan,nan,0.017988717183470726,00000_001841_07,5.0,0.040061160922050476,0.012591144070029259,0.9545659422874451,coef_energy_material_checkpoint_lambdas,0.0,4.580130577087402,2.3299927711486816,72,R2,4.400000095367432,1.6579214930534363
0.0,nan,nan,8.730645179748535,00000_001843_00,1.0,8.748895645141602,8.730645179748535,0.9184234142303467,coef_energy_material_checkpoint_lambdas,0.0,4.468894958496094,2.419947862625122,0,R1,3.0165843963623047,0.4717489778995514
0.0,nan,nan,4.017519950866699,00000_001843_00,2.0,8.187826156616211,7.885616779327393,0.9627313613891602,coef_energy_material_checkpoint_lambdas,0.0,4.483303070068359,2.3955044746398926,3,R1,4.339046627283096,0.5413334369659424
0.0,nan,nan,7.303382396697998,00000_001843_00,1.0,7.762729644775391,7.024456977844238,0.4236561954021454,coef_energy_material_checkpoint_lambdas,0.0,4.485572814941406,2.3846006393432617,6,R1,4.372542858123779,0.5750437378883362
0.0,nan,nan,7.607789039611816,00000_001843_00,2.0,7.608569622039795,5.456591606140137,0.5217716693878174,coef_energy_material_checkpoint_lambdas,0.0,4.489602088928223,2.347517490386963,9,R1,2.4475817382335663,0.6775279343128204
0.0,nan,nan,6.418097496032715,00000_001843_00,2.0,8.538492202758789,8.259007453918457,0.9447334408760071,coef_energy_material_checkpoint_lambdas,0.0,4.489538192749023,2.3445403575897217,12,R1,2.0432803332805634,0.28020814061164856
0.0,nan,nan,1.4892786741256714,00000_001843_00,1.0,1.5777744054794312,1.4214681386947632,0.8863944411277771,coef_energy_material_checkpoint_lambdas,0.0,4.486732006072998,2.3393728733062744,15,R1,2.1933094561100006,0.2668231427669525
0.0,nan,nan,4.382974147796631,00000_001843_00,1.0,7.1437907218933105,5.6412129402160645,-0.4798164665699005,coef_energy_material_checkpoint_lambdas,0.0,4.479253768920898,2.366971015930176,48,R1,4.1336725652217865,4.1336725652217865
0.0,nan,nan,-0.08466589450836182,00000_001843_00,2.0,0.1746414750814438,0.15274596214294434,0.9957683682441711,coef_energy_material_checkpoint_lambdas,0.0,4.471573829650879,2.3663861751556396,51,R1,3.8854470551013947,3.8854470551013947
0.0,nan,nan,-0.012076569721102715,00000_001843_00,2.0,0.3886962831020355,0.3885086476802826,0.9997456073760986,coef_energy_material_checkpoint_lambdas,0.0,4.456458568572998,2.3685691356658936,54,R1,3.752807140350342,3.752807140350342
0.0,nan,nan,0.5447434186935425,00000_001843_00,3.0,0.5530003905296326,0.31787145137786865,0.8484980463981628,coef_energy_material_checkpoint_lambdas,1.0,4.400764465332031,2.40374493598938,57,R1,4.015956819057465,4.219043612480164
0.0,nan,nan,0.17978212237358093,00000_001843_00,4.0,0.30329176783561707,0.2442627102136612,0.7396454215049744,coef_energy_material_checkpoint_lambdas,0.0,4.434542655944824,2.3829219341278076,60,R1,3.977456510066986,3.881327748298645
0.0,nan,nan,0.07419197261333466,00000_001843_00,4.0,0.1271854043006897,0.12146416306495667,0.994472324848175,coef_energy_material_checkpoint_lambdas,0.0,4.438177108764648,2.3851351737976074,63,R1,4.079174727201462,1.6809569597244263
0.0,nan,nan,4.939271926879883,00000_001843_00,2.0,6.16771125793457,3.6938135623931885,0.9993067383766174,coef_energy_material_checkpoint_lambdas,0.0,4.398583889007568,2.4152824878692627,66,R1,4.363899111747742,0.5865525603294373
0.0,nan,nan,6.260184288024902,00000_001843_00,4.0,7.003188133239746,4.957774639129639,0.9994173645973206,coef_energy_material_checkpoint_lambdas,0.0,4.393618583679199,2.421586275100708,69,R1,4.400842666625977,4.401052176952362
0.0,nan,nan,0.0004947694833390415,00000_001843_00,11.0,0.0010772427776828408,0.00032677469425834715,0.5215224027633667,coef_energy_material_checkpoint_lambdas,0.0,4.380293846130371,2.4323627948760986,72,R1,4.400000095367432,4.400000095367432
0.0,nan,nan,3.5422351718494838e-09,00000_001843_00,14.0,7.771189913796661e-09,2.3862720688327954e-09,0.0,coef_energy_material_checkpoint_lambdas,0.0,4.357409954071045,2.4459714889526367,75,R1,4.400000095367432,4.400000095367432
0.0,nan,nan,-1.9279110236416e-14,00000_001843_00,16.0,3.589410873020525e-14,7.776756025441606e-15,0.0,coef_energy_material_checkpoint_lambdas,0.0,4.326381206512451,2.460113763809204,78,R1,4.400000095367432,4.400000095367432
0.0,nan,nan,-8.086725755941244e-20,00000_001843_00,16.0,1.391041718784753e-19,1.131832912366927e-19,0.0,coef_energy_material_checkpoint_lambdas,0.0,4.491599082946777,2.3480708599090576,81,R1,4.400000095367432,4.400000095367432
0.0,nan,nan,0.36124008893966675,00000_001843_01,5.0,0.4204306900501251,0.4192981421947479,0.9938199520111084,coef_energy_material_checkpoint_lambdas,1.0,4.501694679260254,2.36004638671875,0,R1,3.784939855337143,4.227732956409454
0.0,nan,nan,-0.021017517894506454,00000_001843_01,5.0,0.03066813386976719,0.022333793342113495,0.9698213338851929,coef_energy_material_checkpoint_lambdas,0.0,4.492715835571289,2.335634708404541,3,R1,3.4147717356681824,3.4147717356681824
0.0,nan,nan,2.04841685295105,00000_001843_01,5.0,4.167884826660156,4.162647724151611,-0.1764909029006958,coef_energy_material_checkpoint_lambdas,0.0,4.494071006774902,2.3341143131256104,6,R1,2.5666616559028625,2.2855114340782166
0.0,nan,nan,3.2714552879333496,00000_001843_01,2.0,7.099167823791504,5.7437286376953125,-0.30448609590530396,coef_energy_material_checkpoint_lambdas,0.0,4.487279415130615,2.345923662185669,9,R1,2.126839369535446,0.28458648920059204
0.0,nan,nan,5.181268692016602,00000_001843_01,2.0,5.728646278381348,5.181268692016602,0.9835813641548157,coef_energy_material_checkpoint_lambdas,0.0,4.485764980316162,2.3572187423706055,12,R1,2.078203499317169,0.5292025804519653
0.0,nan,nan,6.142622470855713,00000_001843_01,4.0,8.36384391784668,7.327620029449463,0.9965192675590515,coef_energy_material_checkpoint_lambdas,0.0,4.433870315551758,2.370838165283203,57,R1,4.181513786315918,0.5888637900352478
0.0,nan,nan,0.36124008893966675,00000_001843_02,5.0,0.4204306900501251,0.4192981421947479,0.9938199520111084,coef_energy_material_checkpoint_lambdas,1.0,4.501694679260254,2.36004638671875,0,R1,3.784939855337143,4.227732956409454
0.0,nan,nan,-0.02104983851313591,00000_001843_02,5.0,0.030719464644789696,0.0223738644272089,0.9698525071144104,coef_energy_material_checkpoint_lambdas,0.0,4.497948169708252,2.3493895530700684,3,R1,3.4147717356681824,3.4147717356681824
0.0,nan,nan,2.0517892837524414,00000_001843_02,5.0,4.172932147979736,4.167637348175049,-0.17624936997890472,coef_energy_material_checkpoint_lambdas,0.0,4.499711036682129,2.3483681678771973,6,R1,2.5666616559028625,2.2855114340782166
0.0,nan,nan,1.8877087831497192,00000_001843_02,3.0,2.49308180809021,2.416705369949341,-0.42062899470329285,coef_energy_material_checkpoint_lambdas,0.0,4.494197368621826,2.329270839691162,9,R1,2.172130733728409,1.0330322980880737
0.0,nan,nan,0.8614316582679749,00000_001843_02,4.0,1.2003693580627441,0.8614316582679749,0.9623554348945618,coef_energy_material_checkpoint_lambdas,0.0,4.499237537384033,2.34287428855896,12,R1,2.109518378973007,0.2626326382160187
0.0,nan,nan,-0.14213596284389496,00000_001843_02,1.0,0.4151722490787506,0.17532558739185333,0.9917593598365784,coef_energy_material_checkpoint_lambdas,0.0,4.43231201171875,2.4170331954956055,36,R1,3.4002332985401154,2.0342777967453003
0.0,nan,nan,2.473681688308716,00000_001843_02,1.0,5.187677383422852,4.2517876625061035,0.9994369745254517,coef_energy_material_checkpoint_lambdas,0.0,4.506744861602783,2.374443292617798,51,R1,4.4023977518081665,0.5783907175064087
0.0,nan,nan,6.545470237731934,00000_001843_02,3.0,6.545583248138428,6.545470237731934,0.993189811706543,coef_energy_material_checkpoint_lambdas,0.0,4.517060279846191,2.3646597862243652,54,R1,4.401149690151215,0.5681762099266052
0.0,nan,nan,6.441644668579102,00000_001843_02,5.0,7.184139251708984,7.184049606323242,0.9874805212020874,coef_energy_material_checkpoint_lambdas,0.0,4.519931793212891,2.358449935913086,57,R1,4.400922000408173,0.5617669820785522
0.0,nan,nan,7.352705001831055,00000_001843_02,7.0,7.399752616882324,5.788243770599365,0.9907202124595642,coef_energy_material_checkpoint_lambdas,0.0,4.511023044586182,2.365830421447754,60,R1,4.400216221809387,4.401426076889038
0.0,nan,nan,0.06684640049934387,00000_001843_02,9.0,0.06690601259469986,0.049264129251241684,0.9906535744667053,coef_energy_material_checkpoint_lambdas,0.0,4.5063934326171875,2.3598196506500244,63,R1,4.400000095367432,4.400009453296661
0.0,nan,nan,0.01504343282431364,00000_001843_02,9.0,0.015518720261752605,0.01504343282431364,0.9943225979804993,coef_energy_material_checkpoint_lambdas,0.0,4.576871871948242,2.3163704872131348,66,R1,4.400000095367432,4.401994407176971
0.0,nan,nan,1.7986464500427246,00000_001843_03,3.0,1.921471118927002,1.7498111724853516,0.1630288064479828,coef_energy_material_checkpoint_lambdas,0.0,4.488603591918945,2.349163770675659,6,R2,2.1633664667606354,0.30162036418914795
0.0,nan,nan,8.395292282104492,00000_001843_03,1.0,8.707283020019531,8.395292282104492,0.9934537410736084,coef_energy_material_checkpoint_lambdas,0.0,4.49131441116333,2.355773687362671,9,R2,2.0921203196048737,0.26820337772369385
0.0,nan,nan,2.225525140762329,00000_001843_03,1.0,3.1011335849761963,0.9363607168197632,0.8616452813148499,coef_energy_material_checkpoint_lambdas,0.0,4.485428810119629,2.353422164916992,12,R2,2.458032250404358,0.273321270942688
0.0,nan,nan,4.197108268737793,00000_001843_03,1.0,8.677162170410156,8.337972640991211,0.9994649291038513,coef_energy_material_checkpoint_lambdas,0.0,4.485450267791748,2.3517227172851562,33,R2,3.7057913839817047,0.4396612346172333
0.0,nan,nan,5.06594705581665,00000_001843_03,1.0,6.915017604827881,6.910351753234863,-0.4124455749988556,coef_energy_material_checkpoint_lambdas,0.0,4.46017599105835,2.3512775897979736,45,R2,4.294641494750977,1.6251121759414673
0.0,nan,nan,7.897882461547852,00000_001843_03,2.0,7.898205757141113,7.515195846557617,0.97892165184021,coef_energy_material_checkpoint_lambdas,0.0,4.43485689163208,2.3746111392974854,51,R2,4.079236835241318,0.5752513408660889
0.0,nan,nan,7.170949935913086,00000_001843_03,2.0,8.444378852844238,8.408135414123535,0.9816389083862305,coef_energy_material_checkpoint_lambdas,0.0,4.451163291931152,2.3661670684814453,54,R2,4.274060398340225,0.5683011412620544
0.0,nan,nan,7.263924598693848,00000_001843_03,1.0,8.309272766113281,7.989387512207031,0.9999497532844543,coef_energy_material_checkpoint_lambdas,0.0,4.435507774353027,2.3752965927124023,57,R2,4.40262097120285,0.5725771188735962
0.0,nan,nan,2.7930989265441895,00000_001843_03,6.0,2.979522705078125,1.037377953529358,0.9970658421516418,coef_energy_material_checkpoint_lambdas,0.0,4.570626735687256,2.316424608230591,66,R2,4.400006651878357,4.400006651878357
0.0,nan,nan,4.8177690505981445,00000_001843_04,3.0,7.458223819732666,5.693347454071045,0.7373401522636414,coef_energy_material_checkpoint_lambdas,0.0,4.507075309753418,2.3429384231567383,3,R1,2.1998210847377777,2.1998210847377777
0.0,nan,nan,-0.07524509727954865,00000_001843_04,2.0,0.3928704261779785,0.311238169670105,0.9981333017349243,coef_energy_material_checkpoint_lambdas,0.0,4.500835418701172,2.3229002952575684,6,R1,3.6729498207569122,1.813792198896408
0.0,nan,nan,0.06927871704101562,00000_001843_04,1.0,0.09317538887262344,0.0867111012339592,0.8755747675895691,coef_energy_material_checkpoint_lambdas,0.0,4.488183498382568,2.3064169883728027,9,R1,3.061539441347122,1.0296811163425446
0.0,nan,nan,-0.07298046350479126,00000_001843_04,1.0,0.32251405715942383,0.31414833664894104,0.2655007243156433,coef_energy_material_checkpoint_lambdas,0.0,4.480050563812256,2.37551212310791,45,R1,4.065983384847641,4.065983384847641
0.0,nan,nan,0.008134609088301659,00000_001843_04,2.0,0.5152744054794312,0.5152102112770081,0.9980269074440002,coef_energy_material_checkpoint_lambdas,0.0,4.479555606842041,2.3809280395507812,48,R1,3.7438241243362427,3.7438241243362427
0.0,nan,nan,-0.7911901473999023,00000_001843_04,3.0,2.1670243740081787,2.0174272060394287,-0.9314327836036682,coef_energy_material_checkpoint_lambdas,0.0,4.477200508117676,2.386932849884033,51,R1,3.791042745113373,3.791042745113373
0.0,nan,nan,0.21026474237442017,00000_001843_04,4.0,4.3677849769592285,4.362720966339111,-0.41765084862709045,coef_energy_material_checkpoint_lambdas,0.0,4.471924304962158,2.383580207824707,54,R1,4.065983384847641,4.154947191476822
0.0,nan,nan,-1.1335678100585938,00000_001843_04,5.0,2.7993671894073486,2.5595860481262207,-0.21959485113620758,coef_energy_material_checkpoint_lambdas,1.0,4.464781761169434,2.387540578842163,57,R1,3.7438241243362427,4.011228501796722
0.0,nan,nan,-0.021464016288518906,00000_001843_04,3.0,0.04509804770350456,0.03966270014643669,0.9966409802436829,coef_energy_material_checkpoint_lambdas,1.0,4.457552909851074,2.409127712249756,60,R1,3.9650879502296448,4.219036489725113
0.0,nan,nan,0.8154783844947815,00000_001843_04,5.0,0.8468246459960938,0.8154783844947815,0.9716299772262573,coef_energy_material_checkpoint_lambdas,1.0,4.437455177307129,2.416105031967163,63,R1,3.72652667760849,4.264341205358505
0.0,nan,nan,0.30442771315574646,00000_001843_04,6.0,0.3145214021205902,0.2068406492471695,0.9998347759246826,coef_energy_material_checkpoint_lambdas,1.0,4.426754951477051,2.4299402236938477,66,R1,3.560187190771103,4.395582437515259
0.0,nan,nan,-0.037409693002700806,00000_001843_04,6.0,0.1741533875465393,0.16886143386363983,0.8144567608833313,coef_energy_material_checkpoint_lambdas,1.0,4.4112677574157715,2.4463207721710205,69,R1,3.8004539012908936,4.400335848331451
0.0,nan,nan,-0.0006207891274243593,00000_001843_04,6.0,0.43071454763412476,0.43071410059928894,0.9974445700645447,coef_energy_material_checkpoint_lambdas,1.0,4.451358795166016,2.4031178951263428,72,R1,4.264341205358505,4.400244414806366
0.0,nan,nan,0.024066157639026642,00000_001843_04,7.0,0.2653341293334961,0.26424047350883484,0.9936326146125793,coef_energy_material_checkpoint_lambdas,0.0,4.574495315551758,2.309450149536133,75,R1,4.395582437515259,4.4021115899086
0.0,nan,nan,8.694269180297852,00000_001843_05,1.0,8.71302604675293,8.694269180297852,0.9188280701637268,coef_energy_material_checkpoint_lambdas,0.0,4.439984321594238,2.448192596435547,0,R1,3.0165843963623047,0.4717489778995514
0.0,nan,nan,4.017519950866699,00000_001843_05,2.0,8.187826156616211,7.134426593780518,0.9627313613891602,coef_energy_material_checkpoint_lambdas,0.0,4.483303070068359,2.3955044746398926,3,R1,4.339046627283096,4.339046627283096
0.0,nan,nan,0.002193450927734375,00000_001843_05,4.0,2.9057254791259766,2.056208610534668,0.9993263483047485,coef_energy_material_checkpoint_lambdas,0.0,4.490929126739502,2.3574600219726562,6,R1,3.382783204317093,0.5544120669364929
0.0,nan,nan,7.607789039611816,00000_001843_05,2.0,7.608569622039795,5.456591606140137,0.5217716693878174,coef_energy_material_checkpoint_lambdas,0.0,4.489602088928223,2.347517490386963,9,R1,2.4475817382335663,0.6775279343128204
0.0,nan,nan,6.415621757507324,00000_001843_05,2.0,8.535140037536621,8.255782127380371,0.9447359442710876,coef_energy_material_checkpoint_lambdas,0.0,4.487675189971924,2.344475030899048,12,R1,2.0432803332805634,0.28020814061164856
0.0,nan,nan,1.490913987159729,00000_001843_05,1.0,1.5794965028762817,1.4230067729949951,0.8863858580589294,coef_energy_material_checkpoint_lambdas,0.0,4.491790294647217,2.3414437770843506,15,R1,2.1933094561100006,0.2668231427669525
0.0,nan,nan,4.383767127990723,00000_001843_05,1.0,7.144416809082031,5.641389846801758,-0.47988003492355347,coef_energy_material_checkpoint_lambdas,0.0,4.479468822479248,2.355587959289551,48,R1,4.1336725652217865,4.1336725652217865
0.0,nan,nan,-0.08445225656032562,00000_001843_05,2.0,0.17412729561328888,0.15227648615837097,0.9957898855209351,coef_energy_material_checkpoint_lambdas,0.0,4.4471025466918945,2.3599538803100586,51,R1,3.8854470551013947,3.8854470551013947
0.0,nan,nan,1.004533290863037,00000_001843_05,2.0,2.525578022003174,2.3488264083862305,0.9673730731010437,coef_energy_material_checkpoint_lambdas,0.0,4.401279449462891,2.4004859924316406,54,R1,3.9530306458473206,3.868726968765259
0.0,nan,nan,0.6403042078018188,00000_001843_05,4.0,2.924657106399536,2.8537044525146484,0.9997733235359192,coef_energy_material_checkpoint_lambdas,0.0,4.451558589935303,2.373622417449951,57,R1,4.233508259057999,1.6736817955970764
0.0,nan,nan,8.164083480834961,00000_001843_05,1.0,8.164090156555176,5.7649922370910645,0.999834418296814,coef_energy_material_checkpoint_lambdas,0.0,4.452380657196045,2.39137864112854,60,R1,4.400840759277344,0.5577148199081421
0.0,nan,nan,0.07444866746664047,00000_001843_05,4.0,0.12762700021266937,0.112948477268219,0.9944714307785034,coef_energy_material_checkpoint_lambdas,0.0,4.453955173492432,2.387009382247925,63,R1,4.079174727201462,2.2092121839523315
0.0,nan,nan,4.999817371368408,00000_001843_05,2.0,6.243218898773193,3.738931179046631,0.9993059039115906,coef_energy_material_checkpoint_lambdas,0.0,4.454901695251465,2.4014475345611572,66,R1,4.363899111747742,0.5865525603294373
0.0,nan,nan,1.0183013677597046,00000_001843_05,3.0,1.9430046081542969,1.0246907472610474,0.9962733387947083,coef_energy_material_checkpoint_lambdas,0.0,4.44357967376709,2.418815851211548,69,R1,4.4002867341041565,4.402114510536194
0.0,nan,nan,4.192867755889893,00000_001843_05,7.0,4.192867755889893,4.192867755889893,0.9999995231628418,coef_energy_material_checkpoint_lambdas,0.0,4.434520244598389,2.424325466156006,72,R1,4.400024116039276,4.400599360466003
0.0,nan,nan,0.07281659543514252,00000_001843_05,11.0,0.07281659543514252,0.05148918181657791,1.0000001192092896,coef_energy_material_checkpoint_lambdas,0.0,4.421034336090088,2.4403903484344482,75,R1,4.400000095367432,4.400000333786011
0.0,nan,nan,4.697525582741946e-05,00000_001843_05,14.0,9.108554513659328e-05,4.697525582741946e-05,0.0,coef_energy_material_checkpoint_lambdas,0.0,4.484075546264648,2.3737993240356445,78,R1,4.400000095367432,4.400000095367432
0.0,nan,nan,1.1693610524332598e-08,00000_001843_05,15.0,2.45327296255482e-08,6.981192957056237e-09,0.0,coef_energy_material_checkpoint_lambdas,0.0,4.5861358642578125,2.301912546157837,81,R1,4.400000095367432,4.400000095367432
0.0,nan,nan,7.498460292816162,00000_001843_06,1.0,7.639700889587402,7.360755920410156,-0.6960538625717163,coef_energy_material_checkpoint_lambdas,0.0,4.502607345581055,2.347564935684204,3,R2,4.256367862224579,0.3512139916419983
0.0,nan,nan,2.1895029544830322,00000_001843_06,4.0,3.0638842582702637,2.1432366371154785,0.9892987012863159,coef_energy_material_checkpoint_lambdas,0.0,4.506687164306641,2.339202880859375,6,R2,2.1445659697055817,2.1445659697055817
0.0,nan,nan,-0.04534295201301575,00000_001843_06,2.0,0.2719985842704773,0.21960072219371796,0.9999997615814209,coef_energy_material_checkpoint_lambdas,0.0,4.507160663604736,2.338121175765991,9,R2,3.505935460329056,1.5435618460178375
0.0,nan,nan,0.35382863879203796,00000_001843_06,1.0,0.5034612417221069,0.16211092472076416,-0.3355419635772705,coef_energy_material_checkpoint_lambdas,0.0,4.500185966491699,2.317577362060547,12,R2,2.794172465801239,0.7745708525180817
0.0,nan,nan,2.4971625804901123,00000_001843_06,1.0,3.6505866050720215,3.64870548248291,0.9658681154251099,coef_energy_material_checkpoint_lambdas,0.0,4.48069953918457,2.299485445022583,15,R2,2.1445659697055817,2.2439059615135193
0.0,nan,nan,4.38605260848999,00000_001843_06,1.0,7.148550987243652,5.6448493003845215,-0.479841023683548,coef_energy_material_checkpoint_lambdas,0.0,4.4821696281433105,2.3640713691711426,45,R2,4.1336725652217865,4.1336725652217865
0.0,nan,nan,-0.08513674885034561,00000_001843_06,2.0,0.1754845380783081,0.15344887971878052,0.995805561542511,coef_energy_material_checkpoint_lambdas,0.0,4.473445892333984,2.378741979598999,48,R2,3.8854470551013947,3.8854470551013947
0.0,nan,nan,-0.01215125061571598,00000_001843_06,2.0,0.39092203974723816,0.39073315262794495,0.9997453093528748,coef_energy_material_checkpoint_lambdas,0.0,4.484787464141846,2.381896734237671,51,R2,3.752807140350342,3.752807140350342
0.0,nan,nan,-0.00970458984375,00000_001843_06,4.0,4.1484575271606445,4.148446559906006,-0.2964736223220825,coef_energy_material_checkpoint_lambdas,0.0,4.466351509094238,2.3688366413116455,54,R2,3.8584470748901367,3.8584470748901367
0.0,nan,nan,0.6801687479019165,00000_001843_06,3.0,4.433339595794678,3.5786826610565186,0.13509583473205566,coef_energy_material_checkpoint_lambdas,0.0,4.393450736999512,2.4161877632141113,57,R2,3.8854470551013947,4.346284091472626
0.0,nan,nan,0.0005777173209935427,00000_001843_06,3.0,0.005298549775034189,0.0011174884857609868,0.9875338077545166,coef_energy_material_checkpoint_lambdas,0.0,4.377540111541748,2.4256033897399902,60,R2,3.910833328962326,2.206727683544159
0.0,nan,nan,1.1425328254699707,00000_001843_06,2.0,6.23203182220459,6.126404762268066,0.9929208755493164,coef_energy_material_checkpoint_lambdas,0.0,4.447480201721191,2.3895463943481445,63,R2,4.24348446726799,0.5563855171203613
0.0,nan,nan,1.0216162204742432,00000_001843_06,3.0,1.9491320848464966,1.0278187990188599,0.9962678551673889,coef_energy_material_checkpoint_lambdas,0.0,4.46080207824707,2.3914549350738525,66,R2,4.4002867341041565,4.402114510536194
0.0,nan,nan,4.309726238250732,00000_001843_06,7.0,4.309726238250732,4.309726238250732,0.9999995827674866,coef_energy_material_checkpoint_lambdas,0.0,4.561016082763672,2.316786050796509,69,R2,4.400024116039276,4.400599360466003
0.0,nan,nan,0.36124008893966675,00000_001843_07,5.0,0.4204306900501251,0.4192981421947479,0.9938199520111084,coef_energy_material_checkpoint_lambdas,1.0,4.501694679260254,2.36004638671875,0,R1,3.784939855337143,4.227732956409454
0.0,nan,nan,-0.02104983851313591,00000_001843_07,5.0,0.030719464644789696,0.0223738644272089,0.9698525071144104,coef_energy_material_checkpoint_lambdas,0.0,4.497948169708252,2.3493895530700684,3,R1,3.4147717356681824,3.4147717356681824
0.0,nan,nan,2.0517892837524414,00000_001843_07,5.0,4.172932147979736,4.167637348175049,-0.17624936997890472,coef_energy_material_checkpoint_lambdas,0.0,4.499711036682129,2.3483681678771973,6,R1,2.5666616559028625,2.2855114340782166
0.0,nan,nan,1.8892934322357178,00000_001843_07,3.0,2.495897054672241,2.4192285537719727,-0.42093324661254883,coef_energy_material_checkpoint_lambdas,0.0,4.498572826385498,2.32845401763916,9,R1,2.172130733728409,1.0330322980880737
0.0,nan,nan,0.8613024950027466,00000_001843_07,4.0,1.2001850605010986,0.8613024950027466,0.962356448173523,coef_energy_material_checkpoint_lambdas,0.0,4.498485565185547,2.343109130859375,12,R1,2.109518378973007,0.2626326382160187
0.0,nan,nan,-0.07263222336769104,00000_001843_07,1.0,0.3225496709346771,0.31426557898521423,0.26440736651420593,coef_energy_material_checkpoint_lambdas,0.0,4.481941223144531,2.374493360519409,48,R1,4.065983384847641,4.065983384847641
0.0,nan,nan,0.00813836045563221,00000_001843_07,2.0,0.5152451992034912,0.5151809453964233,0.9980273842811584,coef_energy_material_checkpoint_lambdas,0.0,4.478720188140869,2.3809688091278076,51,R1,3.7438241243362427,3.7438241243362427
0.0,nan,nan,-0.7913588881492615,00000_001843_07,3.0,2.166379451751709,2.0166683197021484,-0.9315057396888733,coef_energy_material_checkpoint_lambdas,0.0,4.473572731018066,2.3759641647338867,54,R1,3.791042745113373,3.791042745113373
0.0,nan,nan,0.21040022373199463,00000_001843_07,4.0,4.362172603607178,4.357095718383789,-0.4175662398338318,coef_energy_material_checkpoint_lambdas,0.0,4.46636962890625,2.3851161003112793,57,R1,4.065983384847641,4.154947191476822
0.0,nan,nan,-0.1693025529384613,00000_001843_07,5.0,0.1957843005657196,0.18924245238304138,-0.13832764327526093,coef_energy_material_checkpoint_lambdas,1.0,4.454647064208984,2.404628038406372,60,R1,3.7750611305236816,4.2451532781124115
0.0,nan,nan,-0.021464016288518906,00000_001843_07,3.0,0.04509804770350456,0.03966270014643669,0.9966409802436829,coef_energy_material_checkpoint_lambdas,1.0,4.457552909851074,2.409127712249756,63,R1,3.9650879502296448,4.219036489725113
0.0,nan,nan,0.8154783844947815,00000_001843_07,5.0,0.8468246459960938,0.8154783844947815,0.9716299772262573,coef_energy_material_checkpoint_lambdas,1.0,4.437455177307129,2.416105031967163,66,R1,3.72652667760849,4.264341205358505
0.0,nan,nan,0.30442771315574646,00000_001843_07,6.0,0.3145214021205902,0.2068406492471695,0.9998347759246826,coef_energy_material_checkpoint_lambdas,1.0,4.426754951477051,2.4299402236938477,69,R1,3.560187190771103,4.395582437515259
0.0,nan,nan,-0.037409693002700806,00000_001843_07,6.0,0.1741533875465393,0.16886143386363983,0.8144567608833313,coef_energy_material_checkpoint_lambdas,1.0,4.4112677574157715,2.4463207721710205,72,R1,3.8004539012908936,4.400335848331451
0.0,nan,nan,-0.0006207891274243593,00000_001843_07,6.0,0.43071454763412476,0.43071410059928894,0.9974445700645447,coef_energy_material_checkpoint_lambdas,1.0,4.451358795166016,2.4031178951263428,75,R1,4.264341205358505,4.400244414806366
0.0,nan,nan,0.024066157639026642,00000_001843_07,7.0,0.2653341293334961,0.26424047350883484,0.9936326146125793,coef_energy_material_checkpoint_lambdas,0.0,4.574495315551758,2.309450149536133,78,R1,4.395582437515259,4.4021115899086
0.0,nan,nan,3.913041591644287,00000_001844_00,2.0,8.451091766357422,8.063591003417969,0.8795844912528992,coef_energy_material_checkpoint_lambdas,0.0,4.500638008117676,2.32878041267395,3,R1,4.121436297893524,0.3193969130516052
0.0,nan,nan,-0.26974403858184814,00000_001844_00,2.0,1.0492515563964844,0.7863031625747681,0.9935346841812134,coef_energy_material_checkpoint_lambdas,0.0,4.506842613220215,2.3235864639282227,6,R1,3.6775644421577454,1.8006892204284668
0.0,nan,nan,0.517288327217102,00000_001844_00,2.0,0.6866413354873657,0.45154082775115967,0.759814977645874,coef_energy_material_checkpoint_lambdas,0.0,4.487212181091309,2.311485767364502,9,R1,2.65411639213562,0.5130377113819122
0.0,nan,nan,3.9000940322875977,00000_001844_00,1.0,4.2994561195373535,1.8095829486846924,0.9789562225341797,coef_energy_material_checkpoint_lambdas,0.0,4.465226173400879,2.372594118118286,51,R1,4.280224144458771,4.280224144458771
0.0,nan,nan,0.3920273780822754,00000_001844_00,4.0,0.45796236395835876,0.4446030557155609,0.9999296069145203,coef_energy_material_checkpoint_lambdas,1.0,4.408933639526367,2.393627166748047,54,R1,3.43374902009964,4.377101242542267
0.0,nan,nan,0.18371963500976562,00000_001844_00,4.0,0.2614593803882599,0.11546309292316437,0.9934656620025635,coef_energy_material_checkpoint_lambdas,0.0,4.439211845397949,2.385899782180786,57,R1,4.219793051481247,1.6577723622322083
0.0,nan,nan,4.1372504234313965,00000_001844_00,2.0,4.449049472808838,4.432207107543945,0.9943540096282959,coef_energy_material_checkpoint_lambdas,0.0,4.435370922088623,2.3909788131713867,60,R1,4.339419990777969,0.5720508694648743
0.0,nan,nan,0.18168897926807404,00000_001844_00,10.0,0.2583056688308716,0.0829678475856781,0.9985629320144653,coef_energy_material_checkpoint_lambdas,0.0,4.401693344116211,2.4119062423706055,69,R1,4.400000095367432,4.400116860866547
0.0,nan,nan,3.71092187378963e-06,00000_001844_00,10.0,1.5590490875183605e-05,3.71092187378963e-06,0.0,coef_energy_material_checkpoint_lambdas,0.0,4.407526969909668,2.4142611026763916,72,R1,4.400000095367432,4.401877582073212
0.0,nan,nan,0.0004383772611618042,00000_001844_00,9.0,0.010702245868742466,0.0072512999176979065,0.9999735355377197,coef_energy_material_checkpoint_lambdas,0.0,4.418159484863281,2.39153790473938,75,R1,4.400000095367432,4.401994109153748
0.0,nan,nan,2.776963949203491,00000_001844_00,10.0,2.920447587966919,2.6029398441314697,0.9979514479637146,coef_energy_material_checkpoint_lambdas,0.0,4.548891067504883,2.3272910118103027,78,R1,4.400006651878357,4.40139502286911
0.0,nan,nan,-0.3988657593727112,00000_001844_01,4.0,0.6115884780883789,0.4636233448982239,0.8859161734580994,coef_energy_material_checkpoint_lambdas,0.0,4.489559650421143,2.3575363159179688,0,R1,3.0440522730350494,3.0440522730350494
0.0,nan,nan,3.1569743156433105,00000_001844_01,3.0,3.1740100383758545,2.464538097381592,0.5482308268547058,coef_energy_material_checkpoint_lambdas,0.0,4.478412628173828,2.3370256423950195,3,R1,2.358036458492279,1.723879486322403
0.0,nan,nan,4.428842544555664,00000_001844_01,3.0,4.446264266967773,4.428842544555664,0.3159966468811035,coef_energy_material_checkpoint_lambdas,0.0,4.485449314117432,2.332698106765747,6,R1,2.2242040634155273,0.7672570645809174
0.0,nan,nan,6.281131744384766,00000_001844_01,2.0,7.445991516113281,6.385617256164551,0.9949570894241333,coef_energy_material_checkpoint_lambdas,0.0,4.479769706726074,2.357738733291626,33,R1,3.515389084815979,0.797319233417511
0.0,nan,nan,4.315212726593018,00000_001844_01,1.0,7.0739970207214355,5.6053876876831055,-0.6807245016098022,coef_energy_material_checkpoint_lambdas,0.0,4.480103492736816,2.3413162231445312,42,R1,4.029987037181854,4.029987037181854
0.0,nan,nan,0.3613473176956177,00000_001844_01,1.0,0.563522219657898,0.5483658909797668,0.9237244129180908,coef_energy_material_checkpoint_lambdas,0.0,4.458150863647461,2.3595187664031982,45,R1,3.867744565010071,2.904168128967285
0.0,nan,nan,0.8802818655967712,00000_001844_01,3.0,3.0501863956451416,2.093390941619873,0.9829921722412109,coef_energy_material_checkpoint_lambdas,1.0,4.462411880493164,2.3754727840423584,51,R1,3.7460948526859283,4.385214030742645
0.0,nan,nan,0.0904918760061264,00000_001844_01,4.0,0.09631384909152985,0.03297845646739006,0.9988890886306763,coef_energy_material_checkpoint_lambdas,0.0,4.425436496734619,2.3803820610046387,54,R1,3.686657428741455,2.2106805443763733
0.0,nan,nan,2.9690024852752686,00000_001844_01,4.0,4.198147296905518,2.9690024852752686,0.9998651146888733,coef_energy_material_checkpoint_lambdas,0.0,4.438087463378906,2.386274814605713,57,R1,4.240784794092178,0.5561514496803284
0.0,nan,nan,5.351476192474365,00000_001844_01,1.0,5.379616737365723,3.3954923152923584,0.9443392157554626,coef_energy_material_checkpoint_lambdas,0.0,4.412135601043701,2.402222156524658,60,R1,4.331690549850464,0.5919575095176697
0.0,nan,nan,6.184883117675781,00000_001844_01,5.0,6.912212371826172,4.883852481842041,0.9995083212852478,coef_energy_material_checkpoint_lambdas,0.0,4.375703811645508,2.438443899154663,66,R1,4.400828063488007,4.400968492031097
0.0,nan,nan,0.0006457221461459994,00000_001844_01,12.0,0.0010738368146121502,0.00015010492643341422,0.533872127532959,coef_energy_material_checkpoint_lambdas,0.0,4.350132465362549,2.4520606994628906,69,R1,4.400000095367432,4.400000095367432
0.0,nan,nan,0.00030995981069281697,00000_001844_01,12.0,0.00033410490141250193,0.00030735350446775556,0.0,coef_energy_material_checkpoint_lambdas,0.0,4.327437400817871,2.463998556137085,72,R1,4.400000095367432,4.400000095367432
0.0,nan,nan,0.0006596208550035954,00000_001844_01,14.0,0.001096981344744563,0.000876509235240519,0.5453778505325317,coef_energy_material_checkpoint_lambdas,0.0,4.445191383361816,2.376560688018799,75,R1,4.400000095367432,4.400000095367432
0.0,nan,nan,0.0,00000_001844_01,13.0,0.022466575726866722,0.01588626764714718,1.0,coef_energy_material_checkpoint_lambdas,0.0,4.597743988037109,2.3123373985290527,78,R1,4.400000095367432,4.400000095367432
0.0,nan,nan,0.1657068282365799,00000_001844_02,2.0,0.4493098855018616,0.334985613822937,0.785685658454895,coef_energy_material_checkpoint_lambdas,0.0,4.491823673248291,2.3183510303497314,3,R1,2.6434941589832306,0.7938966155052185
0.0,nan,nan,7.278622627258301,00000_001844_02,3.0,7.658632278442383,5.444711685180664,0.9969934821128845,coef_energy_material_checkpoint_lambdas,0.0,4.47967004776001,2.3012044429779053,6,R1,2.019913136959076,0.308871328830719
0.0,nan,nan,3.9777936935424805,00000_001844_02,1.0,8.22286319732666,7.9015679359436035,0.9340841770172119,coef_energy_material_checkpoint_lambdas,0.0,4.4812774658203125,2.3517074584960938,27,R1,3.7921842634677887,0.4229600429534912
0.0,nan,nan,-0.1890135556459427,00000_001844_02,2.0,0.5372719764709473,0.5343605279922485,0.9999999403953552,coef_energy_material_checkpoint_lambdas,0.0,4.480507850646973,2.3855676651000977,45,R1,3.811160385608673,0.891340583562851
0.0,nan,nan,4.363790512084961,00000_001844_02,1.0,8.312328338623047,8.088272094726562,0.6595622897148132,coef_energy_material_checkpoint_lambdas,0.0,4.466050624847412,2.4128599166870117,48,R1,3.9318549036979675,0.3445698618888855
0.0,nan,nan,6.075572967529297,00000_001844_02,1.0,8.651166915893555,8.188430786132812,0.8705883026123047,coef_energy_material_checkpoint_lambdas,0.0,4.436161041259766,2.4443750381469727,51,R1,4.339419990777969,0.5545750856399536
0.0,nan,nan,7.490557670593262,00000_001844_02,3.0,7.511881351470947,7.490557670593262,0.7462705969810486,coef_energy_material_checkpoint_lambdas,0.0,4.506145477294922,2.376577854156494,54,R1,3.6744218170642853,0.40884169936180115
0.0,nan,nan,7.943042278289795,00000_001844_02,2.0,8.398148536682129,7.943042278289795,0.702823281288147,coef_energy_material_checkpoint_lambdas,0.0,4.5967817306518555,2.3030309677124023,57,R1,3.60444638133049,0.5337304472923279
0.0,nan,nan,-0.3988657593727112,00000_001844_03,4.0,0.6115884780883789,0.4636233448982239,0.8859161734580994,coef_energy_material_checkpoint_lambdas,0.0,4.489559650421143,2.3575363159179688,0,R2,3.0440522730350494,3.0440522730350494
0.0,nan,nan,3.1670329570770264,00000_001844_03,3.0,3.184084177017212,2.4721243381500244,0.5483291149139404,coef_energy_material_checkpoint_lambdas,0.0,4.49228048324585,2.345733165740967,3,R2,2.358036458492279,1.723879486322403
0.0,nan,nan,4.427257061004639,00000_001844_03,3.0,4.444675445556641,4.427257061004639,0.31598928570747375,coef_energy_material_checkpoint_lambdas,0.0,4.483858108520508,2.3314740657806396,6,R2,2.2242040634155273,0.7672570645809174
0.0,nan,nan,2.7679519653320312,00000_001844_03,2.0,5.336756706237793,2.8432533740997314,0.9993528127670288,coef_energy_material_checkpoint_lambdas,0.0,4.472357749938965,2.3345253467559814,9,R2,2.5022527277469635,0.3038090467453003
0.0,nan,nan,6.278501987457275,00000_001844_03,2.0,7.4428887367248535,6.382968902587891,0.994957447052002,coef_energy_material_checkpoint_lambdas,0.0,4.477760314941406,2.3580667972564697,33,R2,3.515389084815979,0.797319233417511
0.0,nan,nan,-0.5653135180473328,00000_001844_03,1.0,1.5843397378921509,0.6468175649642944,-0.9606512188911438,coef_energy_material_checkpoint_lambdas,0.0,4.4145402908325195,2.4454119205474854,42,R2,3.6433528065681458,1.450631022453308
0.0,nan,nan,8.232503890991211,00000_001844_03,1.0,8.232564926147461,8.232503890991211,0.999144434928894,coef_energy_material_checkpoint_lambdas,0.0,4.414129734039307,2.4575281143188477,45,R2,3.482384979724884,0.42337098717689514
0.0,nan,nan,7.043368339538574,00000_001844_03,6.0,7.261716842651367,1.7673375606536865,0.9734637141227722,coef_energy_material_checkpoint_lambdas,0.0,4.496039867401123,2.3994555473327637,54,R2,4.400299906730652,4.400299906730652
0.0,nan,nan,0.2693427801132202,00000_001844_03,7.0,0.26934385299682617,0.2693427801132202,0.9907670021057129,coef_energy_material_checkpoint_lambdas,0.0,4.573390960693359,2.3367159366607666,57,R2,4.400000095367432,3.860558331012726
0.0,nan,nan,0.16587555408477783,00000_001844_04,2.0,0.4495280385017395,0.33521154522895813,0.7855549454689026,coef_energy_material_checkpoint_lambdas,0.0,4.495209693908691,2.3183019161224365,3,R1,2.6434941589832306,0.7938966155052185
0.0,nan,nan,7.27518367767334,00000_001844_04,3.0,7.655006408691406,5.442149639129639,0.9969936609268188,coef_energy_material_checkpoint_lambdas,0.0,4.47737979888916,2.301366090774536,6,R1,2.019913136959076,0.308871328830719
0.0,nan,nan,3.9765608310699463,00000_001844_04,1.0,8.220498085021973,7.899266242980957,0.934088408946991,coef_energy_material_checkpoint_lambdas,0.0,4.479844093322754,2.3521838188171387,27,R1,3.7921842634677887,0.4229600429534912
0.0,nan,nan,-0.18765203654766083,00000_001844_04,2.0,0.5334017872810364,0.5305113792419434,1.0,coef_energy_material_checkpoint_lambdas,0.0,4.467919826507568,2.3683836460113525,45,R1,3.811160385608673,0.891340583562851
0.0,nan,nan,4.315083980560303,00000_001844_04,1.0,8.218632698059082,7.997232437133789,0.659614086151123,coef_energy_material_checkpoint_lambdas,0.0,4.415442943572998,2.3892953395843506,48,R1,3.9318549036979675,0.3445698618888855
0.0,nan,nan,-0.38181352615356445,00000_001844_04,2.0,0.38556987047195435,0.3452420234680176,0.5051027536392212,coef_energy_material_checkpoint_lambdas,0.0,4.390356063842773,2.418056011199951,51,R1,4.133664906024933,3.860237956047058
0.0,nan,nan,0.12123014777898788,00000_001844_04,4.0,0.23865637183189392,0.15668699145317078,0.997226893901825,coef_energy_material_checkpoint_lambdas,0.0,4.435760021209717,2.388151168823242,54,R1,4.057524621486664,1.6622987985610962
0.0,nan,nan,4.914070129394531,00000_001844_04,4.0,5.556087493896484,2.592686176300049,0.9316762685775757,coef_energy_material_checkpoint_lambdas,0.0,4.4271745681762695,2.4287919998168945,63,R1,4.401557683944702,4.401557683944702
0.0,nan,nan,0.014484178274869919,00000_001844_04,10.0,0.06127182021737099,0.014484178274869919,0.999474823474884,coef_energy_material_checkpoint_lambdas,0.0,4.414678573608398,2.4343695640563965,66,R1,4.394769310951233,4.400000095367432
0.0,nan,nan,2.5494334749964764e-06,00000_001844_04,12.0,1.9527737094904296e-05,2.5494334749964764e-06,0.0,coef_energy_material_checkpoint_lambdas,0.0,4.551363468170166,2.324385404586792,69,R1,4.400000095367432,4.400000095367432
0.0,nan,nan,3.918771266937256,00000_001844_05,2.0,8.465356826782227,8.076906204223633,0.8796399235725403,coef_energy_material_checkpoint_lambdas,0.0,4.50726318359375,2.3431408405303955,3,R1,4.121436297893524,0.3193969130516052
0.0,nan,nan,-0.26968133449554443,00000_001844_05,2.0,1.0490485429763794,0.7861583232879639,0.9935359358787537,coef_energy_material_checkpoint_lambdas,0.0,4.505561828613281,2.3235278129577637,6,R1,3.6775644421577454,1.8006892204284668
0.0,nan,nan,0.019249776378273964,00000_001844_05,1.0,0.038728341460227966,0.03866644948720932,0.770732045173645,coef_energy_material_checkpoint_lambdas,0.0,4.4943366050720215,2.305962085723877,9,R1,3.025647461414337,1.0198050439357758
0.0,nan,nan,3.906175374984741,00000_001844_05,1.0,4.306142330169678,1.812361478805542,0.9789543747901917,coef_energy_material_checkpoint_lambdas,0.0,4.472365856170654,2.3744938373565674,51,R1,4.280224144458771,4.280224144458771
0.0,nan,nan,0.3920116126537323,00000_001844_05,4.0,0.4579433798789978,0.44458436965942383,0.9999295473098755,coef_energy_material_checkpoint_lambdas,1.0,4.407942771911621,2.3935210704803467,54,R1,3.43374902009964,4.377101242542267
0.0,nan,nan,0.18380333483219147,00000_001844_05,4.0,0.2615783214569092,0.11551577597856522,0.9934656023979187,coef_energy_material_checkpoint_lambdas,0.0,4.441257953643799,2.385901927947998,57,R1,4.219793051481247,1.6577723622322083
0.0,nan,nan,4.138676643371582,00000_001844_05,2.0,4.450579643249512,4.433730602264404,0.9943537712097168,coef_energy_material_checkpoint_lambdas,0.0,4.4369893074035645,2.390981674194336,60,R1,4.339419990777969,0.5720508694648743
0.0,nan,nan,0.06896356493234634,00000_001844_05,11.0,0.07028280943632126,0.013553599826991558,0.9996451139450073,coef_energy_material_checkpoint_lambdas,0.0,4.359708309173584,2.4479169845581055,69,R1,4.400000095367432,4.400000095367432
0.0,nan,nan,3.757304511964321e-05,00000_001844_05,11.0,3.885944897774607e-05,3.357968671480194e-05,0.0,coef_energy_material_checkpoint_lambdas,0.0,4.329462051391602,2.46181583404541,72,R1,4.400000095367432,4.400000095367432
0.0,nan,nan,0.00076619244646281,00000_001844_05,13.0,0.001083559705875814,0.001083559705875814,1.0000001192092896,coef_energy_material_checkpoint_lambdas,0.0,4.348798751831055,2.4604246616363525,75,R1,4.400000095367432,4.400000095367432
0.0,nan,nan,0.0036142300814390182,00000_001844_05,14.0,0.014713769778609276,0.014262971468269825,0.994563102722168,coef_energy_material_checkpoint_lambdas,0.0,4.33717679977417,2.4729716777801514,78,R1,4.400000095367432,4.400000095367432
0.0,nan,nan,-0.002330360934138298,00000_001844_05,13.0,0.005175007972866297,0.004620619583874941,0.9923881888389587,coef_energy_material_checkpoint_lambdas,0.0,4.316463470458984,2.4884109497070312,81,R1,4.400000095367432,4.400000095367432
0.0,nan,nan,-1.1396589798096102e-05,00000_001844_05,13.0,1.611721199878957e-05,1.1396589798096102e-05,0.0,coef_energy_material_checkpoint_lambdas,0.0,4.409773349761963,2.4073801040649414,84,R1,4.400000095367432,4.400000095367432
0.0,nan,nan,-1.8625550879391994e-08,00000_001844_05,14.0,2.2897248541653425e-08,3.75290598597644e-09,0.0,coef_energy_material_checkpoint_lambdas,0.0,4.588038444519043,2.3232951164245605,87,R1,4.400000095367432,4.400000095367432
0.0,nan,nan,-0.3988657593727112,00000_001844_07,4.0,0.6115884780883789,0.4636233448982239,0.8859161734580994,coef_energy_material_checkpoint_lambdas,0.0,4.489559650421143,2.3575363159179688,0,R2,3.0440522730350494,3.0440522730350494
0.0,nan,nan,3.168728828430176,00000_001844_07,3.0,3.18572735786438,2.4730255603790283,0.5484852194786072,coef_energy_material_checkpoint_lambdas,0.0,4.494049072265625,2.3489925861358643,3,R2,2.358036458492279,1.723879486322403
0.0,nan,nan,4.426486015319824,00000_001844_07,3.0,4.443878650665283,4.426486015319824,0.31604427099227905,coef_energy_material_checkpoint_lambdas,0.0,4.482967376708984,2.333991289138794,6,R2,2.2242040634155273,0.7672570645809174
0.0,nan,nan,2.770677328109741,00000_001844_07,2.0,5.342061519622803,2.8461050987243652,0.9993525743484497,coef_energy_material_checkpoint_lambdas,0.0,4.477510929107666,2.330429792404175,9,R2,2.5022527277469635,0.3038090467453003
0.0,nan,nan,6.278374671936035,00000_001844_07,2.0,7.442713260650635,6.382797718048096,0.994956910610199,coef_energy_material_checkpoint_lambdas,0.0,4.477891445159912,2.3558363914489746,33,R2,3.515389084815979,0.797319233417511
0.0,nan,nan,4.315744400024414,00000_001844_07,1.0,7.076622486114502,5.6082916259765625,-0.6805846691131592,coef_energy_material_checkpoint_lambdas,0.0,4.482560634613037,2.3653857707977295,42,R2,4.029987037181854,4.029987037181854
0.0,nan,nan,0.3630135655403137,00000_001844_07,1.0,0.5662655234336853,0.5510632991790771,0.9238062500953674,coef_energy_material_checkpoint_lambdas,0.0,4.477545261383057,2.374004602432251,45,R2,3.867744565010071,2.904168128967285
0.0,nan,nan,-0.2217010259628296,00000_001844_07,2.0,2.538703203201294,2.3611578941345215,0.9918295741081238,coef_energy_material_checkpoint_lambdas,0.0,4.475528240203857,2.3830814361572266,48,R2,3.9332381188869476,1.3675076067447662
0.0,nan,nan,1.0640034675598145,00000_001844_07,3.0,6.945960998535156,5.605933666229248,-0.5819801092147827,coef_energy_material_checkpoint_lambdas,0.0,4.463364124298096,2.3681588172912598,51,R2,3.922551840543747,0.3591987192630768
0.0,nan,nan,-0.001965506002306938,00000_001844_07,4.0,0.0057987067848443985,0.00358980312012136,0.8481528759002686,coef_energy_material_checkpoint_lambdas,0.0,4.443734169006348,2.377394199371338,57,R2,3.964134633541107,2.20603746175766
0.0,nan,nan,2.0332870483398438,00000_001844_07,5.0,2.8751988410949707,2.0332870483398438,0.99998939037323,coef_energy_material_checkpoint_lambdas,0.0,4.433663368225098,2.395521640777588,60,R2,4.0232937932014465,0.5558789372444153
0.0,nan,nan,2.6792898178100586,00000_001844_07,10.0,2.8177754878997803,0.8725041747093201,0.997954785823822,coef_energy_material_checkpoint_lambdas,0.0,4.385342121124268,2.4323935508728027,69,R2,4.400006651878357,4.400006651878357
0.0,nan,nan,-1.011424683383666e-05,00000_001844_07,14.0,1.617813904886134e-05,1.776591034285957e-06,0.0,coef_energy_material_checkpoint_lambdas,0.0,4.426412582397461,2.403937816619873,72,R2,4.400000095367432,4.400000095367432
0.0,nan,nan,1.7689698594836045e-08,00000_001844_07,14.0,2.276871846618178e-08,2.2644805142135738e-08,0.0,coef_energy_material_checkpoint_lambdas,0.0,4.5996575355529785,2.301143169403076,75,R2,4.400000095367432,4.400000095367432
0.0,nan,nan,2.1857705116271973,00000_001845_00,3.0,2.6980655193328857,1.5817599296569824,-0.3797527849674225,coef_energy_material_checkpoint_lambdas,0.0,4.499233245849609,2.3430237770080566,3,R1,2.548067718744278,2.548067718744278
0.0,nan,nan,0.7977063059806824,00000_001845_00,3.0,3.9930949211120605,3.8562846183776855,-0.5481863617897034,coef_energy_material_checkpoint_lambdas,0.0,4.498904228210449,2.3422083854675293,6,R1,4.179284393787384,2.1121445298194885
0.0,nan,nan,-0.01960175484418869,00000_001845_00,3.0,0.2210203856229782,0.0809214860200882,0.9896157383918762,coef_energy_material_checkpoint_lambdas,0.0,4.505603313446045,2.335719108581543,9,R1,3.4019546806812286,1.2684308588504791
0.0,nan,nan,0.5250341892242432,00000_001845_00,3.0,0.701697826385498,0.46553078293800354,0.9999919533729553,coef_energy_material_checkpoint_lambdas,0.0,4.509829521179199,2.3318276405334473,12,R1,2.548067718744278,0.5129859149456024
0.0,nan,nan,4.110475063323975,00000_001845_00,1.0,8.210577964782715,7.9323577880859375,0.7852615118026733,coef_energy_material_checkpoint_lambdas,0.0,4.486581325531006,2.3537254333496094,36,R1,3.702146828174591,0.3940357565879822
0.0,nan,nan,0.9620016813278198,00000_001845_00,3.0,4.449919700622559,4.344690799713135,0.8936313390731812,coef_energy_material_checkpoint_lambdas,0.0,4.481287479400635,2.3604819774627686,39,R1,3.502007156610489,3.502007156610489
0.0,nan,nan,2.7764503955841064,00000_001845_00,1.0,2.786806583404541,2.7764503955841064,0.10413896292448044,coef_energy_material_checkpoint_lambdas,0.0,4.482544898986816,2.3658714294433594,42,R1,3.907165616750717,2.8423731923103333
0.0,nan,nan,7.8398823738098145,00000_001845_00,3.0,8.235079765319824,7.325878143310547,0.6359372138977051,coef_energy_material_checkpoint_lambdas,0.0,4.4757771492004395,2.3960299491882324,48,R1,3.502007156610489,0.4921259880065918
0.0,nan,nan,-0.3373277187347412,00000_001845_00,1.0,0.3473089039325714,0.2969795763492584,1.0,coef_energy_material_checkpoint_lambdas,0.0,4.425542831420898,2.3835270404815674,54,R1,4.401210844516754,0.546501874923706
0.0,nan,nan,-0.06640820950269699,00000_001845_00,3.0,3.8095970153808594,2.740340232849121,0.9994197487831116,coef_energy_material_checkpoint_lambdas,1.0,4.400904655456543,2.4085328578948975,57,R1,4.089157968759537,4.40057235956192
0.0,nan,nan,0.05546850711107254,00000_001845_00,4.0,0.056278910487890244,0.05546851083636284,0.9974019527435303,coef_energy_material_checkpoint_lambdas,0.0,4.405492782592773,2.404177665710449,60,R1,4.1287078857421875,3.8757362961769104
0.0,nan,nan,2.8728034496307373,00000_001845_00,5.0,2.8728790283203125,2.73197078704834,0.999799370765686,coef_energy_material_checkpoint_lambdas,0.0,4.43762731552124,2.3865203857421875,63,R1,4.395961403846741,1.6750325560569763
0.0,nan,nan,7.941210746765137,00000_001845_00,4.0,8.885825157165527,8.885812759399414,0.9995806813240051,coef_energy_material_checkpoint_lambdas,0.0,4.4147491455078125,2.403787136077881,66,R1,4.365097641944885,0.5678080916404724
0.0,nan,nan,7.912360191345215,00000_001845_00,4.0,8.222311019897461,7.176173210144043,0.9984458684921265,coef_energy_material_checkpoint_lambdas,0.0,4.3935627937316895,2.4209272861480713,69,R1,4.401344180107117,4.402632653713226
0.0,nan,nan,0.0023615104146301746,00000_001845_00,12.0,0.005241610109806061,0.0016390682430937886,0.990057110786438,coef_energy_material_checkpoint_lambdas,0.0,4.367846965789795,2.444570302963257,72,R1,4.400000095367432,4.400000095367432
0.0,nan,nan,1.2625231526897096e-08,00000_001845_00,14.0,2.1705963249019078e-08,3.5576517287694287e-09,0.0,coef_energy_material_checkpoint_lambdas,0.0,4.349334239959717,2.4562509059906006,75,R1,4.400000095367432,4.400000095367432
0.0,nan,nan,-4.500878971825176e-14,00000_001845_00,16.0,7.20347040480615e-14,7.94336062990295e-15,0.0,coef_energy_material_checkpoint_lambdas,0.0,4.326549053192139,2.465773105621338,78,R1,4.400000095367432,4.400000095367432
0.0,nan,nan,-1.5197160737171237e-18,00000_001845_00,16.0,2.2489187970744704e-18,1.6577391205349922e-18,0.0,coef_energy_material_checkpoint_lambdas,0.0,4.516360282897949,2.3301398754119873,81,R1,4.400000095367432,4.400000095367432
0.0,nan,nan,6.463047027587891,00000_001845_01,2.0,8.736597061157227,8.409685134887695,0.9991292357444763,coef_energy_material_checkpoint_lambdas,0.0,4.4986114501953125,2.345604658126831,3,R1,2.0123168528079987,0.2890201508998871
0.0,nan,nan,7.316638469696045,00000_001845_01,1.0,8.279943466186523,7.914471626281738,0.8249384760856628,coef_energy_material_checkpoint_lambdas,0.0,4.488497257232666,2.3548543453216553,30,R1,3.538778156042099,0.3884658217430115
0.0,nan,nan,0.49098360538482666,00000_001845_01,2.0,0.5053868889808655,0.32672297954559326,0.9845059514045715,coef_energy_material_checkpoint_lambdas,0.0,4.4700822830200195,2.4016404151916504,39,R1,3.4980688393115997,1.0919693112373352
0.0,nan,nan,7.307530879974365,00000_001845_01,2.0,8.280529975891113,7.9210357666015625,0.9034176468849182,coef_energy_material_checkpoint_lambdas,0.0,4.454321384429932,2.4311180114746094,51,R1,4.385174512863159,0.5277950763702393
0.0,nan,nan,4.88140344619751,00000_001845_01,2.0,6.593087673187256,4.881403923034668,-0.5055347681045532,coef_energy_material_checkpoint_lambdas,0.0,4.4072723388671875,2.467719554901123,54,R1,4.183188796043396,0.4464453160762787
0.0,nan,nan,4.2599406242370605,00000_001845_01,4.0,4.387827396392822,4.28051233291626,0.8446129560470581,coef_energy_material_checkpoint_lambdas,0.0,4.536233425140381,2.342782974243164,57,R1,4.194782882928848,0.5016931295394897
0.0,nan,nan,8.156813621520996,00000_001845_02,3.0,8.537287712097168,8.156813621520996,0.9351385831832886,coef_energy_material_checkpoint_lambdas,0.0,4.506539344787598,2.3473360538482666,3,R1,3.7825725078582764,0.3120901882648468
0.0,nan,nan,0.35983073711395264,00000_001845_02,3.0,1.0312830209732056,0.7540614604949951,0.9835500121116638,coef_energy_material_checkpoint_lambdas,0.0,4.505236625671387,2.3258402347564697,6,R1,3.452618271112442,1.7906442284584045
0.0,nan,nan,0.01294202171266079,00000_001845_02,2.0,0.038383230566978455,0.016400285065174103,-0.9994418621063232,coef_energy_material_checkpoint_lambdas,0.0,4.495711803436279,2.3074004650115967,9,R1,2.743011474609375,1.0193586945533752
0.0,nan,nan,4.1114912033081055,00000_001845_02,1.0,8.212593078613281,7.9343061447143555,0.7852621078491211,coef_energy_material_checkpoint_lambdas,0.0,4.48767614364624,2.354449987411499,33,R1,3.702146828174591,0.3940357565879822
0.0,nan,nan,0.961502730846405,00000_001845_02,3.0,4.448548793792725,4.34339714050293,0.8936522603034973,coef_energy_material_checkpoint_lambdas,0.0,4.479490756988525,2.3617238998413086,36,R1,3.502007156610489,3.502007156610489
0.0,nan,nan,2.7769267559051514,00000_001845_02,1.0,2.7872707843780518,2.7769267559051514,0.10408065468072891,coef_energy_material_checkpoint_lambdas,0.0,4.48331880569458,2.3646609783172607,39,R1,3.907165616750717,2.8423731923103333
0.0,nan,nan,7.832693576812744,00000_001845_02,3.0,8.226858139038086,7.3176093101501465,0.6357411742210388,coef_energy_material_checkpoint_lambdas,0.0,4.472243309020996,2.3753066062927246,45,R1,3.502007156610489,0.4921259880065918
0.0,nan,nan,4.948820114135742,00000_001845_02,2.0,6.243448734283447,6.190982341766357,0.8967227935791016,coef_energy_material_checkpoint_lambdas,0.0,4.449953556060791,2.371927499771118,51,R1,4.253660798072815,0.5564513802528381
0.0,nan,nan,0.29431283473968506,00000_001845_02,2.0,0.29494431614875793,0.019289983436465263,0.9736900329589844,coef_energy_material_checkpoint_lambdas,0.0,4.426233768463135,2.391024589538574,54,R1,4.381103754043579,4.381103754043579
0.0,nan,nan,0.6841696500778198,00000_001845_02,4.0,0.6854556798934937,0.6841696500778198,0.9976969957351685,coef_energy_material_checkpoint_lambdas,0.0,4.431084632873535,2.385012626647949,57,R1,4.238622725009918,2.210625171661377
0.0,nan,nan,5.841989994049072,00000_001845_02,5.0,7.436187744140625,7.384220600128174,0.9801817536354065,coef_energy_material_checkpoint_lambdas,0.0,4.443634510040283,2.386146306991577,60,R1,4.127878665924072,0.5715930461883545
0.0,nan,nan,7.941210746765137,00000_001845_02,4.0,8.885825157165527,8.885812759399414,0.9995806813240051,coef_energy_material_checkpoint_lambdas,0.0,4.4147491455078125,2.403787136077881,63,R1,4.365097641944885,0.5678080916404724
0.0,nan,nan,7.934180736541748,00000_001845_02,4.0,8.24504280090332,7.196109294891357,0.9984444379806519,coef_energy_material_checkpoint_lambdas,0.0,4.4076008796691895,2.4041125774383545,66,R1,4.401344180107117,4.402632653713226
0.0,nan,nan,0.002390351379290223,00000_001845_02,12.0,0.005305918864905834,0.004736981820315123,0.9900529980659485,coef_energy_material_checkpoint_lambdas,0.0,4.422302722930908,2.406463623046875,69,R1,4.400000095367432,4.400000095367432
0.0,nan,nan,1.1411849300202448e-05,00000_001845_02,13.0,1.613879248907324e-05,1.1411849300202448e-05,0.0,coef_energy_material_checkpoint_lambdas,0.0,4.415678024291992,2.4120850563049316,72,R1,4.400000095367432,4.400000095367432
0.0,nan,nan,-2.2577113512056712e-08,00000_001845_02,14.0,3.1287232360455164e-08,2.1660214954977164e-08,0.0,coef_energy_material_checkpoint_lambdas,0.0,4.411284446716309,2.4126248359680176,75,R1,4.400000095367432,4.400000095367432
0.0,nan,nan,-2.382735155015414e-11,00000_001845_02,16.0,2.864402985636172e-11,1.5897729313540943e-11,0.0,coef_energy_material_checkpoint_lambdas,0.0,4.4016008377075195,2.42281436920166,78,R1,4.400000095367432,4.400000095367432
0.0,nan,nan,-1.0491274698759458e-14,00000_001845_02,16.0,1.1731534221447095e-14,5.249956370377779e-15,0.0,coef_energy_material_checkpoint_lambdas,0.0,4.395254611968994,2.4239370822906494,81,R1,4.400000095367432,4.400000095367432
0.0,nan,nan,-2.9518438535273856e-18,00000_001845_02,16.0,3.1795356568902634e-18,1.1815516112107983e-18,0.0,coef_energy_material_checkpoint_lambdas,0.0,4.411750316619873,2.400808572769165,84,R1,4.400000095367432,4.400000095367432
0.0,nan,nan,-6.605631424378611e-22,00000_001845_02,16.0,6.963111884624054e-22,2.2146205898490944e-22,0.0,coef_energy_material_checkpoint_lambdas,0.0,4.536721229553223,2.3380799293518066,87,R1,4.400000095367432,4.400000095367432
0.0,nan,nan,0.01611897349357605,00000_001845_03,4.0,0.016682254150509834,0.004298402462154627,0.9999844431877136,coef_energy_material_checkpoint_lambdas,0.0,4.494970798492432,2.35799241065979,0,R1,2.9073818027973175,2.9073818027973175
0.0,nan,nan,0.47581642866134644,00000_001845_03,3.0,0.8150191307067871,0.1314437985420227,0.9988638758659363,coef_energy_material_checkpoint_lambdas,0.0,4.493475437164307,2.3472185134887695,3,R1,2.2772737443447113,1.637909710407257
0.0,nan,nan,4.441318035125732,00000_001845_03,3.0,4.471748352050781,4.441318035125732,0.751130223274231,coef_energy_material_checkpoint_lambdas,0.0,4.485339641571045,2.334303379058838,6,R1,2.1836698949337006,0.7696428596973419
0.0,nan,nan,2.697988748550415,00000_001845_03,2.0,3.8820960521698,1.2900644540786743,0.9972644448280334,coef_energy_material_checkpoint_lambdas,0.0,4.4855170249938965,2.327533721923828,9,R1,2.3856345415115356,0.303988516330719
0.0,nan,nan,7.309502601623535,00000_001845_03,1.0,8.271815299987793,7.906673908233643,0.8249452114105225,coef_energy_material_checkpoint_lambdas,0.0,4.484013557434082,2.3539211750030518,33,R1,3.538778156042099,0.3884658217430115
0.0,nan,nan,0.4904671013355255,00000_001845_03,2.0,0.5049192309379578,0.32662051916122437,0.98441481590271,coef_energy_material_checkpoint_lambdas,0.0,4.478957176208496,2.3926315307617188,42,R1,3.4980688393115997,1.0919693112373352
0.0,nan,nan,5.172273635864258,00000_001845_03,2.0,6.535005569458008,6.481698036193848,0.9892581105232239,coef_energy_material_checkpoint_lambdas,0.0,4.446531772613525,2.375969409942627,51,R1,4.319352686405182,2.7589449286460876
0.0,nan,nan,0.24447375535964966,00000_001845_03,3.0,0.36675456166267395,0.35385844111442566,0.9864869713783264,coef_energy_material_checkpoint_lambdas,1.0,4.412431716918945,2.3936102390289307,54,R1,4.1791286170482635,4.398608982563019
0.0,nan,nan,0.651577889919281,00000_001845_03,4.0,0.6515779495239258,0.6181931495666504,0.9935395121574402,coef_energy_material_checkpoint_lambdas,0.0,4.444360256195068,2.3837876319885254,57,R1,4.2002032995224,1.6617629528045654
0.0,nan,nan,6.047451019287109,00000_001845_03,4.0,6.087647914886475,6.047451019287109,0.9834676384925842,coef_energy_material_checkpoint_lambdas,0.0,4.445820331573486,2.391561269760132,60,R1,4.324317127466202,0.5697540640830994
0.0,nan,nan,6.096882343292236,00000_001845_03,3.0,8.279570579528809,7.242265224456787,0.9995548725128174,coef_energy_material_checkpoint_lambdas,0.0,4.395446300506592,2.417684555053711,63,R1,4.357080101966858,0.588812530040741
0.0,nan,nan,3.470449447631836,00000_001845_03,8.0,4.360513210296631,2.6400864124298096,0.9994619488716125,coef_energy_material_checkpoint_lambdas,0.0,4.389402389526367,2.413548469543457,66,R1,4.400035738945007,4.400035738945007
0.0,nan,nan,4.621492917067371e-05,00000_001845_03,12.0,8.961125422501937e-05,7.67747187637724e-05,0.0,coef_energy_material_checkpoint_lambdas,0.0,4.411497592926025,2.414022922515869,69,R1,4.400000095367432,4.400000095367432
0.0,nan,nan,1.672041918254763e-07,00000_001845_03,13.0,2.3646244073916023e-07,1.672041918254763e-07,0.0,coef_energy_material_checkpoint_lambdas,0.0,4.402844429016113,2.4185519218444824,72,R1,4.400000095367432,4.400000095367432
0.0,nan,nan,-3.228698419732723e-10,00000_001845_03,15.0,4.4869699622474e-10,3.1158314817147925e-10,0.0,coef_energy_material_checkpoint_lambdas,0.0,4.400791645050049,2.4231600761413574,75,R1,4.400000095367432,4.400000095367432
0.0,nan,nan,-3.6165119293371517e-13,00000_001845_03,16.0,4.415337995396229e-13,2.532992804220313e-13,0.0,coef_energy_material_checkpoint_lambdas,0.0,4.388272762298584,2.427334785461426,78,R1,4.400000095367432,4.400000095367432
0.0,nan,nan,-1.8044281994865276e-16,00000_001845_03,16.0,2.0496774572900477e-16,9.722222331016688e-17,0.0,coef_energy_material_checkpoint_lambdas,0.0,4.385880470275879,2.4328722953796387,81,R1,4.400000095367432,4.400000095367432
0.0,nan,nan,-5.807204042087485e-20,00000_001845_03,16.0,6.339217531513182e-20,2.5420581774030065e-20,0.0,coef_energy_material_checkpoint_lambdas,0.0,4.460457801818848,2.3694303035736084,84,R1,4.400000095367432,4.400000095367432
0.0,nan,nan,-1.43845535960122e-23,00000_001845_03,16.0,0.0,0.0,0.0,coef_energy_material_checkpoint_lambdas,0.0,4.5745697021484375,2.3192644119262695,87,R1,4.400000095367432,4.400000095367432
0.0,nan,nan,8.156813621520996,00000_001845_04,3.0,8.537287712097168,8.156813621520996,0.9351385831832886,coef_energy_material_checkpoint_lambdas,0.0,4.506539344787598,2.3473360538482666,6,R1,3.7825725078582764,0.3120901882648468
0.0,nan,nan,0.3611673414707184,00000_001845_04,3.0,1.034340262413025,0.756493330001831,0.9836001992225647,coef_energy_material_checkpoint_lambdas,0.0,4.511740207672119,2.339585065841675,9,R1,3.452618271112442,1.7906442284584045
0.0,nan,nan,0.01294763758778572,00000_001845_04,2.0,0.038392324000597,0.01640172302722931,-0.9994394779205322,coef_energy_material_checkpoint_lambdas,0.0,4.506266117095947,2.3240103721618652,12,R1,2.743011474609375,1.0193586945533752
0.0,nan,nan,1.2538105249404907,00000_001845_04,1.0,1.836932897567749,0.7649362087249756,0.69612717628479,coef_energy_material_checkpoint_lambdas,0.0,4.479639053344727,2.301370143890381,15,R1,2.1680130064487457,0.2616337835788727
0.0,nan,nan,4.113861083984375,00000_001845_04,1.0,8.217485427856445,7.939009189605713,0.7852553129196167,coef_energy_material_checkpoint_lambdas,0.0,4.490412712097168,2.3542990684509277,36,R1,3.702146828174591,0.3940357565879822
0.0,nan,nan,0.9620523452758789,00000_001845_04,3.0,4.449728965759277,4.344484329223633,0.8936219215393066,coef_energy_material_checkpoint_lambdas,0.0,4.481284141540527,2.3594894409179688,39,R1,3.502007156610489,3.502007156610489
0.0,nan,nan,2.775426149368286,00000_001845_04,1.0,2.7857718467712402,2.775426149368286,0.10411062836647034,coef_energy_material_checkpoint_lambdas,0.0,4.480894088745117,2.3642139434814453,42,R1,3.907165616750717,2.8423731923103333
0.0,nan,nan,7.840097427368164,00000_001845_04,3.0,8.235261917114258,7.3259758949279785,0.6359241604804993,coef_energy_material_checkpoint_lambdas,0.0,4.475937366485596,2.394866466522217,48,R1,3.502007156610489,0.4921259880065918
0.0,nan,nan,-0.33712059259414673,00000_001845_04,1.0,0.34709563851356506,0.2967972159385681,1.0000001192092896,coef_energy_material_checkpoint_lambdas,0.0,4.431647777557373,2.382063388824463,54,R1,4.401210844516754,0.546501874923706
0.0,nan,nan,-0.06642702221870422,00000_001845_04,3.0,3.8105626106262207,2.7410361766815186,0.9994198083877563,coef_energy_material_checkpoint_lambdas,1.0,4.402087211608887,2.406691074371338,57,R1,4.089157968759537,4.40057235956192
0.0,nan,nan,0.055515095591545105,00000_001845_04,4.0,0.056326285004615784,0.0555150993168354,0.9974009990692139,coef_energy_material_checkpoint_lambdas,0.0,4.409863471984863,2.401090621948242,60,R1,4.1287078857421875,3.8757362961769104
0.0,nan,nan,2.8721213340759277,00000_001845_04,5.0,2.872196912765503,2.7313220500946045,0.9997994899749756,coef_energy_material_checkpoint_lambdas,0.0,4.436570167541504,2.3860552310943604,63,R1,4.395961403846741,1.6750325560569763
0.0,nan,nan,7.941210746765137,00000_001845_04,4.0,8.885825157165527,8.885812759399414,0.9995806813240051,coef_energy_material_checkpoint_lambdas,0.0,4.4147491455078125,2.403787136077881,66,R1,4.365097641944885,0.5678080916404724
0.0,nan,nan,7.923681735992432,00000_001845_04,4.0,8.234106063842773,7.186519145965576,0.9984450936317444,coef_energy_material_checkpoint_lambdas,0.0,4.400869369506836,2.4119184017181396,69,R1,4.401344180107117,4.402632653713226
0.0,nan,nan,0.002383926184847951,00000_001845_04,12.0,0.005291611421853304,0.0016548221465200186,0.990053653717041,coef_energy_material_checkpoint_lambdas,0.0,4.4102463722229,2.4103338718414307,72,R1,4.400000095367432,4.400000095367432
0.0,nan,nan,1.4989999499448459e-06,00000_001845_04,13.0,2.1745238427683944e-06,1.5752948456793092e-06,0.0,coef_energy_material_checkpoint_lambdas,0.0,4.408599853515625,2.4165103435516357,75,R1,4.400000095367432,4.400000095367432
0.0,nan,nan,-2.4373905116448213e-09,00000_001845_04,14.0,3.446990692879126e-09,2.4373905116448213e-09,0.0,coef_energy_material_checkpoint_lambdas,0.0,4.398355960845947,2.419435739517212,78,R1,4.400000095367432,4.400000095367432
0.0,nan,nan,-3.903258792570252e-12,00000_001845_04,16.0,4.945756911650667e-12,3.0372824481178506e-12,0.0,coef_energy_material_checkpoint_lambdas,0.0,4.395786285400391,2.4262139797210693,81,R1,4.400000095367432,4.400000095367432
0.0,nan,nan,-2.423652429670172e-15,00000_001845_04,16.0,2.8063209511742203e-15,1.4146891233948332e-15,0.0,coef_energy_material_checkpoint_lambdas,0.0,4.384551525115967,2.4297661781311035,84,R1,4.400000095367432,4.400000095367432
0.0,nan,nan,-8.756865870707138e-19,00000_001845_04,16.0,9.664468084339868e-19,4.0889161020448293e-19,0.0,coef_energy_material_checkpoint_lambdas,0.0,4.417949676513672,2.399237632751465,87,R1,4.400000095367432,4.400000095367432
0.0,nan,nan,-2.3443285077646437e-22,00000_001845_04,16.0,2.5111436853553204e-22,9.169400462483332e-23,0.0,coef_energy_material_checkpoint_lambdas,0.0,4.538527011871338,2.326195240020752,90,R1,4.400000095367432,4.400000095367432
0.0,nan,nan,0.36072686314582825,00000_001845_05,4.0,0.41993218660354614,0.4187887907028198,0.9871054291725159,coef_energy_material_checkpoint_lambdas,1.0,4.502044200897217,2.3640153408050537,0,R1,3.8254377245903015,4.074634343385696
0.0,nan,nan,0.0074684834107756615,00000_001845_05,5.0,0.00771934213116765,0.0019519214984029531,0.45784834027290344,coef_energy_material_checkpoint_lambdas,0.0,4.495909690856934,2.3526101112365723,3,R1,3.2038509249687195,3.2038509249687195
0.0,nan,nan,0.34911084175109863,00000_001845_05,5.0,0.4521837532520294,0.10092036426067352,0.9999361038208008,coef_energy_material_checkpoint_lambdas,0.0,4.493367671966553,2.353102207183838,6,R1,2.3734610974788666,2.094111979007721
0.0,nan,nan,1.8293514251708984,00000_001845_05,2.0,2.6660594940185547,2.503556251525879,-0.4355171024799347,coef_energy_material_checkpoint_lambdas,0.0,4.486889362335205,2.333218812942505,9,R1,2.0521601736545563,1.0241831541061401
0.0,nan,nan,2.1196413040161133,00000_001845_05,3.0,2.642286777496338,2.1196413040161133,0.9299429655075073,coef_energy_material_checkpoint_lambdas,0.0,4.495144844055176,2.3450446128845215,12,R1,2.025816261768341,0.26307937502861023
0.0,nan,nan,4.112757205963135,00000_001845_05,1.0,8.215091705322266,7.936724662780762,0.7852634191513062,coef_energy_material_checkpoint_lambdas,0.0,4.489029407501221,2.3554670810699463,36,R1,3.702146828174591,0.3940357565879822
0.0,nan,nan,0.9628855586051941,00000_001845_05,3.0,4.452138900756836,4.346767902374268,0.8935895562171936,coef_energy_material_checkpoint_lambdas,0.0,4.484352111816406,2.3577306270599365,39,R1,3.502007156610489,3.502007156610489
0.0,nan,nan,2.7756032943725586,00000_001845_05,1.0,2.7859508991241455,2.7756032943725586,0.10411638021469116,coef_energy_material_checkpoint_lambdas,0.0,4.481179237365723,2.3645238876342773,42,R1,3.907165616750717,2.8423731923103333
0.0,nan,nan,7.827695846557617,00000_001845_05,3.0,8.222859382629395,7.315829753875732,0.6361062526702881,coef_energy_material_checkpoint_lambdas,0.0,4.468327522277832,2.408297300338745,48,R1,3.502007156610489,0.4921259880065918
0.0,nan,nan,-0.8110767006874084,00000_001845_05,1.0,2.4172229766845703,0.29289481043815613,0.560914158821106,coef_energy_material_checkpoint_lambdas,0.0,4.437783241271973,2.3806941509246826,54,R1,4.378308713436127,0.5271754264831543
0.0,nan,nan,4.026544570922852,00000_001845_05,2.0,8.195146560668945,7.1377434730529785,0.9886850118637085,coef_energy_material_checkpoint_lambdas,0.0,4.3953351974487305,2.411992073059082,57,R1,4.399160623550415,4.399160623550415
0.0,nan,nan,0.020744089037179947,00000_001845_05,4.0,0.020798390731215477,0.020744090899825096,0.9855177402496338,coef_energy_material_checkpoint_lambdas,0.0,4.410262107849121,2.4003007411956787,60,R1,4.010590046644211,4.424369156360626
0.0,nan,nan,0.25816264748573303,00000_001845_05,4.0,0.2605489492416382,0.23378899693489075,0.9936527013778687,coef_energy_material_checkpoint_lambdas,0.0,4.4153313636779785,2.396310329437256,63,R1,4.377257466316223,2.2245272397994995
0.0,nan,nan,4.011019229888916,00000_001845_05,5.0,4.485904693603516,3.174060344696045,0.9995980262756348,coef_energy_material_checkpoint_lambdas,0.0,4.386077404022217,2.419912576675415,66,R1,4.266004204750061,0.5678080916404724
0.0,nan,nan,7.912360191345215,00000_001845_05,4.0,8.222311019897461,7.176173210144043,0.9984458684921265,coef_energy_material_checkpoint_lambdas,0.0,4.3935627937316895,2.4209272861480713,69,R1,4.401344180107117,4.402632653713226
0.0,nan,nan,0.002390695735812187,00000_001845_05,12.0,0.005306650884449482,0.0016595316119492054,0.9900534152984619,coef_energy_material_checkpoint_lambdas,0.0,4.422818660736084,2.4141855239868164,72,R1,4.400000095367432,4.400000095367432
0.0,nan,nan,1.2804284743594962e-08,00000_001845_05,14.0,2.2013802336573463e-08,1.2804284743594962e-08,0.0,coef_energy_material_checkpoint_lambdas,0.0,4.411017417907715,2.436871290206909,75,R1,4.400000095367432,4.400000095367432
0.0,nan,nan,-4.40525350572929e-12,00000_001845_05,16.0,9.841153066070252e-12,4.40525350572929e-12,0.0,coef_energy_material_checkpoint_lambdas,0.0,4.503195285797119,2.358290672302246,78,R1,4.400000095367432,4.400000095367432
0.0,nan,nan,0.36072686314582825,00000_001845_06,4.0,0.41993218660354614,0.4187887907028198,0.9871054291725159,coef_energy_material_checkpoint_lambdas,1.0,4.502044200897217,2.3640153408050537,0,R1,3.8254377245903015,4.074634343385696
0.0,nan,nan,0.0074684834107756615,00000_001845_06,5.0,0.00771934213116765,0.0019519214984029531,0.45784834027290344,coef_energy_material_checkpoint_lambdas,0.0,4.495909690856934,2.3526101112365723,3,R1,3.2038509249687195,3.2038509249687195
0.0,nan,nan,0.34911084175109863,00000_001845_06,5.0,0.4521837532520294,0.10092036426067352,0.9999361038208008,coef_energy_material_checkpoint_lambdas,0.0,4.493367671966553,2.353102207183838,6,R1,2.3734610974788666,2.094111979007721
0.0,nan,nan,1.8309544324874878,00000_001845_06,2.0,2.6688790321350098,2.506047248840332,-0.4356708526611328,coef_energy_material_checkpoint_lambdas,0.0,4.491263389587402,2.3323867321014404,9,R1,2.0521601736545563,1.0241831541061401
0.0,nan,nan,2.118793487548828,00000_001845_06,3.0,2.641206979751587,2.118793487548828,0.9299473166465759,coef_energy_material_checkpoint_lambdas,0.0,4.493175506591797,2.34582781791687,12,R1,2.025816261768341,0.26307937502861023
0.0,nan,nan,4.112011909484863,00000_001845_06,1.0,8.213885307312012,7.935517311096191,0.7852512001991272,coef_energy_material_checkpoint_lambdas,0.0,4.488483428955078,2.352337598800659,36,R1,3.702146828174591,0.3940357565879822
0.0,nan,nan,0.9626650810241699,00000_001845_06,3.0,4.451832294464111,4.346502780914307,0.8936055898666382,coef_energy_material_checkpoint_lambdas,0.0,4.483726501464844,2.359067440032959,39,R1,3.502007156610489,3.502007156610489
0.0,nan,nan,2.7743818759918213,00000_001845_06,1.0,2.7847299575805664,2.7743818759918213,0.10413695871829987,coef_energy_material_checkpoint_lambdas,0.0,4.47920560836792,2.364053726196289,42,R1,3.907165616750717,2.8423731923103333
0.0,nan,nan,7.841228485107422,00000_001845_06,3.0,8.236101150512695,7.326228141784668,0.635822594165802,coef_energy_material_checkpoint_lambdas,0.0,4.476879119873047,2.385599136352539,48,R1,3.502007156610489,0.4921259880065918
0.0,nan,nan,1.4415720701217651,00000_001845_06,2.0,2.191879987716675,0.8321186304092407,0.08857622742652893,coef_energy_material_checkpoint_lambdas,0.0,4.469408988952637,2.3664145469665527,54,R1,4.401654541492462,1.1075246334075928
0.0,nan,nan,4.028697967529297,00000_001845_06,2.0,8.199613571166992,7.141655921936035,0.9886839985847473,coef_energy_material_checkpoint_lambdas,0.0,4.397894859313965,2.411076068878174,57,R1,4.399160623550415,4.399160623550415
0.0,nan,nan,0.02090483531355858,00000_001845_06,4.0,0.02095623128116131,0.020904837176203728,0.9858931303024292,coef_energy_material_checkpoint_lambdas,0.0,4.386175632476807,2.416184902191162,60,R1,4.010590046644211,4.424369156360626
0.0,nan,nan,0.25797349214553833,00000_001845_06,4.0,0.26035794615745544,0.23361782729625702,0.993652880191803,coef_energy_material_checkpoint_lambdas,0.0,4.412024021148682,2.397097587585449,63,R1,4.377257466316223,2.2245272397994995
0.0,nan,nan,8.016345024108887,00000_001845_06,4.0,8.969687461853027,8.96967601776123,0.9995793700218201,coef_energy_material_checkpoint_lambdas,0.0,4.4635396003723145,2.3577916622161865,66,R1,4.365097641944885,0.5678080916404724
0.0,nan,nan,7.823434829711914,00000_001845_06,4.0,8.129722595214844,7.823434829711914,0.9984502196311951,coef_energy_material_checkpoint_lambdas,0.0,4.338001251220703,2.469298839569092,69,R1,4.401344180107117,0.5665900111198425
0.0,nan,nan,8.135777473449707,00000_001845_06,1.0,8.136604309082031,8.135777473449707,0.9862078428268433,coef_energy_material_checkpoint_lambdas,0.0,4.397324562072754,2.427266836166382,72,R1,4.4038702845573425,0.5670731067657471
0.0,nan,nan,0.6143970489501953,00000_001845_06,10.0,0.6625432372093201,0.2591162919998169,0.999642550945282,coef_energy_material_checkpoint_lambdas,0.0,4.440977096557617,2.385065793991089,75,R1,4.40000057220459,4.400003373622894
0.0,nan,nan,0.000317219557473436,00000_001845_06,13.0,0.00034193016472272575,0.00012762442929670215,0.0,coef_energy_material_checkpoint_lambdas,0.0,4.428792953491211,2.3921854496002197,78,R1,4.400000095367432,4.400000095367432
0.0,nan,nan,6.237230820715922e-08,00000_001845_06,15.0,6.430381915834005e-08,1.5642127593196165e-08,0.0,coef_energy_material_checkpoint_lambdas,0.0,4.433215141296387,2.3926565647125244,81,R1,4.400000095367432,4.400000095367432
0.0,nan,nan,9.04249505134791e-12,00000_001845_06,16.0,9.30391961390109e-12,2.1900231194499353e-12,0.0,coef_energy_material_checkpoint_lambdas,0.0,4.421718597412109,2.4024462699890137,84,R1,4.400000095367432,4.400000095367432
0.0,nan,nan,-4.483513949373515e-15,00000_001845_06,16.0,6.618194101066068e-15,4.868120270502645e-15,0.0,coef_energy_material_checkpoint_lambdas,0.0,4.452031135559082,2.381535530090332,87,R1,4.400000095367432,4.400000095367432
0.0,nan,nan,-1.3791762678470167e-17,00000_001845_06,16.0,1.9729610876871847e-17,1.4108323044532986e-17,0.0,coef_energy_material_checkpoint_lambdas,0.0,4.535525798797607,2.331043004989624,90,R1,4.400000095367432,4.400000095367432
0.0,nan,nan,0.3645817041397095,00000_001858_00,4.0,0.380123496055603,0.18172577023506165,0.9526682496070862,coef_energy_material_checkpoint_lambdas,0.0,4.502389907836914,2.315917730331421,3,R1,2.0067811608314514,1.0479984879493713
0.0,nan,nan,3.113673686981201,00000_001858_00,3.0,3.1193249225616455,2.3344082832336426,0.9863345623016357,coef_energy_material_checkpoint_lambdas,0.0,4.467225551605225,2.2953901290893555,6,R1,2.009442776441574,0.2778143286705017
0.0,nan,nan,4.207696914672852,00000_001858_00,1.0,4.464630126953125,2.7467079162597656,0.9869991540908813,coef_energy_material_checkpoint_lambdas,0.0,4.4992241859436035,2.315248966217041,12,R1,2.0117387175559998,0.3007569909095764
0.0,nan,nan,4.584871292114258,00000_001858_00,2.0,6.822937488555908,6.814907550811768,0.9079854488372803,coef_energy_material_checkpoint_lambdas,0.0,4.47874641418457,2.3586418628692627,30,R1,3.7905049324035645,0.47789913415908813
0.0,nan,nan,2.172126054763794,00000_001858_00,1.0,3.876791477203369,3.84352970123291,-0.15143391489982605,coef_energy_material_checkpoint_lambdas,0.0,4.474833965301514,2.394627571105957,36,R1,3.7026181519031525,2.1682676672935486
0.0,nan,nan,2.50667142868042,00000_001858_00,2.0,2.742347478866577,2.1158313751220703,0.5105470418930054,coef_energy_material_checkpoint_lambdas,0.0,4.472263336181641,2.3992161750793457,39,R1,3.9265326261520386,0.5497334003448486
0.0,nan,nan,-0.25595927238464355,00000_001858_00,2.0,0.36870917677879333,0.3518396019935608,0.7630113959312439,coef_energy_material_checkpoint_lambdas,0.0,4.477774620056152,2.3912463188171387,45,R1,4.397982060909271,1.6566237807273865
0.0,nan,nan,3.1435606479644775,00000_001858_00,2.0,7.445587158203125,5.830122470855713,0.9939016103744507,coef_energy_material_checkpoint_lambdas,0.0,4.4668474197387695,2.4038681983947754,48,R1,4.400681138038635,0.5645787715911865
0.0,nan,nan,4.843926429748535,00000_001858_00,2.0,7.368613243103027,7.351548194885254,0.6142815947532654,coef_energy_material_checkpoint_lambdas,0.0,4.388032913208008,2.4953980445861816,54,R1,4.093572795391083,0.5178569555282593
0.0,nan,nan,1.0672084093093872,00000_001858_00,1.0,1.1683968305587769,0.7886967062950134,-0.2990596294403076,coef_energy_material_checkpoint_lambdas,0.0,4.4804205894470215,2.409806489944458,57,R1,3.9574865996837616,0.4229958951473236
0.0,nan,nan,6.427378177642822,00000_001858_00,3.0,7.16212797164917,7.161966323852539,0.9013611078262329,coef_energy_material_checkpoint_lambdas,0.0,4.582833290100098,2.3046276569366455,60,R1,4.400757610797882,0.5566632747650146
0.0,nan,nan,0.0009421203285455704,00000_001858_01,4.0,0.06985858082771301,0.06289906054735184,-0.7421504259109497,coef_energy_material_checkpoint_lambdas,0.0,4.489481449127197,2.3571557998657227,0,R1,3.8563891649246216,3.9338983297348022
0.0,nan,nan,0.03578798845410347,00000_001858_01,3.0,0.41947507858276367,0.41794565320014954,0.7010626792907715,coef_energy_material_checkpoint_lambdas,0.0,4.486637115478516,2.3494677543640137,3,R1,3.0462154746055603,3.0462154746055603
0.0,nan,nan,0.5958623290061951,00000_001858_01,5.0,0.6804211735725403,0.027353566139936447,0.9999797940254211,coef_energy_material_checkpoint_lambdas,0.0,4.495387077331543,2.3453614711761475,6,R1,2.2124936282634735,1.7397083342075348
0.0,nan,nan,0.15911638736724854,00000_001858_01,4.0,0.22219444811344147,0.00284836208447814,0.9998819231987,coef_energy_material_checkpoint_lambdas,0.0,4.489344120025635,2.370839834213257,9,R1,2.016415446996689,0.7801496386528015
0.0,nan,nan,8.242430686950684,00000_001858_01,1.0,8.581718444824219,7.517692565917969,0.9979937672615051,coef_energy_material_checkpoint_lambdas,0.0,4.4909234046936035,2.369805097579956,12,R1,3.0462154746055603,0.30377519130706787
0.0,nan,nan,0.308693528175354,00000_001858_01,1.0,0.33765777945518494,0.015671927481889725,0.9025466442108154,coef_energy_material_checkpoint_lambdas,0.0,4.48818302154541,2.298814058303833,21,R1,2.0077074766159058,0.5372313559055328
0.0,nan,nan,7.302823543548584,00000_001858_01,1.0,8.5584077835083,8.319435119628906,0.8509063124656677,coef_energy_material_checkpoint_lambdas,0.0,4.481766223907471,2.3608505725860596,39,R1,3.7406024038791656,0.45211663842201233
0.0,nan,nan,5.566933631896973,00000_001858_01,1.0,6.92014217376709,6.166304588317871,-0.17584653198719025,coef_energy_material_checkpoint_lambdas,0.0,4.474587917327881,2.384700059890747,45,R1,3.698267638683319,2.637102246284485
0.0,nan,nan,1.9949240684509277,00000_001858_01,3.0,3.8984076976776123,3.887868881225586,0.6955928802490234,coef_energy_material_checkpoint_lambdas,0.0,4.470161437988281,2.3961474895477295,48,R1,3.5745745599269867,1.0984812378883362
0.0,nan,nan,0.16223746538162231,00000_001858_01,2.0,2.3485019207000732,2.0229909420013428,0.02618788555264473,coef_energy_material_checkpoint_lambdas,0.0,4.434196472167969,2.3828136920928955,54,R1,4.3836435079574585,2.190531373023987
0.0,nan,nan,0.2379031479358673,00000_001858_01,3.0,0.2993672490119934,0.2967197000980377,0.9870646595954895,coef_energy_material_checkpoint_lambdas,0.0,4.423759937286377,2.3899505138397217,57,R1,4.3452746868133545,4.401486754417419
0.0,nan,nan,0.24309399724006653,00000_001858_01,3.0,0.25240224599838257,0.24309399724006653,0.9967234134674072,coef_energy_material_checkpoint_lambdas,0.0,4.420029640197754,2.393200397491455,60,R1,4.098065286874771,2.7569940090179443
0.0,nan,nan,0.5085436105728149,00000_001858_01,2.0,2.5650904178619385,0.3126048743724823,0.9852444529533386,coef_energy_material_checkpoint_lambdas,0.0,4.4526166915893555,2.384093761444092,63,R1,4.302854120731354,0.5596960186958313
0.0,nan,nan,0.9939126968383789,00000_001858_01,1.0,2.2419447898864746,2.1237974166870117,0.9935432076454163,coef_energy_material_checkpoint_lambdas,0.0,4.420492649078369,2.4036619663238525,69,R1,4.400192856788635,0.5563647747039795
0.0,nan,nan,7.708207607269287,00000_001858_01,1.0,7.708208084106445,7.708207607269287,0.9999828338623047,coef_energy_material_checkpoint_lambdas,0.0,4.364295959472656,2.4410340785980225,72,R1,4.402293026447296,0.5597073435783386
0.0,nan,nan,0.0589245930314064,00000_001858_01,13.0,0.07097633183002472,0.01368802972137928,0.9996470212936401,coef_energy_material_checkpoint_lambdas,0.0,4.404178619384766,2.4186275005340576,75,R1,4.400000095367432,4.400000095367432
0.0,nan,nan,-1.5637800743206753e-07,00000_001858_01,14.0,2.4416735300292203e-07,1.5637800743206753e-07,0.0,coef_energy_material_checkpoint_lambdas,0.0,4.5462965965271,2.3304734230041504,78,R1,4.400000095367432,4.400000095367432
0.0,nan,nan,7.596280097961426,00000_001858_02,1.0,7.881412506103516,6.856842994689941,0.9513276815414429,coef_energy_material_checkpoint_lambdas,0.0,4.494262218475342,2.3974297046661377,0,R2,3.882990598678589,0.36468687653541565
0.0,nan,nan,4.915312767028809,00000_001858_02,3.0,6.525540351867676,6.510644912719727,-0.610910177230835,coef_energy_material_checkpoint_lambdas,0.0,4.477319717407227,2.391963481903076,3,R2,2.889870673418045,0.4162296652793884
0.0,nan,nan,3.065061330795288,00000_001858_02,2.0,3.865586042404175,3.2038354873657227,0.107951819896698,coef_energy_material_checkpoint_lambdas,0.0,4.428368091583252,2.432920455932617,6,R2,2.145573318004608,1.796100914478302
0.0,nan,nan,0.023559361696243286,00000_001858_02,2.0,0.660426676273346,0.633587121963501,0.697358250617981,coef_energy_material_checkpoint_lambdas,0.0,4.479009628295898,2.3942711353302,9,R2,2.0271748304367065,0.7667624354362488
0.0,nan,nan,1.5280735492706299,00000_001858_02,2.0,7.509861469268799,5.893128871917725,0.983222484588623,coef_energy_material_checkpoint_lambdas,0.0,4.505682468414307,2.337043523788452,12,R2,2.403443366289139,0.2674821615219116
0.0,nan,nan,-0.0038927728310227394,00000_001858_02,2.0,0.004233734216541052,0.003929640632122755,0.2660079896450043,coef_energy_material_checkpoint_lambdas,0.0,4.484109401702881,2.301270008087158,18,R2,2.0383640229701996,1.0374531745910645
0.0,nan,nan,4.204277038574219,00000_001858_02,1.0,4.461018085479736,2.744521141052246,0.9869975447654724,coef_energy_material_checkpoint_lambdas,0.0,4.49586296081543,2.3097314834594727,21,R2,2.0117387175559998,0.3007569909095764
0.0,nan,nan,4.588727951049805,00000_001858_02,2.0,6.827877044677734,6.819876670837402,0.9079409241676331,coef_energy_material_checkpoint_lambdas,0.0,4.483021259307861,2.3551840782165527,39,R2,3.7905049324035645,0.47789913415908813
0.0,nan,nan,2.1738767623901367,00000_001858_02,1.0,3.879176139831543,3.8458285331726074,-0.15156151354312897,coef_energy_material_checkpoint_lambdas,0.0,4.4774980545043945,2.3939473628997803,45,R2,3.7026181519031525,2.1682676672935486
0.0,nan,nan,2.5051140785217285,00000_001858_02,2.0,2.7407257556915283,2.1146976947784424,0.5106050968170166,coef_energy_material_checkpoint_lambdas,0.0,4.46943998336792,2.403841257095337,48,R2,3.9265326261520386,0.5497334003448486
0.0,nan,nan,-0.255869060754776,00000_001858_02,2.0,0.36865413188934326,0.35180866718292236,0.762884795665741,coef_energy_material_checkpoint_lambdas,0.0,4.478140830993652,2.3906443119049072,54,R2,4.397982060909271,1.6566237807273865
0.0,nan,nan,3.142629623413086,00000_001858_02,2.0,7.44359016418457,5.828498840332031,0.9939001798629761,coef_energy_material_checkpoint_lambdas,0.0,4.466176509857178,2.395475387573242,57,R2,4.400681138038635,0.5645787715911865
0.0,nan,nan,0.6978998780250549,00000_001858_02,1.0,2.4931156635284424,1.6946001052856445,-0.9518237709999084,coef_energy_material_checkpoint_lambdas,0.0,4.462255954742432,2.4043970108032227,63,R2,4.312856078147888,2.582758992910385
0.0,nan,nan,0.32450997829437256,00000_001858_02,3.0,0.6000991463661194,0.3063720166683197,0.6596356630325317,coef_energy_material_checkpoint_lambdas,0.0,4.481967449188232,2.3702454566955566,66,R2,4.194961756467819,1.0975290536880493
0.0,nan,nan,7.870927333831787,00000_001970_06,1.0,7.8742146492004395,7.870927333831787,0.6673462986946106,coef_energy_material_checkpoint_lambdas,0.0,4.501873016357422,2.348004102706909,0,R3,3.4996381402015686,0.2838054299354553
0.0,nan,nan,6.368647575378418,00000_001970_06,1.0,6.447449207305908,5.213923931121826,0.9086026549339294,coef_energy_material_checkpoint_lambdas,0.0,4.459015846252441,2.421945095062256,30,R3,3.321558564901352,0.8219925165176392
0.0,nan,nan,6.924383163452148,00000_001970_06,1.0,6.92439079284668,6.924383163452148,0.9906259179115295,coef_energy_material_checkpoint_lambdas,0.0,4.445409297943115,2.360053539276123,36,R3,4.311411291360855,0.4361841082572937
0.0,nan,nan,6.069552898406982,00000_001970_06,2.0,7.635784149169922,6.314716815948486,0.9996228814125061,coef_energy_material_checkpoint_lambdas,0.0,4.420538902282715,2.382948637008667,39,R3,4.1796994805336,0.5375258922576904
0.0,nan,nan,3.1389377117156982,00000_001970_06,1.0,7.4439287185668945,7.395995616912842,0.9960839152336121,coef_energy_material_checkpoint_lambdas,0.0,4.4546942710876465,2.4121434688568115,54,R3,4.40105676651001,4.414880573749542
0.0,nan,nan,0.006030215881764889,00000_001970_06,2.0,0.006044797599315643,0.0030721048824489117,0.4064147472381592,coef_energy_material_checkpoint_lambdas,0.0,4.450715065002441,2.4047632217407227,57,R3,4.400174975395203,4.408134698867798
0.0,nan,nan,2.963803768157959,00000_001970_06,2.0,4.201660633087158,4.201648235321045,0.9780524373054504,coef_energy_material_checkpoint_lambdas,0.0,4.433591842651367,2.4158904552459717,60,R3,4.4000890254974365,3.315225899219513
0.0,nan,nan,4.1846795082092285,00000_001970_06,4.0,4.424498081207275,4.385486125946045,0.9966093897819519,coef_energy_material_checkpoint_lambdas,0.0,4.439440727233887,2.4317116737365723,63,R3,4.400043368339539,1.6612866520881653
0.0,nan,nan,6.377885818481445,00000_001970_06,4.0,7.049242973327637,5.537704944610596,0.9661681652069092,coef_energy_material_checkpoint_lambdas,0.0,4.421642780303955,2.444037437438965,66,R3,4.401796340942383,0.5938301086425781
0.0,nan,nan,-0.02121467888355255,00000_001970_07,2.0,0.06843864172697067,0.010124102234840393,0.9763247966766357,coef_energy_material_checkpoint_lambdas,0.0,4.4990458488464355,2.3693079948425293,0,R3,4.020819753408432,1.391939103603363
0.0,nan,nan,6.711869239807129,00000_001970_07,2.0,6.72133207321167,4.493895053863525,-0.7685433626174927,coef_energy_material_checkpoint_lambdas,0.0,4.494656562805176,2.347975254058838,3,R3,3.8869802057743073,0.33888134360313416
0.0,nan,nan,3.985731601715088,00000_001970_07,1.0,4.408370018005371,0.09779679775238037,0.5248463749885559,coef_energy_material_checkpoint_lambdas,0.0,4.4778032302856445,2.3868889808654785,27,R3,3.430082857608795,1.5193274021148682
0.0,nan,nan,5.4309492111206055,00000_001970_07,1.0,7.099356651306152,7.0733442306518555,0.3726728856563568,coef_energy_material_checkpoint_lambdas,0.0,4.468968391418457,2.4074532985687256,33,R3,3.243353545665741,0.3350274860858917
0.0,nan,nan,2.613647222518921,00000_001970_07,2.0,3.2935938835144043,2.7278096675872803,0.005328830797225237,coef_energy_material_checkpoint_lambdas,0.0,4.417593955993652,2.3763928413391113,42,R3,4.309295266866684,0.440997838973999
0.0,nan,nan,6.965907096862793,00000_001970_07,4.0,7.033148288726807,5.611684799194336,0.9399006962776184,coef_energy_material_checkpoint_lambdas,0.0,4.437630653381348,2.419203758239746,60,R3,4.400552451610565,4.405376613140106
0.0,nan,nan,2.723839044570923,00000_001970_07,7.0,2.863294839859009,2.5502073764801025,0.999032735824585,coef_energy_material_checkpoint_lambdas,0.0,4.429391384124756,2.420227289199829,63,R3,4.400007128715515,4.400126516819
0.0,nan,nan,0.007274764124304056,00000_001970_07,8.0,0.010737265460193157,0.007274764124304056,0.9999629259109497,coef_energy_material_checkpoint_lambdas,0.0,4.428873062133789,2.4256789684295654,66,R3,4.400000095367432,4.400000095367432
0.0,nan,nan,3.731512333615683e-05,00000_001970_07,10.0,3.7431302189361304e-05,3.731512333615683e-05,0.0,coef_energy_material_checkpoint_lambdas,0.0,4.4727373123168945,2.384502649307251,69,R3,4.400000095367432,4.400000095367432
0.0,nan,nan,8.604248046875,00000_001980_00,1.0,8.60439395904541,8.604248046875,0.9990053772926331,coef_energy_material_checkpoint_lambdas,0.0,4.463191509246826,2.2983241081237793,0,R3,3.61988827586174,0.5075363516807556
0.0,nan,nan,8.586256980895996,00000_001980_00,1.0,8.58883285522461,8.586256980895996,0.982386589050293,coef_energy_material_checkpoint_lambdas,0.0,4.462357044219971,2.3017847537994385,3,R3,3.5502156913280487,0.5331715941429138
0.0,nan,nan,8.468730926513672,00000_001980_00,1.0,8.468733787536621,8.468731880187988,0.9999850988388062,coef_energy_material_checkpoint_lambdas,0.0,4.469010353088379,2.3041088581085205,6,R3,3.8260019719600677,0.4797787666320801
0.0,nan,nan,0.3787896931171417,00000_001980_00,1.0,2.6368982791900635,2.6095499992370605,0.9636483192443848,coef_energy_material_checkpoint_lambdas,0.0,4.482892036437988,2.3308796882629395,15,R3,3.4122244119644165,0.5266245901584625
0.0,nan,nan,2.14286470413208,00000_001980_00,1.0,3.1864218711853027,2.3582653999328613,0.9993622899055481,coef_energy_material_checkpoint_lambdas,0.0,4.470449924468994,2.3796849250793457,39,R3,3.4406026005744934,3.4406026005744934
0.0,nan,nan,-0.28468257188796997,00000_001980_00,2.0,0.30471059679985046,0.10864797234535217,0.9822636246681213,coef_energy_material_checkpoint_lambdas,0.0,4.475074768066406,2.379507064819336,42,R3,3.647669732570648,3.647669732570648
0.0,nan,nan,0.3557206690311432,00000_001980_00,3.0,0.35575398802757263,0.15473008155822754,0.9999954104423523,coef_energy_material_checkpoint_lambdas,1.0,4.46437931060791,2.3871750831604004,45,R3,3.5014511942863464,3.623795837163925
0.0,nan,nan,0.04662957787513733,00000_001980_00,6.0,0.6502531170845032,0.5592533946037292,0.8507668375968933,coef_energy_material_checkpoint_lambdas,0.0,4.466734409332275,2.3906912803649902,48,R3,3.3945696353912354,3.483746200799942
0.0,nan,nan,0.20443446934223175,00000_001980_00,4.0,0.4909595847129822,0.30782127380371094,0.9978480339050293,coef_energy_material_checkpoint_lambdas,0.0,4.455986499786377,2.3713138103485107,51,R3,3.5733851194381714,3.527499258518219
0.0,nan,nan,-0.08642125874757767,00000_001980_00,4.0,0.2454824447631836,0.10136093199253082,0.9998412728309631,coef_energy_material_checkpoint_lambdas,1.0,4.452910423278809,2.3780922889709473,54,R3,3.623795837163925,3.73520764708519
0.0,nan,nan,1.062626600265503,00000_001980_00,4.0,3.0719916820526123,2.882352828979492,0.909103274345398,coef_energy_material_checkpoint_lambdas,0.0,4.4559245109558105,2.392688274383545,57,R3,3.294497489929199,2.5574851632118225
0.0,nan,nan,6.512178897857666,00000_001980_00,2.0,7.269061088562012,7.2690229415893555,0.9987308979034424,coef_energy_material_checkpoint_lambdas,0.0,4.430617332458496,2.3961427211761475,69,R3,3.782185047864914,0.5482524633407593
0.0,nan,nan,7.418240547180176,00000_001980_00,1.0,8.097989082336426,7.418240547180176,0.9965841770172119,coef_energy_material_checkpoint_lambdas,0.0,4.405192852020264,2.422045946121216,75,R3,4.3527708649635315,0.5570603013038635
0.0,nan,nan,7.159916877746582,00000_001980_00,1.0,7.551399230957031,7.159916877746582,0.990487813949585,coef_energy_material_checkpoint_lambdas,0.0,4.413182735443115,2.4386093616485596,78,R3,4.402530670166016,0.5610885620117188
0.0,nan,nan,2.0340683460235596,00000_001980_00,5.0,2.034092664718628,2.0340683460235596,0.9965172410011292,coef_energy_material_checkpoint_lambdas,0.0,4.394400596618652,2.4654130935668945,81,R3,4.400225460529327,0.5560585856437683
0.0,nan,nan,3.644519805908203,00000_001980_00,4.0,4.087785243988037,3.644519805908203,0.9999980926513672,coef_energy_material_checkpoint_lambdas,0.0,4.5380024909973145,2.327180862426758,87,R3,4.162799149751663,0.5665377378463745
0.0,nan,nan,4.844108581542969,00000_001980_01,1.0,7.498239517211914,5.723478317260742,0.839614748954773,coef_energy_material_checkpoint_lambdas,0.0,4.477417469024658,2.3728630542755127,24,R3,3.3892077803611755,3.3892077803611755
0.0,nan,nan,-0.43461042642593384,00000_001980_01,1.0,0.6819722652435303,0.5255472660064697,0.9266085624694824,coef_energy_material_checkpoint_lambdas,0.0,4.47298526763916,2.382521867752075,27,R3,3.630526125431061,3.630526125431061
0.0,nan,nan,0.6221181750297546,00000_001980_01,3.0,0.6232234835624695,0.2450350672006607,0.9999977946281433,coef_energy_material_checkpoint_lambdas,0.0,4.474489212036133,2.3861467838287354,30,R3,3.546855479478836,3.6156585812568665
0.0,nan,nan,0.5980048775672913,00000_001980_01,5.0,0.6354576945304871,0.21493403613567352,0.9659916162490845,coef_energy_material_checkpoint_lambdas,1.0,4.467818260192871,2.3868916034698486,33,R3,3.3892077803611755,3.5679194927215576
0.0,nan,nan,0.17001505196094513,00000_001980_01,5.0,0.5838700532913208,0.5585687756538391,0.9996933341026306,coef_energy_material_checkpoint_lambdas,0.0,4.4608941078186035,2.369389772415161,36,R3,3.4623254239559174,3.4623254239559174
0.0,nan,nan,0.1524534672498703,00000_001980_01,5.0,0.2540474236011505,0.1445806324481964,0.9999719858169556,coef_energy_material_checkpoint_lambdas,0.0,4.421198844909668,2.3879168033599854,39,R3,3.6083917021751404,3.687576651573181
0.0,nan,nan,0.5047433972358704,00000_001980_01,3.0,0.6633244752883911,0.4303874969482422,0.9968316555023193,coef_energy_material_checkpoint_lambdas,0.0,4.422802925109863,2.3833301067352295,42,R3,3.2350361347198486,3.6872922480106354
0.0,nan,nan,0.15198291838169098,00000_001980_01,2.0,0.21209323406219482,0.1479348987340927,0.938636302947998,coef_energy_material_checkpoint_lambdas,0.0,4.445394039154053,2.383578300476074,45,R3,3.5930146276950836,1.6364572644233704
0.0,nan,nan,7.266659736633301,00000_001980_01,1.0,8.538899421691895,8.504913330078125,0.9929739236831665,coef_energy_material_checkpoint_lambdas,0.0,4.434199810028076,2.4037117958068848,51,R3,4.404657185077667,0.6026517152786255
0.0,nan,nan,6.977909088134766,00000_001980_01,6.0,7.1967902183532715,6.179634094238281,0.9751204252243042,coef_energy_material_checkpoint_lambdas,0.0,4.425039768218994,2.4112210273742676,54,R3,4.400299906730652,4.403407096862793
0.0,nan,nan,0.06389471143484116,00000_001980_01,7.0,0.0724610686302185,0.06389471143484116,0.9921268820762634,coef_energy_material_checkpoint_lambdas,0.0,4.444841384887695,2.3934359550476074,57,R3,4.400000095367432,4.400029122829437
0.0,nan,nan,0.00045732175931334496,00000_001980_01,9.0,0.0007450485718436539,0.0004133774491492659,-0.7034579515457153,coef_energy_material_checkpoint_lambdas,0.0,4.557950019836426,2.3283894062042236,60,R3,4.399996876716614,4.400000095367432
0.0,nan,nan,8.607986450195312,00000_001980_02,1.0,8.608132362365723,8.607986450195312,0.9990053772926331,coef_energy_material_checkpoint_lambdas,0.0,4.465035438537598,2.2996983528137207,0,R3,3.61988827586174,0.5075363516807556
0.0,nan,nan,8.597023963928223,00000_001980_02,1.0,8.599599838256836,8.597023963928223,0.9823833107948303,coef_energy_material_checkpoint_lambdas,0.0,4.468354225158691,2.3030543327331543,3,R3,3.5502156913280487,0.5331715941429138
0.0,nan,nan,8.469244003295898,00000_001980_02,1.0,8.469245910644531,8.469244003295898,0.9999852180480957,coef_energy_material_checkpoint_lambdas,0.0,4.469639778137207,2.3025825023651123,6,R3,3.8260019719600677,0.4797787666320801
0.0,nan,nan,7.446715354919434,00000_001980_02,1.0,7.6389923095703125,7.603149890899658,0.9634475708007812,coef_energy_material_checkpoint_lambdas,0.0,4.4687628746032715,2.3071069717407227,15,R3,3.2344709932804108,0.28240299224853516
0.0,nan,nan,2.1425859928131104,00000_001980_02,1.0,3.1859896183013916,2.3579344749450684,0.9993621706962585,coef_energy_material_checkpoint_lambdas,0.0,4.470479488372803,2.376613140106201,39,R3,3.4406026005744934,3.4406026005744934
0.0,nan,nan,-0.2849505543708801,00000_001980_02,2.0,0.3049827218055725,0.10870896279811859,0.9822874665260315,coef_energy_material_checkpoint_lambdas,0.0,4.476103782653809,2.3815720081329346,42,R3,3.647669732570648,3.647669732570648
0.0,nan,nan,0.35562771558761597,00000_001980_02,3.0,0.3556610345840454,0.15469010174274445,0.9999953508377075,coef_energy_material_checkpoint_lambdas,1.0,4.465259075164795,2.386566638946533,45,R3,3.5014511942863464,3.623795837163925
0.0,nan,nan,0.046529918909072876,00000_001980_02,6.0,0.6503110527992249,0.5593562722206116,0.8506826758384705,coef_energy_material_checkpoint_lambdas,0.0,4.468289375305176,2.3902246952056885,48,R3,3.3945696353912354,3.483746200799942
0.0,nan,nan,0.20433814823627472,00000_001980_02,4.0,0.49072694778442383,0.30767494440078735,0.9978480935096741,coef_energy_material_checkpoint_lambdas,0.0,4.453789234161377,2.370197296142578,51,R3,3.5733851194381714,3.527499258518219
0.0,nan,nan,-0.08635604381561279,00000_001980_02,4.0,0.24530158936977386,0.10128775984048843,0.9998412132263184,coef_energy_material_checkpoint_lambdas,1.0,4.451310157775879,2.3763375282287598,54,R3,3.623795837163925,3.73520764708519
0.0,nan,nan,1.0622605085372925,00000_001980_02,4.0,3.0710108280181885,1.28635573387146,0.9090994000434875,coef_energy_material_checkpoint_lambdas,0.0,4.454592227935791,2.391357898712158,57,R3,3.294497489929199,0.5474032163619995
0.0,nan,nan,6.51727294921875,00000_001980_02,2.0,7.2747416496276855,5.160721778869629,0.9987308979034424,coef_energy_material_checkpoint_lambdas,0.0,4.433938980102539,2.399190902709961,69,R3,3.782185047864914,0.5664836764335632
0.0,nan,nan,4.84411096572876,00000_001980_03,1.0,7.498334884643555,5.723601818084717,0.8396091461181641,coef_energy_material_checkpoint_lambdas,0.0,4.477546691894531,2.3719828128814697,24,R3,3.3892077803611755,3.3892077803611755
0.0,nan,nan,-0.43459874391555786,00000_001980_03,1.0,0.6818642020225525,0.5254167318344116,0.9266494512557983,coef_energy_material_checkpoint_lambdas,0.0,4.471077919006348,2.3822684288024902,27,R3,3.630526125431061,3.630526125431061
0.0,nan,nan,0.6214214563369751,00000_001980_03,3.0,0.6225256323814392,0.24475987255573273,0.9999977350234985,coef_energy_material_checkpoint_lambdas,0.0,4.4724321365356445,2.3834874629974365,30,R3,3.546855479478836,3.6156585812568665
0.0,nan,nan,0.5982198715209961,00000_001980_03,5.0,0.6356762051582336,0.21498194336891174,0.966002881526947,coef_energy_material_checkpoint_lambdas,1.0,4.468628883361816,2.387779712677002,33,R3,3.3892077803611755,3.5679194927215576
0.0,nan,nan,0.17096863687038422,00000_001980_03,5.0,0.5873546600341797,0.5619210004806519,0.9996961355209351,coef_energy_material_checkpoint_lambdas,0.0,4.4678168296813965,2.391883134841919,36,R3,3.4623254239559174,3.4623254239559174
0.0,nan,nan,0.1515703946352005,00000_001980_03,5.0,0.2526082992553711,0.045194610953330994,0.9999712109565735,coef_energy_material_checkpoint_lambdas,0.0,4.452577590942383,2.3744373321533203,39,R3,3.6083917021751404,2.6967064142227173
0.0,nan,nan,0.6853711605072021,00000_001980_03,6.0,1.0457288026809692,0.9660221338272095,0.9666946530342102,coef_energy_material_checkpoint_lambdas,0.0,4.449512004852295,2.378551483154297,42,R3,3.3218575716018677,1.5358027815818787
0.0,nan,nan,4.787482261657715,00000_001980_03,1.0,6.800321102142334,6.800256252288818,0.9991999268531799,coef_energy_material_checkpoint_lambdas,0.0,4.442556381225586,2.4013469219207764,54,R3,3.9461890161037445,0.5529707074165344
0.0,nan,nan,1.4694292545318604,00000_001980_03,1.0,1.5048682689666748,1.4694292545318604,-0.7208304405212402,coef_energy_material_checkpoint_lambdas,0.0,4.407844543457031,2.4045708179473877,57,R3,4.009861528873444,0.5281673073768616
0.0,nan,nan,2.596583366394043,00000_001980_03,1.0,3.6537561416625977,3.653709650039673,0.9002670645713806,coef_energy_material_checkpoint_lambdas,0.0,4.414727687835693,2.41536021232605,60,R3,4.314602762460709,0.5099795460700989
0.0,nan,nan,7.401238441467285,00000_001980_03,4.0,7.99409818649292,7.3697333335876465,0.9601967334747314,coef_energy_material_checkpoint_lambdas,0.0,4.407724857330322,2.4403233528137207,63,R3,4.396371483802795,0.5974504947662354
0.0,nan,nan,7.220582008361816,00000_001980_03,6.0,7.270228385925293,5.705480098724365,0.9685946702957153,coef_energy_material_checkpoint_lambdas,0.0,4.403491973876953,2.477787971496582,66,R3,4.400471270084381,1.1088407635688782
0.0,nan,nan,5.55106782913208,00000_001980_03,4.0,6.3373565673828125,3.057406187057495,0.9969346523284912,coef_energy_material_checkpoint_lambdas,0.0,4.397148609161377,2.429497480392456,69,R3,4.4010191559791565,0.5823463201522827
0.0,nan,nan,6.74711275100708,00000_001980_03,4.0,6.747313499450684,4.807708740234375,0.948573112487793,coef_energy_material_checkpoint_lambdas,1.0,4.52978515625,2.333472728729248,72,R3,4.166904449462891,4.408600091934204
0.0,nan,nan,-0.540539026260376,00000_001980_04,1.0,0.6475462913513184,0.356558233499527,0.8144633173942566,coef_energy_material_checkpoint_lambdas,0.0,4.4958109855651855,2.349472999572754,0,R3,4.351712167263031,1.6168758571147919
0.0,nan,nan,0.37443262338638306,00000_001980_04,1.0,4.206695556640625,4.189998626708984,0.9049376845359802,coef_energy_material_checkpoint_lambdas,0.0,4.472959518432617,2.322389841079712,3,R3,3.7083373367786407,0.7791774570941925
0.0,nan,nan,4.09400749206543,00000_001980_04,1.0,5.791471004486084,4.09636926651001,0.9999963045120239,coef_energy_material_checkpoint_lambdas,0.0,4.4676713943481445,2.3146402835845947,6,R3,2.81958270072937,0.32331040501594543
0.0,nan,nan,4.846835136413574,00000_001980_04,1.0,7.502593994140625,5.7268757820129395,0.8396065831184387,coef_energy_material_checkpoint_lambdas,0.0,4.480123043060303,2.3729090690612793,27,R3,3.3892077803611755,3.3892077803611755
0.0,nan,nan,-0.4345107078552246,00000_001980_04,1.0,0.6817471385002136,0.5253376364707947,0.9266398549079895,coef_energy_material_checkpoint_lambdas,0.0,4.470592021942139,2.3818302154541016,30,R3,3.630526125431061,3.630526125431061
0.0,nan,nan,0.6215958595275879,00000_001980_04,3.0,0.6227002739906311,0.24482911825180054,0.9999977350234985,coef_energy_material_checkpoint_lambdas,0.0,4.471588134765625,2.3841471672058105,33,R3,3.546855479478836,3.6156585812568665
0.0,nan,nan,0.5979493856430054,00000_001980_04,5.0,0.6353607177734375,0.21480172872543335,0.9660347104072571,coef_energy_material_checkpoint_lambdas,1.0,4.464359283447266,2.3867859840393066,36,R3,3.3892077803611755,3.5679194927215576
0.0,nan,nan,0.17004498839378357,00000_001980_04,5.0,0.583954930305481,0.558648407459259,0.9996930360794067,coef_energy_material_checkpoint_lambdas,0.0,4.463223457336426,2.3690218925476074,39,R3,3.4623254239559174,3.4623254239559174
0.0,nan,nan,0.15248510241508484,00000_001980_04,5.0,0.2540959119796753,0.1446056216955185,0.9999719858169556,coef_energy_material_checkpoint_lambdas,0.0,4.414700031280518,2.388366460800171,42,R3,3.6083917021751404,3.687576651573181
0.0,nan,nan,0.505124568939209,00000_001980_04,3.0,0.6638527512550354,0.43075472116470337,0.9968279600143433,coef_energy_material_checkpoint_lambdas,0.0,4.429011821746826,2.3847949504852295,45,R3,3.2350361347198486,3.6872922480106354
0.0,nan,nan,0.152047261595726,00000_001980_04,2.0,0.21244022250175476,0.1483660191297531,0.9390642642974854,coef_energy_material_checkpoint_lambdas,0.0,4.4376020431518555,2.3854048252105713,48,R3,3.5930146276950836,1.6364572644233704
0.0,nan,nan,1.58721923828125,00000_001980_04,2.0,2.49257755279541,1.9218943119049072,0.9882292151451111,coef_energy_material_checkpoint_lambdas,0.0,4.51512336730957,2.348013162612915,54,R3,4.401339590549469,4.401339590549469
0.0,nan,nan,8.604572296142578,00000_001980_05,1.0,8.604718208312988,8.604572296142578,0.9990053176879883,coef_energy_material_checkpoint_lambdas,0.0,4.46331787109375,2.2985754013061523,0,R3,3.61988827586174,0.5075363516807556
0.0,nan,nan,8.595678329467773,00000_001980_05,1.0,8.598249435424805,8.595677375793457,0.9823805689811707,coef_energy_material_checkpoint_lambdas,0.0,4.4680070877075195,2.3012752532958984,3,R3,3.5502156913280487,0.5331715941429138
0.0,nan,nan,8.470235824584961,00000_001980_05,1.0,8.470236778259277,8.470235824584961,0.9999852180480957,coef_energy_material_checkpoint_lambdas,0.0,4.4695048332214355,2.3059096336364746,6,R3,3.8260019719600677,0.4797787666320801
0.0,nan,nan,4.194021701812744,00000_001980_05,1.0,4.861414432525635,2.458359956741333,0.891258716583252,coef_energy_material_checkpoint_lambdas,0.0,4.458294868469238,2.3155517578125,9,R3,2.6346342265605927,2.6346342265605927
0.0,nan,nan,1.7166740894317627,00000_001980_05,2.0,2.3714287281036377,2.3707435131073,0.8260960578918457,coef_energy_material_checkpoint_lambdas,0.0,4.464528560638428,2.304316520690918,12,R3,2.0371099412441254,0.6046687662601471
0.0,nan,nan,7.452178001403809,00000_001980_05,1.0,7.644530773162842,7.6086344718933105,0.963437557220459,coef_energy_material_checkpoint_lambdas,0.0,4.4726057052612305,2.305969715118408,15,R3,3.2344709932804108,0.28240299224853516
0.0,nan,nan,2.1422386169433594,00000_001980_05,1.0,3.1854960918426514,2.3575830459594727,0.9993622899055481,coef_energy_material_checkpoint_lambdas,0.0,4.468971252441406,2.3797690868377686,39,R3,3.4406026005744934,3.4406026005744934
0.0,nan,nan,-0.28485438227653503,00000_001980_05,2.0,0.3048904240131378,0.1087021678686142,0.9822703003883362,coef_energy_material_checkpoint_lambdas,0.0,4.476898193359375,2.380894899368286,42,R3,3.647669732570648,3.647669732570648
0.0,nan,nan,0.35550713539123535,00000_001980_05,3.0,0.35554039478302,0.1546378880739212,0.9999954104423523,coef_energy_material_checkpoint_lambdas,1.0,4.464975357055664,2.3857662677764893,45,R3,3.5014511942863464,3.623795837163925
0.0,nan,nan,0.04470255970954895,00000_001980_05,6.0,0.6468519568443298,0.5571871399879456,0.8493930101394653,coef_energy_material_checkpoint_lambdas,0.0,4.462118625640869,2.3671624660491943,48,R3,3.3945696353912354,3.483746200799942
0.0,nan,nan,0.20548556745052338,00000_001980_05,4.0,0.492715984582901,0.4898216724395752,0.9978945851325989,coef_energy_material_checkpoint_lambdas,0.0,4.423343658447266,2.383760929107666,51,R3,3.5733851194381714,3.5975596606731415
0.0,nan,nan,0.0920468270778656,00000_001980_05,5.0,0.5839273929595947,0.5761440992355347,-0.4175456166267395,coef_energy_material_checkpoint_lambdas,1.0,4.423376560211182,2.3803811073303223,54,R3,3.3376073837280273,4.052438050508499
0.0,nan,nan,0.16419097781181335,00000_001980_05,2.0,0.2088547796010971,0.17437776923179626,0.9972022771835327,coef_energy_material_checkpoint_lambdas,0.0,4.421748638153076,2.386190414428711,57,R3,3.4696593582630157,4.401448667049408
0.0,nan,nan,0.31882548332214355,00000_001980_05,2.0,0.4667239785194397,0.3408541977405548,0.9332970976829529,coef_energy_material_checkpoint_lambdas,0.0,4.4456987380981445,2.3895115852355957,60,R3,3.98282590508461,2.2148029804229736
0.0,nan,nan,4.9520182609558105,00000_001980_05,1.0,6.764486312866211,6.760117053985596,0.9972796440124512,coef_energy_material_checkpoint_lambdas,0.0,4.438076496124268,2.414706230163574,63,R3,4.375772595405579,0.555953323841095
0.0,nan,nan,0.8412035703659058,00000_001980_05,5.0,1.1501517295837402,1.1494492292404175,0.9964655637741089,coef_energy_material_checkpoint_lambdas,0.0,4.440281391143799,2.423006057739258,66,R3,4.400077223777771,4.40157824754715
0.0,nan,nan,0.6488369107246399,00000_001980_05,6.0,0.6784051656723022,0.598875880241394,0.9994827508926392,coef_energy_material_checkpoint_lambdas,0.0,4.42106819152832,2.413911819458008,69,R3,4.40000057220459,4.400022089481354
0.0,nan,nan,0.012253712862730026,00000_001980_05,8.0,0.015430360101163387,0.01386775728315115,0.9771237969398499,coef_energy_material_checkpoint_lambdas,0.0,4.484346389770508,2.372650146484375,72,R3,4.400000035762787,4.4000436663627625
0.0,nan,nan,8.613385200500488,00000_001980_06,1.0,8.613531112670898,8.613385200500488,0.9990054965019226,coef_energy_material_checkpoint_lambdas,0.0,4.467731475830078,2.30155348777771,0,R3,3.61988827586174,0.5075363516807556
0.0,nan,nan,8.588788986206055,00000_001980_06,1.0,8.591363906860352,8.588788986206055,0.9823859930038452,coef_energy_material_checkpoint_lambdas,0.0,4.463754177093506,2.3021368980407715,3,R3,3.5502156913280487,0.5331715941429138
0.0,nan,nan,8.473108291625977,00000_001980_06,1.0,8.47311019897461,8.473108291625977,0.9999851584434509,coef_energy_material_checkpoint_lambdas,0.0,4.47181510925293,2.3030011653900146,6,R3,3.8260019719600677,0.4797787666320801
0.0,nan,nan,1.8229142427444458,00000_001980_06,1.0,1.832464575767517,0.18684279918670654,0.9159943461418152,coef_energy_material_checkpoint_lambdas,0.0,4.474756717681885,2.322296380996704,15,R3,3.3795799016952515,0.2631133198738098
0.0,nan,nan,2.1428627967834473,00000_001980_06,1.0,3.186394214630127,2.358229875564575,0.999362051486969,coef_energy_material_checkpoint_lambdas,0.0,4.471290588378906,2.3758671283721924,39,R3,3.4406026005744934,3.4406026005744934
0.0,nan,nan,-0.28468483686447144,00000_001980_06,2.0,0.30471712350845337,0.10866034030914307,0.982257068157196,coef_energy_material_checkpoint_lambdas,0.0,4.475997447967529,2.3795745372772217,42,R3,3.647669732570648,3.647669732570648
0.0,nan,nan,0.3554607331752777,00000_001980_06,3.0,0.35549396276474,0.15461817383766174,0.9999954700469971,coef_energy_material_checkpoint_lambdas,1.0,4.466554164886475,2.3854711055755615,45,R3,3.5014511942863464,3.623795837163925
0.0,nan,nan,0.04447422921657562,00000_001980_06,6.0,0.6467560529708862,0.5572174191474915,0.8492116928100586,coef_energy_material_checkpoint_lambdas,0.0,4.463924407958984,2.365358591079712,48,R3,3.3945696353912354,3.483746200799942
0.0,nan,nan,0.20556695759296417,00000_001980_06,4.0,0.4928264021873474,0.4899272322654724,0.9978997111320496,coef_energy_material_checkpoint_lambdas,0.0,4.418966293334961,2.384733200073242,51,R3,3.5733851194381714,3.5975596606731415
0.0,nan,nan,0.09246765077114105,00000_001980_06,5.0,0.5850939750671387,0.5773340463638306,-0.4179181456565857,coef_energy_material_checkpoint_lambdas,1.0,4.431377410888672,2.3792054653167725,54,R3,3.3376073837280273,4.052438050508499
0.0,nan,nan,0.1640072613954544,00000_001980_06,2.0,0.20864133536815643,0.1742137223482132,0.9971929788589478,coef_energy_material_checkpoint_lambdas,0.0,4.424501419067383,2.38338565826416,57,R3,3.4696593582630157,4.401448667049408
0.0,nan,nan,0.3173791170120239,00000_001980_06,2.0,0.46471118927001953,0.33945098519325256,0.9333726167678833,coef_energy_material_checkpoint_lambdas,0.0,4.424106121063232,2.394192695617676,60,R3,3.98282590508461,2.2148029804229736
0.0,nan,nan,4.918301582336426,00000_001980_06,1.0,6.718456268310547,4.576894760131836,0.9972798228263855,coef_energy_material_checkpoint_lambdas,0.0,4.40761661529541,2.403798818588257,63,R3,4.375772595405579,0.5764557719230652
0.0,nan,nan,2.6923670768737793,00000_001980_06,7.0,2.831542491912842,0.8768080472946167,0.9978193640708923,coef_energy_material_checkpoint_lambdas,0.0,4.407256126403809,2.411153554916382,66,R3,4.400006651878357,4.400006651878357
0.0,nan,nan,1.991312274185475e-06,00000_001980_06,12.0,1.6117819541250356e-05,1.991311819438124e-06,0.0,coef_energy_material_checkpoint_lambdas,0.0,4.402750492095947,2.420426368713379,69,R3,4.399996876716614,4.400000095367432
0.0,nan,nan,2.0039131465310334e-10,00000_001980_06,16.0,3.378417268162792e-10,2.0039131465310334e-10,0.0,coef_energy_material_checkpoint_lambdas,0.0,4.474777698516846,2.378399133682251,72,R3,4.400000095367432,4.400000095367432
0.0,nan,nan,0.02290109172463417,00000_001980_07,5.0,0.028557993471622467,0.005018699914216995,0.87347811460495,coef_energy_material_checkpoint_lambdas,1.0,4.502542495727539,2.3599185943603516,0,R3,3.8701868653297424,4.224582135677338
0.0,nan,nan,0.019380534067749977,00000_001980_07,4.0,0.11433262377977371,0.11267805099487305,0.9979124069213867,coef_energy_material_checkpoint_lambdas,0.0,4.49894380569458,2.3508801460266113,3,R3,3.4122244119644165,3.4122244119644165
0.0,nan,nan,-0.27940595149993896,00000_001980_07,1.0,0.2974265515804291,0.10195522010326385,0.9641348719596863,coef_energy_material_checkpoint_lambdas,0.0,4.491562843322754,2.3374674320220947,6,R3,4.399466693401337,2.548964649438858
0.0,nan,nan,0.6190785765647888,00000_001980_07,1.0,2.6368775367736816,2.5631747245788574,-0.1957237869501114,coef_energy_material_checkpoint_lambdas,0.0,4.477766513824463,2.3129608631134033,9,R3,4.224582135677338,1.2980063259601593
0.0,nan,nan,6.136638164520264,00000_001980_07,1.0,6.799635887145996,5.363810062408447,0.9999905228614807,coef_energy_material_checkpoint_lambdas,0.0,4.479918956756592,2.348170042037964,18,R3,2.024539142847061,0.2856876254081726
0.0,nan,nan,2.1417553424835205,00000_001980_07,1.0,3.1847734451293945,2.357045888900757,0.9993622899055481,coef_energy_material_checkpoint_lambdas,0.0,4.468099594116211,2.378614902496338,36,R3,3.4406026005744934,3.4406026005744934
0.0,nan,nan,-0.28502362966537476,00000_001980_07,2.0,0.30505767464637756,0.10872768610715866,0.982292652130127,coef_energy_material_checkpoint_lambdas,0.0,4.476545810699463,2.382143974304199,39,R3,3.647669732570648,3.647669732570648
0.0,nan,nan,0.3555348515510559,00000_001980_07,3.0,0.35556814074516296,0.15465010702610016,0.9999953508377075,coef_energy_material_checkpoint_lambdas,1.0,4.466007232666016,2.3859574794769287,42,R3,3.5014511942863464,3.623795837163925
0.0,nan,nan,0.046594709157943726,00000_001980_07,6.0,0.6502741575241089,0.5592900514602661,0.8507373332977295,coef_energy_material_checkpoint_lambdas,0.0,4.467284679412842,2.3905303478240967,45,R3,3.3945696353912354,3.483746200799942
0.0,nan,nan,0.20545470714569092,00000_001980_07,4.0,0.49319177865982056,0.3091430366039276,0.997861385345459,coef_energy_material_checkpoint_lambdas,0.0,4.462455749511719,2.3832204341888428,48,R3,3.5733851194381714,3.527499258518219
0.0,nan,nan,-0.0864054411649704,00000_001980_07,4.0,0.24544203281402588,0.2297300398349762,0.9998411536216736,coef_energy_material_checkpoint_lambdas,0.0,4.453906059265137,2.3776979446411133,51,R3,3.623795837163925,2.3272504806518555
0.0,nan,nan,2.900000810623169,00000_001980_07,3.0,2.9782779216766357,1.5605828762054443,0.9926925897598267,coef_energy_material_checkpoint_lambdas,0.0,4.455009460449219,2.382779598236084,54,R3,3.1764333844184875,0.5548503398895264
0.0,nan,nan,3.7668941020965576,00000_001980_07,1.0,6.633686065673828,6.524703502655029,0.9830705523490906,coef_energy_material_checkpoint_lambdas,0.0,4.439822673797607,2.4430201053619385,60,R3,3.9099429845809937,0.5201873183250427
0.0,nan,nan,6.132700443267822,00000_001980_07,2.0,6.969171524047852,6.965749740600586,-0.026360034942626953,coef_energy_material_checkpoint_lambdas,0.0,4.527590751647949,2.3105876445770264,66,R3,4.06633934378624,0.38762545585632324
0.0,nan,nan,3.827413558959961,00000_001981_00,1.0,3.88774037361145,2.223984479904175,0.9902276396751404,coef_energy_material_checkpoint_lambdas,0.0,4.5056023597717285,2.3655753135681152,18,R3,4.40884667634964,0.557214081287384
0.0,nan,nan,1.7407610416412354,00000_001981_00,1.0,5.533876419067383,3.906177043914795,0.9989227056503296,coef_energy_material_checkpoint_lambdas,0.0,4.550531387329102,2.3237786293029785,39,R3,4.402682781219482,0.5827420353889465
0.0,nan,nan,5.000392913818359,00000_001981_00,3.0,6.24806547164917,5.000392913818359,0.9969437718391418,coef_energy_material_checkpoint_lambdas,0.0,4.479254722595215,2.3523409366607666,48,R3,4.401017606258392,0.5563760995864868
0.0,nan,nan,7.833950042724609,00000_001981_00,1.0,7.833986759185791,7.833950042724609,0.9964088797569275,coef_energy_material_checkpoint_lambdas,0.0,4.43311071395874,2.3893978595733643,51,R3,4.402868926525116,0.5668922662734985
0.0,nan,nan,0.0694781169295311,00000_001981_00,10.0,0.07080730050802231,0.013655212707817554,0.999644935131073,coef_energy_material_checkpoint_lambdas,0.0,4.393364906311035,2.4250643253326416,57,R3,4.400000095367432,4.400000095367432
0.0,nan,nan,0.0,00000_001981_00,11.0,1.6764828103532636e-07,1.1854523762622193e-07,0.0,coef_energy_material_checkpoint_lambdas,0.0,4.416234970092773,2.404370069503784,60,R3,4.400000095367432,4.400000095367432
0.0,nan,nan,5.023292359851439e-08,00000_001981_00,12.0,5.905130251449009e-08,5.7471233105843567e-08,0.0,coef_energy_material_checkpoint_lambdas,0.0,4.460694789886475,2.3831684589385986,63,R3,4.400000095367432,4.400003373622894
0.0,nan,nan,8.088811591733247e-05,00000_001981_00,11.0,9.111325198318809e-05,4.193731365376152e-05,0.0,coef_energy_material_checkpoint_lambdas,0.0,4.469867706298828,2.38043475151062,66,R3,4.400000095367432,4.403862953186035
0.0,nan,nan,0.058788884431123734,00000_001981_00,9.0,0.06152874976396561,0.02873152866959572,0.9755541086196899,coef_energy_material_checkpoint_lambdas,0.0,4.472599983215332,2.3794023990631104,69,R3,4.400000095367432,4.404096245765686
0.0,nan,nan,1.1761361360549927,00000_001981_00,5.0,1.1920901536941528,0.6998404860496521,0.9968036413192749,coef_energy_material_checkpoint_lambdas,0.0,4.464998722076416,2.3827526569366455,72,R3,4.400704801082611,4.403871953487396
0.0,nan,nan,0.2922965884208679,00000_001981_00,5.0,0.4544493854045868,0.1805197298526764,0.9557948112487793,coef_energy_material_checkpoint_lambdas,0.0,4.4654951095581055,2.3790411949157715,75,R3,4.400161266326904,4.403426170349121
0.0,nan,nan,1.700105905532837,00000_001981_00,4.0,2.860107660293579,2.5491981506347656,0.9979520440101624,coef_energy_material_checkpoint_lambdas,0.0,4.452875137329102,2.3837876319885254,78,R3,4.400015115737915,3.3086966276168823
0.0,nan,nan,0.26657208800315857,00000_001981_00,3.0,0.30583104491233826,0.26657208800315857,0.9932434558868408,coef_energy_material_checkpoint_lambdas,0.0,4.440271854400635,2.3776473999023438,81,R3,4.400059998035431,1.657307505607605
0.0,nan,nan,1.508242130279541,00000_001981_00,2.0,7.286783695220947,5.7018513679504395,0.9856201410293579,coef_energy_material_checkpoint_lambdas,0.0,4.448608875274658,2.3678998947143555,84,R3,4.403148174285889,0.5596927404403687
0.0,nan,nan,6.4236273765563965,00000_001981_00,1.0,7.181791305541992,8.521408744854853e-05,0.9999997615814209,coef_energy_material_checkpoint_lambdas,0.0,4.556517124176025,2.3171072006225586,87,R3,4.268456518650055,3.7643412351608276
0.0,nan,nan,3.827413558959961,00000_001981_01,1.0,3.88774037361145,2.223984479904175,0.9902276396751404,coef_energy_material_checkpoint_lambdas,0.0,4.5056023597717285,2.3655753135681152,18,R3,4.40884667634964,0.557214081287384
0.0,nan,nan,1.7407610416412354,00000_001981_01,1.0,5.533876419067383,3.906177043914795,0.9989227056503296,coef_energy_material_checkpoint_lambdas,0.0,4.550531387329102,2.3237786293029785,39,R3,4.402682781219482,0.5827420353889465
0.0,nan,nan,5.000392913818359,00000_001981_01,3.0,6.24806547164917,5.000392913818359,0.9969437718391418,coef_energy_material_checkpoint_lambdas,0.0,4.479254722595215,2.3523409366607666,48,R3,4.401017606258392,0.5563760995864868
0.0,nan,nan,7.913896560668945,00000_001981_01,1.0,7.913931846618652,7.913896560668945,0.9964025020599365,coef_energy_material_checkpoint_lambdas,0.0,4.482312202453613,2.3545589447021484,51,R3,4.402868926525116,0.5668922662734985
0.0,nan,nan,0.28374361991882324,00000_001981_01,5.0,0.28399938344955444,0.19211618602275848,0.9980270862579346,coef_energy_material_checkpoint_lambdas,0.0,4.478402614593506,2.3592779636383057,57,R3,4.400000095367432,3.860531270503998
0.0,nan,nan,0.006071637384593487,00000_001981_01,6.0,0.006548250559717417,0.006071637384593487,0.9383783340454102,coef_energy_material_checkpoint_lambdas,0.0,4.470689296722412,2.358612060546875,60,R3,4.400000095367432,2.210512638092041
0.0,nan,nan,2.965550422668457,00000_001981_01,5.0,4.193892002105713,2.9665648980881087e-05,0.9999996423721313,coef_energy_material_checkpoint_lambdas,0.0,4.436389923095703,2.375689744949341,63,R3,4.400029182434082,0.5596929788589478
0.0,nan,nan,6.29679536819458,00000_001981_01,4.0,7.039905071258545,7.039905071258545,0.9999988675117493,coef_energy_material_checkpoint_lambdas,0.0,4.46236515045166,2.3651952743530273,66,R3,4.400810241699219,0.555932343006134
0.0,nan,nan,7.316083908081055,00000_001981_01,3.0,8.359896659851074,7.316083908081055,0.9984545111656189,coef_energy_material_checkpoint_lambdas,0.0,4.471915245056152,2.361189365386963,69,R3,4.401208817958832,0.582942545413971
0.0,nan,nan,1.6647281646728516,00000_001981_01,2.0,2.485407829284668,1.8455168008804321,0.9995772838592529,coef_energy_material_checkpoint_lambdas,0.0,4.445072650909424,2.386493444442749,81,R3,4.395217597484589,4.395217597484589
0.0,nan,nan,-0.7674967050552368,00000_001981_01,3.0,1.4338127374649048,1.211101770401001,0.9862125515937805,coef_energy_material_checkpoint_lambdas,0.0,4.447592735290527,2.380107879638672,84,R3,4.287862300872803,4.287862300872803
0.0,nan,nan,0.35013148188591003,00000_001981_01,2.0,0.4635899066925049,0.30384790897369385,0.9974279999732971,coef_energy_material_checkpoint_lambdas,0.0,4.432658672332764,2.3892908096313477,87,R3,4.263883888721466,4.263883888721466
0.0,nan,nan,0.21869215369224548,00000_001981_01,3.0,0.2419196218252182,0.21869215369224548,0.44461530447006226,coef_energy_material_checkpoint_lambdas,0.0,4.436092853546143,2.388751268386841,90,R3,4.333199203014374,3.192339301109314
0.0,nan,nan,0.0527237243950367,00000_001981_01,3.0,0.10574878007173538,0.09166795015335083,-0.33658933639526367,coef_energy_material_checkpoint_lambdas,0.0,4.399471282958984,2.4001431465148926,93,R3,4.287862300872803,1.6303108930587769
0.0,nan,nan,7.257431983947754,00000_001981_01,3.0,7.282792568206787,4.702386856079102,0.6839526891708374,coef_energy_material_checkpoint_lambdas,0.0,4.4203386306762695,2.394993782043457,96,R3,4.221998035907745,0.5428453683853149
0.0,nan,nan,4.515533924102783,00000_001981_01,1.0,5.971397399902344,4.515533924102783,0.1026788204908371,coef_energy_material_checkpoint_lambdas,0.0,4.370401859283447,2.4417498111724854,99,R3,4.3851892948150635,0.5800385475158691
0.0,nan,nan,7.351645469665527,00000_001981_01,3.0,7.399524211883545,4.60414981842041,0.9964373111724854,coef_energy_material_checkpoint_lambdas,0.0,4.40623140335083,2.4052987098693848,102,R3,4.400276601314545,3.3094732761383057
0.0,nan,nan,0.04621737822890282,00000_001981_01,4.0,0.04814928397536278,0.04621737822890282,0.8942280411720276,coef_energy_material_checkpoint_lambdas,0.0,4.361824989318848,2.438871383666992,105,R3,4.400000631809235,1.6586845517158508
0.0,nan,nan,6.426723957061768,00000_001981_01,5.0,7.098679542541504,5.570555686950684,0.9634647965431213,coef_energy_material_checkpoint_lambdas,0.0,4.309196949005127,2.469144344329834,108,R3,4.399806439876556,0.5601785778999329
0.0,nan,nan,6.327670097351074,00000_001981_01,1.0,6.327679634094238,6.327670097351074,0.9991823434829712,coef_energy_material_checkpoint_lambdas,0.0,4.435022830963135,2.3689441680908203,111,R3,4.401943385601044,0.5768541693687439
0.0,nan,nan,3.827413558959961,00000_001981_02,1.0,3.88774037361145,2.223984479904175,0.9902276396751404,coef_energy_material_checkpoint_lambdas,0.0,4.5056023597717285,2.3655753135681152,18,R3,4.40884667634964,0.557214081287384
0.0,nan,nan,1.7407610416412354,00000_001981_02,1.0,5.533876419067383,3.906177043914795,0.9989227056503296,coef_energy_material_checkpoint_lambdas,0.0,4.550531387329102,2.3237786293029785,39,R3,4.402682781219482,0.5827420353889465
0.0,nan,nan,5.000392913818359,00000_001981_02,3.0,6.24806547164917,5.000392913818359,0.9969437718391418,coef_energy_material_checkpoint_lambdas,0.0,4.479254722595215,2.3523409366607666,48,R3,4.401017606258392,0.5563760995864868
0.0,nan,nan,7.833950042724609,00000_001981_02,1.0,7.833986759185791,7.833950042724609,0.9964088797569275,coef_energy_material_checkpoint_lambdas,0.0,4.43311071395874,2.3893978595733643,51,R3,4.402868926525116,0.5668922662734985
0.0,nan,nan,0.06972010433673859,00000_001981_02,10.0,0.07105396687984467,0.013703007251024246,0.9996448755264282,coef_energy_material_checkpoint_lambdas,0.0,4.409202575683594,2.414012908935547,57,R3,4.400000095367432,4.400000095367432
0.0,nan,nan,0.0,00000_001981_02,11.0,1.6924828116771096e-07,1.1967661350809067e-07,0.0,coef_energy_material_checkpoint_lambdas,0.0,4.458382606506348,2.375420570373535,60,R3,4.400000095367432,4.400000095367432
0.0,nan,nan,2.435105557196948e-07,00000_001981_02,12.0,3.939475448078156e-07,3.096728846685437e-07,0.0,coef_energy_material_checkpoint_lambdas,0.0,4.455346584320068,2.381894588470459,63,R3,4.400000095367432,3.8563761115074158
0.0,nan,nan,0.0007952157175168395,00000_001981_02,9.0,0.0008112193900160491,0.0001603399869054556,0.0,coef_energy_material_checkpoint_lambdas,0.0,4.464040279388428,2.3743247985839844,66,R3,4.400000095367432,2.206376075744629
0.0,nan,nan,2.7292165756225586,00000_001981_02,7.0,2.8702499866485596,1.3014718294143677,0.9979878664016724,coef_energy_material_checkpoint_lambdas,0.0,4.469046592712402,2.3705079555511475,69,R3,4.400006651878357,0.5558789372444153
0.0,nan,nan,4.988189697265625,00000_001981_02,1.0,6.806758403778076,6.80208158493042,0.9994983673095703,coef_energy_material_checkpoint_lambdas,0.0,4.4721832275390625,2.3756589889526367,72,R3,4.401306092739105,0.5559029579162598
0.0,nan,nan,0.42234373092651367,00000_001981_02,4.0,0.4223463833332062,0.29758337140083313,0.9934096932411194,coef_energy_material_checkpoint_lambdas,0.0,4.4643378257751465,2.381225824356079,75,R3,4.400043427944183,1.6573022603988647
0.0,nan,nan,3.082369804382324,00000_001981_02,3.0,7.314190864562988,5.723312854766846,0.9856445789337158,coef_energy_material_checkpoint_lambdas,0.0,4.465185165405273,2.3753108978271484,78,R3,4.4005104303359985,0.5596962571144104
0.0,nan,nan,1.6642197370529175,00000_001981_02,2.0,2.484649419784546,1.8449541330337524,0.9995773434638977,coef_energy_material_checkpoint_lambdas,0.0,4.4436798095703125,2.386465072631836,81,R3,4.395217597484589,4.395217597484589
0.0,nan,nan,-0.7674967050552368,00000_001981_02,3.0,1.4338127374649048,1.211101770401001,0.9862125515937805,coef_energy_material_checkpoint_lambdas,0.0,4.447592735290527,2.380107879638672,84,R3,4.287862300872803,4.287862300872803
0.0,nan,nan,0.35013148188591003,00000_001981_02,2.0,0.4635899066925049,0.30384790897369385,0.9974279999732971,coef_energy_material_checkpoint_lambdas,0.0,4.432658672332764,2.3892908096313477,87,R3,4.263883888721466,4.263883888721466
0.0,nan,nan,0.21869215369224548,00000_001981_02,3.0,0.2419196218252182,0.21869215369224548,0.44461530447006226,coef_energy_material_checkpoint_lambdas,0.0,4.436092853546143,2.388751268386841,90,R3,4.333199203014374,3.192339301109314
0.0,nan,nan,0.0527237243950367,00000_001981_02,3.0,0.10574878007173538,0.09166795015335083,-0.33658933639526367,coef_energy_material_checkpoint_lambdas,0.0,4.399471282958984,2.4001431465148926,93,R3,4.287862300872803,1.6303108930587769
0.0,nan,nan,7.228903770446777,00000_001981_02,3.0,7.254082202911377,4.684606552124023,0.6840524673461914,coef_energy_material_checkpoint_lambdas,0.0,4.402347564697266,2.3978209495544434,96,R3,4.221998035907745,0.5428453683853149
0.0,nan,nan,4.559155464172363,00000_001981_02,1.0,6.02079963684082,6.0044684410095215,0.10109572857618332,coef_energy_material_checkpoint_lambdas,0.0,4.407276630401611,2.4078991413116455,99,R3,4.3851892948150635,0.5452260971069336
0.0,nan,nan,0.6930947303771973,00000_001981_02,4.0,0.693105936050415,0.4928778409957886,0.9900144934654236,coef_energy_material_checkpoint_lambdas,0.0,4.403444766998291,2.40927791595459,102,R3,4.399998247623444,4.40006947517395
0.0,nan,nan,0.000781718990765512,00000_001981_02,5.0,0.0007817810983397067,0.000781718990765512,0.906665563583374,coef_energy_material_checkpoint_lambdas,0.0,4.392826080322266,2.4135611057281494,105,R3,4.400000095367432,4.40006023645401
0.0,nan,nan,0.24453866481781006,00000_001981_02,7.0,0.25820377469062805,0.24453866481781006,0.9994911551475525,coef_energy_material_checkpoint_lambdas,0.0,4.399162292480469,2.3991646766662598,108,R3,4.400000095367432,4.400042176246643
0.0,nan,nan,0.060143038630485535,00000_001981_02,13.0,0.07244360446929932,0.013971548527479172,0.9996314644813538,coef_energy_material_checkpoint_lambdas,0.0,4.497894763946533,2.357391357421875,111,R3,4.400000095367432,4.400000095367432
0.0,nan,nan,3.827413558959961,00000_001981_03,1.0,3.88774037361145,2.223984479904175,0.9902276396751404,coef_energy_material_checkpoint_lambdas,0.0,4.5056023597717285,2.3655753135681152,18,R3,4.40884667634964,0.557214081287384
0.0,nan,nan,1.7407610416412354,00000_001981_03,1.0,5.533876419067383,3.906177043914795,0.9989227056503296,coef_energy_material_checkpoint_lambdas,0.0,4.550531387329102,2.3237786293029785,39,R3,4.402682781219482,0.5827420353889465
0.0,nan,nan,5.000392913818359,00000_001981_03,3.0,6.24806547164917,5.000392913818359,0.9969437718391418,coef_energy_material_checkpoint_lambdas,0.0,4.479254722595215,2.3523409366607666,48,R3,4.401017606258392,0.5563760995864868
0.0,nan,nan,7.833950042724609,00000_001981_03,1.0,7.833986759185791,7.833950042724609,0.9964088797569275,coef_energy_material_checkpoint_lambdas,0.0,4.43311071395874,2.3893978595733643,51,R3,4.402868926525116,0.5668922662734985
0.0,nan,nan,0.0694781169295311,00000_001981_03,10.0,0.07080730050802231,0.013655212707817554,0.999644935131073,coef_energy_material_checkpoint_lambdas,0.0,4.393364906311035,2.4250643253326416,57,R3,4.400000095367432,4.400000095367432
0.0,nan,nan,0.0,00000_001981_03,11.0,1.684081212260935e-07,1.1908252872672165e-07,0.0,coef_energy_material_checkpoint_lambdas,0.0,4.436250686645508,2.3894364833831787,60,R3,4.400000095367432,4.400000095367432
0.0,nan,nan,5.025761495858205e-08,00000_001981_03,12.0,5.908032818524589e-08,3.1058931426741765e-08,0.0,coef_energy_material_checkpoint_lambdas,0.0,4.462887763977051,2.383948802947998,63,R3,4.400000095367432,4.407305300235748
0.0,nan,nan,0.00032020622165873647,00000_001981_03,9.0,0.00034514948492869735,0.0001288260391447693,0.0,coef_energy_material_checkpoint_lambdas,0.0,4.4704909324646,2.380258083343506,66,R3,4.400000095367432,2.7573052644729614
0.0,nan,nan,0.6888832449913025,00000_001981_03,7.0,0.6901692152023315,0.45733657479286194,0.9981591105461121,coef_energy_material_checkpoint_lambdas,0.0,4.466270923614502,2.3748950958251953,69,R3,4.40000057220459,1.1071942448616028
0.0,nan,nan,4.979158401489258,00000_001981_03,1.0,6.794443130493164,6.7897748947143555,0.9994984865188599,coef_energy_material_checkpoint_lambdas,0.0,4.46389627456665,2.375657081604004,72,R3,4.401306092739105,0.5559029579162598
0.0,nan,nan,0.2922965884208679,00000_001981_03,5.0,0.4544493854045868,0.1805197298526764,0.9557948112487793,coef_energy_material_checkpoint_lambdas,0.0,4.4654951095581055,2.3790411949157715,75,R3,4.400161266326904,4.403426170349121
0.0,nan,nan,1.7004358768463135,00000_001981_03,4.0,2.8606629371643066,2.5496931076049805,0.9979521036148071,coef_energy_material_checkpoint_lambdas,0.0,4.45374059677124,2.384190082550049,78,R3,4.400015115737915,3.3086966276168823
0.0,nan,nan,0.2673814296722412,00000_001981_03,3.0,0.30675816535949707,0.2673814296722412,0.9932425618171692,coef_energy_material_checkpoint_lambdas,0.0,4.454044342041016,2.3807785511016846,81,R3,4.400059998035431,1.657307505607605
0.0,nan,nan,1.496932029724121,00000_001981_03,2.0,7.234105110168457,5.660889625549316,0.9856299161911011,coef_energy_material_checkpoint_lambdas,0.0,4.414968490600586,2.3930819034576416,84,R3,4.403148174285889,0.5596927404403687
0.0,nan,nan,2.029264450073242,00000_001981_03,1.0,2.8691718578338623,2.0283572673797607,0.999954104423523,coef_energy_material_checkpoint_lambdas,0.0,4.422389507293701,2.3880419731140137,87,R3,4.318765997886658,4.318765997886658
0.0,nan,nan,-0.021687952801585197,00000_001981_03,2.0,0.039901092648506165,0.004420112352818251,0.9977542161941528,coef_energy_material_checkpoint_lambdas,0.0,4.41806697845459,2.40541672706604,90,R3,4.396994471549988,2.114339053630829
0.0,nan,nan,0.13318276405334473,00000_001981_03,3.0,2.647352695465088,1.775416374206543,-0.7316775918006897,coef_energy_material_checkpoint_lambdas,0.0,4.41998815536499,2.401782512664795,93,R3,4.271946489810944,0.5209938883781433
0.0,nan,nan,0.6479278206825256,00000_001981_03,3.0,1.0700234174728394,0.47188854217529297,-0.1560075283050537,coef_energy_material_checkpoint_lambdas,0.0,4.40103816986084,2.411923408508301,99,R3,4.3903913497924805,4.39109069108963
0.0,nan,nan,0.04658280313014984,00000_001981_03,4.0,0.04675823450088501,0.004046605434268713,-0.5984840393066406,coef_energy_material_checkpoint_lambdas,0.0,4.491438865661621,2.3486740589141846,102,R3,4.399999022483826,4.399999022483826
0.0,nan,nan,3.827413558959961,00000_001981_04,1.0,3.88774037361145,2.223984479904175,0.9902276396751404,coef_energy_material_checkpoint_lambdas,0.0,4.5056023597717285,2.3655753135681152,18,R3,4.40884667634964,0.557214081287384
0.0,nan,nan,1.7388525009155273,00000_001981_04,1.0,5.528002738952637,3.9019856452941895,0.9989232420921326,coef_energy_material_checkpoint_lambdas,0.0,4.544562339782715,2.33673095703125,39,R3,4.402682781219482,0.5827420353889465
0.0,nan,nan,2.3853838443756104,00000_001981_04,1.0,5.423917770385742,4.871224403381348,0.9911457300186157,coef_energy_material_checkpoint_lambdas,0.0,4.547564506530762,2.3158600330352783,45,R3,4.406744062900543,4.406744062900543
0.0,nan,nan,1.3036365509033203,00000_001981_04,3.0,2.779419422149658,2.454730987548828,0.9904331564903259,coef_energy_material_checkpoint_lambdas,0.0,4.462410926818848,2.3660173416137695,48,R3,4.40074348449707,4.40074348449707
0.0,nan,nan,0.23070523142814636,00000_001981_04,6.0,0.2497497946023941,0.23070523142814636,0.9999979734420776,coef_energy_material_checkpoint_lambdas,0.0,4.38303279876709,2.422318696975708,51,R3,4.400000095367432,2.2105199694633484
0.0,nan,nan,6.194774150848389,00000_001981_04,3.0,6.924758434295654,4.898254871368408,0.9999004006385803,coef_energy_material_checkpoint_lambdas,0.0,4.384244441986084,2.427560329437256,54,R3,4.400813519954681,0.5763475894927979
0.0,nan,nan,2.681856870651245,00000_001981_04,11.0,2.8204727172851562,0.8733326196670532,0.9979547262191772,coef_energy_material_checkpoint_lambdas,0.0,4.389714241027832,2.4257335662841797,57,R3,4.400006651878357,4.400006651878357
0.0,nan,nan,-1.0007094715547282e-05,00000_001981_04,14.0,1.600674477231223e-05,1.757769155119604e-06,0.0,coef_energy_material_checkpoint_lambdas,0.0,4.379518508911133,2.4386441707611084,60,R3,4.400000095367432,4.400000095367432
0.0,nan,nan,-4.817027419307118e-12,00000_001981_04,16.0,3.797390180082516e-11,2.322853714931128e-11,0.0,coef_energy_material_checkpoint_lambdas,0.0,4.451009273529053,2.3899450302124023,63,R3,4.400000095367432,4.400000095367432
0.0,nan,nan,6.797628682164714e-09,00000_001981_04,15.0,6.797628682164714e-09,4.806649300803656e-09,0.0,coef_energy_material_checkpoint_lambdas,0.0,4.496328830718994,2.3763465881347656,66,R3,4.400000095367432,4.400000095367432
0.0,nan,nan,2.5145999060782742e-08,00000_001981_04,15.0,2.686425482067989e-08,2.5145999060782742e-08,0.0,coef_energy_material_checkpoint_lambdas,0.0,4.522613525390625,2.3571934700012207,69,R3,4.400000095367432,4.400000095367432
0.0,nan,nan,2.789103670242099e-10,00000_001981_04,16.0,3.464334097369459e-10,2.789103670242099e-10,0.0,coef_energy_material_checkpoint_lambdas,0.0,4.588576316833496,2.309748649597168,72,R3,4.400000095367432,4.400000095367432
0.0,nan,nan,3.827413558959961,00000_001981_05,1.0,3.88774037361145,2.223984479904175,0.9902276396751404,coef_energy_material_checkpoint_lambdas,0.0,4.5056023597717285,2.3655753135681152,18,R3,4.40884667634964,0.557214081287384
0.0,nan,nan,1.7407610416412354,00000_001981_05,1.0,5.533876419067383,3.906177043914795,0.9989227056503296,coef_energy_material_checkpoint_lambdas,0.0,4.550531387329102,2.3237786293029785,39,R3,4.402682781219482,0.5827420353889465
0.0,nan,nan,5.000392913818359,00000_001981_05,3.0,6.24806547164917,5.000392913818359,0.9969437718391418,coef_energy_material_checkpoint_lambdas,0.0,4.479254722595215,2.3523409366607666,48,R3,4.401017606258392,0.5563760995864868
0.0,nan,nan,7.833950042724609,00000_001981_05,1.0,7.833986759185791,7.833950042724609,0.9964088797569275,coef_energy_material_checkpoint_lambdas,0.0,4.43311071395874,2.3893978595733643,51,R3,4.402868926525116,0.5668922662734985
0.0,nan,nan,0.07056015729904175,00000_001981_05,10.0,0.07191024720668793,0.013868954963982105,0.9996446371078491,coef_energy_material_checkpoint_lambdas,0.0,4.464256763458252,2.372805595397949,57,R3,4.400000095367432,4.400000095367432
0.0,nan,nan,1.5103844361874508e-06,00000_001981_05,11.0,1.511149662292155e-06,1.5103844361874508e-06,0.0,coef_energy_material_checkpoint_lambdas,0.0,4.46975040435791,2.3710007667541504,60,R3,4.400000095367432,4.400123655796051
0.0,nan,nan,0.0008814085740596056,00000_001981_05,12.0,0.0011031108442693949,0.0008814085740596056,0.5484251976013184,coef_energy_material_checkpoint_lambdas,0.0,4.470190525054932,2.3739235401153564,63,R3,4.400000095367432,3.859354257583618
0.0,nan,nan,0.005595729686319828,00000_001981_05,8.0,0.02000049315392971,0.01920175924897194,0.9997650980949402,coef_energy_material_checkpoint_lambdas,0.0,4.477089881896973,2.3689379692077637,66,R3,4.400000095367432,2.2093542218208313
0.0,nan,nan,2.375941038131714,00000_001981_05,6.0,2.4913840293884277,1.1499979496002197,0.9862582087516785,coef_energy_material_checkpoint_lambdas,0.0,4.47555685043335,2.374112606048584,69,R3,4.400047421455383,0.557699978351593
0.0,nan,nan,8.226006507873535,00000_001981_05,1.0,8.22610092163086,5.844545841217041,0.9979099035263062,coef_energy_material_checkpoint_lambdas,0.0,4.490522861480713,2.341503858566284,84,R3,4.401449978351593,0.5597754716873169
0.0,nan,nan,4.15474796295166,00000_001981_05,3.0,8.52706241607666,8.20324993133545,0.9995163679122925,coef_energy_material_checkpoint_lambdas,0.0,4.546041011810303,2.307197093963623,87,R3,4.271525621414185,0.5694236755371094
0.0,nan,nan,3.827413558959961,00000_001981_06,1.0,3.88774037361145,2.223984479904175,0.9902276396751404,coef_energy_material_checkpoint_lambdas,0.0,4.5056023597717285,2.3655753135681152,18,R3,4.40884667634964,0.557214081287384
0.0,nan,nan,1.7407610416412354,00000_001981_06,1.0,5.533876419067383,3.906177043914795,0.9989227056503296,coef_energy_material_checkpoint_lambdas,0.0,4.550531387329102,2.3237786293029785,39,R3,4.402682781219482,0.5827420353889465
0.0,nan,nan,5.000392913818359,00000_001981_06,3.0,6.24806547164917,5.000392913818359,0.9969437718391418,coef_energy_material_checkpoint_lambdas,0.0,4.479254722595215,2.3523409366607666,48,R3,4.401017606258392,0.5563760995864868
0.0,nan,nan,7.833950042724609,00000_001981_06,1.0,7.833986759185791,7.833950042724609,0.9964088797569275,coef_energy_material_checkpoint_lambdas,0.0,4.43311071395874,2.3893978595733643,51,R3,4.402868926525116,0.5668922662734985
0.0,nan,nan,0.06992549449205399,00000_001981_06,10.0,0.07126332819461823,0.013743594288825989,0.9996448159217834,coef_energy_material_checkpoint_lambdas,0.0,4.422698974609375,2.4026272296905518,57,R3,4.400000095367432,4.400000095367432
0.0,nan,nan,0.0,00000_001981_06,11.0,1.6944544256602967e-07,1.198160219928468e-07,0.0,coef_energy_material_checkpoint_lambdas,0.0,4.463576316833496,2.3726186752319336,60,R3,4.400000095367432,4.400000095367432
0.0,nan,nan,3.100162984992494e-06,00000_001981_06,12.0,6.4601758822391275e-06,5.667703135259217e-06,0.0,coef_energy_material_checkpoint_lambdas,0.0,4.466178894042969,2.3746635913848877,63,R3,4.400000095367432,3.8605305552482605
0.0,nan,nan,0.0009554381249472499,00000_001981_06,9.0,0.0009692583116702735,0.00016309412603732198,0.03333485871553421,coef_energy_material_checkpoint_lambdas,0.0,4.463995456695557,2.369074821472168,66,R3,4.400000095367432,2.2105305194854736
0.0,nan,nan,4.222858905792236,00000_001981_06,7.0,4.222858905792236,0.0008621299639344215,0.9997387528419495,coef_energy_material_checkpoint_lambdas,0.0,4.466829299926758,2.366321563720703,69,R3,4.400024354457855,0.5597073435783386
0.0,nan,nan,4.988189697265625,00000_001981_06,1.0,6.806758403778076,6.80208158493042,0.9994983673095703,coef_energy_material_checkpoint_lambdas,0.0,4.4721832275390625,2.3756589889526367,72,R3,4.401306092739105,0.5559029579162598
0.0,nan,nan,0.42234671115875244,00000_001981_06,4.0,0.42234939336776733,0.29758554697036743,0.9934096336364746,coef_energy_material_checkpoint_lambdas,0.0,4.464377403259277,2.3811075687408447,75,R3,4.400043427944183,1.6573022603988647
0.0,nan,nan,3.082021474838257,00000_001981_06,3.0,7.313327789306641,5.7226481437683105,0.9856449365615845,coef_energy_material_checkpoint_lambdas,0.0,4.464594841003418,2.3768224716186523,78,R3,4.4005104303359985,0.5596962571144104
0.0,nan,nan,1.6519029140472412,00000_001981_06,2.0,2.4662857055664062,1.8313333988189697,0.999577522277832,coef_energy_material_checkpoint_lambdas,0.0,4.409453392028809,2.395557165145874,81,R3,4.395217597484589,4.395217597484589
0.0,nan,nan,-0.7615092992782593,00000_001981_06,3.0,1.4227098226547241,0.31129831075668335,0.9862187504768372,coef_energy_material_checkpoint_lambdas,0.0,4.41218376159668,2.390446901321411,84,R3,4.287862300872803,0.5596927404403687
0.0,nan,nan,6.263009071350098,00000_001981_06,1.0,7.002213001251221,8.812391752144322e-05,0.9999997615814209,coef_energy_material_checkpoint_lambdas,0.0,4.436487197875977,2.3962302207946777,87,R3,4.268456518650055,3.7643412351608276
0.0,nan,nan,-0.021687952801585197,00000_001981_06,2.0,0.039901092648506165,0.004420112352818251,0.9977542161941528,coef_energy_material_checkpoint_lambdas,0.0,4.41806697845459,2.40541672706604,90,R3,4.396994471549988,2.114339053630829
0.0,nan,nan,0.13332664966583252,00000_001981_06,3.0,2.639547348022461,1.7697831392288208,-0.7315387725830078,coef_energy_material_checkpoint_lambdas,0.0,4.407918930053711,2.4043784141540527,93,R3,4.271946489810944,0.5209938883781433
0.0,nan,nan,7.337721347808838,00000_001981_06,1.0,7.988415241241455,7.337721824645996,0.9999943375587463,coef_energy_material_checkpoint_lambdas,0.0,4.369820594787598,2.432670831680298,99,R3,4.389439105987549,0.5728957056999207
0.0,nan,nan,8.060407638549805,00000_001981_06,5.0,8.207176208496094,7.158145904541016,0.9974527359008789,coef_energy_material_checkpoint_lambdas,0.0,4.356008529663086,2.4384167194366455,102,R3,4.401350378990173,4.402688086032867
0.0,nan,nan,0.0214773528277874,00000_001981_06,9.0,0.02152215503156185,0.01420534122735262,0.9961673617362976,coef_energy_material_checkpoint_lambdas,0.0,4.344306945800781,2.4457364082336426,105,R3,4.400000095367432,4.400000095367432
0.0,nan,nan,1.1212994195375359e-06,00000_001981_06,13.0,1.1212994195375359e-06,0.0,0.0,coef_energy_material_checkpoint_lambdas,0.0,4.35438346862793,2.4393951892852783,108,R3,4.400000095367432,4.400000095367432
0.0,nan,nan,1.7192969270496405e-10,00000_001981_06,16.0,1.7251980399812794e-10,1.1149136475152588e-10,0.0,coef_energy_material_checkpoint_lambdas,0.0,4.522582054138184,2.352952241897583,111,R3,4.400000095367432,4.400000095367432
0.0,nan,nan,3.827413558959961,00000_001981_07,1.0,3.88774037361145,2.223984479904175,0.9902276396751404,coef_energy_material_checkpoint_lambdas,0.0,4.5056023597717285,2.3655753135681152,18,R3,4.40884667634964,0.557214081287384
0.0,nan,nan,1.7388525009155273,00000_001981_07,1.0,5.528002738952637,3.9019856452941895,0.9989232420921326,coef_energy_material_checkpoint_lambdas,0.0,4.544562339782715,2.33673095703125,39,R3,4.402682781219482,0.5827420353889465
0.0,nan,nan,2.3521175384521484,00000_001981_07,1.0,5.349350452423096,4.8044867515563965,0.9911587238311768,coef_energy_material_checkpoint_lambdas,0.0,4.481751918792725,2.3476645946502686,45,R3,4.406744062900543,4.406744062900543
0.0,nan,nan,7.115372657775879,00000_001981_07,3.0,7.272600173950195,7.225859642028809,0.9850674271583557,coef_energy_material_checkpoint_lambdas,0.0,4.437121868133545,2.381901502609253,48,R3,4.400504946708679,1.6622880697250366
0.0,nan,nan,7.833950042724609,00000_001981_07,1.0,7.833986759185791,7.833950042724609,0.9964088797569275,coef_energy_material_checkpoint_lambdas,0.0,4.43311071395874,2.3893978595733643,51,R3,4.402868926525116,0.5668922662734985
0.0,nan,nan,0.0694781169295311,00000_001981_07,10.0,0.07080730050802231,0.013655212707817554,0.999644935131073,coef_energy_material_checkpoint_lambdas,0.0,4.393364906311035,2.4250643253326416,57,R3,4.400000095367432,4.400000095367432
0.0,nan,nan,0.0,00000_001981_07,11.0,1.6944578362654283e-07,1.1981626357737696e-07,0.0,coef_energy_material_checkpoint_lambdas,0.0,4.463585376739502,2.3723301887512207,60,R3,4.400000095367432,4.400000095367432
0.0,nan,nan,5.1430909309146955e-08,00000_001981_07,12.0,6.045959821676661e-08,5.884184162141537e-08,0.0,coef_energy_material_checkpoint_lambdas,0.0,4.567076683044434,2.3158671855926514,63,R3,4.400000095367432,4.400003373622894
0.0,nan,nan,1.1198410732049524e-07,00000_001981_07,13.0,1.1205803218672372e-07,7.6307088647809e-08,0.0,coef_energy_material_checkpoint_lambdas,0.0,4.602980613708496,2.294917106628418,66,R3,4.400000095367432,4.400000095367432
0.0,nan,nan,8.038492202758789,00000_002019_00,1.0,8.03923511505127,8.038492202758789,0.9733484387397766,coef_energy_material_checkpoint_lambdas,0.0,4.456613063812256,2.3020102977752686,0,R3,3.6652101278305054,0.47508499026298523
0.0,nan,nan,1.5305213928222656,00000_002019_00,6.0,2.832343339920044,2.767423391342163,0.9727684855461121,coef_energy_material_checkpoint_lambdas,0.0,4.480058193206787,2.2960565090179443,3,R3,3.3833330273628235,1.3765435218811035
0.0,nan,nan,5.306760311126709,00000_002019_00,7.0,7.468372344970703,7.468283176422119,0.9933382868766785,coef_energy_material_checkpoint_lambdas,0.0,4.483248710632324,2.2915191650390625,6,R3,2.889946460723877,0.4626832604408264
0.0,nan,nan,3.852365255355835,00000_002019_00,3.0,4.079294681549072,4.078929901123047,0.9929171800613403,coef_energy_material_checkpoint_lambdas,0.0,4.47916841506958,2.2921972274780273,9,R3,2.7725329995155334,0.4484536051750183
0.0,nan,nan,2.455678939819336,00000_002019_00,2.0,3.6885619163513184,3.682594060897827,0.8821174502372742,coef_energy_material_checkpoint_lambdas,0.0,4.486650466918945,2.294509172439575,12,R3,2.3132186233997345,0.2950083017349243
0.0,nan,nan,0.2546014189720154,00000_002019_00,4.0,0.254702091217041,0.2546014189720154,0.9990159273147583,coef_energy_material_checkpoint_lambdas,0.0,4.4215989112854,2.4568517208099365,51,R3,4.400040149688721,1.6597599387168884
0.0,nan,nan,7.020601749420166,00000_002019_00,2.0,7.020670413970947,4.986229419708252,0.9906085133552551,coef_energy_material_checkpoint_lambdas,0.0,4.41391658782959,2.4452288150787354,54,R3,4.4008466601371765,0.5782644748687744
0.0,nan,nan,1.9642119407653809,00000_002019_00,4.0,2.7798237800598145,2.779823064804077,0.9994711875915527,coef_energy_material_checkpoint_lambdas,0.0,4.397397994995117,2.4301466941833496,57,R3,4.400202572345734,4.405587553977966
0.0,nan,nan,3.618504285812378,00000_002019_00,4.0,4.374497413635254,4.33582067489624,0.9967308044433594,coef_energy_material_checkpoint_lambdas,0.0,4.397373676300049,2.4300572872161865,60,R3,4.400788128376007,4.403659641742706
0.0,nan,nan,0.3947671055793762,00000_002019_00,2.0,0.5174067616462708,0.3947671055793762,0.9979888796806335,coef_energy_material_checkpoint_lambdas,0.0,4.408768653869629,2.4240646362304688,63,R3,4.4019975066185,3.307988405227661
0.0,nan,nan,-0.1840740591287613,00000_002019_00,5.0,0.22369448840618134,0.19600757956504822,0.9948406219482422,coef_energy_material_checkpoint_lambdas,0.0,4.422000885009766,2.424084186553955,66,R3,4.400949120521545,1.6579301357269287
0.0,nan,nan,3.1544036865234375,00000_002019_00,4.0,7.473038196563721,5.851105213165283,0.9843760132789612,coef_energy_material_checkpoint_lambdas,0.0,4.546947002410889,2.3372488021850586,69,R3,4.4005603194236755,0.5609709620475769
0.0,nan,nan,8.041482925415039,00000_002019_01,1.0,8.04222583770752,8.041482925415039,0.973347008228302,coef_energy_material_checkpoint_lambdas,0.0,4.4583821296691895,2.3018672466278076,0,R3,3.6652101278305054,0.47508499026298523
0.0,nan,nan,1.5309480428695679,00000_002019_01,6.0,2.8331477642059326,2.768207311630249,0.9727675914764404,coef_energy_material_checkpoint_lambdas,0.0,4.481393814086914,2.295135498046875,3,R3,3.3833330273628235,1.3765435218811035
0.0,nan,nan,5.306735992431641,00000_002019_01,7.0,7.468352794647217,7.468263149261475,0.9933379888534546,coef_energy_material_checkpoint_lambdas,0.0,4.483309745788574,2.2906346321105957,6,R3,2.889946460723877,0.4626832604408264
0.0,nan,nan,3.8523404598236084,00000_002019_01,3.0,4.079270362854004,4.0789055824279785,0.9929173588752747,coef_energy_material_checkpoint_lambdas,0.0,4.479092597961426,2.2924070358276367,9,R3,2.7725329995155334,0.4484536051750183
0.0,nan,nan,2.4463672637939453,00000_002019_01,2.0,3.6740713119506836,3.668152332305908,0.8820598125457764,coef_energy_material_checkpoint_lambdas,0.0,4.470048904418945,2.283146619796753,12,R3,2.3132186233997345,0.2950083017349243
0.0,nan,nan,0.10020245611667633,00000_002019_01,1.0,4.490942001342773,4.489824295043945,0.9998907446861267,coef_energy_material_checkpoint_lambdas,0.0,4.467193126678467,2.3954579830169678,39,R3,4.404151618480682,4.404151618480682
0.0,nan,nan,1.3107249736785889,00000_002019_01,1.0,2.884227991104126,2.5691967010498047,0.9996076226234436,coef_energy_material_checkpoint_lambdas,0.0,4.4607110023498535,2.3976633548736572,42,R3,4.400190234184265,4.400190234184265
0.0,nan,nan,-0.0893760547041893,00000_002019_01,2.0,0.24435630440711975,0.22742454707622528,0.9968555569648743,coef_energy_material_checkpoint_lambdas,0.0,4.460686683654785,2.407435417175293,45,R3,4.400042176246643,4.400042176246643
0.0,nan,nan,0.020571254193782806,00000_002019_01,6.0,0.027173958718776703,0.006680997554212809,0.7967511415481567,coef_energy_material_checkpoint_lambdas,0.0,4.448273658752441,2.39582896232605,48,R3,4.400018692016602,4.40012389421463
0.0,nan,nan,0.013824975118041039,00000_002019_01,8.0,0.01387037429958582,0.01286690216511488,0.9978948831558228,coef_energy_material_checkpoint_lambdas,0.0,4.45908784866333,2.3810715675354004,51,R3,4.400000095367432,3.859465539455414
0.0,nan,nan,7.138419459806755e-05,00000_002019_01,5.0,7.168321462813765e-05,7.138419459806755e-05,0.047063857316970825,coef_energy_material_checkpoint_lambdas,0.0,4.540278434753418,2.3347489833831787,54,R3,4.400000095367432,3.320471942424774
0.0,nan,nan,8.41070556640625,00000_002019_02,1.0,8.410723686218262,0.01777113415300846,0.9998024702072144,coef_energy_material_checkpoint_lambdas,0.0,4.457301616668701,2.3006930351257324,0,R3,3.667966455221176,3.667966455221176
0.0,nan,nan,0.32497045397758484,00000_002019_02,4.0,0.32581382989883423,0.2463546246290207,0.7516655325889587,coef_energy_material_checkpoint_lambdas,1.0,4.467220783233643,2.3007373809814453,3,R3,3.29506653547287,3.6117560863494873
0.0,nan,nan,0.04100421816110611,00000_002019_02,6.0,0.10369846224784851,0.09634429216384888,0.9340649843215942,coef_energy_material_checkpoint_lambdas,1.0,4.46519660949707,2.291813611984253,6,R3,2.8865193724632263,3.2494106888771057
0.0,nan,nan,0.14314818382263184,00000_002019_02,7.0,0.26412588357925415,0.22197088599205017,0.9826075434684753,coef_energy_material_checkpoint_lambdas,0.0,4.486837387084961,2.3069896697998047,9,R3,2.4771698117256165,2.4771698117256165
0.0,nan,nan,0.18013796210289001,00000_002019_02,3.0,0.5266947746276855,0.49493199586868286,0.9981423020362854,coef_energy_material_checkpoint_lambdas,0.0,4.4893927574157715,2.2896478176116943,12,R3,2.237482100725174,1.3488411903381348
0.0,nan,nan,2.4517228603363037,00000_002019_02,2.0,3.683210849761963,3.6772217750549316,0.8821848034858704,coef_energy_material_checkpoint_lambdas,0.0,4.478940486907959,2.293933868408203,15,R3,2.3132186233997345,0.2950083017349243
0.0,nan,nan,0.10011259466409683,00000_002019_02,1.0,4.486506462097168,4.485389232635498,0.9998906254768372,coef_energy_material_checkpoint_lambdas,0.0,4.462166786193848,2.40523362159729,42,R3,4.404151618480682,4.404151618480682
0.0,nan,nan,1.3054814338684082,00000_002019_02,1.0,2.8726303577423096,2.558851957321167,0.9996079206466675,coef_energy_material_checkpoint_lambdas,0.0,4.441099643707275,2.440596580505371,45,R3,4.400190234184265,4.400190234184265
0.0,nan,nan,-1.285888910293579,00000_002019_02,2.0,2.8388419151306152,0.8803638815879822,0.9953396916389465,coef_energy_material_checkpoint_lambdas,0.0,4.411739349365234,2.468113422393799,48,R3,4.401493847370148,0.5610095262527466
0.0,nan,nan,8.21955680847168,00000_002019_02,1.0,8.220430374145508,8.21955680847168,0.9884395599365234,coef_energy_material_checkpoint_lambdas,0.0,4.401852130889893,2.4725399017333984,51,R3,4.404050290584564,0.5673324465751648
0.0,nan,nan,0.23297491669654846,00000_002019_02,5.0,0.25964754819869995,0.11462782323360443,0.993066132068634,coef_energy_material_checkpoint_lambdas,0.0,4.404612064361572,2.47478985786438,54,R3,4.400030791759491,4.400030791759491
0.0,nan,nan,0.05872569978237152,00000_002019_02,3.0,0.07073809951543808,0.06941055506467819,0.9996253848075867,coef_energy_material_checkpoint_lambdas,0.0,4.386818885803223,2.488424301147461,57,R3,4.400000095367432,3.860871136188507
0.0,nan,nan,0.01676240935921669,00000_002019_02,6.0,0.02722904272377491,0.015056028962135315,0.9814683198928833,coef_energy_material_checkpoint_lambdas,0.0,4.430028438568115,2.454068183898926,60,R3,4.40001517534256,1.6608436703681946
0.0,nan,nan,7.968817710876465,00000_002019_02,1.0,7.968824863433838,7.968818187713623,0.9994053840637207,coef_energy_material_checkpoint_lambdas,0.0,4.501800060272217,2.373986005783081,63,R3,4.403040289878845,0.5611391067504883
0.0,nan,nan,6.342236518859863,00000_002019_02,3.0,8.541088104248047,8.231036186218262,0.984389066696167,coef_energy_material_checkpoint_lambdas,0.0,4.570782661437988,2.3190977573394775,66,R3,4.401439905166626,0.5666423439979553
0.0,nan,nan,8.037837982177734,00000_002019_03,1.0,8.038578987121582,8.037837982177734,0.9733460545539856,coef_energy_material_checkpoint_lambdas,0.0,4.456445693969727,2.300067663192749,0,R3,3.6652101278305054,0.47508499026298523
0.0,nan,nan,1.5277091264724731,00000_002019_03,6.0,2.8271141052246094,2.762317657470703,0.9727697372436523,coef_energy_material_checkpoint_lambdas,0.0,4.471680641174316,2.294461488723755,3,R3,3.3833330273628235,1.3765435218811035
0.0,nan,nan,5.305193901062012,00000_002019_03,7.0,7.46619987487793,7.4661102294921875,0.9933377504348755,coef_energy_material_checkpoint_lambdas,0.0,4.482108116149902,2.288872003555298,6,R3,2.889946460723877,0.4626832604408264
0.0,nan,nan,3.8527650833129883,00000_002019_03,3.0,4.079707622528076,4.079343318939209,0.9929163455963135,coef_energy_material_checkpoint_lambdas,0.0,4.479895114898682,2.291177749633789,9,R3,2.7725329995155334,0.4484536051750183
0.0,nan,nan,2.4487736225128174,00000_002019_03,2.0,3.6785011291503906,3.6725335121154785,0.8821529150009155,coef_energy_material_checkpoint_lambdas,0.0,4.473780155181885,2.2897002696990967,12,R3,2.3132186233997345,0.2950083017349243
0.0,nan,nan,0.09952086955308914,00000_002019_03,1.0,4.458057403564453,4.45694637298584,0.9998908042907715,coef_energy_material_checkpoint_lambdas,0.0,4.430974006652832,2.4473252296447754,39,R3,4.404151618480682,4.404151618480682
0.0,nan,nan,0.25649115443229675,00000_002019_03,4.0,0.256592720746994,0.25649115443229675,0.9990149140357971,coef_energy_material_checkpoint_lambdas,0.0,4.456389427185059,2.4252543449401855,51,R3,4.400040149688721,1.6597599387168884
0.0,nan,nan,7.154866695404053,00000_002019_03,2.0,7.154930591583252,5.080645561218262,0.9905830025672913,coef_energy_material_checkpoint_lambdas,0.0,4.504400253295898,2.386780023574829,54,R3,4.4008466601371765,0.5782644748687744
0.0,nan,nan,1.3322086334228516,00000_002019_03,5.0,2.9360790252685547,2.792119264602661,0.9995913505554199,coef_energy_material_checkpoint_lambdas,0.0,4.568266868591309,2.3194940090179443,57,R3,4.4001211524009705,4.403711378574371
0.0,nan,nan,8.421150207519531,00000_002019_04,1.0,8.421170234680176,0.017764728516340256,0.9998024106025696,coef_energy_material_checkpoint_lambdas,0.0,4.463590621948242,2.2998909950256348,0,R3,3.667966455221176,3.667966455221176
0.0,nan,nan,0.3248881995677948,00000_002019_04,4.0,0.3257320523262024,0.2462991625070572,0.7516458034515381,coef_energy_material_checkpoint_lambdas,1.0,4.466251850128174,2.299896240234375,3,R3,3.29506653547287,3.6117560863494873
0.0,nan,nan,0.04110123962163925,00000_002019_04,6.0,0.10392125695943832,0.09655487537384033,0.9340315461158752,coef_energy_material_checkpoint_lambdas,1.0,4.475884437561035,2.2955853939056396,6,R3,2.8865193724632263,3.2494106888771057
0.0,nan,nan,0.14294712245464325,00000_002019_04,7.0,0.26378312706947327,0.22169269621372223,0.9825946688652039,coef_energy_material_checkpoint_lambdas,0.0,4.482650279998779,2.3037495613098145,9,R3,2.4771698117256165,2.4771698117256165
0.0,nan,nan,0.1803370863199234,00000_002019_04,3.0,0.5275796055793762,0.4958011507987976,0.9981550574302673,coef_energy_material_checkpoint_lambdas,0.0,4.4815497398376465,2.2937912940979004,12,R3,2.237482100725174,1.3488411903381348
0.0,nan,nan,2.4444668292999268,00000_002019_04,2.0,3.673551082611084,3.6675143241882324,0.8823266625404358,coef_energy_material_checkpoint_lambdas,0.0,4.464672088623047,2.293696165084839,15,R3,2.3132186233997345,0.2950083017349243
0.0,nan,nan,0.10012995451688766,00000_002019_04,1.0,4.486945629119873,4.485827922821045,0.9998906850814819,coef_energy_material_checkpoint_lambdas,0.0,4.462093830108643,2.4155478477478027,42,R3,4.404151618480682,4.404151618480682
0.0,nan,nan,1.3048434257507324,00000_002019_04,1.0,2.8712241649627686,2.731158971786499,0.9996079206466675,coef_energy_material_checkpoint_lambdas,0.0,4.438861846923828,2.441405773162842,45,R3,4.400190234184265,2.239304482936859
0.0,nan,nan,8.221324920654297,00000_002019_04,1.0,8.222197532653809,8.221325874328613,0.9884389042854309,coef_energy_material_checkpoint_lambdas,0.0,4.402958393096924,2.4721291065216064,51,R3,4.404050290584564,0.5673324465751648
0.0,nan,nan,0.23290130496025085,00000_002019_04,5.0,0.25956547260284424,0.11459148675203323,0.993066132068634,coef_energy_material_checkpoint_lambdas,0.0,4.403204917907715,2.474576473236084,54,R3,4.400030791759491,4.400030791759491
0.0,nan,nan,0.05872155353426933,00000_002019_04,3.0,0.07073310017585754,0.06940565258264542,0.9996256232261658,coef_energy_material_checkpoint_lambdas,0.0,4.386516094207764,2.487985372543335,57,R3,4.400000095367432,3.860871136188507
0.0,nan,nan,0.016627894714474678,00000_002019_04,6.0,0.027020558714866638,0.014947277493774891,0.9815237522125244,coef_energy_material_checkpoint_lambdas,0.0,4.389582633972168,2.487971305847168,60,R3,4.40001517534256,1.6608436703681946
0.0,nan,nan,7.778043746948242,00000_002019_04,1.0,7.778051376342773,7.778043746948242,0.9994088411331177,coef_energy_material_checkpoint_lambdas,0.0,4.381195068359375,2.496114492416382,63,R3,4.403040289878845,0.5611391067504883
0.0,nan,nan,0.2689972519874573,00000_002019_04,7.0,0.4178011417388916,0.3196846544742584,0.9993196129798889,coef_energy_material_checkpoint_lambdas,0.0,4.381997108459473,2.4986021518707275,66,R3,4.400000095367432,4.400000095367432
0.0,nan,nan,0.00022437713050749153,00000_002019_04,10.0,0.0002252472477266565,0.0001726448244880885,0.0,coef_energy_material_checkpoint_lambdas,0.0,4.374237537384033,2.4975028038024902,69,R3,4.400000095367432,4.400000095367432
0.0,nan,nan,2.214220451435267e-08,00000_002019_04,14.0,1.003281226985564e-07,5.3536506783302684e-08,0.0,coef_energy_material_checkpoint_lambdas,0.0,4.431698799133301,2.4474024772644043,72,R3,4.400000095367432,4.400000095367432
0.0,nan,nan,0.0,00000_002019_04,15.0,2.7836592835228657e-06,0.0,0.0,coef_energy_material_checkpoint_lambdas,0.0,4.573360919952393,2.3282742500305176,75,R3,4.400000095367432,3.31051242351532
0.0,nan,nan,8.42238998413086,00000_002019_05,1.0,8.422409057617188,0.017744161188602448,0.9998023509979248,coef_energy_material_checkpoint_lambdas,0.0,4.464863300323486,2.297240972518921,0,R3,3.667966455221176,3.667966455221176
0.0,nan,nan,0.32495105266571045,00000_002019_05,4.0,0.3257962465286255,0.24635834991931915,0.7516128420829773,coef_energy_material_checkpoint_lambdas,1.0,4.467386245727539,2.299907684326172,3,R3,3.29506653547287,3.6117560863494873
0.0,nan,nan,0.041152503341436386,00000_002019_05,6.0,0.10402470082044601,0.09665516018867493,0.9339929223060608,coef_energy_material_checkpoint_lambdas,1.0,4.481609344482422,2.296535015106201,6,R3,2.8865193724632263,3.2494106888771057
0.0,nan,nan,0.14319586753845215,00000_002019_05,7.0,0.2642010450363159,0.22202956676483154,0.9826133251190186,coef_energy_material_checkpoint_lambdas,0.0,4.487369537353516,2.3077585697174072,9,R3,2.4771698117256165,2.4771698117256165
0.0,nan,nan,0.18045172095298767,00000_002019_05,3.0,0.527751088142395,0.4959419071674347,0.9981482028961182,coef_energy_material_checkpoint_lambdas,0.0,4.491333484649658,2.2943761348724365,12,R3,2.237482100725174,1.3488411903381348
0.0,nan,nan,2.4529409408569336,00000_002019_05,2.0,3.684475898742676,3.678513288497925,0.8821204304695129,coef_energy_material_checkpoint_lambdas,0.0,4.481626510620117,2.292090654373169,15,R3,2.3132186233997345,0.2950083017349243
0.0,nan,nan,0.10025593638420105,00000_002019_05,1.0,4.493492603302002,4.492373943328857,0.9998906850814819,coef_energy_material_checkpoint_lambdas,0.0,4.469958782196045,2.392280340194702,42,R3,4.404151618480682,4.404151618480682
0.0,nan,nan,1.3114120960235596,00000_002019_05,1.0,2.885742664337158,2.5705463886260986,0.999607503414154,coef_energy_material_checkpoint_lambdas,0.0,4.463123321533203,2.396728038787842,45,R3,4.400190234184265,4.400190234184265
0.0,nan,nan,-0.08935658633708954,00000_002019_05,2.0,0.24430693686008453,0.22737915813922882,0.996856153011322,coef_energy_material_checkpoint_lambdas,0.0,4.459436893463135,2.424468755722046,48,R3,4.400042176246643,4.400042176246643
0.0,nan,nan,0.020451519638299942,00000_002019_05,6.0,0.02703217603266239,0.006664533168077469,0.7971752882003784,coef_energy_material_checkpoint_lambdas,0.0,4.420967102050781,2.459108352661133,51,R3,4.400018692016602,4.40012389421463
0.0,nan,nan,-0.0028265370056033134,00000_002019_05,8.0,0.010288389399647713,0.01027868315577507,0.9997892379760742,coef_energy_material_checkpoint_lambdas,0.0,4.433250904083252,2.4506797790527344,54,R3,4.400003612041473,4.400123476982117
0.0,nan,nan,-0.0016853862907737494,00000_002019_05,7.0,0.004205684643238783,0.0039163813926279545,0.9808198809623718,coef_energy_material_checkpoint_lambdas,0.0,4.443867206573486,2.4341278076171875,57,R3,4.400003612041473,3.8569491505622864
0.0,nan,nan,3.6811420917510986,00000_002019_05,5.0,4.021288871765137,0.19851183891296387,0.9758604764938354,coef_energy_material_checkpoint_lambdas,0.0,4.4312052726745605,2.4542927742004395,60,R3,4.4000518918037415,0.5603129267692566
0.0,nan,nan,8.041357040405273,00000_002019_06,1.0,8.042099952697754,8.041357040405273,0.9733479022979736,coef_energy_material_checkpoint_lambdas,0.0,4.458241939544678,2.3024652004241943,0,R3,3.6652101278305054,0.47508499026298523
0.0,nan,nan,1.5288728475570679,00000_002019_06,6.0,2.829296112060547,2.7644457817077637,0.9727683663368225,coef_energy_material_checkpoint_lambdas,0.0,4.475255012512207,2.2931911945343018,3,R3,3.3833330273628235,1.3765435218811035
0.0,nan,nan,5.298640727996826,00000_002019_06,7.0,7.456934452056885,7.456844806671143,0.9933383464813232,coef_energy_material_checkpoint_lambdas,0.0,4.476325035095215,2.288709878921509,6,R3,2.889946460723877,0.4626832604408264
0.0,nan,nan,3.8525619506835938,00000_002019_06,3.0,4.079532623291016,4.079166889190674,0.9929196834564209,coef_energy_material_checkpoint_lambdas,0.0,4.478643417358398,2.2959325313568115,9,R3,2.7725329995155334,0.4484536051750183
0.0,nan,nan,2.449842929840088,00000_002019_06,2.0,3.680715322494507,3.674713134765625,0.8822223544120789,coef_energy_material_checkpoint_lambdas,0.0,4.475237846374512,2.293909788131714,12,R3,2.3132186233997345,0.2950083017349243
0.0,nan,nan,0.10026343166828156,00000_002019_06,1.0,4.4937262535095215,4.492607593536377,0.9998906850814819,coef_energy_material_checkpoint_lambdas,0.0,4.470038414001465,2.3954360485076904,39,R3,4.404151618480682,4.404151618480682
0.0,nan,nan,1.3106597661972046,00000_002019_06,1.0,2.8840854167938232,2.5690698623657227,0.9996076226234436,coef_energy_material_checkpoint_lambdas,0.0,4.460516452789307,2.3967385292053223,42,R3,4.400190234184265,4.400190234184265
0.0,nan,nan,-0.08939648419618607,00000_002019_06,2.0,0.24441154301166534,0.2274758666753769,0.9968554973602295,coef_energy_material_checkpoint_lambdas,0.0,4.461750030517578,2.405202865600586,45,R3,4.400042176246643,4.400042176246643
0.0,nan,nan,0.020571254193782806,00000_002019_06,6.0,0.027173958718776703,0.006680997554212809,0.7967511415481567,coef_energy_material_checkpoint_lambdas,0.0,4.448273658752441,2.39582896232605,48,R3,4.400018692016602,4.40012389421463
0.0,nan,nan,0.013786041177809238,00000_002019_06,8.0,0.013831306248903275,0.01283063180744648,0.9978951811790466,coef_energy_material_checkpoint_lambdas,0.0,4.446147918701172,2.400545597076416,51,R3,4.400000095367432,3.859465539455414
0.0,nan,nan,7.022203499218449e-05,00000_002019_06,5.0,7.054149318719283e-05,7.022203499218449e-05,0.04644988104701042,coef_energy_material_checkpoint_lambdas,0.0,4.445537567138672,2.3937301635742188,54,R3,4.400000095367432,3.320471942424774
0.0,nan,nan,0.5276039838790894,00000_002019_06,5.0,0.6340001821517944,0.6216586232185364,0.9725351929664612,coef_energy_material_checkpoint_lambdas,0.0,4.443886756896973,2.3960752487182617,57,R3,4.40012663602829,1.6620670557022095
0.0,nan,nan,4.970322608947754,00000_002019_06,1.0,7.143293380737305,7.142394542694092,0.9473748207092285,coef_energy_material_checkpoint_lambdas,0.0,4.427346706390381,2.4374027252197266,66,R3,4.408887207508087,0.5566219091415405
0.0,nan,nan,0.25943440198898315,00000_002019_06,5.0,0.6950562000274658,0.46072474122047424,0.9993225932121277,coef_energy_material_checkpoint_lambdas,0.0,4.477684020996094,2.3910627365112305,69,R3,4.400003612041473,4.401455283164978
0.0,nan,nan,8.045892715454102,00000_002019_07,1.0,8.04663372039795,8.045892715454102,0.9733440279960632,coef_energy_material_checkpoint_lambdas,0.0,4.461075305938721,2.300901412963867,0,R3,3.6652101278305054,0.47508499026298523
0.0,nan,nan,1.5285171270370483,00000_002019_07,6.0,2.8286330699920654,2.763798475265503,0.9727686643600464,coef_energy_material_checkpoint_lambdas,0.0,4.474185943603516,2.29315185546875,3,R3,3.3833330273628235,1.3765435218811035
0.0,nan,nan,5.298173427581787,00000_002019_07,7.0,7.456206798553467,7.456116676330566,0.993339478969574,coef_energy_material_checkpoint_lambdas,0.0,4.47551965713501,2.2929368019104004,6,R3,2.889946460723877,0.4626832604408264
0.0,nan,nan,3.8541970252990723,00000_002019_07,3.0,4.081235885620117,4.080871105194092,0.9929173588752747,coef_energy_material_checkpoint_lambdas,0.0,4.4812541007995605,2.293497323989868,9,R3,2.7725329995155334,0.4484536051750183
0.0,nan,nan,2.453099012374878,00000_002019_07,2.0,3.6842710971832275,3.678331136703491,0.882070004940033,coef_energy_material_checkpoint_lambdas,0.0,4.48227596282959,2.289903402328491,12,R3,2.3132186233997345,0.2950083017349243
0.0,nan,nan,0.10020171850919724,00000_002019_07,1.0,4.490554332733154,4.489436149597168,0.9998906850814819,coef_energy_material_checkpoint_lambdas,0.0,4.466274261474609,2.4057955741882324,39,R3,4.404151618480682,4.404151618480682
0.0,nan,nan,1.3044745922088623,00000_002019_07,1.0,2.8704121112823486,2.556875228881836,0.9996078610420227,coef_energy_material_checkpoint_lambdas,0.0,4.437585353851318,2.4413676261901855,42,R3,4.400190234184265,4.400190234184265
0.0,nan,nan,-1.2861933708190918,00000_002019_07,2.0,2.8395118713378906,0.8805705904960632,0.9953396916389465,coef_energy_material_checkpoint_lambdas,0.0,4.41279935836792,2.4678399562835693,45,R3,4.401493847370148,0.5610095262527466
0.0,nan,nan,8.222021102905273,00000_002019_07,1.0,8.222893714904785,8.222021102905273,0.9884385466575623,coef_energy_material_checkpoint_lambdas,0.0,4.403339385986328,2.4722859859466553,48,R3,4.404050290584564,0.5673324465751648
0.0,nan,nan,0.23297716677188873,00000_002019_07,5.0,0.2596501111984253,0.11462904512882233,0.9930660128593445,coef_energy_material_checkpoint_lambdas,0.0,4.4046711921691895,2.474200963973999,51,R3,4.400030791759491,4.400030791759491
0.0,nan,nan,0.058769721537828445,00000_002019_07,3.0,0.0707910880446434,0.06946254521608353,0.999625563621521,coef_energy_material_checkpoint_lambdas,0.0,4.3902153968811035,2.4862585067749023,54,R3,4.400000095367432,3.860871136188507
0.0,nan,nan,0.016634352505207062,00000_002019_07,6.0,0.027030929923057556,0.014952934347093105,0.9815231561660767,coef_energy_material_checkpoint_lambdas,0.0,4.391347885131836,2.4882798194885254,57,R3,4.40001517534256,1.6608436703681946
0.0,nan,nan,7.816657066345215,00000_002019_07,1.0,7.816664695739746,7.816657543182373,0.9994083642959595,coef_energy_material_checkpoint_lambdas,0.0,4.405153274536133,2.477710008621216,60,R3,4.403040289878845,0.5611391067504883
0.0,nan,nan,0.27411195635795593,00000_002019_07,7.0,0.4257601499557495,0.3257826268672943,0.9993184804916382,coef_energy_material_checkpoint_lambdas,0.0,4.46904182434082,2.4172983169555664,63,R3,4.400000095367432,4.400000095367432
0.0,nan,nan,0.004565375857055187,00000_002019_07,10.0,0.004997567739337683,0.004565375857055187,0.9853070378303528,coef_energy_material_checkpoint_lambdas,0.0,4.4712419509887695,2.4115638732910156,66,R3,4.400000095367432,4.400000095367432
0.0,nan,nan,0.014945046976208687,00000_002019_07,12.0,0.015417209826409817,0.014945046976208687,0.9945580363273621,coef_energy_material_checkpoint_lambdas,0.0,4.546667098999023,2.3497726917266846,69,R3,4.400000095367432,4.400000095367432
0.0,nan,nan,7.80970573425293,00000_002020_00,1.0,8.145240783691406,2.3137521743774414,0.9915613532066345,coef_energy_material_checkpoint_lambdas,0.0,4.466652870178223,2.2981135845184326,0,R3,3.6638914048671722,3.6638914048671722
0.0,nan,nan,0.04671797156333923,00000_002020_00,3.0,0.08285881578922272,0.015354529023170471,0.9990388751029968,coef_energy_material_checkpoint_lambdas,1.0,4.467226982116699,2.2984507083892822,3,R3,3.3001139163970947,3.614548474550247
0.0,nan,nan,0.004153662361204624,00000_002020_00,6.0,0.040455691516399384,0.031392402946949005,0.9986013174057007,coef_energy_material_checkpoint_lambdas,1.0,4.46842098236084,2.2985167503356934,6,R3,2.8858735859394073,3.2493993043899536
0.0,nan,nan,0.14222532510757446,00000_002020_00,8.0,0.2626374661922455,0.2207949161529541,0.9824981093406677,coef_energy_material_checkpoint_lambdas,0.0,4.475146293640137,2.292790651321411,9,R3,2.4798833429813385,2.4798833429813385
0.0,nan,nan,0.18296220898628235,00000_002020_00,4.0,0.5266934633255005,0.4786092936992645,0.997940182685852,coef_energy_material_checkpoint_lambdas,0.0,4.479172229766846,2.2922863960266113,12,R3,2.2374806702136993,1.8456956148147583
0.0,nan,nan,0.4281086325645447,00000_002020_00,1.0,1.866465449333191,1.8167048692703247,0.9646148085594177,coef_energy_material_checkpoint_lambdas,0.0,4.475776672363281,2.2910895347595215,15,R3,2.594463497400284,0.8093332946300507
0.0,nan,nan,1.377417802810669,00000_002020_00,1.0,2.8624396324157715,2.5092389583587646,0.9995694756507874,coef_energy_material_checkpoint_lambdas,0.0,4.465149879455566,2.378749370574951,45,R3,4.400262653827667,4.400262653827667
0.0,nan,nan,-0.08550934493541718,00000_002020_00,3.0,0.2317083477973938,0.21535299718379974,0.9992247819900513,coef_energy_material_checkpoint_lambdas,0.0,4.441266059875488,2.383763074874878,48,R3,4.4000988602638245,4.4000988602638245
0.0,nan,nan,2.9702961444854736,00000_002020_00,6.0,4.201117038726807,2.9702963829040527,0.999945342540741,coef_energy_material_checkpoint_lambdas,0.0,4.434670448303223,2.382866859436035,51,R3,4.40002977848053,0.5578073263168335
0.0,nan,nan,2.671387195587158,00000_002020_00,7.0,4.411633491516113,0.5936031341552734,0.9996644854545593,coef_energy_material_checkpoint_lambdas,0.0,4.438518047332764,2.415543556213379,57,R3,4.400101363658905,4.400102436542511
0.0,nan,nan,0.00017708621453493834,00000_002020_00,6.0,0.0005463279667310417,0.00017708621453493834,-0.008100156672298908,coef_energy_material_checkpoint_lambdas,0.0,4.438930034637451,2.418806552886963,60,R3,4.400000095367432,4.408165216445923
0.0,nan,nan,0.07029395550489426,00000_002020_00,7.0,0.07163286209106445,0.059452809393405914,0.9989495873451233,coef_energy_material_checkpoint_lambdas,0.0,4.432322978973389,2.420342206954956,63,R3,4.400000095367432,2.7581613659858704
0.0,nan,nan,0.23682448267936707,00000_002020_00,5.0,0.2781115770339966,0.06435778737068176,0.8088400959968567,coef_energy_material_checkpoint_lambdas,0.0,4.4307122230529785,2.4135773181915283,66,R3,4.400037586688995,1.1079457998275757
0.0,nan,nan,8.090826034545898,00000_002020_00,1.0,8.091185569763184,5.66712760925293,0.9868823885917664,coef_energy_material_checkpoint_lambdas,0.0,4.485401153564453,2.3715336322784424,72,R3,4.402884304523468,0.556403398513794
0.0,nan,nan,7.816636085510254,00000_002020_01,1.0,8.152477264404297,2.3158352375030518,0.9915608763694763,coef_energy_material_checkpoint_lambdas,0.0,4.470739841461182,2.2997918128967285,0,R3,3.6638914048671722,3.6638914048671722
0.0,nan,nan,0.04673251509666443,00000_002020_01,3.0,0.08288847655057907,0.015362621285021305,0.9990403056144714,coef_energy_material_checkpoint_lambdas,1.0,4.465579032897949,2.299335241317749,3,R3,3.3001139163970947,3.614548474550247
0.0,nan,nan,0.004156345501542091,00000_002020_01,6.0,0.04040323197841644,0.0313568077981472,0.9985905885696411,coef_energy_material_checkpoint_lambdas,1.0,4.479549407958984,2.294311761856079,6,R3,2.8858735859394073,3.2493993043899536
0.0,nan,nan,0.1425188183784485,00000_002020_01,8.0,0.2630090117454529,0.2210477888584137,0.9825757741928101,coef_energy_material_checkpoint_lambdas,0.0,4.471607208251953,2.2975220680236816,9,R3,2.4798833429813385,2.4798833429813385
0.0,nan,nan,0.1828646957874298,00000_002020_01,4.0,0.5263573527336121,0.4783124327659607,0.9979376196861267,coef_energy_material_checkpoint_lambdas,0.0,4.479029655456543,2.2907731533050537,12,R3,2.2374806702136993,1.8456956148147583
0.0,nan,nan,0.4279823303222656,00000_002020_01,1.0,1.8661820888519287,1.8164434432983398,0.9646238088607788,coef_energy_material_checkpoint_lambdas,0.0,4.474545001983643,2.294767141342163,15,R3,2.594463497400284,0.8093332946300507
0.0,nan,nan,1.3775827884674072,00000_002020_01,1.0,2.862762212753296,2.509516477584839,0.9995695948600769,coef_energy_material_checkpoint_lambdas,0.0,4.4650702476501465,2.3963985443115234,45,R3,4.400262653827667,4.400262653827667
0.0,nan,nan,-0.08583113551139832,00000_002020_01,3.0,0.23258483409881592,0.21616826951503754,0.9992250204086304,coef_energy_material_checkpoint_lambdas,0.0,4.457197189331055,2.4218413829803467,48,R3,4.4000988602638245,4.4000988602638245
0.0,nan,nan,0.10712095350027084,00000_002020_01,5.0,0.12327253073453903,0.1024675965309143,0.9912466406822205,coef_energy_material_checkpoint_lambdas,0.0,4.424248695373535,2.4577555656433105,51,R3,4.400028228759766,4.4006155133247375
0.0,nan,nan,0.07034473121166229,00000_002020_01,7.0,0.07168381661176682,0.07034473866224289,0.9989136457443237,coef_energy_material_checkpoint_lambdas,0.0,4.431551456451416,2.4496872425079346,54,R3,4.4000009298324585,4.402209281921387
0.0,nan,nan,0.0011420769151300192,00000_002020_01,5.0,0.02170698158442974,0.0011420769151300192,0.9973911046981812,coef_energy_material_checkpoint_lambdas,0.0,4.439527988433838,2.4359490871429443,57,R3,4.400000631809235,1.6676440834999084
0.0,nan,nan,6.144323348999023,00000_002020_01,3.0,8.311665534973145,7.253181457519531,0.997922420501709,coef_energy_material_checkpoint_lambdas,0.0,4.4510040283203125,2.4246304035186768,60,R3,4.401480138301849,0.5881181359291077
0.0,nan,nan,4.0916428565979,00000_002020_01,1.0,4.644564151763916,4.091642379760742,0.99673992395401,coef_energy_material_checkpoint_lambdas,0.0,4.439891338348389,2.395836114883423,69,R3,4.413164913654327,0.5784652829170227
0.0,nan,nan,7.806303977966309,00000_002020_02,1.0,8.141670227050781,2.3126609325408936,0.9915626645088196,coef_energy_material_checkpoint_lambdas,0.0,4.464358329772949,2.298133373260498,0,R3,3.6638914048671722,3.6638914048671722
0.0,nan,nan,0.04673662409186363,00000_002020_02,3.0,0.08289515972137451,0.015363456681370735,0.9990401268005371,coef_energy_material_checkpoint_lambdas,1.0,4.466444492340088,2.299511194229126,3,R3,3.3001139163970947,3.614548474550247
0.0,nan,nan,0.004152762703597546,00000_002020_02,6.0,0.040408458560705185,0.031358253210783005,0.9985959529876709,coef_energy_material_checkpoint_lambdas,1.0,4.471487045288086,2.295233964920044,6,R3,2.8858735859394073,3.2493993043899536
0.0,nan,nan,0.14232651889324188,00000_002020_02,8.0,0.26273900270462036,0.22085051238536835,0.9825371503829956,coef_energy_material_checkpoint_lambdas,0.0,4.47193717956543,2.294421672821045,9,R3,2.4798833429813385,2.4798833429813385
0.0,nan,nan,0.1830248385667801,00000_002020_02,4.0,0.5268939733505249,0.4787883758544922,0.9979410767555237,coef_energy_material_checkpoint_lambdas,0.0,4.479888916015625,2.293177366256714,12,R3,2.2374806702136993,1.8456956148147583
0.0,nan,nan,0.4269207715988159,00000_002020_02,1.0,1.8618205785751343,1.8122127056121826,0.9646326303482056,coef_energy_material_checkpoint_lambdas,0.0,4.463533878326416,2.293438196182251,15,R3,2.594463497400284,0.8093332946300507
0.0,nan,nan,6.106043815612793,00000_002020_02,1.0,7.231636047363281,7.017968654632568,0.9933711886405945,coef_energy_material_checkpoint_lambdas,0.0,4.435357093811035,2.3740479946136475,42,R3,4.4041178822517395,0.5727579593658447
0.0,nan,nan,7.02527379989624,00000_002020_02,2.0,7.02527379989624,4.9680495262146,0.9999959468841553,coef_energy_material_checkpoint_lambdas,0.0,4.423623561859131,2.398245096206665,51,R3,4.402781307697296,4.403781175613403
0.0,nan,nan,0.29045042395591736,00000_002020_02,9.0,0.38457199931144714,0.29045042395591736,0.9975953102111816,coef_energy_material_checkpoint_lambdas,0.0,4.423192024230957,2.394300699234009,54,R3,4.400000989437103,4.402807593345642
0.0,nan,nan,0.26068562269210815,00000_002020_02,10.0,0.6979913115501404,0.46254464983940125,0.9982290267944336,coef_energy_material_checkpoint_lambdas,0.0,4.518761157989502,2.3498740196228027,57,R3,4.400003373622894,4.400006890296936
0.0,nan,nan,0.026836160570383072,00000_002020_03,4.0,0.028448572382330894,0.02044622227549553,0.9999812245368958,coef_energy_material_checkpoint_lambdas,0.0,4.482827663421631,2.353377342224121,0,R3,3.398227035999298,3.099491834640503
0.0,nan,nan,0.26196110248565674,00000_002020_03,5.0,0.5062767863273621,0.5046497583389282,0.8965827226638794,coef_energy_material_checkpoint_lambdas,0.0,4.488731384277344,2.3466591835021973,3,R3,2.837123215198517,1.46043461561203
0.0,nan,nan,1.4124743938446045,00000_002020_03,6.0,6.975300312042236,5.8288702964782715,-0.288442999124527,coef_energy_material_checkpoint_lambdas,0.0,4.484031677246094,2.343555212020874,6,R3,2.6853804290294647,0.3337399959564209
0.0,nan,nan,5.147116661071777,00000_002020_03,3.0,7.411607265472412,7.4104437828063965,0.9715775847434998,coef_energy_material_checkpoint_lambdas,0.0,4.483348846435547,2.3240180015563965,9,R3,2.4186801612377167,0.2625632882118225
0.0,nan,nan,6.878815650939941,00000_002020_03,3.0,7.61550760269165,5.999017715454102,0.9786531925201416,coef_energy_material_checkpoint_lambdas,0.0,4.487007141113281,2.308202028274536,12,R3,2.117599219083786,0.2782212197780609
0.0,nan,nan,5.720259189605713,00000_002020_03,1.0,6.2667341232299805,2.5594122409820557,0.9756003618240356,coef_energy_material_checkpoint_lambdas,0.0,4.47935676574707,2.299221992492676,18,R3,2.1815138161182404,0.3932284414768219
0.0,nan,nan,1.8868632316589355,00000_002020_03,1.0,3.417771100997925,0.41322803497314453,-0.034964945167303085,coef_energy_material_checkpoint_lambdas,0.0,4.472830772399902,2.364882707595825,24,R3,4.272691398859024,0.42232900857925415
0.0,nan,nan,1.723484992980957,00000_002020_03,1.0,4.184098720550537,3.812647581100464,0.9970594644546509,coef_energy_material_checkpoint_lambdas,0.0,4.46739387512207,2.3954215049743652,45,R3,4.400903820991516,4.400903820991516
0.0,nan,nan,0.011335549876093864,00000_002020_03,1.0,0.05618443340063095,0.055029042065143585,0.9709920287132263,coef_energy_material_checkpoint_lambdas,0.0,4.454716205596924,2.3764212131500244,48,R3,4.400117218494415,4.400117218494415
0.0,nan,nan,-0.0014851136365905404,00000_002020_03,4.0,0.2516838014125824,0.17901435494422913,0.9861570000648499,coef_energy_material_checkpoint_lambdas,0.0,4.425459861755371,2.390618324279785,51,R3,4.400039553642273,2.762571334838867
0.0,nan,nan,4.164261817932129,00000_002020_03,5.0,4.167490005493164,3.8987045288085938,0.9985482692718506,coef_energy_material_checkpoint_lambdas,0.0,4.417802333831787,2.395256996154785,54,R3,4.400150120258331,0.559221088886261
0.0,nan,nan,3.130486011505127,00000_002020_03,5.0,7.369846343994141,7.319498062133789,0.9847277402877808,coef_energy_material_checkpoint_lambdas,0.0,4.411301612854004,2.403444528579712,57,R3,4.400671064853668,4.402701497077942
0.0,nan,nan,0.003684522118419409,00000_002020_03,8.0,0.014959744177758694,0.007646922953426838,0.9847068786621094,coef_energy_material_checkpoint_lambdas,0.0,4.401854991912842,2.41689395904541,60,R3,4.400000095367432,4.401854574680328
0.0,nan,nan,-0.003655690234154463,00000_002020_03,9.0,0.01488353032618761,0.007616885006427765,0.9945614337921143,coef_energy_material_checkpoint_lambdas,0.0,4.387912750244141,2.4229347705841064,63,R3,4.400000095367432,4.402850270271301
0.0,nan,nan,2.863588571548462,00000_002020_03,9.0,2.863588571548462,2.863588571548462,1.0,coef_energy_material_checkpoint_lambdas,0.0,4.4103779792785645,2.4203271865844727,66,R3,4.400017738342285,4.4009957909584045
0.0,nan,nan,0.2444310039281845,00000_002020_03,12.0,0.25809067487716675,0.2444310039281845,0.999491274356842,coef_energy_material_checkpoint_lambdas,0.0,4.396356105804443,2.447309732437134,69,R3,4.400000095367432,4.400003612041473
0.0,nan,nan,0.0007875753217376769,00000_002020_03,12.0,0.0011132936924695969,0.0007875753217376769,0.9997426271438599,coef_energy_material_checkpoint_lambdas,0.0,4.446763038635254,2.4018914699554443,72,R3,4.400000095367432,4.400000095367432
0.0,nan,nan,5.815839813294588e-06,00000_002020_03,13.0,6.629025392612675e-06,1.8629772284839419e-06,0.0,coef_energy_material_checkpoint_lambdas,0.0,4.582911491394043,2.3275227546691895,75,R3,4.400000095367432,4.400000095367432
0.0,nan,nan,7.806637763977051,00000_002020_04,1.0,8.141936302185059,2.3124725818634033,0.9915670156478882,coef_energy_material_checkpoint_lambdas,0.0,4.46334981918335,2.301734209060669,0,R3,3.6638914048671722,3.6638914048671722
0.0,nan,nan,0.04670148715376854,00000_002020_04,3.0,0.08283489942550659,0.015353661961853504,0.9990406632423401,coef_energy_material_checkpoint_lambdas,1.0,4.461475372314453,2.2978720664978027,3,R3,3.3001139163970947,3.614548474550247
0.0,nan,nan,0.004153894260525703,00000_002020_04,6.0,0.04039265960454941,0.031347740441560745,0.9985923171043396,coef_energy_material_checkpoint_lambdas,1.0,4.475517749786377,2.2939183712005615,6,R3,2.8858735859394073,3.2493993043899536
0.0,nan,nan,0.14269189536571503,00000_002020_04,8.0,0.2631961703300476,0.22115884721279144,0.9826359152793884,coef_energy_material_checkpoint_lambdas,0.0,4.467125415802002,2.300312042236328,9,R3,2.4798833429813385,2.4798833429813385
0.0,nan,nan,0.18285520374774933,00000_002020_04,4.0,0.5265219211578369,0.4784323275089264,0.9979463815689087,coef_energy_material_checkpoint_lambdas,0.0,4.471025466918945,2.2916641235351562,12,R3,2.2374806702136993,1.8456956148147583
0.0,nan,nan,0.42838817834854126,00000_002020_04,1.0,1.8679347038269043,1.8181483745574951,0.9646231532096863,coef_energy_material_checkpoint_lambdas,0.0,4.478781700134277,2.296668529510498,15,R3,2.594463497400284,0.8093332946300507
0.0,nan,nan,1.1410406827926636,00000_002020_04,4.0,1.899603009223938,1.1410406827926636,0.9908238649368286,coef_energy_material_checkpoint_lambdas,0.0,4.433833122253418,2.439521551132202,54,R3,4.400091707706451,0.5597161650657654
0.0,nan,nan,5.770442485809326,00000_002020_04,2.0,5.803534507751465,5.770442485809326,0.9827924370765686,coef_energy_material_checkpoint_lambdas,0.0,4.421432971954346,2.4602608680725098,57,R3,4.401934504508972,0.5603070259094238
0.0,nan,nan,4.903929233551025,00000_002020_04,1.0,6.994089126586914,4.98685884475708,0.9705737233161926,coef_energy_material_checkpoint_lambdas,0.0,4.389609336853027,2.4858741760253906,60,R3,4.402571260929108,4.402571260929108
0.0,nan,nan,0.37638503313064575,00000_002020_04,7.0,0.48437395691871643,0.48172786831855774,0.9807490110397339,coef_energy_material_checkpoint_lambdas,0.0,4.411757946014404,2.4725003242492676,63,R3,4.400009453296661,4.400256454944611
0.0,nan,nan,0.05687767639756203,00000_002020_04,7.0,0.07349450141191483,0.07313037663698196,0.9970024824142456,coef_energy_material_checkpoint_lambdas,0.0,4.536904811859131,2.365817070007324,66,R3,4.400000333786011,4.400007367134094
0.0,nan,nan,7.816217422485352,00000_002020_05,1.0,8.152026176452637,2.3156585693359375,0.991561770439148,coef_energy_material_checkpoint_lambdas,0.0,4.470280647277832,2.3003127574920654,0,R3,3.6638914048671722,3.6638914048671722
0.0,nan,nan,0.046773459762334824,00000_002020_05,3.0,0.08296269923448563,0.015377448871731758,0.9990408420562744,coef_energy_material_checkpoint_lambdas,1.0,4.468237400054932,2.301419734954834,3,R3,3.3001139163970947,3.614548474550247
0.0,nan,nan,0.004151413682848215,00000_002020_05,6.0,0.04039357602596283,0.03134681656956673,0.9985957145690918,coef_energy_material_checkpoint_lambdas,1.0,4.470219135284424,2.294361114501953,6,R3,2.8858735859394073,3.2493993043899536
0.0,nan,nan,0.1425132155418396,00000_002020_05,8.0,0.26301082968711853,0.22105354070663452,0.982570230960846,coef_energy_material_checkpoint_lambdas,0.0,4.472343444824219,2.297431468963623,9,R3,2.4798833429813385,2.4798833429813385
0.0,nan,nan,0.18274056911468506,00000_002020_05,4.0,0.5258687734603882,0.4778887927532196,0.9979318380355835,coef_energy_material_checkpoint_lambdas,0.0,4.48130464553833,2.288527250289917,12,R3,2.2374806702136993,1.8456956148147583
0.0,nan,nan,0.42810869216918945,00000_002020_05,1.0,1.866639256477356,1.8168833255767822,0.9646205902099609,coef_energy_material_checkpoint_lambdas,0.0,4.475833892822266,2.2939224243164062,15,R3,2.594463497400284,0.8093332946300507
0.0,nan,nan,1.3786946535110474,00000_002020_05,1.0,2.8650760650634766,2.5115456581115723,0.9995695948600769,coef_energy_material_checkpoint_lambdas,0.0,4.468776226043701,2.395439386367798,45,R3,4.400262653827667,4.400262653827667
0.0,nan,nan,-0.08591669797897339,00000_002020_05,3.0,0.2328117936849594,0.21637849509716034,0.9992246627807617,coef_energy_material_checkpoint_lambdas,0.0,4.462490558624268,2.3926212787628174,48,R3,4.4000988602638245,4.4000988602638245
0.0,nan,nan,0.10747683048248291,00000_002020_05,5.0,0.1236729547381401,0.10279153287410736,0.9912294745445251,coef_energy_material_checkpoint_lambdas,0.0,4.442935943603516,2.383605480194092,51,R3,4.400028228759766,4.4006155133247375
0.0,nan,nan,0.00042113475501537323,00000_002020_05,6.0,0.014991904608905315,0.014350131154060364,0.9896792769432068,coef_energy_material_checkpoint_lambdas,0.0,4.414724826812744,2.3956356048583984,54,R3,4.400003671646118,4.400040030479431
0.0,nan,nan,0.05249619111418724,00000_002020_05,7.0,0.07442043721675873,0.07442022114992142,0.999130129814148,coef_energy_material_checkpoint_lambdas,0.0,4.432051658630371,2.3925914764404297,57,R3,4.400000631809235,4.400007367134094
0.0,nan,nan,0.00017691570974420756,00000_002020_05,6.0,0.0005458066589199007,0.00024000836128834635,-0.008092476986348629,coef_energy_material_checkpoint_lambdas,0.0,4.434688091278076,2.405834197998047,60,R3,4.400000095367432,3.8569374680519104
0.0,nan,nan,0.0004490046121645719,00000_002020_05,8.0,0.000798496010247618,0.000149405503179878,0.8397160172462463,coef_energy_material_checkpoint_lambdas,0.0,4.461521625518799,2.3856582641601562,63,R3,4.400000333786011,2.219464421272278
0.0,nan,nan,4.247878551483154,00000_002020_05,5.0,4.4461588859558105,2.588876485824585,0.9791044592857361,coef_energy_material_checkpoint_lambdas,0.0,4.543195724487305,2.3388638496398926,66,R3,4.40005487203598,0.5789448618888855
0.0,nan,nan,7.8049116134643555,00000_002020_06,1.0,8.140114784240723,2.311887502670288,0.9915682077407837,coef_energy_material_checkpoint_lambdas,0.0,4.462054252624512,2.302128553390503,0,R3,3.6638914048671722,3.6638914048671722
0.0,nan,nan,0.0467597097158432,00000_002020_06,3.0,0.0829349011182785,0.015370012260973454,0.9990395903587341,coef_energy_material_checkpoint_lambdas,1.0,4.469598293304443,2.3005943298339844,3,R3,3.3001139163970947,3.614548474550247
0.0,nan,nan,0.004153604153543711,00000_002020_06,6.0,0.0403786301612854,0.03133758157491684,0.9985909461975098,coef_energy_material_checkpoint_lambdas,1.0,4.476379871368408,2.2929468154907227,6,R3,2.8858735859394073,3.2493993043899536
0.0,nan,nan,0.14224466681480408,00000_002020_06,8.0,0.2626248896121979,0.22076748311519623,0.9825202226638794,coef_energy_material_checkpoint_lambdas,0.0,4.472134590148926,2.293102264404297,9,R3,2.4798833429813385,2.4798833429813385
0.0,nan,nan,0.18296198546886444,00000_002020_06,4.0,0.5269106030464172,0.47877293825149536,0.9979499578475952,coef_energy_material_checkpoint_lambdas,0.0,4.470345973968506,2.2934298515319824,12,R3,2.2374806702136993,1.8456956148147583
0.0,nan,nan,0.42821258306503296,00000_002020_06,1.0,1.8671284914016724,1.8173614740371704,0.9646217823028564,coef_energy_material_checkpoint_lambdas,0.0,4.476933002471924,2.295064687728882,15,R3,2.594463497400284,0.8093332946300507
0.0,nan,nan,1.9855797290802002,00000_002020_06,2.0,2.0945980548858643,0.9324170351028442,0.9952086806297302,coef_energy_material_checkpoint_lambdas,0.0,4.409097194671631,2.4434680938720703,54,R3,4.40104478597641,0.557220458984375
0.0,nan,nan,4.170958995819092,00000_002020_06,3.0,6.039754867553711,5.463072776794434,0.9958701133728027,coef_energy_material_checkpoint_lambdas,0.0,4.557492256164551,2.3437657356262207,63,R3,4.400617897510529,4.401612401008606
0.0,nan,nan,7.8143439292907715,00000_002020_07,1.0,8.150125503540039,2.3152928352355957,0.9915587902069092,coef_energy_material_checkpoint_lambdas,0.0,4.470000267028809,2.297450065612793,0,R3,3.6638914048671722,3.6638914048671722
0.0,nan,nan,0.04673099145293236,00000_002020_07,3.0,0.08288777619600296,0.015363830141723156,0.9990409016609192,coef_energy_material_checkpoint_lambdas,1.0,4.463861465454102,2.2993476390838623,3,R3,3.3001139163970947,3.614548474550247
0.0,nan,nan,0.004151325672864914,00000_002020_07,6.0,0.040407728403806686,0.0313568189740181,0.9985977411270142,coef_energy_material_checkpoint_lambdas,1.0,4.4685516357421875,2.295398712158203,6,R3,2.8858735859394073,3.2493993043899536
0.0,nan,nan,0.14229603111743927,00000_002020_07,8.0,0.2626090943813324,0.22071561217308044,0.9825707077980042,coef_energy_material_checkpoint_lambdas,0.0,4.465460300445557,2.2939302921295166,9,R3,2.4798833429813385,2.4798833429813385
0.0,nan,nan,0.18323427438735962,00000_002020_07,4.0,0.5275737643241882,0.47939419746398926,0.9979445338249207,coef_energy_material_checkpoint_lambdas,0.0,4.481900215148926,2.296205997467041,12,R3,2.2374806702136993,1.8456956148147583
0.0,nan,nan,0.4286110997200012,00000_002020_07,1.0,1.8685097694396973,1.8186867237091064,0.9646099805831909,coef_energy_material_checkpoint_lambdas,0.0,4.48098087310791,2.291393756866455,15,R3,2.594463497400284,0.8093332946300507
0.0,nan,nan,3.033669948577881,00000_002020_07,2.0,6.2530999183654785,5.1587233543396,0.990890383720398,coef_energy_material_checkpoint_lambdas,0.0,4.461015701293945,2.4223668575286865,54,R3,4.400693893432617,0.5597161650657654
0.0,nan,nan,5.773297309875488,00000_002020_07,2.0,5.80640172958374,5.773297309875488,0.9827913045883179,coef_energy_material_checkpoint_lambdas,0.0,4.423763751983643,2.459481954574585,57,R3,4.401934504508972,0.5603070259094238
0.0,nan,nan,4.900757312774658,00000_002020_07,1.0,6.989629745483398,4.983724117279053,0.9705759286880493,coef_energy_material_checkpoint_lambdas,0.0,4.3866496086120605,2.4869818687438965,60,R3,4.402571260929108,4.402571260929108
0.0,nan,nan,0.37431979179382324,00000_002020_07,7.0,0.48175111413002014,0.4791238605976105,0.9807664155960083,coef_energy_material_checkpoint_lambdas,0.0,4.385898590087891,2.491580009460449,63,R3,4.400009453296661,4.400256454944611
0.0,nan,nan,0.055082354694604874,00000_002020_07,7.0,0.07118990272283554,0.0708390474319458,0.9970226287841797,coef_energy_material_checkpoint_lambdas,0.0,4.3798418045043945,2.4986507892608643,66,R3,4.400000333786011,4.400007367134094
0.0,nan,nan,0.004757399205118418,00000_002020_07,12.0,0.005276066716760397,0.004977065604180098,0.9897283315658569,coef_energy_material_checkpoint_lambdas,0.0,4.371041774749756,2.5065994262695312,69,R3,4.400000095367432,4.400000095367432
0.0,nan,nan,1.3702943135740497e-07,00000_002020_07,13.0,1.9895314835594036e-06,1.3065759958408307e-06,0.0,coef_energy_material_checkpoint_lambdas,0.0,4.430351734161377,2.4607152938842773,72,R3,4.400000095367432,4.400122582912445
0.0,nan,nan,-0.00016450697148684412,00000_002020_07,14.0,0.0008323017973452806,0.0008158821729011834,0.0,coef_energy_material_checkpoint_lambdas,0.0,4.580053806304932,2.328065872192383,75,R3,4.400000095367432,4.400000095367432
0.0,nan,nan,7.487412452697754,00000_002033_00,1.0,7.819883346557617,2.2559330463409424,0.9897152185440063,coef_energy_material_checkpoint_lambdas,0.0,4.471702575683594,2.2918806076049805,0,R3,3.710086405277252,3.710086405277252
0.0,nan,nan,-0.04372511804103851,00000_002033_00,6.0,0.044223591685295105,0.02623644471168518,0.9993206858634949,coef_energy_material_checkpoint_lambdas,1.0,4.470081806182861,2.2948641777038574,3,R3,3.4804581701755524,3.787100613117218
0.0,nan,nan,-0.007042888551950455,00000_002033_00,7.0,0.10643292218446732,0.02690180391073227,0.9923858642578125,coef_energy_material_checkpoint_lambdas,1.0,4.485051155090332,2.2835922241210938,6,R3,3.0411185324192047,3.614722967147827
0.0,nan,nan,0.1508456915616989,00000_002033_00,7.0,0.15371569991111755,0.13375550508499146,0.9188488125801086,coef_energy_material_checkpoint_lambdas,0.0,4.477470874786377,2.2915897369384766,9,R3,2.488447070121765,2.936019390821457
0.0,nan,nan,3.122551679611206,00000_002033_00,4.0,3.4073894023895264,3.3935866355895996,0.9153525829315186,coef_energy_material_checkpoint_lambdas,0.0,4.4774346351623535,2.283637523651123,12,R3,2.4155904948711395,1.236820012331009
0.0,nan,nan,6.385432243347168,00000_002033_00,3.0,7.531260013580322,7.338844299316406,0.9837978482246399,coef_energy_material_checkpoint_lambdas,0.0,4.475694179534912,2.2984166145324707,15,R3,2.2431147396564484,0.29245883226394653
0.0,nan,nan,1.560259461402893,00000_002033_00,1.0,1.5769771337509155,0.4929329752922058,-0.7373190522193909,coef_energy_material_checkpoint_lambdas,0.0,4.46921443939209,2.367719888687134,33,R3,4.399956047534943,1.6543669700622559
0.0,nan,nan,7.292580604553223,00000_002033_00,3.0,7.344077110290527,5.770528793334961,0.9587268829345703,coef_energy_material_checkpoint_lambdas,0.0,4.441064357757568,2.4380156993865967,39,R3,4.401955962181091,4.402383267879486
0.0,nan,nan,0.11897607147693634,00000_002033_00,1.0,4.4496378898620605,3.2293732166290283,0.9868040084838867,coef_energy_material_checkpoint_lambdas,0.0,4.416167736053467,2.464545249938965,42,R3,4.405633747577667,0.568928599357605
0.0,nan,nan,8.180319786071777,00000_002033_00,1.0,8.182035446166992,8.180320739746094,0.9720152020454407,coef_energy_material_checkpoint_lambdas,0.0,4.4232330322265625,2.4570417404174805,45,R3,4.4110870361328125,0.5729906558990479
0.0,nan,nan,0.37695807218551636,00000_002033_00,4.0,0.4841504991054535,0.051719073206186295,0.9768197536468506,coef_energy_material_checkpoint_lambdas,0.0,4.423590183258057,2.4578986167907715,51,R3,4.4000221490859985,2.225558280944824
0.0,nan,nan,4.498859405517578,00000_002033_00,3.0,4.498867511749268,3.1870944499969482,0.9971981644630432,coef_energy_material_checkpoint_lambdas,0.0,4.389960289001465,2.4818108081817627,54,R3,4.400113105773926,0.5675012469291687
0.0,nan,nan,6.280014514923096,00000_002033_00,2.0,7.051456451416016,5.028284072875977,0.9808093905448914,coef_energy_material_checkpoint_lambdas,0.0,4.387776851654053,2.4852731227874756,57,R3,4.40196967124939,4.402035713195801
0.0,nan,nan,0.007554105017334223,00000_002033_00,8.0,0.007624872028827667,0.003372055944055319,0.7082043886184692,coef_energy_material_checkpoint_lambdas,0.0,4.389497756958008,2.4881107807159424,60,R3,4.400000095367432,4.400000691413879
0.0,nan,nan,0.0007877632742747664,00000_002033_00,8.0,0.000803617003839463,0.0006693477043882012,0.0,coef_energy_material_checkpoint_lambdas,0.0,4.422204971313477,2.4643008708953857,63,R3,4.400000095367432,4.400000095367432
0.0,nan,nan,7.53377271678346e-09,00000_002033_00,13.0,7.370668697603833e-08,4.651834828450774e-08,0.0,coef_energy_material_checkpoint_lambdas,0.0,4.478710174560547,2.4136672019958496,66,R3,4.400000095367432,4.400000095367432
0.0,nan,nan,2.056283365803324e-09,00000_002033_00,14.0,2.0683610379990114e-09,2.231966139687458e-10,0.0,coef_energy_material_checkpoint_lambdas,0.0,4.567428112030029,2.3307271003723145,69,R3,4.400000095367432,4.400000095367432
0.0,nan,nan,7.476910591125488,00000_002033_01,1.0,7.808794975280762,2.2523491382598877,0.9897224307060242,coef_energy_material_checkpoint_lambdas,0.0,4.463770866394043,2.295403242111206,0,R3,3.710086405277252,3.710086405277252
0.0,nan,nan,-0.04364612698554993,00000_002033_01,6.0,0.04414428770542145,0.02618626318871975,0.9993174076080322,coef_energy_material_checkpoint_lambdas,1.0,4.472734451293945,2.2911624908447266,3,R3,3.4804581701755524,3.787100613117218
0.0,nan,nan,-0.007107842713594437,00000_002033_01,7.0,0.10662632435560226,0.026900112628936768,0.9924460649490356,coef_energy_material_checkpoint_lambdas,1.0,4.475453853607178,2.288447141647339,6,R3,3.0411185324192047,3.614722967147827
0.0,nan,nan,0.1508295089006424,00000_002033_01,7.0,0.15373092889785767,0.13368912041187286,0.9192626476287842,coef_energy_material_checkpoint_lambdas,0.0,4.466962814331055,2.294837474822998,9,R3,2.488447070121765,2.936019390821457
0.0,nan,nan,3.1190664768218994,00000_002033_01,4.0,3.404053211212158,3.390167713165283,0.9154788851737976,coef_energy_material_checkpoint_lambdas,0.0,4.469858169555664,2.289334297180176,12,R3,2.4155904948711395,1.236820012331009
0.0,nan,nan,6.379739284515381,00000_002033_01,3.0,7.524559020996094,7.332319259643555,0.9837983250617981,coef_energy_material_checkpoint_lambdas,0.0,4.471640586853027,2.296889543533325,15,R3,2.2431147396564484,0.29245883226394653
0.0,nan,nan,1.5588006973266602,00000_002033_01,1.0,1.5755220651626587,0.4923538565635681,-0.7372629046440125,coef_energy_material_checkpoint_lambdas,0.0,4.4654951095581055,2.3677737712860107,33,R3,4.399956047534943,1.6543669700622559
0.0,nan,nan,7.325623512268066,00000_002033_01,3.0,7.377185344696045,5.795670032501221,0.9586724638938904,coef_energy_material_checkpoint_lambdas,0.0,4.463963985443115,2.3933773040771484,39,R3,4.401955962181091,4.402383267879486
0.0,nan,nan,0.0426216647028923,00000_002033_01,1.0,0.41620805859565735,0.41402000188827515,0.97972571849823,coef_energy_material_checkpoint_lambdas,0.0,4.46513032913208,2.391423225402832,42,R3,4.400163114070892,4.400163114070892
0.0,nan,nan,0.033334508538246155,00000_002033_01,3.0,0.06257790327072144,0.05296040326356888,0.9989724159240723,coef_energy_material_checkpoint_lambdas,0.0,4.444211959838867,2.387118339538574,45,R3,4.400120735168457,4.400120735168457
0.0,nan,nan,-0.08820547163486481,00000_002033_01,4.0,0.15060625970363617,0.023948602378368378,0.985684335231781,coef_energy_material_checkpoint_lambdas,0.0,4.413198471069336,2.4009971618652344,48,R3,4.4000988602638245,1.6696654558181763
0.0,nan,nan,8.166875839233398,00000_002033_01,1.0,8.166972160339355,8.166874885559082,0.9983987808227539,coef_energy_material_checkpoint_lambdas,0.0,4.410168647766113,2.3996853828430176,51,R3,4.403190493583679,0.5780963897705078
0.0,nan,nan,6.21865177154541,00000_002033_01,4.0,6.952352523803711,4.915615081787109,0.9999939203262329,coef_energy_material_checkpoint_lambdas,0.0,4.397920608520508,2.4107236862182617,54,R3,4.400810241699219,4.400968492031097
0.0,nan,nan,0.0010722456499934196,00000_002033_01,9.0,0.0010828786762431264,0.0001513784663984552,0.5383670926094055,coef_energy_material_checkpoint_lambdas,0.0,4.38730525970459,2.418994665145874,57,R3,4.400000095367432,4.400000095367432
0.0,nan,nan,2.120650378856226e-06,00000_002033_01,11.0,5.464983132696943e-06,5.061048341303831e-06,0.0,coef_energy_material_checkpoint_lambdas,0.0,4.475194931030273,2.3756518363952637,60,R3,4.400000095367432,4.400000095367432
0.0,nan,nan,7.487362861633301,00000_002033_02,1.0,7.819802761077881,2.25581955909729,0.9897168874740601,coef_energy_material_checkpoint_lambdas,0.0,4.471284866333008,2.293440818786621,0,R3,3.710086405277252,3.710086405277252
0.0,nan,nan,-0.0436893068253994,00000_002033_02,6.0,0.04418785497546196,0.026212669909000397,0.9993180632591248,coef_energy_material_checkpoint_lambdas,1.0,4.475228786468506,2.293349266052246,3,R3,3.4804581701755524,3.787100613117218
0.0,nan,nan,-0.007071610540151596,00000_002033_02,7.0,0.10659029334783554,0.026923827826976776,0.9924070239067078,coef_energy_material_checkpoint_lambdas,1.0,4.485453128814697,2.2872164249420166,6,R3,3.0411185324192047,3.614722967147827
0.0,nan,nan,0.15080168843269348,00000_002033_02,7.0,0.1536809653043747,0.13369984924793243,0.9189810752868652,coef_energy_material_checkpoint_lambdas,0.0,4.472962379455566,2.292037010192871,9,R3,2.488447070121765,2.936019390821457
0.0,nan,nan,3.1199703216552734,00000_002033_02,4.0,3.404879570007324,3.391023635864258,0.9154356122016907,coef_energy_material_checkpoint_lambdas,0.0,4.472036838531494,2.2871716022491455,12,R3,2.4155904948711395,1.236820012331009
0.0,nan,nan,6.386072158813477,00000_002033_02,3.0,7.5319695472717285,7.339519500732422,0.9837961196899414,coef_energy_material_checkpoint_lambdas,0.0,4.476350784301758,2.2969212532043457,15,R3,2.2431147396564484,0.29245883226394653
0.0,nan,nan,1.558776617050171,00000_002033_02,1.0,1.5754889249801636,0.49240005016326904,-0.7372885346412659,coef_energy_material_checkpoint_lambdas,0.0,4.465217113494873,2.3667054176330566,33,R3,4.399956047534943,1.6543669700622559
0.0,nan,nan,7.3225202560424805,00000_002033_02,3.0,7.374063491821289,5.793234825134277,0.9586735963821411,coef_energy_material_checkpoint_lambdas,0.0,4.462018013000488,2.39346981048584,39,R3,4.401955962181091,4.402383267879486
0.0,nan,nan,0.042613204568624496,00000_002033_02,1.0,0.41599738597869873,0.41380906105041504,0.9797319173812866,coef_energy_material_checkpoint_lambdas,0.0,4.4621782302856445,2.4030418395996094,42,R3,4.400163114070892,4.400163114070892
0.0,nan,nan,0.033323951065540314,00000_002033_02,3.0,0.0625559464097023,0.05294110253453255,0.9989733695983887,coef_energy_material_checkpoint_lambdas,0.0,4.4405388832092285,2.4373624324798584,45,R3,4.400120735168457,4.400120735168457
0.0,nan,nan,-0.08811827749013901,00000_002033_02,5.0,0.1504829227924347,0.02394721657037735,0.9854633212089539,coef_energy_material_checkpoint_lambdas,0.0,4.407320976257324,2.4726052284240723,48,R3,4.4000988602638245,1.6688100695610046
0.0,nan,nan,7.994979381561279,00000_002033_02,1.0,7.995077133178711,7.9949798583984375,0.9970688819885254,coef_energy_material_checkpoint_lambdas,0.0,4.404006004333496,2.474447250366211,51,R3,4.402866899967194,0.5610932111740112
0.0,nan,nan,0.06828349083662033,00000_002033_02,6.0,0.07138580828905106,0.020815812051296234,0.9976829290390015,coef_energy_material_checkpoint_lambdas,0.0,4.400400161743164,2.4773833751678467,54,R3,4.4000044465065,4.4000044465065
0.0,nan,nan,0.001495911623351276,00000_002033_02,4.0,0.0016511682188138366,0.0011361808283254504,0.9312165379524231,coef_energy_material_checkpoint_lambdas,0.0,4.396456718444824,2.4793074131011963,57,R3,4.400150120258331,3.8621937036514282
0.0,nan,nan,0.041745658963918686,00000_002033_02,5.0,0.04267217218875885,0.008843877352774143,0.988673985004425,coef_energy_material_checkpoint_lambdas,0.0,4.423988342285156,2.4603660106658936,60,R3,4.400004148483276,1.6621893048286438
0.0,nan,nan,8.0986967086792,00000_002033_02,1.0,8.098849296569824,8.0986967086792,0.9956957101821899,coef_energy_material_checkpoint_lambdas,0.0,4.454989910125732,2.4180238246917725,63,R3,4.4036842584609985,0.5674882531166077
0.0,nan,nan,8.307915687561035,00000_002033_02,5.0,8.45418643951416,8.131083488464355,0.9999428391456604,coef_energy_material_checkpoint_lambdas,0.0,4.48188591003418,2.401258945465088,66,R3,4.401455044746399,0.5593259334564209
0.0,nan,nan,6.462022304534912,00000_002033_02,5.0,7.217918395996094,7.217905521392822,0.9979867339134216,coef_energy_material_checkpoint_lambdas,0.0,4.547109127044678,2.3422417640686035,69,R3,4.4008437395095825,0.5563682913780212
0.0,nan,nan,7.462282180786133,00000_002033_03,1.0,7.793454647064209,2.247727870941162,0.9897263050079346,coef_energy_material_checkpoint_lambdas,0.0,4.454191207885742,2.2943472862243652,0,R3,3.710086405277252,3.710086405277252
0.0,nan,nan,-0.043759435415267944,00000_002033_03,6.0,0.04425738751888275,0.026261335238814354,0.9993257522583008,coef_energy_material_checkpoint_lambdas,1.0,4.457010746002197,2.2959794998168945,3,R3,3.4804581701755524,3.787100613117218
0.0,nan,nan,-0.007106155157089233,00000_002033_03,7.0,0.1066470518708229,0.02690831758081913,0.9924426674842834,coef_energy_material_checkpoint_lambdas,1.0,4.477367877960205,2.2888505458831787,6,R3,3.0411185324192047,3.614722967147827
0.0,nan,nan,0.1508301943540573,00000_002033_03,7.0,0.1537085324525833,0.133727565407753,0.918961763381958,coef_energy_material_checkpoint_lambdas,0.0,4.474276542663574,2.292306661605835,9,R3,2.488447070121765,2.936019390821457
0.0,nan,nan,3.125277280807495,00000_002033_03,4.0,3.4103660583496094,3.3965508937835693,0.9153531789779663,coef_energy_material_checkpoint_lambdas,0.0,4.481329441070557,2.285672426223755,12,R3,2.4155904948711395,1.236820012331009
0.0,nan,nan,6.382291793823242,00000_002033_03,3.0,7.52752161026001,7.335188865661621,0.9837964773178101,coef_energy_material_checkpoint_lambdas,0.0,4.473653793334961,2.2959539890289307,15,R3,2.2431147396564484,0.29245883226394653
0.0,nan,nan,1.560373067855835,00000_002033_03,1.0,1.5770927667617798,0.49296462535858154,-0.7373170256614685,coef_energy_material_checkpoint_lambdas,0.0,4.4695563316345215,2.367973566055298,33,R3,4.399956047534943,1.6543669700622559
0.0,nan,nan,7.332178115844727,00000_002033_03,3.0,7.383778095245361,5.800807952880859,0.9586698412895203,coef_energy_material_checkpoint_lambdas,0.0,4.468091011047363,2.392861843109131,39,R3,4.401955962181091,4.402383267879486
0.0,nan,nan,0.042625319212675095,00000_002033_03,1.0,0.41628482937812805,0.41409677267074585,0.9797235131263733,coef_energy_material_checkpoint_lambdas,0.0,4.466175556182861,2.3877530097961426,42,R3,4.400163114070892,4.400163114070892
0.0,nan,nan,0.0333314910531044,00000_002033_03,3.0,0.06257228553295135,0.052955664694309235,0.9989724159240723,coef_energy_material_checkpoint_lambdas,0.0,4.443854331970215,2.3859052658081055,45,R3,4.400120735168457,4.400120735168457
0.0,nan,nan,-0.08849252015352249,00000_002033_03,4.0,0.15109151601791382,0.024022301658988,0.9856804609298706,coef_energy_material_checkpoint_lambdas,0.0,4.428018569946289,2.3949873447418213,48,R3,4.4000988602638245,1.6696654558181763
0.0,nan,nan,8.240148544311523,00000_002033_03,1.0,8.240242004394531,8.240148544311523,0.9983935952186584,coef_energy_material_checkpoint_lambdas,0.0,4.457168102264404,2.3740358352661133,51,R3,4.403190493583679,0.5780963897705078
0.0,nan,nan,3.1411678791046143,00000_002033_03,7.0,7.4452924728393555,7.397143363952637,0.9811872839927673,coef_energy_material_checkpoint_lambdas,0.0,4.54408073425293,2.3310294151306152,54,R3,4.400506675243378,4.401605844497681
0.0,nan,nan,7.468971252441406,00000_002033_04,1.0,7.80042028427124,2.2496721744537354,0.9897275567054749,coef_energy_material_checkpoint_lambdas,0.0,4.457905292510986,2.2975330352783203,0,R3,3.710086405277252,3.710086405277252
0.0,nan,nan,-0.04371759295463562,00000_002033_04,6.0,0.04421607404947281,0.026231490075588226,0.9993202090263367,coef_energy_material_checkpoint_lambdas,1.0,4.471003532409668,2.294539213180542,3,R3,3.4804581701755524,3.787100613117218
0.0,nan,nan,-0.007178355008363724,00000_002033_04,7.0,0.10685919225215912,0.02690552920103073,0.9925091862678528,coef_energy_material_checkpoint_lambdas,1.0,4.46651554107666,2.2941880226135254,6,R3,3.0411185324192047,3.614722967147827
0.0,nan,nan,0.15065252780914307,00000_002033_04,7.0,0.1535031497478485,0.13361011445522308,0.9186421632766724,coef_energy_material_checkpoint_lambdas,0.0,4.476727485656738,2.286916732788086,9,R3,2.488447070121765,2.936019390821457
0.0,nan,nan,3.1231884956359863,00000_002033_04,4.0,3.40834379196167,3.394483804702759,0.9154227375984192,coef_energy_material_checkpoint_lambdas,0.0,4.4769134521484375,2.2886886596679688,12,R3,2.4155904948711395,1.236820012331009
0.0,nan,nan,6.388254165649414,00000_002033_04,3.0,7.53450870513916,7.341981410980225,0.9837948083877563,coef_energy_material_checkpoint_lambdas,0.0,4.478039741516113,2.2963876724243164,15,R3,2.2431147396564484,0.29245883226394653
0.0,nan,nan,1.5583806037902832,00000_002033_04,1.0,1.5751110315322876,0.49213823676109314,-0.7372236251831055,coef_energy_material_checkpoint_lambdas,0.0,4.464613914489746,2.3687260150909424,33,R3,4.399956047534943,1.6543669700622559
0.0,nan,nan,7.2924089431762695,00000_002033_04,3.0,7.343910217285156,5.7704291343688965,0.9587288498878479,coef_energy_material_checkpoint_lambdas,0.0,4.440859794616699,2.4399633407592773,39,R3,4.401955962181091,4.402383267879486
0.0,nan,nan,0.11903903633356094,00000_002033_04,1.0,4.452910900115967,3.231731653213501,0.9868031144142151,coef_energy_material_checkpoint_lambdas,0.0,4.419564723968506,2.4635396003723145,42,R3,4.405633747577667,0.568928599357605
0.0,nan,nan,8.178908348083496,00000_002033_04,1.0,8.180625915527344,8.178908348083496,0.9720186591148376,coef_energy_material_checkpoint_lambdas,0.0,4.4221954345703125,2.4584224224090576,45,R3,4.4110870361328125,0.5729906558990479
0.0,nan,nan,0.37657806277275085,00000_002033_04,4.0,0.483664870262146,0.05166417732834816,0.9768211245536804,coef_energy_material_checkpoint_lambdas,0.0,4.4190263748168945,2.4577386379241943,51,R3,4.4000221490859985,2.225558280944824
0.0,nan,nan,4.52199649810791,00000_002033_04,3.0,4.522004127502441,3.2034130096435547,0.9971965551376343,coef_energy_material_checkpoint_lambdas,0.0,4.4138712882995605,2.464172601699829,54,R3,4.400113105773926,0.5675012469291687
0.0,nan,nan,6.353188514709473,00000_002033_04,2.0,7.132646560668945,5.084842681884766,0.9807572364807129,coef_energy_material_checkpoint_lambdas,0.0,4.4442644119262695,2.4347522258758545,57,R3,4.40196967124939,4.402035713195801
0.0,nan,nan,0.030586907640099525,00000_002033_04,7.0,0.03168433532118797,0.030586907640099525,0.8218538165092468,coef_energy_material_checkpoint_lambdas,0.0,4.534708023071289,2.3596487045288086,60,R3,4.400000333786011,1.6589614748954773
0.0,nan,nan,7.477060317993164,00000_002033_05,1.0,7.808967113494873,2.252450466156006,0.9897215366363525,coef_energy_material_checkpoint_lambdas,0.0,4.464084625244141,2.294539213180542,0,R3,3.710086405277252,3.710086405277252
0.0,nan,nan,-0.04368249326944351,00000_002033_05,6.0,0.044180817902088165,0.026209278032183647,0.9993188381195068,coef_energy_material_checkpoint_lambdas,1.0,4.471846580505371,2.2928805351257324,3,R3,3.4804581701755524,3.787100613117218
0.0,nan,nan,-0.0071212612092494965,00000_002033_05,7.0,0.10663800686597824,0.02689080312848091,0.9924606680870056,coef_energy_material_checkpoint_lambdas,1.0,4.471643924713135,2.2888686656951904,6,R3,3.0411185324192047,3.614722967147827
0.0,nan,nan,0.15075191855430603,00000_002033_05,7.0,0.15360550582408905,0.13369645178318024,0.9186564683914185,coef_energy_material_checkpoint_lambdas,0.0,4.479333877563477,2.288546323776245,9,R3,2.488447070121765,2.936019390821457
0.0,nan,nan,3.120972156524658,00000_002033_05,4.0,3.405953884124756,3.3920974731445312,0.9154303669929504,coef_energy_material_checkpoint_lambdas,0.0,4.473578929901123,2.287566900253296,12,R3,2.4155904948711395,1.236820012331009
0.0,nan,nan,6.39318323135376,00000_002033_05,3.0,7.5401482582092285,7.347414016723633,0.983788251876831,coef_energy_material_checkpoint_lambdas,0.0,4.482298851013184,2.291497230529785,15,R3,2.2431147396564484,0.29245883226394653
0.0,nan,nan,1.5601909160614014,00000_002033_05,1.0,1.57703697681427,0.49211782217025757,-0.7369429469108582,coef_energy_material_checkpoint_lambdas,0.0,4.472098350524902,2.3828272819519043,33,R3,4.399956047534943,1.6543669700622559
0.0,nan,nan,8.162445068359375,00000_002033_05,1.0,8.166115760803223,8.162446022033691,0.9311879873275757,coef_energy_material_checkpoint_lambdas,0.0,4.449040412902832,2.4253101348876953,39,R3,4.404596388339996,0.6181553602218628
0.0,nan,nan,6.331334114074707,00000_002033_05,1.0,9.048224449157715,9.047737121582031,0.9897932410240173,coef_energy_material_checkpoint_lambdas,0.0,4.43034029006958,2.45145845413208,42,R3,4.4122354388237,0.568928599357605
0.0,nan,nan,8.181081771850586,00000_002033_05,1.0,8.182796478271484,8.181081771850586,0.9720147252082825,coef_energy_material_checkpoint_lambdas,0.0,4.423675060272217,2.4570677280426025,45,R3,4.4110870361328125,0.5729906558990479
0.0,nan,nan,0.37671276926994324,00000_002033_05,4.0,0.48383629322052,0.0516844280064106,0.9768202900886536,coef_energy_material_checkpoint_lambdas,0.0,4.420673370361328,2.4571473598480225,51,R3,4.4000221490859985,2.225558280944824
0.0,nan,nan,8.911943435668945,00000_002033_05,2.0,8.912069320678711,8.911943435668945,0.9961411952972412,coef_energy_material_checkpoint_lambdas,0.0,4.411983013153076,2.4663310050964355,54,R3,4.401991009712219,0.5675012469291687
0.0,nan,nan,6.286002159118652,00000_002033_05,2.0,7.058058261871338,5.032824993133545,0.9808028936386108,coef_energy_material_checkpoint_lambdas,0.0,4.392629146575928,2.4777331352233887,57,R3,4.40196967124939,4.402035713195801
0.0,nan,nan,0.0075591071508824825,00000_002033_05,8.0,0.007629855535924435,0.0024533490650355816,0.7081599235534668,coef_energy_material_checkpoint_lambdas,0.0,4.392643451690674,2.4812734127044678,60,R3,4.400000095367432,4.400000333786011
0.0,nan,nan,0.00028350669890642166,00000_002033_05,7.0,0.00029933691257610917,0.00026839051861315966,0.0,coef_energy_material_checkpoint_lambdas,0.0,4.37872838973999,2.501530885696411,63,R3,4.400000095367432,4.400000095367432
0.0,nan,nan,0.0,00000_002033_05,12.0,6.885139924861505e-08,4.8685290465755315e-08,0.0,coef_energy_material_checkpoint_lambdas,0.0,4.384302139282227,2.494631052017212,66,R3,4.400000095367432,4.400000095367432
0.0,nan,nan,2.8926951927132905e-06,00000_002033_05,15.0,6.451844456023537e-06,6.1233486121636815e-06,0.0,coef_energy_material_checkpoint_lambdas,0.0,4.411093235015869,2.452247142791748,69,R3,4.400000095367432,4.400000095367432
0.0,nan,nan,-0.00010625953291309997,00000_002033_05,13.0,0.00015512567188125104,0.00011301720223855227,0.005227964837104082,coef_energy_material_checkpoint_lambdas,0.0,4.513323783874512,2.3673949241638184,72,R3,4.400000095367432,4.400000095367432
0.0,nan,nan,-0.00382020091637969,00000_002033_05,14.0,0.015556004829704762,0.013364201411604881,0.9945567846298218,coef_energy_material_checkpoint_lambdas,0.0,4.588092803955078,2.3151161670684814,75,R3,4.400000095367432,4.400000095367432
0.0,nan,nan,7.481742858886719,00000_002033_06,1.0,7.813930034637451,2.2541136741638184,0.9897170662879944,coef_energy_material_checkpoint_lambdas,0.0,4.467878818511963,2.2919225692749023,0,R3,3.710086405277252,3.710086405277252
0.0,nan,nan,-0.04373396560549736,00000_002033_06,6.0,0.04423172399401665,0.026245607063174248,0.999325156211853,coef_energy_material_checkpoint_lambdas,1.0,4.456131935119629,2.2947142124176025,3,R3,3.4804581701755524,3.787100613117218
0.0,nan,nan,-0.0071504488587379456,00000_002033_06,7.0,0.10683400928974152,0.026924610137939453,0.9924790859222412,coef_energy_material_checkpoint_lambdas,1.0,4.4743804931640625,2.2932932376861572,6,R3,3.0411185324192047,3.614722967147827
0.0,nan,nan,0.15084314346313477,00000_002033_06,7.0,0.15370197594165802,0.13377155363559723,0.9187027812004089,coef_energy_material_checkpoint_lambdas,0.0,4.4809250831604,2.290321111679077,9,R3,2.488447070121765,2.936019390821457
0.0,nan,nan,3.1195363998413086,00000_002033_06,4.0,3.404571533203125,3.3906829357147217,0.915480375289917,coef_energy_material_checkpoint_lambdas,0.0,4.47050142288208,2.2897751331329346,12,R3,2.4155904948711395,1.236820012331009
0.0,nan,nan,6.383569240570068,00000_002033_06,3.0,7.528980731964111,7.3365936279296875,0.983794629573822,coef_energy_material_checkpoint_lambdas,0.0,4.474768161773682,2.2945992946624756,15,R3,2.2431147396564484,0.29245883226394653
0.0,nan,nan,1.559839129447937,00000_002033_06,1.0,1.5765717029571533,0.4926806092262268,-0.7372624278068542,coef_energy_material_checkpoint_lambdas,0.0,4.468474388122559,2.3693742752075195,33,R3,4.399956047534943,1.6543669700622559
0.0,nan,nan,7.294126987457275,00000_002033_06,3.0,7.345634460449219,5.771751403808594,0.9587268233299255,coef_energy_material_checkpoint_lambdas,0.0,4.442008972167969,2.438478469848633,39,R3,4.401955962181091,4.402383267879486
0.0,nan,nan,0.11890530586242676,00000_002033_06,1.0,4.445570468902588,3.2264468669891357,0.9868053793907166,coef_energy_material_checkpoint_lambdas,0.0,4.411900520324707,2.4666528701782227,42,R3,4.405633747577667,0.568928599357605
0.0,nan,nan,8.193641662597656,00000_002033_06,1.0,8.19533920288086,8.193641662597656,0.971986711025238,coef_energy_material_checkpoint_lambdas,0.0,4.432641983032227,2.446502685546875,45,R3,4.4110870361328125,0.5729906558990479
0.0,nan,nan,2.07371187210083,00000_002033_06,4.0,2.9353508949279785,2.0774993896484375,0.999502420425415,coef_energy_material_checkpoint_lambdas,0.0,4.499879360198975,2.3817965984344482,51,R3,4.400351881980896,4.400351881980896
0.0,nan,nan,0.0002481464762240648,00000_002033_06,4.0,0.0032175995875149965,0.002443876350298524,0.7396532297134399,coef_energy_material_checkpoint_lambdas,0.0,4.556995391845703,2.32409930229187,54,R3,4.40006023645401,4.400397062301636
0.0,nan,nan,7.464268684387207,00000_002033_07,1.0,7.79557991027832,2.2485013008117676,0.9897232055664062,coef_energy_material_checkpoint_lambdas,0.0,4.456069469451904,2.292147159576416,0,R3,3.710086405277252,3.710086405277252
0.0,nan,nan,-0.04370608180761337,00000_002033_07,6.0,0.04420432448387146,0.026225082576274872,0.9993208050727844,coef_energy_material_checkpoint_lambdas,1.0,4.467904090881348,2.293855667114258,3,R3,3.4804581701755524,3.787100613117218
0.0,nan,nan,-0.007082197815179825,00000_002033_07,7.0,0.1066301092505455,0.026926180347800255,0.992416262626648,coef_energy_material_checkpoint_lambdas,1.0,4.484426498413086,2.2881782054901123,6,R3,3.0411185324192047,3.614722967147827
0.0,nan,nan,0.1508234292268753,00000_002033_07,7.0,0.15372513234615326,0.13368310034275055,0.9192676544189453,coef_energy_material_checkpoint_lambdas,0.0,4.466660022735596,2.294787883758545,9,R3,2.488447070121765,2.936019390821457
0.0,nan,nan,3.124253511428833,00000_002033_07,4.0,3.40939998626709,3.3955576419830322,0.9153940677642822,coef_energy_material_checkpoint_lambdas,0.0,4.479026794433594,2.287593364715576,12,R3,2.4155904948711395,1.236820012331009
0.0,nan,nan,6.382680892944336,00000_002033_07,3.0,7.527929782867432,7.335568428039551,0.9837945699691772,coef_energy_material_checkpoint_lambdas,0.0,4.474159240722656,2.2941653728485107,15,R3,2.2431147396564484,0.29245883226394653
0.0,nan,nan,1.5598279237747192,00000_002033_07,1.0,1.5765568017959595,0.49269944429397583,-0.7372729778289795,coef_energy_material_checkpoint_lambdas,0.0,4.468355655670166,2.3689284324645996,33,R3,4.399956047534943,1.6543669700622559
0.0,nan,nan,7.327627658843994,00000_002033_07,3.0,7.379201889038086,5.797244548797607,0.9586718678474426,coef_energy_material_checkpoint_lambdas,0.0,4.465215682983398,2.393419027328491,39,R3,4.401955962181091,4.402383267879486
0.0,nan,nan,0.0426296591758728,00000_002033_07,1.0,0.4161856174468994,0.4139966070652008,0.9797306656837463,coef_energy_material_checkpoint_lambdas,0.0,4.464346885681152,2.4013617038726807,42,R3,4.400163114070892,4.400163114070892
0.0,nan,nan,0.033406391739845276,00000_002033_07,3.0,0.0627121776342392,0.05307381972670555,0.9989727735519409,coef_energy_material_checkpoint_lambdas,0.0,4.453089714050293,2.4081523418426514,45,R3,4.400120735168457,4.400120735168457
0.0,nan,nan,-0.08895337581634521,00000_002033_07,5.0,0.15187908709049225,0.12310383468866348,0.985439121723175,coef_energy_material_checkpoint_lambdas,0.0,4.451890468597412,2.4105920791625977,48,R3,4.4000988602638245,4.4000988602638245
0.0,nan,nan,0.1342190057039261,00000_002033_07,6.0,0.15139341354370117,0.1226678341627121,0.9879717230796814,coef_energy_material_checkpoint_lambdas,0.0,4.440464496612549,2.413076400756836,51,R3,4.400003910064697,4.408043086528778
0.0,nan,nan,0.0006743037956766784,00000_002033_07,6.0,0.0006945856148377061,0.00035898375790566206,0.9292280673980713,coef_energy_material_checkpoint_lambdas,0.0,4.443513870239258,2.4143459796905518,54,R3,4.400000333786011,2.7580392360687256
0.0,nan,nan,0.08442802727222443,00000_002033_07,6.0,0.2617606222629547,0.08442802727222443,0.9908518195152283,coef_energy_material_checkpoint_lambdas,0.0,4.440390586853027,2.4183149337768555,57,R3,4.400003910064697,1.108021080493927
0.0,nan,nan,8.272661209106445,00000_002034_00,1.0,8.272686958312988,0.020479995757341385,0.9996019601821899,coef_energy_material_checkpoint_lambdas,0.0,4.459089279174805,2.295112371444702,0,R3,3.731894612312317,3.731894612312317
0.0,nan,nan,0.001875896705314517,00000_002034_00,6.0,0.030212316662073135,0.02264857292175293,0.9996442198753357,coef_energy_material_checkpoint_lambdas,1.0,4.466944694519043,2.2928848266601562,3,R3,3.2994273006916046,3.751167446374893
0.0,nan,nan,0.10171876847743988,00000_002034_00,8.0,0.12932752072811127,0.1284012496471405,0.9969075918197632,coef_energy_material_checkpoint_lambdas,1.0,4.484002113342285,2.2905540466308594,6,R3,2.8160049319267273,3.4257623851299286
0.0,nan,nan,0.06089991331100464,00000_002034_00,6.0,0.2229936420917511,0.21451658010482788,0.9867770671844482,coef_energy_material_checkpoint_lambdas,0.0,4.487252712249756,2.2962327003479004,9,R3,2.641051322221756,2.641051322221756
0.0,nan,nan,0.4395735561847687,00000_002034_00,3.0,1.0256181955337524,0.9266432523727417,0.9597400426864624,coef_energy_material_checkpoint_lambdas,0.0,4.477670669555664,2.2972216606140137,12,R3,2.2459477186203003,1.1187098026275635
0.0,nan,nan,6.4275360107421875,00000_002034_00,2.0,7.76395320892334,7.624382495880127,0.8995493054389954,coef_energy_material_checkpoint_lambdas,0.0,4.487396240234375,2.2901062965393066,15,R3,2.183898776769638,0.3008716404438019
0.0,nan,nan,4.447873115539551,00000_002034_00,1.0,5.154937744140625,0.3414822518825531,0.32159480452537537,coef_energy_material_checkpoint_lambdas,0.0,4.470388889312744,2.376434087753296,33,R3,4.39773166179657,2.755650281906128
0.0,nan,nan,1.827683687210083,00000_002034_00,3.0,2.116694927215576,2.0473411083221436,0.903854489326477,coef_energy_material_checkpoint_lambdas,0.0,4.456197261810303,2.389068365097046,36,R3,4.400286555290222,1.109504759311676
0.0,nan,nan,6.188404083251953,00000_002034_00,2.0,8.376852035522461,8.059965133666992,0.9991217851638794,coef_energy_material_checkpoint_lambdas,0.0,4.463015556335449,2.393153429031372,39,R3,4.40217250585556,0.567505955696106
0.0,nan,nan,4.095610618591309,00000_002034_00,3.0,4.1694254875183105,4.0125346183776855,0.9995118379592896,coef_energy_material_checkpoint_lambdas,0.0,4.452004909515381,2.4038009643554688,42,R3,4.40074896812439,4.408356785774231
0.0,nan,nan,2.685025930404663,00000_002034_00,5.0,4.447380065917969,4.405572891235352,0.9906899929046631,coef_energy_material_checkpoint_lambdas,0.0,4.462814807891846,2.407580614089966,45,R3,4.400140881538391,4.404903888702393
0.0,nan,nan,0.5210275650024414,00000_002034_00,5.0,0.5623860955238342,0.5181024074554443,0.9959457516670227,coef_energy_material_checkpoint_lambdas,0.0,4.445647716522217,2.4158291816711426,48,R3,4.400022864341736,4.40402215719223
0.0,nan,nan,3.512389659881592,00000_002034_00,7.0,4.412801742553711,4.372541427612305,0.9992020130157471,coef_energy_material_checkpoint_lambdas,0.0,4.441629409790039,2.4286673069000244,51,R3,4.400080680847168,4.401277422904968
0.0,nan,nan,0.07024494558572769,00000_002034_00,6.0,0.07398883998394012,0.05243672430515289,0.9991877675056458,coef_energy_material_checkpoint_lambdas,0.0,4.412302494049072,2.467794179916382,54,R3,4.400001525878906,3.3070067167282104
0.0,nan,nan,0.0012815054506063461,00000_002034_00,6.0,0.004288144409656525,0.0019874460995197296,0.9926012754440308,coef_energy_material_checkpoint_lambdas,0.0,4.413041591644287,2.4658050537109375,57,R3,4.400000095367432,2.2174269556999207
0.0,nan,nan,8.175233840942383,00000_002034_00,4.0,8.31987190246582,7.267261505126953,0.9996981620788574,coef_energy_material_checkpoint_lambdas,0.0,4.459417343139648,2.42221736907959,60,R3,4.401315748691559,0.5835506916046143
0.0,nan,nan,8.291631698608398,00000_002034_01,1.0,8.291657447814941,0.02045302279293537,0.9996015429496765,coef_energy_material_checkpoint_lambdas,0.0,4.470723628997803,2.292104721069336,0,R3,3.731894612312317,3.731894612312317
0.0,nan,nan,0.0018759663216769695,00000_002034_01,6.0,0.030221473425626755,0.022655107080936432,0.9996446371078491,coef_energy_material_checkpoint_lambdas,1.0,4.46552848815918,2.293564796447754,3,R3,3.2994273006916046,3.751167446374893
0.0,nan,nan,0.10173957049846649,00000_002034_01,8.0,0.12932617962360382,0.128395676612854,0.9969291090965271,coef_energy_material_checkpoint_lambdas,1.0,4.468384265899658,2.291342258453369,6,R3,2.8160049319267273,3.4257623851299286
0.0,nan,nan,0.060845404863357544,00000_002034_01,6.0,0.22296153008937836,0.21449866890907288,0.9867424368858337,coef_energy_material_checkpoint_lambdas,0.0,4.492431640625,2.2946724891662598,9,R3,2.641051322221756,2.641051322221756
0.0,nan,nan,0.43908101320266724,00000_002034_01,3.0,1.0231492519378662,0.9241440296173096,0.9595679044723511,coef_energy_material_checkpoint_lambdas,0.0,4.476231098175049,2.2880823612213135,12,R3,2.2459477186203003,1.1187098026275635
0.0,nan,nan,6.421323299407959,00000_002034_01,2.0,7.757009506225586,7.617719650268555,0.8995959162712097,coef_energy_material_checkpoint_lambdas,0.0,4.482397556304932,2.2929883003234863,15,R3,2.183898776769638,0.3008716404438019
0.0,nan,nan,4.451686859130859,00000_002034_01,1.0,5.159196376800537,0.3414904475212097,0.32154443860054016,coef_energy_material_checkpoint_lambdas,0.0,4.47416353225708,2.376491069793701,33,R3,4.39773166179657,2.755650281906128
0.0,nan,nan,1.8289666175842285,00000_002034_01,3.0,2.1181674003601074,2.0487592220306396,0.903849720954895,coef_energy_material_checkpoint_lambdas,0.0,4.459400177001953,2.3869450092315674,36,R3,4.400286555290222,1.109504759311676
0.0,nan,nan,6.188056468963623,00000_002034_01,2.0,8.37639331817627,8.059520721435547,0.9991219639778137,coef_energy_material_checkpoint_lambdas,0.0,4.462953090667725,2.3909707069396973,39,R3,4.40217250585556,0.567505955696106
0.0,nan,nan,4.100705146789551,00000_002034_01,3.0,4.1746134757995605,4.017529487609863,0.9995118379592896,coef_energy_material_checkpoint_lambdas,0.0,4.457833766937256,2.403430223464966,42,R3,4.40074896812439,4.408356785774231
0.0,nan,nan,2.68532395362854,00000_002034_01,5.0,4.447866916656494,4.406055927276611,0.9906898140907288,coef_energy_material_checkpoint_lambdas,0.0,4.463341236114502,2.406813383102417,45,R3,4.400140881538391,4.404903888702393
0.0,nan,nan,0.520682156085968,00000_002034_01,5.0,0.5620129108428955,0.5177582502365112,0.9959458708763123,coef_energy_material_checkpoint_lambdas,0.0,4.442623615264893,2.415330648422241,48,R3,4.400022864341736,4.40402215719223
0.0,nan,nan,3.5167531967163086,00000_002034_01,7.0,4.418303966522217,4.377997398376465,0.9992018342018127,coef_energy_material_checkpoint_lambdas,0.0,4.447845458984375,2.4093031883239746,51,R3,4.400080680847168,4.401277422904968
0.0,nan,nan,0.07049626111984253,00000_002034_01,6.0,0.07425486296415329,0.05262245982885361,0.9991856813430786,coef_energy_material_checkpoint_lambdas,0.0,4.434035301208496,2.418395757675171,54,R3,4.400001525878906,3.3070067167282104
0.0,nan,nan,-0.005139463115483522,00000_002034_01,4.0,0.013783708214759827,0.005139463115483522,0.9997517466545105,coef_energy_material_checkpoint_lambdas,0.0,4.442022800445557,2.4057695865631104,57,R3,4.400000095367432,1.6570061445236206
0.0,nan,nan,5.765786170959473,00000_002034_01,5.0,7.361910343170166,4.5774922370910645,0.9855018258094788,coef_energy_material_checkpoint_lambdas,0.0,4.4662089347839355,2.3785743713378906,60,R3,4.401277422904968,0.584158718585968
0.0,nan,nan,5.662169456481934,00000_002034_01,1.0,6.8655476570129395,6.74926233291626,0.9782372713088989,coef_energy_material_checkpoint_lambdas,0.0,4.565755844116211,2.3197691440582275,63,R3,4.4042657017707825,0.5991478562355042
0.0,nan,nan,8.264774322509766,00000_002034_02,1.0,8.264801025390625,0.02047797292470932,0.9996018409729004,coef_energy_material_checkpoint_lambdas,0.0,4.454495429992676,2.294935464859009,0,R3,3.731894612312317,3.731894612312317
0.0,nan,nan,0.0018762762192636728,00000_002034_02,6.0,0.030227573588490486,0.022659635171294212,0.9996446967124939,coef_energy_material_checkpoint_lambdas,1.0,4.466048240661621,2.2940256595611572,3,R3,3.2994273006916046,3.751167446374893
0.0,nan,nan,0.10170204937458038,00000_002034_02,8.0,0.1293015480041504,0.12837474048137665,0.996911346912384,coef_energy_material_checkpoint_lambdas,1.0,4.480459213256836,2.290231943130493,6,R3,2.8160049319267273,3.4257623851299286
0.0,nan,nan,0.060804955661296844,00000_002034_02,6.0,0.22282199561595917,0.21436510980129242,0.9867407083511353,coef_energy_material_checkpoint_lambdas,0.0,4.489922046661377,2.293172836303711,9,R3,2.641051322221756,2.641051322221756
0.0,nan,nan,0.43777018785476685,00000_002034_02,3.0,1.0238683223724365,0.9255611896514893,0.9600591063499451,coef_energy_material_checkpoint_lambdas,0.0,4.452641010284424,2.300018787384033,12,R3,2.2459477186203003,1.1187098026275635
0.0,nan,nan,6.404023170471191,00000_002034_02,2.0,7.736540794372559,7.597737789154053,0.899631679058075,coef_energy_material_checkpoint_lambdas,0.0,4.469815254211426,2.2907140254974365,15,R3,2.183898776769638,0.3008716404438019
0.0,nan,nan,4.451608180999756,00000_002034_02,1.0,5.159307956695557,0.3418428301811218,0.3216078579425812,coef_energy_material_checkpoint_lambdas,0.0,4.474157810211182,2.37894344329834,33,R3,4.39773166179657,2.755650281906128
0.0,nan,nan,1.825745701789856,00000_002034_02,3.0,2.114497423171997,2.045236110687256,0.9038708209991455,coef_energy_material_checkpoint_lambdas,0.0,4.451213836669922,2.3996827602386475,36,R3,4.400286555290222,1.109504759311676
0.0,nan,nan,6.18930196762085,00000_002034_02,2.0,8.378006935119629,8.061094284057617,0.9991222023963928,coef_energy_material_checkpoint_lambdas,0.0,4.462786674499512,2.4030325412750244,39,R3,4.40217250585556,0.567505955696106
0.0,nan,nan,8.565068244934082,00000_002034_02,3.0,8.599828720092773,8.565068244934082,0.9921069741249084,coef_energy_material_checkpoint_lambdas,0.0,4.463897705078125,2.422452926635742,42,R3,4.404142081737518,0.5762270092964172
0.0,nan,nan,6.133905410766602,00000_002034_02,3.0,8.34072208404541,7.301480770111084,0.9986717104911804,coef_energy_material_checkpoint_lambdas,0.0,4.403122901916504,2.4659388065338135,45,R3,4.4014973640441895,0.5901657938957214
0.0,nan,nan,0.19871890544891357,00000_002034_02,4.0,0.21021287143230438,0.19871889054775238,0.9988605380058289,coef_energy_material_checkpoint_lambdas,0.0,4.41869592666626,2.4522671699523926,54,R3,4.400058448314667,1.6591321229934692
0.0,nan,nan,4.082986831665039,00000_002034_02,2.0,5.889369487762451,5.550033092498779,0.982914388179779,coef_energy_material_checkpoint_lambdas,0.0,4.411073207855225,2.4644715785980225,57,R3,4.401932775974274,0.5602830052375793
0.0,nan,nan,7.8342132568359375,00000_002034_02,1.0,7.835148811340332,7.8342132568359375,0.9569293260574341,coef_energy_material_checkpoint_lambdas,0.0,4.371500015258789,2.497978687286377,60,R3,4.404094457626343,0.5601752996444702
0.0,nan,nan,-0.03862186521291733,00000_002034_02,3.0,0.04330931231379509,0.01345251128077507,0.9589481949806213,coef_energy_material_checkpoint_lambdas,0.0,4.376638412475586,2.4939873218536377,63,R3,4.4020655155181885,2.2101964354515076
0.0,nan,nan,6.177549839019775,00000_002034_02,1.0,6.906253814697266,4.882813453674316,0.9999868869781494,coef_energy_material_checkpoint_lambdas,0.0,4.36798095703125,2.504141092300415,66,R3,4.401816129684448,0.5771431922912598
0.0,nan,nan,6.043035984039307,00000_002034_02,5.0,7.052301406860352,6.843740463256836,0.9822297692298889,coef_energy_material_checkpoint_lambdas,0.0,4.384917736053467,2.4797565937042236,69,R3,4.400511801242828,4.401612401008606
0.0,nan,nan,0.004726503510028124,00000_002034_02,10.0,0.005293515510857105,0.0016566942213103175,0.9923843741416931,coef_energy_material_checkpoint_lambdas,0.0,4.416380405426025,2.445417881011963,72,R3,4.400000095367432,4.401842474937439
0.0,nan,nan,0.0007925397949293256,00000_002034_02,10.0,0.0009765063296072185,0.0005704781506210566,0.48462337255477905,coef_energy_material_checkpoint_lambdas,0.0,4.551698207855225,2.3354620933532715,75,R3,4.400000095367432,4.401994109153748
0.0,nan,nan,8.281444549560547,00000_002034_03,1.0,8.28147029876709,0.020445603877305984,0.9996015429496765,coef_energy_material_checkpoint_lambdas,0.0,4.464890003204346,2.2912895679473877,0,R3,3.731894612312317,3.731894612312317
0.0,nan,nan,0.0018757414072751999,00000_002034_03,6.0,0.030215496197342873,0.022650722414255142,0.9996445178985596,coef_energy_material_checkpoint_lambdas,1.0,4.465456962585449,2.2931153774261475,3,R3,3.2994273006916046,3.751167446374893
0.0,nan,nan,0.10179248452186584,00000_002034_03,8.0,0.12938372790813446,0.12845133244991302,0.9969367384910583,coef_energy_material_checkpoint_lambdas,1.0,4.464938163757324,2.2926454544067383,6,R3,2.8160049319267273,3.4257623851299286
0.0,nan,nan,0.060724951326847076,00000_002034_03,6.0,0.2226872593164444,0.21424774825572968,0.9867079257965088,coef_energy_material_checkpoint_lambdas,0.0,4.492712497711182,2.2906246185302734,9,R3,2.641051322221756,2.641051322221756
0.0,nan,nan,0.43900108337402344,00000_002034_03,3.0,1.0231300592422485,0.9241607785224915,0.9595897793769836,coef_energy_material_checkpoint_lambdas,0.0,4.474963188171387,2.288496971130371,12,R3,2.2459477186203003,1.1187098026275635
0.0,nan,nan,6.415881156921387,00000_002034_03,2.0,7.750918865203857,7.61187219619751,0.8996360301971436,coef_energy_material_checkpoint_lambdas,0.0,4.478029251098633,2.29543399810791,15,R3,2.183898776769638,0.3008716404438019
0.0,nan,nan,4.453088283538818,00000_002034_03,1.0,5.1609320640563965,0.34179484844207764,0.3215792775154114,coef_energy_material_checkpoint_lambdas,0.0,4.475612163543701,2.3786094188690186,33,R3,4.39773166179657,2.755650281906128
0.0,nan,nan,1.8281646966934204,00000_002034_03,3.0,2.1172759532928467,2.0479133129119873,0.9038625955581665,coef_energy_material_checkpoint_lambdas,0.0,4.457238674163818,2.3963749408721924,36,R3,4.400286555290222,1.109504759311676
0.0,nan,nan,6.192655563354492,00000_002034_03,2.0,8.382560729980469,8.065471649169922,0.9991220235824585,coef_energy_material_checkpoint_lambdas,0.0,4.465402126312256,2.402196168899536,39,R3,4.40217250585556,0.567505955696106
0.0,nan,nan,8.563952445983887,00000_002034_03,3.0,8.598700523376465,8.563952445983887,0.9921056628227234,coef_energy_material_checkpoint_lambdas,0.0,4.463659286499023,2.4199886322021484,42,R3,4.404142081737518,0.5762270092964172
0.0,nan,nan,6.136589050292969,00000_002034_03,3.0,8.344353675842285,7.304649829864502,0.9986715912818909,coef_energy_material_checkpoint_lambdas,0.0,4.405251502990723,2.4649360179901123,45,R3,4.4014973640441895,0.5901657938957214
0.0,nan,nan,0.19898006319999695,00000_002034_03,4.0,0.210489422082901,0.19898006319999695,0.998860239982605,coef_energy_material_checkpoint_lambdas,0.0,4.4248528480529785,2.4501757621765137,54,R3,4.400058448314667,1.6591321229934692
0.0,nan,nan,4.082098007202148,00000_002034_03,2.0,5.888091087341309,5.548827171325684,0.9829142689704895,coef_energy_material_checkpoint_lambdas,0.0,4.410130500793457,2.463672399520874,57,R3,4.401932775974274,0.5602830052375793
0.0,nan,nan,7.883532524108887,00000_002034_03,1.0,7.884430408477783,7.883532524108887,0.9568243026733398,coef_energy_material_checkpoint_lambdas,0.0,4.404236316680908,2.454904079437256,60,R3,4.404094457626343,0.5601752996444702
0.0,nan,nan,-0.03890783712267876,00000_002034_03,3.0,0.04362550750374794,0.019732333719730377,0.9588906168937683,coef_energy_material_checkpoint_lambdas,0.0,4.411611557006836,2.441734552383423,63,R3,4.4020655155181885,3.8607617020606995
0.0,nan,nan,0.4425162672996521,00000_002034_03,1.0,0.6687750816345215,0.5014373660087585,0.9984492063522339,coef_energy_material_checkpoint_lambdas,0.0,4.417070388793945,2.4436607360839844,66,R3,4.401947021484375,2.2106446027755737
0.0,nan,nan,0.5610122680664062,00000_002034_03,2.0,1.8399194478988647,0.8423703908920288,0.9747803211212158,coef_energy_material_checkpoint_lambdas,0.0,4.473953723907471,2.395354986190796,72,R3,4.401013433933258,2.756508708000183
0.0,nan,nan,-0.02845926210284233,00000_002034_03,4.0,0.13754598796367645,0.02845926210284233,0.9953707456588745,coef_energy_material_checkpoint_lambdas,0.0,4.579889297485352,2.313508987426758,75,R3,4.400042176246643,1.1063615083694458
0.0,nan,nan,8.280359268188477,00000_002034_04,1.0,8.28038501739502,0.020455382764339447,0.9996017217636108,coef_energy_material_checkpoint_lambdas,0.0,4.464066505432129,2.2923882007598877,0,R3,3.731894612312317,3.731894612312317
0.0,nan,nan,0.001875903457403183,00000_002034_04,6.0,0.03021821193397045,0.022652754560112953,0.9996445775032043,coef_energy_material_checkpoint_lambdas,1.0,4.465822219848633,2.293321371078491,3,R3,3.2994273006916046,3.751167446374893
0.0,nan,nan,0.10176584869623184,00000_002034_04,8.0,0.12934572994709015,0.12841297686100006,0.9969398379325867,coef_energy_material_checkpoint_lambdas,1.0,4.461302280426025,2.292093276977539,6,R3,2.8160049319267273,3.4257623851299286
0.0,nan,nan,0.06089828908443451,00000_002034_04,6.0,0.22297407686710358,0.21449671685695648,0.9867799282073975,coef_energy_material_checkpoint_lambdas,0.0,4.486385345458984,2.296131134033203,9,R3,2.641051322221756,2.641051322221756
0.0,nan,nan,0.4397154450416565,00000_002034_04,3.0,1.025390386581421,0.9263237118721008,0.9596672654151917,coef_energy_material_checkpoint_lambdas,0.0,4.480630874633789,2.2951831817626953,12,R3,2.2459477186203003,1.1187098026275635
0.0,nan,nan,6.41301155090332,00000_002034_04,2.0,7.747274398803711,7.6082444190979,0.8996213674545288,coef_energy_material_checkpoint_lambdas,0.0,4.476235389709473,2.292797327041626,15,R3,2.183898776769638,0.3008716404438019
0.0,nan,nan,4.456391334533691,00000_002034_04,1.0,5.164559841156006,0.3416938781738281,0.32151657342910767,coef_energy_material_checkpoint_lambdas,0.0,4.4788594245910645,2.3779067993164062,33,R3,4.39773166179657,2.755650281906128
0.0,nan,nan,1.8281499147415161,00000_002034_04,3.0,2.117236375808716,2.047865390777588,0.9038549661636353,coef_energy_material_checkpoint_lambdas,0.0,4.457326412200928,2.390076160430908,36,R3,4.400286555290222,1.109504759311676
0.0,nan,nan,6.18808650970459,00000_002034_04,2.0,8.37641716003418,8.059548377990723,0.9991219639778137,coef_energy_material_checkpoint_lambdas,0.0,4.462724208831787,2.3937058448791504,39,R3,4.40217250585556,0.567505955696106
0.0,nan,nan,4.097877025604248,00000_002034_04,3.0,4.171733856201172,4.01475715637207,0.9995117783546448,coef_energy_material_checkpoint_lambdas,0.0,4.454630374908447,2.4032671451568604,42,R3,4.40074896812439,4.408356785774231
0.0,nan,nan,2.686328649520874,00000_002034_04,5.0,4.449513912200928,4.407689094543457,0.9906894564628601,coef_energy_material_checkpoint_lambdas,0.0,4.465087413787842,2.4051218032836914,45,R3,4.400140881538391,4.404903888702393
0.0,nan,nan,0.5203121900558472,00000_002034_04,5.0,0.5616127848625183,0.5173888802528381,0.9959461688995361,coef_energy_material_checkpoint_lambdas,0.0,4.439286231994629,2.4162042140960693,48,R3,4.400022864341736,4.40402215719223
0.0,nan,nan,3.5135586261749268,00000_002034_04,7.0,4.414303302764893,4.374034881591797,0.9992015957832336,coef_energy_material_checkpoint_lambdas,0.0,4.444217205047607,2.393925189971924,51,R3,4.400080680847168,4.401277422904968
0.0,nan,nan,0.0701257586479187,00000_002034_04,6.0,0.07386473566293716,0.05234571173787117,0.9991854429244995,coef_energy_material_checkpoint_lambdas,0.0,4.411312103271484,2.400003671646118,54,R3,4.400001525878906,3.3070067167282104
0.0,nan,nan,-0.000464988115709275,00000_002034_04,5.0,0.0007856820011511445,0.0007766144699417055,0.39024895429611206,coef_energy_material_checkpoint_lambdas,0.0,4.423445224761963,2.401977300643921,57,R3,4.400000095367432,4.4027844071388245
0.0,nan,nan,0.36916136741638184,00000_002034_04,8.0,0.41274353861808777,0.29186585545539856,0.9999848008155823,coef_energy_material_checkpoint_lambdas,0.0,4.444478511810303,2.391432762145996,60,R3,4.400003910064697,4.403315007686615
0.0,nan,nan,7.421966075897217,00000_002034_04,7.0,7.469717979431152,7.421966075897217,0.9857980608940125,coef_energy_material_checkpoint_lambdas,0.0,4.563107967376709,2.323442220687866,63,R3,4.4002156257629395,2.758294939994812
0.0,nan,nan,8.279256820678711,00000_002034_05,1.0,8.279282569885254,0.020462462678551674,0.9996016621589661,coef_energy_material_checkpoint_lambdas,0.0,4.463290214538574,2.2931509017944336,0,R3,3.731894612312317,3.731894612312317
0.0,nan,nan,0.0018760161474347115,00000_002034_05,6.0,0.030226022005081177,0.02265836112201214,0.9996448159217834,coef_energy_material_checkpoint_lambdas,1.0,4.46491003036499,2.29390287399292,3,R3,3.2994273006916046,3.751167446374893
0.0,nan,nan,0.10178787261247635,00000_002034_05,8.0,0.12937812507152557,0.1284458041191101,0.9969364404678345,coef_energy_material_checkpoint_lambdas,1.0,4.464881896972656,2.29253888130188,6,R3,2.8160049319267273,3.4257623851299286
0.0,nan,nan,0.06063804775476456,00000_002034_05,6.0,0.2223959118127823,0.21396954357624054,0.9867022633552551,coef_energy_material_checkpoint_lambdas,0.0,4.4877824783325195,2.2874274253845215,9,R3,2.641051322221756,2.641051322221756
0.0,nan,nan,0.4385566711425781,00000_002034_05,3.0,1.0233787298202515,0.9246469736099243,0.9597573280334473,coef_energy_material_checkpoint_lambdas,0.0,4.466951370239258,2.292569637298584,12,R3,2.2459477186203003,1.1187098026275635
0.0,nan,nan,6.412877559661865,00000_002034_05,2.0,7.747107982635498,7.608079433441162,0.8996208906173706,coef_energy_material_checkpoint_lambdas,0.0,4.4761481285095215,2.2927024364471436,15,R3,2.183898776769638,0.3008716404438019
0.0,nan,nan,4.455203533172607,00000_002034_05,1.0,5.163096904754639,0.34144994616508484,0.32148948311805725,coef_energy_material_checkpoint_lambdas,0.0,4.477633953094482,2.376209259033203,33,R3,4.39773166179657,2.755650281906128
0.0,nan,nan,1.8272128105163574,00000_002034_05,3.0,2.116190195083618,2.046870470046997,0.9038684964179993,coef_energy_material_checkpoint_lambdas,0.0,4.4548258781433105,2.39980411529541,36,R3,4.400286555290222,1.109504759311676
0.0,nan,nan,6.187252998352051,00000_002034_05,2.0,8.375226020812988,8.05842113494873,0.9991222620010376,coef_energy_material_checkpoint_lambdas,0.0,4.461214065551758,2.4032692909240723,39,R3,4.40217250585556,0.567505955696106
0.0,nan,nan,8.562933921813965,00000_002034_05,3.0,8.597683906555176,8.562933921813965,0.992106556892395,coef_energy_material_checkpoint_lambdas,0.0,4.462868690490723,2.4213287830352783,42,R3,4.404142081737518,0.5762270092964172
0.0,nan,nan,6.132638931274414,00000_002034_05,3.0,8.33901309967041,7.299991130828857,0.9986719489097595,coef_energy_material_checkpoint_lambdas,0.0,4.402080535888672,2.4668099880218506,45,R3,4.4014973640441895,0.5901657938957214
0.0,nan,nan,0.19884313642978668,00000_002034_05,4.0,0.21034449338912964,0.19884313642978668,0.9988602995872498,coef_energy_material_checkpoint_lambdas,0.0,4.4217119216918945,2.449953317642212,54,R3,4.400058448314667,1.6591321229934692
0.0,nan,nan,4.092988014221191,00000_002034_05,2.0,5.904143333435059,5.563843727111816,0.9829038977622986,coef_energy_material_checkpoint_lambdas,0.0,4.423473358154297,2.4470443725585938,57,R3,4.401932775974274,0.5602830052375793
0.0,nan,nan,7.884223461151123,00000_002034_05,1.0,7.885103702545166,7.884223461151123,0.9567800164222717,coef_energy_material_checkpoint_lambdas,0.0,4.406817436218262,2.4303746223449707,60,R3,4.404094457626343,0.5601752996444702
0.0,nan,nan,2.0125203132629395,00000_002034_05,1.0,2.8458974361419678,2.0125203132629395,0.999994158744812,coef_energy_material_checkpoint_lambdas,0.0,4.38193416595459,2.4326071739196777,63,R3,4.400381147861481,3.311521291732788
0.0,nan,nan,0.3151257634162903,00000_002034_05,1.0,0.32568126916885376,0.3186376094818115,0.9821310043334961,coef_energy_material_checkpoint_lambdas,0.0,4.416426658630371,2.4429733753204346,66,R3,4.401623845100403,1.661368191242218
0.0,nan,nan,6.251160144805908,00000_002034_05,2.0,6.988091468811035,4.942625045776367,0.9999628067016602,coef_energy_material_checkpoint_lambdas,0.0,4.3995184898376465,2.4261717796325684,69,R3,4.4013713002204895,0.5823498368263245
0.0,nan,nan,7.846734523773193,00000_002034_05,2.0,7.992798805236816,7.698566436767578,0.9914582967758179,coef_energy_material_checkpoint_lambdas,0.0,4.2737321853637695,2.4778082370758057,72,R3,4.402066946029663,0.5584934949874878
0.0,nan,nan,6.483580589294434,00000_002034_05,5.0,7.243417263031006,7.243409156799316,0.9980241060256958,coef_energy_material_checkpoint_lambdas,0.0,4.589771747589111,2.294797420501709,78,R3,4.400819420814514,0.5573051571846008
0.0,nan,nan,8.268047332763672,00000_002034_06,1.0,8.268073081970215,0.020470893010497093,0.9996018409729004,coef_energy_material_checkpoint_lambdas,0.0,4.456552505493164,2.294121742248535,0,R3,3.731894612312317,3.731894612312317
0.0,nan,nan,0.0018783534178510308,00000_002034_06,6.0,0.03024405986070633,0.02267269231379032,0.9996438026428223,coef_energy_material_checkpoint_lambdas,1.0,4.474334716796875,2.2953083515167236,3,R3,3.2994273006916046,3.751167446374893
0.0,nan,nan,0.10184123367071152,00000_002034_06,8.0,0.1294594407081604,0.12852860987186432,0.9969260692596436,coef_energy_material_checkpoint_lambdas,1.0,4.475255012512207,2.2935853004455566,6,R3,2.8160049319267273,3.4257623851299286
0.0,nan,nan,0.06065569072961807,00000_002034_06,6.0,0.22246775031089783,0.21403922140598297,0.9867007732391357,coef_energy_material_checkpoint_lambdas,0.0,4.489480018615723,2.288113832473755,9,R3,2.641051322221756,2.641051322221756
0.0,nan,nan,0.4390769600868225,00000_002034_06,3.0,1.0246225595474243,0.9257768392562866,0.9597611427307129,coef_energy_material_checkpoint_lambdas,0.0,4.472170352935791,2.2954373359680176,12,R3,2.2459477186203003,1.1187098026275635
0.0,nan,nan,6.383066177368164,00000_002034_06,2.0,7.712448596954346,7.574418544769287,0.8997339606285095,coef_energy_material_checkpoint_lambdas,0.0,4.453743934631348,2.2943451404571533,15,R3,2.183898776769638,0.3008716404438019
0.0,nan,nan,4.434004783630371,00000_002034_06,1.0,5.137179851531982,0.3374352753162384,0.3210645020008087,coef_energy_material_checkpoint_lambdas,0.0,4.455835819244385,2.3482704162597656,33,R3,4.39773166179657,2.755650281906128
0.0,nan,nan,0.2619911730289459,00000_002034_06,4.0,0.2835543155670166,0.1857435256242752,0.764371395111084,coef_energy_material_checkpoint_lambdas,0.0,4.442019462585449,2.3632049560546875,36,R3,4.400183618068695,4.400565505027771
0.0,nan,nan,0.009594295173883438,00000_002034_06,3.0,0.010587666183710098,0.007686031982302666,0.9269236922264099,coef_energy_material_checkpoint_lambdas,0.0,4.434364318847656,2.3749101161956787,39,R3,4.400717675685883,2.760301947593689
0.0,nan,nan,1.0054285526275635,00000_002034_06,3.0,2.886739492416382,1.0054285526275635,0.9960258603096008,coef_energy_material_checkpoint_lambdas,0.0,4.428735733032227,2.3890347480773926,42,R3,4.400076985359192,0.5598006844520569
0.0,nan,nan,6.254061698913574,00000_002034_06,1.0,6.994324684143066,4.948661804199219,0.9997122883796692,coef_energy_material_checkpoint_lambdas,0.0,4.428711414337158,2.401210069656372,45,R3,4.401208817958832,2.208031713962555
0.0,nan,nan,4.512792587280273,00000_002034_06,3.0,7.2467145919799805,7.200363636016846,0.9875402450561523,coef_energy_material_checkpoint_lambdas,0.0,4.420658588409424,2.410308361053467,48,R3,4.40142285823822,0.5558792352676392
0.0,nan,nan,0.26022645831108093,00000_002034_06,7.0,0.26105061173439026,0.1349155604839325,0.9776723384857178,coef_energy_material_checkpoint_lambdas,0.0,4.426002502441406,2.4082999229431152,51,R3,4.400014638900757,4.400056719779968
0.0,nan,nan,0.23831383883953094,00000_002034_06,9.0,0.26576390862464905,0.25169074535369873,0.9989726543426514,coef_energy_material_checkpoint_lambdas,0.0,4.531743049621582,2.3405537605285645,54,R3,4.400000095367432,4.400003612041473
0.0,nan,nan,8.276252746582031,00000_002034_07,1.0,8.276278495788574,0.020457742735743523,0.9996017217636108,coef_energy_material_checkpoint_lambdas,0.0,4.461618423461914,2.2926249504089355,0,R3,3.731894612312317,3.731894612312317
0.0,nan,nan,0.0018769598100334406,00000_002034_07,6.0,0.030217105522751808,0.022652672603726387,0.9996434450149536,coef_energy_material_checkpoint_lambdas,1.0,4.4719038009643555,2.293271064758301,3,R3,3.2994273006916046,3.751167446374893
0.0,nan,nan,0.10165365785360336,00000_002034_07,8.0,0.12924429774284363,0.12831856310367584,0.9969080090522766,coef_energy_material_checkpoint_lambdas,1.0,4.48087739944458,2.289092779159546,6,R3,2.8160049319267273,3.4257623851299286
0.0,nan,nan,0.060750290751457214,00000_002034_07,6.0,0.22276268899440765,0.21431896090507507,0.9867115616798401,coef_energy_material_checkpoint_lambdas,0.0,4.493627071380615,2.2915287017822266,9,R3,2.641051322221756,2.641051322221756
0.0,nan,nan,0.43855634331703186,00000_002034_07,3.0,1.022826075553894,0.924035370349884,0.9596853852272034,coef_energy_material_checkpoint_lambdas,0.0,4.468444347381592,2.289822578430176,12,R3,2.2459477186203003,1.1187098026275635
0.0,nan,nan,6.407057285308838,00000_002034_07,2.0,7.740053176879883,7.601144313812256,0.899618923664093,coef_energy_material_checkpoint_lambdas,0.0,4.472113609313965,2.2904069423675537,15,R3,2.183898776769638,0.3008716404438019
0.0,nan,nan,4.450493335723877,00000_002034_07,1.0,5.157735347747803,0.3412604331970215,0.3215199112892151,coef_energy_material_checkpoint_lambdas,0.0,4.472935676574707,2.3748903274536133,33,R3,4.39773166179657,2.755650281906128
0.0,nan,nan,1.8268969058990479,00000_002034_07,3.0,2.115821599960327,2.0465128421783447,0.9038675427436829,coef_energy_material_checkpoint_lambdas,0.0,4.454070568084717,2.3986456394195557,36,R3,4.400286555290222,1.109504759311676
0.0,nan,nan,6.186948299407959,00000_002034_07,2.0,8.374814987182617,8.058025360107422,0.9991223216056824,coef_energy_material_checkpoint_lambdas,0.0,4.4610137939453125,2.402942657470703,39,R3,4.40217250585556,0.567505955696106
0.0,nan,nan,8.56613540649414,00000_002034_07,3.0,8.600902557373047,8.56613540649414,0.992107093334198,coef_energy_material_checkpoint_lambdas,0.0,4.46436882019043,2.423286199569702,42,R3,4.404142081737518,0.5762270092964172
0.0,nan,nan,6.133660316467285,00000_002034_07,3.0,8.3403959274292,7.301198482513428,0.99867182970047,coef_energy_material_checkpoint_lambdas,0.0,4.402876377105713,2.466571092605591,45,R3,4.4014973640441895,0.5901657938957214
0.0,nan,nan,0.19883257150650024,00000_002034_07,4.0,0.2103332281112671,0.19883257150650024,0.9988603591918945,coef_energy_material_checkpoint_lambdas,0.0,4.421356678009033,2.4516406059265137,54,R3,4.400058448314667,1.6591321229934692
0.0,nan,nan,4.1089396476745605,00000_002034_07,2.0,5.927722454071045,5.585880756378174,0.9828869700431824,coef_energy_material_checkpoint_lambdas,0.0,4.443331241607666,2.418063163757324,57,R3,4.401932775974274,0.5602830052375793
0.0,nan,nan,8.002188682556152,00000_002034_07,1.0,8.002985954284668,8.002188682556152,0.9565412998199463,coef_energy_material_checkpoint_lambdas,0.0,4.484764099121094,2.3313393592834473,60,R3,4.404094457626343,0.5601752996444702
0.0,nan,nan,8.43543815612793,00000_002035_00,1.0,8.43569564819336,0.06601005792617798,0.99737948179245,coef_energy_material_checkpoint_lambdas,0.0,4.464282989501953,2.295156955718994,0,R3,3.713204562664032,3.713204562664032
0.0,nan,nan,0.06323026120662689,00000_002035_00,7.0,0.07347474992275238,0.07117253541946411,0.9999507665634155,coef_energy_material_checkpoint_lambdas,1.0,4.4735212326049805,2.295114517211914,3,R3,3.23341965675354,3.7735259234905243
0.0,nan,nan,0.05071946606040001,00000_002035_00,8.0,0.15339474380016327,0.13822980225086212,1.0,coef_energy_material_checkpoint_lambdas,1.0,4.4783935546875,2.290231943130493,6,R3,2.8366346061229706,3.461066037416458
0.0,nan,nan,0.12203294038772583,00000_002035_00,6.0,0.23472917079925537,0.20051370561122894,0.9996790885925293,coef_energy_material_checkpoint_lambdas,0.0,4.478046417236328,2.2954320907592773,9,R3,2.6389168202877045,2.6389168202877045
0.0,nan,nan,0.039459533989429474,00000_002035_00,4.0,0.5782887935638428,0.4358609616756439,0.99885094165802,coef_energy_material_checkpoint_lambdas,0.0,4.486635208129883,2.28639554977417,12,R3,2.280449241399765,1.9384512901306152
0.0,nan,nan,1.4728302955627441,00000_002035_00,3.0,1.8101165294647217,1.464030146598816,0.9977735877037048,coef_energy_material_checkpoint_lambdas,0.0,4.473671913146973,2.288759708404541,15,R3,2.293231636285782,0.8727710843086243
0.0,nan,nan,3.47523832321167,00000_002035_00,1.0,3.6449408531188965,1.0992323160171509,0.5156942009925842,coef_energy_material_checkpoint_lambdas,0.0,4.473496437072754,2.306030750274658,18,R3,2.2619687020778656,0.4534585475921631
0.0,nan,nan,7.993404388427734,00000_002035_00,1.0,8.035295486450195,7.993404388427734,0.5003091096878052,coef_energy_material_checkpoint_lambdas,0.0,4.477676868438721,2.33347487449646,21,R3,4.399412035942078,0.5712528228759766
0.0,nan,nan,6.899880409240723,00000_002035_00,1.0,7.276265621185303,5.151767730712891,0.9975976347923279,coef_energy_material_checkpoint_lambdas,0.0,4.4689459800720215,2.389094591140747,36,R3,4.402274429798126,1.6607795357704163
0.0,nan,nan,0.8681502342224121,00000_002035_00,1.0,7.372127532958984,5.79048490524292,0.9610162973403931,coef_energy_material_checkpoint_lambdas,0.0,4.4611053466796875,2.404463052749634,39,R3,4.4019516706466675,0.5610130429267883
0.0,nan,nan,1.9535290002822876,00000_002035_00,2.0,2.8952343463897705,2.136845111846924,0.9990192651748657,coef_energy_material_checkpoint_lambdas,0.0,4.425520420074463,2.4559237957000732,42,R3,4.400372207164764,4.400372207164764
0.0,nan,nan,7.985908031463623,00000_002035_00,3.0,8.314472198486328,7.283306121826172,0.9968924522399902,coef_energy_material_checkpoint_lambdas,0.0,4.408751487731934,2.463637351989746,45,R3,4.401614189147949,0.584740400314331
0.0,nan,nan,0.6759363412857056,00000_002035_00,6.0,0.7124811410903931,0.5037611126899719,0.9999983310699463,coef_energy_material_checkpoint_lambdas,0.0,4.512751579284668,2.3677828311920166,54,R3,4.400013208389282,4.400129795074463
0.0,nan,nan,0.08182670176029205,00000_002035_01,7.0,0.38761723041534424,0.21004976332187653,0.999970018863678,coef_energy_material_checkpoint_lambdas,1.0,4.456758499145508,2.3004536628723145,3,R3,2.957699716091156,3.448309987783432
0.0,nan,nan,0.046426840126514435,00000_002035_01,9.0,0.05616464838385582,0.04466669261455536,1.0,coef_energy_material_checkpoint_lambdas,1.0,4.472445964813232,2.292567253112793,6,R3,2.467436283826828,2.795112520456314
0.0,nan,nan,0.43273741006851196,00000_002035_01,8.0,0.6214943528175354,0.5515958666801453,1.0,coef_energy_material_checkpoint_lambdas,0.0,4.479313850402832,2.3112435340881348,9,R3,2.3079632222652435,2.048827648162842
0.0,nan,nan,0.11659800261259079,00000_002035_01,5.0,0.27435845136642456,0.24834947288036346,0.4323218762874603,coef_energy_material_checkpoint_lambdas,0.0,4.4812445640563965,2.3046491146087646,12,R3,2.1867430210113525,2.3767559230327606
0.0,nan,nan,-0.13512161374092102,00000_002035_01,4.0,0.21233341097831726,0.16379141807556152,-0.24329359829425812,coef_energy_material_checkpoint_lambdas,0.0,4.466205596923828,2.2918484210968018,15,R3,2.153974324464798,1.4836664497852325
0.0,nan,nan,0.13174308836460114,00000_002035_01,3.0,0.30213695764541626,0.21628770232200623,0.990090012550354,coef_energy_material_checkpoint_lambdas,0.0,4.486273288726807,2.288982391357422,18,R3,2.292784035205841,1.214192122220993
0.0,nan,nan,3.4753761291503906,00000_002035_01,1.0,3.644955635070801,1.0988459587097168,0.515790581703186,coef_energy_material_checkpoint_lambdas,0.0,4.473211288452148,2.307675361633301,21,R3,2.2619687020778656,0.4534585475921631
0.0,nan,nan,7.990008354187012,00000_002035_01,1.0,8.031913757324219,7.990008354187012,0.5003423094749451,coef_energy_material_checkpoint_lambdas,0.0,4.475693225860596,2.3363265991210938,24,R3,4.399412035942078,0.5712528228759766
0.0,nan,nan,6.9019951820373535,00000_002035_01,1.0,7.2784953117370605,5.153346061706543,0.9975976943969727,coef_energy_material_checkpoint_lambdas,0.0,4.47032356262207,2.389592170715332,39,R3,4.402274429798126,1.6607795357704163
0.0,nan,nan,0.8678462505340576,00000_002035_01,1.0,7.37357759475708,5.791327476501465,0.9609982967376709,coef_energy_material_checkpoint_lambdas,0.0,4.462987422943115,2.3853776454925537,42,R3,4.4019516706466675,0.5610130429267883
0.0,nan,nan,1.9683812856674194,00000_002035_01,2.0,2.917118787765503,2.1529181003570557,0.9990173578262329,coef_energy_material_checkpoint_lambdas,0.0,4.462994575500488,2.4023046493530273,45,R3,4.400372207164764,4.400372207164764
0.0,nan,nan,0.03777344524860382,00000_002035_01,3.0,0.4244568943977356,0.4227727949619293,0.9862377047538757,coef_energy_material_checkpoint_lambdas,0.0,4.452086925506592,2.4028215408325195,48,R3,4.400142133235931,4.400142133235931
0.0,nan,nan,0.19164389371871948,00000_002035_01,2.0,0.2539094090461731,0.23468253016471863,0.9982248544692993,coef_energy_material_checkpoint_lambdas,0.0,4.450803756713867,2.4147579669952393,51,R3,4.400024950504303,4.400102138519287
0.0,nan,nan,0.09187688678503036,00000_002035_01,7.0,0.2067381590604782,0.20673716068267822,0.9878015518188477,coef_energy_material_checkpoint_lambdas,0.0,4.43808126449585,2.4082698822021484,54,R3,4.400053024291992,4.400533676147461
0.0,nan,nan,0.00600037956610322,00000_002035_01,8.0,0.006739639211446047,0.002072865841910243,0.8804532885551453,coef_energy_material_checkpoint_lambdas,0.0,4.44128942489624,2.418724298477173,57,R3,4.400018751621246,3.3069965839385986
0.0,nan,nan,-0.001962611684575677,00000_002035_01,7.0,0.012996633537113667,0.001962611684575677,0.9798851609230042,coef_energy_material_checkpoint_lambdas,0.0,4.43436336517334,2.3951714038848877,60,R3,4.400000095367432,1.6569965481758118
0.0,nan,nan,5.701135635375977,00000_002035_01,4.0,7.279230117797852,7.231643199920654,0.9859158992767334,coef_energy_material_checkpoint_lambdas,0.0,4.41385555267334,2.4127864837646484,63,R3,4.400533676147461,0.5573172569274902
0.0,nan,nan,4.9697699546813965,00000_002035_01,3.0,6.767209529876709,4.9697699546813965,0.9984122514724731,coef_energy_material_checkpoint_lambdas,0.0,4.433177947998047,2.413153886795044,66,R3,4.400984466075897,0.5764678716659546
0.0,nan,nan,3.0608038902282715,00000_002035_01,3.0,7.247191429138184,5.6754631996154785,0.978379487991333,coef_energy_material_checkpoint_lambdas,0.0,4.418820858001709,2.44126033782959,69,R3,4.400507211685181,1.6588760614395142
0.0,nan,nan,7.14503288269043,00000_002035_01,3.0,7.192000865936279,5.632551670074463,0.9783837199211121,coef_energy_material_checkpoint_lambdas,0.0,4.383757591247559,2.460637331008911,72,R3,4.40025532245636,0.5597108006477356
0.0,nan,nan,6.2832818031311035,00000_002035_01,4.0,7.035847187042236,7.035813808441162,0.9934791326522827,coef_energy_material_checkpoint_lambdas,0.0,4.4449992179870605,2.3786137104034424,75,R3,4.400826454162598,0.5579153299331665
0.0,nan,nan,8.408326148986816,00000_002035_01,4.0,8.565203666687012,8.250397682189941,0.991814374923706,coef_energy_material_checkpoint_lambdas,0.0,4.568280220031738,2.3158416748046875,78,R3,4.401361644268036,0.567089855670929
0.0,nan,nan,8.450761795043945,00000_002035_02,1.0,8.451019287109375,0.06594329327344894,0.9973779320716858,coef_energy_material_checkpoint_lambdas,0.0,4.473755359649658,2.2928318977355957,0,R3,3.713204562664032,3.713204562664032
0.0,nan,nan,0.06322463601827621,00000_002035_02,7.0,0.07346824556589127,0.07116623967885971,0.9999507665634155,coef_energy_material_checkpoint_lambdas,1.0,4.472810745239258,2.294912338256836,3,R3,3.23341965675354,3.7735259234905243
0.0,nan,nan,0.0507604144513607,00000_002035_02,8.0,0.15351849794387817,0.13834133744239807,0.9999998807907104,coef_energy_material_checkpoint_lambdas,1.0,4.47990608215332,2.2920851707458496,6,R3,2.8366346061229706,3.461066037416458
0.0,nan,nan,0.12196153402328491,00000_002035_02,6.0,0.23460131883621216,0.2004074901342392,0.9996784925460815,coef_energy_material_checkpoint_lambdas,0.0,4.479957580566406,2.294093132019043,9,R3,2.6389168202877045,2.6389168202877045
0.0,nan,nan,0.03948216512799263,00000_002035_02,4.0,0.5787675976753235,0.43621525168418884,0.9988518953323364,coef_energy_material_checkpoint_lambdas,0.0,4.488722324371338,2.2883102893829346,12,R3,2.280449241399765,1.9384512901306152
0.0,nan,nan,1.4727725982666016,00000_002035_02,3.0,1.8100569248199463,1.463991403579712,0.9977741241455078,coef_energy_material_checkpoint_lambdas,0.0,4.472929000854492,2.2941765785217285,15,R3,2.293231636285782,0.8727710843086243
0.0,nan,nan,3.47750186920166,00000_002035_02,1.0,3.6474974155426025,1.100553035736084,0.5155587792396545,coef_energy_material_checkpoint_lambdas,0.0,4.477059841156006,2.3053483963012695,18,R3,2.2619687020778656,0.4534585475921631
0.0,nan,nan,7.992432117462158,00000_002035_02,1.0,8.034353256225586,7.992432117462158,0.5003459453582764,coef_energy_material_checkpoint_lambdas,0.0,4.477041721343994,2.337458610534668,21,R3,4.399412035942078,0.5712528228759766
0.0,nan,nan,6.899486541748047,00000_002035_02,1.0,7.275850772857666,5.1514763832092285,0.9975976943969727,coef_energy_material_checkpoint_lambdas,0.0,4.468665599822998,2.3896853923797607,36,R3,4.402274429798126,1.6607795357704163
0.0,nan,nan,0.8678441047668457,00000_002035_02,1.0,7.373490810394287,5.79126501083374,0.9609986543655396,coef_energy_material_checkpoint_lambdas,0.0,4.462918281555176,2.385686159133911,39,R3,4.4019516706466675,0.5610130429267883
0.0,nan,nan,1.9683812856674194,00000_002035_02,2.0,2.917118787765503,2.1529181003570557,0.9990173578262329,coef_energy_material_checkpoint_lambdas,0.0,4.462994575500488,2.4023046493530273,42,R3,4.400372207164764,4.400372207164764
0.0,nan,nan,0.037781085819005966,00000_002035_02,3.0,0.42455369234085083,0.4228692948818207,0.9862373471260071,coef_energy_material_checkpoint_lambdas,0.0,4.4531636238098145,2.4012653827667236,45,R3,4.400142133235931,4.400142133235931
0.0,nan,nan,0.19164389371871948,00000_002035_02,2.0,0.2539094090461731,0.23468253016471863,0.9982248544692993,coef_energy_material_checkpoint_lambdas,0.0,4.450803756713867,2.4147579669952393,48,R3,4.400024950504303,4.400102138519287
0.0,nan,nan,0.09185928106307983,00000_002035_02,7.0,0.20668812096118927,0.20668712258338928,0.9877975583076477,coef_energy_material_checkpoint_lambdas,0.0,4.437712669372559,2.3883984088897705,51,R3,4.400053024291992,4.400533676147461
0.0,nan,nan,0.005958057940006256,00000_002035_02,8.0,0.006691949907690287,0.0030469223856925964,0.8804745078086853,coef_energy_material_checkpoint_lambdas,0.0,4.409496307373047,2.4086406230926514,54,R3,4.400018751621246,4.400018751621246
0.0,nan,nan,0.04489811509847641,00000_002035_02,6.0,0.0634959265589714,0.0634959265589714,1.0000001192092896,coef_energy_material_checkpoint_lambdas,0.0,4.4358930587768555,2.4017088413238525,57,R3,4.400000333786011,4.400006651878357
0.0,nan,nan,0.0003679146175272763,00000_002035_02,9.0,0.00038446421967819333,0.0003679146175272763,0.07871001958847046,coef_energy_material_checkpoint_lambdas,0.0,4.455462455749512,2.398007392883301,60,R3,4.400000095367432,4.4021108746528625
0.0,nan,nan,0.701134443283081,00000_002035_02,8.0,0.7024407386779785,0.7011345028877258,0.998229444026947,coef_energy_material_checkpoint_lambdas,0.0,4.548554420471191,2.3362185955047607,63,R3,4.40000057220459,2.7560160160064697
0.0,nan,nan,8.430501937866211,00000_002035_03,1.0,8.430760383605957,0.06600534170866013,0.9973798394203186,coef_energy_material_checkpoint_lambdas,0.0,4.461425304412842,2.294989824295044,0,R3,3.713204562664032,3.713204562664032
0.0,nan,nan,0.06318807601928711,00000_002035_03,7.0,0.07342569530010223,0.07112499326467514,0.9999507665634155,coef_energy_material_checkpoint_lambdas,1.0,4.4709625244140625,2.2935805320739746,3,R3,3.23341965675354,3.7735259234905243
0.0,nan,nan,0.05072437971830368,00000_002035_03,8.0,0.1534092277288437,0.1382429152727127,0.9999998211860657,coef_energy_material_checkpoint_lambdas,1.0,4.469909191131592,2.2904715538024902,6,R3,2.8366346061229706,3.461066037416458
0.0,nan,nan,0.12174955010414124,00000_002035_03,6.0,0.2342250645160675,0.2000960409641266,0.9996763467788696,coef_energy_material_checkpoint_lambdas,0.0,4.48720645904541,2.2901198863983154,9,R3,2.6389168202877045,2.6389168202877045
0.0,nan,nan,0.03938588872551918,00000_002035_03,4.0,0.5795407295227051,0.4366997480392456,0.9988640546798706,coef_energy_material_checkpoint_lambdas,0.0,4.470564365386963,2.291689395904541,12,R3,2.280449241399765,1.9384512901306152
0.0,nan,nan,1.473719596862793,00000_002035_03,3.0,1.811211347579956,1.4649171829223633,0.9977735877037048,coef_energy_material_checkpoint_lambdas,0.0,4.476276397705078,2.2910749912261963,15,R3,2.293231636285782,0.8727710843086243
0.0,nan,nan,3.476513624191284,00000_002035_03,1.0,3.646623134613037,1.1007778644561768,0.5154383778572083,coef_energy_material_checkpoint_lambdas,0.0,4.476365089416504,2.3027517795562744,18,R3,2.2619687020778656,0.4534585475921631
0.0,nan,nan,7.994418144226074,00000_002035_03,1.0,8.036297798156738,7.994418144226074,0.5002914071083069,coef_energy_material_checkpoint_lambdas,0.0,4.478288173675537,2.3317227363586426,21,R3,4.399412035942078,0.5712528228759766
0.0,nan,nan,6.900513172149658,00000_002035_03,1.0,7.2769317626953125,5.152237415313721,0.9975976347923279,coef_energy_material_checkpoint_lambdas,0.0,4.469382286071777,2.3885395526885986,36,R3,4.402274429798126,1.6607795357704163
0.0,nan,nan,0.8679006099700928,00000_002035_03,1.0,7.374197483062744,5.791803359985352,0.9609977006912231,coef_energy_material_checkpoint_lambdas,0.0,4.463401794433594,2.384822130203247,39,R3,4.4019516706466675,0.5610130429267883
0.0,nan,nan,1.9683812856674194,00000_002035_03,2.0,2.917118787765503,2.1529181003570557,0.9990173578262329,coef_energy_material_checkpoint_lambdas,0.0,4.462994575500488,2.4023046493530273,42,R3,4.400372207164764,4.400372207164764
0.0,nan,nan,0.03780614212155342,00000_002035_03,3.0,0.42483383417129517,0.4231483042240143,0.9862374663352966,coef_energy_material_checkpoint_lambdas,0.0,4.4560933113098145,2.4031355381011963,45,R3,4.400142133235931,4.400142133235931
0.0,nan,nan,0.1915917694568634,00000_002035_03,2.0,0.2538389563560486,0.23461683094501495,0.9982244372367859,coef_energy_material_checkpoint_lambdas,0.0,4.450029373168945,2.391803503036499,48,R3,4.400024950504303,4.400102138519287
0.0,nan,nan,0.09123549610376358,00000_002035_03,7.0,0.2052987813949585,0.1447117179632187,0.9878029227256775,coef_energy_material_checkpoint_lambdas,0.0,4.406922340393066,2.3985965251922607,51,R3,4.400053024291992,2.7573288083076477
0.0,nan,nan,3.677935838699341,00000_002035_03,6.0,4.0143327713012695,2.980506181716919,0.9567291140556335,coef_energy_material_checkpoint_lambdas,0.0,4.409920692443848,2.401110887527466,54,R3,4.400036692619324,0.5561212301254272
0.0,nan,nan,3.718439817428589,00000_002035_03,8.0,4.157794952392578,2.940645456314087,0.9997477531433105,coef_energy_material_checkpoint_lambdas,0.0,4.394673824310303,2.4140937328338623,57,R3,4.400024116039276,4.400029182434082
0.0,nan,nan,5.2037656132597476e-05,00000_002035_03,10.0,7.994229235919192e-05,6.115661108196946e-06,0.0,coef_energy_material_checkpoint_lambdas,0.0,4.401795864105225,2.411102056503296,60,R3,4.400000095367432,4.40000057220459
0.0,nan,nan,0.00015849802002776414,00000_002035_03,13.0,0.0008019002270884812,0.0006679178331978619,0.0,coef_energy_material_checkpoint_lambdas,0.0,4.412757873535156,2.4173741340637207,63,R3,4.400000095367432,4.40000057220459
0.0,nan,nan,0.07254869490861893,00000_002035_03,13.0,0.07254869490861893,0.051299747079610825,1.0,coef_energy_material_checkpoint_lambdas,0.0,4.405083656311035,2.426788568496704,66,R3,4.400000095367432,4.402041912078857
0.0,nan,nan,4.249795436859131,00000_002035_03,10.0,4.249795436859131,4.249795436859131,0.9999998807907104,coef_energy_material_checkpoint_lambdas,0.0,4.496106147766113,2.373067617416382,69,R3,4.400024116039276,4.40065997838974
0.0,nan,nan,0.0818815752863884,00000_002035_04,7.0,0.3878771960735321,0.21019063889980316,0.999970018863678,coef_energy_material_checkpoint_lambdas,1.0,4.459766387939453,2.301434278488159,3,R3,2.957699716091156,3.448309987783432
0.0,nan,nan,0.04650454223155975,00000_002035_04,9.0,0.05625864863395691,0.04474145546555519,1.0,coef_energy_material_checkpoint_lambdas,1.0,4.473519802093506,2.2964043617248535,6,R3,2.467436283826828,2.795112520456314
0.0,nan,nan,0.43091142177581787,00000_002035_04,8.0,0.6188719272613525,0.549268364906311,1.0,coef_energy_material_checkpoint_lambdas,0.0,4.472082138061523,2.3014917373657227,9,R3,2.3079632222652435,2.048827648162842
0.0,nan,nan,0.11610305309295654,00000_002035_04,5.0,0.27431678771972656,0.24853526055812836,0.43058881163597107,coef_energy_material_checkpoint_lambdas,0.0,4.484682559967041,2.2996878623962402,12,R3,2.1867430210113525,2.3767559230327606
0.0,nan,nan,5.0069708824157715,00000_002035_04,2.0,7.214456558227539,5.194095134735107,0.9260735511779785,coef_energy_material_checkpoint_lambdas,0.0,4.479877471923828,2.29738187789917,15,R3,2.6136631667613983,0.3261650502681732
0.0,nan,nan,1.6470112800598145,00000_002035_04,2.0,3.7646429538726807,3.5583431720733643,0.9930615425109863,coef_energy_material_checkpoint_lambdas,0.0,4.4661335945129395,2.2965569496154785,18,R3,2.4612317979335785,0.8569782674312592
0.0,nan,nan,3.4742417335510254,00000_002035_04,1.0,3.643888473510742,1.0988941192626953,0.5156993269920349,coef_energy_material_checkpoint_lambdas,0.0,4.472188949584961,2.3054513931274414,21,R3,2.2619687020778656,0.4534585475921631
0.0,nan,nan,7.997456073760986,00000_002035_04,1.0,8.039366722106934,7.997456073760986,0.5003068447113037,coef_energy_material_checkpoint_lambdas,0.0,4.479952335357666,2.3343966007232666,24,R3,4.399412035942078,0.5712528228759766
0.0,nan,nan,6.899832725524902,00000_002035_04,1.0,7.27621603012085,5.151734352111816,0.9975976943969727,coef_energy_material_checkpoint_lambdas,0.0,4.468897342681885,2.389591932296753,39,R3,4.402274429798126,1.6607795357704163
0.0,nan,nan,0.8674643039703369,00000_002035_04,1.0,7.369409561157227,5.788121700286865,0.9610024690628052,coef_energy_material_checkpoint_lambdas,0.0,4.460235595703125,2.388490676879883,42,R3,4.4019516706466675,0.5610130429267883
0.0,nan,nan,1.9683812856674194,00000_002035_04,2.0,2.917118787765503,2.1529181003570557,0.9990173578262329,coef_energy_material_checkpoint_lambdas,0.0,4.462994575500488,2.4023046493530273,45,R3,4.400372207164764,4.400372207164764
0.0,nan,nan,0.03774705529212952,00000_002035_04,3.0,0.4242188632488251,0.422536164522171,0.9862357378005981,coef_energy_material_checkpoint_lambdas,0.0,4.449917316436768,2.390249013900757,48,R3,4.400142133235931,4.400142133235931
0.0,nan,nan,0.19129231572151184,00000_002035_04,2.0,0.2534424364566803,0.23425044119358063,0.9982245564460754,coef_energy_material_checkpoint_lambdas,0.0,4.442997932434082,2.391937494277954,51,R3,4.400024950504303,4.400102138519287
0.0,nan,nan,0.09166964888572693,00000_002035_04,6.0,0.20491857826709747,0.14492088556289673,0.9999561905860901,coef_energy_material_checkpoint_lambdas,0.0,4.416047096252441,2.402381420135498,54,R3,4.400022029876709,2.215688467025757
0.0,nan,nan,6.361530303955078,00000_002035_04,2.0,7.060183048248291,5.0667219161987305,0.9366158843040466,coef_energy_material_checkpoint_lambdas,0.0,4.404331207275391,2.4116148948669434,57,R3,4.401056587696075,0.5782914757728577
0.0,nan,nan,2.6933212280273438,00000_002035_04,8.0,2.8329966068267822,0.8785730600357056,0.9948177337646484,coef_energy_material_checkpoint_lambdas,0.0,4.405078411102295,2.4136905670166016,60,R3,4.400006651878357,4.400006651878357
0.0,nan,nan,9.050851076608524e-06,00000_002035_04,11.0,1.3306525033840444e-05,4.973895215698576e-07,0.0,coef_energy_material_checkpoint_lambdas,0.0,4.407654285430908,2.4068639278411865,63,R3,4.400000095367432,4.400000095367432
0.0,nan,nan,0.00012728714500553906,00000_002035_04,14.0,0.0003410265198908746,0.0003137209278065711,0.0,coef_energy_material_checkpoint_lambdas,0.0,4.417088508605957,2.425386905670166,66,R3,4.400000095367432,4.400000095367432
0.0,nan,nan,0.07254869490861893,00000_002035_04,13.0,0.07254869490861893,0.051299747079610825,1.0,coef_energy_material_checkpoint_lambdas,0.0,4.405083656311035,2.426788568496704,69,R3,4.400000095367432,4.402041912078857
0.0,nan,nan,4.249795436859131,00000_002035_04,10.0,4.249795436859131,4.249795436859131,0.9999998807907104,coef_energy_material_checkpoint_lambdas,0.0,4.496106147766113,2.373067617416382,72,R3,4.400024116039276,4.40065997838974
0.0,nan,nan,8.443584442138672,00000_002035_05,1.0,8.443842887878418,0.06593789905309677,0.9973782896995544,coef_energy_material_checkpoint_lambdas,0.0,4.469587802886963,2.292639970779419,0,R3,3.713204562664032,3.713204562664032
0.0,nan,nan,0.06322793662548065,00000_002035_05,7.0,0.07347209751605988,0.07116997987031937,0.9999508857727051,coef_energy_material_checkpoint_lambdas,1.0,4.472868919372559,2.2950334548950195,3,R3,3.23341965675354,3.7735259234905243
0.0,nan,nan,0.05075830593705177,00000_002035_05,8.0,0.15351209044456482,0.13833557069301605,1.0,coef_energy_material_checkpoint_lambdas,1.0,4.479142189025879,2.2919909954071045,6,R3,2.8366346061229706,3.461066037416458
0.0,nan,nan,0.12173904478549957,00000_002035_05,6.0,0.23419947922229767,0.2000724822282791,0.9996767044067383,coef_energy_material_checkpoint_lambdas,0.0,4.484253406524658,2.2899200916290283,9,R3,2.6389168202877045,2.6389168202877045
0.0,nan,nan,0.03949172794818878,00000_002035_05,4.0,0.5785667300224304,0.43607914447784424,0.9988499283790588,coef_energy_material_checkpoint_lambdas,0.0,4.490935802459717,2.2874655723571777,12,R3,2.280449241399765,1.9384512901306152
0.0,nan,nan,1.4725924730300903,00000_002035_05,3.0,1.8098251819610596,1.4637951850891113,0.9977735280990601,coef_energy_material_checkpoint_lambdas,0.0,4.472899436950684,2.288872003555298,15,R3,2.293231636285782,0.8727710843086243
0.0,nan,nan,3.476625442504883,00000_002035_05,1.0,3.646064281463623,1.0985711812973022,0.5159406661987305,coef_energy_material_checkpoint_lambdas,0.0,4.474100112915039,2.310924768447876,18,R3,2.2619687020778656,0.4534585475921631
0.0,nan,nan,7.995532989501953,00000_002035_05,1.0,8.037439346313477,7.995532989501953,0.5003134608268738,coef_energy_material_checkpoint_lambdas,0.0,4.478858947753906,2.334595203399658,21,R3,4.399412035942078,0.5712528228759766
0.0,nan,nan,6.9000067710876465,00000_002035_05,1.0,7.276398658752441,5.151862144470215,0.9975976347923279,coef_energy_material_checkpoint_lambdas,0.0,4.469028472900391,2.389113664627075,36,R3,4.402274429798126,1.6607795357704163
0.0,nan,nan,0.8675699234008789,00000_002035_05,1.0,7.3660736083984375,5.7858123779296875,0.9610213041305542,coef_energy_material_checkpoint_lambdas,0.0,4.457160472869873,2.4079692363739014,39,R3,4.4019516706466675,0.5610130429267883
0.0,nan,nan,1.9535290002822876,00000_002035_05,2.0,2.8952343463897705,2.136845111846924,0.9990192651748657,coef_energy_material_checkpoint_lambdas,0.0,4.425520420074463,2.4559237957000732,42,R3,4.400372207164764,4.400372207164764
0.0,nan,nan,7.986098289489746,00000_002035_05,3.0,8.314680099487305,7.283504962921143,0.9968927502632141,coef_energy_material_checkpoint_lambdas,0.0,4.408633232116699,2.466132879257202,45,R3,4.401614189147949,0.584740400314331
0.0,nan,nan,2.7001841068267822,00000_002035_05,4.0,2.743382453918457,2.7001841068267822,0.9862812161445618,coef_energy_material_checkpoint_lambdas,0.0,4.413491249084473,2.4611921310424805,54,R3,4.400034487247467,1.6608174443244934
0.0,nan,nan,6.847179889678955,00000_002035_05,1.0,7.2024712562561035,6.4215168952941895,0.9935645461082458,coef_energy_material_checkpoint_lambdas,0.0,4.406671047210693,2.467653274536133,57,R3,4.404724657535553,0.5655719637870789
0.0,nan,nan,6.198001861572266,00000_002035_05,2.0,6.9291276931762695,4.898998737335205,0.9999872446060181,coef_energy_material_checkpoint_lambdas,0.0,4.383286952972412,2.493636131286621,60,R3,4.400826692581177,4.4017786383628845
0.0,nan,nan,-9.070587111636996e-06,00000_002035_05,5.0,0.0005226770881563425,0.0003759467217605561,0.38603493571281433,coef_energy_material_checkpoint_lambdas,0.0,4.40816068649292,2.4759137630462646,63,R3,4.400000095367432,2.756689131259918
0.0,nan,nan,3.772191047668457,00000_002035_05,6.0,4.217437744140625,2.9821789264678955,1.0,coef_energy_material_checkpoint_lambdas,0.0,4.46074914932251,2.4235000610351562,66,R3,4.400180339813232,0.5558789372444153
0.0,nan,nan,2.5876290798187256,00000_002035_05,8.0,2.9032437801361084,1.316434621810913,0.9979525208473206,coef_energy_material_checkpoint_lambdas,0.0,4.520880699157715,2.3761181831359863,69,R3,4.400014638900757,4.400014638900757
0.0,nan,nan,-0.00016440212493762374,00000_002035_05,12.0,0.0008317712927237153,0.0006927979411557317,0.0,coef_energy_material_checkpoint_lambdas,0.0,4.577134609222412,2.3164870738983154,72,R3,4.400000095367432,4.400000095367432
0.0,nan,nan,8.44814682006836,00000_002035_06,1.0,8.448404312133789,0.06591429561376572,0.9973778128623962,coef_energy_material_checkpoint_lambdas,0.0,4.472434997558594,2.2918171882629395,0,R3,3.713204562664032,3.713204562664032
0.0,nan,nan,0.06323543936014175,00000_002035_06,7.0,0.07348085939884186,0.07117848098278046,0.9999507665634155,coef_energy_material_checkpoint_lambdas,1.0,4.47297477722168,2.2953083515167236,3,R3,3.23341965675354,3.7735259234905243
0.0,nan,nan,0.050709936767816544,00000_002035_06,8.0,0.1533660888671875,0.138203963637352,0.9999998807907104,coef_energy_material_checkpoint_lambdas,1.0,4.481009483337402,2.289794921875,6,R3,2.8366346061229706,3.461066037416458
0.0,nan,nan,0.12179920077323914,00000_002035_06,6.0,0.23432205617427826,0.20017936825752258,0.9996762275695801,coef_energy_material_checkpoint_lambdas,0.0,4.489747047424316,2.2910544872283936,9,R3,2.6389168202877045,2.6389168202877045
0.0,nan,nan,0.039410125464200974,00000_002035_06,4.0,0.5776947736740112,0.435407429933548,0.9988518953323364,coef_energy_material_checkpoint_lambdas,0.0,4.480587482452393,2.2840662002563477,12,R3,2.280449241399765,1.9384512901306152
0.0,nan,nan,1.4723308086395264,00000_002035_06,3.0,1.8095070123672485,1.4635405540466309,0.9977736473083496,coef_energy_material_checkpoint_lambdas,0.0,4.471940040588379,2.290062665939331,15,R3,2.293231636285782,0.8727710843086243
0.0,nan,nan,3.4734816551208496,00000_002035_06,1.0,3.64316725730896,1.098905086517334,0.5156429409980774,coef_energy_material_checkpoint_lambdas,0.0,4.471480369567871,2.3040404319763184,18,R3,2.2619687020778656,0.4534585475921631
0.0,nan,nan,7.996659278869629,00000_002035_06,1.0,8.03853988647461,7.996659278869629,0.5002802014350891,coef_energy_material_checkpoint_lambdas,0.0,4.479571342468262,2.3310723304748535,21,R3,4.399412035942078,0.5712528228759766
0.0,nan,nan,6.896498203277588,00000_002035_06,1.0,7.272701263427734,5.1492486000061035,0.9975976943969727,coef_energy_material_checkpoint_lambdas,0.0,4.466699600219727,2.389556884765625,36,R3,4.402274429798126,1.6607795357704163
0.0,nan,nan,0.8682475090026855,00000_002035_06,1.0,7.3766584396362305,5.793771743774414,0.9609998464584351,coef_energy_material_checkpoint_lambdas,0.0,4.4647698402404785,2.3879804611206055,39,R3,4.4019516706466675,0.5610130429267883
0.0,nan,nan,1.9683812856674194,00000_002035_06,2.0,2.917118787765503,2.1529181003570557,0.9990173578262329,coef_energy_material_checkpoint_lambdas,0.0,4.462994575500488,2.4023046493530273,42,R3,4.400372207164764,4.400372207164764
0.0,nan,nan,0.037795379757881165,00000_002035_06,3.0,0.4247128665447235,0.42302781343460083,0.9862372875213623,coef_energy_material_checkpoint_lambdas,0.0,4.454823970794678,2.402458906173706,45,R3,4.400142133235931,4.400142133235931
0.0,nan,nan,0.19164389371871948,00000_002035_06,2.0,0.2539094090461731,0.23468253016471863,0.9982248544692993,coef_energy_material_checkpoint_lambdas,0.0,4.450803756713867,2.4147579669952393,48,R3,4.400024950504303,4.400102138519287
0.0,nan,nan,0.0917435958981514,00000_002035_06,7.0,0.20645646750926971,0.20645542442798615,0.9878082871437073,coef_energy_material_checkpoint_lambdas,0.0,4.430802345275879,2.4386425018310547,51,R3,4.400053024291992,4.400533676147461
0.0,nan,nan,0.005947550758719444,00000_002035_06,8.0,0.0066785006783902645,0.005947551224380732,0.880703330039978,coef_energy_material_checkpoint_lambdas,0.0,4.3966898918151855,2.479404926300049,54,R3,4.400018751621246,4.4005206823349
0.0,nan,nan,0.0015022244770079851,00000_002035_06,8.0,0.002120952820405364,0.00212095002643764,0.9807600378990173,coef_energy_material_checkpoint_lambdas,0.0,4.406557559967041,2.4676365852355957,57,R3,4.400003373622894,4.403765499591827
0.0,nan,nan,0.8867961168289185,00000_002035_06,6.0,2.866846799850464,2.726243495941162,0.9995177984237671,coef_energy_material_checkpoint_lambdas,0.0,4.458322048187256,2.4251656532287598,60,R3,4.400056540966034,2.759151339530945
0.0,nan,nan,0.5290687084197998,00000_002035_06,3.0,3.614946126937866,2.902736186981201,0.9968916177749634,coef_energy_material_checkpoint_lambdas,0.0,4.54894495010376,2.3294436931610107,63,R3,4.400600254535675,1.679154396057129
0.0,nan,nan,0.08187881112098694,00000_002035_07,7.0,0.38786429166793823,0.21018368005752563,0.999970018863678,coef_energy_material_checkpoint_lambdas,1.0,4.45967435836792,2.2996671199798584,3,R3,2.957699716091156,3.448309987783432
0.0,nan,nan,0.046462804079055786,00000_002035_07,9.0,0.056208156049251556,0.04470129683613777,0.9999999403953552,coef_energy_material_checkpoint_lambdas,1.0,4.4736762046813965,2.2943432331085205,6,R3,2.467436283826828,2.795112520456314
0.0,nan,nan,0.43167662620544434,00000_002035_07,8.0,0.619970977306366,0.5502437353134155,1.0,coef_energy_material_checkpoint_lambdas,0.0,4.4716291427612305,2.3055782318115234,9,R3,2.3079632222652435,2.048827648162842
0.0,nan,nan,0.11591193079948425,00000_002035_07,5.0,0.27480506896972656,0.24916307628154755,0.42914679646492004,coef_energy_material_checkpoint_lambdas,0.0,4.496082782745361,2.299934148788452,12,R3,2.1867430210113525,2.3767559230327606
0.0,nan,nan,5.005399227142334,00000_002035_07,2.0,7.212317943572998,5.192639350891113,0.9260798096656799,coef_energy_material_checkpoint_lambdas,0.0,4.478364944458008,2.298804521560669,15,R3,2.6136631667613983,0.3261650502681732
0.0,nan,nan,1.6470308303833008,00000_002035_07,2.0,3.7647769451141357,3.5584557056427,0.9930601716041565,coef_energy_material_checkpoint_lambdas,0.0,4.466728687286377,2.2946062088012695,18,R3,2.4612317979335785,0.8569782674312592
0.0,nan,nan,3.483912944793701,00000_002035_07,1.0,3.654458999633789,1.1033674478530884,0.5153831839561462,coef_energy_material_checkpoint_lambdas,0.0,4.486157417297363,2.3067615032196045,21,R3,2.2619687020778656,0.4534585475921631
0.0,nan,nan,7.990914344787598,00000_002035_07,1.0,8.032770156860352,7.990914344787598,0.5002847909927368,coef_energy_material_checkpoint_lambdas,0.0,4.47634220123291,2.3299357891082764,24,R3,4.399412035942078,0.5712528228759766
0.0,nan,nan,6.900856971740723,00000_002035_07,1.0,7.277294635772705,5.152495861053467,0.9975977540016174,coef_energy_material_checkpoint_lambdas,0.0,4.469586372375488,2.389193296432495,39,R3,4.402274429798126,1.6607795357704163
0.0,nan,nan,0.868157148361206,00000_002035_07,1.0,7.376443862915039,5.793562412261963,0.960997462272644,coef_energy_material_checkpoint_lambdas,0.0,4.464778900146484,2.3852086067199707,42,R3,4.4019516706466675,0.5610130429267883
0.0,nan,nan,1.9683812856674194,00000_002035_07,2.0,2.917118787765503,2.1529181003570557,0.9990173578262329,coef_energy_material_checkpoint_lambdas,0.0,4.462994575500488,2.4023046493530273,45,R3,4.400372207164764,4.400372207164764
0.0,nan,nan,0.03781874105334282,00000_002035_07,3.0,0.4250451922416687,0.42335936427116394,0.9862349033355713,coef_energy_material_checkpoint_lambdas,0.0,4.458700180053711,2.390944004058838,48,R3,4.400142133235931,4.400142133235931
0.0,nan,nan,0.19129231572151184,00000_002035_07,2.0,0.2534424364566803,0.23425044119358063,0.9982245564460754,coef_energy_material_checkpoint_lambdas,0.0,4.442997932434082,2.391937494277954,51,R3,4.400024950504303,4.400102138519287
0.0,nan,nan,0.09166964888572693,00000_002035_07,6.0,0.20491857826709747,0.14492088556289673,0.9999561905860901,coef_energy_material_checkpoint_lambdas,0.0,4.416047096252441,2.402381420135498,54,R3,4.400022029876709,2.215688467025757
0.0,nan,nan,6.361530303955078,00000_002035_07,2.0,7.060183048248291,5.0667219161987305,0.9366158843040466,coef_energy_material_checkpoint_lambdas,0.0,4.404331207275391,2.4116148948669434,57,R3,4.401056587696075,0.5782914757728577
0.0,nan,nan,2.6933212280273438,00000_002035_07,8.0,2.8329966068267822,0.8785730600357056,0.9948177337646484,coef_energy_material_checkpoint_lambdas,0.0,4.405078411102295,2.4136905670166016,60,R3,4.400006651878357,4.400006651878357
0.0,nan,nan,9.043623322213534e-06,00000_002035_07,11.0,1.3295898497744929e-05,4.969921292286017e-07,0.0,coef_energy_material_checkpoint_lambdas,0.0,4.4041337966918945,2.407499313354492,63,R3,4.400000095367432,4.400000095367432
0.0,nan,nan,0.00012728714500553906,00000_002035_07,14.0,0.0003410265198908746,0.0003137209278065711,0.0,coef_energy_material_checkpoint_lambdas,0.0,4.417088508605957,2.425386905670166,66,R3,4.400000095367432,4.400000095367432
0.0,nan,nan,0.07254869490861893,00000_002035_07,13.0,0.07254869490861893,0.051299747079610825,1.0,coef_energy_material_checkpoint_lambdas,0.0,4.405083656311035,2.426788568496704,69,R3,4.400000095367432,4.402041912078857
0.0,nan,nan,4.249795436859131,00000_002035_07,10.0,4.249795436859131,4.249795436859131,0.9999998807907104,coef_energy_material_checkpoint_lambdas,0.0,4.496106147766113,2.373067617416382,72,R3,4.400024116039276,4.40065997838974
0.0,nan,nan,8.436129570007324,00000_002036_00,1.0,8.436530113220215,0.08216376602649689,0.99599289894104,coef_energy_material_checkpoint_lambdas,0.0,4.462429523468018,2.2985081672668457,0,R3,3.723188668489456,3.723188668489456
0.0,nan,nan,0.014442813582718372,00000_002036_00,7.0,0.07836049795150757,0.0646725594997406,0.9999292492866516,coef_energy_material_checkpoint_lambdas,1.0,4.470642566680908,2.2945265769958496,3,R3,3.285047173500061,3.7366364002227783
0.0,nan,nan,0.022076202556490898,00000_002036_00,8.0,0.045341864228248596,0.04361492767930031,0.999984622001648,coef_energy_material_checkpoint_lambdas,1.0,4.4760236740112305,2.292215347290039,6,R3,2.8184926509857178,3.3882029950618744
0.0,nan,nan,0.11718226969242096,00000_002036_00,7.0,0.22793693840503693,0.1955084651708603,0.9996657371520996,coef_energy_material_checkpoint_lambdas,0.0,4.478784561157227,2.291206121444702,9,R3,2.5989919304847717,2.5989919304847717
0.0,nan,nan,0.04854284226894379,00000_002036_00,4.0,0.5923435091972351,0.4517662525177002,0.9976190328598022,coef_energy_material_checkpoint_lambdas,0.0,4.48438835144043,2.2935636043548584,12,R3,2.2071908712387085,2.03802827000618
0.0,nan,nan,1.6222169399261475,00000_002036_00,3.0,1.9089210033416748,1.4675332307815552,0.8760725855827332,coef_energy_material_checkpoint_lambdas,0.0,4.487214088439941,2.289109706878662,15,R3,2.2388257682323456,0.9832485020160675
0.0,nan,nan,3.863248348236084,00000_002036_00,1.0,4.049878120422363,1.2152462005615234,0.6344016790390015,coef_energy_material_checkpoint_lambdas,0.0,4.457839012145996,2.3070828914642334,18,R3,2.370670199394226,0.4435047507286072
0.0,nan,nan,7.140114784240723,00000_002036_00,1.0,7.140232086181641,7.140114784240723,-0.9647184014320374,coef_energy_material_checkpoint_lambdas,0.0,4.485180377960205,2.3318090438842773,21,R3,4.390422284603119,0.53437739610672
0.0,nan,nan,0.305711030960083,00000_002036_00,2.0,0.3770173192024231,0.37218767404556274,0.9969088435173035,coef_energy_material_checkpoint_lambdas,0.0,4.458494186401367,2.38685941696167,36,R3,4.400613725185394,1.1152308583259583
0.0,nan,nan,5.6261067390441895,00000_002036_00,2.0,5.994706153869629,5.9577155113220215,0.9843242168426514,coef_energy_material_checkpoint_lambdas,0.0,4.45580530166626,2.409229040145874,42,R3,4.402028262615204,0.5623400211334229
0.0,nan,nan,8.477598190307617,00000_002036_00,2.0,8.517280578613281,8.477598190307617,0.9755767583847046,coef_energy_material_checkpoint_lambdas,0.0,4.458670139312744,2.4069771766662598,45,R3,4.403399467468262,0.5681877732276917
0.0,nan,nan,5.968795299530029,00000_002036_00,3.0,6.0111188888549805,5.657097816467285,0.9988767504692078,coef_energy_material_checkpoint_lambdas,0.0,4.445453643798828,2.4274370670318604,48,R3,4.400741875171661,0.5677192211151123
0.0,nan,nan,6.378422260284424,00000_002036_00,4.0,8.973142623901367,8.973017692565918,0.9968645572662354,coef_energy_material_checkpoint_lambdas,0.0,4.415923118591309,2.455687999725342,51,R3,4.402892768383026,0.5683948397636414
0.0,nan,nan,6.099526405334473,00000_002036_00,3.0,8.256298065185547,7.20766544342041,0.9991371035575867,coef_energy_material_checkpoint_lambdas,0.0,4.393739223480225,2.44576358795166,54,R3,4.401370882987976,4.402680695056915
0.0,nan,nan,0.6849137544631958,00000_002036_00,5.0,0.6862442493438721,0.5145096778869629,0.9967139363288879,coef_energy_material_checkpoint_lambdas,0.0,4.396523952484131,2.4408135414123535,57,R3,4.400026023387909,3.312876343727112
0.0,nan,nan,0.00931275449693203,00000_002036_00,6.0,0.009467401541769505,0.002640506951138377,0.9887911677360535,coef_energy_material_checkpoint_lambdas,0.0,4.401043891906738,2.4658102989196777,60,R3,4.400115609169006,1.6628631353378296
0.0,nan,nan,6.310196876525879,00000_002036_00,3.0,7.037889003753662,5.000818252563477,0.9907216429710388,coef_energy_material_checkpoint_lambdas,0.0,4.409071445465088,2.4495232105255127,63,R3,4.400947391986847,0.5865374803543091
0.0,nan,nan,6.139660835266113,00000_002036_00,2.0,6.867828369140625,6.867824554443359,0.9995132088661194,coef_energy_material_checkpoint_lambdas,0.0,4.315938472747803,2.4615743160247803,66,R3,4.400841236114502,0.5577844977378845
0.0,nan,nan,6.85223388671875,00000_002036_00,3.0,6.852268218994141,4.860665798187256,0.9950027465820312,coef_energy_material_checkpoint_lambdas,0.0,4.309272766113281,2.460737705230713,69,R3,4.400843441486359,0.5789554119110107
0.0,nan,nan,0.31751787662506104,00000_002036_00,1.0,2.0287468433380127,1.1800988912582397,0.9995846152305603,coef_energy_material_checkpoint_lambdas,0.0,4.364172458648682,2.4425055980682373,72,R3,4.4047093987464905,1.1093649864196777
0.0,nan,nan,1.3010389804840088,00000_002036_01,7.0,2.8728630542755127,0.8911917209625244,0.9960294365882874,coef_energy_material_checkpoint_lambdas,1.0,4.455090522766113,2.3008933067321777,3,R3,2.9562582075595856,3.479978770017624
0.0,nan,nan,0.024149054661393166,00000_002036_01,10.0,0.08108235150575638,0.08106720447540283,0.9999999403953552,coef_energy_material_checkpoint_lambdas,1.0,4.478883743286133,2.2949676513671875,6,R3,2.4766110479831696,2.8127576112747192
0.0,nan,nan,0.42937564849853516,00000_002036_01,8.0,0.6201827526092529,0.5488559007644653,0.9999998807907104,coef_energy_material_checkpoint_lambdas,0.0,4.480061054229736,2.310969829559326,9,R3,2.2630461752414703,2.3694360554218292
0.0,nan,nan,0.06895194947719574,00000_002036_01,5.0,0.28963005542755127,0.28130269050598145,0.43805068731307983,coef_energy_material_checkpoint_lambdas,0.0,4.508138656616211,2.3035101890563965,12,R3,2.1937027275562286,2.353079915046692
0.0,nan,nan,-0.09601079672574997,00000_002036_01,4.0,0.11440780758857727,0.06221795082092285,0.9969773292541504,coef_energy_material_checkpoint_lambdas,0.0,4.497467994689941,2.2890584468841553,15,R3,2.1555349230766296,1.4955040514469147
0.0,nan,nan,0.269095778465271,00000_002036_01,3.0,0.41168251633644104,0.21047669649124146,0.9264945983886719,coef_energy_material_checkpoint_lambdas,0.0,4.45761251449585,2.293328285217285,18,R3,2.2634647488594055,1.3308879137039185
0.0,nan,nan,3.869263172149658,00000_002036_01,1.0,4.05608606338501,1.216814637184143,0.6343428492546082,coef_energy_material_checkpoint_lambdas,0.0,4.464951515197754,2.309323787689209,21,R3,2.370670199394226,0.4435047507286072
0.0,nan,nan,7.137106418609619,00000_002036_01,1.0,7.137223720550537,7.137106418609619,-0.9647188186645508,coef_energy_material_checkpoint_lambdas,0.0,4.483258247375488,2.3300187587738037,24,R3,4.390422284603119,0.53437739610672
0.0,nan,nan,0.30619940161705017,00000_002036_01,2.0,0.3776248097419739,0.37278854846954346,0.9969074130058289,coef_energy_material_checkpoint_lambdas,0.0,4.4667649269104,2.3857364654541016,39,R3,4.400613725185394,1.1152308583259583
0.0,nan,nan,5.631289005279541,00000_002036_01,2.0,6.0003662109375,5.963382720947266,0.9843131303787231,coef_energy_material_checkpoint_lambdas,0.0,4.461579322814941,2.3988101482391357,45,R3,4.402028262615204,0.5623400211334229
0.0,nan,nan,4.000642776489258,00000_002036_01,5.0,4.159007549285889,4.000642776489258,0.9972633123397827,coef_energy_material_checkpoint_lambdas,0.0,4.460824966430664,2.4166669845581055,48,R3,4.400167763233185,4.410281240940094
0.0,nan,nan,2.5970325469970703,00000_002036_01,5.0,2.734274387359619,2.705394983291626,0.9965609312057495,coef_energy_material_checkpoint_lambdas,0.0,4.436521053314209,2.442502021789551,51,R3,4.400022506713867,4.407438218593597
0.0,nan,nan,6.376214981079102,00000_002036_01,4.0,8.969863891601562,8.969738006591797,0.9968661069869995,coef_energy_material_checkpoint_lambdas,0.0,4.41322660446167,2.4638335704803467,54,R3,4.402892768383026,0.5683948397636414
0.0,nan,nan,6.109661102294922,00000_002036_01,3.0,8.27000904083252,7.219631195068359,0.9991371631622314,coef_energy_material_checkpoint_lambdas,0.0,4.40093469619751,2.450989007949829,57,R3,4.401370882987976,4.402680695056915
0.0,nan,nan,-0.039544593542814255,00000_002036_01,4.0,0.07091622799634933,0.058867111802101135,0.9995508790016174,coef_energy_material_checkpoint_lambdas,0.0,4.380168437957764,2.4374990463256836,60,R3,4.400116801261902,3.3124325275421143
0.0,nan,nan,0.019241994246840477,00000_002036_01,4.0,0.019385190680623055,0.0023518726229667664,0.9995858669281006,coef_energy_material_checkpoint_lambdas,0.0,4.408311367034912,2.455263376235962,63,R3,4.400120317935944,1.6624321937561035
0.0,nan,nan,6.3119683265686035,00000_002036_01,3.0,7.039890766143799,5.002203464508057,0.9907206296920776,coef_energy_material_checkpoint_lambdas,0.0,4.4105682373046875,2.446441888809204,66,R3,4.400947391986847,0.5865374803543091
0.0,nan,nan,6.135143280029297,00000_002036_01,2.0,6.862779140472412,6.8627753257751465,0.9995132684707642,coef_energy_material_checkpoint_lambdas,0.0,4.312595367431641,2.4627606868743896,69,R3,4.400841236114502,0.5577844977378845
0.0,nan,nan,6.851458549499512,00000_002036_01,3.0,6.8514933586120605,4.8601179122924805,0.995002806186676,coef_energy_material_checkpoint_lambdas,0.0,4.3087663650512695,2.4607996940612793,72,R3,4.400843441486359,0.5789554119110107
0.0,nan,nan,0.31747281551361084,00000_002036_01,1.0,2.028475522994995,1.1799389123916626,0.999584436416626,coef_energy_material_checkpoint_lambdas,0.0,4.3637847900390625,2.439940929412842,75,R3,4.4047093987464905,1.1093649864196777
